0.000000000000000000e+00 0.000000000000000000e+00 0.000000000000000000e+00 0.000000000000000000e+00 0.000000000000000000e+00
2.500000000000000000e+00 0.000000000000000000e+00 0.000000000000000000e+00 1.970996225080751216e-04 3.744892827653427826e-05
5.000000000000000000e+00 0.000000000000000000e+00 0.000000000000000000e+00 2.629346422798763735e-03 4.995758203317651226e-04
7.500000000000000000e+00 0.000000000000000000e+00 0.000000000000000000e+00 1.017795935012675776e-02 1.933812276524084044e-03
1.000000000000000000e+01 0.000000000000000000e+00 0.000000000000000000e+00 2.168908119155789349e-02 4.120925426396000214e-03
1.250000000000000000e+01 0.000000000000000000e+00 0.000000000000000000e+00 3.181990594670246197e-02 6.045782129873468295e-03
1.500000000000000000e+01 0.000000000000000000e+00 0.000000000000000000e+00 3.503018960120732328e-02 6.655736024229390833e-03
1.750000000000000000e+01 0.000000000000000000e+00 0.000000000000000000e+00 3.146618104970869828e-02 5.978574399444653090e-03
2.000000000000000000e+01 0.000000000000000000e+00 0.000000000000000000e+00 2.701067240978756792e-02 5.132027757859637836e-03
2.250000000000000000e+01 0.000000000000000000e+00 0.000000000000000000e+00 2.799993923816798680e-02 5.319988455251917214e-03
2.500000000000000000e+01 0.000000000000000000e+00 0.000000000000000000e+00 3.544567946073314685e-02 6.734679097539298179e-03
2.750000000000000000e+01 0.000000000000000000e+00 0.000000000000000000e+00 4.421774857043492268e-02 8.401372228382636420e-03
3.000000000000000000e+01 0.000000000000000000e+00 0.000000000000000000e+00 4.752792872989436423e-02 9.030306458679929205e-03
3.250000000000000000e+01 0.000000000000000000e+00 0.000000000000000000e+00 4.334182342060016735e-02 8.234946449914033045e-03
3.500000000000000000e+01 0.000000000000000000e+00 0.000000000000000000e+00 3.557802362615469088e-02 6.759824488969392101e-03
3.750000000000000000e+01 0.000000000000000000e+00 0.000000000000000000e+00 2.965147237942467734e-02 5.633779752090688556e-03
4.000000000000000000e+01 0.000000000000000000e+00 0.000000000000000000e+00 2.768102660556504696e-02 5.259395055057358888e-03
4.250000000000000000e+01 0.000000000000000000e+00 0.000000000000000000e+00 2.755313435969564129e-02 5.235095528342172469e-03
4.500000000000000000e+01 0.000000000000000000e+00 0.000000000000000000e+00 2.740640750962921798e-02 5.207217426829550966e-03
4.750000000000000000e+01 0.000000000000000000e+00 0.000000000000000000e+00 2.906125865195589159e-02 5.521639143871619540e-03
5.000000000000000000e+01 0.000000000000000000e+00 0.000000000000000000e+00 3.612350878988146441e-02 6.863466670077478238e-03
5.250000000000000000e+01 0.000000000000000000e+00 0.000000000000000000e+00 4.918879218244207041e-02 9.345870514663992892e-03
5.500000000000000000e+01 0.000000000000000000e+00 0.000000000000000000e+00 6.317277146070322813e-02 1.200282657753361411e-02
5.750000000000000000e+01 0.000000000000000000e+00 0.000000000000000000e+00 7.188329929060287282e-02 1.365782686521454549e-02
6.000000000000000000e+01 0.000000000000000000e+00 0.000000000000000000e+00 7.308460539848980753e-02 1.388607502571306482e-02
6.250000000000000000e+01 0.000000000000000000e+00 0.000000000000000000e+00 7.124178885051911381e-02 1.353593988159863294e-02
6.500000000000000000e+01 0.000000000000000000e+00 0.000000000000000000e+00 7.328346192339985077e-02 1.392385776544597178e-02
6.750000000000000000e+01 0.000000000000000000e+00 0.000000000000000000e+00 8.232693085957185075e-02 1.564211686331865026e-02
7.000000000000000000e+01 0.000000000000000000e+00 0.000000000000000000e+00 9.461956259064822905e-02 1.797771689222316463e-02
7.250000000000000000e+01 0.000000000000000000e+00 0.000000000000000000e+00 1.035751975284942561e-01 1.967928753041390741e-02
7.500000000000000000e+01 0.000000000000000000e+00 0.000000000000000000e+00 1.052629329071290420e-01 1.999995725235451799e-02
7.750000000000000000e+01 0.000000000000000000e+00 0.000000000000000000e+00 1.018442825425096704e-01 1.935041368307683848e-02
8.000000000000000000e+01 0.000000000000000000e+00 0.000000000000000000e+00 9.833984696749942245e-02 1.868457092382489262e-02
8.250000000000000000e+01 0.000000000000000000e+00 0.000000000000000000e+00 9.724636487496789161e-02 1.847680932624390024e-02
8.500000000000000000e+01 0.000000000000000000e+00 0.000000000000000000e+00 9.706685405449896886e-02 1.844270227035480283e-02
8.750000000000000000e+01 0.000000000000000000e+00 0.000000000000000000e+00 9.576663806692833902e-02 1.819566123271638622e-02
9.000000000000000000e+01 0.000000000000000000e+00 0.000000000000000000e+00 9.493848652320704962e-02 1.803831243940933957e-02
9.250000000000000000e+01 0.000000000000000000e+00 0.000000000000000000e+00 9.898397850508890150e-02 1.880695591596689281e-02
9.500000000000000000e+01 0.000000000000000000e+00 0.000000000000000000e+00 1.099762958484823139e-01 2.089549621121163797e-02
9.750000000000000000e+01 0.000000000000000000e+00 0.000000000000000000e+00 1.246202304977735431e-01 2.367784379457697416e-02
1.000000000000000000e+02 0.000000000000000000e+00 0.000000000000000000e+00 1.358484788590581527e-01 2.581121098322104734e-02
1.025000000000000000e+02 0.000000000000000000e+00 0.000000000000000000e+00 1.397835339848279568e-01 2.655887145711731401e-02
1.050000000000000000e+02 0.000000000000000000e+00 0.000000000000000000e+00 1.388269762385584694e-01 2.637712548532611043e-02
1.075000000000000000e+02 0.000000000000000000e+00 0.000000000000000000e+00 1.398166414006283276e-01 2.656516186611938488e-02
1.100000000000000000e+02 0.000000000000000000e+00 0.000000000000000000e+00 1.474942798462240967e-01 2.802391317078257657e-02
1.125000000000000000e+02 0.000000000000000000e+00 0.000000000000000000e+00 1.604038008654380953e-01 3.047672216443323909e-02
1.150000000000000000e+02 0.000000000000000000e+00 0.000000000000000000e+00 1.720887529010961259e-01 3.269686305120825948e-02
1.175000000000000000e+02 0.000000000000000000e+00 0.000000000000000000e+00 1.778140593690672733e-01 3.378467128012278137e-02
1.200000000000000000e+02 0.000000000000000000e+00 0.000000000000000000e+00 1.778792646683064471e-01 3.379706028697822273e-02
1.225000000000000000e+02 0.000000000000000000e+00 0.000000000000000000e+00 1.763903578906574343e-01 3.351416799922491557e-02
1.250000000000000000e+02 0.000000000000000000e+00 0.000000000000000000e+00 1.760182641119837355e-01 3.344347018127690613e-02
1.275000000000000000e+02 0.000000000000000000e+00 0.000000000000000000e+00 1.754692007808065224e-01 3.333914814835323842e-02
1.300000000000000000e+02 0.000000000000000000e+00 0.000000000000000000e+00 1.723956501801510999e-01 3.275517353422870842e-02
1.325000000000000000e+02 0.000000000000000000e+00 0.000000000000000000e+00 1.677736684684466295e-01 3.187699700900486349e-02
1.350000000000000000e+02 0.000000000000000000e+00 0.000000000000000000e+00 1.664558918668515852e-01 3.162661945470180563e-02
1.375000000000000000e+02 0.000000000000000000e+00 0.000000000000000000e+00 1.723317863109883885e-01 3.274303939908779909e-02
1.400000000000000000e+02 0.000000000000000000e+00 0.000000000000000000e+00 1.836983334316615590e-01 3.490268335201569816e-02
1.425000000000000000e+02 0.000000000000000000e+00 0.000000000000000000e+00 1.943126563937114804e-01 3.691940471480518321e-02
1.450000000000000000e+02 0.000000000000000000e+00 0.000000000000000000e+00 1.983288504866617119e-01 3.768248159246572609e-02
1.475000000000000000e+02 0.000000000000000000e+00 0.000000000000000000e+00 1.961359226602727435e-01 3.726582530545182598e-02
1.500000000000000000e+02 0.000000000000000000e+00 0.000000000000000000e+00 1.937497703630019219e-01 3.681245636897036849e-02
1.525000000000000000e+02 0.000000000000000000e+00 0.000000000000000000e+00 1.972269363491017669e-01 3.747311790632933126e-02
1.550000000000000000e+02 0.000000000000000000e+00 0.000000000000000000e+00 2.070288017788727841e-01 3.933547233798583009e-02
1.575000000000000000e+02 0.000000000000000000e+00 0.000000000000000000e+00 2.182419518741508524e-01 4.146597085608866307e-02
1.600000000000000000e+02 0.000000000000000000e+00 0.000000000000000000e+00 2.251911125097678101e-01 4.278631137685588032e-02
1.625000000000000000e+02 0.000000000000000000e+00 0.000000000000000000e+00 2.269924802815633247e-01 4.312857125349703336e-02
1.650000000000000000e+02 0.000000000000000000e+00 0.000000000000000000e+00 2.266512289221680465e-01 4.306373349521192689e-02
1.675000000000000000e+02 0.000000000000000000e+00 0.000000000000000000e+00 2.266763993360479401e-01 4.306851587384910585e-02
1.700000000000000000e+02 0.000000000000000000e+00 0.000000000000000000e+00 2.258213365814386586e-01 4.290605395047334542e-02
1.725000000000000000e+02 0.000000000000000000e+00 0.000000000000000000e+00 2.210986378205790082e-01 4.200874118591001183e-02
1.750000000000000000e+02 0.000000000000000000e+00 0.000000000000000000e+00 2.127040480232334219e-01 4.041376912441434904e-02
1.775000000000000000e+02 0.000000000000000000e+00 0.000000000000000000e+00 2.051902092385634868e-01 3.898613975532706777e-02
1.800000000000000000e+02 0.000000000000000000e+00 0.000000000000000000e+00 2.040223650888789708e-01 3.876424936688700751e-02
1.825000000000000000e+02 0.000000000000000000e+00 0.000000000000000000e+00 2.097834980579659503e-01 3.985886463101353389e-02
1.850000000000000000e+02 0.000000000000000000e+00 0.000000000000000000e+00 2.170932775914042601e-01 4.124772274236681441e-02
1.875000000000000000e+02 0.000000000000000000e+00 0.000000000000000000e+00 2.194067939110616317e-01 4.168729084310170835e-02
1.900000000000000000e+02 0.000000000000000000e+00 0.000000000000000000e+00 2.147767416503812976e-01 4.080758091357244294e-02
1.925000000000000000e+02 0.000000000000000000e+00 0.000000000000000000e+00 2.077394961848471611e-01 3.947050427512095727e-02
1.950000000000000000e+02 0.000000000000000000e+00 0.000000000000000000e+00 2.051182495187091614e-01 3.897246740855474234e-02
1.975000000000000000e+02 0.000000000000000000e+00 0.000000000000000000e+00 2.094539893113868678e-01 3.979625796916350100e-02
2.000000000000000000e+02 0.000000000000000000e+00 0.000000000000000000e+00 2.172165839885973337e-01 4.127115095783349258e-02
2.025000000000000000e+02 0.000000000000000000e+00 0.000000000000000000e+00 2.231087260457602084e-01 4.239065794869444070e-02
2.050000000000000000e+02 0.000000000000000000e+00 0.000000000000000000e+00 2.249728221695017349e-01 4.274483621220533103e-02
2.075000000000000000e+02 0.000000000000000000e+00 0.000000000000000000e+00 2.249961873153253356e-01 4.274927558991181015e-02
2.100000000000000000e+02 0.000000000000000000e+00 0.000000000000000000e+00 2.254490690162083699e-01 4.283532311307958890e-02
2.125000000000000000e+02 0.000000000000000000e+00 0.000000000000000000e+00 2.250349524375979127e-01 4.275664096314360507e-02
2.150000000000000000e+02 0.000000000000000000e+00 0.000000000000000000e+00 2.201220840569511894e-01 4.182319597082072293e-02
2.175000000000000000e+02 0.000000000000000000e+00 0.000000000000000000e+00 2.094099022226766360e-01 3.978788142230856029e-02
2.200000000000000000e+02 0.000000000000000000e+00 0.000000000000000000e+00 1.970771987460311903e-01 3.744466776174593114e-02
2.225000000000000000e+02 0.000000000000000000e+00 0.000000000000000000e+00 1.892154642067012393e-01 3.595093819927323159e-02
2.250000000000000000e+02 0.000000000000000000e+00 0.000000000000000000e+00 1.887778530354150830e-01 3.586779207672886882e-02
2.275000000000000000e+02 0.000000000000000000e+00 0.000000000000000000e+00 1.921635523894928421e-01 3.651107495400363750e-02
2.300000000000000000e+02 0.000000000000000000e+00 0.000000000000000000e+00 1.924409625122062151e-01 3.656378287731917864e-02
2.325000000000000000e+02 0.000000000000000000e+00 0.000000000000000000e+00 1.856799455017711376e-01 3.527918964533651586e-02
2.350000000000000000e+02 0.000000000000000000e+00 0.000000000000000000e+00 1.747314297159530683e-01 3.319897164603108353e-02
2.375000000000000000e+02 0.000000000000000000e+00 0.000000000000000000e+00 1.661057103022660630e-01 3.156008495743055364e-02
2.400000000000000000e+02 0.000000000000000000e+00 0.000000000000000000e+00 1.642348579218111948e-01 3.120462300514412896e-02
2.425000000000000000e+02 0.000000000000000000e+00 0.000000000000000000e+00 1.674567251042416993e-01 3.181677776980592481e-02
2.450000000000000000e+02 0.000000000000000000e+00 0.000000000000000000e+00 1.709132091177354429e-01 3.247350973236973887e-02
2.475000000000000000e+02 0.000000000000000000e+00 0.000000000000000000e+00 1.720044198622410203e-01 3.268083977382579136e-02
2.500000000000000000e+02 0.000000000000000000e+00 0.000000000000000000e+00 1.721333804033714499e-01 3.270534227664057686e-02
2.525000000000000000e+02 0.000000000000000000e+00 0.000000000000000000e+00 1.735116213110920180e-01 3.296720804910748676e-02
2.550000000000000000e+02 0.000000000000000000e+00 0.000000000000000000e+00 1.749160876273012644e-01 3.323405664918723662e-02
2.575000000000000000e+02 0.000000000000000000e+00 0.000000000000000000e+00 1.720257899095722909e-01 3.268490008281873388e-02
2.600000000000000000e+02 0.000000000000000000e+00 0.000000000000000000e+00 1.621761728459201191e-01 3.081347284072482109e-02
2.625000000000000000e+02 0.000000000000000000e+00 0.000000000000000000e+00 1.478654214872177353e-01 2.809443008257136998e-02
2.650000000000000000e+02 0.000000000000000000e+00 0.000000000000000000e+00 1.359086600366901654e-01 2.582264540697113211e-02
2.675000000000000000e+02 0.000000000000000000e+00 0.000000000000000000e+00 1.308499589846114086e-01 2.486149220707616764e-02
2.700000000000000000e+02 0.000000000000000000e+00 0.000000000000000000e+00 1.313373792811718399e-01 2.495410206342265139e-02
2.725000000000000000e+02 0.000000000000000000e+00 0.000000000000000000e+00 1.308947228359327308e-01 2.486999733882722108e-02
2.750000000000000000e+02 0.000000000000000000e+00 0.000000000000000000e+00 1.240942357982861427e-01 2.357790480167436947e-02
2.775000000000000000e+02 0.000000000000000000e+00 0.000000000000000000e+00 1.114273601649203443e-01 2.117119843133486584e-02
2.800000000000000000e+02 0.000000000000000000e+00 0.000000000000000000e+00 9.907217480429302003e-02 1.882371321281567367e-02
2.825000000000000000e+02 0.000000000000000000e+00 0.000000000000000000e+00 9.227790247379318023e-02 1.753280147002070702e-02
2.850000000000000000e+02 0.000000000000000000e+00 0.000000000000000000e+00 9.140334547975581536e-02 1.736663564115360422e-02
2.875000000000000000e+02 0.000000000000000000e+00 0.000000000000000000e+00 9.254618896989980081e-02 1.758377590428096549e-02
2.900000000000000000e+02 0.000000000000000000e+00 0.000000000000000000e+00 9.284069161472063847e-02 1.763973140679692131e-02
2.925000000000000000e+02 0.000000000000000000e+00 0.000000000000000000e+00 9.327971128730877526e-02 1.772314514458866661e-02
2.950000000000000000e+02 0.000000000000000000e+00 0.000000000000000000e+00 9.617037208973761020e-02 1.827237069705014635e-02
2.975000000000000000e+02 0.000000000000000000e+00 0.000000000000000000e+00 1.007736906390061249e-01 1.914700122141116401e-02
3.000000000000000000e+02 0.000000000000000000e+00 0.000000000000000000e+00 1.023376228954799294e-01 1.944414835014118825e-02
3.025000000000000000e+02 0.000000000000000000e+00 0.000000000000000000e+00 9.654783011631723477e-02 1.834408772210027391e-02
3.050000000000000000e+02 0.000000000000000000e+00 0.000000000000000000e+00 8.437425718885385728e-02 1.603110886588223621e-02
3.075000000000000000e+02 0.000000000000000000e+00 0.000000000000000000e+00 7.169640497291419889e-02 1.362231694485369939e-02
3.100000000000000000e+02 0.000000000000000000e+00 0.000000000000000000e+00 6.492076072826721833e-02 1.233494453837077204e-02
3.125000000000000000e+02 0.000000000000000000e+00 0.000000000000000000e+00 6.468309814098989474e-02 1.228978864678808083e-02
3.150000000000000000e+02 0.000000000000000000e+00 0.000000000000000000e+00 6.567694244270375070e-02 1.247861906411371243e-02
3.175000000000000000e+02 0.000000000000000000e+00 0.000000000000000000e+00 6.142926212787194751e-02 1.167155980429566975e-02
3.200000000000000000e+02 0.000000000000000000e+00 0.000000000000000000e+00 5.055219570139295876e-02 9.604917183264661401e-03
3.225000000000000000e+02 0.000000000000000000e+00 0.000000000000000000e+00 3.751640798476416072e-02 7.128117517105190919e-03
3.250000000000000000e+02 0.000000000000000000e+00 0.000000000000000000e+00 2.853137265148167345e-02 5.420960803781518615e-03
3.275000000000000000e+02 0.000000000000000000e+00 0.000000000000000000e+00 2.523872380295053355e-02 4.795357522560600785e-03
3.300000000000000000e+02 0.000000000000000000e+00 0.000000000000000000e+00 2.499201515181127820e-02 4.748482878844143343e-03
3.325000000000000000e+02 0.000000000000000000e+00 0.000000000000000000e+00 2.497645544827636205e-02 4.745526535172509518e-03
3.350000000000000000e+02 0.000000000000000000e+00 0.000000000000000000e+00 2.591023365337140338e-02 4.922944394140566816e-03
3.375000000000000000e+02 0.000000000000000000e+00 0.000000000000000000e+00 3.051084427391542730e-02 5.797060412043931674e-03
3.400000000000000000e+02 0.000000000000000000e+00 0.000000000000000000e+00 3.871667901810930262e-02 7.356169013440767672e-03
3.425000000000000000e+02 0.000000000000000000e+00 0.000000000000000000e+00 4.611362089849291301e-02 8.761587970713653056e-03
3.450000000000000000e+02 0.000000000000000000e+00 0.000000000000000000e+00 4.693634544637616257e-02 8.917905634811471027e-03
3.475000000000000000e+02 0.000000000000000000e+00 0.000000000000000000e+00 3.992848231094537487e-02 7.586411639079622057e-03
3.500000000000000000e+02 0.000000000000000000e+00 0.000000000000000000e+00 3.006970618754940816e-02 5.713244175634387377e-03
3.525000000000000000e+02 0.000000000000000000e+00 0.000000000000000000e+00 2.417544959950667163e-02 4.593335423906267333e-03
3.550000000000000000e+02 0.000000000000000000e+00 0.000000000000000000e+00 2.522785984429400455e-02 4.793293370415860864e-03
3.575000000000000000e+02 0.000000000000000000e+00 0.000000000000000000e+00 2.946587875041039098e-02 5.598516962577974355e-03
3.600000000000000000e+02 0.000000000000000000e+00 0.000000000000000000e+00 3.006774691220272244e-02 5.712871913318517611e-03
3.625000000000000000e+02 0.000000000000000000e+00 0.000000000000000000e+00 2.366619125471951940e-02 4.496576338396708616e-03
3.650000000000000000e+02 0.000000000000000000e+00 0.000000000000000000e+00 1.334245854904861708e-02 2.535067124319237419e-03
3.675000000000000000e+02 0.000000000000000000e+00 0.000000000000000000e+00 4.776292649488248464e-03 9.074956034027672298e-04
3.700000000000000000e+02 0.000000000000000000e+00 0.000000000000000000e+00 1.082753045886066532e-03 2.057230787183526323e-04
3.725000000000000000e+02 0.000000000000000000e+00 0.000000000000000000e+00 5.355575594921399910e-04 1.017559363035066004e-04
3.750000000000000000e+02 0.000000000000000000e+00 0.000000000000000000e+00 5.659949152530294007e-04 1.075390338980755916e-04
3.775000000000000000e+02 0.000000000000000000e+00 0.000000000000000000e+00 1.719485352972619429e-03 3.267022170647977263e-04
3.800000000000000000e+02 0.000000000000000000e+00 0.000000000000000000e+00 7.099196503679652132e-03 1.348847335699134096e-03
3.825000000000000000e+02 0.000000000000000000e+00 0.000000000000000000e+00 1.805494144023926661e-02 3.430438873645460726e-03
3.850000000000000000e+02 0.000000000000000000e+00 0.000000000000000000e+00 3.062297153111593825e-02 5.818364590912027991e-03
3.875000000000000000e+02 0.000000000000000000e+00 0.000000000000000000e+00 3.854491790838031340e-02 7.323534402592259476e-03
3.900000000000000000e+02 0.000000000000000000e+00 0.000000000000000000e+00 3.826737842071191442e-02 7.270801899935263810e-03
3.925000000000000000e+02 0.000000000000000000e+00 0.000000000000000000e+00 3.285918392674259947e-02 6.243244946081094766e-03
3.950000000000000000e+02 0.000000000000000000e+00 0.000000000000000000e+00 2.939313605306259625e-02 5.584695850081893530e-03
3.975000000000000000e+02 0.000000000000000000e+00 0.000000000000000000e+00 3.250929759664990953e-02 6.176766543363482881e-03
4.000000000000000000e+02 0.000000000000000000e+00 0.000000000000000000e+00 4.030161722210297282e-02 7.657307272199565321e-03
4.025000000000000000e+02 0.000000000000000000e+00 0.000000000000000000e+00 4.642562987771060856e-02 8.820869676765015835e-03
4.050000000000000000e+02 0.000000000000000000e+00 0.000000000000000000e+00 4.597761422428346678e-02 8.735746702613860284e-03
4.075000000000000000e+02 0.000000000000000000e+00 0.000000000000000000e+00 4.008938092816591303e-02 7.616982376351523303e-03
4.100000000000000000e+02 0.000000000000000000e+00 0.000000000000000000e+00 3.400067228995447277e-02 6.460127735091350173e-03
4.125000000000000000e+02 0.000000000000000000e+00 0.000000000000000000e+00 3.120877949996668510e-02 5.929668104993670794e-03
4.150000000000000000e+02 0.000000000000000000e+00 0.000000000000000000e+00 3.100534206620260413e-02 5.891014992578495063e-03
4.175000000000000000e+02 0.000000000000000000e+00 0.000000000000000000e+00 3.094231219916265124e-02 5.879039317840903736e-03
4.200000000000000000e+02 0.000000000000000000e+00 0.000000000000000000e+00 3.131475331624089531e-02 5.949803130085770317e-03
4.225000000000000000e+02 0.000000000000000000e+00 0.000000000000000000e+00 3.570725738705532448e-02 6.784378903540511270e-03
4.250000000000000000e+02 0.000000000000000000e+00 0.000000000000000000e+00 4.668851436745601047e-02 8.870817729816642475e-03
4.275000000000000000e+02 0.000000000000000000e+00 0.000000000000000000e+00 6.212157153624962153e-02 1.180309859188742941e-02
4.300000000000000000e+02 0.000000000000000000e+00 0.000000000000000000e+00 7.518096222555584185e-02 1.428438282285561176e-02
4.325000000000000000e+02 0.000000000000000000e+00 0.000000000000000000e+00 8.080613011333658002e-02 1.535316472153395138e-02
4.350000000000000000e+02 0.000000000000000000e+00 0.000000000000000000e+00 7.972796500101421435e-02 1.514831335019270128e-02
4.375000000000000000e+02 0.000000000000000000e+00 0.000000000000000000e+00 7.828682557663742270e-02 1.487449685956111073e-02
4.400000000000000000e+02 0.000000000000000000e+00 0.000000000000000000e+00 8.247234752269619329e-02 1.566974602931227659e-02
4.425000000000000000e+02 0.000000000000000000e+00 0.000000000000000000e+00 9.254794168328966952e-02 1.758410891982503665e-02
4.450000000000000000e+02 0.000000000000000000e+00 0.000000000000000000e+00 1.027984197945170652e-01 1.953169976095824392e-02
4.475000000000000000e+02 0.000000000000000000e+00 0.000000000000000000e+00 1.076759689875228659e-01 2.045843410762934397e-02
4.500000000000000000e+02 0.000000000000000000e+00 0.000000000000000000e+00 1.064698752926569320e-01 2.022927630560482012e-02
4.525000000000000000e+02 0.000000000000000000e+00 0.000000000000000000e+00 1.032669882377042353e-01 1.962072776516380485e-02
4.550000000000000000e+02 0.000000000000000000e+00 0.000000000000000000e+00 1.018496776889583899e-01 1.935143876090209686e-02
4.575000000000000000e+02 0.000000000000000000e+00 0.000000000000000000e+00 1.019864619293193581e-01 1.937742776657067761e-02
4.600000000000000000e+02 0.000000000000000000e+00 0.000000000000000000e+00 1.012753840751101780e-01 1.924232297427093397e-02
4.625000000000000000e+02 0.000000000000000000e+00 0.000000000000000000e+00 9.955389684001425543e-02 1.891524039960270839e-02
4.650000000000000000e+02 0.000000000000000000e+00 0.000000000000000000e+00 1.005492430089495598e-01 1.910435617170041719e-02
4.675000000000000000e+02 0.000000000000000000e+00 0.000000000000000000e+00 1.084264181218344558e-01 2.060101944314854730e-02
4.700000000000000000e+02 0.000000000000000000e+00 0.000000000000000000e+00 1.226241291826394714e-01 2.329858454470149984e-02
4.725000000000000000e+02 0.000000000000000000e+00 0.000000000000000000e+00 1.375624481064115223e-01 2.613686514021818993e-02
4.750000000000000000e+02 0.000000000000000000e+00 0.000000000000000000e+00 1.463773517642774913e-01 2.781169683521272570e-02
4.775000000000000000e+02 0.000000000000000000e+00 0.000000000000000000e+00 1.477589592773390359e-01 2.807420226269441779e-02
4.800000000000000000e+02 0.000000000000000000e+00 0.000000000000000000e+00 1.466361975494478165e-01 2.786087753439508638e-02
4.825000000000000000e+02 0.000000000000000000e+00 0.000000000000000000e+00 1.497583932424285391e-01 2.845409471606142465e-02
4.850000000000000000e+02 0.000000000000000000e+00 0.000000000000000000e+00 1.592031757849179385e-01 3.024860339913440846e-02
4.875000000000000000e+02 0.000000000000000000e+00 0.000000000000000000e+00 1.709784242412141220e-01 3.248590060583068234e-02
4.900000000000000000e+02 0.000000000000000000e+00 0.000000000000000000e+00 1.788707761742864832e-01 3.398544747311443154e-02
4.925000000000000000e+02 0.000000000000000000e+00 0.000000000000000000e+00 1.809437134926438207e-01 3.437930556360232343e-02
4.950000000000000000e+02 0.000000000000000000e+00 0.000000000000000000e+00 1.800020714928150523e-01 3.420039358363486520e-02
4.975000000000000000e+02 0.000000000000000000e+00 0.000000000000000000e+00 1.795790703458496340e-01 3.412002336571143268e-02
5.000000000000000000e+02 0.000000000000000000e+00 0.000000000000000000e+00 1.797530808025087357e-01 3.415308535247665866e-02
5.025000000000000000e+02 0.000000000000000000e+00 0.000000000000000000e+00 1.779065142921673615e-01 3.380223771551179451e-02
5.050000000000000000e+02 0.000000000000000000e+00 0.000000000000000000e+00 1.732013734235725577e-01 3.290826095047878763e-02
5.075000000000000000e+02 0.000000000000000000e+00 0.000000000000000000e+00 1.690291391717269054e-01 3.211553644262811480e-02
5.100000000000000000e+02 0.000000000000000000e+00 0.000000000000000000e+00 1.707443603882446426e-01 3.244142847376648570e-02
5.125000000000000000e+02 0.000000000000000000e+00 0.000000000000000000e+00 1.801861522421311368e-01 3.423536892600492071e-02
5.150000000000000000e+02 0.000000000000000000e+00 0.000000000000000000e+00 1.928625165587082579e-01 3.664387814615457234e-02
5.175000000000000000e+02 0.000000000000000000e+00 0.000000000000000000e+00 2.018084467925282122e-01 3.834360489058036281e-02
5.200000000000000000e+02 0.000000000000000000e+00 0.000000000000000000e+00 2.032269577990333809e-01 3.861312198181634375e-02
5.225000000000000000e+02 0.000000000000000000e+00 0.000000000000000000e+00 2.003344325896353473e-01 3.806354219203071654e-02
5.250000000000000000e+02 0.000000000000000000e+00 0.000000000000000000e+00 1.999505643951958178e-01 3.799060723508720927e-02
5.275000000000000000e+02 0.000000000000000000e+00 0.000000000000000000e+00 2.059792896603037382e-01 3.913606503545771081e-02
5.300000000000000000e+02 0.000000000000000000e+00 0.000000000000000000e+00 2.158809502235390088e-01 4.101738054247241333e-02
5.325000000000000000e+02 0.000000000000000000e+00 0.000000000000000000e+00 2.240966004854315630e-01 4.257835409223199863e-02
5.350000000000000000e+02 0.000000000000000000e+00 0.000000000000000000e+00 2.273536858044887254e-01 4.319720030285285894e-02
5.375000000000000000e+02 0.000000000000000000e+00 0.000000000000000000e+00 2.274278458970244443e-01 4.321129072043464192e-02
5.400000000000000000e+02 0.000000000000000000e+00 0.000000000000000000e+00 2.274447196694874829e-01 4.321449673720262341e-02
5.425000000000000000e+02 0.000000000000000000e+00 0.000000000000000000e+00 2.275688629396994400e-01 4.323808395854289444e-02
5.450000000000000000e+02 0.000000000000000000e+00 0.000000000000000000e+00 2.248590939199117955e-01 4.272322784478323893e-02
5.475000000000000000e+02 0.000000000000000000e+00 0.000000000000000000e+00 2.173319941466768379e-01 4.129307888786859504e-02
5.500000000000000000e+02 0.000000000000000000e+00 0.000000000000000000e+00 2.078060260949195215e-01 3.948314495803471186e-02
5.525000000000000000e+02 0.000000000000000000e+00 0.000000000000000000e+00 2.021153720759052419e-01 3.840192069442199818e-02
5.550000000000000000e+02 0.000000000000000000e+00 0.000000000000000000e+00 2.042957137483676355e-01 3.881618561218985047e-02
5.575000000000000000e+02 0.000000000000000000e+00 0.000000000000000000e+00 2.121243940119334481e-01 4.030363486226735265e-02
5.600000000000000000e+02 0.000000000000000000e+00 0.000000000000000000e+00 2.185731828683727951e-01 4.152890474499083134e-02
5.625000000000000000e+02 0.000000000000000000e+00 0.000000000000000000e+00 2.183556368562115657e-01 4.148757100268019721e-02
5.650000000000000000e+02 0.000000000000000000e+00 0.000000000000000000e+00 2.125392921891303410e-01 4.038246551593476646e-02
5.675000000000000000e+02 0.000000000000000000e+00 0.000000000000000000e+00 2.072802958238448012e-01 3.938325620653051334e-02
5.700000000000000000e+02 0.000000000000000000e+00 0.000000000000000000e+00 2.078522594898592757e-01 3.949192930307326294e-02
5.725000000000000000e+02 0.000000000000000000e+00 0.000000000000000000e+00 2.136867593203276017e-01 4.060048427086224848e-02
5.750000000000000000e+02 0.000000000000000000e+00 0.000000000000000000e+00 2.197795998971266429e-01 4.175812398045406632e-02
5.775000000000000000e+02 0.000000000000000000e+00 0.000000000000000000e+00 2.225256725422679049e-01 4.227987778303089750e-02
5.800000000000000000e+02 0.000000000000000000e+00 0.000000000000000000e+00 2.226033246192862525e-01 4.229463167766438908e-02
5.825000000000000000e+02 0.000000000000000000e+00 0.000000000000000000e+00 2.228105867689386954e-01 4.233401148609835379e-02
5.850000000000000000e+02 0.000000000000000000e+00 0.000000000000000000e+00 2.233952114591423177e-01 4.244509017723704231e-02
5.875000000000000000e+02 0.000000000000000000e+00 0.000000000000000000e+00 2.210188773729180600e-01 4.199358670085442946e-02
5.900000000000000000e+02 0.000000000000000000e+00 0.000000000000000000e+00 2.125755314019448505e-01 4.038935096636952354e-02
5.925000000000000000e+02 0.000000000000000000e+00 0.000000000000000000e+00 1.992641238278632099e-01 3.786018352729401265e-02
5.950000000000000000e+02 0.000000000000000000e+00 0.000000000000000000e+00 1.872996440957357400e-01 3.558693237818979366e-02
5.975000000000000000e+02 0.000000000000000000e+00 0.000000000000000000e+00 1.822230447642152473e-01 3.462237850520089727e-02
6.000000000000000000e+02 0.000000000000000000e+00 0.000000000000000000e+00 1.842661885050630999e-01 3.501057581596198759e-02
6.025000000000000000e+02 0.000000000000000000e+00 0.000000000000000000e+00 1.875425241899833506e-01 3.563307959609683662e-02
6.050000000000000000e+02 0.000000000000000000e+00 0.000000000000000000e+00 1.855152663121019951e-01 3.524790059929937963e-02
6.075000000000000000e+02 0.000000000000000000e+00 0.000000000000000000e+00 1.770757068102933873e-01 3.364438429395574803e-02
6.100000000000000000e+02 0.000000000000000000e+00 0.000000000000000000e+00 1.674514860654464365e-01 3.181578235243482516e-02
6.125000000000000000e+02 0.000000000000000000e+00 0.000000000000000000e+00 1.624538845514049978e-01 3.086623806476694945e-02
6.150000000000000000e+02 0.000000000000000000e+00 0.000000000000000000e+00 1.633775330426466554e-01 3.104173127810286661e-02
6.175000000000000000e+02 0.000000000000000000e+00 0.000000000000000000e+00 1.664648226446119317e-01 3.162831630247626979e-02
6.200000000000000000e+02 0.000000000000000000e+00 0.000000000000000000e+00 1.678435546669007072e-01 3.189027538671113798e-02
6.225000000000000000e+02 0.000000000000000000e+00 0.000000000000000000e+00 1.675851434254621297e-01 3.184117725083780021e-02
6.250000000000000000e+02 0.000000000000000000e+00 0.000000000000000000e+00 1.682306724480302773e-01 3.196382776512575463e-02
6.275000000000000000e+02 0.000000000000000000e+00 0.000000000000000000e+00 1.703144215883253820e-01 3.235974010178182397e-02
6.300000000000000000e+02 0.000000000000000000e+00 0.000000000000000000e+00 1.703065132709538076e-01 3.235823752148122429e-02
6.325000000000000000e+02 0.000000000000000000e+00 0.000000000000000000e+00 1.637147890001197648e-01 3.110580991002275322e-02
6.350000000000000000e+02 0.000000000000000000e+00 0.000000000000000000e+00 1.502511062730737534e-01 2.854771019188401260e-02
6.375000000000000000e+02 0.000000000000000000e+00 0.000000000000000000e+00 1.349007092690246157e-01 2.563113476111467809e-02
6.400000000000000000e+02 0.000000000000000000e+00 0.000000000000000000e+00 1.248583487564685901e-01 2.372308626372903254e-02
6.425000000000000000e+02 0.000000000000000000e+00 0.000000000000000000e+00 1.224452344850368857e-01 2.326459455215701064e-02
6.450000000000000000e+02 0.000000000000000000e+00 0.000000000000000000e+00 1.234764787617454174e-01 2.346053096473162819e-02
6.475000000000000000e+02 0.000000000000000000e+00 0.000000000000000000e+00 1.209790251778771752e-01 2.298601478379666552e-02
6.500000000000000000e+02 0.000000000000000000e+00 0.000000000000000000e+00 1.120293537827190961e-01 2.128557721871662811e-02
6.525000000000000000e+02 0.000000000000000000e+00 0.000000000000000000e+00 9.999983903426580556e-02 1.899996941651050514e-02
6.550000000000000000e+02 0.000000000000000000e+00 0.000000000000000000e+00 9.121243890514052488e-02 1.733036339197669903e-02
6.575000000000000000e+02 0.000000000000000000e+00 0.000000000000000000e+00 8.820454854954178081e-02 1.675886422441293794e-02
6.600000000000000000e+02 0.000000000000000000e+00 0.000000000000000000e+00 8.863765714197757717e-02 1.684115485697574091e-02
6.625000000000000000e+02 0.000000000000000000e+00 0.000000000000000000e+00 8.888374703330433058e-02 1.688791193632782281e-02
6.650000000000000000e+02 0.000000000000000000e+00 0.000000000000000000e+00 8.854347677589714805e-02 1.682326058742045910e-02
6.675000000000000000e+02 0.000000000000000000e+00 0.000000000000000000e+00 9.012697637688080188e-02 1.712412551160735069e-02
6.700000000000000000e+02 0.000000000000000000e+00 0.000000000000000000e+00 9.466654946645670921e-02 1.798664439862677350e-02
6.725000000000000000e+02 0.000000000000000000e+00 0.000000000000000000e+00 9.893851475739026680e-02 1.879831780390415000e-02
6.750000000000000000e+02 0.000000000000000000e+00 0.000000000000000000e+00 9.736686063236876798e-02 1.849970352015006467e-02
6.775000000000000000e+02 0.000000000000000000e+00 0.000000000000000000e+00 8.744403651768659080e-02 1.661436693836045378e-02
6.800000000000000000e+02 0.000000000000000000e+00 0.000000000000000000e+00 7.307653951207075671e-02 1.388454250729344482e-02
6.825000000000000000e+02 0.000000000000000000e+00 0.000000000000000000e+00 6.136377878272361586e-02 1.165911796871748653e-02
6.850000000000000000e+02 0.000000000000000000e+00 0.000000000000000000e+00 5.710223330173092721e-02 1.084942432732887568e-02
6.875000000000000000e+02 0.000000000000000000e+00 0.000000000000000000e+00 5.793608731752467739e-02 1.100785659032968954e-02
6.900000000000000000e+02 0.000000000000000000e+00 0.000000000000000000e+00 5.718927205520565188e-02 1.086596169048907427e-02
6.925000000000000000e+02 0.000000000000000000e+00 0.000000000000000000e+00 5.027632121171454749e-02 9.552501030225764300e-03
6.950000000000000000e+02 0.000000000000000000e+00 0.000000000000000000e+00 3.907266743018559391e-02 7.423806811735263883e-03
6.975000000000000000e+02 0.000000000000000000e+00 0.000000000000000000e+00 2.907862943802086778e-02 5.524939593223965155e-03
7.000000000000000000e+02 0.000000000000000000e+00 0.000000000000000000e+00 2.422196947374979925e-02 4.602174200012461996e-03
7.025000000000000000e+02 0.000000000000000000e+00 0.000000000000000000e+00 2.329048541782681447e-02 4.425192229387094923e-03
7.050000000000000000e+02 0.000000000000000000e+00 0.000000000000000000e+00 2.314090510398609385e-02 4.396771969757358456e-03
7.075000000000000000e+02 0.000000000000000000e+00 0.000000000000000000e+00 2.310229804269698511e-02 4.389436628112427553e-03
7.100000000000000000e+02 0.000000000000000000e+00 0.000000000000000000e+00 2.573599867494845428e-02 4.889839748240205897e-03
7.125000000000000000e+02 0.000000000000000000e+00 0.000000000000000000e+00 3.302471609863355528e-02 6.274696058740376024e-03
7.150000000000000000e+02 0.000000000000000000e+00 0.000000000000000000e+00 4.230160165971675462e-02 8.037304315346183517e-03
7.175000000000000000e+02 0.000000000000000000e+00 0.000000000000000000e+00 4.762408741930478778e-02 9.048576609667910789e-03
7.200000000000000000e+02 0.000000000000000000e+00 0.000000000000000000e+00 4.445107153541213302e-02 8.445703591728305829e-03
7.225000000000000000e+02 0.000000000000000000e+00 0.000000000000000000e+00 3.440208548340852740e-02 6.536396241847619928e-03
7.250000000000000000e+02 0.000000000000000000e+00 0.000000000000000000e+00 2.455155832272596511e-02 4.664796081317932989e-03
7.275000000000000000e+02 0.000000000000000000e+00 0.000000000000000000e+00 2.089729907048288801e-02 3.970486823391748514e-03
7.300000000000000000e+02 0.000000000000000000e+00 0.000000000000000000e+00 2.339893610898209977e-02 4.445797860706599339e-03
7.325000000000000000e+02 0.000000000000000000e+00 0.000000000000000000e+00 2.620957608895467181e-02 4.979819456901388164e-03
7.350000000000000000e+02 0.000000000000000000e+00 0.000000000000000000e+00 2.372249522091141732e-02 4.507274091973169881e-03
7.375000000000000000e+02 0.000000000000000000e+00 0.000000000000000000e+00 1.583921718962402053e-02 3.009451266028563988e-03
7.400000000000000000e+02 0.000000000000000000e+00 0.000000000000000000e+00 7.473121404279942093e-03 1.419893066813188859e-03
7.425000000000000000e+02 0.000000000000000000e+00 0.000000000000000000e+00 2.779835997602105556e-03 5.281688395444001207e-04
7.450000000000000000e+02 0.000000000000000000e+00 0.000000000000000000e+00 1.843249131234447283e-03 3.502173349345449947e-04
7.475000000000000000e+02 0.000000000000000000e+00 0.000000000000000000e+00 1.926063500919169853e-03 3.659520651746422763e-04
7.500000000000000000e+02 0.000000000000000000e+00 0.000000000000000000e+00 2.156390865549904536e-03 4.097142644544818466e-04
7.525000000000000000e+02 0.000000000000000000e+00 0.000000000000000000e+00 5.215523439943523139e-03 9.909494535892693096e-04
7.550000000000000000e+02 0.000000000000000000e+00 0.000000000000000000e+00 1.398519322021328330e-02 2.657186711840523775e-03
7.575000000000000000e+02 0.000000000000000000e+00 0.000000000000000000e+00 2.741349877590760348e-02 5.208564767422444765e-03
7.600000000000000000e+02 0.000000000000000000e+00 0.000000000000000000e+00 3.932340147672686026e-02 7.471446280578103796e-03
7.625000000000000000e+02 0.000000000000000000e+00 0.000000000000000000e+00 4.380654225256963574e-02 8.323243027988230791e-03
7.650000000000000000e+02 0.000000000000000000e+00 0.000000000000000000e+00 4.008077201232876363e-02 7.615346682342464917e-03
7.675000000000000000e+02 0.000000000000000000e+00 0.000000000000000000e+00 3.382499364565141886e-02 6.426748792673769861e-03
7.700000000000000000e+02 0.000000000000000000e+00 0.000000000000000000e+00 3.217531606269474764e-02 6.113310051912001879e-03
7.725000000000000000e+02 0.000000000000000000e+00 0.000000000000000000e+00 3.705227126715135433e-02 7.039931540758757357e-03
7.750000000000000000e+02 0.000000000000000000e+00 0.000000000000000000e+00 4.383715968226278153e-02 8.329060339629927590e-03
7.775000000000000000e+02 0.000000000000000000e+00 0.000000000000000000e+00 4.655338689791810314e-02 8.845143510604438694e-03
7.800000000000000000e+02 0.000000000000000000e+00 0.000000000000000000e+00 4.348786977487363592e-02 8.262695257225990964e-03
7.825000000000000000e+02 0.000000000000000000e+00 0.000000000000000000e+00 3.817835629220939914e-02 7.253887695519786391e-03
7.850000000000000000e+02 0.000000000000000000e+00 0.000000000000000000e+00 3.505988616493502935e-02 6.661378371337655854e-03
7.875000000000000000e+02 0.000000000000000000e+00 0.000000000000000000e+00 3.484778175508414927e-02 6.621078533465988257e-03
7.900000000000000000e+02 0.000000000000000000e+00 0.000000000000000000e+00 3.524437475681323900e-02 6.696431203794516070e-03
7.925000000000000000e+02 0.000000000000000000e+00 0.000000000000000000e+00 3.508537369953045049e-02 6.666221002910785280e-03
7.950000000000000000e+02 0.000000000000000000e+00 0.000000000000000000e+00 3.695339232899295945e-02 7.021144542508662989e-03
7.975000000000000000e+02 0.000000000000000000e+00 0.000000000000000000e+00 4.493078670226920146e-02 8.536849473431147584e-03
8.000000000000000000e+02 0.000000000000000000e+00 0.000000000000000000e+00 5.940312039065045319e-02 1.128659287422358569e-02
8.025000000000000000e+02 0.000000000000000000e+00 0.000000000000000000e+00 7.562517208654437328e-02 1.436878269644343252e-02
8.050000000000000000e+02 0.000000000000000000e+00 0.000000000000000000e+00 8.620624784135610952e-02 1.637918708985766289e-02
8.075000000000000000e+02 0.000000000000000000e+00 0.000000000000000000e+00 8.828209186432314781e-02 1.677359745422139781e-02
8.100000000000000000e+02 0.000000000000000000e+00 0.000000000000000000e+00 8.568422157130628491e-02 1.628000209854819219e-02
8.125000000000000000e+02 0.000000000000000000e+00 0.000000000000000000e+00 8.563428325889171910e-02 1.627051381918942843e-02
8.150000000000000000e+02 0.000000000000000000e+00 0.000000000000000000e+00 9.183172147944811126e-02 1.744802708109514239e-02
8.175000000000000000e+02 0.000000000000000000e+00 0.000000000000000000e+00 1.014585259403513462e-01 1.927711992866675689e-02
8.200000000000000000e+02 0.000000000000000000e+00 0.000000000000000000e+00 1.083549592655647376e-01 2.058744226045729903e-02
8.225000000000000000e+02 0.000000000000000000e+00 0.000000000000000000e+00 1.096704339918868482e-01 2.083738245845850184e-02
8.250000000000000000e+02 0.000000000000000000e+00 0.000000000000000000e+00 1.076162392305068660e-01 2.044708545379630288e-02
8.275000000000000000e+02 0.000000000000000000e+00 0.000000000000000000e+00 1.062177017737045009e-01 2.018136333700385615e-02
8.300000000000000000e+02 0.000000000000000000e+00 0.000000000000000000e+00 1.067213915038414673e-01 2.027706438572987949e-02
8.325000000000000000e+02 0.000000000000000000e+00 0.000000000000000000e+00 1.070130146738752924e-01 2.033247278803630709e-02
8.350000000000000000e+02 0.000000000000000000e+00 0.000000000000000000e+00 1.054556606975225047e-01 2.003657553252927506e-02
8.375000000000000000e+02 0.000000000000000000e+00 0.000000000000000000e+00 1.042635393383918863e-01 1.981007247429445936e-02
8.400000000000000000e+02 0.000000000000000000e+00 0.000000000000000000e+00 1.082911934525481595e-01 2.057532675598415170e-02
8.425000000000000000e+02 0.000000000000000000e+00 0.000000000000000000e+00 1.201833111428485118e-01 2.283482911714121780e-02
8.450000000000000000e+02 0.000000000000000000e+00 0.000000000000000000e+00 1.364046464567841288e-01 2.591688282678898322e-02
8.475000000000000000e+02 0.000000000000000000e+00 0.000000000000000000e+00 1.499539197292615589e-01 2.849124474855969577e-02
8.500000000000000000e+02 0.000000000000000000e+00 0.000000000000000000e+00 1.555026255610955088e-01 2.954549885660814890e-02
8.525000000000000000e+02 0.000000000000000000e+00 0.000000000000000000e+00 1.548708501701276941e-01 2.942546153232426104e-02
8.550000000000000000e+02 0.000000000000000000e+00 0.000000000000000000e+00 1.547178642304627705e-01 2.939639420378792681e-02
8.575000000000000000e+02 0.000000000000000000e+00 0.000000000000000000e+00 1.601544279897319512e-01 3.042934131804907530e-02
8.600000000000000000e+02 0.000000000000000000e+00 0.000000000000000000e+00 1.699339593578016450e-01 3.228745227798231199e-02
8.625000000000000000e+02 0.000000000000000000e+00 0.000000000000000000e+00 1.787911702353147114e-01 3.397032234470979961e-02
8.650000000000000000e+02 0.000000000000000000e+00 0.000000000000000000e+00 1.827186586982337546e-01 3.471654515266441032e-02
8.675000000000000000e+02 0.000000000000000000e+00 0.000000000000000000e+00 1.827887457148552608e-01 3.472986168582249678e-02
8.700000000000000000e+02 0.000000000000000000e+00 0.000000000000000000e+00 1.824867210795323713e-01 3.467247700511114777e-02
8.725000000000000000e+02 0.000000000000000000e+00 0.000000000000000000e+00 1.832461294290458342e-01 3.481676459151870906e-02
8.750000000000000000e+02 0.000000000000000000e+00 0.000000000000000000e+00 1.829807664581286075e-01 3.476634562704444126e-02
8.775000000000000000e+02 0.000000000000000000e+00 0.000000000000000000e+00 1.793197878992352778e-01 3.407075970085470668e-02
8.800000000000000000e+02 0.000000000000000000e+00 0.000000000000000000e+00 1.737732147342034295e-01 3.301691079949865132e-02
8.825000000000000000e+02 0.000000000000000000e+00 0.000000000000000000e+00 1.715251096171177547e-01 3.258977082725237479e-02
8.850000000000000000e+02 0.000000000000000000e+00 0.000000000000000000e+00 1.770757173946033158e-01 3.364438630497463417e-02
8.875000000000000000e+02 0.000000000000000000e+00 0.000000000000000000e+00 1.894465534118109917e-01 3.599484514824408815e-02
8.900000000000000000e+02 0.000000000000000000e+00 0.000000000000000000e+00 2.018668137132390017e-01 3.835469460551541032e-02
8.925000000000000000e+02 0.000000000000000000e+00 0.000000000000000000e+00 2.080202044705348474e-01 3.952383884940161712e-02
8.950000000000000000e+02 0.000000000000000000e+00 0.000000000000000000e+00 2.071800705222174299e-01 3.936421339922131085e-02
8.975000000000000000e+02 0.000000000000000000e+00 0.000000000000000000e+00 2.049032561827837107e-01 3.893161867472890586e-02
9.000000000000000000e+02 0.000000000000000000e+00 0.000000000000000000e+00 2.071092713474157465e-01 3.935076155600899378e-02
9.025000000000000000e+02 0.000000000000000000e+00 0.000000000000000000e+00 2.144663970275672016e-01 4.074861543523777135e-02
9.050000000000000000e+02 0.000000000000000000e+00 0.000000000000000000e+00 2.224229667760264373e-01 4.226036368744501975e-02
9.075000000000000000e+02 0.000000000000000000e+00 0.000000000000000000e+00 2.268254099840940341e-01 4.309682789697786426e-02
9.100000000000000000e+02 0.000000000000000000e+00 0.000000000000000000e+00 2.275021177951051521e-01 4.322540238106997723e-02
9.125000000000000000e+02 0.000000000000000000e+00 0.000000000000000000e+00 2.274107286268418904e-01 4.320803843909996195e-02
9.150000000000000000e+02 0.000000000000000000e+00 0.000000000000000000e+00 2.280712058915915774e-01 4.333352911940240026e-02
9.175000000000000000e+02 0.000000000000000000e+00 0.000000000000000000e+00 2.273471294998161973e-01 4.319595460496507972e-02
9.200000000000000000e+02 0.000000000000000000e+00 0.000000000000000000e+00 2.220232537782663162e-01 4.218441821787060481e-02
9.225000000000000000e+02 0.000000000000000000e+00 0.000000000000000000e+00 2.121933194555582214e-01 4.031673069655606484e-02
9.250000000000000000e+02 0.000000000000000000e+00 0.000000000000000000e+00 2.030594065162137918e-01 3.858128723808062349e-02
9.275000000000000000e+02 0.000000000000000000e+00 0.000000000000000000e+00 2.005270082805406806e-01 3.810013157330272709e-02
9.300000000000000000e+02 0.000000000000000000e+00 0.000000000000000000e+00 2.060447781223381791e-01 3.914850784324425820e-02
9.325000000000000000e+02 0.000000000000000000e+00 0.000000000000000000e+00 2.146324054982695906e-01 4.078015704467122249e-02
9.350000000000000000e+02 0.000000000000000000e+00 0.000000000000000000e+00 2.189689048492604040e-01 4.160409192135947759e-02
9.375000000000000000e+02 0.000000000000000000e+00 0.000000000000000000e+00 2.163865880200486758e-01 4.111345172380925089e-02
9.400000000000000000e+02 0.000000000000000000e+00 0.000000000000000000e+00 2.108463589204273569e-01 4.006080819488119782e-02
9.425000000000000000e+02 0.000000000000000000e+00 0.000000000000000000e+00 2.084397437495849048e-01 3.960355131242113136e-02
9.450000000000000000e+02 0.000000000000000000e+00 0.000000000000000000e+00 2.114011980108466693e-01 4.016622762206087383e-02
9.475000000000000000e+02 0.000000000000000000e+00 0.000000000000000000e+00 2.166200968054686482e-01 4.115781839303904455e-02
9.500000000000000000e+02 0.000000000000000000e+00 0.000000000000000000e+00 2.197334477332011371e-01 4.174935506930822077e-02
9.525000000000000000e+02 0.000000000000000000e+00 0.000000000000000000e+00 2.199066527480707245e-01 4.178226402213343349e-02
9.550000000000000000e+02 0.000000000000000000e+00 0.000000000000000000e+00 2.195374582564074417e-01 4.171211706871741365e-02
9.575000000000000000e+02 0.000000000000000000e+00 0.000000000000000000e+00 2.203041748674475220e-01 4.185779322481503195e-02
9.600000000000000000e+02 0.000000000000000000e+00 0.000000000000000000e+00 2.201072562000394028e-01 4.182037867800748876e-02
9.625000000000000000e+02 0.000000000000000000e+00 0.000000000000000000e+00 2.147234942249105216e-01 4.079746390273299855e-02
9.650000000000000000e+02 0.000000000000000000e+00 0.000000000000000000e+00 2.028214145415703773e-01 3.853606876289836919e-02
9.675000000000000000e+02 0.000000000000000000e+00 0.000000000000000000e+00 1.882839418763025130e-01 3.577394895649747830e-02
9.700000000000000000e+02 0.000000000000000000e+00 0.000000000000000000e+00 1.783386551739407910e-01 3.388434448304875057e-02
9.725000000000000000e+02 0.000000000000000000e+00 0.000000000000000000e+00 1.766224787051347833e-01 3.355827095397561494e-02
9.750000000000000000e+02 0.000000000000000000e+00 0.000000000000000000e+00 1.802097166198980416e-01 3.423984615778063317e-02
9.775000000000000000e+02 0.000000000000000000e+00 0.000000000000000000e+00 1.820641596973983090e-01 3.459219034250567842e-02
9.800000000000000000e+02 0.000000000000000000e+00 0.000000000000000000e+00 1.777173287260247481e-01 3.376629245794470630e-02
9.825000000000000000e+02 0.000000000000000000e+00 0.000000000000000000e+00 1.691789250982100035e-01 3.214399576865990121e-02
9.850000000000000000e+02 0.000000000000000000e+00 0.000000000000000000e+00 1.624319634174556104e-01 3.086207304931656500e-02
9.875000000000000000e+02 0.000000000000000000e+00 0.000000000000000000e+00 1.608116339300263431e-01 3.055421044670500463e-02
9.900000000000000000e+02 0.000000000000000000e+00 0.000000000000000000e+00 1.626182561314495900e-01 3.089746866497542280e-02
9.925000000000000000e+02 0.000000000000000000e+00 0.000000000000000000e+00 1.639360305296371778e-01 3.114784580063106184e-02
9.950000000000000000e+02 0.000000000000000000e+00 0.000000000000000000e+00 1.633219337357112999e-01 3.103116740978514865e-02
9.975000000000000000e+02 0.000000000000000000e+00 0.000000000000000000e+00 1.628144072797764741e-01 3.093473738315753035e-02
1.000000000000000000e+03 0.000000000000000000e+00 0.000000000000000000e+00 1.643974349984198557e-01 3.123551264969977662e-02
1.002500000000000000e+03 0.000000000000000000e+00 0.000000000000000000e+00 1.663087363572617605e-01 3.159865990787973089e-02
1.005000000000000000e+03 0.000000000000000000e+00 0.000000000000000000e+00 1.635934318496929385e-01 3.108275205144165818e-02
1.007500000000000000e+03 0.000000000000000000e+00 0.000000000000000000e+00 1.528581114431435684e-01 2.904304117419727674e-02
1.010000000000000000e+03 0.000000000000000000e+00 0.000000000000000000e+00 1.367627902719890098e-01 2.598493015167791312e-02
1.012500000000000000e+03 0.000000000000000000e+00 0.000000000000000000e+00 1.221264652740927520e-01 2.320402840207762274e-02
1.015000000000000000e+03 0.000000000000000000e+00 0.000000000000000000e+00 1.150210817024572008e-01 2.185400552346686634e-02
1.017500000000000000e+03 0.000000000000000000e+00 0.000000000000000000e+00 1.146836605247491675e-01 2.178989549970234210e-02
1.020000000000000000e+03 0.000000000000000000e+00 0.000000000000000000e+00 1.149495448779696005e-01 2.184041352681422368e-02
1.022500000000000000e+03 0.000000000000000000e+00 0.000000000000000000e+00 1.101617220222555482e-01 2.093072718422855569e-02
1.025000000000000000e+03 0.000000000000000000e+00 0.000000000000000000e+00 1.006212331417168093e-01 1.911803429692619447e-02
1.027500000000000000e+03 0.000000000000000000e+00 0.000000000000000000e+00 9.121970048099797834e-02 1.733174309138961824e-02
1.030000000000000000e+03 0.000000000000000000e+00 0.000000000000000000e+00 8.637784163739518906e-02 1.641178991110508675e-02
1.032500000000000000e+03 0.000000000000000000e+00 0.000000000000000000e+00 8.561210768393580361e-02 1.626630045994780296e-02
1.035000000000000000e+03 0.000000000000000000e+00 0.000000000000000000e+00 8.563113392307354632e-02 1.626991544538397214e-02
1.037500000000000000e+03 0.000000000000000000e+00 0.000000000000000000e+00 8.469057323992899844e-02 1.609120891558650859e-02
1.040000000000000000e+03 0.000000000000000000e+00 0.000000000000000000e+00 8.457500746500103139e-02 1.606925141835019791e-02
1.042500000000000000e+03 0.000000000000000000e+00 0.000000000000000000e+00 8.778659461495252891e-02 1.667945297684098049e-02
1.045000000000000000e+03 0.000000000000000000e+00 0.000000000000000000e+00 9.321383133019911504e-02 1.771062795273783269e-02
1.047500000000000000e+03 0.000000000000000000e+00 0.000000000000000000e+00 9.566916926802934706e-02 1.817714216092557525e-02
1.050000000000000000e+03 0.000000000000000000e+00 0.000000000000000000e+00 9.000690922881218747e-02 1.710131275347431465e-02
1.052500000000000000e+03 0.000000000000000000e+00 0.000000000000000000e+00 7.640293170494819042e-02 1.451655702394015653e-02
1.055000000000000000e+03 0.000000000000000000e+00 0.000000000000000000e+00 6.142728077817430354e-02 1.167118334785311774e-02
1.057500000000000000e+03 0.000000000000000000e+00 0.000000000000000000e+00 5.199116044637846351e-02 9.878320484811907096e-03
1.060000000000000000e+03 0.000000000000000000e+00 0.000000000000000000e+00 5.000433164734471858e-02 9.500823012995497294e-03
1.062500000000000000e+03 0.000000000000000000e+00 0.000000000000000000e+00 5.058589378324858388e-02 9.611319818817231145e-03
1.065000000000000000e+03 0.000000000000000000e+00 0.000000000000000000e+00 4.758177952571021607e-02 9.040538109884942164e-03
1.067500000000000000e+03 0.000000000000000000e+00 0.000000000000000000e+00 3.941413043628758106e-02 7.488684782894640402e-03
1.070000000000000000e+03 0.000000000000000000e+00 0.000000000000000000e+00 3.012955732588069174e-02 5.724615891917331396e-03
1.072500000000000000e+03 0.000000000000000000e+00 0.000000000000000000e+00 2.416806754255471090e-02 4.591932833085394898e-03
1.075000000000000000e+03 0.000000000000000000e+00 0.000000000000000000e+00 2.241679508336101925e-02 4.259191065838593103e-03
1.077500000000000000e+03 0.000000000000000000e+00 0.000000000000000000e+00 2.219252797102565233e-02 4.216580314494873874e-03
1.080000000000000000e+03 0.000000000000000000e+00 0.000000000000000000e+00 2.161085683583395187e-02 4.106062798808450542e-03
1.082500000000000000e+03 0.000000000000000000e+00 0.000000000000000000e+00 2.223190291709616073e-02 4.224061554248269984e-03
1.085000000000000000e+03 0.000000000000000000e+00 0.000000000000000000e+00 2.714532933143897278e-02 5.157612572973404620e-03
1.087500000000000000e+03 0.000000000000000000e+00 0.000000000000000000e+00 3.656885907167438388e-02 6.948083223618133422e-03
1.090000000000000000e+03 0.000000000000000000e+00 0.000000000000000000e+00 4.541629627220296339e-02 8.629096291718563530e-03
1.092500000000000000e+03 0.000000000000000000e+00 0.000000000000000000e+00 4.726636691815659652e-02 8.980609714449753339e-03
1.095000000000000000e+03 0.000000000000000000e+00 0.000000000000000000e+00 3.994675902421811892e-02 7.589884214601443253e-03
1.097500000000000000e+03 0.000000000000000000e+00 0.000000000000000000e+00 2.811633702202376989e-02 5.342104034184515758e-03
1.100000000000000000e+03 0.000000000000000000e+00 0.000000000000000000e+00 1.967544173975355540e-02 3.738333930553175248e-03
1.102500000000000000e+03 0.000000000000000000e+00 0.000000000000000000e+00 1.827914845338234756e-02 3.473038206142645828e-03
1.105000000000000000e+03 0.000000000000000000e+00 0.000000000000000000e+00 2.090893652038877323e-02 3.972697938873867400e-03
1.107500000000000000e+03 0.000000000000000000e+00 0.000000000000000000e+00 2.142248241913044873e-02 4.070271659634785467e-03
1.110000000000000000e+03 0.000000000000000000e+00 0.000000000000000000e+00 1.691164620579165001e-02 3.213212779100413537e-03
1.112500000000000000e+03 0.000000000000000000e+00 0.000000000000000000e+00 9.882485061641724591e-03 1.877672161711927638e-03
1.115000000000000000e+03 0.000000000000000000e+00 0.000000000000000000e+00 4.948591213818846757e-03 9.402323306255808881e-04
1.117500000000000000e+03 0.000000000000000000e+00 0.000000000000000000e+00 3.648851598795251928e-03 6.932818037710978751e-04
1.120000000000000000e+03 0.000000000000000000e+00 0.000000000000000000e+00 4.042709349853478885e-03 7.681147764721610620e-04
1.122500000000000000e+03 0.000000000000000000e+00 0.000000000000000000e+00 4.087813223030674695e-03 7.766845123758282137e-04
1.125000000000000000e+03 0.000000000000000000e+00 0.000000000000000000e+00 5.062299558051904305e-03 9.618369160298617573e-04
1.127500000000000000e+03 0.000000000000000000e+00 0.000000000000000000e+00 1.075962787371457022e-02 2.044329296005768619e-03
1.130000000000000000e+03 0.000000000000000000e+00 0.000000000000000000e+00 2.270344738874362223e-02 4.313655003861288466e-03
1.132500000000000000e+03 0.000000000000000000e+00 0.000000000000000000e+00 3.725349919571376012e-02 7.078164847185614700e-03
1.135000000000000000e+03 0.000000000000000000e+00 0.000000000000000000e+00 4.686168025306990809e-02 8.903719248083283994e-03
1.137500000000000000e+03 0.000000000000000000e+00 0.000000000000000000e+00 4.719293821309908377e-02 8.966658260488827303e-03
1.140000000000000000e+03 0.000000000000000000e+00 0.000000000000000000e+00 4.082994577134960168e-02 7.757689696556424423e-03
1.142500000000000000e+03 0.000000000000000000e+00 0.000000000000000000e+00 3.510712192853240876e-02 6.670353166421158497e-03
1.145000000000000000e+03 0.000000000000000000e+00 0.000000000000000000e+00 3.549280026894467699e-02 6.743632051099488628e-03
1.147500000000000000e+03 0.000000000000000000e+00 0.000000000000000000e+00 4.080243207280252749e-02 7.752462093832479875e-03
1.150000000000000000e+03 0.000000000000000000e+00 0.000000000000000000e+00 4.534120335496406168e-02 8.614828637443172621e-03
1.152500000000000000e+03 0.000000000000000000e+00 0.000000000000000000e+00 4.523591505048645683e-02 8.594823859592426452e-03
1.155000000000000000e+03 0.000000000000000000e+00 0.000000000000000000e+00 4.170890675589329633e-02 7.924692283619725469e-03
1.157500000000000000e+03 0.000000000000000000e+00 0.000000000000000000e+00 3.878600303081047862e-02 7.369340575853990626e-03
1.160000000000000000e+03 0.000000000000000000e+00 0.000000000000000000e+00 3.866865782787273775e-02 7.347044987295820243e-03
1.162500000000000000e+03 0.000000000000000000e+00 0.000000000000000000e+00 3.987510696006341809e-02 7.576270322412048848e-03
1.165000000000000000e+03 0.000000000000000000e+00 0.000000000000000000e+00 4.014453800175660919e-02 7.627462220333756232e-03
1.167500000000000000e+03 0.000000000000000000e+00 0.000000000000000000e+00 4.032301919652445110e-02 7.661373647339646265e-03
1.170000000000000000e+03 0.000000000000000000e+00 0.000000000000000000e+00 4.457733722907708529e-02 8.469694073524646274e-03
1.172500000000000000e+03 0.000000000000000000e+00 0.000000000000000000e+00 5.635662133253523803e-02 1.070775805318169467e-02
1.175000000000000000e+03 0.000000000000000000e+00 0.000000000000000000e+00 7.334379341770873306e-02 1.393532074936465991e-02
1.177500000000000000e+03 0.000000000000000000e+00 0.000000000000000000e+00 8.866127698404246971e-02 1.684564262696806869e-02
1.180000000000000000e+03 0.000000000000000000e+00 0.000000000000000000e+00 9.563583721406701543e-02 1.817080907067273460e-02
1.182500000000000000e+03 0.000000000000000000e+00 0.000000000000000000e+00 9.453361278039365545e-02 1.796138642827479343e-02
1.185000000000000000e+03 0.000000000000000000e+00 0.000000000000000000e+00 9.167966907511466979e-02 1.741913712427178851e-02
1.187500000000000000e+03 0.000000000000000000e+00 0.000000000000000000e+00 9.342392806031843411e-02 1.775054633146050387e-02
1.190000000000000000e+03 0.000000000000000000e+00 0.000000000000000000e+00 1.003746140343225179e-01 1.907117666652127785e-02
1.192500000000000000e+03 0.000000000000000000e+00 0.000000000000000000e+00 1.079520416966354701e-01 2.051088792236073835e-02
1.195000000000000000e+03 0.000000000000000000e+00 0.000000000000000000e+00 1.114943409376848438e-01 2.118392477816011948e-02
1.197500000000000000e+03 0.000000000000000000e+00 0.000000000000000000e+00 1.110527447538622731e-01 2.110002150323382966e-02
1.200000000000000000e+03 0.000000000000000000e+00 0.000000000000000000e+00 1.100507652607752712e-01 2.090964539954730250e-02
1.202500000000000000e+03 0.000000000000000000e+00 0.000000000000000000e+00 1.108975266909099783e-01 2.107053007127289435e-02
1.205000000000000000e+03 0.000000000000000000e+00 0.000000000000000000e+00 1.124489160073334076e-01 2.136529404139334704e-02
1.207500000000000000e+03 0.000000000000000000e+00 0.000000000000000000e+00 1.121113118243644707e-01 2.130114924662925013e-02
1.210000000000000000e+03 0.000000000000000000e+00 0.000000000000000000e+00 1.099913880626087609e-01 2.089836373189566526e-02
1.212500000000000000e+03 0.000000000000000000e+00 0.000000000000000000e+00 1.103539504915987540e-01 2.096725059340376340e-02
1.215000000000000000e+03 0.000000000000000000e+00 0.000000000000000000e+00 1.181033252545521800e-01 2.243963179836491392e-02
1.217500000000000000e+03 0.000000000000000000e+00 0.000000000000000000e+00 1.335568156893156555e-01 2.537579498096997552e-02
1.220000000000000000e+03 0.000000000000000000e+00 0.000000000000000000e+00 1.503226037072382115e-01 2.856129470437526394e-02
1.222500000000000000e+03 0.000000000000000000e+00 0.000000000000000000e+00 1.611081187027453010e-01 3.061054255352160802e-02
1.225000000000000000e+03 0.000000000000000000e+00 0.000000000000000000e+00 1.633844772612838558e-01 3.104305067964393400e-02
1.227500000000000000e+03 0.000000000000000000e+00 0.000000000000000000e+00 1.618975915143072430e-01 3.076054238771837313e-02
1.230000000000000000e+03 0.000000000000000000e+00 0.000000000000000000e+00 1.633147302831964853e-01 3.102979875380733679e-02
1.232500000000000000e+03 0.000000000000000000e+00 0.000000000000000000e+00 1.699516868894568322e-01 3.229082050899679396e-02
1.235000000000000000e+03 0.000000000000000000e+00 0.000000000000000000e+00 1.782298586817089026e-01 3.386367314952469509e-02
1.237500000000000000e+03 0.000000000000000000e+00 0.000000000000000000e+00 1.835679334100534521e-01 3.487790734791015868e-02
1.240000000000000000e+03 0.000000000000000000e+00 0.000000000000000000e+00 1.847988870179426146e-01 3.511178853340909956e-02
1.242500000000000000e+03 0.000000000000000000e+00 0.000000000000000000e+00 1.846930967406493207e-01 3.509168838072337232e-02
1.245000000000000000e+03 0.000000000000000000e+00 0.000000000000000000e+00 1.857424290216976859e-01 3.529106151412256254e-02
1.247500000000000000e+03 0.000000000000000000e+00 0.000000000000000000e+00 1.870467976222567608e-01 3.553889154822878482e-02
1.250000000000000000e+03 0.000000000000000000e+00 0.000000000000000000e+00 1.854928165837201881e-01 3.524363515090683796e-02
1.252500000000000000e+03 0.000000000000000000e+00 0.000000000000000000e+00 1.800753495902238654e-01 3.421431642214253777e-02
1.255000000000000000e+03 0.000000000000000000e+00 0.000000000000000000e+00 1.747190206197653251e-01 3.319661391775541315e-02
1.257500000000000000e+03 0.000000000000000000e+00 0.000000000000000000e+00 1.755283562769748285e-01 3.335038769262521630e-02
1.260000000000000000e+03 0.000000000000000000e+00 0.000000000000000000e+00 1.850852001515981560e-01 3.516618802880365491e-02
1.262500000000000000e+03 0.000000000000000000e+00 0.000000000000000000e+00 1.992897256544620688e-01 3.786504787434779445e-02
1.265000000000000000e+03 0.000000000000000000e+00 0.000000000000000000e+00 2.100523051317909062e-01 3.990993797504027024e-02
1.267500000000000000e+03 0.000000000000000000e+00 0.000000000000000000e+00 2.131352188892942368e-01 4.049569158896590415e-02
1.270000000000000000e+03 0.000000000000000000e+00 0.000000000000000000e+00 2.110958127113458926e-01 4.010820441515572377e-02
1.272500000000000000e+03 0.000000000000000000e+00 0.000000000000000000e+00 2.102875690282043908e-01 3.995463811535883425e-02
1.275000000000000000e+03 0.000000000000000000e+00 0.000000000000000000e+00 2.142629248491466631e-01 4.070995572133786350e-02
1.277500000000000000e+03 0.000000000000000000e+00 0.000000000000000000e+00 2.210043991801128871e-01 4.199083584422144688e-02
1.280000000000000000e+03 0.000000000000000000e+00 0.000000000000000000e+00 2.258971881246223945e-01 4.292046574367825579e-02
1.282500000000000000e+03 0.000000000000000000e+00 0.000000000000000000e+00 2.271677958608278869e-01 4.316188121355730295e-02
1.285000000000000000e+03 0.000000000000000000e+00 0.000000000000000000e+00 2.268271589862992932e-01 4.309716020739686598e-02
1.287500000000000000e+03 0.000000000000000000e+00 0.000000000000000000e+00 2.274395289746369286e-01 4.321351050518101866e-02
1.290000000000000000e+03 0.000000000000000000e+00 0.000000000000000000e+00 2.283054748582157845e-01 4.337804022306099988e-02
1.292500000000000000e+03 0.000000000000000000e+00 0.000000000000000000e+00 2.257694240283016074e-01 4.289619056537730818e-02
1.295000000000000000e+03 0.000000000000000000e+00 0.000000000000000000e+00 2.175554882417022051e-01 4.133554276592341786e-02
1.297500000000000000e+03 0.000000000000000000e+00 0.000000000000000000e+00 2.063079534110764113e-01 3.919851114810452009e-02
1.300000000000000000e+03 0.000000000000000000e+00 0.000000000000000000e+00 1.989902102627242320e-01 3.780813994991760740e-02
1.302500000000000000e+03 0.000000000000000000e+00 0.000000000000000000e+00 2.004096975789239898e-01 3.807784253999555585e-02
1.305000000000000000e+03 0.000000000000000000e+00 0.000000000000000000e+00 2.086950206640380556e-01 3.965205392616723279e-02
1.307500000000000000e+03 0.000000000000000000e+00 0.000000000000000000e+00 2.167481339994173639e-01 4.118214545988930358e-02
1.310000000000000000e+03 0.000000000000000000e+00 0.000000000000000000e+00 2.185273998100185910e-01 4.152020596390353091e-02
1.312500000000000000e+03 0.000000000000000000e+00 0.000000000000000000e+00 2.145873308654266398e-01 4.077159286443106379e-02
1.315000000000000000e+03 0.000000000000000000e+00 0.000000000000000000e+00 2.104540556184368028e-01 3.998627056750299336e-02
1.317500000000000000e+03 0.000000000000000000e+00 0.000000000000000000e+00 2.104897568373443051e-01 3.999305379909541547e-02
1.320000000000000000e+03 0.000000000000000000e+00 0.000000000000000000e+00 2.140198963688639822e-01 4.066378031008415633e-02
1.322500000000000000e+03 0.000000000000000000e+00 0.000000000000000000e+00 2.171144650819363531e-01 4.125174836556790708e-02
1.325000000000000000e+03 0.000000000000000000e+00 0.000000000000000000e+00 2.173431796380300429e-01 4.129520413122571287e-02
1.327500000000000000e+03 0.000000000000000000e+00 0.000000000000000000e+00 2.161752770249272260e-01 4.107330263473617238e-02
1.330000000000000000e+03 0.000000000000000000e+00 0.000000000000000000e+00 2.162747208471877958e-01 4.109219696096568647e-02
1.332500000000000000e+03 0.000000000000000000e+00 0.000000000000000000e+00 2.173258327772280840e-01 4.129190822767334068e-02
1.335000000000000000e+03 0.000000000000000000e+00 0.000000000000000000e+00 2.152734224757918702e-01 4.090195027040045839e-02
1.337500000000000000e+03 0.000000000000000000e+00 0.000000000000000000e+00 2.061696480232475814e-01 3.917223312441703992e-02
1.340000000000000000e+03 0.000000000000000000e+00 0.000000000000000000e+00 1.913319322083487928e-01 3.635306711958627424e-02
1.342500000000000000e+03 0.000000000000000000e+00 0.000000000000000000e+00 1.771010727838359389e-01 3.364920382892883088e-02
1.345000000000000000e+03 0.000000000000000000e+00 0.000000000000000000e+00 1.704736108663378602e-01 3.238998606460419261e-02
1.347500000000000000e+03 0.000000000000000000e+00 0.000000000000000000e+00 1.720932212694184504e-01 3.269771204118950697e-02
1.350000000000000000e+03 0.000000000000000000e+00 0.000000000000000000e+00 1.761577229038658321e-01 3.346996735173451282e-02
1.352500000000000000e+03 0.000000000000000000e+00 0.000000000000000000e+00 1.760340886454371256e-01 3.344647684263305637e-02
1.355000000000000000e+03 0.000000000000000000e+00 0.000000000000000000e+00 1.703023572450419465e-01 3.235744787655796956e-02
1.357500000000000000e+03 0.000000000000000000e+00 0.000000000000000000e+00 1.630954751891325605e-01 3.098814028593518954e-02
1.360000000000000000e+03 0.000000000000000000e+00 0.000000000000000000e+00 1.593323415851166935e-01 3.027314490117217344e-02
1.362500000000000000e+03 0.000000000000000000e+00 0.000000000000000000e+00 1.595567208196902453e-01 3.031577695574114509e-02
1.365000000000000000e+03 0.000000000000000000e+00 0.000000000000000000e+00 1.605688471008005491e-01 3.050808094915210406e-02
1.367500000000000000e+03 0.000000000000000000e+00 0.000000000000000000e+00 1.597121292149546457e-01 3.034530455084138295e-02
1.370000000000000000e+03 0.000000000000000000e+00 0.000000000000000000e+00 1.579534797249976252e-01 3.001116114774955018e-02
1.372500000000000000e+03 0.000000000000000000e+00 0.000000000000000000e+00 1.581230333646140851e-01 3.004337633927667631e-02
1.375000000000000000e+03 0.000000000000000000e+00 0.000000000000000000e+00 1.605457054789011240e-01 3.050368404099121356e-02
1.377500000000000000e+03 0.000000000000000000e+00 0.000000000000000000e+00 1.611191209926252088e-01 3.061263298859879037e-02
1.380000000000000000e+03 0.000000000000000000e+00 0.000000000000000000e+00 1.545138292903650290e-01 2.935762756516935648e-02
1.382500000000000000e+03 0.000000000000000000e+00 0.000000000000000000e+00 1.396222145366471934e-01 2.652822076196296661e-02
1.385000000000000000e+03 0.000000000000000000e+00 0.000000000000000000e+00 1.222653087406424255e-01 2.323040866072206140e-02
1.387500000000000000e+03 0.000000000000000000e+00 0.000000000000000000e+00 1.099902698481497187e-01 2.089815127114844767e-02
1.390000000000000000e+03 0.000000000000000000e+00 0.000000000000000000e+00 1.062877167665850497e-01 2.019466618565115765e-02
1.392500000000000000e+03 0.000000000000000000e+00 0.000000000000000000e+00 1.071934619561199231e-01 2.036675777166278498e-02
1.395000000000000000e+03 0.000000000000000000e+00 0.000000000000000000e+00 1.060482652334822640e-01 2.014917039436163113e-02
1.397500000000000000e+03 0.000000000000000000e+00 0.000000000000000000e+00 9.979951678232767964e-02 1.896190818864225761e-02
1.400000000000000000e+03 0.000000000000000000e+00 0.000000000000000000e+00 9.131515183443006389e-02 1.734987884854171172e-02
1.402500000000000000e+03 0.000000000000000000e+00 0.000000000000000000e+00 8.520050274150967051e-02 1.618809552088684017e-02
1.405000000000000000e+03 0.000000000000000000e+00 0.000000000000000000e+00 8.324539702612496206e-02 1.581662543496374293e-02
1.407500000000000000e+03 0.000000000000000000e+00 0.000000000000000000e+00 8.304941063189268113e-02 1.577938802005960858e-02
1.410000000000000000e+03 0.000000000000000000e+00 0.000000000000000000e+00 8.189050610240629358e-02 1.555919615945719654e-02
1.412500000000000000e+03 0.000000000000000000e+00 0.000000000000000000e+00 8.026622356335300079e-02 1.525058247703707168e-02
1.415000000000000000e+03 0.000000000000000000e+00 0.000000000000000000e+00 8.128285925105029064e-02 1.544374325769955550e-02
1.417500000000000000e+03 0.000000000000000000e+00 0.000000000000000000e+00 8.624947935930589449e-02 1.638740107826812051e-02
1.420000000000000000e+03 0.000000000000000000e+00 0.000000000000000000e+00 9.143250469685314241e-02 1.737217589240210025e-02
1.422500000000000000e+03 0.000000000000000000e+00 0.000000000000000000e+00 9.043657911686800444e-02 1.718295003220492168e-02
1.425000000000000000e+03 0.000000000000000000e+00 0.000000000000000000e+00 8.001834489794544536e-02 1.520348553060963531e-02
1.427500000000000000e+03 0.000000000000000000e+00 0.000000000000000000e+00 6.373451054826362316e-02 1.210955700417008958e-02
1.430000000000000000e+03 0.000000000000000000e+00 0.000000000000000000e+00 4.990246113883983758e-02 9.481467616379569280e-03
1.432500000000000000e+03 0.000000000000000000e+00 0.000000000000000000e+00 4.359666655497389937e-02 8.283366645445041504e-03
1.435000000000000000e+03 0.000000000000000000e+00 0.000000000000000000e+00 4.327383905859071012e-02 8.222029421132235477e-03
1.437500000000000000e+03 0.000000000000000000e+00 0.000000000000000000e+00 4.282696072978153801e-02 8.137122538658492915e-03
1.440000000000000000e+03 0.000000000000000000e+00 0.000000000000000000e+00 3.818008370799094026e-02 7.254215904518279343e-03
1.442500000000000000e+03 0.000000000000000000e+00 0.000000000000000000e+00 3.052840005183477673e-02 5.800396009848607370e-03
1.445000000000000000e+03 0.000000000000000000e+00 0.000000000000000000e+00 2.431586666364326382e-02 4.620014666092219988e-03
1.447500000000000000e+03 0.000000000000000000e+00 0.000000000000000000e+00 2.187155141870996550e-02 4.155594769554893202e-03
1.450000000000000000e+03 0.000000000000000000e+00 0.000000000000000000e+00 2.176303041665579585e-02 4.134975779164600830e-03
1.452500000000000000e+03 0.000000000000000000e+00 0.000000000000000000e+00 2.125795994996774324e-02 4.039012390493870557e-03
1.455000000000000000e+03 0.000000000000000000e+00 0.000000000000000000e+00 2.044851263321511084e-02 3.885217400310871094e-03
1.457500000000000000e+03 0.000000000000000000e+00 0.000000000000000000e+00 2.264444840037168477e-02 4.302445196070620037e-03
1.460000000000000000e+03 0.000000000000000000e+00 0.000000000000000000e+00 3.026022078917431010e-02 5.749441949943119058e-03
1.462500000000000000e+03 0.000000000000000000e+00 0.000000000000000000e+00 4.086150609786233512e-02 7.763686158593844332e-03
1.465000000000000000e+03 0.000000000000000000e+00 0.000000000000000000e+00 4.736189368940438987e-02 8.998759800986834423e-03
1.467500000000000000e+03 0.000000000000000000e+00 0.000000000000000000e+00 4.439613666471532022e-02 8.435265966295912160e-03
1.470000000000000000e+03 0.000000000000000000e+00 0.000000000000000000e+00 3.337570018819373957e-02 6.341383035756810622e-03
1.472500000000000000e+03 0.000000000000000000e+00 0.000000000000000000e+00 2.144603331230527515e-02 4.074746329338002800e-03
1.475000000000000000e+03 0.000000000000000000e+00 0.000000000000000000e+00 1.551225398176600372e-02 2.947328256535540567e-03
1.477500000000000000e+03 0.000000000000000000e+00 0.000000000000000000e+00 1.592956315547555679e-02 3.026616999540356068e-03
1.480000000000000000e+03 0.000000000000000000e+00 0.000000000000000000e+00 1.774842798481679473e-02 3.372201317115190895e-03
1.482500000000000000e+03 0.000000000000000000e+00 0.000000000000000000e+00 1.625678274282605501e-02 3.088788721136950365e-03
1.485000000000000000e+03 0.000000000000000000e+00 0.000000000000000000e+00 1.141361919435123634e-02 2.168587646926734870e-03
1.487500000000000000e+03 0.000000000000000000e+00 0.000000000000000000e+00 6.782884372057335770e-03 1.288748030690893770e-03
1.490000000000000000e+03 0.000000000000000000e+00 0.000000000000000000e+00 5.323321799874521434e-03 1.011431141976159047e-03
1.492500000000000000e+03 0.000000000000000000e+00 0.000000000000000000e+00 6.254150556959124641e-03 1.188288605822233543e-03
1.495000000000000000e+03 0.000000000000000000e+00 0.000000000000000000e+00 6.914375790970065869e-03 1.313731400284312480e-03
1.497500000000000000e+03 0.000000000000000000e+00 0.000000000000000000e+00 6.892181179651526123e-03 1.309514424133790059e-03
1.500000000000000000e+03 0.000000000000000000e+00 0.000000000000000000e+00 9.528691534180453934e-03 1.810451391494286022e-03
1.502500000000000000e+03 0.000000000000000000e+00 0.000000000000000000e+00 1.865807059482155889e-02 3.545033413016096535e-03
1.505000000000000000e+03 0.000000000000000000e+00 0.000000000000000000e+00 3.320021355725633061e-02 6.308040575878703232e-03
1.507500000000000000e+03 0.000000000000000000e+00 0.000000000000000000e+00 4.686224312116889223e-02 8.903826193022089733e-03
1.510000000000000000e+03 0.000000000000000000e+00 0.000000000000000000e+00 5.227725024401266851e-02 9.932677546362407572e-03
1.512500000000000000e+03 0.000000000000000000e+00 0.000000000000000000e+00 4.828214634007297473e-02 9.173607804613865407e-03
1.515000000000000000e+03 0.000000000000000000e+00 0.000000000000000000e+00 4.070694434229134295e-02 7.734319425035355786e-03
1.517500000000000000e+03 0.000000000000000000e+00 0.000000000000000000e+00 3.676571567350540859e-02 6.985485977966028083e-03
1.520000000000000000e+03 0.000000000000000000e+00 0.000000000000000000e+00 3.888642279577982780e-02 7.388420331198167559e-03
1.522500000000000000e+03 0.000000000000000000e+00 0.000000000000000000e+00 4.348837947180466540e-02 8.262792099642887397e-03
1.525000000000000000e+03 0.000000000000000000e+00 0.000000000000000000e+00 4.563684873564146510e-02 8.671001259771878716e-03
1.527500000000000000e+03 0.000000000000000000e+00 0.000000000000000000e+00 4.415983053608237702e-02 8.390367801855650592e-03
1.530000000000000000e+03 0.000000000000000000e+00 0.000000000000000000e+00 4.189940643118277019e-02 7.960887221924726684e-03
1.532500000000000000e+03 0.000000000000000000e+00 0.000000000000000000e+00 4.189277917390389627e-02 7.959628043041740153e-03
1.535000000000000000e+03 0.000000000000000000e+00 0.000000000000000000e+00 4.398004206812732714e-02 8.356207992944193058e-03
1.537500000000000000e+03 0.000000000000000000e+00 0.000000000000000000e+00 4.553175718883296919e-02 8.651033865878265602e-03
1.540000000000000000e+03 0.000000000000000000e+00 0.000000000000000000e+00 4.545094157693891496e-02 8.635678899618394466e-03
1.542500000000000000e+03 0.000000000000000000e+00 0.000000000000000000e+00 4.689213143240182624e-02 8.909504972156347125e-03
1.545000000000000000e+03 0.000000000000000000e+00 0.000000000000000000e+00 5.471707453395835419e-02 1.039624416145208848e-02
1.547500000000000000e+03 0.000000000000000000e+00 0.000000000000000000e+00 7.026448837144116943e-02 1.335025279057382164e-02
1.550000000000000000e+03 0.000000000000000000e+00 0.000000000000000000e+00 8.797030508222312972e-02 1.671435796562239368e-02
1.552500000000000000e+03 0.000000000000000000e+00 0.000000000000000000e+00 1.001185045180589817e-01 1.902251585843120832e-02
1.555000000000000000e+03 0.000000000000000000e+00 0.000000000000000000e+00 1.027322909644561300e-01 1.951913528324666566e-02
1.557500000000000000e+03 0.000000000000000000e+00 0.000000000000000000e+00 9.955694231063473565e-02 1.891581903902059963e-02
1.560000000000000000e+03 0.000000000000000000e+00 0.000000000000000000e+00 9.774844140973915074e-02 1.857220386785043975e-02
1.562500000000000000e+03 0.000000000000000000e+00 0.000000000000000000e+00 1.011335924260634428e-01 1.921538256095205524e-02
1.565000000000000000e+03 0.000000000000000000e+00 0.000000000000000000e+00 1.075466358834889086e-01 2.043386081786289360e-02
1.567500000000000000e+03 0.000000000000000000e+00 0.000000000000000000e+00 1.124356604344270566e-01 2.136277548254113950e-02
1.570000000000000000e+03 0.000000000000000000e+00 0.000000000000000000e+00 1.136311814567668027e-01 2.158992447678569071e-02
1.572500000000000000e+03 0.000000000000000000e+00 0.000000000000000000e+00 1.131693989966203046e-01 2.150218580935785856e-02
1.575000000000000000e+03 0.000000000000000000e+00 0.000000000000000000e+00 1.141010249962047390e-01 2.167919474927889820e-02
1.577500000000000000e+03 0.000000000000000000e+00 0.000000000000000000e+00 1.167334404472498560e-01 2.217935368497747639e-02
1.580000000000000000e+03 0.000000000000000000e+00 0.000000000000000000e+00 1.183040397621193951e-01 2.247776755480268562e-02
1.582500000000000000e+03 0.000000000000000000e+00 0.000000000000000000e+00 1.169172618171515354e-01 2.221427974525879215e-02
1.585000000000000000e+03 0.000000000000000000e+00 0.000000000000000000e+00 1.150955621886768920e-01 2.186815681584860713e-02
1.587500000000000000e+03 0.000000000000000000e+00 0.000000000000000000e+00 1.185795549445030073e-01 2.253011543945557249e-02
1.590000000000000000e+03 0.000000000000000000e+00 0.000000000000000000e+00 1.306708100662680172e-01 2.482745391259092577e-02
1.592500000000000000e+03 0.000000000000000000e+00 0.000000000000000000e+00 1.483276956505523159e-01 2.818226217360494251e-02
1.595000000000000000e+03 0.000000000000000000e+00 0.000000000000000000e+00 1.633075221727992021e-01 3.102842921283184563e-02
1.597500000000000000e+03 0.000000000000000000e+00 0.000000000000000000e+00 1.701119544497501912e-01 3.232127134545254021e-02
1.600000000000000000e+03 0.000000000000000000e+00 0.000000000000000000e+00 1.698680245649917264e-01 3.227492466734842302e-02
1.602500000000000000e+03 0.000000000000000000e+00 0.000000000000000000e+00 1.688668028662340115e-01 3.208469254458445885e-02
1.605000000000000000e+03 0.000000000000000000e+00 0.000000000000000000e+00 1.718953152431199061e-01 3.266010989619277938e-02
1.607500000000000000e+03 0.000000000000000000e+00 0.000000000000000000e+00 1.783661938021908200e-01 3.388957682241625774e-02
1.610000000000000000e+03 0.000000000000000000e+00 0.000000000000000000e+00 1.840440262392177284e-01 3.496836498545136812e-02
1.612500000000000000e+03 0.000000000000000000e+00 0.000000000000000000e+00 1.863268826498768183e-01 3.540210770347659852e-02
1.615000000000000000e+03 0.000000000000000000e+00 0.000000000000000000e+00 1.863795740221054209e-01 3.541211906420003303e-02
1.617500000000000000e+03 0.000000000000000000e+00 0.000000000000000000e+00 1.871951910043830603e-01 3.556708629083278617e-02
1.620000000000000000e+03 0.000000000000000000e+00 0.000000000000000000e+00 1.894266382902142221e-01 3.599106127514069969e-02
1.622500000000000000e+03 0.000000000000000000e+00 0.000000000000000000e+00 1.902690441431865442e-01 3.615111838720544424e-02
1.625000000000000000e+03 0.000000000000000000e+00 0.000000000000000000e+00 1.867782748219418698e-01 3.548787221616895443e-02
1.627500000000000000e+03 0.000000000000000000e+00 0.000000000000000000e+00 1.803100130717820715e-01 3.425890248363859525e-02
1.630000000000000000e+03 0.000000000000000000e+00 0.000000000000000000e+00 1.769580366816461969e-01 3.362202696951277492e-02
1.632500000000000000e+03 0.000000000000000000e+00 0.000000000000000000e+00 1.821253261888292341e-01 3.460381197587755753e-02
1.635000000000000000e+03 0.000000000000000000e+00 0.000000000000000000e+00 1.949830413139289065e-01 3.704677784964648807e-02
1.637500000000000000e+03 0.000000000000000000e+00 0.000000000000000000e+00 2.088498889330809849e-01 3.968147889728538408e-02
1.640000000000000000e+03 0.000000000000000000e+00 0.000000000000000000e+00 2.164809033038502251e-01 4.113137162773154026e-02
1.642500000000000000e+03 0.000000000000000000e+00 0.000000000000000000e+00 2.169489767338531050e-01 4.122030557943209134e-02
1.645000000000000000e+03 0.000000000000000000e+00 0.000000000000000000e+00 2.150594405253711261e-01 4.086129369982051396e-02
1.647500000000000000e+03 0.000000000000000000e+00 0.000000000000000000e+00 2.160224322764292826e-01 4.104426213252156813e-02
1.650000000000000000e+03 0.000000000000000000e+00 0.000000000000000000e+00 2.204980137132687146e-01 4.189462260552105632e-02
1.652500000000000000e+03 0.000000000000000000e+00 0.000000000000000000e+00 2.251579858723647964e-01 4.278001731574931216e-02
1.655000000000000000e+03 0.000000000000000000e+00 0.000000000000000000e+00 2.268643992713136881e-01 4.310423586154960018e-02
1.657500000000000000e+03 0.000000000000000000e+00 0.000000000000000000e+00 2.261761918069384314e-01 4.297347644331830224e-02
1.660000000000000000e+03 0.000000000000000000e+00 0.000000000000000000e+00 2.259631757731194734e-01 4.293300339689269662e-02
1.662500000000000000e+03 0.000000000000000000e+00 0.000000000000000000e+00 2.273315826296534170e-01 4.319300069963415145e-02
1.665000000000000000e+03 0.000000000000000000e+00 0.000000000000000000e+00 2.274183796905698829e-01 4.320949214120828330e-02
1.667500000000000000e+03 0.000000000000000000e+00 0.000000000000000000e+00 2.221247048537777213e-01 4.220369392221776789e-02
1.670000000000000000e+03 0.000000000000000000e+00 0.000000000000000000e+00 2.114115582093354928e-01 4.016819605977374474e-02
1.672500000000000000e+03 0.000000000000000000e+00 0.000000000000000000e+00 2.006568838174531688e-01 3.812480792531610513e-02
1.675000000000000000e+03 0.000000000000000000e+00 0.000000000000000000e+00 1.970198153311030209e-01 3.743376491290957564e-02
1.677500000000000000e+03 0.000000000000000000e+00 0.000000000000000000e+00 2.024092695501888417e-01 3.845776121453588214e-02
1.680000000000000000e+03 0.000000000000000000e+00 0.000000000000000000e+00 2.116981671894995753e-01 4.022265176600492431e-02
1.682500000000000000e+03 0.000000000000000000e+00 0.000000000000000000e+00 2.176484099855524323e-01 4.135319789725495909e-02
1.685000000000000000e+03 0.000000000000000000e+00 0.000000000000000000e+00 2.170928750796061180e-01 4.124764626512516380e-02
1.687500000000000000e+03 0.000000000000000000e+00 0.000000000000000000e+00 2.131768391325112588e-01 4.050359943517714556e-02
1.690000000000000000e+03 0.000000000000000000e+00 0.000000000000000000e+00 2.110683879389771700e-01 4.010299370840566396e-02
1.692500000000000000e+03 0.000000000000000000e+00 0.000000000000000000e+00 2.125225080966517133e-01 4.037927653836382441e-02
1.695000000000000000e+03 0.000000000000000000e+00 0.000000000000000000e+00 2.149973197340589726e-01 4.084949074947120951e-02
1.697500000000000000e+03 0.000000000000000000e+00 0.000000000000000000e+00 2.153130114049114641e-01 4.090947216693317789e-02
1.700000000000000000e+03 0.000000000000000000e+00 0.000000000000000000e+00 2.133765863284620423e-01 4.054155140240778971e-02
1.702500000000000000e+03 0.000000000000000000e+00 0.000000000000000000e+00 2.119606140562825258e-01 4.027251667069368241e-02
1.705000000000000000e+03 0.000000000000000000e+00 0.000000000000000000e+00 2.127491516041409292e-01 4.042233880478677405e-02
1.707500000000000000e+03 0.000000000000000000e+00 0.000000000000000000e+00 2.131044683100211390e-01 4.048984897890401530e-02
1.710000000000000000e+03 0.000000000000000000e+00 0.000000000000000000e+00 2.079276404033885695e-01 3.950625167664383042e-02
1.712500000000000000e+03 0.000000000000000000e+00 0.000000000000000000e+00 1.950322657547284011e-01 3.705613049339839815e-02
1.715000000000000000e+03 0.000000000000000000e+00 0.000000000000000000e+00 1.789953146709774290e-01 3.400910978748571123e-02
1.717500000000000000e+03 0.000000000000000000e+00 0.000000000000000000e+00 1.673394568310369035e-01 3.179449679789701083e-02
1.720000000000000000e+03 0.000000000000000000e+00 0.000000000000000000e+00 1.647348579972721938e-01 3.129962301948172043e-02
1.722500000000000000e+03 0.000000000000000000e+00 0.000000000000000000e+00 1.684185828594845780e-01 3.199953074330207092e-02
1.725000000000000000e+03 0.000000000000000000e+00 0.000000000000000000e+00 1.714730276855449542e-01 3.257987526025354214e-02
1.727500000000000000e+03 0.000000000000000000e+00 0.000000000000000000e+00 1.694281911556339837e-01 3.219135631957045773e-02
1.730000000000000000e+03 0.000000000000000000e+00 0.000000000000000000e+00 1.636882613905129846e-01 3.110076966419746819e-02
1.732500000000000000e+03 0.000000000000000000e+00 0.000000000000000000e+00 1.587812430887347304e-01 3.016843618685959710e-02
1.735000000000000000e+03 0.000000000000000000e+00 0.000000000000000000e+00 1.573912898816907657e-01 2.990434507752124868e-02
1.737500000000000000e+03 0.000000000000000000e+00 0.000000000000000000e+00 1.578671769209777365e-01 2.999476361498577132e-02
1.740000000000000000e+03 0.000000000000000000e+00 0.000000000000000000e+00 1.570452611980098223e-01 2.983859962762186804e-02
1.742500000000000000e+03 0.000000000000000000e+00 0.000000000000000000e+00 1.542786274541992908e-01 2.931293921629786817e-02
1.745000000000000000e+03 0.000000000000000000e+00 0.000000000000000000e+00 1.523196568825380959e-01 2.894073480768223627e-02
1.747500000000000000e+03 0.000000000000000000e+00 0.000000000000000000e+00 1.535353255041311260e-01 2.917171184578491380e-02
1.750000000000000000e+03 0.000000000000000000e+00 0.000000000000000000e+00 1.558812135643916352e-01 2.961743057723441319e-02
1.752500000000000000e+03 0.000000000000000000e+00 0.000000000000000000e+00 1.535108793325490051e-01 2.916706707318431416e-02
1.755000000000000000e+03 0.000000000000000000e+00 0.000000000000000000e+00 1.423626559067300568e-01 2.704890462227871328e-02
1.757500000000000000e+03 0.000000000000000000e+00 0.000000000000000000e+00 1.246631481214386106e-01 2.368599814307333767e-02
1.760000000000000000e+03 0.000000000000000000e+00 0.000000000000000000e+00 1.084181003163362522e-01 2.059943906010388778e-02
1.762500000000000000e+03 0.000000000000000000e+00 0.000000000000000000e+00 9.976842274361885643e-02 1.895600032128758397e-02
1.765000000000000000e+03 0.000000000000000000e+00 0.000000000000000000e+00 9.872418989243234022e-02 1.875759607956214645e-02
1.767500000000000000e+03 0.000000000000000000e+00 0.000000000000000000e+00 9.952121462985950850e-02 1.890903077967330884e-02
1.770000000000000000e+03 0.000000000000000000e+00 0.000000000000000000e+00 9.688775270683040730e-02 1.840867301429777864e-02
1.772500000000000000e+03 0.000000000000000000e+00 0.000000000000000000e+00 9.052916892268422777e-02 1.720054209531000217e-02
1.775000000000000000e+03 0.000000000000000000e+00 0.000000000000000000e+00 8.437180907126712315e-02 1.603064372354075229e-02
1.777500000000000000e+03 0.000000000000000000e+00 0.000000000000000000e+00 8.142974835154345725e-02 1.547165218679325688e-02
1.780000000000000000e+03 0.000000000000000000e+00 0.000000000000000000e+00 8.103453894560119775e-02 1.539656239966422785e-02
1.782500000000000000e+03 0.000000000000000000e+00 0.000000000000000000e+00 8.014777891393501386e-02 1.522807799364765333e-02
1.785000000000000000e+03 0.000000000000000000e+00 0.000000000000000000e+00 7.766740041973987929e-02 1.475680607975057672e-02
1.787500000000000000e+03 0.000000000000000000e+00 0.000000000000000000e+00 7.613801384589397037e-02 1.446622263071985562e-02
1.790000000000000000e+03 0.000000000000000000e+00 0.000000000000000000e+00 7.880612853713872545e-02 1.497316442205635922e-02
1.792500000000000000e+03 0.000000000000000000e+00 0.000000000000000000e+00 8.474982020190896526e-02 1.610246583836270548e-02
1.795000000000000000e+03 0.000000000000000000e+00 0.000000000000000000e+00 8.786164433710094701e-02 1.669371242404918063e-02
1.797500000000000000e+03 0.000000000000000000e+00 0.000000000000000000e+00 8.212789176306560524e-02 1.560429943498246527e-02
1.800000000000000000e+03 0.000000000000000000e+00 0.000000000000000000e+00 6.768679936773829009e-02 1.286049187987027553e-02
1.802500000000000000e+03 0.000000000000000000e+00 0.000000000000000000e+00 5.097082513506686480e-02 9.684456775662705214e-03
1.805000000000000000e+03 0.000000000000000000e+00 0.000000000000000000e+00 3.987783421851127247e-02 7.576788501517141283e-03
1.807500000000000000e+03 0.000000000000000000e+00 0.000000000000000000e+00 3.640136867114757147e-02 6.916260047518038578e-03
1.810000000000000000e+03 0.000000000000000000e+00 0.000000000000000000e+00 3.656172903975526273e-02 6.946728517553499294e-03
1.812500000000000000e+03 0.000000000000000000e+00 0.000000000000000000e+00 3.486509029918943847e-02 6.624367156845993587e-03
1.815000000000000000e+03 0.000000000000000000e+00 0.000000000000000000e+00 2.979688428437994585e-02 5.661408014032189191e-03
1.817500000000000000e+03 0.000000000000000000e+00 0.000000000000000000e+00 2.416605828484911372e-02 4.591551074121331608e-03
1.820000000000000000e+03 0.000000000000000000e+00 0.000000000000000000e+00 2.142367587577132665e-02 4.070498416396552306e-03
1.822500000000000000e+03 0.000000000000000000e+00 0.000000000000000000e+00 2.156775718020646770e-02 4.097873864239228933e-03
1.825000000000000000e+03 0.000000000000000000e+00 0.000000000000000000e+00 2.183298892957733633e-02 4.148267896619694042e-03
1.827500000000000000e+03 0.000000000000000000e+00 0.000000000000000000e+00 2.058711654912439432e-02 3.911552144333634885e-03
1.830000000000000000e+03 0.000000000000000000e+00 0.000000000000000000e+00 2.015034867138693411e-02 3.828566247563517690e-03
1.832500000000000000e+03 0.000000000000000000e+00 0.000000000000000000e+00 2.462667991212140473e-02 4.679069183303067279e-03
1.835000000000000000e+03 0.000000000000000000e+00 0.000000000000000000e+00 3.445099206962570770e-02 6.545688493228883978e-03
1.837500000000000000e+03 0.000000000000000000e+00 0.000000000000000000e+00 4.431899258493167404e-02 8.420608591137019108e-03
1.840000000000000000e+03 0.000000000000000000e+00 0.000000000000000000e+00 4.664149004702609208e-02 8.861883108934957495e-03
1.842500000000000000e+03 0.000000000000000000e+00 0.000000000000000000e+00 3.887660255483857408e-02 7.386554485419329769e-03
1.845000000000000000e+03 0.000000000000000000e+00 0.000000000000000000e+00 2.600271591545542590e-02 4.940516023936530540e-03
1.847500000000000000e+03 0.000000000000000000e+00 0.000000000000000000e+00 1.571138796198890547e-02 2.985163712777892144e-03
1.850000000000000000e+03 0.000000000000000000e+00 0.000000000000000000e+00 1.231779044433103237e-02 2.340380184422896203e-03
1.852500000000000000e+03 0.000000000000000000e+00 0.000000000000000000e+00 1.348492180951470221e-02 2.562135143807793471e-03
1.855000000000000000e+03 0.000000000000000000e+00 0.000000000000000000e+00 1.409091407117786174e-02 2.677273673523793574e-03
1.857500000000000000e+03 0.000000000000000000e+00 0.000000000000000000e+00 1.160093240546357200e-02 2.204177157038078594e-03
1.860000000000000000e+03 0.000000000000000000e+00 0.000000000000000000e+00 7.996477681226455553e-03 1.519330759433026607e-03
1.862500000000000000e+03 0.000000000000000000e+00 0.000000000000000000e+00 6.613972385170363566e-03 1.256654753182369182e-03
1.865000000000000000e+03 0.000000000000000000e+00 0.000000000000000000e+00 8.189711883539792237e-03 1.556045257872560586e-03
1.867500000000000000e+03 0.000000000000000000e+00 0.000000000000000000e+00 1.020793219482202425e-02 1.939507117016184756e-03
1.870000000000000000e+03 0.000000000000000000e+00 0.000000000000000000e+00 1.047349638916120033e-02 1.989964313940628150e-03
1.872500000000000000e+03 0.000000000000000000e+00 0.000000000000000000e+00 1.083409986779541000e-02 2.058478974881127951e-03
1.875000000000000000e+03 0.000000000000000000e+00 0.000000000000000000e+00 1.603863583853851540e-02 3.047340809322318309e-03
1.877500000000000000e+03 0.000000000000000000e+00 0.000000000000000000e+00 2.852245415522966163e-02 5.419266289493636368e-03
1.880000000000000000e+03 0.000000000000000000e+00 0.000000000000000000e+00 4.393452039006880139e-02 8.347558874113071570e-03
1.882500000000000000e+03 0.000000000000000000e+00 0.000000000000000000e+00 5.447873814785519908e-02 1.035096024809248859e-02
1.885000000000000000e+03 0.000000000000000000e+00 0.000000000000000000e+00 5.500270643442476542e-02 1.045051422254070564e-02
1.887500000000000000e+03 0.000000000000000000e+00 0.000000000000000000e+00 4.800602068693458901e-02 9.121143930517572676e-03
1.890000000000000000e+03 0.000000000000000000e+00 0.000000000000000000e+00 4.088276712396485268e-02 7.767725753553321802e-03
1.892500000000000000e+03 0.000000000000000000e+00 0.000000000000000000e+00 3.898043649085583540e-02 7.406282933262609697e-03
1.895000000000000000e+03 0.000000000000000000e+00 0.000000000000000000e+00 4.186606137959787005e-02 7.954551662123596212e-03
1.897500000000000000e+03 0.000000000000000000e+00 0.000000000000000000e+00 4.512393580437938645e-02 8.573547802832084605e-03
1.900000000000000000e+03 0.000000000000000000e+00 0.000000000000000000e+00 4.554301858072552084e-02 8.653173530337848404e-03
1.902500000000000000e+03 0.000000000000000000e+00 0.000000000000000000e+00 4.419228928489449260e-02 8.396534964129953593e-03
1.905000000000000000e+03 0.000000000000000000e+00 0.000000000000000000e+00 4.435151345594885025e-02 8.426787556630281617e-03
1.907500000000000000e+03 0.000000000000000000e+00 0.000000000000000000e+00 4.729311587558907015e-02 8.985692016361923953e-03
1.910000000000000000e+03 0.000000000000000000e+00 0.000000000000000000e+00 5.068223810401310814e-02 9.629625239762492142e-03
1.912500000000000000e+03 0.000000000000000000e+00 0.000000000000000000e+00 5.179284752250405688e-02 9.840641029275771709e-03
1.915000000000000000e+03 0.000000000000000000e+00 0.000000000000000000e+00 5.166482035871414885e-02 9.816315868155688767e-03
1.917500000000000000e+03 0.000000000000000000e+00 0.000000000000000000e+00 5.549235713364545491e-02 1.054354785539263727e-02
1.920000000000000000e+03 0.000000000000000000e+00 0.000000000000000000e+00 6.734325834891610740e-02 1.279521908629406048e-02
1.922500000000000000e+03 0.000000000000000000e+00 0.000000000000000000e+00 8.533202395667673079e-02 1.621308455176857788e-02
1.925000000000000000e+03 0.000000000000000000e+00 0.000000000000000000e+00 1.014302063374600688e-01 1.927173920411741348e-02
1.927500000000000000e+03 0.000000000000000000e+00 0.000000000000000000e+00 1.091047956768653321e-01 2.072991117860441615e-02
1.930000000000000000e+03 0.000000000000000000e+00 0.000000000000000000e+00 1.080823400450676292e-01 2.053564460856285162e-02
1.932500000000000000e+03 0.000000000000000000e+00 0.000000000000000000e+00 1.043313907614785985e-01 1.982296424468093718e-02
1.935000000000000000e+03 0.000000000000000000e+00 0.000000000000000000e+00 1.039701975686505020e-01 1.975433753804359607e-02
1.937500000000000000e+03 0.000000000000000000e+00 0.000000000000000000e+00 1.080906021054214711e-01 2.053721440003008006e-02
1.940000000000000000e+03 0.000000000000000000e+00 0.000000000000000000e+00 1.130855909630566342e-01 2.148626228298075938e-02
1.942500000000000000e+03 0.000000000000000000e+00 0.000000000000000000e+00 1.155196698220516682e-01 2.194873726618981613e-02
1.945000000000000000e+03 0.000000000000000000e+00 0.000000000000000000e+00 1.156002585908213059e-01 2.196404913225604924e-02
1.947500000000000000e+03 0.000000000000000000e+00 0.000000000000000000e+00 1.164279777293337065e-01 2.212131576857340534e-02
1.950000000000000000e+03 0.000000000000000000e+00 0.000000000000000000e+00 1.197151004490345505e-01 2.274586908531656473e-02
1.952500000000000000e+03 0.000000000000000000e+00 0.000000000000000000e+00 1.234769607207247266e-01 2.346062253693769611e-02
1.955000000000000000e+03 0.000000000000000000e+00 0.000000000000000000e+00 1.242115520804274453e-01 2.360019489528121517e-02
1.957500000000000000e+03 0.000000000000000000e+00 0.000000000000000000e+00 1.219201909421196578e-01 2.316483627900273526e-02
1.960000000000000000e+03 0.000000000000000000e+00 0.000000000000000000e+00 1.216747171184335286e-01 2.311819625250237376e-02
1.962500000000000000e+03 0.000000000000000000e+00 0.000000000000000000e+00 1.293266350002272302e-01 2.457206065004317527e-02
1.965000000000000000e+03 0.000000000000000000e+00 0.000000000000000000e+00 1.450729347015326520e-01 2.756385759329120153e-02
1.967500000000000000e+03 0.000000000000000000e+00 0.000000000000000000e+00 1.627650689670416262e-01 3.092536310373790800e-02
1.970000000000000000e+03 0.000000000000000000e+00 0.000000000000000000e+00 1.742833308832207329e-01 3.311383286781194313e-02
1.972500000000000000e+03 0.000000000000000000e+00 0.000000000000000000e+00 1.772859086753623137e-01 3.368432264831883877e-02
1.975000000000000000e+03 0.000000000000000000e+00 0.000000000000000000e+00 1.757717064531756357e-01 3.339662422610337189e-02
1.977500000000000000e+03 0.000000000000000000e+00 0.000000000000000000e+00 1.757839143945525706e-01 3.339894373496499203e-02
1.980000000000000000e+03 0.000000000000000000e+00 0.000000000000000000e+00 1.796349991936280754e-01 3.413064984678933905e-02
1.982500000000000000e+03 0.000000000000000000e+00 0.000000000000000000e+00 1.848327354898280372e-01 3.511821974306732902e-02
1.985000000000000000e+03 0.000000000000000000e+00 0.000000000000000000e+00 1.876656506240406141e-01 3.565647361856771891e-02
1.987500000000000000e+03 0.000000000000000000e+00 0.000000000000000000e+00 1.877444025233967195e-01 3.567143647944537310e-02
1.990000000000000000e+03 0.000000000000000000e+00 0.000000000000000000e+00 1.878925548726864958e-01 3.569958542581043448e-02
1.992500000000000000e+03 0.000000000000000000e+00 0.000000000000000000e+00 1.903311387210395167e-01 3.616291635699751122e-02
1.995000000000000000e+03 0.000000000000000000e+00 0.000000000000000000e+00 1.933115746194807860e-01 3.672919917770135073e-02
1.997500000000000000e+03 0.000000000000000000e+00 0.000000000000000000e+00 1.927443790330999052e-01 3.662143201628898642e-02
2.000000000000000000e+03 0.000000000000000000e+00 0.000000000000000000e+00 1.872409976643137075e-01 3.557578955621960859e-02
