0.000000000000000000e+00 0.000000000000000000e+00 0.000000000000000000e+00 0.000000000000000000e+00 0.000000000000000000e+00 0.000000000000000000e+00 0.000000000000000000e+00 0.000000000000000000e+00 0.000000000000000000e+00 0.000000000000000000e+00 0.000000000000000000e+00
2.500000000000000000e+00 0.000000000000000000e+00 0.000000000000000000e+00 0.000000000000000000e+00 0.000000000000000000e+00 0.000000000000000000e+00 0.000000000000000000e+00 7.923233983604446032e-06 1.983580611794408442e-08 3.126084000704448730e-11 3.734514949036620886e-14
5.000000000000000000e+00 0.000000000000000000e+00 0.000000000000000000e+00 0.000000000000000000e+00 0.000000000000000000e+00 0.000000000000000000e+00 0.000000000000000000e+00 1.093694318756555610e-04 1.019361358736796208e-06 5.881323562829739640e-09 2.561482400676254602e-11
7.500000000000000000e+00 0.000000000000000000e+00 0.000000000000000000e+00 0.000000000000000000e+00 0.000000000000000000e+00 0.000000000000000000e+00 0.000000000000000000e+00 4.335771277943060477e-04 8.083504033462677666e-06 9.038744980645572954e-08 7.523627816941074111e-10
1.000000000000000000e+01 0.000000000000000000e+00 0.000000000000000000e+00 0.000000000000000000e+00 0.000000000000000000e+00 0.000000000000000000e+00 0.000000000000000000e+00 9.757287115568707503e-04 2.755022342649396266e-05 4.428149024452141492e-07 5.127973062416326099e-09
1.250000000000000000e+01 0.000000000000000000e+00 0.000000000000000000e+00 0.000000000000000000e+00 0.000000000000000000e+00 0.000000000000000000e+00 0.000000000000000000e+00 1.546135733288963535e-03 5.595611303934071632e-05 1.062745504697139357e-06 1.368884970231022058e-08
1.500000000000000000e+01 0.000000000000000000e+00 0.000000000000000000e+00 0.000000000000000000e+00 0.000000000000000000e+00 0.000000000000000000e+00 0.000000000000000000e+00 1.909416293852249109e-03 7.918635001056431133e-05 1.526549732866613280e-06 1.818226945649919545e-08
1.750000000000000000e+01 0.000000000000000000e+00 0.000000000000000000e+00 0.000000000000000000e+00 0.000000000000000000e+00 0.000000000000000000e+00 0.000000000000000000e+00 1.978275402098860977e-03 8.700206896574604206e-05 1.502919977786385372e-06 1.432819499341333973e-08
2.000000000000000000e+01 0.000000000000000000e+00 0.000000000000000000e+00 0.000000000000000000e+00 0.000000000000000000e+00 0.000000000000000000e+00 0.000000000000000000e+00 1.895404403665557416e-03 8.326297229605004525e-05 1.179102826447027724e-06 8.702108068499521805e-09
2.250000000000000000e+01 0.000000000000000000e+00 0.000000000000000000e+00 0.000000000000000000e+00 0.000000000000000000e+00 0.000000000000000000e+00 0.000000000000000000e+00 1.939311800898462336e-03 7.958628231620983170e-05 9.006832035483372218e-07 6.123402097469989945e-09
2.500000000000000000e+01 0.000000000000000000e+00 0.000000000000000000e+00 0.000000000000000000e+00 0.000000000000000000e+00 0.000000000000000000e+00 0.000000000000000000e+00 2.316903925213456561e-03 8.409380690059225084e-05 7.989724625377662339e-07 6.043492591702188748e-09
2.750000000000000000e+01 0.000000000000000000e+00 0.000000000000000000e+00 0.000000000000000000e+00 0.000000000000000000e+00 0.000000000000000000e+00 0.000000000000000000e+00 2.989790760104561740e-03 9.827316331778742069e-05 8.765752061906731040e-07 6.631853117429533194e-09
3.000000000000000000e+01 0.000000000000000000e+00 0.000000000000000000e+00 0.000000000000000000e+00 0.000000000000000000e+00 0.000000000000000000e+00 0.000000000000000000e+00 3.677257002381221704e-03 1.175240543480242042e-04 1.194326368340369690e-06 7.433007995593562908e-09
3.250000000000000000e+01 0.000000000000000000e+00 0.000000000000000000e+00 0.000000000000000000e+00 0.000000000000000000e+00 0.000000000000000000e+00 0.000000000000000000e+00 4.056042370848087636e-03 1.304111177857374441e-04 1.781882862496367155e-06 1.289707574958359044e-08
3.500000000000000000e+01 0.000000000000000000e+00 0.000000000000000000e+00 0.000000000000000000e+00 0.000000000000000000e+00 0.000000000000000000e+00 0.000000000000000000e+00 4.005776760000435803e-03 1.253485534462068932e-04 2.337728976179409785e-06 2.505854426313623766e-08
3.750000000000000000e+01 0.000000000000000000e+00 0.000000000000000000e+00 0.000000000000000000e+00 0.000000000000000000e+00 0.000000000000000000e+00 0.000000000000000000e+00 3.693659010551492584e-03 1.040743853105233761e-04 2.429068308178865812e-06 3.302124737104170159e-08
4.000000000000000000e+01 0.000000000000000000e+00 0.000000000000000000e+00 0.000000000000000000e+00 0.000000000000000000e+00 0.000000000000000000e+00 0.000000000000000000e+00 3.425175172800750192e-03 8.182550482508665099e-05 2.042349132990419368e-06 2.810571525407531016e-08
4.250000000000000000e+01 0.000000000000000000e+00 0.000000000000000000e+00 0.000000000000000000e+00 0.000000000000000000e+00 0.000000000000000000e+00 0.000000000000000000e+00 3.388132195869347513e-03 6.944803769426692759e-05 1.468091304602479055e-06 1.637873810562454181e-08
4.500000000000000000e+01 0.000000000000000000e+00 0.000000000000000000e+00 0.000000000000000000e+00 0.000000000000000000e+00 0.000000000000000000e+00 0.000000000000000000e+00 3.506315106440120906e-03 6.258673572680022949e-05 9.131049738307724864e-07 7.123823424801307257e-09
4.750000000000000000e+01 0.000000000000000000e+00 0.000000000000000000e+00 0.000000000000000000e+00 0.000000000000000000e+00 0.000000000000000000e+00 0.000000000000000000e+00 3.526294763605490601e-03 5.274884133680574235e-05 5.258404953642424294e-07 3.150280151324344749e-09
5.000000000000000000e+01 0.000000000000000000e+00 0.000000000000000000e+00 0.000000000000000000e+00 0.000000000000000000e+00 0.000000000000000000e+00 0.000000000000000000e+00 3.259158080051873831e-03 3.998431108969178289e-05 3.518961979413051631e-07 2.350196589824112367e-09
5.250000000000000000e+01 0.000000000000000000e+00 0.000000000000000000e+00 0.000000000000000000e+00 0.000000000000000000e+00 0.000000000000000000e+00 0.000000000000000000e+00 2.755654161818934297e-03 2.890937934427969638e-05 2.876620130554337729e-07 2.189653878906476431e-09
5.500000000000000000e+01 0.000000000000000000e+00 0.000000000000000000e+00 0.000000000000000000e+00 0.000000000000000000e+00 0.000000000000000000e+00 0.000000000000000000e+00 2.255021302102371613e-03 2.128461338286689327e-05 2.737734446797975630e-07 1.758187833192579216e-09
5.750000000000000000e+01 0.000000000000000000e+00 0.000000000000000000e+00 0.000000000000000000e+00 0.000000000000000000e+00 0.000000000000000000e+00 0.000000000000000000e+00 1.970810970749123370e-03 1.799500840664884066e-05 3.266602150756713565e-07 2.463543519448928884e-09
6.000000000000000000e+01 0.000000000000000000e+00 0.000000000000000000e+00 0.000000000000000000e+00 0.000000000000000000e+00 0.000000000000000000e+00 0.000000000000000000e+00 1.924098606387055757e-03 2.004001760638513159e-05 4.535240966193218335e-07 5.281235960286991191e-09
6.250000000000000000e+01 0.000000000000000000e+00 0.000000000000000000e+00 0.000000000000000000e+00 0.000000000000000000e+00 0.000000000000000000e+00 0.000000000000000000e+00 1.957377601229661271e-03 2.371161426851839242e-05 5.733156461926120990e-07 8.035000858199976994e-09
6.500000000000000000e+01 0.000000000000000000e+00 0.000000000000000000e+00 0.000000000000000000e+00 0.000000000000000000e+00 0.000000000000000000e+00 0.000000000000000000e+00 1.884781278954899848e-03 2.183245351015290374e-05 5.192357470930006312e-07 7.218276543829025993e-09
6.750000000000000000e+01 0.000000000000000000e+00 0.000000000000000000e+00 0.000000000000000000e+00 0.000000000000000000e+00 0.000000000000000000e+00 0.000000000000000000e+00 1.644094023005208873e-03 1.290518549701539983e-05 2.905231337106926906e-07 3.822253095503685933e-09
7.000000000000000000e+01 0.000000000000000000e+00 0.000000000000000000e+00 0.000000000000000000e+00 0.000000000000000000e+00 0.000000000000000000e+00 0.000000000000000000e+00 1.340994753823056577e-03 3.932807229846938638e-06 1.006144951866506839e-07 1.390045894665430865e-09
7.250000000000000000e+01 0.000000000000000000e+00 0.000000000000000000e+00 0.000000000000000000e+00 0.000000000000000000e+00 0.000000000000000000e+00 0.000000000000000000e+00 1.154211975676690738e-03 1.282576260080552066e-06 4.669330553290964841e-08 5.463481971995076841e-10
7.500000000000000000e+01 0.000000000000000000e+00 0.000000000000000000e+00 0.000000000000000000e+00 0.000000000000000000e+00 0.000000000000000000e+00 0.000000000000000000e+00 1.171401940749057296e-03 3.560440467681513582e-06 5.553022584567210002e-08 3.199579092513953884e-10
7.750000000000000000e+01 0.000000000000000000e+00 0.000000000000000000e+00 0.000000000000000000e+00 0.000000000000000000e+00 0.000000000000000000e+00 0.000000000000000000e+00 1.304975882074933162e-03 6.806645572245819031e-06 6.955489410525840448e-08 4.778559675346523731e-10
8.000000000000000000e+01 0.000000000000000000e+00 0.000000000000000000e+00 0.000000000000000000e+00 0.000000000000000000e+00 0.000000000000000000e+00 0.000000000000000000e+00 1.390585553785881473e-03 1.054588547949061044e-05 7.844713162668962092e-08 6.493772247708412225e-10
8.250000000000000000e+01 0.000000000000000000e+00 0.000000000000000000e+00 0.000000000000000000e+00 0.000000000000000000e+00 0.000000000000000000e+00 0.000000000000000000e+00 1.380827804865740948e-03 1.579115254886462151e-05 1.415843407082995334e-07 5.383995659204547886e-10
8.500000000000000000e+01 0.000000000000000000e+00 0.000000000000000000e+00 0.000000000000000000e+00 0.000000000000000000e+00 0.000000000000000000e+00 0.000000000000000000e+00 1.415763057765800611e-03 2.525029550529752243e-05 3.764613234351690056e-07 3.076695048688039445e-09
8.750000000000000000e+01 0.000000000000000000e+00 0.000000000000000000e+00 0.000000000000000000e+00 0.000000000000000000e+00 0.000000000000000000e+00 0.000000000000000000e+00 1.676028632309621309e-03 4.619928959913991210e-05 9.192723270420088334e-07 1.185390072586052592e-08
9.000000000000000000e+01 0.000000000000000000e+00 0.000000000000000000e+00 0.000000000000000000e+00 0.000000000000000000e+00 0.000000000000000000e+00 0.000000000000000000e+00 2.170741465237735826e-03 8.238535741887871892e-05 1.759120027983861522e-06 2.390782738439157100e-08
9.250000000000000000e+01 0.000000000000000000e+00 0.000000000000000000e+00 0.000000000000000000e+00 0.000000000000000000e+00 0.000000000000000000e+00 0.000000000000000000e+00 2.681072762721251231e-03 1.224211981426654144e-04 2.444148285110937763e-06 2.903160924453611820e-08
9.500000000000000000e+01 0.000000000000000000e+00 0.000000000000000000e+00 0.000000000000000000e+00 0.000000000000000000e+00 0.000000000000000000e+00 0.000000000000000000e+00 2.915667656869379461e-03 1.463243958919399753e-04 2.450180315402669423e-06 2.342339275722475693e-08
9.750000000000000000e+01 0.000000000000000000e+00 0.000000000000000000e+00 0.000000000000000000e+00 0.000000000000000000e+00 0.000000000000000000e+00 0.000000000000000000e+00 2.740814875949632110e-03 1.454567350850438038e-04 1.906555036389724345e-06 1.421347795162032665e-08
1.000000000000000000e+02 0.000000000000000000e+00 0.000000000000000000e+00 0.000000000000000000e+00 0.000000000000000000e+00 0.000000000000000000e+00 0.000000000000000000e+00 2.297706963695490649e-03 1.297320389740103498e-04 1.355109711613794934e-06 8.770696050735942074e-09
1.025000000000000000e+02 0.000000000000000000e+00 0.000000000000000000e+00 0.000000000000000000e+00 0.000000000000000000e+00 0.000000000000000000e+00 0.000000000000000000e+00 1.914077841259227350e-03 1.153454837567315463e-04 1.070693931461367921e-06 8.261289593050556227e-09
1.050000000000000000e+02 0.000000000000000000e+00 0.000000000000000000e+00 0.000000000000000000e+00 0.000000000000000000e+00 0.000000000000000000e+00 0.000000000000000000e+00 1.870154957947419696e-03 1.118277364877048999e-04 1.052789329483075219e-06 8.271004487537810902e-09
1.075000000000000000e+02 0.000000000000000000e+00 0.000000000000000000e+00 0.000000000000000000e+00 0.000000000000000000e+00 0.000000000000000000e+00 0.000000000000000000e+00 2.190441322286272759e-03 1.195695658288545890e-04 1.299690456559793831e-06 7.790847526277227945e-09
1.100000000000000000e+02 0.000000000000000000e+00 0.000000000000000000e+00 0.000000000000000000e+00 0.000000000000000000e+00 0.000000000000000000e+00 0.000000000000000000e+00 2.622486769758106042e-03 1.304551508388571623e-04 1.791330212777451747e-06 1.302238875587152792e-08
1.125000000000000000e+02 0.000000000000000000e+00 0.000000000000000000e+00 0.000000000000000000e+00 0.000000000000000000e+00 0.000000000000000000e+00 0.000000000000000000e+00 2.823932475043971959e-03 1.299096738516553214e-04 2.241187487229148521e-06 2.329521761182114982e-08
1.150000000000000000e+02 0.000000000000000000e+00 0.000000000000000000e+00 0.000000000000000000e+00 0.000000000000000000e+00 0.000000000000000000e+00 0.000000000000000000e+00 2.614783125806624531e-03 1.077694380794045167e-04 2.159713647544577707e-06 2.613129016027909211e-08
1.175000000000000000e+02 0.000000000000000000e+00 0.000000000000000000e+00 0.000000000000000000e+00 0.000000000000000000e+00 0.000000000000000000e+00 0.000000000000000000e+00 2.100047353023830072e-03 7.052143989718677648e-05 1.476701645607928801e-06 1.792164649222124456e-08
1.200000000000000000e+02 0.000000000000000000e+00 0.000000000000000000e+00 0.000000000000000000e+00 0.000000000000000000e+00 0.000000000000000000e+00 0.000000000000000000e+00 1.570475312622976981e-03 3.646805062590140380e-05 7.122196524510442661e-07 8.024937324633710545e-09
1.225000000000000000e+02 0.000000000000000000e+00 0.000000000000000000e+00 0.000000000000000000e+00 0.000000000000000000e+00 0.000000000000000000e+00 0.000000000000000000e+00 1.265894241951305392e-03 1.704876168947246776e-05 2.681814390206176707e-07 2.361549259302920825e-09
1.250000000000000000e+02 0.000000000000000000e+00 0.000000000000000000e+00 0.000000000000000000e+00 0.000000000000000000e+00 0.000000000000000000e+00 0.000000000000000000e+00 1.201762248841740498e-03 9.317974515222240657e-06 1.025883076812250108e-07 4.338208833486150948e-10
1.275000000000000000e+02 0.000000000000000000e+00 0.000000000000000000e+00 0.000000000000000000e+00 0.000000000000000000e+00 0.000000000000000000e+00 0.000000000000000000e+00 1.210305410091967390e-03 6.388000490034420405e-06 5.595458403143848167e-08 3.716597542682097846e-10
1.300000000000000000e+02 0.000000000000000000e+00 0.000000000000000000e+00 0.000000000000000000e+00 0.000000000000000000e+00 0.000000000000000000e+00 0.000000000000000000e+00 1.147279768888533969e-03 5.144356244570467713e-06 4.135050725288203300e-08 3.314105673379590828e-10
1.325000000000000000e+02 0.000000000000000000e+00 0.000000000000000000e+00 0.000000000000000000e+00 0.000000000000000000e+00 0.000000000000000000e+00 0.000000000000000000e+00 1.044976196414701972e-03 3.488900404812809795e-06 3.960185993641866417e-08 1.326865242009763182e-10
1.350000000000000000e+02 0.000000000000000000e+00 0.000000000000000000e+00 0.000000000000000000e+00 0.000000000000000000e+00 0.000000000000000000e+00 0.000000000000000000e+00 1.054790181717034326e-03 1.089092512090351337e-06 3.952096033077694800e-08 5.890319105153161618e-10
1.375000000000000000e+02 0.000000000000000000e+00 0.000000000000000000e+00 0.000000000000000000e+00 0.000000000000000000e+00 0.000000000000000000e+00 0.000000000000000000e+00 1.263130677060738749e-03 2.760815488257761191e-06 7.941741719599423198e-08 1.768230194417859385e-09
1.400000000000000000e+02 0.000000000000000000e+00 0.000000000000000000e+00 0.000000000000000000e+00 0.000000000000000000e+00 0.000000000000000000e+00 0.000000000000000000e+00 1.590016006671083910e-03 1.225902836550837662e-05 2.755825050672782036e-07 4.627709274780725704e-09
1.425000000000000000e+02 0.000000000000000000e+00 0.000000000000000000e+00 0.000000000000000000e+00 0.000000000000000000e+00 0.000000000000000000e+00 0.000000000000000000e+00 1.860665839377128629e-03 2.451395222863997085e-05 5.648688922551135182e-07 7.838118919060023349e-09
1.450000000000000000e+02 0.000000000000000000e+00 0.000000000000000000e+00 0.000000000000000000e+00 0.000000000000000000e+00 0.000000000000000000e+00 0.000000000000000000e+00 1.961366588998781149e-03 3.082512583749218404e-05 6.924719990968792922e-07 8.610310489481495613e-09
1.475000000000000000e+02 0.000000000000000000e+00 0.000000000000000000e+00 0.000000000000000000e+00 0.000000000000000000e+00 0.000000000000000000e+00 0.000000000000000000e+00 1.941015583986653885e-03 2.999163598630355629e-05 6.056215279681439677e-07 6.611405519190749687e-09
1.500000000000000000e+02 0.000000000000000000e+00 0.000000000000000000e+00 0.000000000000000000e+00 0.000000000000000000e+00 0.000000000000000000e+00 0.000000000000000000e+00 1.983102103943569939e-03 2.897493303461578994e-05 4.774687892464478899e-07 3.777010791065128186e-09
1.525000000000000000e+02 0.000000000000000000e+00 0.000000000000000000e+00 0.000000000000000000e+00 0.000000000000000000e+00 0.000000000000000000e+00 0.000000000000000000e+00 2.261476000190664436e-03 3.360056654142387167e-05 4.166147191510962667e-07 2.700309852722486841e-09
1.550000000000000000e+02 0.000000000000000000e+00 0.000000000000000000e+00 0.000000000000000000e+00 0.000000000000000000e+00 0.000000000000000000e+00 0.000000000000000000e+00 2.777674374558705608e-03 4.393151519882489630e-05 4.172671751684741647e-07 3.700629986366055803e-09
1.575000000000000000e+02 0.000000000000000000e+00 0.000000000000000000e+00 0.000000000000000000e+00 0.000000000000000000e+00 0.000000000000000000e+00 0.000000000000000000e+00 3.324131176293941819e-03 5.757626800955035622e-05 4.783616553572907508e-07 3.671974593222189910e-09
1.600000000000000000e+02 0.000000000000000000e+00 0.000000000000000000e+00 0.000000000000000000e+00 0.000000000000000000e+00 0.000000000000000000e+00 0.000000000000000000e+00 3.641002380578425499e-03 7.076290444473717380e-05 6.949026042521436345e-07 3.386751322135572100e-09
1.625000000000000000e+02 0.000000000000000000e+00 0.000000000000000000e+00 0.000000000000000000e+00 0.000000000000000000e+00 0.000000000000000000e+00 0.000000000000000000e+00 3.645084435327926309e-03 7.840036442387618876e-05 1.140234462868766092e-06 9.525771634709271472e-09
1.650000000000000000e+02 0.000000000000000000e+00 0.000000000000000000e+00 0.000000000000000000e+00 0.000000000000000000e+00 0.000000000000000000e+00 0.000000000000000000e+00 3.507625128699450295e-03 8.100704993493152079e-05 1.691075337946191070e-06 2.110327934545902260e-08
1.675000000000000000e+02 0.000000000000000000e+00 0.000000000000000000e+00 0.000000000000000000e+00 0.000000000000000000e+00 0.000000000000000000e+00 0.000000000000000000e+00 3.494376094642202054e-03 8.769070528621233549e-05 2.160298633760455069e-06 2.953483571458895966e-08
1.700000000000000000e+02 0.000000000000000000e+00 0.000000000000000000e+00 0.000000000000000000e+00 0.000000000000000000e+00 0.000000000000000000e+00 0.000000000000000000e+00 3.716336781500205466e-03 1.035840006735232519e-04 2.372728889717839497e-06 2.975776208786410181e-08
1.725000000000000000e+02 0.000000000000000000e+00 0.000000000000000000e+00 0.000000000000000000e+00 0.000000000000000000e+00 0.000000000000000000e+00 0.000000000000000000e+00 4.019032648293454149e-03 1.187261675727786390e-04 2.137614546833190008e-06 2.206201804408036723e-08
1.750000000000000000e+02 0.000000000000000000e+00 0.000000000000000000e+00 0.000000000000000000e+00 0.000000000000000000e+00 0.000000000000000000e+00 0.000000000000000000e+00 4.103893121539356655e-03 1.184396047469076028e-04 1.561370540691544444e-06 1.167107346648774464e-08
1.775000000000000000e+02 0.000000000000000000e+00 0.000000000000000000e+00 0.000000000000000000e+00 0.000000000000000000e+00 0.000000000000000000e+00 0.000000000000000000e+00 3.775918680816917668e-03 1.014801461491801035e-04 1.037250907785319935e-06 6.239453162847568443e-09
1.800000000000000000e+02 0.000000000000000000e+00 0.000000000000000000e+00 0.000000000000000000e+00 0.000000000000000000e+00 0.000000000000000000e+00 0.000000000000000000e+00 3.112334322963087284e-03 7.991042025809848900e-05 7.536853421232956628e-07 5.932381300027879856e-09
1.825000000000000000e+02 0.000000000000000000e+00 0.000000000000000000e+00 0.000000000000000000e+00 0.000000000000000000e+00 0.000000000000000000e+00 0.000000000000000000e+00 2.413368475715376316e-03 6.483429253903722075e-05 6.544342506748645829e-07 4.851763775142762862e-09
1.850000000000000000e+02 0.000000000000000000e+00 0.000000000000000000e+00 0.000000000000000000e+00 0.000000000000000000e+00 0.000000000000000000e+00 0.000000000000000000e+00 1.976342508726439736e-03 6.001920725214767685e-05 7.129540350715867917e-07 3.959929136289777614e-09
1.875000000000000000e+02 0.000000000000000000e+00 0.000000000000000000e+00 0.000000000000000000e+00 0.000000000000000000e+00 0.000000000000000000e+00 0.000000000000000000e+00 1.879512327430998830e-03 6.436838039497743032e-05 9.539935721383417307e-07 7.590789729827991351e-09
1.900000000000000000e+02 0.000000000000000000e+00 0.000000000000000000e+00 0.000000000000000000e+00 0.000000000000000000e+00 0.000000000000000000e+00 0.000000000000000000e+00 1.943957138026878619e-03 7.148227203239670806e-05 1.281036404243742221e-06 1.341462401776377043e-08
1.925000000000000000e+02 0.000000000000000000e+00 0.000000000000000000e+00 0.000000000000000000e+00 0.000000000000000000e+00 0.000000000000000000e+00 0.000000000000000000e+00 1.888639626766208928e-03 7.014655170530161726e-05 1.374137629704533124e-06 1.541503248480189445e-08
1.950000000000000000e+02 0.000000000000000000e+00 0.000000000000000000e+00 0.000000000000000000e+00 0.000000000000000000e+00 0.000000000000000000e+00 0.000000000000000000e+00 1.549001840671209232e-03 5.392568356630567398e-05 1.015494436196042170e-06 1.175211602588988847e-08
1.975000000000000000e+02 0.000000000000000000e+00 0.000000000000000000e+00 0.000000000000000000e+00 0.000000000000000000e+00 0.000000000000000000e+00 0.000000000000000000e+00 9.937128458737630714e-04 2.980217910401543240e-05 4.726800756029662555e-07 5.358738824883969807e-09
2.000000000000000000e+02 0.000000000000000000e+00 0.000000000000000000e+00 0.000000000000000000e+00 0.000000000000000000e+00 0.000000000000000000e+00 0.000000000000000000e+00 4.538985807740459309e-04 1.123373267572531067e-05 1.326121062367113350e-07 1.064587947245987050e-09
2.025000000000000000e+02 0.000000000000000000e+00 0.000000000000000000e+00 0.000000000000000000e+00 0.000000000000000000e+00 0.000000000000000000e+00 0.000000000000000000e+00 1.252825378773960493e-04 3.520915398373068237e-06 2.566882337382837571e-08 5.904844769424017132e-11
2.050000000000000000e+02 0.000000000000000000e+00 0.000000000000000000e+00 0.000000000000000000e+00 0.000000000000000000e+00 0.000000000000000000e+00 0.000000000000000000e+00 1.992999325083451428e-05 2.053393356142499043e-06 7.817689717820398226e-09 6.643670929512721063e-11
2.075000000000000000e+02 0.000000000000000000e+00 0.000000000000000000e+00 0.000000000000000000e+00 0.000000000000000000e+00 0.000000000000000000e+00 0.000000000000000000e+00 1.109090561769972664e-05 2.036821283522080131e-06 5.445300583722074842e-09 9.781702255324824114e-11
2.100000000000000000e+02 0.000000000000000000e+00 0.000000000000000000e+00 0.000000000000000000e+00 0.000000000000000000e+00 0.000000000000000000e+00 0.000000000000000000e+00 1.766352757680460383e-05 2.216670386243265143e-06 4.773555933842913695e-09 7.340804805247745531e-11
2.125000000000000000e+02 0.000000000000000000e+00 0.000000000000000000e+00 0.000000000000000000e+00 0.000000000000000000e+00 0.000000000000000000e+00 0.000000000000000000e+00 1.119039830561243130e-04 3.610795605413160919e-06 1.548626144966971204e-08 1.954591727099884064e-10
2.150000000000000000e+02 0.000000000000000000e+00 0.000000000000000000e+00 0.000000000000000000e+00 0.000000000000000000e+00 0.000000000000000000e+00 0.000000000000000000e+00 4.232581460747770899e-04 1.179394871223082193e-05 1.256994598977784696e-07 1.769743221671031194e-09
2.175000000000000000e+02 0.000000000000000000e+00 0.000000000000000000e+00 0.000000000000000000e+00 0.000000000000000000e+00 0.000000000000000000e+00 0.000000000000000000e+00 9.568509416744976851e-04 3.384663895487124551e-05 5.466412254875489087e-07 7.333403111964608060e-09
2.200000000000000000e+02 0.000000000000000000e+00 0.000000000000000000e+00 0.000000000000000000e+00 0.000000000000000000e+00 0.000000000000000000e+00 0.000000000000000000e+00 1.535445391395628663e-03 6.683713311541559241e-05 1.258142667370576863e-06 1.575901470644022187e-08
2.225000000000000000e+02 0.000000000000000000e+00 0.000000000000000000e+00 0.000000000000000000e+00 0.000000000000000000e+00 0.000000000000000000e+00 0.000000000000000000e+00 1.923367449180618961e-03 9.561912814653604660e-05 1.772599931303787353e-06 2.049372963273290788e-08
2.250000000000000000e+02 0.000000000000000000e+00 0.000000000000000000e+00 0.000000000000000000e+00 0.000000000000000000e+00 0.000000000000000000e+00 0.000000000000000000e+00 2.012671500584142011e-03 1.072065502588131542e-04 1.739981494237337851e-06 1.668834605176454391e-08
2.275000000000000000e+02 0.000000000000000000e+00 0.000000000000000000e+00 0.000000000000000000e+00 0.000000000000000000e+00 0.000000000000000000e+00 0.000000000000000000e+00 1.918442615792835364e-03 1.035372789696517901e-04 1.379831359262703293e-06 9.652298876769546029e-09
2.300000000000000000e+02 0.000000000000000000e+00 0.000000000000000000e+00 0.000000000000000000e+00 0.000000000000000000e+00 0.000000000000000000e+00 0.000000000000000000e+00 1.911980493078428971e-03 9.697409383668903981e-05 1.059920238860664613e-06 7.558332267300953787e-09
2.325000000000000000e+02 0.000000000000000000e+00 0.000000000000000000e+00 0.000000000000000000e+00 0.000000000000000000e+00 0.000000000000000000e+00 0.000000000000000000e+00 2.227306348609424825e-03 9.733955735069457912e-05 9.254764496321958341e-07 8.349115464583406381e-09
2.350000000000000000e+02 0.000000000000000000e+00 0.000000000000000000e+00 0.000000000000000000e+00 0.000000000000000000e+00 0.000000000000000000e+00 0.000000000000000000e+00 2.868212818732230641e-03 1.065522779774736461e-04 9.851531421620318635e-07 6.897712824379611880e-09
2.375000000000000000e+02 0.000000000000000000e+00 0.000000000000000000e+00 0.000000000000000000e+00 0.000000000000000000e+00 0.000000000000000000e+00 0.000000000000000000e+00 3.573857674685740164e-03 1.199010099456034121e-04 1.274058290933074665e-06 7.187588282522754645e-09
2.400000000000000000e+02 0.000000000000000000e+00 0.000000000000000000e+00 0.000000000000000000e+00 0.000000000000000000e+00 0.000000000000000000e+00 0.000000000000000000e+00 4.000359862485286522e-03 1.269607272668261250e-04 1.780109443804768082e-06 1.461834711113972278e-08
2.425000000000000000e+02 0.000000000000000000e+00 0.000000000000000000e+00 0.000000000000000000e+00 0.000000000000000000e+00 0.000000000000000000e+00 0.000000000000000000e+00 3.984972622548125717e-03 1.174802149386022559e-04 2.196697849403103194e-06 2.386886386072480424e-08
2.450000000000000000e+02 0.000000000000000000e+00 0.000000000000000000e+00 0.000000000000000000e+00 0.000000000000000000e+00 0.000000000000000000e+00 0.000000000000000000e+00 3.665997042213388433e-03 9.307020890705317061e-05 2.135714762846978863e-06 2.671056784755421766e-08
2.475000000000000000e+02 0.000000000000000000e+00 0.000000000000000000e+00 0.000000000000000000e+00 0.000000000000000000e+00 0.000000000000000000e+00 0.000000000000000000e+00 3.353065110331819761e-03 6.795796037072783481e-05 1.658544944069464181e-06 2.168761390005306832e-08
2.500000000000000000e+02 0.000000000000000000e+00 0.000000000000000000e+00 0.000000000000000000e+00 0.000000000000000000e+00 0.000000000000000000e+00 0.000000000000000000e+00 3.264150526675201232e-03 5.308948447125920456e-05 1.111275323176674142e-06 1.260527081072473381e-08
2.525000000000000000e+02 0.000000000000000000e+00 0.000000000000000000e+00 0.000000000000000000e+00 0.000000000000000000e+00 0.000000000000000000e+00 0.000000000000000000e+00 3.356898237914583086e-03 4.545979860667205026e-05 6.815370194791163379e-07 4.962417945446294711e-09
2.550000000000000000e+02 0.000000000000000000e+00 0.000000000000000000e+00 0.000000000000000000e+00 0.000000000000000000e+00 0.000000000000000000e+00 0.000000000000000000e+00 3.393360306713136872e-03 3.756772802632377085e-05 4.156451131936309378e-07 2.383088375869858362e-09
2.575000000000000000e+02 0.000000000000000000e+00 0.000000000000000000e+00 0.000000000000000000e+00 0.000000000000000000e+00 0.000000000000000000e+00 0.000000000000000000e+00 3.172189454062339983e-03 2.897917588840779647e-05 2.816292938959559731e-07 2.256677303689702479e-09
2.600000000000000000e+02 0.000000000000000000e+00 0.000000000000000000e+00 0.000000000000000000e+00 0.000000000000000000e+00 0.000000000000000000e+00 0.000000000000000000e+00 2.714159595035214520e-03 2.250762690718022041e-05 2.143926919460709480e-07 1.246519401255141494e-09
2.625000000000000000e+02 0.000000000000000000e+00 0.000000000000000000e+00 0.000000000000000000e+00 0.000000000000000000e+00 0.000000000000000000e+00 0.000000000000000000e+00 2.235331160617453489e-03 1.795931059935380837e-05 2.136321508904985273e-07 1.187691457443445237e-09
2.650000000000000000e+02 0.000000000000000000e+00 0.000000000000000000e+00 0.000000000000000000e+00 0.000000000000000000e+00 0.000000000000000000e+00 0.000000000000000000e+00 1.950513632179048332e-03 1.574559423051444387e-05 2.945581828959855569e-07 3.014719356113824160e-09
2.675000000000000000e+02 0.000000000000000000e+00 0.000000000000000000e+00 0.000000000000000000e+00 0.000000000000000000e+00 0.000000000000000000e+00 0.000000000000000000e+00 1.900915540164813903e-03 1.850796515816852621e-05 4.546008705695935923e-07 5.679475438552941269e-09
2.700000000000000000e+02 0.000000000000000000e+00 0.000000000000000000e+00 0.000000000000000000e+00 0.000000000000000000e+00 0.000000000000000000e+00 0.000000000000000000e+00 1.946514943909626342e-03 2.446960502840928243e-05 6.248997955820603302e-07 8.389223355711352023e-09
2.725000000000000000e+02 0.000000000000000000e+00 0.000000000000000000e+00 0.000000000000000000e+00 0.000000000000000000e+00 0.000000000000000000e+00 0.000000000000000000e+00 1.901891717431370126e-03 2.599282353307433996e-05 6.274047924079576815e-07 8.928252509577107087e-09
2.750000000000000000e+02 0.000000000000000000e+00 0.000000000000000000e+00 0.000000000000000000e+00 0.000000000000000000e+00 0.000000000000000000e+00 0.000000000000000000e+00 1.693204261564928374e-03 1.906261115530977535e-05 4.223252504897533633e-07 5.705928237194744731e-09
2.775000000000000000e+02 0.000000000000000000e+00 0.000000000000000000e+00 0.000000000000000000e+00 0.000000000000000000e+00 0.000000000000000000e+00 0.000000000000000000e+00 1.417109195905561468e-03 9.568198173506951097e-06 2.063338574448567911e-07 2.077425285723527352e-09
2.800000000000000000e+02 0.000000000000000000e+00 0.000000000000000000e+00 0.000000000000000000e+00 0.000000000000000000e+00 0.000000000000000000e+00 0.000000000000000000e+00 1.253659685504477685e-03 5.850619864072609780e-06 1.177661034986175384e-07 7.959351929021068490e-10
2.825000000000000000e+02 0.000000000000000000e+00 0.000000000000000000e+00 0.000000000000000000e+00 0.000000000000000000e+00 0.000000000000000000e+00 0.000000000000000000e+00 1.297145147803404480e-03 9.010229991487570577e-06 1.192720184056317402e-07 1.106881577422712848e-09
2.850000000000000000e+02 0.000000000000000000e+00 0.000000000000000000e+00 0.000000000000000000e+00 0.000000000000000000e+00 0.000000000000000000e+00 0.000000000000000000e+00 1.461184784060536469e-03 1.505675576841013764e-05 1.339024550162168292e-07 1.544677497459241661e-09
2.875000000000000000e+02 0.000000000000000000e+00 0.000000000000000000e+00 0.000000000000000000e+00 0.000000000000000000e+00 0.000000000000000000e+00 0.000000000000000000e+00 1.571424223728232639e-03 2.155229617467063091e-05 1.449478639665376110e-07 8.827682819786734445e-10
2.900000000000000000e+02 0.000000000000000000e+00 0.000000000000000000e+00 0.000000000000000000e+00 0.000000000000000000e+00 0.000000000000000000e+00 0.000000000000000000e+00 1.564313013320563737e-03 2.829132775068384924e-05 2.364129209863169160e-07 1.080801048015775643e-09
2.925000000000000000e+02 0.000000000000000000e+00 0.000000000000000000e+00 0.000000000000000000e+00 0.000000000000000000e+00 0.000000000000000000e+00 0.000000000000000000e+00 1.571325646511297124e-03 3.806733156048327875e-05 5.296810315176818643e-07 5.101780423843327569e-09
2.950000000000000000e+02 0.000000000000000000e+00 0.000000000000000000e+00 0.000000000000000000e+00 0.000000000000000000e+00 0.000000000000000000e+00 0.000000000000000000e+00 1.783871940604023296e-03 5.826632580088457621e-05 1.115094753065337631e-06 1.389187230291521137e-08
2.975000000000000000e+02 0.000000000000000000e+00 0.000000000000000000e+00 0.000000000000000000e+00 0.000000000000000000e+00 0.000000000000000000e+00 0.000000000000000000e+00 2.238969936257933103e-03 9.263471911964811457e-05 1.910782226162169635e-06 2.479131179967720128e-08
3.000000000000000000e+02 0.000000000000000000e+00 0.000000000000000000e+00 0.000000000000000000e+00 0.000000000000000000e+00 0.000000000000000000e+00 0.000000000000000000e+00 2.744122000405641113e-03 1.301086713743157693e-04 2.463915815238492836e-06 2.911556938479504309e-08
3.025000000000000000e+02 0.000000000000000000e+00 0.000000000000000000e+00 0.000000000000000000e+00 0.000000000000000000e+00 0.000000000000000000e+00 0.000000000000000000e+00 3.009482161844248028e-03 1.507218687987740889e-04 2.363893815392047977e-06 2.168853526839236566e-08
3.050000000000000000e+02 0.000000000000000000e+00 0.000000000000000000e+00 0.000000000000000000e+00 0.000000000000000000e+00 0.000000000000000000e+00 0.000000000000000000e+00 2.870318970132147533e-03 1.454203381709391141e-04 1.814860617042342490e-06 1.234223347745544280e-08
3.075000000000000000e+02 0.000000000000000000e+00 0.000000000000000000e+00 0.000000000000000000e+00 0.000000000000000000e+00 0.000000000000000000e+00 0.000000000000000000e+00 2.424962823991765135e-03 1.243020671901299960e-04 1.306075290252554117e-06 9.639962336679405393e-09
3.100000000000000000e+02 0.000000000000000000e+00 0.000000000000000000e+00 0.000000000000000000e+00 0.000000000000000000e+00 0.000000000000000000e+00 0.000000000000000000e+00 1.983191213599192187e-03 1.044509267924252524e-04 1.039687460227086792e-06 8.603267921604303612e-09
3.125000000000000000e+02 0.000000000000000000e+00 0.000000000000000000e+00 0.000000000000000000e+00 0.000000000000000000e+00 0.000000000000000000e+00 0.000000000000000000e+00 1.850771432520835090e-03 9.609070580815619333e-05 9.855029291626666036e-07 6.474607011496899493e-09
3.150000000000000000e+02 0.000000000000000000e+00 0.000000000000000000e+00 0.000000000000000000e+00 0.000000000000000000e+00 0.000000000000000000e+00 0.000000000000000000e+00 2.100362132480664609e-03 1.002654783450072299e-04 1.150980130766870803e-06 7.213464030173382835e-09
3.175000000000000000e+02 0.000000000000000000e+00 0.000000000000000000e+00 0.000000000000000000e+00 0.000000000000000000e+00 0.000000000000000000e+00 0.000000000000000000e+00 2.509353586904235038e-03 1.103213757070886528e-04 1.556328005485684963e-06 1.216959785234100465e-08
3.200000000000000000e+02 0.000000000000000000e+00 0.000000000000000000e+00 0.000000000000000000e+00 0.000000000000000000e+00 0.000000000000000000e+00 0.000000000000000000e+00 2.726214979116564976e-03 1.130421323494048115e-04 1.956592907891839120e-06 1.890665514250775891e-08
3.225000000000000000e+02 0.000000000000000000e+00 0.000000000000000000e+00 0.000000000000000000e+00 0.000000000000000000e+00 0.000000000000000000e+00 0.000000000000000000e+00 2.538089985087873569e-03 9.729440211571417402e-05 1.891665066555529040e-06 2.179932088235231363e-08
3.250000000000000000e+02 0.000000000000000000e+00 0.000000000000000000e+00 0.000000000000000000e+00 0.000000000000000000e+00 0.000000000000000000e+00 0.000000000000000000e+00 2.023116140438238880e-03 6.631573193393618050e-05 1.301371785934958119e-06 1.584325976078116529e-08
3.275000000000000000e+02 0.000000000000000000e+00 0.000000000000000000e+00 0.000000000000000000e+00 0.000000000000000000e+00 0.000000000000000000e+00 0.000000000000000000e+00 1.467217669703155172e-03 3.597604605542749991e-05 6.493374896912596840e-07 6.574604088916063190e-09
3.300000000000000000e+02 0.000000000000000000e+00 0.000000000000000000e+00 0.000000000000000000e+00 0.000000000000000000e+00 0.000000000000000000e+00 0.000000000000000000e+00 1.124359879564997998e-03 1.814513037300994087e-05 2.716903729879270237e-07 1.754730203336916137e-09
3.325000000000000000e+02 0.000000000000000000e+00 0.000000000000000000e+00 0.000000000000000000e+00 0.000000000000000000e+00 0.000000000000000000e+00 0.000000000000000000e+00 1.031306555274199297e-03 1.162616821060170790e-05 1.221477641808615525e-07 8.123170374048369338e-10
3.350000000000000000e+02 0.000000000000000000e+00 0.000000000000000000e+00 0.000000000000000000e+00 0.000000000000000000e+00 0.000000000000000000e+00 0.000000000000000000e+00 1.035872133157006653e-03 1.012832808434696915e-05 6.427144555093984180e-08 5.169497261603361591e-10
3.375000000000000000e+02 0.000000000000000000e+00 0.000000000000000000e+00 0.000000000000000000e+00 0.000000000000000000e+00 0.000000000000000000e+00 0.000000000000000000e+00 9.937995822285475636e-04 9.819365140135026925e-06 4.402326268345195992e-08 1.470807874020113736e-10
3.400000000000000000e+02 0.000000000000000000e+00 0.000000000000000000e+00 0.000000000000000000e+00 0.000000000000000000e+00 0.000000000000000000e+00 0.000000000000000000e+00 9.223285882262334924e-04 8.094883559138198046e-06 5.849255067345420625e-08 4.116126668417328022e-10
3.425000000000000000e+02 0.000000000000000000e+00 0.000000000000000000e+00 0.000000000000000000e+00 0.000000000000000000e+00 0.000000000000000000e+00 0.000000000000000000e+00 9.568508530018736457e-04 5.062754200465592759e-06 7.427107692357886624e-08 1.113697768407214703e-09
3.450000000000000000e+02 0.000000000000000000e+00 0.000000000000000000e+00 0.000000000000000000e+00 0.000000000000000000e+00 0.000000000000000000e+00 0.000000000000000000e+00 1.181803176507839094e-03 6.640138362573730349e-06 1.273720264006864465e-07 2.447102277901064951e-09
3.475000000000000000e+02 0.000000000000000000e+00 0.000000000000000000e+00 0.000000000000000000e+00 0.000000000000000000e+00 0.000000000000000000e+00 0.000000000000000000e+00 1.527954625664343889e-03 1.783657701532999704e-05 3.656533090955743087e-07 6.070619831082724145e-09
3.500000000000000000e+02 0.000000000000000000e+00 0.000000000000000000e+00 0.000000000000000000e+00 0.000000000000000000e+00 0.000000000000000000e+00 0.000000000000000000e+00 1.827551741866775218e-03 3.378634526255802325e-05 7.186867097521196879e-07 1.069957025423290092e-08
3.525000000000000000e+02 0.000000000000000000e+00 0.000000000000000000e+00 0.000000000000000000e+00 0.000000000000000000e+00 0.000000000000000000e+00 0.000000000000000000e+00 1.958354310007416263e-03 4.398360104956383431e-05 8.924349074884751298e-07 1.091171799590954205e-08
3.550000000000000000e+02 0.000000000000000000e+00 0.000000000000000000e+00 0.000000000000000000e+00 0.000000000000000000e+00 0.000000000000000000e+00 0.000000000000000000e+00 1.952645421806771401e-03 4.505405106775075576e-05 8.097451169463744798e-07 7.152940218462971926e-09
3.575000000000000000e+02 0.000000000000000000e+00 0.000000000000000000e+00 0.000000000000000000e+00 0.000000000000000000e+00 0.000000000000000000e+00 0.000000000000000000e+00 1.988736299016192945e-03 4.403200263337177982e-05 6.557150682895957479e-07 5.031810758527904603e-09
3.600000000000000000e+02 0.000000000000000000e+00 0.000000000000000000e+00 0.000000000000000000e+00 0.000000000000000000e+00 0.000000000000000000e+00 0.000000000000000000e+00 2.256773549224214397e-03 4.854944886887450260e-05 5.736570408633144284e-07 5.323662397846624842e-09
3.625000000000000000e+02 0.000000000000000000e+00 0.000000000000000000e+00 0.000000000000000000e+00 0.000000000000000000e+00 0.000000000000000000e+00 0.000000000000000000e+00 2.783589998088573103e-03 5.916954037642726188e-05 5.716012047587674387e-07 5.213436801932770733e-09
3.650000000000000000e+02 0.000000000000000000e+00 0.000000000000000000e+00 0.000000000000000000e+00 0.000000000000000000e+00 0.000000000000000000e+00 0.000000000000000000e+00 3.371196529385223073e-03 7.185775749955918587e-05 6.342246432376434893e-07 4.218695684190627377e-09
3.675000000000000000e+02 0.000000000000000000e+00 0.000000000000000000e+00 0.000000000000000000e+00 0.000000000000000000e+00 0.000000000000000000e+00 0.000000000000000000e+00 3.740923020821419840e-03 8.159601778151751961e-05 8.353918745609555499e-07 4.971935620975490402e-09
3.700000000000000000e+02 0.000000000000000000e+00 0.000000000000000000e+00 0.000000000000000000e+00 0.000000000000000000e+00 0.000000000000000000e+00 0.000000000000000000e+00 3.775453261259878977e-03 8.403981920552108591e-05 1.221251188282203242e-06 1.016348442037614217e-08
3.725000000000000000e+02 0.000000000000000000e+00 0.000000000000000000e+00 0.000000000000000000e+00 0.000000000000000000e+00 0.000000000000000000e+00 0.000000000000000000e+00 3.624561899683730829e-03 8.076162301674540665e-05 1.637118793532791612e-06 1.910614725734113921e-08
3.750000000000000000e+02 0.000000000000000000e+00 0.000000000000000000e+00 0.000000000000000000e+00 0.000000000000000000e+00 0.000000000000000000e+00 0.000000000000000000e+00 3.563353720451597258e-03 8.084194643870821464e-05 1.910430560692259548e-06 2.576148039212497170e-08
3.775000000000000000e+02 0.000000000000000000e+00 0.000000000000000000e+00 0.000000000000000000e+00 0.000000000000000000e+00 0.000000000000000000e+00 0.000000000000000000e+00 3.737075777276433180e-03 8.973628213493516147e-05 1.956758109987884391e-06 2.411701552595989899e-08
3.800000000000000000e+02 0.000000000000000000e+00 0.000000000000000000e+00 0.000000000000000000e+00 0.000000000000000000e+00 0.000000000000000000e+00 0.000000000000000000e+00 4.026016990451315898e-03 9.930151251324498176e-05 1.703197492455222465e-06 1.576841179939202710e-08
3.825000000000000000e+02 0.000000000000000000e+00 0.000000000000000000e+00 0.000000000000000000e+00 0.000000000000000000e+00 0.000000000000000000e+00 0.000000000000000000e+00 4.141129417041340167e-03 9.676332696007233346e-05 1.262990352576468775e-06 8.919964440768144118e-09
3.850000000000000000e+02 0.000000000000000000e+00 0.000000000000000000e+00 0.000000000000000000e+00 0.000000000000000000e+00 0.000000000000000000e+00 0.000000000000000000e+00 3.862682674342074029e-03 8.111951611715489409e-05 8.927895193606004990e-07 6.377770870595801175e-09
3.875000000000000000e+02 0.000000000000000000e+00 0.000000000000000000e+00 0.000000000000000000e+00 0.000000000000000000e+00 0.000000000000000000e+00 0.000000000000000000e+00 3.226446072047245341e-03 6.297708240556071813e-05 6.668995670856128365e-07 4.792429215941966069e-09
3.900000000000000000e+02 0.000000000000000000e+00 0.000000000000000000e+00 0.000000000000000000e+00 0.000000000000000000e+00 0.000000000000000000e+00 0.000000000000000000e+00 2.507768166309153144e-03 5.147410286163306561e-05 5.504455086114168295e-07 3.600351473354395656e-09
3.925000000000000000e+02 0.000000000000000000e+00 0.000000000000000000e+00 0.000000000000000000e+00 0.000000000000000000e+00 0.000000000000000000e+00 0.000000000000000000e+00 2.015857444498111301e-03 4.933556441965549817e-05 5.988306028920110678e-07 3.802085206664808196e-09
3.950000000000000000e+02 0.000000000000000000e+00 0.000000000000000000e+00 0.000000000000000000e+00 0.000000000000000000e+00 0.000000000000000000e+00 0.000000000000000000e+00 1.865344461650035156e-03 5.620154418822987828e-05 8.703063774039833668e-07 6.730649585894913706e-09
3.975000000000000000e+02 0.000000000000000000e+00 0.000000000000000000e+00 0.000000000000000000e+00 0.000000000000000000e+00 0.000000000000000000e+00 0.000000000000000000e+00 1.906628051081012305e-03 6.732370129289251071e-05 1.255451650128160782e-06 1.316708769642983343e-08
4.000000000000000000e+02 0.000000000000000000e+00 0.000000000000000000e+00 0.000000000000000000e+00 0.000000000000000000e+00 0.000000000000000000e+00 0.000000000000000000e+00 1.861455094802913924e-03 7.168700595603754973e-05 1.423775762745179128e-06 1.746172689977352631e-08
4.025000000000000000e+02 0.000000000000000000e+00 0.000000000000000000e+00 0.000000000000000000e+00 0.000000000000000000e+00 0.000000000000000000e+00 0.000000000000000000e+00 1.548086709884221885e-03 6.051247949248952251e-05 1.139812252272484838e-06 1.321043007600188268e-08
4.050000000000000000e+02 0.000000000000000000e+00 0.000000000000000000e+00 0.000000000000000000e+00 0.000000000000000000e+00 0.000000000000000000e+00 0.000000000000000000e+00 1.016478120187209490e-03 3.815505787986125312e-05 6.152320505773360247e-07 5.644772534433457340e-09
4.075000000000000000e+02 0.000000000000000000e+00 0.000000000000000000e+00 0.000000000000000000e+00 0.000000000000000000e+00 0.000000000000000000e+00 0.000000000000000000e+00 4.887117076416185512e-04 1.820639030459156215e-05 2.261631731954942551e-07 1.715870676587836464e-09
4.100000000000000000e+02 0.000000000000000000e+00 0.000000000000000000e+00 0.000000000000000000e+00 0.000000000000000000e+00 0.000000000000000000e+00 0.000000000000000000e+00 1.615280128884323486e-04 8.582830775446751169e-06 6.756286469170680210e-08 6.199773903664772199e-10
4.125000000000000000e+02 0.000000000000000000e+00 0.000000000000000000e+00 0.000000000000000000e+00 0.000000000000000000e+00 0.000000000000000000e+00 0.000000000000000000e+00 5.351300637633652553e-05 6.584003554566742078e-06 2.939498322489262488e-08 3.479142816673868698e-10
4.150000000000000000e+02 0.000000000000000000e+00 0.000000000000000000e+00 0.000000000000000000e+00 0.000000000000000000e+00 0.000000000000000000e+00 0.000000000000000000e+00 4.315137841355942656e-05 7.068211207124302970e-06 1.971681203486160311e-08 2.372071515995208794e-10
4.175000000000000000e+02 0.000000000000000000e+00 0.000000000000000000e+00 0.000000000000000000e+00 0.000000000000000000e+00 0.000000000000000000e+00 0.000000000000000000e+00 4.699323222020855274e-05 8.000971610864475328e-06 1.546849518713251302e-08 9.063176088572431670e-11
4.200000000000000000e+02 0.000000000000000000e+00 0.000000000000000000e+00 0.000000000000000000e+00 0.000000000000000000e+00 0.000000000000000000e+00 0.000000000000000000e+00 1.295384116608944787e-04 1.066304859903995626e-05 4.252702454854720081e-08 2.291480047548516455e-10
4.225000000000000000e+02 0.000000000000000000e+00 0.000000000000000000e+00 0.000000000000000000e+00 0.000000000000000000e+00 0.000000000000000000e+00 0.000000000000000000e+00 4.192982328154135096e-04 2.087508345372019426e-05 2.055322625492900546e-07 2.381082920183751547e-09
4.250000000000000000e+02 0.000000000000000000e+00 0.000000000000000000e+00 0.000000000000000000e+00 0.000000000000000000e+00 0.000000000000000000e+00 0.000000000000000000e+00 9.353076411739222459e-04 4.521575804760153734e-05 6.890965579683474419e-07 9.473302792375322512e-09
4.275000000000000000e+02 0.000000000000000000e+00 0.000000000000000000e+00 0.000000000000000000e+00 0.000000000000000000e+00 0.000000000000000000e+00 0.000000000000000000e+00 1.518854537683900479e-03 8.026260002256262627e-05 1.409913403380260049e-06 1.833863633953744112e-08
4.300000000000000000e+02 0.000000000000000000e+00 0.000000000000000000e+00 0.000000000000000000e+00 0.000000000000000000e+00 0.000000000000000000e+00 0.000000000000000000e+00 1.936001056424637877e-03 1.103074516928375921e-04 1.877475575244522573e-06 1.988759350763979408e-08
4.325000000000000000e+02 0.000000000000000000e+00 0.000000000000000000e+00 0.000000000000000000e+00 0.000000000000000000e+00 0.000000000000000000e+00 0.000000000000000000e+00 2.054443578368657635e-03 1.212249354330586940e-04 1.799251341666541729e-06 1.496918436829651875e-08
4.350000000000000000e+02 0.000000000000000000e+00 0.000000000000000000e+00 0.000000000000000000e+00 0.000000000000000000e+00 0.000000000000000000e+00 0.000000000000000000e+00 1.956146366613358781e-03 1.142496087668629659e-04 1.433594111814694974e-06 1.112766771786971552e-08
4.375000000000000000e+02 0.000000000000000000e+00 0.000000000000000000e+00 0.000000000000000000e+00 0.000000000000000000e+00 0.000000000000000000e+00 0.000000000000000000e+00 1.901902443722645452e-03 1.025175541640917524e-04 1.138139196984994333e-06 9.389567132188167869e-09
4.400000000000000000e+02 0.000000000000000000e+00 0.000000000000000000e+00 0.000000000000000000e+00 0.000000000000000000e+00 0.000000000000000000e+00 0.000000000000000000e+00 2.152105265696568123e-03 9.717042781859128284e-05 1.013003958345946086e-06 8.271902394383589104e-09
4.425000000000000000e+02 0.000000000000000000e+00 0.000000000000000000e+00 0.000000000000000000e+00 0.000000000000000000e+00 0.000000000000000000e+00 0.000000000000000000e+00 2.753436983834340115e-03 1.007212469693830005e-04 1.032274563614361891e-06 7.478346471001724946e-09
4.450000000000000000e+02 0.000000000000000000e+00 0.000000000000000000e+00 0.000000000000000000e+00 0.000000000000000000e+00 0.000000000000000000e+00 0.000000000000000000e+00 3.467348740952694037e-03 1.089222373472334724e-04 1.229908158034396124e-06 7.580944002279781440e-09
4.475000000000000000e+02 0.000000000000000000e+00 0.000000000000000000e+00 0.000000000000000000e+00 0.000000000000000000e+00 0.000000000000000000e+00 0.000000000000000000e+00 3.933534215827529275e-03 1.127081927643627324e-04 1.601963553628789724e-06 1.215175424151603740e-08
4.500000000000000000e+02 0.000000000000000000e+00 0.000000000000000000e+00 0.000000000000000000e+00 0.000000000000000000e+00 0.000000000000000000e+00 0.000000000000000000e+00 3.950456281601634999e-03 1.029134898251885568e-04 1.874080827412475815e-06 2.000537567221314219e-08
4.525000000000000000e+02 0.000000000000000000e+00 0.000000000000000000e+00 0.000000000000000000e+00 0.000000000000000000e+00 0.000000000000000000e+00 0.000000000000000000e+00 3.627425474586768849e-03 8.005079245659767824e-05 1.737777966221937052e-06 2.160209615542280140e-08
4.550000000000000000e+02 0.000000000000000000e+00 0.000000000000000000e+00 0.000000000000000000e+00 0.000000000000000000e+00 0.000000000000000000e+00 0.000000000000000000e+00 3.274049407752835199e-03 5.618748478021486829e-05 1.293124504659808710e-06 1.530726271502623086e-08
4.575000000000000000e+02 0.000000000000000000e+00 0.000000000000000000e+00 0.000000000000000000e+00 0.000000000000000000e+00 0.000000000000000000e+00 0.000000000000000000e+00 3.133385822730514175e-03 4.205503802465099012e-05 8.573006433903354769e-07 8.358085974939523163e-09
4.600000000000000000e+02 0.000000000000000000e+00 0.000000000000000000e+00 0.000000000000000000e+00 0.000000000000000000e+00 0.000000000000000000e+00 0.000000000000000000e+00 3.195405518605601725e-03 3.654403314514271883e-05 5.664140308645007338e-07 4.314634348009177436e-09
4.625000000000000000e+02 0.000000000000000000e+00 0.000000000000000000e+00 0.000000000000000000e+00 0.000000000000000000e+00 0.000000000000000000e+00 0.000000000000000000e+00 3.241464775039680762e-03 3.317260797232940217e-05 3.935943552347992150e-07 2.532076572555425641e-09
4.650000000000000000e+02 0.000000000000000000e+00 0.000000000000000000e+00 0.000000000000000000e+00 0.000000000000000000e+00 0.000000000000000000e+00 0.000000000000000000e+00 3.063591728401847576e-03 2.994952428248917500e-05 2.756701116878551394e-07 1.919449476913541998e-09
4.675000000000000000e+02 0.000000000000000000e+00 0.000000000000000000e+00 0.000000000000000000e+00 0.000000000000000000e+00 0.000000000000000000e+00 0.000000000000000000e+00 2.654638890575204257e-03 2.723059501643351944e-05 2.124667953078254746e-07 1.315434993370622417e-09
4.700000000000000000e+02 0.000000000000000000e+00 0.000000000000000000e+00 0.000000000000000000e+00 0.000000000000000000e+00 0.000000000000000000e+00 0.000000000000000000e+00 2.204087156159373166e-03 2.382948203981542765e-05 2.513100274774750503e-07 1.348888005726140280e-09
4.725000000000000000e+02 0.000000000000000000e+00 0.000000000000000000e+00 0.000000000000000000e+00 0.000000000000000000e+00 0.000000000000000000e+00 0.000000000000000000e+00 1.923310867222567536e-03 2.107196487863992649e-05 3.739419680438149140e-07 3.863885643928729886e-09
4.750000000000000000e+02 0.000000000000000000e+00 0.000000000000000000e+00 0.000000000000000000e+00 0.000000000000000000e+00 0.000000000000000000e+00 0.000000000000000000e+00 1.872272413902381031e-03 2.339280449397735826e-05 5.575516801872758273e-07 8.202006208642440859e-09
4.775000000000000000e+02 0.000000000000000000e+00 0.000000000000000000e+00 0.000000000000000000e+00 0.000000000000000000e+00 0.000000000000000000e+00 0.000000000000000000e+00 1.930371172378603532e-03 3.022824669125832533e-05 7.497099137380872088e-07 1.119685552495055938e-08
4.800000000000000000e+02 0.000000000000000000e+00 0.000000000000000000e+00 0.000000000000000000e+00 0.000000000000000000e+00 0.000000000000000000e+00 0.000000000000000000e+00 1.914663956687564497e-03 3.336006463634419542e-05 7.750241371829000222e-07 9.943344476699472650e-09
4.825000000000000000e+02 0.000000000000000000e+00 0.000000000000000000e+00 0.000000000000000000e+00 0.000000000000000000e+00 0.000000000000000000e+00 0.000000000000000000e+00 1.739658445117005800e-03 2.703706069133512149e-05 5.698120147677635725e-07 6.171682462495179699e-09
4.850000000000000000e+02 0.000000000000000000e+00 0.000000000000000000e+00 0.000000000000000000e+00 0.000000000000000000e+00 0.000000000000000000e+00 0.000000000000000000e+00 1.491465897409924779e-03 1.668762099932197390e-05 3.256937275077030984e-07 3.325584027174826625e-09
4.875000000000000000e+02 0.000000000000000000e+00 0.000000000000000000e+00 0.000000000000000000e+00 0.000000000000000000e+00 0.000000000000000000e+00 0.000000000000000000e+00 1.350360659617524982e-03 1.244808889444483802e-05 2.107765621548683357e-07 2.180484212523072756e-09
4.900000000000000000e+02 0.000000000000000000e+00 0.000000000000000000e+00 0.000000000000000000e+00 0.000000000000000000e+00 0.000000000000000000e+00 0.000000000000000000e+00 1.418179860610276066e-03 1.711469227471378656e-05 2.092317717178069474e-07 2.186005713541253363e-09
4.925000000000000000e+02 0.000000000000000000e+00 0.000000000000000000e+00 0.000000000000000000e+00 0.000000000000000000e+00 0.000000000000000000e+00 0.000000000000000000e+00 1.612463929980744717e-03 2.578073760205884185e-05 2.321983213698832992e-07 2.511279640607528266e-09
4.950000000000000000e+02 0.000000000000000000e+00 0.000000000000000000e+00 0.000000000000000000e+00 0.000000000000000000e+00 0.000000000000000000e+00 0.000000000000000000e+00 1.750663335248911056e-03 3.367844189742270498e-05 2.508454008100036205e-07 1.872632692675391370e-09
4.975000000000000000e+02 0.000000000000000000e+00 0.000000000000000000e+00 0.000000000000000000e+00 0.000000000000000000e+00 0.000000000000000000e+00 0.000000000000000000e+00 1.751394781311194646e-03 3.977287267418959621e-05 3.516918234305819891e-07 1.580721445745740362e-09
5.000000000000000000e+02 0.000000000000000000e+00 0.000000000000000000e+00 0.000000000000000000e+00 0.000000000000000000e+00 0.000000000000000000e+00 0.000000000000000000e+00 1.733705202555361037e-03 4.741189277276992717e-05 6.349169314463165439e-07 5.830127155379848627e-09
5.025000000000000000e+02 0.000000000000000000e+00 0.000000000000000000e+00 0.000000000000000000e+00 0.000000000000000000e+00 0.000000000000000000e+00 0.000000000000000000e+00 1.898067750473092117e-03 6.385511116100221470e-05 1.141565410526617003e-06 1.460723650741027501e-08
5.050000000000000000e+02 0.000000000000000000e+00 0.000000000000000000e+00 0.000000000000000000e+00 0.000000000000000000e+00 0.000000000000000000e+00 0.000000000000000000e+00 2.311595500913823931e-03 9.247674589822763708e-05 1.767111694197198008e-06 2.183376711199416094e-08
5.075000000000000000e+02 0.000000000000000000e+00 0.000000000000000000e+00 0.000000000000000000e+00 0.000000000000000000e+00 0.000000000000000000e+00 0.000000000000000000e+00 2.811378302265847562e-03 1.233691710918092491e-04 2.144918523677592008e-06 2.216143860847387302e-08
5.100000000000000000e+02 0.000000000000000000e+00 0.000000000000000000e+00 0.000000000000000000e+00 0.000000000000000000e+00 0.000000000000000000e+00 0.000000000000000000e+00 3.110088480765045831e-03 1.386333275514312221e-04 2.010446485600046836e-06 1.736174677286188054e-08
5.125000000000000000e+02 0.000000000000000000e+00 0.000000000000000000e+00 0.000000000000000000e+00 0.000000000000000000e+00 0.000000000000000000e+00 0.000000000000000000e+00 3.010917114807569375e-03 1.302364751117880649e-04 1.590834976680972677e-06 1.190804753192286033e-08
5.150000000000000000e+02 0.000000000000000000e+00 0.000000000000000000e+00 0.000000000000000000e+00 0.000000000000000000e+00 0.000000000000000000e+00 0.000000000000000000e+00 2.568043293656681325e-03 1.078516861515575092e-04 1.226726278889554079e-06 8.768884615856438819e-09
5.175000000000000000e+02 0.000000000000000000e+00 0.000000000000000000e+00 0.000000000000000000e+00 0.000000000000000000e+00 0.000000000000000000e+00 0.000000000000000000e+00 2.071565455965873170e-03 8.765853333080294890e-05 9.971294687649089853e-07 7.947717964168180833e-09
5.200000000000000000e+02 0.000000000000000000e+00 0.000000000000000000e+00 0.000000000000000000e+00 0.000000000000000000e+00 0.000000000000000000e+00 0.000000000000000000e+00 1.849648547213228467e-03 7.941607071105792636e-05 9.034083051511922643e-07 6.593933602741176158e-09
5.225000000000000000e+02 0.000000000000000000e+00 0.000000000000000000e+00 0.000000000000000000e+00 0.000000000000000000e+00 0.000000000000000000e+00 0.000000000000000000e+00 2.020715734031769146e-03 8.460185717166945787e-05 1.028382986989310852e-06 5.943514375624778235e-09
5.250000000000000000e+02 0.000000000000000000e+00 0.000000000000000000e+00 0.000000000000000000e+00 0.000000000000000000e+00 0.000000000000000000e+00 0.000000000000000000e+00 2.394370731684647164e-03 9.773644422594440079e-05 1.414292547409329858e-06 1.101919899658608153e-08
5.275000000000000000e+02 0.000000000000000000e+00 0.000000000000000000e+00 0.000000000000000000e+00 0.000000000000000000e+00 0.000000000000000000e+00 0.000000000000000000e+00 2.617014620335259695e-03 1.063590265203486369e-04 1.827459010385220462e-06 1.894213856380016399e-08
5.300000000000000000e+02 0.000000000000000000e+00 0.000000000000000000e+00 0.000000000000000000e+00 0.000000000000000000e+00 0.000000000000000000e+00 0.000000000000000000e+00 2.449251315533312098e-03 9.805468236040444749e-05 1.832379514228797613e-06 2.024397274821931464e-08
5.325000000000000000e+02 0.000000000000000000e+00 0.000000000000000000e+00 0.000000000000000000e+00 0.000000000000000000e+00 0.000000000000000000e+00 0.000000000000000000e+00 1.942374299311927857e-03 7.295340657029554174e-05 1.336352641244012481e-06 1.414350704738108992e-08
5.350000000000000000e+02 0.000000000000000000e+00 0.000000000000000000e+00 0.000000000000000000e+00 0.000000000000000000e+00 0.000000000000000000e+00 0.000000000000000000e+00 1.371259805582309733e-03 4.484216740815640402e-05 7.349037248175025255e-07 6.968370964115754323e-09
5.375000000000000000e+02 0.000000000000000000e+00 0.000000000000000000e+00 0.000000000000000000e+00 0.000000000000000000e+00 0.000000000000000000e+00 0.000000000000000000e+00 9.969945607597001380e-04 2.663822773757945048e-05 3.505554895912942502e-07 2.590566637015981926e-09
5.400000000000000000e+02 0.000000000000000000e+00 0.000000000000000000e+00 0.000000000000000000e+00 0.000000000000000000e+00 0.000000000000000000e+00 0.000000000000000000e+00 8.755514980877367659e-04 1.950538538341385148e-05 1.702190398604518083e-07 1.170162499233468260e-09
5.425000000000000000e+02 0.000000000000000000e+00 0.000000000000000000e+00 0.000000000000000000e+00 0.000000000000000000e+00 0.000000000000000000e+00 0.000000000000000000e+00 8.734818830391542300e-04 1.776781230430239935e-05 8.474315634371051492e-08 8.062939062324970841e-10
5.450000000000000000e+02 0.000000000000000000e+00 0.000000000000000000e+00 0.000000000000000000e+00 0.000000000000000000e+00 0.000000000000000000e+00 0.000000000000000000e+00 8.497401291163433554e-04 1.676277291922230757e-05 5.549467654789652958e-08 1.960223810484416192e-10
5.475000000000000000e+02 0.000000000000000000e+00 0.000000000000000000e+00 0.000000000000000000e+00 0.000000000000000000e+00 0.000000000000000000e+00 0.000000000000000000e+00 8.059529947787706129e-04 1.400101703394381549e-05 7.352009651309807269e-08 3.992225481114640250e-10
5.500000000000000000e+02 0.000000000000000000e+00 0.000000000000000000e+00 0.000000000000000000e+00 0.000000000000000000e+00 0.000000000000000000e+00 0.000000000000000000e+00 8.596110803696394714e-04 1.073811637346533760e-05 9.486746902693925326e-08 1.716232534055167006e-09
5.525000000000000000e+02 0.000000000000000000e+00 0.000000000000000000e+00 0.000000000000000000e+00 0.000000000000000000e+00 0.000000000000000000e+00 0.000000000000000000e+00 1.094470954527393706e-03 1.344133189417002347e-05 1.730387037484716375e-07 3.774315581128750406e-09
5.550000000000000000e+02 0.000000000000000000e+00 0.000000000000000000e+00 0.000000000000000000e+00 0.000000000000000000e+00 0.000000000000000000e+00 0.000000000000000000e+00 1.456131081402984011e-03 2.681867293571651550e-05 4.550997619814042146e-07 7.381619797732013792e-09
5.575000000000000000e+02 0.000000000000000000e+00 0.000000000000000000e+00 0.000000000000000000e+00 0.000000000000000000e+00 0.000000000000000000e+00 0.000000000000000000e+00 1.786004432026591258e-03 4.530276024368382331e-05 8.370402950836839380e-07 1.049846956077884074e-08
5.600000000000000000e+02 0.000000000000000000e+00 0.000000000000000000e+00 0.000000000000000000e+00 0.000000000000000000e+00 0.000000000000000000e+00 0.000000000000000000e+00 1.951004164986685227e-03 5.721994238575885415e-05 1.008780274309511344e-06 1.069709599006587907e-08
5.625000000000000000e+02 0.000000000000000000e+00 0.000000000000000000e+00 0.000000000000000000e+00 0.000000000000000000e+00 0.000000000000000000e+00 0.000000000000000000e+00 1.962676406617762468e-03 5.815632657054322133e-05 9.161759282025950753e-07 8.552789413344219511e-09
5.650000000000000000e+02 0.000000000000000000e+00 0.000000000000000000e+00 0.000000000000000000e+00 0.000000000000000000e+00 0.000000000000000000e+00 0.000000000000000000e+00 1.992097731090359657e-03 5.539591421496826225e-05 7.661034987383211863e-07 6.505523894122034809e-09
5.675000000000000000e+02 0.000000000000000000e+00 0.000000000000000000e+00 0.000000000000000000e+00 0.000000000000000000e+00 0.000000000000000000e+00 0.000000000000000000e+00 2.246398059587254980e-03 5.774500705105907428e-05 7.000932578938522436e-07 6.438306110288741570e-09
5.700000000000000000e+02 0.000000000000000000e+00 0.000000000000000000e+00 0.000000000000000000e+00 0.000000000000000000e+00 0.000000000000000000e+00 0.000000000000000000e+00 2.779552715365611604e-03 6.607391938321924339e-05 7.107259738934612738e-07 6.948987300109436798e-09
5.725000000000000000e+02 0.000000000000000000e+00 0.000000000000000000e+00 0.000000000000000000e+00 0.000000000000000000e+00 0.000000000000000000e+00 0.000000000000000000e+00 3.405277868157057051e-03 7.538652584294550747e-05 7.593720707531208107e-07 5.466923566493719066e-09
5.750000000000000000e+02 0.000000000000000000e+00 0.000000000000000000e+00 0.000000000000000000e+00 0.000000000000000000e+00 0.000000000000000000e+00 0.000000000000000000e+00 3.828029820586475226e-03 8.032563558391634956e-05 8.886630029112107299e-07 5.048049903680696602e-09
5.775000000000000000e+02 0.000000000000000000e+00 0.000000000000000000e+00 0.000000000000000000e+00 0.000000000000000000e+00 0.000000000000000000e+00 0.000000000000000000e+00 3.896721715375577044e-03 7.774700011309331783e-05 1.129137167597205614e-06 9.786649062412645820e-09
5.800000000000000000e+02 0.000000000000000000e+00 0.000000000000000000e+00 0.000000000000000000e+00 0.000000000000000000e+00 0.000000000000000000e+00 0.000000000000000000e+00 3.737398230073255435e-03 6.999382894611558563e-05 1.362266359816353317e-06 1.550145600764403634e-08
5.825000000000000000e+02 0.000000000000000000e+00 0.000000000000000000e+00 0.000000000000000000e+00 0.000000000000000000e+00 0.000000000000000000e+00 0.000000000000000000e+00 3.630913858781675049e-03 6.543500243950256534e-05 1.471848015437236118e-06 1.757037623467358683e-08
5.850000000000000000e+02 0.000000000000000000e+00 0.000000000000000000e+00 0.000000000000000000e+00 0.000000000000000000e+00 0.000000000000000000e+00 0.000000000000000000e+00 3.754308123222973529e-03 6.966826399685693849e-05 1.443423040650686429e-06 1.621114457753393187e-08
5.875000000000000000e+02 0.000000000000000000e+00 0.000000000000000000e+00 0.000000000000000000e+00 0.000000000000000000e+00 0.000000000000000000e+00 0.000000000000000000e+00 4.023057202741683706e-03 7.710819331086642690e-05 1.279763307770041462e-06 1.197640561929201687e-08
5.900000000000000000e+02 0.000000000000000000e+00 0.000000000000000000e+00 0.000000000000000000e+00 0.000000000000000000e+00 0.000000000000000000e+00 0.000000000000000000e+00 4.161188654253711663e-03 7.743167544066205789e-05 1.049149836298003960e-06 7.142494365926399809e-09
5.925000000000000000e+02 0.000000000000000000e+00 0.000000000000000000e+00 0.000000000000000000e+00 0.000000000000000000e+00 0.000000000000000000e+00 0.000000000000000000e+00 3.929255172320730155e-03 6.881017890299227422e-05 8.343343971514958091e-07 5.652230715884747019e-09
5.950000000000000000e+02 0.000000000000000000e+00 0.000000000000000000e+00 0.000000000000000000e+00 0.000000000000000000e+00 0.000000000000000000e+00 0.000000000000000000e+00 3.324357177529846299e-03 5.828339406149874780e-05 6.474860480007089076e-07 5.317251649103560925e-09
5.975000000000000000e+02 0.000000000000000000e+00 0.000000000000000000e+00 0.000000000000000000e+00 0.000000000000000000e+00 0.000000000000000000e+00 0.000000000000000000e+00 2.594509295092427541e-03 5.201067289532839083e-05 5.482935482897172444e-07 3.344730712111407410e-09
6.000000000000000000e+02 0.000000000000000000e+00 0.000000000000000000e+00 0.000000000000000000e+00 0.000000000000000000e+00 0.000000000000000000e+00 0.000000000000000000e+00 2.054804854321317601e-03 5.235592675851074933e-05 6.448655404859414232e-07 3.854024723738650638e-09
6.025000000000000000e+02 0.000000000000000000e+00 0.000000000000000000e+00 0.000000000000000000e+00 0.000000000000000000e+00 0.000000000000000000e+00 0.000000000000000000e+00 1.852368882054823132e-03 6.043058904078833657e-05 9.691097343992874287e-07 9.234333329904995045e-09
6.050000000000000000e+02 0.000000000000000000e+00 0.000000000000000000e+00 0.000000000000000000e+00 0.000000000000000000e+00 0.000000000000000000e+00 0.000000000000000000e+00 1.868692027030630044e-03 7.301045817045857063e-05 1.385253142442709349e-06 1.560277427337948494e-08
6.075000000000000000e+02 0.000000000000000000e+00 0.000000000000000000e+00 0.000000000000000000e+00 0.000000000000000000e+00 0.000000000000000000e+00 0.000000000000000000e+00 1.833321406742095903e-03 7.934382098820998066e-05 1.561627009591632441e-06 1.779860261766870210e-08
6.100000000000000000e+02 0.000000000000000000e+00 0.000000000000000000e+00 0.000000000000000000e+00 0.000000000000000000e+00 0.000000000000000000e+00 0.000000000000000000e+00 1.550356768285824412e-03 6.938338439893332104e-05 1.272364092551121842e-06 1.391945506057671585e-08
6.125000000000000000e+02 0.000000000000000000e+00 0.000000000000000000e+00 0.000000000000000000e+00 0.000000000000000000e+00 0.000000000000000000e+00 0.000000000000000000e+00 1.049541821127272919e-03 4.611826740835287452e-05 7.282153377358784195e-07 6.998215674127364696e-09
6.150000000000000000e+02 0.000000000000000000e+00 0.000000000000000000e+00 0.000000000000000000e+00 0.000000000000000000e+00 0.000000000000000000e+00 0.000000000000000000e+00 5.399077207753421410e-04 2.374050361630651110e-05 2.993951358724562989e-07 2.428252518665150337e-09
6.175000000000000000e+02 0.000000000000000000e+00 0.000000000000000000e+00 0.000000000000000000e+00 0.000000000000000000e+00 0.000000000000000000e+00 0.000000000000000000e+00 2.166937455371378645e-04 1.244446852245183785e-05 1.059243895501248550e-07 1.162370136689194908e-09
6.200000000000000000e+02 0.000000000000000000e+00 0.000000000000000000e+00 0.000000000000000000e+00 0.000000000000000000e+00 0.000000000000000000e+00 0.000000000000000000e+00 1.059026987672744610e-04 1.071801219889928992e-05 5.681217681499843511e-08 1.052120918366007524e-09
6.225000000000000000e+02 0.000000000000000000e+00 0.000000000000000000e+00 0.000000000000000000e+00 0.000000000000000000e+00 0.000000000000000000e+00 0.000000000000000000e+00 9.338113786172552722e-05 1.240221649293714087e-05 4.481456300765866439e-08 7.919354028435409294e-10
6.250000000000000000e+02 0.000000000000000000e+00 0.000000000000000000e+00 0.000000000000000000e+00 0.000000000000000000e+00 0.000000000000000000e+00 0.000000000000000000e+00 9.323250409499329134e-05 1.445205006560565111e-05 4.066717290217747023e-08 1.524866120818807127e-10
6.275000000000000000e+02 0.000000000000000000e+00 0.000000000000000000e+00 0.000000000000000000e+00 0.000000000000000000e+00 0.000000000000000000e+00 0.000000000000000000e+00 1.601599525506120327e-04 1.844044514066986535e-05 8.419963590814748516e-08 4.681162174064503048e-10
6.300000000000000000e+02 0.000000000000000000e+00 0.000000000000000000e+00 0.000000000000000000e+00 0.000000000000000000e+00 0.000000000000000000e+00 0.000000000000000000e+00 4.217445700540425370e-04 3.002138788615961291e-05 2.793108784698331216e-07 3.351683086071730503e-09
6.325000000000000000e+02 0.000000000000000000e+00 0.000000000000000000e+00 0.000000000000000000e+00 0.000000000000000000e+00 0.000000000000000000e+00 0.000000000000000000e+00 9.148247277975219641e-04 5.439670389311480778e-05 7.557205841050748020e-07 9.126892521564276047e-09
6.350000000000000000e+02 0.000000000000000000e+00 0.000000000000000000e+00 0.000000000000000000e+00 0.000000000000000000e+00 0.000000000000000000e+00 0.000000000000000000e+00 1.503479662121664845e-03 8.740941041569191296e-05 1.378094989087785561e-06 1.528308175075476329e-08
6.375000000000000000e+02 0.000000000000000000e+00 0.000000000000000000e+00 0.000000000000000000e+00 0.000000000000000000e+00 0.000000000000000000e+00 0.000000000000000000e+00 1.955573232143529173e-03 1.140968478195938132e-04 1.724950816029311674e-06 1.738316146544377990e-08
6.400000000000000000e+02 0.000000000000000000e+00 0.000000000000000000e+00 0.000000000000000000e+00 0.000000000000000000e+00 0.000000000000000000e+00 0.000000000000000000e+00 2.110514689106380865e-03 1.212722041583190349e-04 1.637553461801685825e-06 1.384678309004946741e-08
6.425000000000000000e+02 0.000000000000000000e+00 0.000000000000000000e+00 0.000000000000000000e+00 0.000000000000000000e+00 0.000000000000000000e+00 0.000000000000000000e+00 2.013287781107819807e-03 1.104636091234480812e-04 1.367987246911024564e-06 1.013615947601409667e-08
6.450000000000000000e+02 0.000000000000000000e+00 0.000000000000000000e+00 0.000000000000000000e+00 0.000000000000000000e+00 0.000000000000000000e+00 0.000000000000000000e+00 1.912402067975780932e-03 9.489530278328229802e-05 1.155138481158616344e-06 9.842057069881892055e-09
6.475000000000000000e+02 0.000000000000000000e+00 0.000000000000000000e+00 0.000000000000000000e+00 0.000000000000000000e+00 0.000000000000000000e+00 0.000000000000000000e+00 2.093399755682002778e-03 8.609111995934681750e-05 1.043404918182945232e-06 9.287865824678990244e-09
6.500000000000000000e+02 0.000000000000000000e+00 0.000000000000000000e+00 0.000000000000000000e+00 0.000000000000000000e+00 0.000000000000000000e+00 0.000000000000000000e+00 2.644998234117817548e-03 8.712322030590311742e-05 1.021096479860891562e-06 7.016089282293617583e-09
6.525000000000000000e+02 0.000000000000000000e+00 0.000000000000000000e+00 0.000000000000000000e+00 0.000000000000000000e+00 0.000000000000000000e+00 0.000000000000000000e+00 3.353402584606463184e-03 9.433560514846739853e-05 1.140304516774318964e-06 7.152067126573273132e-09
6.550000000000000000e+02 0.000000000000000000e+00 0.000000000000000000e+00 0.000000000000000000e+00 0.000000000000000000e+00 0.000000000000000000e+00 0.000000000000000000e+00 3.848332515442406086e-03 9.944412646829477208e-05 1.421233618328994820e-06 1.135677611311110733e-08
6.575000000000000000e+02 0.000000000000000000e+00 0.000000000000000000e+00 0.000000000000000000e+00 0.000000000000000000e+00 0.000000000000000000e+00 0.000000000000000000e+00 3.895081102388228862e-03 9.349676893671399864e-05 1.635247022876005847e-06 1.601563707800628766e-08
6.600000000000000000e+02 0.000000000000000000e+00 0.000000000000000000e+00 0.000000000000000000e+00 0.000000000000000000e+00 0.000000000000000000e+00 0.000000000000000000e+00 3.573440852025778266e-03 7.536396779625511287e-05 1.508661802173917658e-06 1.709997915382107157e-08
6.625000000000000000e+02 0.000000000000000000e+00 0.000000000000000000e+00 0.000000000000000000e+00 0.000000000000000000e+00 0.000000000000000000e+00 0.000000000000000000e+00 3.186706651889001634e-03 5.475872380945874627e-05 1.134257683828571023e-06 1.308591151921788760e-08
6.650000000000000000e+02 0.000000000000000000e+00 0.000000000000000000e+00 0.000000000000000000e+00 0.000000000000000000e+00 0.000000000000000000e+00 0.000000000000000000e+00 2.996595359535148082e-03 4.236602398300580137e-05 7.919426998211281184e-07 7.087217398068212173e-09
6.675000000000000000e+02 0.000000000000000000e+00 0.000000000000000000e+00 0.000000000000000000e+00 0.000000000000000000e+00 0.000000000000000000e+00 0.000000000000000000e+00 3.024207567496505628e-03 3.930665648787870639e-05 5.779619615856437561e-07 3.848141613628241896e-09
6.700000000000000000e+02 0.000000000000000000e+00 0.000000000000000000e+00 0.000000000000000000e+00 0.000000000000000000e+00 0.000000000000000000e+00 0.000000000000000000e+00 3.074620128752864404e-03 3.996496035627753287e-05 4.339834817946992286e-07 3.607222359504288078e-09
6.725000000000000000e+02 0.000000000000000000e+00 0.000000000000000000e+00 0.000000000000000000e+00 0.000000000000000000e+00 0.000000000000000000e+00 0.000000000000000000e+00 2.938515476505939791e-03 4.023816844083237786e-05 3.178447796582797190e-07 2.567846286964404104e-09
6.750000000000000000e+02 0.000000000000000000e+00 0.000000000000000000e+00 0.000000000000000000e+00 0.000000000000000000e+00 0.000000000000000000e+00 0.000000000000000000e+00 2.581872586462881543e-03 3.827188368379429802e-05 2.724406181432621117e-07 1.166181133400567485e-09
6.775000000000000000e+02 0.000000000000000000e+00 0.000000000000000000e+00 0.000000000000000000e+00 0.000000000000000000e+00 0.000000000000000000e+00 0.000000000000000000e+00 2.164282619365433952e-03 3.323206266403103777e-05 3.331984613230672284e-07 2.569542550249773996e-09
6.800000000000000000e+02 0.000000000000000000e+00 0.000000000000000000e+00 0.000000000000000000e+00 0.000000000000000000e+00 0.000000000000000000e+00 0.000000000000000000e+00 1.890387855046492260e-03 2.830928881759811256e-05 4.561862816476297643e-07 5.608381841321003251e-09
6.825000000000000000e+02 0.000000000000000000e+00 0.000000000000000000e+00 0.000000000000000000e+00 0.000000000000000000e+00 0.000000000000000000e+00 0.000000000000000000e+00 1.838824833181579256e-03 2.920949842244283223e-05 6.220987155716390733e-07 8.566491700475987829e-09
6.850000000000000000e+02 0.000000000000000000e+00 0.000000000000000000e+00 0.000000000000000000e+00 0.000000000000000000e+00 0.000000000000000000e+00 0.000000000000000000e+00 1.910250819808405895e-03 3.557029566205325752e-05 7.901683008910231417e-07 1.072250359745500684e-08
6.875000000000000000e+02 0.000000000000000000e+00 0.000000000000000000e+00 0.000000000000000000e+00 0.000000000000000000e+00 0.000000000000000000e+00 0.000000000000000000e+00 1.924838936267517404e-03 3.871306684609865031e-05 8.023969995992586096e-07 1.006278323243963726e-08
6.900000000000000000e+02 0.000000000000000000e+00 0.000000000000000000e+00 0.000000000000000000e+00 0.000000000000000000e+00 0.000000000000000000e+00 0.000000000000000000e+00 1.784250443675500014e-03 3.223413230425373096e-05 6.094702171151488456e-07 6.472147153675884505e-09
6.925000000000000000e+02 0.000000000000000000e+00 0.000000000000000000e+00 0.000000000000000000e+00 0.000000000000000000e+00 0.000000000000000000e+00 0.000000000000000000e+00 1.563003699593159971e-03 2.147630861389292044e-05 3.827222230233802194e-07 3.608762429564774500e-09
6.950000000000000000e+02 0.000000000000000000e+00 0.000000000000000000e+00 0.000000000000000000e+00 0.000000000000000000e+00 0.000000000000000000e+00 0.000000000000000000e+00 1.442195789914953175e-03 1.736443142753512736e-05 2.780732135799723095e-07 3.191767963985191212e-09
6.975000000000000000e+02 0.000000000000000000e+00 0.000000000000000000e+00 0.000000000000000000e+00 0.000000000000000000e+00 0.000000000000000000e+00 0.000000000000000000e+00 1.533013327542403310e-03 2.320964737568345659e-05 2.952631753239285745e-07 3.906362268600542465e-09
7.000000000000000000e+02 0.000000000000000000e+00 0.000000000000000000e+00 0.000000000000000000e+00 0.000000000000000000e+00 0.000000000000000000e+00 0.000000000000000000e+00 1.758669398655847080e-03 3.301507044108842250e-05 3.442512778405524063e-07 3.645662942720981124e-09
7.025000000000000000e+02 0.000000000000000000e+00 0.000000000000000000e+00 0.000000000000000000e+00 0.000000000000000000e+00 0.000000000000000000e+00 0.000000000000000000e+00 1.928952471042449024e-03 4.030961970443069822e-05 3.702620718191637930e-07 2.398943125824094974e-09
7.050000000000000000e+02 0.000000000000000000e+00 0.000000000000000000e+00 0.000000000000000000e+00 0.000000000000000000e+00 0.000000000000000000e+00 0.000000000000000000e+00 1.943203979637300217e-03 4.383531619943464673e-05 4.373978605014744796e-07 2.785098507924800308e-09
7.075000000000000000e+02 0.000000000000000000e+00 0.000000000000000000e+00 0.000000000000000000e+00 0.000000000000000000e+00 0.000000000000000000e+00 0.000000000000000000e+00 1.905316568649041697e-03 4.762305320355352965e-05 6.373083444386399379e-07 5.654699766561678959e-09
7.100000000000000000e+02 0.000000000000000000e+00 0.000000000000000000e+00 0.000000000000000000e+00 0.000000000000000000e+00 0.000000000000000000e+00 0.000000000000000000e+00 2.022945495323138793e-03 5.862028880372989112e-05 9.904043358143898095e-07 1.055511797878013767e-08
7.125000000000000000e+02 0.000000000000000000e+00 0.000000000000000000e+00 0.000000000000000000e+00 0.000000000000000000e+00 0.000000000000000000e+00 0.000000000000000000e+00 2.393588600158232885e-03 7.995538945602324692e-05 1.403850246413548120e-06 1.595339128991136244e-08
7.150000000000000000e+02 0.000000000000000000e+00 0.000000000000000000e+00 0.000000000000000000e+00 0.000000000000000000e+00 0.000000000000000000e+00 0.000000000000000000e+00 2.885473309774307712e-03 1.038916691645877532e-04 1.648390987771965274e-06 1.700822894564659660e-08
7.175000000000000000e+02 0.000000000000000000e+00 0.000000000000000000e+00 0.000000000000000000e+00 0.000000000000000000e+00 0.000000000000000000e+00 0.000000000000000000e+00 3.215269211847962116e-03 1.160760274405862121e-04 1.600062462304427591e-06 1.260210387324500785e-08
7.200000000000000000e+02 0.000000000000000000e+00 0.000000000000000000e+00 0.000000000000000000e+00 0.000000000000000000e+00 0.000000000000000000e+00 0.000000000000000000e+00 3.155545996372334950e-03 1.098783324291631837e-04 1.394271592805214515e-06 9.676346449225440166e-09
7.225000000000000000e+02 0.000000000000000000e+00 0.000000000000000000e+00 0.000000000000000000e+00 0.000000000000000000e+00 0.000000000000000000e+00 0.000000000000000000e+00 2.717492857397050231e-03 9.289179511256891370e-05 1.178283428579102907e-06 9.518558535962337837e-09
7.250000000000000000e+02 0.000000000000000000e+00 0.000000000000000000e+00 0.000000000000000000e+00 0.000000000000000000e+00 0.000000000000000000e+00 0.000000000000000000e+00 2.170165086373827736e-03 7.814599845889232501e-05 9.910228723084443793e-07 7.829666008092138235e-09
7.275000000000000000e+02 0.000000000000000000e+00 0.000000000000000000e+00 0.000000000000000000e+00 0.000000000000000000e+00 0.000000000000000000e+00 0.000000000000000000e+00 1.859517666109698850e-03 7.406463827330408403e-05 9.070012131537905990e-07 6.007559545763903182e-09
7.300000000000000000e+02 0.000000000000000000e+00 0.000000000000000000e+00 0.000000000000000000e+00 0.000000000000000000e+00 0.000000000000000000e+00 0.000000000000000000e+00 1.946244669880583264e-03 8.269690308741673346e-05 1.061216672426040229e-06 7.146892956161418603e-09
7.325000000000000000e+02 0.000000000000000000e+00 0.000000000000000000e+00 0.000000000000000000e+00 0.000000000000000000e+00 0.000000000000000000e+00 0.000000000000000000e+00 2.274926302588286490e-03 9.950068221066472917e-05 1.483506657736944681e-06 1.210246125826729508e-08
7.350000000000000000e+02 0.000000000000000000e+00 0.000000000000000000e+00 0.000000000000000000e+00 0.000000000000000000e+00 0.000000000000000000e+00 0.000000000000000000e+00 2.497552663390671061e-03 1.123962104022577495e-04 1.905490437053006629e-06 1.916926401281262989e-08
7.375000000000000000e+02 0.000000000000000000e+00 0.000000000000000000e+00 0.000000000000000000e+00 0.000000000000000000e+00 0.000000000000000000e+00 0.000000000000000000e+00 2.353525765739281853e-03 1.082379117323700762e-04 1.911189294045946809e-06 2.111579256272864981e-08
7.400000000000000000e+02 0.000000000000000000e+00 0.000000000000000000e+00 0.000000000000000000e+00 0.000000000000000000e+00 0.000000000000000000e+00 0.000000000000000000e+00 1.865329307362939126e-03 8.533503645294754868e-05 1.436778055125741688e-06 1.433202445272929326e-08
7.425000000000000000e+02 0.000000000000000000e+00 0.000000000000000000e+00 0.000000000000000000e+00 0.000000000000000000e+00 0.000000000000000000e+00 0.000000000000000000e+00 1.289798996346382337e-03 5.638957309015457425e-05 8.378925159444064900e-07 6.734577794491699915e-09
7.450000000000000000e+02 0.000000000000000000e+00 0.000000000000000000e+00 0.000000000000000000e+00 0.000000000000000000e+00 0.000000000000000000e+00 0.000000000000000000e+00 8.895257113848045304e-04 3.562407181990063609e-05 4.193342524965825438e-07 3.632453457923881208e-09
7.475000000000000000e+02 0.000000000000000000e+00 0.000000000000000000e+00 0.000000000000000000e+00 0.000000000000000000e+00 0.000000000000000000e+00 0.000000000000000000e+00 7.392710749068251040e-04 2.636073005548166968e-05 2.052355224134854185e-07 2.371818456001313741e-09
7.500000000000000000e+02 0.000000000000000000e+00 0.000000000000000000e+00 0.000000000000000000e+00 0.000000000000000000e+00 0.000000000000000000e+00 0.000000000000000000e+00 7.272350104672028548e-04 2.329376956981045352e-05 1.028356297236804517e-07 9.465350568711839954e-10
7.525000000000000000e+02 0.000000000000000000e+00 0.000000000000000000e+00 0.000000000000000000e+00 0.000000000000000000e+00 0.000000000000000000e+00 0.000000000000000000e+00 7.174590870695093069e-04 2.098782247965096256e-05 6.151925731624584126e-08 1.662493073508992070e-10
7.550000000000000000e+02 0.000000000000000000e+00 0.000000000000000000e+00 0.000000000000000000e+00 0.000000000000000000e+00 0.000000000000000000e+00 0.000000000000000000e+00 6.955024039039411866e-04 1.739068807617064722e-05 6.408329413684644435e-08 5.407762590648684452e-10
7.575000000000000000e+02 0.000000000000000000e+00 0.000000000000000000e+00 0.000000000000000000e+00 0.000000000000000000e+00 0.000000000000000000e+00 0.000000000000000000e+00 7.609944140516603341e-04 1.484559438023361777e-05 8.242476327344805577e-08 1.332965500044850986e-09
7.600000000000000000e+02 0.000000000000000000e+00 0.000000000000000000e+00 0.000000000000000000e+00 0.000000000000000000e+00 0.000000000000000000e+00 0.000000000000000000e+00 9.997944826004383743e-04 1.942506904058135861e-05 1.835670222733812525e-07 3.030470157706040877e-09
7.625000000000000000e+02 0.000000000000000000e+00 0.000000000000000000e+00 0.000000000000000000e+00 0.000000000000000000e+00 0.000000000000000000e+00 0.000000000000000000e+00 1.375798460859073034e-03 3.427908799993526872e-05 4.745103559506485778e-07 6.730073500302700110e-09
7.650000000000000000e+02 0.000000000000000000e+00 0.000000000000000000e+00 0.000000000000000000e+00 0.000000000000000000e+00 0.000000000000000000e+00 0.000000000000000000e+00 1.739795321549683291e-03 5.292869113729270643e-05 8.176748896022986481e-07 9.949647879908820224e-09
7.675000000000000000e+02 0.000000000000000000e+00 0.000000000000000000e+00 0.000000000000000000e+00 0.000000000000000000e+00 0.000000000000000000e+00 0.000000000000000000e+00 1.944265687746083533e-03 6.380151078911146852e-05 9.589042989088068125e-07 9.264938243737311275e-09
7.700000000000000000e+02 0.000000000000000000e+00 0.000000000000000000e+00 0.000000000000000000e+00 0.000000000000000000e+00 0.000000000000000000e+00 0.000000000000000000e+00 1.976277999892085604e-03 6.279579719375352612e-05 8.896823681254521675e-07 7.475052239680634045e-09
7.725000000000000000e+02 0.000000000000000000e+00 0.000000000000000000e+00 0.000000000000000000e+00 0.000000000000000000e+00 0.000000000000000000e+00 0.000000000000000000e+00 1.998677451701447866e-03 5.736654246374533643e-05 7.894161560905854782e-07 7.485838511337702892e-09
7.750000000000000000e+02 0.000000000000000000e+00 0.000000000000000000e+00 0.000000000000000000e+00 0.000000000000000000e+00 0.000000000000000000e+00 0.000000000000000000e+00 2.236191847977476218e-03 5.667702934403395012e-05 7.664193527070924984e-07 7.687808843351522791e-09
7.775000000000000000e+02 0.000000000000000000e+00 0.000000000000000000e+00 0.000000000000000000e+00 0.000000000000000000e+00 0.000000000000000000e+00 0.000000000000000000e+00 2.770348474556930812e-03 6.205512081150843583e-05 7.926591806527504778e-07 7.017243637168225071e-09
7.800000000000000000e+02 0.000000000000000000e+00 0.000000000000000000e+00 0.000000000000000000e+00 0.000000000000000000e+00 0.000000000000000000e+00 0.000000000000000000e+00 3.427872160933480294e-03 6.853855177393813132e-05 8.086418028347069160e-07 6.178086358821495961e-09
7.825000000000000000e+02 0.000000000000000000e+00 0.000000000000000000e+00 0.000000000000000000e+00 0.000000000000000000e+00 0.000000000000000000e+00 0.000000000000000000e+00 3.899685092140977964e-03 7.082258878288027343e-05 8.548758720530819636e-07 5.706123833846804307e-09
7.850000000000000000e+02 0.000000000000000000e+00 0.000000000000000000e+00 0.000000000000000000e+00 0.000000000000000000e+00 0.000000000000000000e+00 0.000000000000000000e+00 4.003708390470231589e-03 6.638198552578513918e-05 9.762135895384744356e-07 7.314787177079896078e-09
7.875000000000000000e+02 0.000000000000000000e+00 0.000000000000000000e+00 0.000000000000000000e+00 0.000000000000000000e+00 0.000000000000000000e+00 0.000000000000000000e+00 3.840861452873263297e-03 5.757857670384435071e-05 1.081644344356496975e-06 1.134683770049597271e-08
7.900000000000000000e+02 0.000000000000000000e+00 0.000000000000000000e+00 0.000000000000000000e+00 0.000000000000000000e+00 0.000000000000000000e+00 0.000000000000000000e+00 3.692697515996535857e-03 5.171217212595331076e-05 1.104474540036152154e-06 1.349907037221055787e-08
7.925000000000000000e+02 0.000000000000000000e+00 0.000000000000000000e+00 0.000000000000000000e+00 0.000000000000000000e+00 0.000000000000000000e+00 0.000000000000000000e+00 3.763790669071874224e-03 5.462548320812399879e-05 1.084647859918434890e-06 1.128803971474209326e-08
7.950000000000000000e+02 0.000000000000000000e+00 0.000000000000000000e+00 0.000000000000000000e+00 0.000000000000000000e+00 0.000000000000000000e+00 0.000000000000000000e+00 4.005128242433029541e-03 6.357105988055383543e-05 1.044052652321520227e-06 8.027038770206149254e-09
7.975000000000000000e+02 0.000000000000000000e+00 0.000000000000000000e+00 0.000000000000000000e+00 0.000000000000000000e+00 0.000000000000000000e+00 0.000000000000000000e+00 4.158712358841783717e-03 7.041704804569139478e-05 9.751646206049782299e-07 7.243962992249244868e-09
8.000000000000000000e+02 0.000000000000000000e+00 0.000000000000000000e+00 0.000000000000000000e+00 0.000000000000000000e+00 0.000000000000000000e+00 0.000000000000000000e+00 3.971345326141269630e-03 7.126397730797808742e-05 8.648894939066598032e-07 6.865184494418769064e-09
8.025000000000000000e+02 0.000000000000000000e+00 0.000000000000000000e+00 0.000000000000000000e+00 0.000000000000000000e+00 0.000000000000000000e+00 0.000000000000000000e+00 3.403808711453621631e-03 6.836089412429745846e-05 7.286612730822071152e-07 5.215614206615558555e-09
8.050000000000000000e+02 0.000000000000000000e+00 0.000000000000000000e+00 0.000000000000000000e+00 0.000000000000000000e+00 0.000000000000000000e+00 0.000000000000000000e+00 2.673348914644513644e-03 6.508939237474884853e-05 6.790430034380487122e-07 4.417614382784455460e-09
8.075000000000000000e+02 0.000000000000000000e+00 0.000000000000000000e+00 0.000000000000000000e+00 0.000000000000000000e+00 0.000000000000000000e+00 0.000000000000000000e+00 2.094672593358572459e-03 6.469721665038991000e-05 8.242316485935166333e-07 6.049354367814313607e-09
8.100000000000000000e+02 0.000000000000000000e+00 0.000000000000000000e+00 0.000000000000000000e+00 0.000000000000000000e+00 0.000000000000000000e+00 0.000000000000000000e+00 1.843932904616168164e-03 7.044484047120762316e-05 1.145059097491771677e-06 1.102645205307491648e-08
8.125000000000000000e+02 0.000000000000000000e+00 0.000000000000000000e+00 0.000000000000000000e+00 0.000000000000000000e+00 0.000000000000000000e+00 0.000000000000000000e+00 1.835505281958891644e-03 8.041773541213258453e-05 1.480212995079386737e-06 1.705299273855519596e-08
8.150000000000000000e+02 0.000000000000000000e+00 0.000000000000000000e+00 0.000000000000000000e+00 0.000000000000000000e+00 0.000000000000000000e+00 0.000000000000000000e+00 1.810693825444925024e-03 8.439860955537571198e-05 1.556826656748883419e-06 1.756891125966644159e-08
8.175000000000000000e+02 0.000000000000000000e+00 0.000000000000000000e+00 0.000000000000000000e+00 0.000000000000000000e+00 0.000000000000000000e+00 0.000000000000000000e+00 1.561055675183475747e-03 7.249348337820927070e-05 1.232044578763157783e-06 1.173627502892319563e-08
8.200000000000000000e+02 0.000000000000000000e+00 0.000000000000000000e+00 0.000000000000000000e+00 0.000000000000000000e+00 0.000000000000000000e+00 0.000000000000000000e+00 1.094559007823601949e-03 4.754822961243292801e-05 7.083108202402977722e-07 6.260768540509595154e-09
8.225000000000000000e+02 0.000000000000000000e+00 0.000000000000000000e+00 0.000000000000000000e+00 0.000000000000000000e+00 0.000000000000000000e+00 0.000000000000000000e+00 6.051671307721202256e-04 2.392531879094947825e-05 3.013042551339637212e-07 3.476529735695717983e-09
8.250000000000000000e+02 0.000000000000000000e+00 0.000000000000000000e+00 0.000000000000000000e+00 0.000000000000000000e+00 0.000000000000000000e+00 0.000000000000000000e+00 2.864853884366603382e-04 1.256475957531276857e-05 1.195352780644163467e-07 2.015579234873493258e-09
8.275000000000000000e+02 0.000000000000000000e+00 0.000000000000000000e+00 0.000000000000000000e+00 0.000000000000000000e+00 0.000000000000000000e+00 0.000000000000000000e+00 1.732181597463752472e-04 1.206061921299967338e-05 8.491109133774958115e-08 1.370860027303350143e-09
8.300000000000000000e+02 0.000000000000000000e+00 0.000000000000000000e+00 0.000000000000000000e+00 0.000000000000000000e+00 0.000000000000000000e+00 0.000000000000000000e+00 1.591908434974993042e-04 1.513912669542526431e-05 8.625237239752582002e-08 9.841590013029436054e-10
8.325000000000000000e+02 0.000000000000000000e+00 0.000000000000000000e+00 0.000000000000000000e+00 0.000000000000000000e+00 0.000000000000000000e+00 0.000000000000000000e+00 1.550389120682117835e-04 1.798763766951000839e-05 8.782547558963723350e-08 6.201484346549268540e-10
8.350000000000000000e+02 0.000000000000000000e+00 0.000000000000000000e+00 0.000000000000000000e+00 0.000000000000000000e+00 0.000000000000000000e+00 0.000000000000000000e+00 2.044020538746485970e-04 2.241477934105002027e-05 1.376700559559243024e-07 7.403680619478766911e-10
8.375000000000000000e+02 0.000000000000000000e+00 0.000000000000000000e+00 0.000000000000000000e+00 0.000000000000000000e+00 0.000000000000000000e+00 0.000000000000000000e+00 4.345345108142472756e-04 3.359688070337257690e-05 3.234775170948027082e-07 2.871899825377808049e-09
8.400000000000000000e+02 0.000000000000000000e+00 0.000000000000000000e+00 0.000000000000000000e+00 0.000000000000000000e+00 0.000000000000000000e+00 0.000000000000000000e+00 9.026003911402250652e-04 5.523199763876394496e-05 7.107199489322670909e-07 8.022809002776086399e-09
8.425000000000000000e+02 0.000000000000000000e+00 0.000000000000000000e+00 0.000000000000000000e+00 0.000000000000000000e+00 0.000000000000000000e+00 0.000000000000000000e+00 1.497389975573779975e-03 8.300566375299846917e-05 1.165375734290860268e-06 1.248363141942918991e-08
8.450000000000000000e+02 0.000000000000000000e+00 0.000000000000000000e+00 0.000000000000000000e+00 0.000000000000000000e+00 0.000000000000000000e+00 0.000000000000000000e+00 1.987793801758132826e-03 1.042242712085525338e-04 1.411840133622380938e-06 1.236588973032047999e-08
8.475000000000000000e+02 0.000000000000000000e+00 0.000000000000000000e+00 0.000000000000000000e+00 0.000000000000000000e+00 0.000000000000000000e+00 0.000000000000000000e+00 2.182613360323365243e-03 1.082674520378587628e-04 1.389041870087590840e-06 1.085770942268382062e-08
8.500000000000000000e+02 0.000000000000000000e+00 0.000000000000000000e+00 0.000000000000000000e+00 0.000000000000000000e+00 0.000000000000000000e+00 0.000000000000000000e+00 2.088458716867188942e-03 9.703542468108475435e-05 1.264439877501297010e-06 1.019162813619882000e-08
8.525000000000000000e+02 0.000000000000000000e+00 0.000000000000000000e+00 0.000000000000000000e+00 0.000000000000000000e+00 0.000000000000000000e+00 0.000000000000000000e+00 1.940669299056244730e-03 8.232045298707013398e-05 1.146393935533210063e-06 9.460176600516013517e-09
8.550000000000000000e+02 0.000000000000000000e+00 0.000000000000000000e+00 0.000000000000000000e+00 0.000000000000000000e+00 0.000000000000000000e+00 0.000000000000000000e+00 2.047549417613618236e-03 7.479555377751671342e-05 1.049466402305778429e-06 8.970373356857606188e-09
8.575000000000000000e+02 0.000000000000000000e+00 0.000000000000000000e+00 0.000000000000000000e+00 0.000000000000000000e+00 0.000000000000000000e+00 0.000000000000000000e+00 2.537843777706841764e-03 7.794426961122571744e-05 1.019215409383576342e-06 7.827791062157418643e-09
8.600000000000000000e+02 0.000000000000000000e+00 0.000000000000000000e+00 0.000000000000000000e+00 0.000000000000000000e+00 0.000000000000000000e+00 0.000000000000000000e+00 3.225651173379434026e-03 8.846552118585445756e-05 1.144781545021036597e-06 7.085862809630370703e-09
8.625000000000000000e+02 0.000000000000000000e+00 0.000000000000000000e+00 0.000000000000000000e+00 0.000000000000000000e+00 0.000000000000000000e+00 0.000000000000000000e+00 3.738890197435799836e-03 9.791831283419917173e-05 1.415739493381071928e-06 1.118002320018571261e-08
8.650000000000000000e+02 0.000000000000000000e+00 0.000000000000000000e+00 0.000000000000000000e+00 0.000000000000000000e+00 0.000000000000000000e+00 0.000000000000000000e+00 3.815811889297662102e-03 9.687596677972862996e-05 1.602169482559177409e-06 1.666467875278517006e-08
8.675000000000000000e+02 0.000000000000000000e+00 0.000000000000000000e+00 0.000000000000000000e+00 0.000000000000000000e+00 0.000000000000000000e+00 0.000000000000000000e+00 3.504668553156467525e-03 8.288581033146863669e-05 1.483244574682456095e-06 1.563670708586285858e-08
8.700000000000000000e+02 0.000000000000000000e+00 0.000000000000000000e+00 0.000000000000000000e+00 0.000000000000000000e+00 0.000000000000000000e+00 0.000000000000000000e+00 3.094322672953398780e-03 6.414214455662220309e-05 1.145139533698990430e-06 1.057838573657329715e-08
8.725000000000000000e+02 0.000000000000000000e+00 0.000000000000000000e+00 0.000000000000000000e+00 0.000000000000000000e+00 0.000000000000000000e+00 0.000000000000000000e+00 2.858535901291051496e-03 5.174679378512215530e-05 8.294998260090855538e-07 7.219203755377727402e-09
8.750000000000000000e+02 0.000000000000000000e+00 0.000000000000000000e+00 0.000000000000000000e+00 0.000000000000000000e+00 0.000000000000000000e+00 0.000000000000000000e+00 2.849349564795332617e-03 4.896217631643670761e-05 6.310090867281012664e-07 5.636818588248048529e-09
8.775000000000000000e+02 0.000000000000000000e+00 0.000000000000000000e+00 0.000000000000000000e+00 0.000000000000000000e+00 0.000000000000000000e+00 0.000000000000000000e+00 2.900025251258579132e-03 5.082672095426510301e-05 4.974692131777970043e-07 4.221124133983494613e-09
8.800000000000000000e+02 0.000000000000000000e+00 0.000000000000000000e+00 0.000000000000000000e+00 0.000000000000000000e+00 0.000000000000000000e+00 0.000000000000000000e+00 2.803810588259697360e-03 5.132301848374746080e-05 3.908075780119752913e-07 2.829464820507358088e-09
8.825000000000000000e+02 0.000000000000000000e+00 0.000000000000000000e+00 0.000000000000000000e+00 0.000000000000000000e+00 0.000000000000000000e+00 0.000000000000000000e+00 2.500183592381628565e-03 4.717877412703212493e-05 3.531877803484686086e-07 2.109289046484637462e-09
8.850000000000000000e+02 0.000000000000000000e+00 0.000000000000000000e+00 0.000000000000000000e+00 0.000000000000000000e+00 0.000000000000000000e+00 0.000000000000000000e+00 2.116975242036346367e-03 3.879460536520375403e-05 3.941552978575129320e-07 3.140190307195071514e-09
8.875000000000000000e+02 0.000000000000000000e+00 0.000000000000000000e+00 0.000000000000000000e+00 0.000000000000000000e+00 0.000000000000000000e+00 0.000000000000000000e+00 1.850925359676679942e-03 3.129402056963594229e-05 4.626001147889524967e-07 5.806927580076825122e-09
8.900000000000000000e+02 0.000000000000000000e+00 0.000000000000000000e+00 0.000000000000000000e+00 0.000000000000000000e+00 0.000000000000000000e+00 0.000000000000000000e+00 1.799874539572426371e-03 3.067925030683430317e-05 5.644363378944036263e-07 8.242235723835283114e-09
8.925000000000000000e+02 0.000000000000000000e+00 0.000000000000000000e+00 0.000000000000000000e+00 0.000000000000000000e+00 0.000000000000000000e+00 0.000000000000000000e+00 1.886365745575302542e-03 3.589445382095796436e-05 6.777460794287884677e-07 8.610961476954956038e-09
8.950000000000000000e+02 0.000000000000000000e+00 0.000000000000000000e+00 0.000000000000000000e+00 0.000000000000000000e+00 0.000000000000000000e+00 0.000000000000000000e+00 1.932856838645804435e-03 3.819869281407499233e-05 6.753091274008634109e-07 6.942615096681570015e-09
8.975000000000000000e+02 0.000000000000000000e+00 0.000000000000000000e+00 0.000000000000000000e+00 0.000000000000000000e+00 0.000000000000000000e+00 0.000000000000000000e+00 1.826747814549059589e-03 3.162520534059628190e-05 5.243935855085926023e-07 5.310636167607227748e-09
9.000000000000000000e+02 0.000000000000000000e+00 0.000000000000000000e+00 0.000000000000000000e+00 0.000000000000000000e+00 0.000000000000000000e+00 0.000000000000000000e+00 1.630998162271054489e-03 2.136668505501610000e-05 3.588718675321967627e-07 4.251064565145330637e-09
9.025000000000000000e+02 0.000000000000000000e+00 0.000000000000000000e+00 0.000000000000000000e+00 0.000000000000000000e+00 0.000000000000000000e+00 0.000000000000000000e+00 1.529076065413423032e-03 1.772998890905287092e-05 2.991228611650318726e-07 3.658296500413117359e-09
9.050000000000000000e+02 0.000000000000000000e+00 0.000000000000000000e+00 0.000000000000000000e+00 0.000000000000000000e+00 0.000000000000000000e+00 0.000000000000000000e+00 1.642804546578870801e-03 2.370344488104300851e-05 3.508240890305187797e-07 3.933099753326967487e-09
9.075000000000000000e+02 0.000000000000000000e+00 0.000000000000000000e+00 0.000000000000000000e+00 0.000000000000000000e+00 0.000000000000000000e+00 0.000000000000000000e+00 1.901383394082667953e-03 3.299855198000464361e-05 4.209710035895544419e-07 4.505173778259251289e-09
9.100000000000000000e+02 0.000000000000000000e+00 0.000000000000000000e+00 0.000000000000000000e+00 0.000000000000000000e+00 0.000000000000000000e+00 0.000000000000000000e+00 2.107043327865410019e-03 3.865377171833905720e-05 4.396967473313627882e-07 3.713202635557875639e-09
9.125000000000000000e+02 0.000000000000000000e+00 0.000000000000000000e+00 0.000000000000000000e+00 0.000000000000000000e+00 0.000000000000000000e+00 0.000000000000000000e+00 2.139657306164264184e-03 3.946162241066699256e-05 4.612198616102877898e-07 2.749196270081297904e-09
9.150000000000000000e+02 0.000000000000000000e+00 0.000000000000000000e+00 0.000000000000000000e+00 0.000000000000000000e+00 0.000000000000000000e+00 0.000000000000000000e+00 2.086380832005902200e-03 3.975442122886532504e-05 5.633909233692991429e-07 4.655707563915464942e-09
9.175000000000000000e+02 0.000000000000000000e+00 0.000000000000000000e+00 0.000000000000000000e+00 0.000000000000000000e+00 0.000000000000000000e+00 0.000000000000000000e+00 2.159357719610479048e-03 4.605515169218668992e-05 7.660813451424701445e-07 8.394715501402155875e-09
9.200000000000000000e+02 0.000000000000000000e+00 0.000000000000000000e+00 0.000000000000000000e+00 0.000000000000000000e+00 0.000000000000000000e+00 0.000000000000000000e+00 2.484734769664965603e-03 6.168084958025970514e-05 1.026140543125479262e-06 1.069039591379402807e-08
9.225000000000000000e+02 0.000000000000000000e+00 0.000000000000000000e+00 0.000000000000000000e+00 0.000000000000000000e+00 0.000000000000000000e+00 0.000000000000000000e+00 2.962706321787524424e-03 8.173802633267843794e-05 1.229017885052860342e-06 1.077176921380749531e-08
9.250000000000000000e+02 0.000000000000000000e+00 0.000000000000000000e+00 0.000000000000000000e+00 0.000000000000000000e+00 0.000000000000000000e+00 0.000000000000000000e+00 3.317137553453006898e-03 9.574174182208600821e-05 1.310312145316995818e-06 1.006045105425560546e-08
9.275000000000000000e+02 0.000000000000000000e+00 0.000000000000000000e+00 0.000000000000000000e+00 0.000000000000000000e+00 0.000000000000000000e+00 0.000000000000000000e+00 3.294038126052907262e-03 9.763768624191270157e-05 1.301877798873892271e-06 9.390913962499282432e-09
9.300000000000000000e+02 0.000000000000000000e+00 0.000000000000000000e+00 0.000000000000000000e+00 0.000000000000000000e+00 0.000000000000000000e+00 0.000000000000000000e+00 2.863848638284012885e-03 9.104830487282808676e-05 1.213979880440041885e-06 9.472903060710628606e-09
9.325000000000000000e+02 0.000000000000000000e+00 0.000000000000000000e+00 0.000000000000000000e+00 0.000000000000000000e+00 0.000000000000000000e+00 0.000000000000000000e+00 2.272254468527284705e-03 8.436571520989053462e-05 1.091316747557302058e-06 9.031569558009457863e-09
9.350000000000000000e+02 0.000000000000000000e+00 0.000000000000000000e+00 0.000000000000000000e+00 0.000000000000000000e+00 0.000000000000000000e+00 0.000000000000000000e+00 1.877007760388337996e-03 8.463927402618545107e-05 1.080418056420986093e-06 7.395702755936950767e-09
9.375000000000000000e+02 0.000000000000000000e+00 0.000000000000000000e+00 0.000000000000000000e+00 0.000000000000000000e+00 0.000000000000000000e+00 0.000000000000000000e+00 1.877141629310724764e-03 9.506996592745003884e-05 1.300263735085903455e-06 9.194763608299564352e-09
9.400000000000000000e+02 0.000000000000000000e+00 0.000000000000000000e+00 0.000000000000000000e+00 0.000000000000000000e+00 0.000000000000000000e+00 0.000000000000000000e+00 2.155055314469671128e-03 1.121156350618326497e-04 1.702590961351339042e-06 1.607081758044163556e-08
9.425000000000000000e+02 0.000000000000000000e+00 0.000000000000000000e+00 0.000000000000000000e+00 0.000000000000000000e+00 0.000000000000000000e+00 0.000000000000000000e+00 2.375355933659741969e-03 1.241552945925029319e-04 2.013627596712700537e-06 2.048816735006893472e-08
9.450000000000000000e+02 0.000000000000000000e+00 0.000000000000000000e+00 0.000000000000000000e+00 0.000000000000000000e+00 0.000000000000000000e+00 0.000000000000000000e+00 2.260065370214964491e-03 1.185423889508147298e-04 1.913690130512783980e-06 1.793702277979827850e-08
9.475000000000000000e+02 0.000000000000000000e+00 0.000000000000000000e+00 0.000000000000000000e+00 0.000000000000000000e+00 0.000000000000000000e+00 0.000000000000000000e+00 1.799872752843755972e-03 9.365647839714087057e-05 1.408976846740420988e-06 1.269199682379677464e-08
9.500000000000000000e+02 0.000000000000000000e+00 0.000000000000000000e+00 0.000000000000000000e+00 0.000000000000000000e+00 0.000000000000000000e+00 0.000000000000000000e+00 1.227559736653168832e-03 6.195727341274379681e-05 8.283157501189630611e-07 7.824920624824131988e-09
9.525000000000000000e+02 0.000000000000000000e+00 0.000000000000000000e+00 0.000000000000000000e+00 0.000000000000000000e+00 0.000000000000000000e+00 0.000000000000000000e+00 8.039644973760232908e-04 3.825670306154772875e-05 4.232038360828419097e-07 4.242635762566428638e-09
9.550000000000000000e+02 0.000000000000000000e+00 0.000000000000000000e+00 0.000000000000000000e+00 0.000000000000000000e+00 0.000000000000000000e+00 0.000000000000000000e+00 6.234273212765293259e-04 2.694103061032109995e-05 2.106204953447563177e-07 2.328251467230567703e-09
9.575000000000000000e+02 0.000000000000000000e+00 0.000000000000000000e+00 0.000000000000000000e+00 0.000000000000000000e+00 0.000000000000000000e+00 0.000000000000000000e+00 5.976074013611519953e-04 2.275241458468309355e-05 1.085674311728029901e-07 1.161551290946976986e-09
9.600000000000000000e+02 0.000000000000000000e+00 0.000000000000000000e+00 0.000000000000000000e+00 0.000000000000000000e+00 0.000000000000000000e+00 0.000000000000000000e+00 5.962005284391627257e-04 1.973210277149127522e-05 6.177753362475880871e-08 3.015541700252051481e-10
9.625000000000000000e+02 0.000000000000000000e+00 0.000000000000000000e+00 0.000000000000000000e+00 0.000000000000000000e+00 0.000000000000000000e+00 0.000000000000000000e+00 5.890333974840885950e-04 1.622634286597343984e-05 4.955854295343968135e-08 3.144307272621090630e-10
9.650000000000000000e+02 0.000000000000000000e+00 0.000000000000000000e+00 0.000000000000000000e+00 0.000000000000000000e+00 0.000000000000000000e+00 0.000000000000000000e+00 6.597711141107687628e-04 1.509637761539612492e-05 6.451944236239416472e-08 1.103085937487574621e-09
9.675000000000000000e+02 0.000000000000000000e+00 0.000000000000000000e+00 0.000000000000000000e+00 0.000000000000000000e+00 0.000000000000000000e+00 0.000000000000000000e+00 8.993359244874075476e-04 2.129334423714290142e-05 1.736111752005415931e-07 2.809562054607017780e-09
9.700000000000000000e+02 0.000000000000000000e+00 0.000000000000000000e+00 0.000000000000000000e+00 0.000000000000000000e+00 0.000000000000000000e+00 0.000000000000000000e+00 1.291396420628159250e-03 3.603412543423597662e-05 4.294816063021259659e-07 5.187400912010813013e-09
9.725000000000000000e+02 0.000000000000000000e+00 0.000000000000000000e+00 0.000000000000000000e+00 0.000000000000000000e+00 0.000000000000000000e+00 0.000000000000000000e+00 1.694404348864155495e-03 5.247674331824666617e-05 6.928621285473957983e-07 6.817370663644153749e-09
9.750000000000000000e+02 0.000000000000000000e+00 0.000000000000000000e+00 0.000000000000000000e+00 0.000000000000000000e+00 0.000000000000000000e+00 0.000000000000000000e+00 1.942898841142136389e-03 6.059309951669822076e-05 7.995620790445909032e-07 7.410515588869449830e-09
9.775000000000000000e+02 0.000000000000000000e+00 0.000000000000000000e+00 0.000000000000000000e+00 0.000000000000000000e+00 0.000000000000000000e+00 0.000000000000000000e+00 1.997261822316966431e-03 5.756404042350811429e-05 7.838896764797101774e-07 6.863158997739275059e-09
9.800000000000000000e+02 0.000000000000000000e+00 0.000000000000000000e+00 0.000000000000000000e+00 0.000000000000000000e+00 0.000000000000000000e+00 0.000000000000000000e+00 2.011921469898704431e-03 5.051754858606000576e-05 7.575435258543327512e-07 6.474321780485237488e-09
9.825000000000000000e+02 0.000000000000000000e+00 0.000000000000000000e+00 0.000000000000000000e+00 0.000000000000000000e+00 0.000000000000000000e+00 0.000000000000000000e+00 2.228851960165458002e-03 4.814110833463250969e-05 7.662469838051468870e-07 7.587824594980214937e-09
9.850000000000000000e+02 0.000000000000000000e+00 0.000000000000000000e+00 0.000000000000000000e+00 0.000000000000000000e+00 0.000000000000000000e+00 0.000000000000000000e+00 2.756204076503736451e-03 5.249710019349639880e-05 7.896318431826820566e-07 7.967578689552130151e-09
9.875000000000000000e+02 0.000000000000000000e+00 0.000000000000000000e+00 0.000000000000000000e+00 0.000000000000000000e+00 0.000000000000000000e+00 0.000000000000000000e+00 3.435345567905963380e-03 5.936913803156049956e-05 7.995994916363129543e-07 5.892115319059579969e-09
9.900000000000000000e+02 0.000000000000000000e+00 0.000000000000000000e+00 0.000000000000000000e+00 0.000000000000000000e+00 0.000000000000000000e+00 0.000000000000000000e+00 3.949068346999799577e-03 6.317507345636863678e-05 8.302701536748357632e-07 5.204941130221205350e-09
9.925000000000000000e+02 0.000000000000000000e+00 0.000000000000000000e+00 0.000000000000000000e+00 0.000000000000000000e+00 0.000000000000000000e+00 0.000000000000000000e+00 4.088871162361613736e-03 6.078778399470377119e-05 9.062022412515941744e-07 7.762363173146812517e-09
9.950000000000000000e+02 0.000000000000000000e+00 0.000000000000000000e+00 0.000000000000000000e+00 0.000000000000000000e+00 0.000000000000000000e+00 0.000000000000000000e+00 3.928902781788598010e-03 5.383627575876231888e-05 9.580132361399028697e-07 9.719891289801750225e-09
9.975000000000000000e+02 0.000000000000000000e+00 0.000000000000000000e+00 0.000000000000000000e+00 0.000000000000000000e+00 0.000000000000000000e+00 0.000000000000000000e+00 3.744566423681089298e-03 4.878812079263545736e-05 9.487924653355291356e-07 9.740433330577302776e-09
1.000000000000000000e+03 0.000000000000000000e+00 0.000000000000000000e+00 0.000000000000000000e+00 0.000000000000000000e+00 0.000000000000000000e+00 0.000000000000000000e+00 3.762561974836209789e-03 5.211356843219501841e-05 9.410943896407798467e-07 8.915236267135225847e-09
1.002500000000000000e+03 0.000000000000000000e+00 0.000000000000000000e+00 0.000000000000000000e+00 0.000000000000000000e+00 0.000000000000000000e+00 0.000000000000000000e+00 3.970283042935608860e-03 6.366058468776024089e-05 9.737059325768171705e-07 7.817781098009031484e-09
1.005000000000000000e+03 0.000000000000000000e+00 0.000000000000000000e+00 0.000000000000000000e+00 0.000000000000000000e+00 0.000000000000000000e+00 0.000000000000000000e+00 4.133522402472192443e-03 7.677396402195075923e-05 1.004806189111594052e-06 7.726256980919595240e-09
1.007500000000000000e+03 0.000000000000000000e+00 0.000000000000000000e+00 0.000000000000000000e+00 0.000000000000000000e+00 0.000000000000000000e+00 0.000000000000000000e+00 3.990859644534296841e-03 8.496199242023098409e-05 9.727676811611312894e-07 8.232724155211615633e-09
1.010000000000000000e+03 0.000000000000000000e+00 0.000000000000000000e+00 0.000000000000000000e+00 0.000000000000000000e+00 0.000000000000000000e+00 0.000000000000000000e+00 3.467859916338981476e-03 8.591376959077134782e-05 9.062011878277600553e-07 6.790951458741719627e-09
1.012500000000000000e+03 0.000000000000000000e+00 0.000000000000000000e+00 0.000000000000000000e+00 0.000000000000000000e+00 0.000000000000000000e+00 0.000000000000000000e+00 2.747338175637717254e-03 8.126486870868434643e-05 9.116399773101098250e-07 5.948826996205288567e-09
1.015000000000000000e+03 0.000000000000000000e+00 0.000000000000000000e+00 0.000000000000000000e+00 0.000000000000000000e+00 0.000000000000000000e+00 0.000000000000000000e+00 2.138403997266501676e-03 7.620383514984838136e-05 1.037080905749286900e-06 9.279875357702924424e-09
1.017500000000000000e+03 0.000000000000000000e+00 0.000000000000000000e+00 0.000000000000000000e+00 0.000000000000000000e+00 0.000000000000000000e+00 0.000000000000000000e+00 1.843543011619185436e-03 7.632031313243335462e-05 1.239507292311178024e-06 1.355886501918567924e-08
1.020000000000000000e+03 0.000000000000000000e+00 0.000000000000000000e+00 0.000000000000000000e+00 0.000000000000000000e+00 0.000000000000000000e+00 0.000000000000000000e+00 1.811136194579930593e-03 8.064216697982168455e-05 1.394889689224018353e-06 1.454046557447057688e-08
1.022500000000000000e+03 0.000000000000000000e+00 0.000000000000000000e+00 0.000000000000000000e+00 0.000000000000000000e+00 0.000000000000000000e+00 0.000000000000000000e+00 1.796787145466223479e-03 7.983862643440934042e-05 1.325729478565465285e-06 1.267587426829587950e-08
1.025000000000000000e+03 0.000000000000000000e+00 0.000000000000000000e+00 0.000000000000000000e+00 0.000000000000000000e+00 0.000000000000000000e+00 0.000000000000000000e+00 1.580598052871975360e-03 6.541800246812839276e-05 9.902874156537805294e-07 9.474781542244052975e-09
1.027500000000000000e+03 0.000000000000000000e+00 0.000000000000000000e+00 0.000000000000000000e+00 0.000000000000000000e+00 0.000000000000000000e+00 0.000000000000000000e+00 1.148416087283808413e-03 4.061211126287380248e-05 5.649159371666039534e-07 5.522655830248087873e-09
1.030000000000000000e+03 0.000000000000000000e+00 0.000000000000000000e+00 0.000000000000000000e+00 0.000000000000000000e+00 0.000000000000000000e+00 0.000000000000000000e+00 6.792507861050052585e-04 1.859155480641830105e-05 2.452492543785815308e-07 2.790928387078623133e-09
1.032500000000000000e+03 0.000000000000000000e+00 0.000000000000000000e+00 0.000000000000000000e+00 0.000000000000000000e+00 0.000000000000000000e+00 0.000000000000000000e+00 3.660368499711558264e-04 9.003903881320463363e-06 1.054545538978243582e-07 1.867780238833575423e-09
1.035000000000000000e+03 0.000000000000000000e+00 0.000000000000000000e+00 0.000000000000000000e+00 0.000000000000000000e+00 0.000000000000000000e+00 0.000000000000000000e+00 2.524987823823637368e-04 9.927589274620171570e-06 9.868796002449861862e-08 1.830903662378236413e-09
1.037500000000000000e+03 0.000000000000000000e+00 0.000000000000000000e+00 0.000000000000000000e+00 0.000000000000000000e+00 0.000000000000000000e+00 0.000000000000000000e+00 2.394363335700656014e-04 1.379883206652594053e-05 1.209290217567779146e-07 1.511682312112604651e-09
1.040000000000000000e+03 0.000000000000000000e+00 0.000000000000000000e+00 0.000000000000000000e+00 0.000000000000000000e+00 0.000000000000000000e+00 0.000000000000000000e+00 2.328041236238164542e-04 1.666743847261809909e-05 1.317200004636920843e-07 8.324959012092151217e-10
1.042500000000000000e+03 0.000000000000000000e+00 0.000000000000000000e+00 0.000000000000000000e+00 0.000000000000000000e+00 0.000000000000000000e+00 0.000000000000000000e+00 2.648521474110939020e-04 2.041166126786893802e-05 1.757071080507247742e-07 1.176331803231406876e-09
1.045000000000000000e+03 0.000000000000000000e+00 0.000000000000000000e+00 0.000000000000000000e+00 0.000000000000000000e+00 0.000000000000000000e+00 0.000000000000000000e+00 4.629316989476498965e-04 2.963514220326903388e-05 3.214889046628346183e-07 2.985557478478903486e-09
1.047500000000000000e+03 0.000000000000000000e+00 0.000000000000000000e+00 0.000000000000000000e+00 0.000000000000000000e+00 0.000000000000000000e+00 0.000000000000000000e+00 9.050118249820707748e-04 4.710016457751026349e-05 5.987969576240593205e-07 5.738632319681492511e-09
1.050000000000000000e+03 0.000000000000000000e+00 0.000000000000000000e+00 0.000000000000000000e+00 0.000000000000000000e+00 0.000000000000000000e+00 0.000000000000000000e+00 1.504733002823872498e-03 6.930143679440523040e-05 9.060874669497863574e-07 8.544003159769018375e-09
1.052500000000000000e+03 0.000000000000000000e+00 0.000000000000000000e+00 0.000000000000000000e+00 0.000000000000000000e+00 0.000000000000000000e+00 0.000000000000000000e+00 2.032033690136097505e-03 8.676389005237711966e-05 1.103785358801902352e-06 9.370514372993395788e-09
1.055000000000000000e+03 0.000000000000000000e+00 0.000000000000000000e+00 0.000000000000000000e+00 0.000000000000000000e+00 0.000000000000000000e+00 0.000000000000000000e+00 2.265689620486441725e-03 9.174249966730455171e-05 1.187916745285706712e-06 8.342774743797201708e-09
1.057500000000000000e+03 0.000000000000000000e+00 0.000000000000000000e+00 0.000000000000000000e+00 0.000000000000000000e+00 0.000000000000000000e+00 0.000000000000000000e+00 2.174715010379537749e-03 8.555328395456253962e-05 1.202197871144840422e-06 9.181106885353682609e-09
1.060000000000000000e+03 0.000000000000000000e+00 0.000000000000000000e+00 0.000000000000000000e+00 0.000000000000000000e+00 0.000000000000000000e+00 0.000000000000000000e+00 1.980060500733752272e-03 7.687211266692891946e-05 1.159600887509330039e-06 1.073029902602191274e-08
1.062500000000000000e+03 0.000000000000000000e+00 0.000000000000000000e+00 0.000000000000000000e+00 0.000000000000000000e+00 0.000000000000000000e+00 0.000000000000000000e+00 2.008841107535236283e-03 7.455549027091005825e-05 1.113733884074498151e-06 9.384422685325244121e-09
1.065000000000000000e+03 0.000000000000000000e+00 0.000000000000000000e+00 0.000000000000000000e+00 0.000000000000000000e+00 0.000000000000000000e+00 0.000000000000000000e+00 2.427269541410854211e-03 8.248697459682088548e-05 1.156192596547229526e-06 7.959990195753180283e-09
1.067500000000000000e+03 0.000000000000000000e+00 0.000000000000000000e+00 0.000000000000000000e+00 0.000000000000000000e+00 0.000000000000000000e+00 0.000000000000000000e+00 3.081214415803573518e-03 9.752289987960165369e-05 1.344761637976239871e-06 1.037101449171335625e-08
1.070000000000000000e+03 0.000000000000000000e+00 0.000000000000000000e+00 0.000000000000000000e+00 0.000000000000000000e+00 0.000000000000000000e+00 0.000000000000000000e+00 3.605434578689977691e-03 1.103747775821703215e-04 1.604271120575924056e-06 1.413898206996930977e-08
1.072500000000000000e+03 0.000000000000000000e+00 0.000000000000000000e+00 0.000000000000000000e+00 0.000000000000000000e+00 0.000000000000000000e+00 0.000000000000000000e+00 3.716361996725228451e-03 1.111047813675502779e-04 1.704211129735783591e-06 1.566796004971717677e-08
1.075000000000000000e+03 0.000000000000000000e+00 0.000000000000000000e+00 0.000000000000000000e+00 0.000000000000000000e+00 0.000000000000000000e+00 0.000000000000000000e+00 3.427099338441257515e-03 9.718300560870669002e-05 1.505125227945597647e-06 1.427225774415906821e-08
1.077500000000000000e+03 0.000000000000000000e+00 0.000000000000000000e+00 0.000000000000000000e+00 0.000000000000000000e+00 0.000000000000000000e+00 0.000000000000000000e+00 3.003420259601456786e-03 7.670458327710786303e-05 1.147345239359559876e-06 1.049894666150013054e-08
1.080000000000000000e+03 0.000000000000000000e+00 0.000000000000000000e+00 0.000000000000000000e+00 0.000000000000000000e+00 0.000000000000000000e+00 0.000000000000000000e+00 2.725593865914143453e-03 6.145648521674665354e-05 8.435627838927934273e-07 7.352167740060229626e-09
1.082500000000000000e+03 0.000000000000000000e+00 0.000000000000000000e+00 0.000000000000000000e+00 0.000000000000000000e+00 0.000000000000000000e+00 0.000000000000000000e+00 2.677457012533886096e-03 5.619979285775957765e-05 6.585554562997775825e-07 6.386418057420089843e-09
1.085000000000000000e+03 0.000000000000000000e+00 0.000000000000000000e+00 0.000000000000000000e+00 0.000000000000000000e+00 0.000000000000000000e+00 0.000000000000000000e+00 2.724162458396720346e-03 5.642553033520733845e-05 5.430405504395594438e-07 5.234300337618849634e-09
1.087500000000000000e+03 0.000000000000000000e+00 0.000000000000000000e+00 0.000000000000000000e+00 0.000000000000000000e+00 0.000000000000000000e+00 0.000000000000000000e+00 2.663879897421143547e-03 5.490648312917283656e-05 4.589008474372769094e-07 3.039587514257911084e-09
1.090000000000000000e+03 0.000000000000000000e+00 0.000000000000000000e+00 0.000000000000000000e+00 0.000000000000000000e+00 0.000000000000000000e+00 0.000000000000000000e+00 2.410227122630735890e-03 4.768920179579348495e-05 4.160566499873746088e-07 2.775355121350869893e-09
1.092500000000000000e+03 0.000000000000000000e+00 0.000000000000000000e+00 0.000000000000000000e+00 0.000000000000000000e+00 0.000000000000000000e+00 0.000000000000000000e+00 2.059768439622424851e-03 3.637514956085141833e-05 4.017676180308916279e-07 4.346345560747760996e-09
1.095000000000000000e+03 0.000000000000000000e+00 0.000000000000000000e+00 0.000000000000000000e+00 0.000000000000000000e+00 0.000000000000000000e+00 0.000000000000000000e+00 1.801987090960495766e-03 2.729478484507330048e-05 3.959176291620192341e-07 5.151774309422626541e-09
1.097500000000000000e+03 0.000000000000000000e+00 0.000000000000000000e+00 0.000000000000000000e+00 0.000000000000000000e+00 0.000000000000000000e+00 0.000000000000000000e+00 1.753805326199568216e-03 2.586229046273512638e-05 4.303236182795480834e-07 5.349447495043786885e-09
1.100000000000000000e+03 0.000000000000000000e+00 0.000000000000000000e+00 0.000000000000000000e+00 0.000000000000000000e+00 0.000000000000000000e+00 0.000000000000000000e+00 1.858308888521226351e-03 2.997203164336404634e-05 4.852949321460508971e-07 5.598437228519472249e-09
1.102500000000000000e+03 0.000000000000000000e+00 0.000000000000000000e+00 0.000000000000000000e+00 0.000000000000000000e+00 0.000000000000000000e+00 0.000000000000000000e+00 1.938487149908793518e-03 3.141287126225332608e-05 4.732992968053082865e-07 5.057235340417281316e-09
1.105000000000000000e+03 0.000000000000000000e+00 0.000000000000000000e+00 0.000000000000000000e+00 0.000000000000000000e+00 0.000000000000000000e+00 0.000000000000000000e+00 1.866858722581014440e-03 2.540612216461222788e-05 3.852600724293814819e-07 3.608960924732180218e-09
1.107500000000000000e+03 0.000000000000000000e+00 0.000000000000000000e+00 0.000000000000000000e+00 0.000000000000000000e+00 0.000000000000000000e+00 0.000000000000000000e+00 1.695873884236052736e-03 1.659981729694025732e-05 2.936583446381762469e-07 2.954306251055252454e-09
1.110000000000000000e+03 0.000000000000000000e+00 0.000000000000000000e+00 0.000000000000000000e+00 0.000000000000000000e+00 0.000000000000000000e+00 0.000000000000000000e+00 1.612593307204629412e-03 1.350697682038480517e-05 2.725062158988761058e-07 3.580830383227939957e-09
1.112500000000000000e+03 0.000000000000000000e+00 0.000000000000000000e+00 0.000000000000000000e+00 0.000000000000000000e+00 0.000000000000000000e+00 0.000000000000000000e+00 1.749348185756056983e-03 1.870208757741936452e-05 3.379545103783491104e-07 4.423604972588685631e-09
1.115000000000000000e+03 0.000000000000000000e+00 0.000000000000000000e+00 0.000000000000000000e+00 0.000000000000000000e+00 0.000000000000000000e+00 0.000000000000000000e+00 2.040850924649713436e-03 2.697352844158485032e-05 4.124320981654435688e-07 4.111282727241019153e-09
1.117500000000000000e+03 0.000000000000000000e+00 0.000000000000000000e+00 0.000000000000000000e+00 0.000000000000000000e+00 0.000000000000000000e+00 0.000000000000000000e+00 2.282790918084207869e-03 3.194297228898390335e-05 4.294293701928007318e-07 3.205513728924735821e-09
1.120000000000000000e+03 0.000000000000000000e+00 0.000000000000000000e+00 0.000000000000000000e+00 0.000000000000000000e+00 0.000000000000000000e+00 0.000000000000000000e+00 2.337102765317425508e-03 3.207725273200872653e-05 4.348004010468505316e-07 3.130932229957778086e-09
1.122500000000000000e+03 0.000000000000000000e+00 0.000000000000000000e+00 0.000000000000000000e+00 0.000000000000000000e+00 0.000000000000000000e+00 0.000000000000000000e+00 2.273212280394731454e-03 3.115963795184108415e-05 4.915996494134473483e-07 4.055280720841241424e-09
1.125000000000000000e+03 0.000000000000000000e+00 0.000000000000000000e+00 0.000000000000000000e+00 0.000000000000000000e+00 0.000000000000000000e+00 0.000000000000000000e+00 2.303777670910837645e-03 3.528481761117576712e-05 6.125610758098936321e-07 6.118536972956415674e-09
1.127500000000000000e+03 0.000000000000000000e+00 0.000000000000000000e+00 0.000000000000000000e+00 0.000000000000000000e+00 0.000000000000000000e+00 0.000000000000000000e+00 2.580305744658476994e-03 4.849497070124997148e-05 7.902291571290537962e-07 8.046471460175479871e-09
1.130000000000000000e+03 0.000000000000000000e+00 0.000000000000000000e+00 0.000000000000000000e+00 0.000000000000000000e+00 0.000000000000000000e+00 0.000000000000000000e+00 3.036067425723615147e-03 6.870601148960717402e-05 9.960531605242500822e-07 7.896430285267916485e-09
1.132500000000000000e+03 0.000000000000000000e+00 0.000000000000000000e+00 0.000000000000000000e+00 0.000000000000000000e+00 0.000000000000000000e+00 0.000000000000000000e+00 3.407338553462023380e-03 8.840803249639241567e-05 1.191713796684306511e-06 8.181626778924267052e-09
1.135000000000000000e+03 0.000000000000000000e+00 0.000000000000000000e+00 0.000000000000000000e+00 0.000000000000000000e+00 0.000000000000000000e+00 0.000000000000000000e+00 3.419102167940056645e-03 1.008842389178867140e-04 1.325642889685483331e-06 1.089321101064622453e-08
1.137500000000000000e+03 0.000000000000000000e+00 0.000000000000000000e+00 0.000000000000000000e+00 0.000000000000000000e+00 0.000000000000000000e+00 0.000000000000000000e+00 3.002749206833023234e-03 1.048589969668277421e-04 1.360650948652547296e-06 1.139883897140484598e-08
1.140000000000000000e+03 0.000000000000000000e+00 0.000000000000000000e+00 0.000000000000000000e+00 0.000000000000000000e+00 0.000000000000000000e+00 0.000000000000000000e+00 2.376814824310351845e-03 1.040664978183676267e-04 1.353377238595496825e-06 9.832009115860873471e-09
1.142500000000000000e+03 0.000000000000000000e+00 0.000000000000000000e+00 0.000000000000000000e+00 0.000000000000000000e+00 0.000000000000000000e+00 0.000000000000000000e+00 1.904282459937098803e-03 1.049508173343334500e-04 1.428806808535648928e-06 1.123599936402088289e-08
1.145000000000000000e+03 0.000000000000000000e+00 0.000000000000000000e+00 0.000000000000000000e+00 0.000000000000000000e+00 0.000000000000000000e+00 0.000000000000000000e+00 1.818800358417842038e-03 1.125454212097961145e-04 1.648537231347255799e-06 1.493007121934072834e-08
1.147500000000000000e+03 0.000000000000000000e+00 0.000000000000000000e+00 0.000000000000000000e+00 0.000000000000000000e+00 0.000000000000000000e+00 0.000000000000000000e+00 2.042992194520577148e-03 1.245182626410785932e-04 1.908563858283000700e-06 1.767299156298211858e-08
1.150000000000000000e+03 0.000000000000000000e+00 0.000000000000000000e+00 0.000000000000000000e+00 0.000000000000000000e+00 0.000000000000000000e+00 0.000000000000000000e+00 2.259685192784381333e-03 1.301785238525639200e-04 1.971458616786881228e-06 1.825392532267950921e-08
1.152500000000000000e+03 0.000000000000000000e+00 0.000000000000000000e+00 0.000000000000000000e+00 0.000000000000000000e+00 0.000000000000000000e+00 0.000000000000000000e+00 2.176239872231922057e-03 1.187849485822015230e-04 1.694926189390675408e-06 1.529242494403809030e-08
1.155000000000000000e+03 0.000000000000000000e+00 0.000000000000000000e+00 0.000000000000000000e+00 0.000000000000000000e+00 0.000000000000000000e+00 0.000000000000000000e+00 1.749207250837316865e-03 9.033162249416478915e-05 1.196467629489075442e-06 1.002595100560105418e-08
1.157500000000000000e+03 0.000000000000000000e+00 0.000000000000000000e+00 0.000000000000000000e+00 0.000000000000000000e+00 0.000000000000000000e+00 0.000000000000000000e+00 1.183608840831120498e-03 5.704250173040367717e-05 7.047709770375197223e-07 6.422178586068242187e-09
1.160000000000000000e+03 0.000000000000000000e+00 0.000000000000000000e+00 0.000000000000000000e+00 0.000000000000000000e+00 0.000000000000000000e+00 0.000000000000000000e+00 7.374029427142367093e-04 3.256454355876734782e-05 3.605467529795447464e-07 4.306497721396737627e-09
1.162500000000000000e+03 0.000000000000000000e+00 0.000000000000000000e+00 0.000000000000000000e+00 0.000000000000000000e+00 0.000000000000000000e+00 0.000000000000000000e+00 5.252703424789953489e-04 2.079455585825906386e-05 1.780902680530665294e-07 2.233810121988597076e-09
1.165000000000000000e+03 0.000000000000000000e+00 0.000000000000000000e+00 0.000000000000000000e+00 0.000000000000000000e+00 0.000000000000000000e+00 0.000000000000000000e+00 4.824194610201318367e-04 1.653408378840890756e-05 9.507758682269015323e-08 7.492004595581978094e-10
1.167500000000000000e+03 0.000000000000000000e+00 0.000000000000000000e+00 0.000000000000000000e+00 0.000000000000000000e+00 0.000000000000000000e+00 0.000000000000000000e+00 4.839269768067514530e-04 1.384464483494773858e-05 5.573858158411312216e-08 3.208016061126342142e-10
1.170000000000000000e+03 0.000000000000000000e+00 0.000000000000000000e+00 0.000000000000000000e+00 0.000000000000000000e+00 0.000000000000000000e+00 0.000000000000000000e+00 4.853312787286588928e-04 1.121888292083853228e-05 4.140532625768616701e-08 4.398779919723008892e-10
1.172500000000000000e+03 0.000000000000000000e+00 0.000000000000000000e+00 0.000000000000000000e+00 0.000000000000000000e+00 0.000000000000000000e+00 0.000000000000000000e+00 5.572657126100006696e-04 1.139022245852587338e-05 5.959871729598027352e-08 7.808042510320486857e-10
1.175000000000000000e+03 0.000000000000000000e+00 0.000000000000000000e+00 0.000000000000000000e+00 0.000000000000000000e+00 0.000000000000000000e+00 0.000000000000000000e+00 7.975230546865567840e-04 1.812775551050551696e-05 1.654708422373257104e-07 1.959736640281203793e-09
1.177500000000000000e+03 0.000000000000000000e+00 0.000000000000000000e+00 0.000000000000000000e+00 0.000000000000000000e+00 0.000000000000000000e+00 0.000000000000000000e+00 1.208601859193626522e-03 3.132306863783308618e-05 3.633547181835786116e-07 4.194098238470421700e-09
1.180000000000000000e+03 0.000000000000000000e+00 0.000000000000000000e+00 0.000000000000000000e+00 0.000000000000000000e+00 0.000000000000000000e+00 0.000000000000000000e+00 1.654020489018141922e-03 4.468941539709444003e-05 5.426175591352655075e-07 5.298518015279823588e-09
1.182500000000000000e+03 0.000000000000000000e+00 0.000000000000000000e+00 0.000000000000000000e+00 0.000000000000000000e+00 0.000000000000000000e+00 0.000000000000000000e+00 1.948525531632638516e-03 5.059190897285347209e-05 6.370382548315802718e-07 4.616387815209842389e-09
1.185000000000000000e+03 0.000000000000000000e+00 0.000000000000000000e+00 0.000000000000000000e+00 0.000000000000000000e+00 0.000000000000000000e+00 0.000000000000000000e+00 2.025659026204036737e-03 4.761436330506926481e-05 6.775569908392384710e-07 5.263316787632070539e-09
1.187500000000000000e+03 0.000000000000000000e+00 0.000000000000000000e+00 0.000000000000000000e+00 0.000000000000000000e+00 0.000000000000000000e+00 0.000000000000000000e+00 2.031264349205443714e-03 4.175717399774123704e-05 7.003359430923502390e-07 6.945560486661575627e-09
1.190000000000000000e+03 0.000000000000000000e+00 0.000000000000000000e+00 0.000000000000000000e+00 0.000000000000000000e+00 0.000000000000000000e+00 0.000000000000000000e+00 2.222644811807894961e-03 4.056448349559222945e-05 7.279710975182075925e-07 7.257761633841795678e-09
1.192500000000000000e+03 0.000000000000000000e+00 0.000000000000000000e+00 0.000000000000000000e+00 0.000000000000000000e+00 0.000000000000000000e+00 0.000000000000000000e+00 2.732985712322381043e-03 4.703962186098126935e-05 7.718315745844138120e-07 6.664062389540987902e-09
1.195000000000000000e+03 0.000000000000000000e+00 0.000000000000000000e+00 0.000000000000000000e+00 0.000000000000000000e+00 0.000000000000000000e+00 0.000000000000000000e+00 3.421201706944329915e-03 5.793387238027616112e-05 8.367896911602729884e-07 6.442175386486326717e-09
1.197500000000000000e+03 0.000000000000000000e+00 0.000000000000000000e+00 0.000000000000000000e+00 0.000000000000000000e+00 0.000000000000000000e+00 0.000000000000000000e+00 3.969105726014747135e-03 6.660331320355808579e-05 9.334698808829064288e-07 6.923973101978085164e-09
1.200000000000000000e+03 0.000000000000000000e+00 0.000000000000000000e+00 0.000000000000000000e+00 0.000000000000000000e+00 0.000000000000000000e+00 0.000000000000000000e+00 4.146746061184245803e-03 6.811213418728723234e-05 1.015641414432395657e-06 8.689843129896145339e-09
1.202500000000000000e+03 0.000000000000000000e+00 0.000000000000000000e+00 0.000000000000000000e+00 0.000000000000000000e+00 0.000000000000000000e+00 0.000000000000000000e+00 3.998676366513181403e-03 6.312896433940418399e-05 1.007480054366359488e-06 1.013692804206110870e-08
1.205000000000000000e+03 0.000000000000000000e+00 0.000000000000000000e+00 0.000000000000000000e+00 0.000000000000000000e+00 0.000000000000000000e+00 0.000000000000000000e+00 3.785935277814122656e-03 5.811770205943475663e-05 9.395341189660790393e-07 8.866237102820628903e-09
1.207500000000000000e+03 0.000000000000000000e+00 0.000000000000000000e+00 0.000000000000000000e+00 0.000000000000000000e+00 0.000000000000000000e+00 0.000000000000000000e+00 3.751779508560299133e-03 6.066773843106459344e-05 9.144942475496359528e-07 7.304530169155847643e-09
1.210000000000000000e+03 0.000000000000000000e+00 0.000000000000000000e+00 0.000000000000000000e+00 0.000000000000000000e+00 0.000000000000000000e+00 0.000000000000000000e+00 3.921618937555810744e-03 7.263372514730303826e-05 9.734507869980907556e-07 8.478104269866146162e-09
1.212500000000000000e+03 0.000000000000000000e+00 0.000000000000000000e+00 0.000000000000000000e+00 0.000000000000000000e+00 0.000000000000000000e+00 0.000000000000000000e+00 4.090746332708249111e-03 8.822182623559370399e-05 1.065875402245212818e-06 9.860948104850849913e-09
1.215000000000000000e+03 0.000000000000000000e+00 0.000000000000000000e+00 0.000000000000000000e+00 0.000000000000000000e+00 0.000000000000000000e+00 0.000000000000000000e+00 3.993654372744248789e-03 9.888409690287581675e-05 1.116363095583414142e-06 8.610199205732169385e-09
1.217500000000000000e+03 0.000000000000000000e+00 0.000000000000000000e+00 0.000000000000000000e+00 0.000000000000000000e+00 0.000000000000000000e+00 0.000000000000000000e+00 3.520914909216530178e-03 9.910199935251901709e-05 1.121611951807014485e-06 8.114306509512692016e-09
1.220000000000000000e+03 0.000000000000000000e+00 0.000000000000000000e+00 0.000000000000000000e+00 0.000000000000000000e+00 0.000000000000000000e+00 0.000000000000000000e+00 2.818398826273339416e-03 8.975901420593522138e-05 1.137445722940203981e-06 9.899590533657809851e-09
1.222500000000000000e+03 0.000000000000000000e+00 0.000000000000000000e+00 0.000000000000000000e+00 0.000000000000000000e+00 0.000000000000000000e+00 0.000000000000000000e+00 2.186378032554888579e-03 7.811201718282169404e-05 1.173666169036833731e-06 1.149755854807051075e-08
1.225000000000000000e+03 0.000000000000000000e+00 0.000000000000000000e+00 0.000000000000000000e+00 0.000000000000000000e+00 0.000000000000000000e+00 0.000000000000000000e+00 1.851396994818910137e-03 7.165734170167908619e-05 1.193980711456834660e-06 1.236535293707182982e-08
1.227500000000000000e+03 0.000000000000000000e+00 0.000000000000000000e+00 0.000000000000000000e+00 0.000000000000000000e+00 0.000000000000000000e+00 0.000000000000000000e+00 1.795537685491985702e-03 7.000999187478782924e-05 1.140748118867345853e-06 1.181411717327481027e-08
1.230000000000000000e+03 0.000000000000000000e+00 0.000000000000000000e+00 0.000000000000000000e+00 0.000000000000000000e+00 0.000000000000000000e+00 0.000000000000000000e+00 1.789965008391456065e-03 6.499279648713758714e-05 9.598205873367283527e-07 8.703144109063045595e-09
1.232500000000000000e+03 0.000000000000000000e+00 0.000000000000000000e+00 0.000000000000000000e+00 0.000000000000000000e+00 0.000000000000000000e+00 0.000000000000000000e+00 1.604920457533136509e-03 5.013949535482837265e-05 6.791668330748429436e-07 5.340408930788430672e-09
1.235000000000000000e+03 0.000000000000000000e+00 0.000000000000000000e+00 0.000000000000000000e+00 0.000000000000000000e+00 0.000000000000000000e+00 0.000000000000000000e+00 1.205542232639633237e-03 2.877158601233823342e-05 3.872742090302143746e-07 3.711321116769356768e-09
1.237500000000000000e+03 0.000000000000000000e+00 0.000000000000000000e+00 0.000000000000000000e+00 0.000000000000000000e+00 0.000000000000000000e+00 0.000000000000000000e+00 7.571440650830818953e-04 1.114074247394738362e-05 1.638776360769508355e-07 2.406202493609153985e-09
1.240000000000000000e+03 0.000000000000000000e+00 0.000000000000000000e+00 0.000000000000000000e+00 0.000000000000000000e+00 0.000000000000000000e+00 0.000000000000000000e+00 4.523430257213199466e-04 4.100580621832054941e-06 6.697348888739473915e-08 1.412399426272407709e-09
1.242500000000000000e+03 0.000000000000000000e+00 0.000000000000000000e+00 0.000000000000000000e+00 0.000000000000000000e+00 0.000000000000000000e+00 0.000000000000000000e+00 3.426394086807564424e-04 5.608416415466335996e-06 7.954711950861624504e-08 1.202274779439407932e-09
1.245000000000000000e+03 0.000000000000000000e+00 0.000000000000000000e+00 0.000000000000000000e+00 0.000000000000000000e+00 0.000000000000000000e+00 0.000000000000000000e+00 3.340507510432492544e-04 9.299374069727648861e-06 1.110092689006336862e-07 1.198443360583459419e-09
1.247500000000000000e+03 0.000000000000000000e+00 0.000000000000000000e+00 0.000000000000000000e+00 0.000000000000000000e+00 0.000000000000000000e+00 0.000000000000000000e+00 3.273018023328810172e-04 1.171414735086494878e-05 1.278634367389001702e-07 9.997587605509280616e-10
1.250000000000000000e+03 0.000000000000000000e+00 0.000000000000000000e+00 0.000000000000000000e+00 0.000000000000000000e+00 0.000000000000000000e+00 0.000000000000000000e+00 3.436417985917120718e-04 1.441899524976586554e-05 1.725994467735541617e-07 1.053622049215826120e-09
1.252500000000000000e+03 0.000000000000000000e+00 0.000000000000000000e+00 0.000000000000000000e+00 0.000000000000000000e+00 0.000000000000000000e+00 0.000000000000000000e+00 5.101018833438419756e-04 2.150408048418629432e-05 2.910436405283867359e-07 2.645806517610896623e-09
1.255000000000000000e+03 0.000000000000000000e+00 0.000000000000000000e+00 0.000000000000000000e+00 0.000000000000000000e+00 0.000000000000000000e+00 0.000000000000000000e+00 9.240535972820257968e-04 3.571685623151817020e-05 4.913142098671000496e-07 5.329772110613306015e-09
1.257500000000000000e+03 0.000000000000000000e+00 0.000000000000000000e+00 0.000000000000000000e+00 0.000000000000000000e+00 0.000000000000000000e+00 0.000000000000000000e+00 1.523587913337531548e-03 5.506344299672812483e-05 7.173418185700565289e-07 6.101424101332686270e-09
1.260000000000000000e+03 0.000000000000000000e+00 0.000000000000000000e+00 0.000000000000000000e+00 0.000000000000000000e+00 0.000000000000000000e+00 0.000000000000000000e+00 2.081795619595710675e-03 7.301161740374211397e-05 9.178426337210192080e-07 5.974301728164705414e-09
1.262500000000000000e+03 0.000000000000000000e+00 0.000000000000000000e+00 0.000000000000000000e+00 0.000000000000000000e+00 0.000000000000000000e+00 0.000000000000000000e+00 2.350915907537927917e-03 8.363862939266202641e-05 1.092993135697624315e-06 8.268009700480239327e-09
1.265000000000000000e+03 0.000000000000000000e+00 0.000000000000000000e+00 0.000000000000000000e+00 0.000000000000000000e+00 0.000000000000000000e+00 0.000000000000000000e+00 2.264028558187621519e-03 8.636838106523769766e-05 1.221512588379442810e-06 1.031151742264232058e-08
1.267500000000000000e+03 0.000000000000000000e+00 0.000000000000000000e+00 0.000000000000000000e+00 0.000000000000000000e+00 0.000000000000000000e+00 0.000000000000000000e+00 2.025025017802445457e-03 8.588126213200054037e-05 1.279674341935286363e-06 1.059571700355416200e-08
1.270000000000000000e+03 0.000000000000000000e+00 0.000000000000000000e+00 0.000000000000000000e+00 0.000000000000000000e+00 0.000000000000000000e+00 0.000000000000000000e+00 1.974463039936488230e-03 8.909589039221538871e-05 1.335781648686908049e-06 1.110684900924234009e-08
1.272500000000000000e+03 0.000000000000000000e+00 0.000000000000000000e+00 0.000000000000000000e+00 0.000000000000000000e+00 0.000000000000000000e+00 0.000000000000000000e+00 2.313500649561553869e-03 1.005185032884336224e-04 1.489594941962461584e-06 1.225730208335597516e-08
1.275000000000000000e+03 0.000000000000000000e+00 0.000000000000000000e+00 0.000000000000000000e+00 0.000000000000000000e+00 0.000000000000000000e+00 0.000000000000000000e+00 2.923934702113619409e-03 1.171910314502110437e-04 1.725540430640503607e-06 1.461077282166966173e-08
1.277500000000000000e+03 0.000000000000000000e+00 0.000000000000000000e+00 0.000000000000000000e+00 0.000000000000000000e+00 0.000000000000000000e+00 0.000000000000000000e+00 3.455114051190695361e-03 1.289461604475387001e-04 1.872353371043290166e-06 1.729283583938382458e-08
1.280000000000000000e+03 0.000000000000000000e+00 0.000000000000000000e+00 0.000000000000000000e+00 0.000000000000000000e+00 0.000000000000000000e+00 0.000000000000000000e+00 3.605341108669652891e-03 1.259959907946424861e-04 1.761058066077193812e-06 1.594590280774552216e-08
1.282500000000000000e+03 0.000000000000000000e+00 0.000000000000000000e+00 0.000000000000000000e+00 0.000000000000000000e+00 0.000000000000000000e+00 0.000000000000000000e+00 3.348422425514318863e-03 1.073294297233887785e-04 1.422733867977669655e-06 1.137793982268146449e-08
1.285000000000000000e+03 0.000000000000000000e+00 0.000000000000000000e+00 0.000000000000000000e+00 0.000000000000000000e+00 0.000000000000000000e+00 0.000000000000000000e+00 2.919580467171717722e-03 8.223028331185072216e-05 1.045231974181951264e-06 8.872239490121893711e-09
1.287500000000000000e+03 0.000000000000000000e+00 0.000000000000000000e+00 0.000000000000000000e+00 0.000000000000000000e+00 0.000000000000000000e+00 0.000000000000000000e+00 2.601852482548696298e-03 6.278364683655693074e-05 7.724671087335524749e-07 7.959134388116217245e-09
1.290000000000000000e+03 0.000000000000000000e+00 0.000000000000000000e+00 0.000000000000000000e+00 0.000000000000000000e+00 0.000000000000000000e+00 0.000000000000000000e+00 2.512072855542686351e-03 5.402748439647593636e-05 6.212545135346875829e-07 6.136416110944309835e-09
1.292500000000000000e+03 0.000000000000000000e+00 0.000000000000000000e+00 0.000000000000000000e+00 0.000000000000000000e+00 0.000000000000000000e+00 0.000000000000000000e+00 2.549513089502815095e-03 5.175466428604813817e-05 5.348718696239223262e-07 4.240772756183970905e-09
1.295000000000000000e+03 0.000000000000000000e+00 0.000000000000000000e+00 0.000000000000000000e+00 0.000000000000000000e+00 0.000000000000000000e+00 0.000000000000000000e+00 2.518519782617646349e-03 4.841739109843571509e-05 4.728962660363059103e-07 3.586808444646700350e-09
1.297500000000000000e+03 0.000000000000000000e+00 0.000000000000000000e+00 0.000000000000000000e+00 0.000000000000000000e+00 0.000000000000000000e+00 0.000000000000000000e+00 2.308700862884439150e-03 3.965663948847957990e-05 4.288612242911822232e-07 3.569437320620961678e-09
1.300000000000000000e+03 0.000000000000000000e+00 0.000000000000000000e+00 0.000000000000000000e+00 0.000000000000000000e+00 0.000000000000000000e+00 0.000000000000000000e+00 1.988175716102539257e-03 2.743940353011131296e-05 3.724587454155715047e-07 3.852066183162583064e-09
1.302500000000000000e+03 0.000000000000000000e+00 0.000000000000000000e+00 0.000000000000000000e+00 0.000000000000000000e+00 0.000000000000000000e+00 0.000000000000000000e+00 1.740442701823374187e-03 1.836224465133056436e-05 3.095762095987594999e-07 4.342392863697392551e-09
1.305000000000000000e+03 0.000000000000000000e+00 0.000000000000000000e+00 0.000000000000000000e+00 0.000000000000000000e+00 0.000000000000000000e+00 0.000000000000000000e+00 1.699601510439949659e-03 1.697009160615040827e-05 2.971466391883038627e-07 4.367545317318722288e-09
1.307500000000000000e+03 0.000000000000000000e+00 0.000000000000000000e+00 0.000000000000000000e+00 0.000000000000000000e+00 0.000000000000000000e+00 0.000000000000000000e+00 1.826007856375235633e-03 2.042024139151474581e-05 3.151967677365760279e-07 3.393554458805471937e-09
1.310000000000000000e+03 0.000000000000000000e+00 0.000000000000000000e+00 0.000000000000000000e+00 0.000000000000000000e+00 0.000000000000000000e+00 0.000000000000000000e+00 1.941546543066605080e-03 2.156295843991930917e-05 3.033370238294941399e-07 2.315046837983477771e-09
1.312500000000000000e+03 0.000000000000000000e+00 0.000000000000000000e+00 0.000000000000000000e+00 0.000000000000000000e+00 0.000000000000000000e+00 0.000000000000000000e+00 1.904688590850077282e-03 1.700644835177775844e-05 2.617356414537956019e-07 2.302247991099708011e-09
1.315000000000000000e+03 0.000000000000000000e+00 0.000000000000000000e+00 0.000000000000000000e+00 0.000000000000000000e+00 0.000000000000000000e+00 0.000000000000000000e+00 1.758778644323180651e-03 1.036635271251705428e-05 2.186423775230531659e-07 2.520778946699016788e-09
1.317500000000000000e+03 0.000000000000000000e+00 0.000000000000000000e+00 0.000000000000000000e+00 0.000000000000000000e+00 0.000000000000000000e+00 0.000000000000000000e+00 1.694240657726067472e-03 7.891729693203355039e-06 2.125908317805731242e-07 2.708024431557923140e-09
1.320000000000000000e+03 0.000000000000000000e+00 0.000000000000000000e+00 0.000000000000000000e+00 0.000000000000000000e+00 0.000000000000000000e+00 0.000000000000000000e+00 1.852472149944075792e-03 1.228494571178616454e-05 2.670213618718346330e-07 3.242571594604691288e-09
1.322500000000000000e+03 0.000000000000000000e+00 0.000000000000000000e+00 0.000000000000000000e+00 0.000000000000000000e+00 0.000000000000000000e+00 0.000000000000000000e+00 2.173804824614657041e-03 2.060646971835048406e-05 3.392648047127933042e-07 3.374444299776697535e-09
1.325000000000000000e+03 0.000000000000000000e+00 0.000000000000000000e+00 0.000000000000000000e+00 0.000000000000000000e+00 0.000000000000000000e+00 0.000000000000000000e+00 2.450300621379552287e-03 2.742709562809232847e-05 3.964316522269311057e-07 2.680926908001421059e-09
1.327500000000000000e+03 0.000000000000000000e+00 0.000000000000000000e+00 0.000000000000000000e+00 0.000000000000000000e+00 0.000000000000000000e+00 0.000000000000000000e+00 2.528808052821500656e-03 2.994388164183470051e-05 4.541317317037740366e-07 3.308180459342724381e-09
1.330000000000000000e+03 0.000000000000000000e+00 0.000000000000000000e+00 0.000000000000000000e+00 0.000000000000000000e+00 0.000000000000000000e+00 0.000000000000000000e+00 2.459694300154283055e-03 3.043598583151687942e-05 5.171637343426730543e-07 5.453943342348851187e-09
1.332500000000000000e+03 0.000000000000000000e+00 0.000000000000000000e+00 0.000000000000000000e+00 0.000000000000000000e+00 0.000000000000000000e+00 0.000000000000000000e+00 2.450810992678019960e-03 3.471025215394521669e-05 5.967921637291150525e-07 6.233717209997855572e-09
1.335000000000000000e+03 0.000000000000000000e+00 0.000000000000000000e+00 0.000000000000000000e+00 0.000000000000000000e+00 0.000000000000000000e+00 0.000000000000000000e+00 2.675018862917304379e-03 4.795666873554599665e-05 7.260980399393132731e-07 5.719518346202141257e-09
1.337500000000000000e+03 0.000000000000000000e+00 0.000000000000000000e+00 0.000000000000000000e+00 0.000000000000000000e+00 0.000000000000000000e+00 0.000000000000000000e+00 3.100545268112158467e-03 7.023412686140274950e-05 9.267284481533526903e-07 6.956331365641864742e-09
1.340000000000000000e+03 0.000000000000000000e+00 0.000000000000000000e+00 0.000000000000000000e+00 0.000000000000000000e+00 0.000000000000000000e+00 0.000000000000000000e+00 3.482470828268848569e-03 9.557831918285249683e-05 1.190707534633854766e-06 9.800957557356256236e-09
1.342500000000000000e+03 0.000000000000000000e+00 0.000000000000000000e+00 0.000000000000000000e+00 0.000000000000000000e+00 0.000000000000000000e+00 0.000000000000000000e+00 3.530147980701332181e-03 1.159612845053786980e-04 1.443454740593603826e-06 1.152482613736270912e-08
1.345000000000000000e+03 0.000000000000000000e+00 0.000000000000000000e+00 0.000000000000000000e+00 0.000000000000000000e+00 0.000000000000000000e+00 0.000000000000000000e+00 3.136225155826958405e-03 1.259616453410355291e-04 1.603491537762430328e-06 1.272640724961913549e-08
1.347500000000000000e+03 0.000000000000000000e+00 0.000000000000000000e+00 0.000000000000000000e+00 0.000000000000000000e+00 0.000000000000000000e+00 0.000000000000000000e+00 2.487538930460208523e-03 1.259080592283241102e-04 1.705361620541719199e-06 1.403292435212070633e-08
1.350000000000000000e+03 0.000000000000000000e+00 0.000000000000000000e+00 0.000000000000000000e+00 0.000000000000000000e+00 0.000000000000000000e+00 0.000000000000000000e+00 1.946376873327076767e-03 1.224529404577614979e-04 1.824492780428964299e-06 1.581402736204839828e-08
1.352500000000000000e+03 0.000000000000000000e+00 0.000000000000000000e+00 0.000000000000000000e+00 0.000000000000000000e+00 0.000000000000000000e+00 0.000000000000000000e+00 1.777784882643433737e-03 1.227667081571645917e-04 1.944997250599588778e-06 1.883974462790859073e-08
1.355000000000000000e+03 0.000000000000000000e+00 0.000000000000000000e+00 0.000000000000000000e+00 0.000000000000000000e+00 0.000000000000000000e+00 0.000000000000000000e+00 1.945990647195769288e-03 1.259207075295182504e-04 1.951712181556570866e-06 1.950908734174166376e-08
1.357500000000000000e+03 0.000000000000000000e+00 0.000000000000000000e+00 0.000000000000000000e+00 0.000000000000000000e+00 0.000000000000000000e+00 0.000000000000000000e+00 2.156051433624205094e-03 1.226733146983764982e-04 1.731498330248866264e-06 1.493637812637273010e-08
1.360000000000000000e+03 0.000000000000000000e+00 0.000000000000000000e+00 0.000000000000000000e+00 0.000000000000000000e+00 0.000000000000000000e+00 0.000000000000000000e+00 2.103327175467223104e-03 1.051335960565839166e-04 1.324462127965499957e-06 9.868687154967746585e-09
1.362500000000000000e+03 0.000000000000000000e+00 0.000000000000000000e+00 0.000000000000000000e+00 0.000000000000000000e+00 0.000000000000000000e+00 0.000000000000000000e+00 1.709948319379417858e-03 7.542825217375358237e-05 8.915481849816534184e-07 7.415714067412340362e-09
1.365000000000000000e+03 0.000000000000000000e+00 0.000000000000000000e+00 0.000000000000000000e+00 0.000000000000000000e+00 0.000000000000000000e+00 0.000000000000000000e+00 1.151991257708090974e-03 4.447259045927777542e-05 5.299848542259119626e-07 5.080772385666913333e-09
1.367500000000000000e+03 0.000000000000000000e+00 0.000000000000000000e+00 0.000000000000000000e+00 0.000000000000000000e+00 0.000000000000000000e+00 0.000000000000000000e+00 6.841711780596318373e-04 2.262040765356777296e-05 2.661570209835065106e-07 2.738891554165852706e-09
1.370000000000000000e+03 0.000000000000000000e+00 0.000000000000000000e+00 0.000000000000000000e+00 0.000000000000000000e+00 0.000000000000000000e+00 0.000000000000000000e+00 4.409046466877186666e-04 1.216518247726502801e-05 1.197360375681012484e-07 1.359181042066570073e-09
1.372500000000000000e+03 0.000000000000000000e+00 0.000000000000000000e+00 0.000000000000000000e+00 0.000000000000000000e+00 0.000000000000000000e+00 0.000000000000000000e+00 3.793955586054568486e-04 8.611836409578690061e-06 6.180239825465878892e-08 5.722116507882058687e-10
1.375000000000000000e+03 0.000000000000000000e+00 0.000000000000000000e+00 0.000000000000000000e+00 0.000000000000000000e+00 0.000000000000000000e+00 0.000000000000000000e+00 3.797275396592981567e-04 6.828902504030043135e-06 4.233794984089973252e-08 1.821768276682949026e-10
1.377500000000000000e+03 0.000000000000000000e+00 0.000000000000000000e+00 0.000000000000000000e+00 0.000000000000000000e+00 0.000000000000000000e+00 0.000000000000000000e+00 3.855451196726234777e-04 5.174842157001979010e-06 3.627674758845250584e-08 3.612040286441819748e-10
1.380000000000000000e+03 0.000000000000000000e+00 0.000000000000000000e+00 0.000000000000000000e+00 0.000000000000000000e+00 0.000000000000000000e+00 0.000000000000000000e+00 4.573204680907877484e-04 5.854572089366089865e-06 5.751649848517202527e-08 1.082617421545520609e-09
1.382500000000000000e+03 0.000000000000000000e+00 0.000000000000000000e+00 0.000000000000000000e+00 0.000000000000000000e+00 0.000000000000000000e+00 0.000000000000000000e+00 6.997036524528418410e-04 1.209039912803799421e-05 1.562701508483709654e-07 2.452724651959480875e-09
1.385000000000000000e+03 0.000000000000000000e+00 0.000000000000000000e+00 0.000000000000000000e+00 0.000000000000000000e+00 0.000000000000000000e+00 0.000000000000000000e+00 1.131376021398736642e-03 2.361813036562319010e-05 3.129201118757142814e-07 3.289230873765941335e-09
1.387500000000000000e+03 0.000000000000000000e+00 0.000000000000000000e+00 0.000000000000000000e+00 0.000000000000000000e+00 0.000000000000000000e+00 0.000000000000000000e+00 1.619027029140401776e-03 3.529511366672582557e-05 4.401453361126101744e-07 3.188880920466432897e-09
1.390000000000000000e+03 0.000000000000000000e+00 0.000000000000000000e+00 0.000000000000000000e+00 0.000000000000000000e+00 0.000000000000000000e+00 0.000000000000000000e+00 1.958406001812649198e-03 4.158125068629400296e-05 5.296875219458101519e-07 3.708851779474874456e-09
1.392500000000000000e+03 0.000000000000000000e+00 0.000000000000000000e+00 0.000000000000000000e+00 0.000000000000000000e+00 0.000000000000000000e+00 0.000000000000000000e+00 2.057695423624131877e-03 4.167387774613282877e-05 6.140239430896381067e-07 4.855821306721945822e-09
1.395000000000000000e+03 0.000000000000000000e+00 0.000000000000000000e+00 0.000000000000000000e+00 0.000000000000000000e+00 0.000000000000000000e+00 0.000000000000000000e+00 2.053001092128779910e-03 3.979421887609284705e-05 6.788738611171466882e-07 6.364847166937244674e-09
1.397500000000000000e+03 0.000000000000000000e+00 0.000000000000000000e+00 0.000000000000000000e+00 0.000000000000000000e+00 0.000000000000000000e+00 0.000000000000000000e+00 2.213405576737547363e-03 4.214652603853135754e-05 7.400855710827632512e-07 7.375416168119441121e-09
1.400000000000000000e+03 0.000000000000000000e+00 0.000000000000000000e+00 0.000000000000000000e+00 0.000000000000000000e+00 0.000000000000000000e+00 0.000000000000000000e+00 2.695725757053473674e-03 5.271754199241289506e-05 8.560202273716079002e-07 7.129098695192800703e-09
1.402500000000000000e+03 0.000000000000000000e+00 0.000000000000000000e+00 0.000000000000000000e+00 0.000000000000000000e+00 0.000000000000000000e+00 0.000000000000000000e+00 3.380812176624451142e-03 6.903672904921458805e-05 1.043240945262309802e-06 8.018457027416861195e-09
1.405000000000000000e+03 0.000000000000000000e+00 0.000000000000000000e+00 0.000000000000000000e+00 0.000000000000000000e+00 0.000000000000000000e+00 0.000000000000000000e+00 3.957213725666201831e-03 8.275409049219908920e-05 1.224620888590297322e-06 1.129706115358300130e-08
1.407500000000000000e+03 0.000000000000000000e+00 0.000000000000000000e+00 0.000000000000000000e+00 0.000000000000000000e+00 0.000000000000000000e+00 0.000000000000000000e+00 4.177475097012420605e-03 8.654258930389825417e-05 1.267334096534834962e-06 1.231944245541463885e-08
1.410000000000000000e+03 0.000000000000000000e+00 0.000000000000000000e+00 0.000000000000000000e+00 0.000000000000000000e+00 0.000000000000000000e+00 0.000000000000000000e+00 4.052433118633446199e-03 8.052543774706860679e-05 1.133955189950989767e-06 9.655589746950353488e-09
1.412500000000000000e+03 0.000000000000000000e+00 0.000000000000000000e+00 0.000000000000000000e+00 0.000000000000000000e+00 0.000000000000000000e+00 0.000000000000000000e+00 3.820346890019764990e-03 7.233478540911869874e-05 9.553716775779607088e-07 7.775650119485828091e-09
1.415000000000000000e+03 0.000000000000000000e+00 0.000000000000000000e+00 0.000000000000000000e+00 0.000000000000000000e+00 0.000000000000000000e+00 0.000000000000000000e+00 3.736233729225597704e-03 7.104856079153980730e-05 8.846249921478006775e-07 7.929796642652594083e-09
1.417500000000000000e+03 0.000000000000000000e+00 0.000000000000000000e+00 0.000000000000000000e+00 0.000000000000000000e+00 0.000000000000000000e+00 0.000000000000000000e+00 3.865394166380692505e-03 7.975180513331847089e-05 9.566163517800089215e-07 8.546160387908840330e-09
1.420000000000000000e+03 0.000000000000000000e+00 0.000000000000000000e+00 0.000000000000000000e+00 0.000000000000000000e+00 0.000000000000000000e+00 0.000000000000000000e+00 4.037153439085490111e-03 9.328269349668907634e-05 1.091382914402560990e-06 9.282331508986837385e-09
1.422500000000000000e+03 0.000000000000000000e+00 0.000000000000000000e+00 0.000000000000000000e+00 0.000000000000000000e+00 0.000000000000000000e+00 0.000000000000000000e+00 3.984621281479148840e-03 1.023419410605601678e-04 1.194417003899461645e-06 9.725090216641017761e-09
1.425000000000000000e+03 0.000000000000000000e+00 0.000000000000000000e+00 0.000000000000000000e+00 0.000000000000000000e+00 0.000000000000000000e+00 0.000000000000000000e+00 3.563988678593613298e-03 9.970778396083891291e-05 1.250585125110352380e-06 9.690740779515465036e-09
1.427500000000000000e+03 0.000000000000000000e+00 0.000000000000000000e+00 0.000000000000000000e+00 0.000000000000000000e+00 0.000000000000000000e+00 0.000000000000000000e+00 2.883954266204954119e-03 8.571787227007541653e-05 1.255453331152286461e-06 1.116707616195274194e-08
1.430000000000000000e+03 0.000000000000000000e+00 0.000000000000000000e+00 0.000000000000000000e+00 0.000000000000000000e+00 0.000000000000000000e+00 0.000000000000000000e+00 2.234573294020954400e-03 6.883348998920429083e-05 1.180293969075824259e-06 1.311533479728728053e-08
1.432500000000000000e+03 0.000000000000000000e+00 0.000000000000000000e+00 0.000000000000000000e+00 0.000000000000000000e+00 0.000000000000000000e+00 0.000000000000000000e+00 1.863709823655869706e-03 5.768083951247212287e-05 1.038434080943316498e-06 1.185337526100674151e-08
1.435000000000000000e+03 0.000000000000000000e+00 0.000000000000000000e+00 0.000000000000000000e+00 0.000000000000000000e+00 0.000000000000000000e+00 0.000000000000000000e+00 1.784964623906091499e-03 5.230795536825551376e-05 8.472575207882380426e-07 7.897311599100003910e-09
1.437500000000000000e+03 0.000000000000000000e+00 0.000000000000000000e+00 0.000000000000000000e+00 0.000000000000000000e+00 0.000000000000000000e+00 0.000000000000000000e+00 1.785573447226690728e-03 4.583132620345582373e-05 6.231217045897744012e-07 4.739619146298057346e-09
1.440000000000000000e+03 0.000000000000000000e+00 0.000000000000000000e+00 0.000000000000000000e+00 0.000000000000000000e+00 0.000000000000000000e+00 0.000000000000000000e+00 1.628728655261644717e-03 3.365392542977060052e-05 4.197985017358066710e-07 3.139071580295317132e-09
1.442500000000000000e+03 0.000000000000000000e+00 0.000000000000000000e+00 0.000000000000000000e+00 0.000000000000000000e+00 0.000000000000000000e+00 0.000000000000000000e+00 1.261631134924078241e-03 1.835651450989480427e-05 2.477309962657280217e-07 2.086211331272812076e-09
1.445000000000000000e+03 0.000000000000000000e+00 0.000000000000000000e+00 0.000000000000000000e+00 0.000000000000000000e+00 0.000000000000000000e+00 0.000000000000000000e+00 8.367350078825443530e-04 6.166684410970320032e-06 9.838353424683449956e-08 1.363762336259487962e-09
1.447500000000000000e+03 0.000000000000000000e+00 0.000000000000000000e+00 0.000000000000000000e+00 0.000000000000000000e+00 0.000000000000000000e+00 0.000000000000000000e+00 5.450040612390599131e-04 9.242795768731339623e-07 2.510114944538068570e-08 8.525734943566054170e-10
1.450000000000000000e+03 0.000000000000000000e+00 0.000000000000000000e+00 0.000000000000000000e+00 0.000000000000000000e+00 0.000000000000000000e+00 0.000000000000000000e+00 4.435182249156955020e-04 1.666766730518674152e-06 3.305021567738973835e-08 7.379333913458088562e-10
1.452500000000000000e+03 0.000000000000000000e+00 0.000000000000000000e+00 0.000000000000000000e+00 0.000000000000000000e+00 0.000000000000000000e+00 0.000000000000000000e+00 4.424083190452273947e-04 4.640979167254940439e-06 6.136447817323662720e-08 4.106428059730580757e-10
1.455000000000000000e+03 0.000000000000000000e+00 0.000000000000000000e+00 0.000000000000000000e+00 0.000000000000000000e+00 0.000000000000000000e+00 0.000000000000000000e+00 4.377769075394739818e-04 7.072885515160820796e-06 9.674777036071760971e-08 4.756357053372075379e-10
1.457500000000000000e+03 0.000000000000000000e+00 0.000000000000000000e+00 0.000000000000000000e+00 0.000000000000000000e+00 0.000000000000000000e+00 0.000000000000000000e+00 4.403809972990164090e-04 9.612138144533015951e-06 1.646117684842457952e-07 1.835053025455175694e-09
1.460000000000000000e+03 0.000000000000000000e+00 0.000000000000000000e+00 0.000000000000000000e+00 0.000000000000000000e+00 0.000000000000000000e+00 0.000000000000000000e+00 5.753519680456501383e-04 1.591144066969713423e-05 2.878493143755943932e-07 3.482578476545201625e-09
1.462500000000000000e+03 0.000000000000000000e+00 0.000000000000000000e+00 0.000000000000000000e+00 0.000000000000000000e+00 0.000000000000000000e+00 0.000000000000000000e+00 9.569931912182937529e-04 2.949177472535938503e-05 4.631609740306999273e-07 4.375657567132960869e-09
1.465000000000000000e+03 0.000000000000000000e+00 0.000000000000000000e+00 0.000000000000000000e+00 0.000000000000000000e+00 0.000000000000000000e+00 0.000000000000000000e+00 1.548098477626995602e-03 4.986500654101548227e-05 6.524117945691486478e-07 4.893813368335550064e-09
1.467500000000000000e+03 0.000000000000000000e+00 0.000000000000000000e+00 0.000000000000000000e+00 0.000000000000000000e+00 0.000000000000000000e+00 0.000000000000000000e+00 2.129259075949113851e-03 7.199137245816987897e-05 8.643112795888796147e-07 5.896123700780353965e-09
1.470000000000000000e+03 0.000000000000000000e+00 0.000000000000000000e+00 0.000000000000000000e+00 0.000000000000000000e+00 0.000000000000000000e+00 0.000000000000000000e+00 2.431318211275593395e-03 9.009217428484433238e-05 1.119096564168753565e-06 8.323522723810257292e-09
1.472500000000000000e+03 0.000000000000000000e+00 0.000000000000000000e+00 0.000000000000000000e+00 0.000000000000000000e+00 0.000000000000000000e+00 0.000000000000000000e+00 2.352445245903641950e-03 1.012019992736743954e-04 1.351009197055330810e-06 1.162719960679659361e-08
1.475000000000000000e+03 0.000000000000000000e+00 0.000000000000000000e+00 0.000000000000000000e+00 0.000000000000000000e+00 0.000000000000000000e+00 0.000000000000000000e+00 2.075052812330930793e-03 1.065614589893065079e-04 1.522982036867365891e-06 1.290970107003690115e-08
1.477500000000000000e+03 0.000000000000000000e+00 0.000000000000000000e+00 0.000000000000000000e+00 0.000000000000000000e+00 0.000000000000000000e+00 0.000000000000000000e+00 1.947130284302991347e-03 1.117773602848593710e-04 1.701217125689160706e-06 1.375273806069602353e-08
1.480000000000000000e+03 0.000000000000000000e+00 0.000000000000000000e+00 0.000000000000000000e+00 0.000000000000000000e+00 0.000000000000000000e+00 0.000000000000000000e+00 2.202652477689469833e-03 1.222801877583730055e-04 1.931877173991059227e-06 1.780553285795288324e-08
1.482500000000000000e+03 0.000000000000000000e+00 0.000000000000000000e+00 0.000000000000000000e+00 0.000000000000000000e+00 0.000000000000000000e+00 0.000000000000000000e+00 2.763049120750365063e-03 1.355670231687346834e-04 2.116858504342911803e-06 2.125728793153581135e-08
1.485000000000000000e+03 0.000000000000000000e+00 0.000000000000000000e+00 0.000000000000000000e+00 0.000000000000000000e+00 0.000000000000000000e+00 0.000000000000000000e+00 3.298283118406823786e-03 1.411297833905245526e-04 2.052870983328823012e-06 1.872464606925064460e-08
1.487500000000000000e+03 0.000000000000000000e+00 0.000000000000000000e+00 0.000000000000000000e+00 0.000000000000000000e+00 0.000000000000000000e+00 0.000000000000000000e+00 3.491088032611228652e-03 1.303150260845810165e-04 1.680290334288808285e-06 1.341537942152098781e-08
1.490000000000000000e+03 0.000000000000000000e+00 0.000000000000000000e+00 0.000000000000000000e+00 0.000000000000000000e+00 0.000000000000000000e+00 0.000000000000000000e+00 3.272936988874337611e-03 1.048196345249867396e-04 1.209468068452849883e-06 9.527243570851880488e-09
1.492500000000000000e+03 0.000000000000000000e+00 0.000000000000000000e+00 0.000000000000000000e+00 0.000000000000000000e+00 0.000000000000000000e+00 0.000000000000000000e+00 2.843593383002652325e-03 7.545067015702655621e-05 8.527350571806190960e-07 6.961517454885024895e-09
1.495000000000000000e+03 0.000000000000000000e+00 0.000000000000000000e+00 0.000000000000000000e+00 0.000000000000000000e+00 0.000000000000000000e+00 0.000000000000000000e+00 2.486636499289437020e-03 5.342819617003914033e-05 6.334474426033435631e-07 5.815953897200553590e-09
1.497500000000000000e+03 0.000000000000000000e+00 0.000000000000000000e+00 0.000000000000000000e+00 0.000000000000000000e+00 0.000000000000000000e+00 0.000000000000000000e+00 2.352250837888703039e-03 4.267035345557363698e-05 5.093733103802038714e-07 5.189055422756941837e-09
1.500000000000000000e+03 0.000000000000000000e+00 0.000000000000000000e+00 0.000000000000000000e+00 0.000000000000000000e+00 0.000000000000000000e+00 0.000000000000000000e+00 2.374276918281858790e-03 3.928077673181617769e-05 4.492150614844270089e-07 3.730802117859199410e-09
1.502500000000000000e+03 0.000000000000000000e+00 0.000000000000000000e+00 0.000000000000000000e+00 0.000000000000000000e+00 0.000000000000000000e+00 0.000000000000000000e+00 2.364222341052746833e-03 3.620437316197559784e-05 4.293940062994018298e-07 2.765145349079803627e-09
1.505000000000000000e+03 0.000000000000000000e+00 0.000000000000000000e+00 0.000000000000000000e+00 0.000000000000000000e+00 0.000000000000000000e+00 0.000000000000000000e+00 2.191120989950787537e-03 2.855998958408997740e-05 4.105460952030712286e-07 3.829604941986351997e-09
1.507500000000000000e+03 0.000000000000000000e+00 0.000000000000000000e+00 0.000000000000000000e+00 0.000000000000000000e+00 0.000000000000000000e+00 0.000000000000000000e+00 1.898824971362117822e-03 1.758030495519243353e-05 3.390668419998200690e-07 4.697133795296462712e-09
1.510000000000000000e+03 0.000000000000000000e+00 0.000000000000000000e+00 0.000000000000000000e+00 0.000000000000000000e+00 0.000000000000000000e+00 0.000000000000000000e+00 1.665372065130105769e-03 9.532261818678841397e-06 2.493471121320749874e-07 4.010230102588262764e-09
1.512500000000000000e+03 0.000000000000000000e+00 0.000000000000000000e+00 0.000000000000000000e+00 0.000000000000000000e+00 0.000000000000000000e+00 0.000000000000000000e+00 1.638008715099413754e-03 8.616354465546733181e-06 2.168137736682709539e-07 3.043571380207200070e-09
1.515000000000000000e+03 0.000000000000000000e+00 0.000000000000000000e+00 0.000000000000000000e+00 0.000000000000000000e+00 0.000000000000000000e+00 0.000000000000000000e+00 1.790095445904314785e-03 1.201143173852446208e-05 2.141991186474237329e-07 2.192225233992053911e-09
1.517500000000000000e+03 0.000000000000000000e+00 0.000000000000000000e+00 0.000000000000000000e+00 0.000000000000000000e+00 0.000000000000000000e+00 0.000000000000000000e+00 1.941985076278347809e-03 1.373218304047117043e-05 1.996754882714779404e-07 1.324389809338254678e-09
1.520000000000000000e+03 0.000000000000000000e+00 0.000000000000000000e+00 0.000000000000000000e+00 0.000000000000000000e+00 0.000000000000000000e+00 0.000000000000000000e+00 1.940401856743129583e-03 1.133997985511941400e-05 1.843924051872711639e-07 1.221173763037556341e-09
1.522500000000000000e+03 0.000000000000000000e+00 0.000000000000000000e+00 0.000000000000000000e+00 0.000000000000000000e+00 0.000000000000000000e+00 0.000000000000000000e+00 1.820398700055995576e-03 7.174039239474400266e-06 1.653496851876424714e-07 2.053436830783095646e-09
1.525000000000000000e+03 0.000000000000000000e+00 0.000000000000000000e+00 0.000000000000000000e+00 0.000000000000000000e+00 0.000000000000000000e+00 0.000000000000000000e+00 1.773684390895430806e-03 5.556897837104251748e-06 1.598816593263705121e-07 2.517943830724625099e-09
1.527500000000000000e+03 0.000000000000000000e+00 0.000000000000000000e+00 0.000000000000000000e+00 0.000000000000000000e+00 0.000000000000000000e+00 0.000000000000000000e+00 1.948924147077836988e-03 9.987214141713880440e-06 2.074951660307737255e-07 2.169770709710179595e-09
1.530000000000000000e+03 0.000000000000000000e+00 0.000000000000000000e+00 0.000000000000000000e+00 0.000000000000000000e+00 0.000000000000000000e+00 0.000000000000000000e+00 2.293995502498306915e-03 2.020011782738559769e-05 3.140963908372555078e-07 2.083483429693492880e-09
1.532500000000000000e+03 0.000000000000000000e+00 0.000000000000000000e+00 0.000000000000000000e+00 0.000000000000000000e+00 0.000000000000000000e+00 0.000000000000000000e+00 2.602140438759217942e-03 3.134304880946373522e-05 4.660972939522889128e-07 3.968698421801718642e-09
1.535000000000000000e+03 0.000000000000000000e+00 0.000000000000000000e+00 0.000000000000000000e+00 0.000000000000000000e+00 0.000000000000000000e+00 0.000000000000000000e+00 2.708145935710817766e-03 3.830658823502067938e-05 6.151798542829431306e-07 6.342180476863624539e-09
1.537500000000000000e+03 0.000000000000000000e+00 0.000000000000000000e+00 0.000000000000000000e+00 0.000000000000000000e+00 0.000000000000000000e+00 0.000000000000000000e+00 2.640858606224458921e-03 4.120355777338896401e-05 6.893326308754887052e-07 7.018750539464796680e-09
1.540000000000000000e+03 0.000000000000000000e+00 0.000000000000000000e+00 0.000000000000000000e+00 0.000000000000000000e+00 0.000000000000000000e+00 0.000000000000000000e+00 2.597105352491903881e-03 4.588608079917995603e-05 7.057234605045280284e-07 6.674607665138817255e-09
1.542500000000000000e+03 0.000000000000000000e+00 0.000000000000000000e+00 0.000000000000000000e+00 0.000000000000000000e+00 0.000000000000000000e+00 0.000000000000000000e+00 2.767232077411950226e-03 5.894692295069658988e-05 7.633627156449816315e-07 6.220843020227345635e-09
1.545000000000000000e+03 0.000000000000000000e+00 0.000000000000000000e+00 0.000000000000000000e+00 0.000000000000000000e+00 0.000000000000000000e+00 0.000000000000000000e+00 3.156829784666038627e-03 8.166952017368038161e-05 9.432574971864407563e-07 6.921607386936892911e-09
1.547500000000000000e+03 0.000000000000000000e+00 0.000000000000000000e+00 0.000000000000000000e+00 0.000000000000000000e+00 0.000000000000000000e+00 0.000000000000000000e+00 3.545888569413668204e-03 1.085671326290293064e-04 1.245093648631519799e-06 1.022240589371759054e-08
1.550000000000000000e+03 0.000000000000000000e+00 0.000000000000000000e+00 0.000000000000000000e+00 0.000000000000000000e+00 0.000000000000000000e+00 0.000000000000000000e+00 3.632258495074726628e-03 1.308567089212053986e-04 1.565219886811903731e-06 1.330811743191800321e-08
1.552500000000000000e+03 0.000000000000000000e+00 0.000000000000000000e+00 0.000000000000000000e+00 0.000000000000000000e+00 0.000000000000000000e+00 0.000000000000000000e+00 3.269283689124972796e-03 1.409348725947645684e-04 1.809342425202978141e-06 1.389603587584468567e-08
1.555000000000000000e+03 0.000000000000000000e+00 0.000000000000000000e+00 0.000000000000000000e+00 0.000000000000000000e+00 0.000000000000000000e+00 0.000000000000000000e+00 2.608266762718902936e-03 1.372745726683265242e-04 1.973914851177131576e-06 1.625628987628879317e-08
1.557500000000000000e+03 0.000000000000000000e+00 0.000000000000000000e+00 0.000000000000000000e+00 0.000000000000000000e+00 0.000000000000000000e+00 0.000000000000000000e+00 2.006375420524041716e-03 1.269004357971477664e-04 2.067442793597126473e-06 2.062821337815222080e-08
1.560000000000000000e+03 0.000000000000000000e+00 0.000000000000000000e+00 0.000000000000000000e+00 0.000000000000000000e+00 0.000000000000000000e+00 0.000000000000000000e+00 1.757101020255451458e-03 1.187181556034641253e-04 2.044197365702292723e-06 2.136278593355119708e-08
1.562500000000000000e+03 0.000000000000000000e+00 0.000000000000000000e+00 0.000000000000000000e+00 0.000000000000000000e+00 0.000000000000000000e+00 0.000000000000000000e+00 1.866169413229194990e-03 1.132437377247313872e-04 1.819063979900015883e-06 1.738409602766636205e-08
1.565000000000000000e+03 0.000000000000000000e+00 0.000000000000000000e+00 0.000000000000000000e+00 0.000000000000000000e+00 0.000000000000000000e+00 0.000000000000000000e+00 2.063632919478604940e-03 1.030297062856684923e-04 1.392513913156646012e-06 1.175045881438588185e-08
1.567500000000000000e+03 0.000000000000000000e+00 0.000000000000000000e+00 0.000000000000000000e+00 0.000000000000000000e+00 0.000000000000000000e+00 0.000000000000000000e+00 2.036506571428858652e-03 8.303441392007046508e-05 9.449499632377620681e-07 6.511584961645411685e-09
1.570000000000000000e+03 0.000000000000000000e+00 0.000000000000000000e+00 0.000000000000000000e+00 0.000000000000000000e+00 0.000000000000000000e+00 0.000000000000000000e+00 1.674757696219359316e-03 5.677535967536324137e-05 6.214686872457280902e-07 3.981742685470564658e-09
1.572500000000000000e+03 0.000000000000000000e+00 0.000000000000000000e+00 0.000000000000000000e+00 0.000000000000000000e+00 0.000000000000000000e+00 0.000000000000000000e+00 1.125796106598870227e-03 3.236118385767551434e-05 3.806707306675762932e-07 3.630541877875613509e-09
1.575000000000000000e+03 0.000000000000000000e+00 0.000000000000000000e+00 0.000000000000000000e+00 0.000000000000000000e+00 0.000000000000000000e+00 0.000000000000000000e+00 6.397871312228564254e-04 1.546023784183424122e-05 1.900281337760579046e-07 2.204014888638358337e-09
1.577500000000000000e+03 0.000000000000000000e+00 0.000000000000000000e+00 0.000000000000000000e+00 0.000000000000000000e+00 0.000000000000000000e+00 0.000000000000000000e+00 3.683343620608180136e-04 6.753372140582741465e-06 8.441096127198591044e-08 5.583412661173270412e-10
1.580000000000000000e+03 0.000000000000000000e+00 0.000000000000000000e+00 0.000000000000000000e+00 0.000000000000000000e+00 0.000000000000000000e+00 0.000000000000000000e+00 2.882997246142060934e-04 3.613676094104736169e-06 5.163850825264730845e-08 2.285105265104645566e-10
1.582500000000000000e+03 0.000000000000000000e+00 0.000000000000000000e+00 0.000000000000000000e+00 0.000000000000000000e+00 0.000000000000000000e+00 0.000000000000000000e+00 2.850029452870966656e-04 2.475943873441094202e-06 4.924325745831071981e-08 6.765523268858767973e-10
1.585000000000000000e+03 0.000000000000000000e+00 0.000000000000000000e+00 0.000000000000000000e+00 0.000000000000000000e+00 0.000000000000000000e+00 0.000000000000000000e+00 2.930029829082258369e-04 1.312116416130272551e-06 4.816412760623059040e-08 1.099172109425755017e-09
1.587500000000000000e+03 0.000000000000000000e+00 0.000000000000000000e+00 0.000000000000000000e+00 0.000000000000000000e+00 0.000000000000000000e+00 0.000000000000000000e+00 3.645473816738023769e-04 1.716182147217849792e-06 6.817747130941157034e-08 1.588278134463016561e-09
1.590000000000000000e+03 0.000000000000000000e+00 0.000000000000000000e+00 0.000000000000000000e+00 0.000000000000000000e+00 0.000000000000000000e+00 0.000000000000000000e+00 6.095788768898371610e-04 7.328237632330172298e-06 1.667155750996468243e-07 2.654348047640886517e-09
1.592500000000000000e+03 0.000000000000000000e+00 0.000000000000000000e+00 0.000000000000000000e+00 0.000000000000000000e+00 0.000000000000000000e+00 0.000000000000000000e+00 1.060062908656813924e-03 1.876833222852956919e-05 3.058938917806361266e-07 3.361540582789411487e-09
1.595000000000000000e+03 0.000000000000000000e+00 0.000000000000000000e+00 0.000000000000000000e+00 0.000000000000000000e+00 0.000000000000000000e+00 0.000000000000000000e+00 1.585909018249503401e-03 3.172279993000491800e-05 4.093126737828184387e-07 2.612503166144214292e-09
1.597500000000000000e+03 0.000000000000000000e+00 0.000000000000000000e+00 0.000000000000000000e+00 0.000000000000000000e+00 0.000000000000000000e+00 0.000000000000000000e+00 1.967143428895410263e-03 4.128839736792116907e-05 5.058815115849947846e-07 3.011381503973686388e-09
1.600000000000000000e+03 0.000000000000000000e+00 0.000000000000000000e+00 0.000000000000000000e+00 0.000000000000000000e+00 0.000000000000000000e+00 0.000000000000000000e+00 2.088486828746735375e-03 4.621802319126407126e-05 6.261363605414554336e-07 5.718877060395257645e-09
1.602500000000000000e+03 0.000000000000000000e+00 0.000000000000000000e+00 0.000000000000000000e+00 0.000000000000000000e+00 0.000000000000000000e+00 0.000000000000000000e+00 2.073502110190140069e-03 4.900586436909736406e-05 7.423069056365149028e-07 7.030520347134299298e-09
1.605000000000000000e+03 0.000000000000000000e+00 0.000000000000000000e+00 0.000000000000000000e+00 0.000000000000000000e+00 0.000000000000000000e+00 0.000000000000000000e+00 2.198389344001039272e-03 5.488857095955200391e-05 8.739407846676067399e-07 7.095974470524750260e-09
1.607500000000000000e+03 0.000000000000000000e+00 0.000000000000000000e+00 0.000000000000000000e+00 0.000000000000000000e+00 0.000000000000000000e+00 0.000000000000000000e+00 2.642950495302660678e-03 6.874176119511094234e-05 1.092434057137238285e-06 9.511031086022530232e-09
1.610000000000000000e+03 0.000000000000000000e+00 0.000000000000000000e+00 0.000000000000000000e+00 0.000000000000000000e+00 0.000000000000000000e+00 0.000000000000000000e+00 3.315238016850163057e-03 8.855795673741735760e-05 1.397076453491373935e-06 1.360098723295230445e-08
1.612500000000000000e+03 0.000000000000000000e+00 0.000000000000000000e+00 0.000000000000000000e+00 0.000000000000000000e+00 0.000000000000000000e+00 0.000000000000000000e+00 3.917409356249973267e-03 1.041912270971401304e-04 1.615772113335853445e-06 1.562946523595301482e-08
1.615000000000000000e+03 0.000000000000000000e+00 0.000000000000000000e+00 0.000000000000000000e+00 0.000000000000000000e+00 0.000000000000000000e+00 0.000000000000000000e+00 4.186711600614062903e-03 1.062358570667000426e-04 1.537248437099505750e-06 1.451423623820826095e-08
1.617500000000000000e+03 0.000000000000000000e+00 0.000000000000000000e+00 0.000000000000000000e+00 0.000000000000000000e+00 0.000000000000000000e+00 0.000000000000000000e+00 4.095682442361137966e-03 9.511420941449750003e-05 1.214826287774235505e-06 1.081698954881134741e-08
1.620000000000000000e+03 0.000000000000000000e+00 0.000000000000000000e+00 0.000000000000000000e+00 0.000000000000000000e+00 0.000000000000000000e+00 0.000000000000000000e+00 3.852691318654736380e-03 8.054429622279395433e-05 9.181740149525713711e-07 6.930916483843662968e-09
1.622500000000000000e+03 0.000000000000000000e+00 0.000000000000000000e+00 0.000000000000000000e+00 0.000000000000000000e+00 0.000000000000000000e+00 0.000000000000000000e+00 3.720935145718845278e-03 7.306183422719853481e-05 8.078551394868864277e-07 6.409953176113531884e-09
1.625000000000000000e+03 0.000000000000000000e+00 0.000000000000000000e+00 0.000000000000000000e+00 0.000000000000000000e+00 0.000000000000000000e+00 0.000000000000000000e+00 3.806842688336271180e-03 7.619621017796102732e-05 8.662618223033253251e-07 8.293737853716910936e-09
1.627500000000000000e+03 0.000000000000000000e+00 0.000000000000000000e+00 0.000000000000000000e+00 0.000000000000000000e+00 0.000000000000000000e+00 0.000000000000000000e+00 3.976504420180489857e-03 8.548431724565050914e-05 9.988064452865875130e-07 8.639751587941498511e-09
1.630000000000000000e+03 0.000000000000000000e+00 0.000000000000000000e+00 0.000000000000000000e+00 0.000000000000000000e+00 0.000000000000000000e+00 0.000000000000000000e+00 3.963765949083652117e-03 9.219580431404279818e-05 1.126538129850896970e-06 8.085625925862606141e-09
1.632500000000000000e+03 0.000000000000000000e+00 0.000000000000000000e+00 0.000000000000000000e+00 0.000000000000000000e+00 0.000000000000000000e+00 0.000000000000000000e+00 3.592737820227578059e-03 8.834628389591595553e-05 1.225600154873541577e-06 1.004551015663576988e-08
1.635000000000000000e+03 0.000000000000000000e+00 0.000000000000000000e+00 0.000000000000000000e+00 0.000000000000000000e+00 0.000000000000000000e+00 0.000000000000000000e+00 2.937155397638846217e-03 7.303905764699743545e-05 1.240071459924493592e-06 1.252444641888783900e-08
1.637500000000000000e+03 0.000000000000000000e+00 0.000000000000000000e+00 0.000000000000000000e+00 0.000000000000000000e+00 0.000000000000000000e+00 0.000000000000000000e+00 2.276284067096008817e-03 5.452690304911770203e-05 1.107055331737070725e-06 1.256426057720792287e-08
1.640000000000000000e+03 0.000000000000000000e+00 0.000000000000000000e+00 0.000000000000000000e+00 0.000000000000000000e+00 0.000000000000000000e+00 0.000000000000000000e+00 1.875165799133952406e-03 4.194770171300276436e-05 8.733511557378539236e-07 1.038338173223494919e-08
1.642500000000000000e+03 0.000000000000000000e+00 0.000000000000000000e+00 0.000000000000000000e+00 0.000000000000000000e+00 0.000000000000000000e+00 0.000000000000000000e+00 1.775000158308232510e-03 3.597738661795390363e-05 6.181562209799586455e-07 6.391729628314735739e-09
1.645000000000000000e+03 0.000000000000000000e+00 0.000000000000000000e+00 0.000000000000000000e+00 0.000000000000000000e+00 0.000000000000000000e+00 0.000000000000000000e+00 1.779590358606056039e-03 3.095234193086706141e-05 4.001980949257912004e-07 2.340218195223878432e-09
1.647500000000000000e+03 0.000000000000000000e+00 0.000000000000000000e+00 0.000000000000000000e+00 0.000000000000000000e+00 0.000000000000000000e+00 0.000000000000000000e+00 1.649187526965965531e-03 2.340923897620762322e-05 2.647036422638757613e-07 1.375742247741740618e-09
1.650000000000000000e+03 0.000000000000000000e+00 0.000000000000000000e+00 0.000000000000000000e+00 0.000000000000000000e+00 0.000000000000000000e+00 0.000000000000000000e+00 1.316100385166129845e-03 1.450707461783921411e-05 1.741446848664675298e-07 1.948800029256167410e-09
1.652500000000000000e+03 0.000000000000000000e+00 0.000000000000000000e+00 0.000000000000000000e+00 0.000000000000000000e+00 0.000000000000000000e+00 0.000000000000000000e+00 9.191625866036125334e-04 6.604084535750074277e-06 8.149063920437885832e-08 1.062926264711265967e-09
1.655000000000000000e+03 0.000000000000000000e+00 0.000000000000000000e+00 0.000000000000000000e+00 0.000000000000000000e+00 0.000000000000000000e+00 0.000000000000000000e+00 6.448378043191051266e-04 1.533939782485006552e-06 2.087051186538388466e-08 1.969092696339250681e-10
1.657500000000000000e+03 0.000000000000000000e+00 0.000000000000000000e+00 0.000000000000000000e+00 0.000000000000000000e+00 0.000000000000000000e+00 0.000000000000000000e+00 5.541045168074285911e-04 6.099733144072700173e-07 1.189805869168809605e-08 7.521071952714921452e-11
1.660000000000000000e+03 0.000000000000000000e+00 0.000000000000000000e+00 0.000000000000000000e+00 0.000000000000000000e+00 0.000000000000000000e+00 0.000000000000000000e+00 5.618796119377867304e-04 3.282395842023662781e-06 4.257055609286510097e-08 3.430436302467671316e-10
1.662500000000000000e+03 0.000000000000000000e+00 0.000000000000000000e+00 0.000000000000000000e+00 0.000000000000000000e+00 0.000000000000000000e+00 0.000000000000000000e+00 5.611774057362490121e-04 7.073961693635796704e-06 1.235835411880505052e-07 1.380169347069462666e-09
1.665000000000000000e+03 0.000000000000000000e+00 0.000000000000000000e+00 0.000000000000000000e+00 0.000000000000000000e+00 0.000000000000000000e+00 0.000000000000000000e+00 5.521260563547493233e-04 1.102772556016208469e-05 2.422347291736146172e-07 3.235979481343976989e-09
1.667500000000000000e+03 0.000000000000000000e+00 0.000000000000000000e+00 0.000000000000000000e+00 0.000000000000000000e+00 0.000000000000000000e+00 0.000000000000000000e+00 6.553126730928867825e-04 1.837557024568629938e-05 3.821639360052622579e-07 5.140458439491416199e-09
1.670000000000000000e+03 0.000000000000000000e+00 0.000000000000000000e+00 0.000000000000000000e+00 0.000000000000000000e+00 0.000000000000000000e+00 0.000000000000000000e+00 9.994354304057012205e-04 3.375885767939217958e-05 5.387631479882516257e-07 5.423878016649015196e-09
1.672500000000000000e+03 0.000000000000000000e+00 0.000000000000000000e+00 0.000000000000000000e+00 0.000000000000000000e+00 0.000000000000000000e+00 0.000000000000000000e+00 1.573388006511069461e-03 5.746821456204024664e-05 7.044345997915213947e-07 4.551086846018890633e-09
1.675000000000000000e+03 0.000000000000000000e+00 0.000000000000000000e+00 0.000000000000000000e+00 0.000000000000000000e+00 0.000000000000000000e+00 0.000000000000000000e+00 2.170787767060831930e-03 8.413618333526276516e-05 9.264991158829904592e-07 6.502439306309119448e-09
1.677500000000000000e+03 0.000000000000000000e+00 0.000000000000000000e+00 0.000000000000000000e+00 0.000000000000000000e+00 0.000000000000000000e+00 0.000000000000000000e+00 2.506071574005507962e-03 1.070493211473428610e-04 1.232585149142241270e-06 1.035188656319877515e-08
1.680000000000000000e+03 0.000000000000000000e+00 0.000000000000000000e+00 0.000000000000000000e+00 0.000000000000000000e+00 0.000000000000000000e+00 0.000000000000000000e+00 2.442186312613890773e-03 1.217202833596881916e-04 1.536760249268265877e-06 1.215686466119519142e-08
1.682500000000000000e+03 0.000000000000000000e+00 0.000000000000000000e+00 0.000000000000000000e+00 0.000000000000000000e+00 0.000000000000000000e+00 0.000000000000000000e+00 2.134722856710356657e-03 1.276780325588693305e-04 1.780729610535746645e-06 1.435919854879729527e-08
1.685000000000000000e+03 0.000000000000000000e+00 0.000000000000000000e+00 0.000000000000000000e+00 0.000000000000000000e+00 0.000000000000000000e+00 0.000000000000000000e+00 1.933458516525747616e-03 1.300473241562236429e-04 2.018106955468024378e-06 1.851494408645845887e-08
1.687500000000000000e+03 0.000000000000000000e+00 0.000000000000000000e+00 0.000000000000000000e+00 0.000000000000000000e+00 0.000000000000000000e+00 0.000000000000000000e+00 2.103436256518454676e-03 1.351712129064062745e-04 2.257743507909673531e-06 2.198876902299928549e-08
1.690000000000000000e+03 0.000000000000000000e+00 0.000000000000000000e+00 0.000000000000000000e+00 0.000000000000000000e+00 0.000000000000000000e+00 0.000000000000000000e+00 2.608291385668026156e-03 1.413385281213655627e-04 2.333650623356496605e-06 2.316569843145010529e-08
1.692500000000000000e+03 0.000000000000000000e+00 0.000000000000000000e+00 0.000000000000000000e+00 0.000000000000000000e+00 0.000000000000000000e+00 0.000000000000000000e+00 3.142826694182796355e-03 1.385477116327777844e-04 2.045141863999922860e-06 2.000144843098630377e-08
1.695000000000000000e+03 0.000000000000000000e+00 0.000000000000000000e+00 0.000000000000000000e+00 0.000000000000000000e+00 0.000000000000000000e+00 0.000000000000000000e+00 3.376762372454375667e-03 1.199321361386541045e-04 1.476485730690603197e-06 1.200462791580184909e-08
1.697500000000000000e+03 0.000000000000000000e+00 0.000000000000000000e+00 0.000000000000000000e+00 0.000000000000000000e+00 0.000000000000000000e+00 0.000000000000000000e+00 3.198728699037490294e-03 8.993776132707873483e-05 9.540493136809888066e-07 5.814024697741414354e-09
1.700000000000000000e+03 0.000000000000000000e+00 0.000000000000000000e+00 0.000000000000000000e+00 0.000000000000000000e+00 0.000000000000000000e+00 0.000000000000000000e+00 2.770897978108665706e-03 6.005648196287271715e-05 6.399638287527991394e-07 4.988903751845894032e-09
1.702500000000000000e+03 0.000000000000000000e+00 0.000000000000000000e+00 0.000000000000000000e+00 0.000000000000000000e+00 0.000000000000000000e+00 0.000000000000000000e+00 2.375487574958748491e-03 3.915387792121097845e-05 4.668584302657425669e-07 4.753658569702734388e-09
1.705000000000000000e+03 0.000000000000000000e+00 0.000000000000000000e+00 0.000000000000000000e+00 0.000000000000000000e+00 0.000000000000000000e+00 0.000000000000000000e+00 2.194452217657941965e-03 2.911251387727161190e-05 3.728740258148842541e-07 3.193049096670475171e-09
1.707500000000000000e+03 0.000000000000000000e+00 0.000000000000000000e+00 0.000000000000000000e+00 0.000000000000000000e+00 0.000000000000000000e+00 0.000000000000000000e+00 2.195175223811199772e-03 2.670053978187412761e-05 3.544024094303803529e-07 2.390182551315702830e-09
1.710000000000000000e+03 0.000000000000000000e+00 0.000000000000000000e+00 0.000000000000000000e+00 0.000000000000000000e+00 0.000000000000000000e+00 0.000000000000000000e+00 2.197833339186900953e-03 2.600402953571790665e-05 4.026070862855086486e-07 3.218086295488211238e-09
1.712500000000000000e+03 0.000000000000000000e+00 0.000000000000000000e+00 0.000000000000000000e+00 0.000000000000000000e+00 0.000000000000000000e+00 0.000000000000000000e+00 2.055575547084246418e-03 2.135780017854095960e-05 4.381958338482775743e-07 4.753997547657893483e-09
1.715000000000000000e+03 0.000000000000000000e+00 0.000000000000000000e+00 0.000000000000000000e+00 0.000000000000000000e+00 0.000000000000000000e+00 0.000000000000000000e+00 1.792130747618903052e-03 1.248305431060395443e-05 3.640116594993821156e-07 5.569045015740830545e-09
1.717500000000000000e+03 0.000000000000000000e+00 0.000000000000000000e+00 0.000000000000000000e+00 0.000000000000000000e+00 0.000000000000000000e+00 0.000000000000000000e+00 1.579039763096050939e-03 5.353942713975071227e-06 2.451205068690051372e-07 4.890729310372413413e-09
1.720000000000000000e+03 0.000000000000000000e+00 0.000000000000000000e+00 0.000000000000000000e+00 0.000000000000000000e+00 0.000000000000000000e+00 0.000000000000000000e+00 1.571261265646756123e-03 4.869656549507747097e-06 1.947767045904345954e-07 3.336634173153165812e-09
1.722500000000000000e+03 0.000000000000000000e+00 0.000000000000000000e+00 0.000000000000000000e+00 0.000000000000000000e+00 0.000000000000000000e+00 0.000000000000000000e+00 1.751333269330677435e-03 8.917604379458946031e-06 1.804627202320476499e-07 1.440861912978355773e-09
1.725000000000000000e+03 0.000000000000000000e+00 0.000000000000000000e+00 0.000000000000000000e+00 0.000000000000000000e+00 0.000000000000000000e+00 0.000000000000000000e+00 1.939443881555618547e-03 1.210777437561075845e-05 1.595575559743362343e-07 6.908286598079429396e-10
1.727500000000000000e+03 0.000000000000000000e+00 0.000000000000000000e+00 0.000000000000000000e+00 0.000000000000000000e+00 0.000000000000000000e+00 0.000000000000000000e+00 1.973636144885981651e-03 1.210205890642575470e-05 1.544105826095048029e-07 1.471033505307010397e-09
1.730000000000000000e+03 0.000000000000000000e+00 0.000000000000000000e+00 0.000000000000000000e+00 0.000000000000000000e+00 0.000000000000000000e+00 0.000000000000000000e+00 1.880158935859016413e-03 1.016257365841319523e-05 1.561723305271024718e-07 1.833618526083015858e-09
1.732500000000000000e+03 0.000000000000000000e+00 0.000000000000000000e+00 0.000000000000000000e+00 0.000000000000000000e+00 0.000000000000000000e+00 0.000000000000000000e+00 1.848542188113939250e-03 9.583975047565829723e-06 1.649442500568154279e-07 1.694620132638578403e-09
1.735000000000000000e+03 0.000000000000000000e+00 0.000000000000000000e+00 0.000000000000000000e+00 0.000000000000000000e+00 0.000000000000000000e+00 0.000000000000000000e+00 2.033737386215887268e-03 1.496665848670803205e-05 2.332332044145669686e-07 2.082739528605862311e-09
1.737500000000000000e+03 0.000000000000000000e+00 0.000000000000000000e+00 0.000000000000000000e+00 0.000000000000000000e+00 0.000000000000000000e+00 0.000000000000000000e+00 2.395250114801281138e-03 2.821089979556606848e-05 4.135330523896043760e-07 3.539941958742796853e-09
1.740000000000000000e+03 0.000000000000000000e+00 0.000000000000000000e+00 0.000000000000000000e+00 0.000000000000000000e+00 0.000000000000000000e+00 0.000000000000000000e+00 2.733193698377441028e-03 4.431789332359002378e-05 6.910784249233059535e-07 6.581203865192466453e-09
1.742500000000000000e+03 0.000000000000000000e+00 0.000000000000000000e+00 0.000000000000000000e+00 0.000000000000000000e+00 0.000000000000000000e+00 0.000000000000000000e+00 2.872197652221637320e-03 5.534301601385949084e-05 9.140530731052655349e-07 1.022812122941615187e-08
1.745000000000000000e+03 0.000000000000000000e+00 0.000000000000000000e+00 0.000000000000000000e+00 0.000000000000000000e+00 0.000000000000000000e+00 0.000000000000000000e+00 2.815790537771572805e-03 5.918099166193552317e-05 9.449983400902333265e-07 1.073396694820865328e-08
1.747500000000000000e+03 0.000000000000000000e+00 0.000000000000000000e+00 0.000000000000000000e+00 0.000000000000000000e+00 0.000000000000000000e+00 0.000000000000000000e+00 2.743573360703113664e-03 6.215390009180405458e-05 8.602295828414459047e-07 7.730717454755696231e-09
1.750000000000000000e+03 0.000000000000000000e+00 0.000000000000000000e+00 0.000000000000000000e+00 0.000000000000000000e+00 0.000000000000000000e+00 0.000000000000000000e+00 2.860214761050344518e-03 7.236179250948224088e-05 8.339141127353149343e-07 6.013797660336955304e-09
1.752500000000000000e+03 0.000000000000000000e+00 0.000000000000000000e+00 0.000000000000000000e+00 0.000000000000000000e+00 0.000000000000000000e+00 0.000000000000000000e+00 3.210767098134625647e-03 9.166590845054421201e-05 9.722559401698221005e-07 7.906785782240282172e-09
1.755000000000000000e+03 0.000000000000000000e+00 0.000000000000000000e+00 0.000000000000000000e+00 0.000000000000000000e+00 0.000000000000000000e+00 0.000000000000000000e+00 3.604652142168709387e-03 1.148229199614205658e-04 1.260447442830628856e-06 1.042375870427387058e-08
1.757500000000000000e+03 0.000000000000000000e+00 0.000000000000000000e+00 0.000000000000000000e+00 0.000000000000000000e+00 0.000000000000000000e+00 0.000000000000000000e+00 3.731137794247845266e-03 1.336613407362932454e-04 1.567698442106913665e-06 1.210153530012450445e-08
1.760000000000000000e+03 0.000000000000000000e+00 0.000000000000000000e+00 0.000000000000000000e+00 0.000000000000000000e+00 0.000000000000000000e+00 0.000000000000000000e+00 3.404353580891879023e-03 1.404911585961101154e-04 1.811433007517113314e-06 1.443495934504905371e-08
1.762500000000000000e+03 0.000000000000000000e+00 0.000000000000000000e+00 0.000000000000000000e+00 0.000000000000000000e+00 0.000000000000000000e+00 0.000000000000000000e+00 2.738298088114353608e-03 1.327721629378861604e-04 1.999400343999134174e-06 1.711267291795666742e-08
1.765000000000000000e+03 0.000000000000000000e+00 0.000000000000000000e+00 0.000000000000000000e+00 0.000000000000000000e+00 0.000000000000000000e+00 0.000000000000000000e+00 2.082093331612521001e-03 1.171271863484247742e-04 2.077376378739502407e-06 2.018465117205498984e-08
1.767500000000000000e+03 0.000000000000000000e+00 0.000000000000000000e+00 0.000000000000000000e+00 0.000000000000000000e+00 0.000000000000000000e+00 0.000000000000000000e+00 1.754250526518776662e-03 1.032884660893231606e-04 1.953652303529273530e-06 2.178692050113546548e-08
1.770000000000000000e+03 0.000000000000000000e+00 0.000000000000000000e+00 0.000000000000000000e+00 0.000000000000000000e+00 0.000000000000000000e+00 0.000000000000000000e+00 1.800231363742991249e-03 9.312627328508484492e-05 1.594695686982322718e-06 1.725663448142961780e-08
1.772500000000000000e+03 0.000000000000000000e+00 0.000000000000000000e+00 0.000000000000000000e+00 0.000000000000000000e+00 0.000000000000000000e+00 0.000000000000000000e+00 1.977247942280223585e-03 8.094871548096132727e-05 1.091955446050393421e-06 8.351072655042673968e-09
1.775000000000000000e+03 0.000000000000000000e+00 0.000000000000000000e+00 0.000000000000000000e+00 0.000000000000000000e+00 0.000000000000000000e+00 0.000000000000000000e+00 1.969083567210461270e-03 6.364852877476599572e-05 6.704298239011918585e-07 3.320559988695681050e-09
1.777500000000000000e+03 0.000000000000000000e+00 0.000000000000000000e+00 0.000000000000000000e+00 0.000000000000000000e+00 0.000000000000000000e+00 0.000000000000000000e+00 1.637626183871823682e-03 4.468010541565924662e-05 4.474274179847248538e-07 3.175660712121177947e-09
1.780000000000000000e+03 0.000000000000000000e+00 0.000000000000000000e+00 0.000000000000000000e+00 0.000000000000000000e+00 0.000000000000000000e+00 0.000000000000000000e+00 1.101747558861947531e-03 2.843252982283831027e-05 3.169103734416773629e-07 2.767705603691209517e-09
1.782500000000000000e+03 0.000000000000000000e+00 0.000000000000000000e+00 0.000000000000000000e+00 0.000000000000000000e+00 0.000000000000000000e+00 0.000000000000000000e+00 6.038040166432314922e-04 1.611132649495392849e-05 2.035061205512627612e-07 1.475046314843942878e-09
1.785000000000000000e+03 0.000000000000000000e+00 0.000000000000000000e+00 0.000000000000000000e+00 0.000000000000000000e+00 0.000000000000000000e+00 0.000000000000000000e+00 3.087049879325973059e-04 7.831271941426415503e-06 1.381897372577055068e-07 8.455952506120241022e-10
1.787500000000000000e+03 0.000000000000000000e+00 0.000000000000000000e+00 0.000000000000000000e+00 0.000000000000000000e+00 0.000000000000000000e+00 0.000000000000000000e+00 2.111117775276976272e-04 3.904250539208593173e-06 1.217686215040391694e-07 1.153346686361398638e-09
1.790000000000000000e+03 0.000000000000000000e+00 0.000000000000000000e+00 0.000000000000000000e+00 0.000000000000000000e+00 0.000000000000000000e+00 0.000000000000000000e+00 2.027267816722056653e-04 2.693925759358414478e-06 1.261991866145105617e-07 2.115264402203460828e-09
1.792500000000000000e+03 0.000000000000000000e+00 0.000000000000000000e+00 0.000000000000000000e+00 0.000000000000000000e+00 0.000000000000000000e+00 0.000000000000000000e+00 2.115286064581398356e-04 1.556428127603182859e-06 1.209626120353062569e-07 3.044281033199354278e-09
1.795000000000000000e+03 0.000000000000000000e+00 0.000000000000000000e+00 0.000000000000000000e+00 0.000000000000000000e+00 0.000000000000000000e+00 0.000000000000000000e+00 2.822188168841189291e-04 1.576564048371933752e-06 1.334569800855533804e-07 3.592942638099075235e-09
1.797500000000000000e+03 0.000000000000000000e+00 0.000000000000000000e+00 0.000000000000000000e+00 0.000000000000000000e+00 0.000000000000000000e+00 0.000000000000000000e+00 5.278875646956084121e-04 7.577644855953269368e-06 2.327461976355325377e-07 3.858546822177691906e-09
1.800000000000000000e+03 0.000000000000000000e+00 0.000000000000000000e+00 0.000000000000000000e+00 0.000000000000000000e+00 0.000000000000000000e+00 0.000000000000000000e+00 9.920323364041986648e-04 2.136963801534530978e-05 3.681132239668878153e-07 3.146687046503430115e-09
1.802500000000000000e+03 0.000000000000000000e+00 0.000000000000000000e+00 0.000000000000000000e+00 0.000000000000000000e+00 0.000000000000000000e+00 0.000000000000000000e+00 1.549961300344634887e-03 3.825315746486760972e-05 4.610417102981170709e-07 2.868156643284378600e-09
1.805000000000000000e+03 0.000000000000000000e+00 0.000000000000000000e+00 0.000000000000000000e+00 0.000000000000000000e+00 0.000000000000000000e+00 0.000000000000000000e+00 1.970401924789878020e-03 5.212191833486554024e-05 5.687096565278114663e-07 4.162765794312421493e-09
1.807500000000000000e+03 0.000000000000000000e+00 0.000000000000000000e+00 0.000000000000000000e+00 0.000000000000000000e+00 0.000000000000000000e+00 0.000000000000000000e+00 2.115658971954391399e-03 6.077460464711361890e-05 7.241794572675478559e-07 5.836666759851353068e-09
1.810000000000000000e+03 0.000000000000000000e+00 0.000000000000000000e+00 0.000000000000000000e+00 0.000000000000000000e+00 0.000000000000000000e+00 0.000000000000000000e+00 2.092416567606787247e-03 6.599684162739526800e-05 8.776858012245789618e-07 7.651666693199861600e-09
1.812500000000000000e+03 0.000000000000000000e+00 0.000000000000000000e+00 0.000000000000000000e+00 0.000000000000000000e+00 0.000000000000000000e+00 0.000000000000000000e+00 2.179093708319810793e-03 7.281693750149233310e-05 1.060447951945281598e-06 9.335151337372800074e-09
1.815000000000000000e+03 0.000000000000000000e+00 0.000000000000000000e+00 0.000000000000000000e+00 0.000000000000000000e+00 0.000000000000000000e+00 0.000000000000000000e+00 2.578634441791758779e-03 8.672239933438163017e-05 1.358355737819362329e-06 1.190346690604704172e-08
1.817500000000000000e+03 0.000000000000000000e+00 0.000000000000000000e+00 0.000000000000000000e+00 0.000000000000000000e+00 0.000000000000000000e+00 0.000000000000000000e+00 3.231370159531914057e-03 1.059732637137641742e-04 1.726706525906098224e-06 1.698260560402395636e-08
1.820000000000000000e+03 0.000000000000000000e+00 0.000000000000000000e+00 0.000000000000000000e+00 0.000000000000000000e+00 0.000000000000000000e+00 0.000000000000000000e+00 3.858144569490015458e-03 1.192676570047617336e-04 1.908997981680941264e-06 2.060775138467353618e-08
1.822500000000000000e+03 0.000000000000000000e+00 0.000000000000000000e+00 0.000000000000000000e+00 0.000000000000000000e+00 0.000000000000000000e+00 0.000000000000000000e+00 4.181733447965777298e-03 1.160658641342580537e-04 1.685556307376561001e-06 1.689970917253113088e-08
1.825000000000000000e+03 0.000000000000000000e+00 0.000000000000000000e+00 0.000000000000000000e+00 0.000000000000000000e+00 0.000000000000000000e+00 0.000000000000000000e+00 4.132794356002408506e-03 9.778071148896357262e-05 1.207868989555380195e-06 9.687125747350625404e-09
1.827500000000000000e+03 0.000000000000000000e+00 0.000000000000000000e+00 0.000000000000000000e+00 0.000000000000000000e+00 0.000000000000000000e+00 0.000000000000000000e+00 3.885119639308988373e-03 7.633200567779781828e-05 8.235538984884739392e-07 5.948584865592142832e-09
1.830000000000000000e+03 0.000000000000000000e+00 0.000000000000000000e+00 0.000000000000000000e+00 0.000000000000000000e+00 0.000000000000000000e+00 0.000000000000000000e+00 3.707421315416613641e-03 6.310242531986615219e-05 6.748285272483160915e-07 5.525442366322955436e-09
1.832500000000000000e+03 0.000000000000000000e+00 0.000000000000000000e+00 0.000000000000000000e+00 0.000000000000000000e+00 0.000000000000000000e+00 0.000000000000000000e+00 3.746888482137297402e-03 6.140552986869808442e-05 6.946576827429848065e-07 6.058051468774823003e-09
1.835000000000000000e+03 0.000000000000000000e+00 0.000000000000000000e+00 0.000000000000000000e+00 0.000000000000000000e+00 0.000000000000000000e+00 0.000000000000000000e+00 3.907355423542383834e-03 6.767488850541465814e-05 7.911214352592539916e-07 6.584910891923200503e-09
1.837500000000000000e+03 0.000000000000000000e+00 0.000000000000000000e+00 0.000000000000000000e+00 0.000000000000000000e+00 0.000000000000000000e+00 0.000000000000000000e+00 3.926078922251596652e-03 7.453504960232724074e-05 9.444840756286884564e-07 6.778625062731706181e-09
1.840000000000000000e+03 0.000000000000000000e+00 0.000000000000000000e+00 0.000000000000000000e+00 0.000000000000000000e+00 0.000000000000000000e+00 0.000000000000000000e+00 3.599658521768120401e-03 7.338193986621283223e-05 1.137150101302573547e-06 8.802840729058155112e-09
1.842500000000000000e+03 0.000000000000000000e+00 0.000000000000000000e+00 0.000000000000000000e+00 0.000000000000000000e+00 0.000000000000000000e+00 0.000000000000000000e+00 2.970554041862140740e-03 6.105983797060386220e-05 1.214934159016938263e-06 1.332331275883919001e-08
1.845000000000000000e+03 0.000000000000000000e+00 0.000000000000000000e+00 0.000000000000000000e+00 0.000000000000000000e+00 0.000000000000000000e+00 0.000000000000000000e+00 2.306049214702688907e-03 4.439683376902781134e-05 1.064480375857469237e-06 1.463648957484705891e-08
1.847500000000000000e+03 0.000000000000000000e+00 0.000000000000000000e+00 0.000000000000000000e+00 0.000000000000000000e+00 0.000000000000000000e+00 0.000000000000000000e+00 1.882467378067978481e-03 3.288363624884758343e-05 7.836172099382284969e-07 1.013995063466501621e-08
1.850000000000000000e+03 0.000000000000000000e+00 0.000000000000000000e+00 0.000000000000000000e+00 0.000000000000000000e+00 0.000000000000000000e+00 0.000000000000000000e+00 1.763747323145190048e-03 2.832435903444774974e-05 5.003745166640673689e-07 4.300800241997164837e-09
1.852500000000000000e+03 0.000000000000000000e+00 0.000000000000000000e+00 0.000000000000000000e+00 0.000000000000000000e+00 0.000000000000000000e+00 0.000000000000000000e+00 1.771369085443206181e-03 2.602613996913355780e-05 2.882651530780748582e-07 1.359829422757410655e-09
1.855000000000000000e+03 0.000000000000000000e+00 0.000000000000000000e+00 0.000000000000000000e+00 0.000000000000000000e+00 0.000000000000000000e+00 0.000000000000000000e+00 1.667483553348667654e-03 2.272565177610324266e-05 1.964866057216780012e-07 1.187306235564518495e-09
1.857500000000000000e+03 0.000000000000000000e+00 0.000000000000000000e+00 0.000000000000000000e+00 0.000000000000000000e+00 0.000000000000000000e+00 0.000000000000000000e+00 1.371706415432182892e-03 1.813718244837957117e-05 1.671617785681846323e-07 1.521892858170686276e-09
1.860000000000000000e+03 0.000000000000000000e+00 0.000000000000000000e+00 0.000000000000000000e+00 0.000000000000000000e+00 0.000000000000000000e+00 0.000000000000000000e+00 1.006768991873983887e-03 1.212494586491757140e-05 1.198140584582664126e-07 1.064508387405086175e-09
1.862500000000000000e+03 0.000000000000000000e+00 0.000000000000000000e+00 0.000000000000000000e+00 0.000000000000000000e+00 0.000000000000000000e+00 0.000000000000000000e+00 7.515710713385172648e-04 5.933003678087721898e-06 6.957009092004443693e-08 4.086325497156401213e-10
1.865000000000000000e+03 0.000000000000000000e+00 0.000000000000000000e+00 0.000000000000000000e+00 0.000000000000000000e+00 0.000000000000000000e+00 0.000000000000000000e+00 6.712001051838990774e-04 3.513673874090441321e-06 5.250026388006045071e-08 4.371778942532543940e-10
1.867500000000000000e+03 0.000000000000000000e+00 0.000000000000000000e+00 0.000000000000000000e+00 0.000000000000000000e+00 0.000000000000000000e+00 0.000000000000000000e+00 6.879637631927018387e-04 7.015542579520449632e-06 1.123592482560045448e-07 1.522120300741422668e-09
1.870000000000000000e+03 0.000000000000000000e+00 0.000000000000000000e+00 0.000000000000000000e+00 0.000000000000000000e+00 0.000000000000000000e+00 0.000000000000000000e+00 6.933544799088234853e-04 1.353072879512449887e-05 2.645231947836829111e-07 4.219223428596329107e-09
1.872500000000000000e+03 0.000000000000000000e+00 0.000000000000000000e+00 0.000000000000000000e+00 0.000000000000000000e+00 0.000000000000000000e+00 0.000000000000000000e+00 6.754741281648605784e-04 2.001558621228877790e-05 4.352438655929220733e-07 6.672452147611509688e-09
1.875000000000000000e+03 0.000000000000000000e+00 0.000000000000000000e+00 0.000000000000000000e+00 0.000000000000000000e+00 0.000000000000000000e+00 0.000000000000000000e+00 7.471184310797115979e-04 2.923480835559252744e-05 5.755228337536071861e-07 7.001226691993117087e-09
1.877500000000000000e+03 0.000000000000000000e+00 0.000000000000000000e+00 0.000000000000000000e+00 0.000000000000000000e+00 0.000000000000000000e+00 0.000000000000000000e+00 1.049512633066162050e-03 4.683422540540531137e-05 6.978673675492355580e-07 6.302071300894683032e-09
1.880000000000000000e+03 0.000000000000000000e+00 0.000000000000000000e+00 0.000000000000000000e+00 0.000000000000000000e+00 0.000000000000000000e+00 0.000000000000000000e+00 1.599740503633562691e-03 7.298539458366801972e-05 8.348430698583223004e-07 6.302959795120254622e-09
1.882500000000000000e+03 0.000000000000000000e+00 0.000000000000000000e+00 0.000000000000000000e+00 0.000000000000000000e+00 0.000000000000000000e+00 0.000000000000000000e+00 2.209462683341562299e-03 1.008431543260674112e-04 1.060245174794303239e-06 7.570156362902396613e-09
1.885000000000000000e+03 0.000000000000000000e+00 0.000000000000000000e+00 0.000000000000000000e+00 0.000000000000000000e+00 0.000000000000000000e+00 0.000000000000000000e+00 2.580356719570805948e-03 1.229504698679394041e-04 1.361869540748558886e-06 1.063499085579322080e-08
1.887500000000000000e+03 0.000000000000000000e+00 0.000000000000000000e+00 0.000000000000000000e+00 0.000000000000000000e+00 0.000000000000000000e+00 0.000000000000000000e+00 2.539101774009228010e-03 1.351818137791681621e-04 1.628759003442223002e-06 1.365394095935394158e-08
1.890000000000000000e+03 0.000000000000000000e+00 0.000000000000000000e+00 0.000000000000000000e+00 0.000000000000000000e+00 0.000000000000000000e+00 0.000000000000000000e+00 2.209760331976286154e-03 1.372028422779282358e-04 1.853488487099137768e-06 1.467893403230505154e-08
1.892500000000000000e+03 0.000000000000000000e+00 0.000000000000000000e+00 0.000000000000000000e+00 0.000000000000000000e+00 0.000000000000000000e+00 0.000000000000000000e+00 1.939326779181554678e-03 1.340024786073974294e-04 2.095826696108340781e-06 1.780762598350267639e-08
1.895000000000000000e+03 0.000000000000000000e+00 0.000000000000000000e+00 0.000000000000000000e+00 0.000000000000000000e+00 0.000000000000000000e+00 0.000000000000000000e+00 2.022078098243840216e-03 1.323784632297892426e-04 2.309260514859725926e-06 2.387237250544524882e-08
1.897500000000000000e+03 0.000000000000000000e+00 0.000000000000000000e+00 0.000000000000000000e+00 0.000000000000000000e+00 0.000000000000000000e+00 0.000000000000000000e+00 2.464904698992363523e-03 1.316113827755369993e-04 2.301290318832805888e-06 2.529456468384703643e-08
1.900000000000000000e+03 0.000000000000000000e+00 0.000000000000000000e+00 0.000000000000000000e+00 0.000000000000000000e+00 0.000000000000000000e+00 0.000000000000000000e+00 2.990487022081667230e-03 1.228960918177414224e-04 1.898160936280644097e-06 1.838294029969719803e-08
1.902500000000000000e+03 0.000000000000000000e+00 0.000000000000000000e+00 0.000000000000000000e+00 0.000000000000000000e+00 0.000000000000000000e+00 0.000000000000000000e+00 3.259203663542730757e-03 1.010385481131760257e-04 1.250515365486040500e-06 9.305453225849814498e-09
1.905000000000000000e+03 0.000000000000000000e+00 0.000000000000000000e+00 0.000000000000000000e+00 0.000000000000000000e+00 0.000000000000000000e+00 0.000000000000000000e+00 3.119253013571769359e-03 7.193947233345484985e-05 7.352962792702261963e-07 4.179603038321501870e-09
1.907500000000000000e+03 0.000000000000000000e+00 0.000000000000000000e+00 0.000000000000000000e+00 0.000000000000000000e+00 0.000000000000000000e+00 0.000000000000000000e+00 2.694878002699438706e-03 4.621069531504397841e-05 4.788980934976932113e-07 3.274559882650318730e-09
1.910000000000000000e+03 0.000000000000000000e+00 0.000000000000000000e+00 0.000000000000000000e+00 0.000000000000000000e+00 0.000000000000000000e+00 0.000000000000000000e+00 2.263910587021554250e-03 2.952813487861167968e-05 3.577072264013402915e-07 3.411767388994458828e-09
1.912500000000000000e+03 0.000000000000000000e+00 0.000000000000000000e+00 0.000000000000000000e+00 0.000000000000000000e+00 0.000000000000000000e+00 0.000000000000000000e+00 2.036240924690546281e-03 2.187180346717181761e-05 3.145131966241747423e-07 2.472441142924114388e-09
1.915000000000000000e+03 0.000000000000000000e+00 0.000000000000000000e+00 0.000000000000000000e+00 0.000000000000000000e+00 0.000000000000000000e+00 0.000000000000000000e+00 2.011112680092054517e-03 2.130200769392726919e-05 3.705426646021723553e-07 2.187895435378729912e-09
1.917500000000000000e+03 0.000000000000000000e+00 0.000000000000000000e+00 0.000000000000000000e+00 0.000000000000000000e+00 0.000000000000000000e+00 0.000000000000000000e+00 2.019831538634288791e-03 2.345437262007332897e-05 5.051931214148176355e-07 5.016186243961499501e-09
1.920000000000000000e+03 0.000000000000000000e+00 0.000000000000000000e+00 0.000000000000000000e+00 0.000000000000000000e+00 0.000000000000000000e+00 0.000000000000000000e+00 1.904757028275388519e-03 2.176238795689810918e-05 5.828333058607534614e-07 8.663055252069711566e-09
1.922500000000000000e+03 0.000000000000000000e+00 0.000000000000000000e+00 0.000000000000000000e+00 0.000000000000000000e+00 0.000000000000000000e+00 0.000000000000000000e+00 1.672505310668375052e-03 1.425194333292502682e-05 4.812944171919979365e-07 8.409209471373557059e-09
1.925000000000000000e+03 0.000000000000000000e+00 0.000000000000000000e+00 0.000000000000000000e+00 0.000000000000000000e+00 0.000000000000000000e+00 0.000000000000000000e+00 1.485676893950997439e-03 7.121473782866844516e-06 3.119312108565099852e-07 5.471674546657064315e-09
1.927500000000000000e+03 0.000000000000000000e+00 0.000000000000000000e+00 0.000000000000000000e+00 0.000000000000000000e+00 0.000000000000000000e+00 0.000000000000000000e+00 1.501569613042317121e-03 6.949038671509261695e-06 2.305875990457184456e-07 3.154622289604192915e-09
1.930000000000000000e+03 0.000000000000000000e+00 0.000000000000000000e+00 0.000000000000000000e+00 0.000000000000000000e+00 0.000000000000000000e+00 0.000000000000000000e+00 1.709715749342389894e-03 1.244680086859963682e-05 1.985621585810561238e-07 1.668018823975695871e-09
1.932500000000000000e+03 0.000000000000000000e+00 0.000000000000000000e+00 0.000000000000000000e+00 0.000000000000000000e+00 0.000000000000000000e+00 0.000000000000000000e+00 1.932982153522612130e-03 1.766182656661420821e-05 1.699812675150807957e-07 8.478690572529090315e-10
1.935000000000000000e+03 0.000000000000000000e+00 0.000000000000000000e+00 0.000000000000000000e+00 0.000000000000000000e+00 0.000000000000000000e+00 0.000000000000000000e+00 2.003455761525824944e-03 1.951565829674699041e-05 1.719377966673989001e-07 1.312413680790014637e-09
1.937500000000000000e+03 0.000000000000000000e+00 0.000000000000000000e+00 0.000000000000000000e+00 0.000000000000000000e+00 0.000000000000000000e+00 0.000000000000000000e+00 1.936584924311179337e-03 1.889080446642176178e-05 1.883021845578849563e-07 2.135260591965074943e-09
1.940000000000000000e+03 0.000000000000000000e+00 0.000000000000000000e+00 0.000000000000000000e+00 0.000000000000000000e+00 0.000000000000000000e+00 0.000000000000000000e+00 1.915906197303614625e-03 1.906985703829840246e-05 2.179648789232840054e-07 2.053580564614029451e-09
1.942500000000000000e+03 0.000000000000000000e+00 0.000000000000000000e+00 0.000000000000000000e+00 0.000000000000000000e+00 0.000000000000000000e+00 0.000000000000000000e+00 2.103157017923936670e-03 2.549602548973054639e-05 3.260850701950642634e-07 2.420099600432379532e-09
1.945000000000000000e+03 0.000000000000000000e+00 0.000000000000000000e+00 0.000000000000000000e+00 0.000000000000000000e+00 0.000000000000000000e+00 0.000000000000000000e+00 2.474952571604011400e-03 4.117443232912984833e-05 5.861942166706306902e-07 5.579155602665440464e-09
1.947500000000000000e+03 0.000000000000000000e+00 0.000000000000000000e+00 0.000000000000000000e+00 0.000000000000000000e+00 0.000000000000000000e+00 0.000000000000000000e+00 2.843380031659643176e-03 6.048058299164379476e-05 9.592021000098724411e-07 1.093654627568767277e-08
1.950000000000000000e+03 0.000000000000000000e+00 0.000000000000000000e+00 0.000000000000000000e+00 0.000000000000000000e+00 0.000000000000000000e+00 0.000000000000000000e+00 3.022994019084560523e-03 7.295325464980841935e-05 1.211561914672954004e-06 1.389414701966275392e-08
1.952500000000000000e+03 0.000000000000000000e+00 0.000000000000000000e+00 0.000000000000000000e+00 0.000000000000000000e+00 0.000000000000000000e+00 0.000000000000000000e+00 2.987503132570506949e-03 7.482072290052968499e-05 1.171395033083348044e-06 1.260733036278711237e-08
1.955000000000000000e+03 0.000000000000000000e+00 0.000000000000000000e+00 0.000000000000000000e+00 0.000000000000000000e+00 0.000000000000000000e+00 0.000000000000000000e+00 2.894149467784654269e-03 7.320921785953951426e-05 9.816860065298052535e-07 9.351677534244537592e-09
1.957500000000000000e+03 0.000000000000000000e+00 0.000000000000000000e+00 0.000000000000000000e+00 0.000000000000000000e+00 0.000000000000000000e+00 0.000000000000000000e+00 2.959551514810344463e-03 7.763831139412092882e-05 8.824040161171325565e-07 6.675596629828111523e-09
1.960000000000000000e+03 0.000000000000000000e+00 0.000000000000000000e+00 0.000000000000000000e+00 0.000000000000000000e+00 0.000000000000000000e+00 0.000000000000000000e+00 3.269040092585188614e-03 9.036893402496761179e-05 9.644815658180546570e-07 7.024678281533709047e-09
1.962500000000000000e+03 0.000000000000000000e+00 0.000000000000000000e+00 0.000000000000000000e+00 0.000000000000000000e+00 0.000000000000000000e+00 0.000000000000000000e+00 3.663936496819932866e-03 1.068700099407881676e-04 1.161625695714409353e-06 1.003810644130371652e-08
1.965000000000000000e+03 0.000000000000000000e+00 0.000000000000000000e+00 0.000000000000000000e+00 0.000000000000000000e+00 0.000000000000000000e+00 0.000000000000000000e+00 3.827726596802342399e-03 1.208315794989841407e-04 1.370946289712946112e-06 1.092689906333695818e-08
1.967500000000000000e+03 0.000000000000000000e+00 0.000000000000000000e+00 0.000000000000000000e+00 0.000000000000000000e+00 0.000000000000000000e+00 0.000000000000000000e+00 3.537664437010457161e-03 1.256027541410895771e-04 1.597565470984653629e-06 1.074208302470294282e-08
1.970000000000000000e+03 0.000000000000000000e+00 0.000000000000000000e+00 0.000000000000000000e+00 0.000000000000000000e+00 0.000000000000000000e+00 0.000000000000000000e+00 2.871092274099143558e-03 1.175048148361519402e-04 1.841262168752336610e-06 1.568487938376936222e-08
1.972500000000000000e+03 0.000000000000000000e+00 0.000000000000000000e+00 0.000000000000000000e+00 0.000000000000000000e+00 0.000000000000000000e+00 0.000000000000000000e+00 2.166717849905830905e-03 1.014389528952388978e-04 1.962005091886135758e-06 2.181398742557778635e-08
1.975000000000000000e+03 0.000000000000000000e+00 0.000000000000000000e+00 0.000000000000000000e+00 0.000000000000000000e+00 0.000000000000000000e+00 0.000000000000000000e+00 1.763364939062832606e-03 8.693078607797770363e-05 1.825389326625409482e-06 2.140683880351324380e-08
1.977500000000000000e+03 0.000000000000000000e+00 0.000000000000000000e+00 0.000000000000000000e+00 0.000000000000000000e+00 0.000000000000000000e+00 0.000000000000000000e+00 1.743044934036705202e-03 7.713635002581033955e-05 1.422625576079845951e-06 1.478758603787772209e-08
1.980000000000000000e+03 0.000000000000000000e+00 0.000000000000000000e+00 0.000000000000000000e+00 0.000000000000000000e+00 0.000000000000000000e+00 0.000000000000000000e+00 1.892283346005215828e-03 6.779260263484255850e-05 9.009766645077281522e-07 6.684601400806810759e-09
1.982500000000000000e+03 0.000000000000000000e+00 0.000000000000000000e+00 0.000000000000000000e+00 0.000000000000000000e+00 0.000000000000000000e+00 0.000000000000000000e+00 1.897862713301830956e-03 5.632480471242205534e-05 5.243609141726256308e-07 2.127476482634144887e-09
1.985000000000000000e+03 0.000000000000000000e+00 0.000000000000000000e+00 0.000000000000000000e+00 0.000000000000000000e+00 0.000000000000000000e+00 0.000000000000000000e+00 1.598059027757876491e-03 4.493601425992840728e-05 3.915604137761395284e-07 2.657843557550788240e-09
1.987500000000000000e+03 0.000000000000000000e+00 0.000000000000000000e+00 0.000000000000000000e+00 0.000000000000000000e+00 0.000000000000000000e+00 0.000000000000000000e+00 1.082023690283820437e-03 3.477936323508038088e-05 3.587733682210959453e-07 3.160838251331233330e-09
1.990000000000000000e+03 0.000000000000000000e+00 0.000000000000000000e+00 0.000000000000000000e+00 0.000000000000000000e+00 0.000000000000000000e+00 0.000000000000000000e+00 5.794927835114996317e-04 2.427936508125102315e-05 3.216453060080452157e-07 1.825313484072826994e-09
1.992500000000000000e+03 0.000000000000000000e+00 0.000000000000000000e+00 0.000000000000000000e+00 0.000000000000000000e+00 0.000000000000000000e+00 0.000000000000000000e+00 2.649181289484776555e-04 1.432144028880433088e-05 2.858732991590742244e-07 2.116605068451267624e-09
1.995000000000000000e+03 0.000000000000000000e+00 0.000000000000000000e+00 0.000000000000000000e+00 0.000000000000000000e+00 0.000000000000000000e+00 0.000000000000000000e+00 1.503340533318103637e-04 8.457338704658397979e-06 2.675506746414207749e-07 3.853441817991582853e-09
1.997500000000000000e+03 0.000000000000000000e+00 0.000000000000000000e+00 0.000000000000000000e+00 0.000000000000000000e+00 0.000000000000000000e+00 0.000000000000000000e+00 1.356114288052763885e-04 6.723998822360303761e-06 2.698883162709802088e-07 5.126847657555364739e-09
2.000000000000000000e+03 0.000000000000000000e+00 0.000000000000000000e+00 0.000000000000000000e+00 0.000000000000000000e+00 0.000000000000000000e+00 0.000000000000000000e+00 1.437020868802365669e-04 5.663568012471499916e-06 2.631386561056993961e-07 5.322971374421681945e-09
