0.000000000000000000e+00 0.000000000000000000e+00
5.000000000000000000e+00 5.322110408498242733e-04
1.000000000000000000e+01 4.159991666468634657e-03
1.500000000000000000e+01 5.784600450304706702e-03
2.000000000000000000e+01 3.504790435580009376e-03
2.500000000000000000e+01 4.942112920136423025e-03
3.000000000000000000e+01 4.867103222039753131e-03
3.500000000000000000e+01 1.097775929040335167e-03
4.000000000000000000e+01 2.131360029838743242e-05
4.500000000000000000e+01 2.096490265394760591e-04
5.000000000000000000e+01 3.189904797403352033e-03
5.500000000000000000e+01 6.295529236362806293e-03
6.000000000000000000e+01 4.074814030264660956e-03
6.500000000000000000e+01 4.054038914677988124e-03
7.000000000000000000e+01 5.150394661873027718e-03
7.500000000000000000e+01 1.848099638417041203e-03
8.000000000000000000e+01 1.010405924766214153e-04
8.500000000000000000e+01 1.137549424072013848e-04
9.000000000000000000e+01 2.176366302283907865e-03
9.500000000000000000e+01 6.292014150530210112e-03
1.000000000000000000e+02 5.041786932778139808e-03
1.050000000000000000e+02 3.426485201239980356e-03
1.100000000000000000e+02 4.964157662256218038e-03
1.150000000000000000e+02 2.653625349007963322e-03
1.200000000000000000e+02 2.765612389107594319e-04
1.250000000000000000e+02 1.762021204772598734e-04
1.300000000000000000e+02 1.328489432424221402e-03
1.350000000000000000e+02 5.743119975964092183e-03
1.400000000000000000e+02 6.111790734860339004e-03
1.450000000000000000e+02 3.293264585116593805e-03
1.500000000000000000e+02 4.401940215106995603e-03
1.550000000000000000e+02 3.345013759460204340e-03
1.600000000000000000e+02 5.816587139538603127e-04
1.650000000000000000e+02 3.132996576933799650e-04
1.700000000000000000e+02 7.858139044873949271e-04
1.750000000000000000e+02 4.771366994624850338e-03
1.800000000000000000e+02 6.958296117483990517e-03
1.850000000000000000e+02 3.742501169741368171e-03
1.900000000000000000e+02 3.678057884633283061e-03
1.950000000000000000e+02 3.764552708996788365e-03
2.000000000000000000e+02 1.018180528115678399e-03
2.050000000000000000e+02 4.606091648689891282e-04
2.100000000000000000e+02 5.869201151631115755e-04
2.150000000000000000e+02 3.608599508151543941e-03
2.200000000000000000e+02 7.319083749364940425e-03
2.250000000000000000e+02 4.685781454605567574e-03
2.300000000000000000e+02 3.069406271865889827e-03
2.350000000000000000e+02 3.820969789028870033e-03
2.400000000000000000e+02 1.538526363342518312e-03
2.450000000000000000e+02 5.919885601785355002e-04
2.500000000000000000e+02 6.731628944921043455e-04
2.550000000000000000e+02 2.521965714028292799e-03
2.600000000000000000e+02 7.072132804994129586e-03
2.650000000000000000e+02 5.880692294584522438e-03
2.700000000000000000e+02 2.833429036598402416e-03
2.750000000000000000e+02 3.528628939968526425e-03
2.800000000000000000e+02 2.048757133352270207e-03
2.850000000000000000e+02 7.173773712728488900e-04
2.900000000000000000e+02 9.223950775552807813e-04
2.950000000000000000e+02 1.734357706342165486e-03
3.000000000000000000e+02 6.267754006628163677e-03
3.050000000000000000e+02 7.000948822491063865e-03
3.100000000000000000e+02 3.126798210767161613e-03
3.150000000000000000e+02 3.015926863336855068e-03
3.200000000000000000e+02 2.433819122854602619e-03
3.250000000000000000e+02 8.632153432298269062e-04
3.300000000000000000e+02 1.197730694325236126e-03
3.350000000000000000e+02 1.364136581750699864e-03
3.400000000000000000e+02 5.108297899786857360e-03
3.450000000000000000e+02 7.733034503195510175e-03
3.500000000000000000e+02 3.950798467713025584e-03
3.550000000000000000e+02 2.496775334891247235e-03
3.600000000000000000e+02 2.597387885106243553e-03
3.650000000000000000e+02 1.046499377940758113e-03
3.700000000000000000e+02 1.392784616732254234e-03
3.750000000000000000e+02 1.401370813433023936e-03
3.800000000000000000e+02 3.883304735115164236e-03
3.850000000000000000e+02 7.869504229675734416e-03
3.900000000000000000e+02 5.142467119863648913e-03
3.950000000000000000e+02 2.210784599558405020e-03
4.000000000000000000e+02 2.502466904862002232e-03
4.050000000000000000e+02 1.255433992322231790e-03
4.100000000000000000e+02 1.458320111459568283e-03
4.150000000000000000e+02 1.724965201917249159e-03
4.200000000000000000e+02 2.881541884852949643e-03
4.250000000000000000e+02 7.369963028298964075e-03
4.300000000000000000e+02 6.416758934240652558e-03
4.350000000000000000e+02 2.348742001762150339e-03
4.400000000000000000e+02 2.197224163103664047e-03
4.450000000000000000e+02 1.446150595919370703e-03
4.500000000000000000e+02 1.403870907999642910e-03
4.550000000000000000e+02 2.151569127406998457e-03
4.600000000000000000e+02 2.307713381625921267e-03
4.650000000000000000e+02 6.371059574300591555e-03
4.700000000000000000e+02 7.448521626010847808e-03
4.750000000000000000e+02 2.986621628240775008e-03
4.800000000000000000e+02 1.814198476260249493e-03
4.850000000000000000e+02 1.557900374224681275e-03
4.900000000000000000e+02 1.277874597988219946e-03
4.950000000000000000e+02 2.497694242271699186e-03
5.000000000000000000e+02 2.228894492690741864e-03
5.050000000000000000e+02 5.143136851279058938e-03
5.100000000000000000e+02 7.969485875240709880e-03
5.150000000000000000e+02 4.050863161402723685e-03
5.200000000000000000e+02 1.539092819482481373e-03
5.250000000000000000e+02 1.541314246341683172e-03
5.300000000000000000e+02 1.137317712002203609e-03
5.350000000000000000e+02 2.633992605424428837e-03
5.400000000000000000e+02 2.565216765065259346e-03
5.450000000000000000e+02 4.007919894179372451e-03
5.500000000000000000e+02 7.849793392285950994e-03
5.550000000000000000e+02 5.329194669025903025e-03
5.600000000000000000e+02 1.555756731833588891e-03
5.650000000000000000e+02 1.388474461714607738e-03
5.700000000000000000e+02 1.020459033326441903e-03
5.750000000000000000e+02 2.515404223715354565e-03
5.800000000000000000e+02 3.124801786692677549e-03
5.850000000000000000e+02 3.243314453156371981e-03
5.900000000000000000e+02 7.138098134708909664e-03
5.950000000000000000e+02 6.526897575873876617e-03
6.000000000000000000e+02 1.983478388313160597e-03
6.050000000000000000e+02 1.151622541544651936e-03
6.100000000000000000e+02 9.335476064443147537e-04
6.150000000000000000e+02 2.180573929845364221e-03
6.200000000000000000e+02 3.669266291601205009e-03
6.250000000000000000e+02 3.004463087047940222e-03
6.300000000000000000e+02 6.047507589929160786e-03
6.350000000000000000e+02 7.352826665417369449e-03
6.400000000000000000e+02 2.827774707377205335e-03
6.450000000000000000e+02 9.402003341104655078e-04
6.500000000000000000e+02 8.560058472442586518e-04
6.550000000000000000e+02 1.724824458662479326e-03
6.600000000000000000e+02 3.987607078753675240e-03
6.650000000000000000e+02 3.284156838142066916e-03
6.700000000000000000e+02 4.891912747543239112e-03
6.750000000000000000e+02 7.608475229774949028e-03
6.800000000000000000e+02 3.963789283569880799e-03
6.850000000000000000e+02 8.931345796959618780e-04
6.900000000000000000e+02 7.607402157288209671e-04
6.950000000000000000e+02 1.259306386001307924e-03
7.000000000000000000e+02 3.955257661243682422e-03
7.050000000000000000e+02 3.922856892022800850e-03
7.100000000000000000e+02 3.992697781024845405e-03
7.150000000000000000e+02 7.251300581639493967e-03
7.200000000000000000e+02 5.161846420278033178e-03
7.250000000000000000e+02 1.132834479036767383e-03
7.300000000000000000e+02 6.397814782490265006e-04
7.350000000000000000e+02 8.722410927286595485e-04
7.400000000000000000e+02 3.561467420512388817e-03
7.450000000000000000e+02 4.663205373416722151e-03
7.500000000000000000e+02 3.584488236457799779e-03
7.550000000000000000e+02 6.411376002703693920e-03
7.600000000000000000e+02 6.150426532280918630e-03
7.650000000000000000e+02 1.715888189480501216e-03
7.700000000000000000e+02 5.226788671165930999e-04
7.750000000000000000e+02 6.057386263529056106e-04
7.800000000000000000e+02 2.899418041116418390e-03
7.850000000000000000e+02 5.230705159956801700e-03
7.900000000000000000e+02 3.748216549050479088e-03
7.950000000000000000e+02 5.355394677864721252e-03
8.000000000000000000e+02 6.698045743599939997e-03
8.050000000000000000e+02 2.599238796359790420e-03
8.100000000000000000e+02 4.773207051929947552e-04
8.150000000000000000e+02 4.546798024663826110e-04
8.200000000000000000e+02 2.125786341063485348e-03
8.250000000000000000e+02 5.415061915762449905e-03
8.300000000000000000e+02 4.390917133341745889e-03
8.350000000000000000e+02 4.408766755452676704e-03
8.400000000000000000e+02 6.687681313000527414e-03
8.450000000000000000e+02 3.637274524007822613e-03
8.500000000000000000e+02 5.897421847169096072e-04
8.550000000000000000e+02 3.852034441045888561e-04
8.600000000000000000e+02 1.405776389173082723e-03
8.650000000000000000e+02 5.127532238097125966e-03
8.700000000000000000e+02 5.277345966896417225e-03
8.750000000000000000e+02 3.859482434810259429e-03
8.800000000000000000e+02 6.158748214495811217e-03
8.850000000000000000e+02 4.615217447749540153e-03
8.900000000000000000e+02 9.286941752117278126e-04
8.950000000000000000e+02 3.626787222886143484e-04
9.000000000000000000e+02 8.630186069732653873e-04
9.050000000000000000e+02 4.418124648443442874e-03
9.100000000000000000e+02 6.102983912585697307e-03
9.150000000000000000e+02 3.872741436529014182e-03
9.200000000000000000e+02 5.301762140834018720e-03
9.250000000000000000e+02 5.310890037658239776e-03
9.300000000000000000e+02 1.508538974905483405e-03
9.350000000000000000e+02 3.755914584519121644e-04
9.400000000000000000e+02 5.503218769766219558e-04
9.450000000000000000e+02 3.449839230673489542e-03
9.500000000000000000e+02 6.585692612463660278e-03
9.550000000000000000e+02 4.441908440904148749e-03
9.600000000000000000e+02 4.405970766026953180e-03
9.650000000000000000e+02 5.565653287583279506e-03
9.700000000000000000e+02 2.266775285922687823e-03
9.750000000000000000e+02 4.439809888918947096e-04
9.800000000000000000e+02 4.485447640128143788e-04
9.850000000000000000e+02 2.440957689795385851e-03
9.900000000000000000e+02 6.547903476832823977e-03
9.950000000000000000e+02 5.390503879625050364e-03
1.000000000000000000e+03 3.775125624773053006e-03
1.005000000000000000e+03 5.340626485315173692e-03
1.010000000000000000e+03 3.068399596316235840e-03
1.015000000000000000e+03 6.081813025599119762e-04
1.020000000000000000e+03 4.901461145701145779e-04
1.025000000000000000e+03 1.596003503211425572e-03
1.030000000000000000e+03 5.964524396484767454e-03
1.035000000000000000e+03 6.424809406113713046e-03
1.040000000000000000e+03 3.636526796717053610e-03
1.045000000000000000e+03 4.738174588069653248e-03
1.050000000000000000e+03 3.739574987684444064e-03
1.055000000000000000e+03 9.027599624526514788e-04
1.060000000000000000e+03 5.953058575578813348e-04
1.065000000000000000e+03 1.048226955681738799e-03
1.070000000000000000e+03 4.962954658978410358e-03
1.075000000000000000e+03 7.221454012432904079e-03
1.080000000000000000e+03 4.070786554189370458e-03
1.085000000000000000e+03 3.979575421391499772e-03
1.090000000000000000e+03 4.121484758705598259e-03
1.095000000000000000e+03 1.327786361744591167e-03
1.100000000000000000e+03 7.050239258310689707e-04
1.105000000000000000e+03 8.308133125173870932e-04
1.110000000000000000e+03 3.777171971800523474e-03
1.115000000000000000e+03 7.523470640217334859e-03
1.120000000000000000e+03 4.984013540070034512e-03
1.125000000000000000e+03 3.343822227690544137e-03
1.130000000000000000e+03 4.126534516017503311e-03
1.135000000000000000e+03 1.831646765098378241e-03
1.140000000000000000e+03 7.984076153871518281e-04
1.145000000000000000e+03 8.828988856334444180e-04
1.150000000000000000e+03 2.672533217439541572e-03
1.155000000000000000e+03 7.215354577648348637e-03
1.160000000000000000e+03 6.131931318578965479e-03
1.165000000000000000e+03 3.085025640648504652e-03
1.170000000000000000e+03 3.776759405717792888e-03
1.175000000000000000e+03 2.315495054048205461e-03
1.180000000000000000e+03 8.890194669900450567e-04
1.185000000000000000e+03 1.084186621510106188e-03
1.190000000000000000e+03 1.866575259733997856e-03
1.195000000000000000e+03 6.354069086172690027e-03
1.200000000000000000e+03 7.190000674612164085e-03
1.205000000000000000e+03 3.353114835523954632e-03
1.210000000000000000e+03 3.209273223151075643e-03
1.215000000000000000e+03 2.660710665821056000e-03
1.220000000000000000e+03 1.004384581762421749e-03
1.225000000000000000e+03 1.302961963951265430e-03
1.230000000000000000e+03 1.470817775128649115e-03
1.235000000000000000e+03 5.147054434897130326e-03
1.240000000000000000e+03 7.849223081783259642e-03
1.245000000000000000e+03 4.142503470650967488e-03
1.250000000000000000e+03 2.644048173013026186e-03
1.255000000000000000e+03 2.771001844192814544e-03
1.260000000000000000e+03 1.159765964345937841e-03
1.265000000000000000e+03 1.439521892902279705e-03
1.270000000000000000e+03 1.469943710809487906e-03
1.275000000000000000e+03 3.885508297857255110e-03
1.280000000000000000e+03 7.908529258895112893e-03
1.285000000000000000e+03 5.285978150590810859e-03
1.290000000000000000e+03 2.321634574357653389e-03
1.295000000000000000e+03 2.613972586627930691e-03
1.300000000000000000e+03 1.339371976784956746e-03
1.305000000000000000e+03 1.450808512093477477e-03
1.310000000000000000e+03 1.741300320471682707e-03
1.315000000000000000e+03 2.855413046191065517e-03
1.320000000000000000e+03 7.334857134320008423e-03
1.325000000000000000e+03 6.498001349496624994e-03
1.330000000000000000e+03 2.428718692073191573e-03
1.335000000000000000e+03 2.245734751167828124e-03
1.340000000000000000e+03 1.494647948457306173e-03
1.345000000000000000e+03 1.350445642634431594e-03
1.350000000000000000e+03 2.104529955500848096e-03
1.355000000000000000e+03 2.255025993342888325e-03
1.360000000000000000e+03 6.271849119311012806e-03
1.365000000000000000e+03 7.456354143009362272e-03
1.370000000000000000e+03 3.034539543059260481e-03
1.375000000000000000e+03 1.807003049278886261e-03
1.380000000000000000e+03 1.561773589947765793e-03
1.385000000000000000e+03 1.187959146889806025e-03
1.390000000000000000e+03 2.382607674193135908e-03
1.395000000000000000e+03 2.143876148349088510e-03
1.400000000000000000e+03 4.994618466378488927e-03
1.405000000000000000e+03 7.898179803442732447e-03
1.410000000000000000e+03 4.059399092311738108e-03
1.415000000000000000e+03 1.488438500978797856e-03
1.420000000000000000e+03 1.492000102992816152e-03
1.425000000000000000e+03 1.018291827594403759e-03
1.430000000000000000e+03 2.453954614904062075e-03
1.435000000000000000e+03 2.436701465196648014e-03
1.440000000000000000e+03 3.825549473745100577e-03
1.445000000000000000e+03 7.700599388061520230e-03
1.450000000000000000e+03 5.287847960918387429e-03
1.455000000000000000e+03 1.473717974082162409e-03
1.460000000000000000e+03 1.282329122705258085e-03
1.465000000000000000e+03 8.753343543539324461e-04
1.470000000000000000e+03 2.280316259580755442e-03
1.475000000000000000e+03 2.940759259769176043e-03
1.480000000000000000e+03 3.038356819498854496e-03
1.485000000000000000e+03 6.919864464860760525e-03
1.490000000000000000e+03 6.425652641555659739e-03
1.495000000000000000e+03 1.877440641490058090e-03
1.500000000000000000e+03 9.926742039614237356e-04
1.505000000000000000e+03 7.604395395245356314e-04
1.510000000000000000e+03 1.904485820901410898e-03
1.515000000000000000e+03 3.421770790574305866e-03
1.520000000000000000e+03 2.780410637440625110e-03
1.525000000000000000e+03 5.775847274666232219e-03
1.530000000000000000e+03 7.185237961345683315e-03
1.535000000000000000e+03 2.698536409875290469e-03
1.540000000000000000e+03 7.397513918880213547e-04
1.545000000000000000e+03 6.499659475051913467e-04
1.550000000000000000e+03 1.422426878418646054e-03
1.555000000000000000e+03 3.676311711208780485e-03
1.560000000000000000e+03 3.036195701327838031e-03
1.565000000000000000e+03 4.586344360624410553e-03
1.570000000000000000e+03 7.373792823870391720e-03
1.575000000000000000e+03 3.806690997961168291e-03
1.580000000000000000e+03 6.662326308731939635e-04
1.585000000000000000e+03 5.174957846465855302e-04
1.590000000000000000e+03 9.424982891276309635e-04
1.595000000000000000e+03 3.588332039731535836e-03
1.600000000000000000e+03 3.640820966888501896e-03
1.605000000000000000e+03 3.671957346573666899e-03
1.610000000000000000e+03 6.955751886068365850e-03
1.615000000000000000e+03 4.969815690570272664e-03
1.620000000000000000e+03 8.933441114051597458e-04
1.625000000000000000e+03 3.597766349954881226e-04
1.630000000000000000e+03 5.477782632491535542e-04
1.635000000000000000e+03 3.154047479719157294e-03
1.640000000000000000e+03 4.336787897853300322e-03
1.645000000000000000e+03 3.261452090543483489e-03
1.650000000000000000e+03 6.068480344144592392e-03
1.655000000000000000e+03 5.917336470454112769e-03
1.660000000000000000e+03 1.472577154855366898e-03
1.665000000000000000e+03 2.133482767081425690e-04
1.670000000000000000e+03 2.748909381166037870e-04
1.675000000000000000e+03 2.470335405059724196e-03
1.680000000000000000e+03 4.854714945048991745e-03
1.685000000000000000e+03 3.426612114649524136e-03
1.690000000000000000e+03 4.984692572002577884e-03
1.695000000000000000e+03 6.421362984656607022e-03
1.700000000000000000e+03 2.354520731668997661e-03
1.705000000000000000e+03 1.522664849871642749e-04
1.710000000000000000e+03 1.152839611574117451e-04
1.715000000000000000e+03 1.693597782166350813e-03
1.720000000000000000e+03 4.992716317579823891e-03
1.725000000000000000e+03 4.065520289814187824e-03
1.730000000000000000e+03 4.032425247703533971e-03
1.735000000000000000e+03 6.370248945134609694e-03
1.740000000000000000e+03 3.388652776955184461e-03
1.745000000000000000e+03 2.651275533315598093e-04
1.750000000000000000e+03 3.545240094282857846e-05
1.755000000000000000e+03 9.851320895879109828e-04
1.760000000000000000e+03 4.670863547833242237e-03
1.765000000000000000e+03 4.937785357154641890e-03
1.770000000000000000e+03 3.497200862826015718e-03
1.775000000000000000e+03 5.809857118936980792e-03
1.780000000000000000e+03 4.358181868852682543e-03
1.785000000000000000e+03 6.186822945584229648e-04
1.790000000000000000e+03 4.955584633131623930e-06
1.795000000000000000e+03 4.623933921982439498e-04
1.800000000000000000e+03 3.945767147465122776e-03
1.805000000000000000e+03 5.739541160580581731e-03
1.810000000000000000e+03 3.536667841123976308e-03
1.815000000000000000e+03 4.937254624092089934e-03
1.820000000000000000e+03 5.041827616298320131e-03
1.825000000000000000e+03 1.221997117963535264e-03
1.830000000000000000e+03 1.839332484794351568e-05
1.835000000000000000e+03 1.719367018156842098e-04
1.840000000000000000e+03 2.983188178069612340e-03
1.845000000000000000e+03 6.194652222233101857e-03
1.850000000000000000e+03 4.133861805706550915e-03
1.855000000000000000e+03 4.046640071339416798e-03
1.860000000000000000e+03 5.284043407515810580e-03
1.865000000000000000e+03 2.006522063038554578e-03
1.870000000000000000e+03 1.008652590308559052e-04
1.875000000000000000e+03 9.067474901009988037e-05
1.880000000000000000e+03 1.999875200086229186e-03
1.885000000000000000e+03 6.134453276084441548e-03
1.890000000000000000e+03 5.103030025090476290e-03
1.895000000000000000e+03 3.442932269380509329e-03
1.900000000000000000e+03 5.050569618721345404e-03
1.905000000000000000e+03 2.832748053909229895e-03
1.910000000000000000e+03 2.942720197654736451e-04
1.915000000000000000e+03 1.509820085410699768e-04
1.920000000000000000e+03 1.195173578380619335e-03
1.925000000000000000e+03 5.542493480324058204e-03
1.930000000000000000e+03 6.145811334808757263e-03
1.935000000000000000e+03 3.349299212910228970e-03
1.940000000000000000e+03 4.449377822978202099e-03
1.945000000000000000e+03 3.524905024372940784e-03
1.950000000000000000e+03 6.306513227685662994e-04
1.955000000000000000e+03 2.766363843894842443e-04
1.960000000000000000e+03 6.951331853436993865e-04
1.965000000000000000e+03 4.551934974722310345e-03
1.970000000000000000e+03 6.940409872675205351e-03
1.975000000000000000e+03 3.837367868285487295e-03
1.980000000000000000e+03 3.707365459360664750e-03
1.985000000000000000e+03 3.924647039996668162e-03
1.990000000000000000e+03 1.104819445868396614e-03
1.995000000000000000e+03 4.139267457163430127e-04
2.000000000000000000e+03 5.260250915081672064e-04
2.005000000000000000e+03 3.398244820593096429e-03
2.010000000000000000e+03 7.236628687773563086e-03
2.015000000000000000e+03 4.802189012430311231e-03
2.020000000000000000e+03 3.107334399655367185e-03
2.025000000000000000e+03 3.946668572882549089e-03
2.030000000000000000e+03 1.659500041280326981e-03
2.035000000000000000e+03 5.461175613081696925e-04
2.040000000000000000e+03 6.226709487936649178e-04
2.045000000000000000e+03 2.343880649162899659e-03
2.050000000000000000e+03 6.928026149473453903e-03
2.055000000000000000e+03 5.990408965453406474e-03
2.060000000000000000e+03 2.903184439714552589e-03
2.065000000000000000e+03 3.616707509418377962e-03
2.070000000000000000e+03 2.191644592991843100e-03
2.075000000000000000e+03 6.876677322668866546e-04
2.080000000000000000e+03 8.644037954286245759e-04
2.085000000000000000e+03 1.600057780642811893e-03
2.090000000000000000e+03 6.079609067185182472e-03
2.095000000000000000e+03 7.073759781787048069e-03
2.100000000000000000e+03 3.239334257070556212e-03
2.105000000000000000e+03 3.076618950730443305e-03
2.110000000000000000e+03 2.580583285856022889e-03
2.115000000000000000e+03 8.633850723255188800e-04
2.120000000000000000e+03 1.122706754333699028e-03
2.125000000000000000e+03 1.270379143446678880e-03
2.130000000000000000e+03 4.903402683693974112e-03
2.135000000000000000e+03 7.745903957982383688e-03
2.140000000000000000e+03 4.100283334707695293e-03
2.145000000000000000e+03 2.551140242238873843e-03
2.150000000000000000e+03 2.729914071985700338e-03
2.155000000000000000e+03 1.083564252197966038e-03
2.160000000000000000e+03 1.302606734690299256e-03
2.165000000000000000e+03 1.332343459745704986e-03
2.170000000000000000e+03 3.690704096795347292e-03
2.175000000000000000e+03 7.813192569466187801e-03
2.180000000000000000e+03 5.307680596789573872e-03
2.185000000000000000e+03 2.283655838166375601e-03
2.190000000000000000e+03 2.608710022946221941e-03
2.195000000000000000e+03 1.327217815629097141e-03
2.200000000000000000e+03 1.364650389782037397e-03
2.205000000000000000e+03 1.659015434493209869e-03
2.210000000000000000e+03 2.723392134204334972e-03
2.215000000000000000e+03 7.251476368572833467e-03
2.220000000000000000e+03 6.567741632982296990e-03
2.225000000000000000e+03 2.459561520334116371e-03
2.230000000000000000e+03 2.276010725610776511e-03
2.235000000000000000e+03 1.541855334343829060e-03
2.240000000000000000e+03 1.323068006006313663e-03
2.245000000000000000e+03 2.069765171467989866e-03
2.250000000000000000e+03 2.192664794475909090e-03
2.255000000000000000e+03 6.211518585361993326e-03
2.260000000000000000e+03 7.555876057753726713e-03
2.265000000000000000e+03 3.141687434165662401e-03
2.270000000000000000e+03 1.876651938694032023e-03
2.275000000000000000e+03 1.661456046114947755e-03
2.280000000000000000e+03 1.224798069755387480e-03
2.285000000000000000e+03 2.390742648015684035e-03
2.290000000000000000e+03 2.149966476554750639e-03
2.295000000000000000e+03 4.971675185608285738e-03
2.300000000000000000e+03 8.013114961111560131e-03
2.305000000000000000e+03 4.240146860564263272e-03
2.310000000000000000e+03 1.605492333149303530e-03
2.315000000000000000e+03 1.636670462389064763e-03
2.320000000000000000e+03 1.120282104487809686e-03
2.325000000000000000e+03 2.504933270571736877e-03
2.330000000000000000e+03 2.503172391463260801e-03
2.335000000000000000e+03 3.853150276227671443e-03
2.340000000000000000e+03 7.824510678840117597e-03
2.345000000000000000e+03 5.529000385837012574e-03
2.350000000000000000e+03 1.648393542479906215e-03
2.355000000000000000e+03 1.465414104574811220e-03
2.360000000000000000e+03 1.038735297260899755e-03
2.365000000000000000e+03 2.377519828491027765e-03
2.370000000000000000e+03 3.055845942919920271e-03
2.375000000000000000e+03 3.124735622531770503e-03
2.380000000000000000e+03 7.054802713807837265e-03
2.385000000000000000e+03 6.707224579935921679e-03
2.390000000000000000e+03 2.117997120270294093e-03
2.395000000000000000e+03 1.210143265120853552e-03
2.400000000000000000e+03 9.778610837656172804e-04
2.405000000000000000e+03 2.051935306753173600e-03
2.410000000000000000e+03 3.574035188791239298e-03
2.415000000000000000e+03 2.926589093126686324e-03
2.420000000000000000e+03 5.929847227687926915e-03
2.425000000000000000e+03 7.486594926001213270e-03
2.430000000000000000e+03 3.006474592830524987e-03
2.435000000000000000e+03 9.914935704407133038e-04
2.440000000000000000e+03 9.117830838830755019e-04
2.445000000000000000e+03 1.621882282455263443e-03
2.450000000000000000e+03 3.857915251469714799e-03
2.455000000000000000e+03 3.235609614804737903e-03
2.460000000000000000e+03 4.769344867965781727e-03
2.465000000000000000e+03 7.679461513094534147e-03
2.470000000000000000e+03 4.173708707720084725e-03
2.475000000000000000e+03 9.561498521808293712e-04
2.480000000000000000e+03 8.132879626916425433e-04
2.485000000000000000e+03 1.191744348596435361e-03
2.490000000000000000e+03 3.796218996030917541e-03
2.495000000000000000e+03 3.881012318363794619e-03
2.500000000000000000e+03 3.891713893575011931e-03
2.505000000000000000e+03 7.258511048215179721e-03
2.510000000000000000e+03 5.378419660691228892e-03
2.515000000000000000e+03 1.227229908093561538e-03
2.520000000000000000e+03 6.799412968741084000e-04
2.525000000000000000e+03 8.404347931279155951e-04
2.530000000000000000e+03 3.388722731865337692e-03
2.535000000000000000e+03 4.602767078570537893e-03
2.540000000000000000e+03 3.520479489874457375e-03
2.545000000000000000e+03 6.368925035394989997e-03
2.550000000000000000e+03 6.345176015663598137e-03
2.555000000000000000e+03 1.853993373040049766e-03
2.560000000000000000e+03 5.509577246149033759e-04
2.565000000000000000e+03 6.012617912787079910e-04
2.570000000000000000e+03 2.733129444268303076e-03
2.575000000000000000e+03 5.132897572834901889e-03
2.580000000000000000e+03 3.720678865644910620e-03
2.585000000000000000e+03 5.288148303758431930e-03
2.590000000000000000e+03 6.847341405671356594e-03
2.595000000000000000e+03 2.780392850514324787e-03
2.600000000000000000e+03 5.045686029779330442e-04
2.605000000000000000e+03 4.636187063713955174e-04
2.610000000000000000e+03 1.983904744963335253e-03
2.615000000000000000e+03 5.273913422505041235e-03
2.620000000000000000e+03 4.383931009527000482e-03
2.625000000000000000e+03 4.344901634007202612e-03
2.630000000000000000e+03 6.779598543437047493e-03
2.635000000000000000e+03 3.847000387557190492e-03
2.640000000000000000e+03 6.335407677390444666e-04
2.645000000000000000e+03 3.934212309234672782e-04
2.650000000000000000e+03 1.298790918412203246e-03
2.655000000000000000e+03 4.951131029915936156e-03
2.660000000000000000e+03 5.265472188548430549e-03
2.665000000000000000e+03 3.821866447524332848e-03
2.670000000000000000e+03 6.196123528203487454e-03
2.675000000000000000e+03 4.829560264362201503e-03
2.680000000000000000e+03 1.006481384364100269e-03
2.685000000000000000e+03 3.614773160384794799e-04
2.690000000000000000e+03 7.914897225019286572e-04
2.695000000000000000e+03 4.224928906397262991e-03
2.700000000000000000e+03 6.060512986952169834e-03
2.705000000000000000e+03 3.871617221106174109e-03
2.710000000000000000e+03 5.300902051309628119e-03
2.715000000000000000e+03 5.504075363549663230e-03
2.720000000000000000e+03 1.630194732795089106e-03
2.725000000000000000e+03 3.656962728840146368e-04
2.730000000000000000e+03 5.056097076151001585e-04
2.735000000000000000e+03 3.261987931971568975e-03
2.740000000000000000e+03 6.495718506525204744e-03
2.745000000000000000e+03 4.471411506182521034e-03
2.750000000000000000e+03 4.391559095836270084e-03
2.755000000000000000e+03 5.718090528099347564e-03
2.760000000000000000e+03 2.429882469024215695e-03
2.765000000000000000e+03 4.359704753761361215e-04
2.770000000000000000e+03 4.164316765904035877e-04
2.775000000000000000e+03 2.277217846005817267e-03
2.780000000000000000e+03 6.407790504345692827e-03
2.785000000000000000e+03 5.430593813417631914e-03
2.790000000000000000e+03 3.772643306212809886e-03
2.795000000000000000e+03 5.444568768354930352e-03
2.800000000000000000e+03 3.258267399602108802e-03
2.805000000000000000e+03 6.187144796881827559e-04
2.810000000000000000e+03 4.563830404370798296e-04
2.815000000000000000e+03 1.466555709913444248e-03
2.820000000000000000e+03 5.785988925088725830e-03
2.825000000000000000e+03 6.448279067941436668e-03
2.830000000000000000e+03 3.664137798121421419e-03
2.835000000000000000e+03 4.799533032324672377e-03
2.840000000000000000e+03 3.933952344563180180e-03
2.845000000000000000e+03 9.478463140877715432e-04
2.850000000000000000e+03 5.513881401002097404e-04
2.855000000000000000e+03 9.525213810990736411e-04
2.860000000000000000e+03 4.767275475779018251e-03
2.865000000000000000e+03 7.203556077822720338e-03
2.870000000000000000e+03 4.133109240408560509e-03
2.875000000000000000e+03 4.015693751542920645e-03
2.880000000000000000e+03 4.297912211080091860e-03
2.885000000000000000e+03 1.415897766442952670e-03
2.890000000000000000e+03 6.520479569301860243e-04
2.895000000000000000e+03 7.588044232221133551e-04
2.900000000000000000e+03 3.587797885071084773e-03
2.905000000000000000e+03 7.450488454197289924e-03
2.910000000000000000e+03 5.070080238665511212e-03
2.915000000000000000e+03 3.377965259763436590e-03
2.920000000000000000e+03 4.269456493245408525e-03
2.925000000000000000e+03 1.959717772027770848e-03
2.930000000000000000e+03 7.472045793408311782e-04
2.935000000000000000e+03 8.192186395948438055e-04
2.940000000000000000e+03 2.507852668885684339e-03
2.945000000000000000e+03 7.088881818809096916e-03
2.950000000000000000e+03 6.218513986397894086e-03
2.955000000000000000e+03 3.138977515706535895e-03
2.960000000000000000e+03 3.882027250821704252e-03
2.965000000000000000e+03 2.469550301783933390e-03
2.970000000000000000e+03 8.561347078147106375e-04
2.975000000000000000e+03 1.014114445867616470e-03
2.980000000000000000e+03 1.735004682151404217e-03
2.985000000000000000e+03 6.189666168917303674e-03
2.990000000000000000e+03 7.249495786890338377e-03
2.995000000000000000e+03 3.439832781182766783e-03
3.000000000000000000e+03 3.284918127460423245e-03
3.005000000000000000e+03 2.820724299445441247e-03
3.010000000000000000e+03 1.005368808273501054e-03
3.015000000000000000e+03 1.218336578588959714e-03
3.020000000000000000e+03 1.369298402280529764e-03
3.025000000000000000e+03 4.968292204155821609e-03
3.030000000000000000e+03 7.859285181065368137e-03
3.035000000000000000e+03 4.261133144326510226e-03
3.040000000000000000e+03 2.707400873534947065e-03
3.045000000000000000e+03 2.917816187907699109e-03
3.050000000000000000e+03 1.202647072666506974e-03
3.055000000000000000e+03 1.342389422011040084e-03
3.060000000000000000e+03 1.385966093923026235e-03
3.065000000000000000e+03 3.715996055394841981e-03
3.070000000000000000e+03 7.859735844221510045e-03
3.075000000000000000e+03 5.421259337720601805e-03
3.080000000000000000e+03 2.393677843339131039e-03
3.085000000000000000e+03 2.735545395180837957e-03
3.090000000000000000e+03 1.421196752985293479e-03
3.095000000000000000e+03 1.353118234229966745e-03
3.100000000000000000e+03 1.657817307319736080e-03
3.105000000000000000e+03 2.711659709838252792e-03
3.110000000000000000e+03 7.233487474606995447e-03
3.115000000000000000e+03 6.624821671874878137e-03
3.120000000000000000e+03 2.527098846686711385e-03
3.125000000000000000e+03 2.340662609876494656e-03
3.130000000000000000e+03 1.602533898143484667e-03
3.135000000000000000e+03 1.269604546491629859e-03
3.140000000000000000e+03 2.006404511579913674e-03
3.145000000000000000e+03 2.142164761133333664e-03
3.150000000000000000e+03 6.136988918786077073e-03
3.155000000000000000e+03 7.548188190380064090e-03
3.160000000000000000e+03 3.167137830464030000e-03
3.165000000000000000e+03 1.884507876325821913e-03
3.170000000000000000e+03 1.677813254872474692e-03
3.175000000000000000e+03 1.139956792249580088e-03
3.180000000000000000e+03 2.262586618598486695e-03
3.185000000000000000e+03 2.055115510405948129e-03
3.190000000000000000e+03 4.851121709583720680e-03
3.195000000000000000e+03 7.936331194469115752e-03
3.200000000000000000e+03 4.220622208113399172e-03
3.205000000000000000e+03 1.565092248857064645e-03
3.210000000000000000e+03 1.599775855286875072e-03
3.215000000000000000e+03 1.011350700655464039e-03
3.220000000000000000e+03 2.315937049258765153e-03
3.225000000000000000e+03 2.356366471292619443e-03
3.230000000000000000e+03 3.695744007137345341e-03
3.235000000000000000e+03 7.680608749283514801e-03
3.240000000000000000e+03 5.459368620320313378e-03
3.245000000000000000e+03 1.567868258426773076e-03
3.250000000000000000e+03 1.372458419420418980e-03
3.255000000000000000e+03 9.068499979458088250e-04
3.260000000000000000e+03 2.138383781676466387e-03
3.265000000000000000e+03 2.850038605795261228e-03
3.270000000000000000e+03 2.935335662170451571e-03
3.275000000000000000e+03 6.852600884818444565e-03
3.280000000000000000e+03 6.581928519796522575e-03
3.285000000000000000e+03 2.002762082928951845e-03
3.290000000000000000e+03 1.065594929198613672e-03
3.295000000000000000e+03 8.183913872211108801e-04
3.300000000000000000e+03 1.777802681720296735e-03
3.305000000000000000e+03 3.305600814083428825e-03
3.310000000000000000e+03 2.704725417854136112e-03
3.315000000000000000e+03 5.683097012525058049e-03
3.320000000000000000e+03 7.302141908307503704e-03
3.325000000000000000e+03 2.858548158571940986e-03
3.330000000000000000e+03 8.051711408698542264e-04
3.335000000000000000e+03 7.179111113174244671e-04
3.340000000000000000e+03 1.327999507539471885e-03
3.345000000000000000e+03 3.529241382227428329e-03
3.350000000000000000e+03 2.976508489055000161e-03
3.355000000000000000e+03 4.492923248275610369e-03
3.360000000000000000e+03 7.437104376199152496e-03
3.365000000000000000e+03 3.992235808960816965e-03
3.370000000000000000e+03 7.396556270809494281e-04
3.375000000000000000e+03 5.808376772667595564e-04
3.380000000000000000e+03 8.888770535197230982e-04
3.385000000000000000e+03 3.417159483525964402e-03
3.390000000000000000e+03 3.578089442464667345e-03
3.395000000000000000e+03 3.597432209313632199e-03
3.400000000000000000e+03 6.966076932714445474e-03
3.405000000000000000e+03 5.160919607539319991e-03
3.410000000000000000e+03 9.906795970187818028e-04
3.415000000000000000e+03 4.108389426499005326e-04
3.420000000000000000e+03 5.323617859513149562e-04
3.425000000000000000e+03 2.975910821436428873e-03
3.430000000000000000e+03 4.250837977133389324e-03
3.435000000000000000e+03 3.214207319883603722e-03
3.440000000000000000e+03 6.040637951367795050e-03
3.445000000000000000e+03 6.089374725936272728e-03
3.450000000000000000e+03 1.604244933204702428e-03
3.455000000000000000e+03 2.536647453104815333e-04
3.460000000000000000e+03 2.857653646204777443e-04
3.465000000000000000e+03 2.306722792326627684e-03
3.470000000000000000e+03 4.731412204326296278e-03
3.475000000000000000e+03 3.401772884388024141e-03
3.480000000000000000e+03 4.941984764854531233e-03
3.485000000000000000e+03 6.553538260697565343e-03
3.490000000000000000e+03 2.520828524540266388e-03
3.495000000000000000e+03 1.916891666651216050e-04
3.500000000000000000e+03 1.364683240349287400e-04
3.505000000000000000e+03 1.562606690352195352e-03
3.510000000000000000e+03 4.829471317009123923e-03
3.515000000000000000e+03 4.046951283180969146e-03
3.520000000000000000e+03 3.998232784197574066e-03
3.525000000000000000e+03 6.453079243326134001e-03
3.530000000000000000e+03 3.578271059581573672e-03
3.535000000000000000e+03 3.182633278530220731e-04
3.540000000000000000e+03 5.314084655084770127e-05
3.545000000000000000e+03 8.952057780742960109e-04
3.550000000000000000e+03 4.478332721266698076e-03
3.555000000000000000e+03 4.903430881567341117e-03
3.560000000000000000e+03 3.487078717662942320e-03
3.565000000000000000e+03 5.848542082016521156e-03
3.570000000000000000e+03 4.550842034186879277e-03
3.575000000000000000e+03 6.996918054655727184e-04
3.580000000000000000e+03 1.235131133418187030e-05
3.585000000000000000e+03 4.100870682292560182e-04
3.590000000000000000e+03 3.744732248394687813e-03
3.595000000000000000e+03 5.668699253294959793e-03
3.600000000000000000e+03 3.553467193197384997e-03
3.605000000000000000e+03 4.949509936025386914e-03
3.610000000000000000e+03 5.214820780524053595e-03
3.615000000000000000e+03 1.339161405141467637e-03
3.620000000000000000e+03 1.769536201599297077e-05
3.625000000000000000e+03 1.443642559655130425e-04
3.630000000000000000e+03 2.797512825649885529e-03
3.635000000000000000e+03 6.075194392364390884e-03
3.640000000000000000e+03 4.167042806297262605e-03
3.645000000000000000e+03 4.055962874018752100e-03
3.650000000000000000e+03 5.420292399930151661e-03
3.655000000000000000e+03 2.158293285596214143e-03
3.660000000000000000e+03 1.021491029310482476e-04
3.665000000000000000e+03 7.122240724043214875e-05
3.670000000000000000e+03 1.848247473535267549e-03
3.675000000000000000e+03 5.967658153516170946e-03
3.680000000000000000e+03 5.132028810253880767e-03
3.685000000000000000e+03 3.470048323065725530e-03
3.690000000000000000e+03 5.145011275615876158e-03
3.695000000000000000e+03 3.006962038739508739e-03
3.700000000000000000e+03 3.118495990491115333e-04
3.705000000000000000e+03 1.257384274334708550e-04
3.710000000000000000e+03 1.084999778774781327e-03
3.715000000000000000e+03 5.343509226493356815e-03
3.720000000000000000e+03 6.146424001508361303e-03
3.725000000000000000e+03 3.404941847296347537e-03
3.730000000000000000e+03 4.510879423396284803e-03
3.735000000000000000e+03 3.702031470817180540e-03
3.740000000000000000e+03 6.779693697362514353e-04
3.745000000000000000e+03 2.391627870798026850e-04
3.750000000000000000e+03 6.209752952391562122e-04
3.755000000000000000e+03 4.345248916356641081e-03
3.760000000000000000e+03 6.892538705422663996e-03
3.765000000000000000e+03 3.918640170740847820e-03
3.770000000000000000e+03 3.755286003485365249e-03
3.775000000000000000e+03 4.084378941911754810e-03
3.780000000000000000e+03 1.189303883088106174e-03
3.785000000000000000e+03 3.670515133709631103e-04
3.790000000000000000e+03 4.728844238128585269e-04
3.795000000000000000e+03 3.209553244616795108e-03
3.800000000000000000e+03 7.131238989031612498e-03
3.805000000000000000e+03 4.893302030257365605e-03
3.810000000000000000e+03 3.164151527922923288e-03
3.815000000000000000e+03 4.075466923982756437e-03
3.820000000000000000e+03 1.779032848314953926e-03
3.825000000000000000e+03 5.006115959721223283e-04
3.830000000000000000e+03 5.723728089746154060e-04
3.835000000000000000e+03 2.191452406466155422e-03
3.840000000000000000e+03 6.770985080158215333e-03
3.845000000000000000e+03 6.067311308904578711e-03
3.850000000000000000e+03 2.986131923120876122e-03
3.855000000000000000e+03 3.713136484066787216e-03
3.860000000000000000e+03 2.334249227864750552e-03
3.865000000000000000e+03 6.584488230797638049e-04
3.870000000000000000e+03 8.023661903018457827e-04
3.875000000000000000e+03 1.489029566597837662e-03
3.880000000000000000e+03 5.890676287490272112e-03
3.885000000000000000e+03 7.111339139985017876e-03
3.890000000000000000e+03 3.354088567826020006e-03
3.895000000000000000e+03 3.152041156044523181e-03
3.900000000000000000e+03 2.728003795307593331e-03
3.905000000000000000e+03 8.643423523033064680e-04
3.910000000000000000e+03 1.042736299698011470e-03
3.915000000000000000e+03 1.192128034635470905e-03
3.920000000000000000e+03 4.710225641855400602e-03
3.925000000000000000e+03 7.725891036796975544e-03
3.930000000000000000e+03 4.238633525826456493e-03
3.935000000000000000e+03 2.625345639342633371e-03
3.940000000000000000e+03 2.864173791712897738e-03
3.945000000000000000e+03 1.122443574835553818e-03
3.950000000000000000e+03 1.208517357421143778e-03
3.955000000000000000e+03 1.268820206583565506e-03
3.960000000000000000e+03 3.519735501795330512e-03
3.965000000000000000e+03 7.730515728479318838e-03
3.970000000000000000e+03 5.449601995573543842e-03
3.975000000000000000e+03 2.377201110609944174e-03
3.980000000000000000e+03 2.719155418034256092e-03
3.985000000000000000e+03 1.402277312883866986e-03
3.990000000000000000e+03 1.268663135516479067e-03
3.995000000000000000e+03 1.589931831845767122e-03
4.000000000000000000e+03 2.591146872492319179e-03
4.005000000000000000e+03 7.116837655781634714e-03
4.010000000000000000e+03 6.687063658014179637e-03
4.015000000000000000e+03 2.585864338768086718e-03
4.020000000000000000e+03 2.363773730486927026e-03
4.025000000000000000e+03 1.641823078981197387e-03
4.030000000000000000e+03 1.241700896123831702e-03
4.035000000000000000e+03 1.979756923214994087e-03
4.040000000000000000e+03 2.100731818793318516e-03
4.045000000000000000e+03 6.048809185683160297e-03
4.050000000000000000e+03 7.627979217386284330e-03
4.055000000000000000e+03 3.301739138545256580e-03
4.060000000000000000e+03 1.954415273176979446e-03
4.065000000000000000e+03 1.769331989167125235e-03
4.070000000000000000e+03 1.173395072389409608e-03
4.075000000000000000e+03 2.274177994507300786e-03
4.080000000000000000e+03 2.085567768652644115e-03
4.085000000000000000e+03 4.810604487757798135e-03
4.090000000000000000e+03 8.022636684443603880e-03
4.095000000000000000e+03 4.421438651901184701e-03
4.100000000000000000e+03 1.692518026992255497e-03
4.105000000000000000e+03 1.736268478600901111e-03
4.110000000000000000e+03 1.107709269054601856e-03
4.115000000000000000e+03 2.367274273143390225e-03
4.120000000000000000e+03 2.444685446392696072e-03
4.125000000000000000e+03 3.719495196601368178e-03
4.130000000000000000e+03 7.770796643304157293e-03
4.135000000000000000e+03 5.708725686898600930e-03
4.140000000000000000e+03 1.762864725186542164e-03
4.145000000000000000e+03 1.548039502957056180e-03
4.150000000000000000e+03 1.064038011060674735e-03
4.155000000000000000e+03 2.233293521812736160e-03
4.160000000000000000e+03 2.980822820870171908e-03
4.165000000000000000e+03 3.031853210981972930e-03
4.170000000000000000e+03 6.953068987170353023e-03
4.175000000000000000e+03 6.858661840784496984e-03
4.180000000000000000e+03 2.269740301901156110e-03
4.185000000000000000e+03 1.278412787952570634e-03
4.190000000000000000e+03 1.030413984025045897e-03
4.195000000000000000e+03 1.920101471296706752e-03
4.200000000000000000e+03 3.466703972824596719e-03
4.205000000000000000e+03 2.871458131328943723e-03
4.210000000000000000e+03 5.807083696933787800e-03
4.215000000000000000e+03 7.586928340218381840e-03
4.220000000000000000e+03 3.192706545249985369e-03
4.225000000000000000e+03 1.058452426059101502e-03
4.230000000000000000e+03 9.753439684701274877e-04
4.235000000000000000e+03 1.519853091279149433e-03
4.240000000000000000e+03 3.713883548922949484e-03
4.245000000000000000e+03 3.200760918484536234e-03
4.250000000000000000e+03 4.655846015933935537e-03
4.255000000000000000e+03 7.716955222651512847e-03
4.260000000000000000e+03 4.379056472843840565e-03
4.265000000000000000e+03 1.039974646277710534e-03
4.270000000000000000e+03 8.726438868277642050e-04
4.275000000000000000e+03 1.129737148172121073e-03
4.280000000000000000e+03 3.623406953826686493e-03
4.285000000000000000e+03 3.841274710136309990e-03
4.290000000000000000e+03 3.811047449614135118e-03
4.295000000000000000e+03 7.236857832021765038e-03
4.300000000000000000e+03 5.578947814430981755e-03
4.305000000000000000e+03 1.343773863558482030e-03
4.310000000000000000e+03 7.273997269386224627e-04
4.315000000000000000e+03 8.180834305113394078e-04
4.320000000000000000e+03 3.204696203414701683e-03
4.325000000000000000e+03 4.534031278048432367e-03
4.330000000000000000e+03 3.481633829938357658e-03
4.335000000000000000e+03 6.307000709880703805e-03
4.340000000000000000e+03 6.515109545919148260e-03
4.345000000000000000e+03 2.010205552242318432e-03
4.350000000000000000e+03 5.897405321233664763e-04
4.355000000000000000e+03 6.080224791667447485e-04
4.360000000000000000e+03 2.559739378488017948e-03
4.365000000000000000e+03 5.019786507669108180e-03
4.370000000000000000e+03 3.715389812535728736e-03
4.375000000000000000e+03 5.214624161962995268e-03
4.380000000000000000e+03 6.966653154133310884e-03
4.385000000000000000e+03 2.971002534313101941e-03
4.390000000000000000e+03 5.475025936914476241e-04
4.395000000000000000e+03 4.832138584466814935e-04
4.400000000000000000e+03 1.840660950372278093e-03
4.405000000000000000e+03 5.114168105241170478e-03
4.410000000000000000e+03 4.390067968874208394e-03
4.415000000000000000e+03 4.289055809532792314e-03
4.420000000000000000e+03 6.840408990042622615e-03
4.425000000000000000e+03 4.055374722644025827e-03
4.430000000000000000e+03 6.976234336234317292e-04
4.435000000000000000e+03 4.107544856338880205e-04
4.440000000000000000e+03 1.196852488570258454e-03
4.445000000000000000e+03 4.755876117161131518e-03
4.450000000000000000e+03 5.254922819208727308e-03
4.455000000000000000e+03 3.803688838230989341e-03
4.460000000000000000e+03 6.205891746557658413e-03
4.465000000000000000e+03 5.032203597231600829e-03
4.470000000000000000e+03 1.105731930936690571e-03
4.475000000000000000e+03 3.691006135655371632e-04
4.480000000000000000e+03 7.303374576319724212e-04
4.485000000000000000e+03 4.015152470143426924e-03
4.490000000000000000e+03 6.008487402100322512e-03
4.495000000000000000e+03 3.894924764689545755e-03
4.500000000000000000e+03 5.280929711694859474e-03
4.505000000000000000e+03 5.677329382358022904e-03
4.510000000000000000e+03 1.769738394509515851e-03
4.515000000000000000e+03 3.669281590345228905e-04
4.520000000000000000e+03 4.738903775215413494e-04
4.525000000000000000e+03 3.062317135839048507e-03
4.530000000000000000e+03 6.388322608203226595e-03
4.535000000000000000e+03 4.522627165914261914e-03
4.540000000000000000e+03 4.370645164210199517e-03
4.545000000000000000e+03 5.845216630037100049e-03
4.550000000000000000e+03 2.603383601178675764e-03
4.555000000000000000e+03 4.432922048575181260e-04
4.560000000000000000e+03 3.969817647290283923e-04
4.565000000000000000e+03 2.108642082501700765e-03
4.570000000000000000e+03 6.245799641014719399e-03
4.575000000000000000e+03 5.483552140330382775e-03
4.580000000000000000e+03 3.777589003542374761e-03
4.585000000000000000e+03 5.521268796057057261e-03
4.590000000000000000e+03 3.449322213792518303e-03
4.595000000000000000e+03 6.482887101279940709e-04
4.600000000000000000e+03 4.335585068031709479e-04
4.605000000000000000e+03 1.340199465890499824e-03
4.610000000000000000e+03 5.584197746082633987e-03
4.615000000000000000e+03 6.473052100586310954e-03
4.620000000000000000e+03 3.710373810633039744e-03
4.625000000000000000e+03 4.836073670837806940e-03
4.630000000000000000e+03 4.120717575884908640e-03
4.635000000000000000e+03 1.012676189057154378e-03
4.640000000000000000e+03 5.175993595271608525e-04
4.645000000000000000e+03 8.666133810495605218e-04
4.650000000000000000e+03 4.549962432900419781e-03
4.655000000000000000e+03 7.175989316883602497e-03
4.660000000000000000e+03 4.219026647183120315e-03
4.665000000000000000e+03 4.034423704140469545e-03
4.670000000000000000e+03 4.459506392844204449e-03
4.675000000000000000e+03 1.520452771354672238e-03
4.680000000000000000e+03 6.106586193896451848e-04
4.685000000000000000e+03 7.002082288569440446e-04
4.690000000000000000e+03 3.381628390351064644e-03
4.695000000000000000e+03 7.359326072624097943e-03
4.700000000000000000e+03 5.177313555471144135e-03
4.705000000000000000e+03 3.406382900234103308e-03
4.710000000000000000e+03 4.392403792969764957e-03
4.715000000000000000e+03 2.097878582171167246e-03
4.720000000000000000e+03 7.106654279490868392e-04
4.725000000000000000e+03 7.692126361715889531e-04
4.730000000000000000e+03 2.334112599702871296e-03
4.735000000000000000e+03 6.938621236813806263e-03
4.740000000000000000e+03 6.318021022776447448e-03
4.745000000000000000e+03 3.200317113612141228e-03
4.750000000000000000e+03 3.964938452974108192e-03
4.755000000000000000e+03 2.626241539123521946e-03
4.760000000000000000e+03 8.404432043788190613e-04
4.765000000000000000e+03 9.562113365762270637e-04
4.770000000000000000e+03 1.603433898404994090e-03
4.775000000000000000e+03 5.998781714425708601e-03
4.780000000000000000e+03 7.311017016279406158e-03
4.785000000000000000e+03 3.544515844332638346e-03
4.790000000000000000e+03 3.339744498045380938e-03
4.795000000000000000e+03 2.976417718055473886e-03
4.800000000000000000e+03 1.023447259756599505e-03
4.805000000000000000e+03 1.144882209079640814e-03
4.810000000000000000e+03 1.275672325031544478e-03
4.815000000000000000e+03 4.763646290137845025e-03
4.820000000000000000e+03 7.860723672755396546e-03
4.825000000000000000e+03 4.402458099206685987e-03
4.830000000000000000e+03 2.756268143227099537e-03
4.835000000000000000e+03 3.054497063024852899e-03
4.840000000000000000e+03 1.259331506523858266e-03
4.845000000000000000e+03 1.257194928923804954e-03
4.850000000000000000e+03 1.314554214527702139e-03
4.855000000000000000e+03 3.525016132888747055e-03
4.860000000000000000e+03 7.793462535822564402e-03
4.865000000000000000e+03 5.577128778131284007e-03
4.870000000000000000e+03 2.461709124737497100e-03
4.875000000000000000e+03 2.842532545316729751e-03
4.880000000000000000e+03 1.511459460460979612e-03
4.885000000000000000e+03 1.269261331584558899e-03
4.890000000000000000e+03 1.588030323666668377e-03
4.895000000000000000e+03 2.554380219487067602e-03
4.900000000000000000e+03 7.108004273962333086e-03
4.905000000000000000e+03 6.764841161693087475e-03
4.910000000000000000e+03 2.633389880780955417e-03
4.915000000000000000e+03 2.418599093317294006e-03
4.920000000000000000e+03 1.713144071470581618e-03
4.925000000000000000e+03 1.203725815158209053e-03
4.930000000000000000e+03 1.921082846149820087e-03
4.935000000000000000e+03 2.025487032172546172e-03
4.940000000000000000e+03 5.973933097209488570e-03
4.945000000000000000e+03 7.643373760276431401e-03
4.950000000000000000e+03 3.317232694954938034e-03
4.955000000000000000e+03 1.945982697948083189e-03
4.960000000000000000e+03 1.791601169768934892e-03
4.965000000000000000e+03 1.105706351513865027e-03
4.970000000000000000e+03 2.154552824026758403e-03
4.975000000000000000e+03 1.971317854332123483e-03
4.980000000000000000e+03 4.678730997254256473e-03
4.985000000000000000e+03 7.967918078403144269e-03
4.990000000000000000e+03 4.403590886562815977e-03
4.995000000000000000e+03 1.631065699729100085e-03
5.000000000000000000e+03 1.701182995395750285e-03
5.005000000000000000e+03 1.014558192156541586e-03
5.010000000000000000e+03 2.190213453831447131e-03
5.015000000000000000e+03 2.286675269001047298e-03
5.020000000000000000e+03 3.540594699326628497e-03
5.025000000000000000e+03 7.645202388929950126e-03
5.030000000000000000e+03 5.650809076468083295e-03
5.035000000000000000e+03 1.660515867363769995e-03
5.040000000000000000e+03 1.452867005099833797e-03
5.045000000000000000e+03 9.438638002364093359e-04
5.050000000000000000e+03 2.009497875383750576e-03
5.055000000000000000e+03 2.772157175051718266e-03
5.060000000000000000e+03 2.814575037905990562e-03
5.065000000000000000e+03 6.762488758821111508e-03
5.070000000000000000e+03 6.751746893282116989e-03
5.075000000000000000e+03 2.137044321086139717e-03
5.080000000000000000e+03 1.126827058188588446e-03
5.085000000000000000e+03 8.776922624114428476e-04
5.090000000000000000e+03 1.663753457418235904e-03
5.095000000000000000e+03 3.202341267228367080e-03
5.100000000000000000e+03 2.621132324166798849e-03
5.105000000000000000e+03 5.562085536688386039e-03
5.110000000000000000e+03 7.424090167307525849e-03
5.115000000000000000e+03 3.035796084663814481e-03
5.120000000000000000e+03 8.596915253297492034e-04
5.125000000000000000e+03 7.841814929995714022e-04
5.130000000000000000e+03 1.243611561696487218e-03
5.135000000000000000e+03 3.394821385101792592e-03
5.140000000000000000e+03 2.918196013003531483e-03
5.145000000000000000e+03 4.369105919527405471e-03
5.150000000000000000e+03 7.496642145784310381e-03
5.155000000000000000e+03 4.198534009029037360e-03
5.160000000000000000e+03 8.067892612690372514e-04
5.165000000000000000e+03 6.402401520365409455e-04
5.170000000000000000e+03 8.410317985689762504e-04
5.175000000000000000e+03 3.258764074700203420e-03
5.180000000000000000e+03 3.523275214992010931e-03
5.185000000000000000e+03 3.494856533395410483e-03
5.190000000000000000e+03 6.964146294869840402e-03
5.195000000000000000e+03 5.371124092123814343e-03
5.200000000000000000e+03 1.089640790175378047e-03
5.205000000000000000e+03 4.560471343999016958e-04
5.210000000000000000e+03 5.184207685005331892e-04
5.215000000000000000e+03 2.810279549959530335e-03
5.220000000000000000e+03 4.176167039889710185e-03
5.225000000000000000e+03 3.145694770362658307e-03
5.230000000000000000e+03 5.992614043801813145e-03
5.235000000000000000e+03 6.275197735686006625e-03
5.240000000000000000e+03 1.746393382848787125e-03
5.245000000000000000e+03 2.870532466143214164e-04
5.250000000000000000e+03 2.952155637998110757e-04
5.255000000000000000e+03 2.153605199527864993e-03
5.260000000000000000e+03 4.620703093248292211e-03
5.265000000000000000e+03 3.365098647958543552e-03
5.270000000000000000e+03 4.872541305019043208e-03
5.275000000000000000e+03 6.692533444845579285e-03
5.280000000000000000e+03 2.704336161450367725e-03
5.285000000000000000e+03 2.252621262289119250e-04
5.290000000000000000e+03 1.549699673148485822e-04
5.295000000000000000e+03 1.437919297617006736e-03
5.300000000000000000e+03 4.679458590973248691e-03
5.305000000000000000e+03 4.025907301236199623e-03
5.310000000000000000e+03 3.933746085639876384e-03
5.315000000000000000e+03 6.535291729558891961e-03
5.320000000000000000e+03 3.787631348425864186e-03
5.325000000000000000e+03 3.697672427320736568e-04
5.330000000000000000e+03 6.774627357143090138e-05
5.335000000000000000e+03 8.063217498980428935e-04
5.340000000000000000e+03 4.299277991423552416e-03
5.345000000000000000e+03 4.873778153837692202e-03
5.350000000000000000e+03 3.447608578752405818e-03
5.355000000000000000e+03 5.878841784984881018e-03
5.360000000000000000e+03 4.761594604525353457e-03
5.365000000000000000e+03 7.858828345451209516e-04
5.370000000000000000e+03 1.642212479223828308e-05
5.375000000000000000e+03 3.544568778559025629e-04
5.380000000000000000e+03 3.556056968617372655e-03
5.385000000000000000e+03 5.607087789267294065e-03
5.390000000000000000e+03 3.546503056575403979e-03
5.395000000000000000e+03 4.945322348901427106e-03
5.400000000000000000e+03 5.401588352302352791e-03
5.405000000000000000e+03 1.468726103901260918e-03
5.410000000000000000e+03 1.390224199123382432e-05
5.415000000000000000e+03 1.113989974817814106e-04
5.420000000000000000e+03 2.620617734570244040e-03
5.425000000000000000e+03 5.967708177430442254e-03
5.430000000000000000e+03 4.185028587801268955e-03
5.435000000000000000e+03 4.041454217163871834e-03
5.440000000000000000e+03 5.564936018154956199e-03
5.445000000000000000e+03 2.327468503977446652e-03
5.450000000000000000e+03 1.021797509132668820e-04
5.455000000000000000e+03 4.656282225530704088e-05
5.460000000000000000e+03 1.699479280708339002e-03
5.465000000000000000e+03 5.814646917427787089e-03
5.470000000000000000e+03 5.154840459486969249e-03
5.475000000000000000e+03 3.468520102821644104e-03
5.480000000000000000e+03 5.241963996708139291e-03
5.485000000000000000e+03 3.199928360001990778e-03
5.490000000000000000e+03 3.324135423751804568e-04
5.495000000000000000e+03 9.662373833433433141e-05
5.500000000000000000e+03 9.711369897732336897e-04
5.505000000000000000e+03 5.158947777606479740e-03
5.510000000000000000e+03 6.148373050417314800e-03
5.515000000000000000e+03 3.431455499944933030e-03
5.520000000000000000e+03 4.568133293761412160e-03
5.525000000000000000e+03 3.896047273888639771e-03
5.530000000000000000e+03 7.342493353237771782e-04
5.535000000000000000e+03 1.993624564705666336e-04
5.540000000000000000e+03 5.382792981685517123e-04
5.545000000000000000e+03 4.151239929002001339e-03
5.550000000000000000e+03 6.851599988143330065e-03
5.555000000000000000e+03 3.974936512991837471e-03
5.560000000000000000e+03 3.791154555331584242e-03
5.565000000000000000e+03 4.257508654627806081e-03
5.570000000000000000e+03 1.288418692764169106e-03
5.575000000000000000e+03 3.197089259119013319e-04
5.580000000000000000e+03 4.094934566246490396e-04
5.585000000000000000e+03 3.028500788425402598e-03
5.590000000000000000e+03 7.037017378196764282e-03
5.595000000000000000e+03 4.966774779725759842e-03
5.600000000000000000e+03 3.201095630012362313e-03
5.605000000000000000e+03 4.213785083397195673e-03
5.610000000000000000e+03 1.916414311004754250e-03
5.615000000000000000e+03 4.576848296690299613e-04
5.620000000000000000e+03 5.130327796158469945e-04
5.625000000000000000e+03 2.038980571106881537e-03
5.630000000000000000e+03 6.628276996404557607e-03
5.635000000000000000e+03 6.134835874566188507e-03
5.640000000000000000e+03 3.043453954850046470e-03
5.645000000000000000e+03 3.814806429012193838e-03
5.650000000000000000e+03 2.494677904155345044e-03
5.655000000000000000e+03 6.365044233838139864e-04
5.660000000000000000e+03 7.341053998630407695e-04
5.665000000000000000e+03 1.369919165721720242e-03
5.670000000000000000e+03 5.717339331137707634e-03
5.675000000000000000e+03 7.147092383386332085e-03
5.680000000000000000e+03 3.441440311060838149e-03
5.685000000000000000e+03 3.227172455663947052e-03
5.690000000000000000e+03 2.890928214937169265e-03
5.695000000000000000e+03 8.780414700081820914e-04
5.700000000000000000e+03 9.598563216014325845e-04
5.705000000000000000e+03 1.100093697289409493e-03
5.710000000000000000e+03 4.530500585887696670e-03
5.715000000000000000e+03 7.710525725501003215e-03
5.720000000000000000e+03 4.352231786038687940e-03
5.725000000000000000e+03 2.692084710886337613e-03
5.730000000000000000e+03 3.011014675354731565e-03
5.735000000000000000e+03 1.178360951827885647e-03
5.740000000000000000e+03 1.115219171313168922e-03
5.745000000000000000e+03 1.189680238383211859e-03
5.750000000000000000e+03 3.355905120503321470e-03
5.755000000000000000e+03 7.658161233222724254e-03
5.760000000000000000e+03 5.572633994446392000e-03
5.765000000000000000e+03 2.455488154814395273e-03
5.770000000000000000e+03 2.839598729135936125e-03
5.775000000000000000e+03 1.495828133089749335e-03
5.780000000000000000e+03 1.178080438233706671e-03
5.785000000000000000e+03 1.506984798616407221e-03
5.790000000000000000e+03 2.456672991726303965e-03
5.795000000000000000e+03 6.997099599826423454e-03
5.800000000000000000e+03 6.794687589953997756e-03
5.805000000000000000e+03 2.690649867163215185e-03
5.810000000000000000e+03 2.458785252511913079e-03
5.815000000000000000e+03 1.758760247677925099e-03
5.820000000000000000e+03 1.171294320821251534e-03
5.825000000000000000e+03 1.879831480416291594e-03
5.830000000000000000e+03 1.996955313933405224e-03
5.835000000000000000e+03 5.903041771332088843e-03
5.840000000000000000e+03 7.695640145147866068e-03
5.845000000000000000e+03 3.437497564750507939e-03
5.850000000000000000e+03 2.035244843700657370e-03
5.855000000000000000e+03 1.891156388347279638e-03
5.860000000000000000e+03 1.138265777133217437e-03
5.865000000000000000e+03 2.152632168275004417e-03
5.870000000000000000e+03 2.002495393375875680e-03
5.875000000000000000e+03 4.664155744793082800e-03
5.880000000000000000e+03 8.034803387658920673e-03
5.885000000000000000e+03 4.579680520582709788e-03
5.890000000000000000e+03 1.776396194651235416e-03
5.895000000000000000e+03 1.847145343504206757e-03
5.900000000000000000e+03 1.114577782061716878e-03
5.905000000000000000e+03 2.230251953485901713e-03
5.910000000000000000e+03 2.365138647966778893e-03
5.915000000000000000e+03 3.593117683435473851e-03
5.920000000000000000e+03 7.726666957594119541e-03
5.925000000000000000e+03 5.869694243962555839e-03
5.930000000000000000e+03 1.866905481277957675e-03
5.935000000000000000e+03 1.640348472615623960e-03
5.940000000000000000e+03 1.108572616629421945e-03
5.945000000000000000e+03 2.096129298572007357e-03
5.950000000000000000e+03 2.886550127071247068e-03
5.955000000000000000e+03 2.935389358262251083e-03
5.960000000000000000e+03 6.866846955706478600e-03
5.965000000000000000e+03 6.997230484227469870e-03
5.970000000000000000e+03 2.404797701186069461e-03
5.975000000000000000e+03 1.354953767144228237e-03
5.980000000000000000e+03 1.099124455221616413e-03
5.985000000000000000e+03 1.802076117334061416e-03
5.990000000000000000e+03 3.344774584146652501e-03
5.995000000000000000e+03 2.801604473468905215e-03
6.000000000000000000e+03 5.702715726974377092e-03
6.005000000000000000e+03 7.681051357220719522e-03
6.010000000000000000e+03 3.358895638807199609e-03
6.015000000000000000e+03 1.130865491164920579e-03
6.020000000000000000e+03 1.051128305452345190e-03
6.025000000000000000e+03 1.437126257265807124e-03
6.030000000000000000e+03 3.561550876731046835e-03
6.035000000000000000e+03 3.143082022119663040e-03
6.040000000000000000e+03 4.558444975945353216e-03
6.045000000000000000e+03 7.755624756961214221e-03
6.050000000000000000e+03 4.564441356958181574e-03
6.055000000000000000e+03 1.124258988961253109e-03
6.060000000000000000e+03 9.414700848114419644e-04
6.065000000000000000e+03 1.089350894985856690e-03
6.070000000000000000e+03 3.449759194689053666e-03
6.075000000000000000e+03 3.775428530742726187e-03
6.080000000000000000e+03 3.738396407119404328e-03
6.085000000000000000e+03 7.224307865777315416e-03
6.090000000000000000e+03 5.762286711054933827e-03
6.095000000000000000e+03 1.454456527908798077e-03
6.100000000000000000e+03 7.833462234051052648e-04
6.105000000000000000e+03 8.156561213831321679e-04
6.110000000000000000e+03 3.028169875843542917e-03
6.115000000000000000e+03 4.440601897885588546e-03
6.120000000000000000e+03 3.438749996623734553e-03
6.125000000000000000e+03 6.261272444608773427e-03
6.130000000000000000e+03 6.672316513308758530e-03
6.135000000000000000e+03 2.154842804148918156e-03
6.140000000000000000e+03 6.366441655665696893e-04
6.145000000000000000e+03 6.301062038428758075e-04
6.150000000000000000e+03 2.402001219731459986e-03
6.155000000000000000e+03 4.886887768835556332e-03
6.160000000000000000e+03 3.693587840241059368e-03
6.165000000000000000e+03 5.160993517809036972e-03
6.170000000000000000e+03 7.079046028284164370e-03
6.175000000000000000e+03 3.146596530065679052e-03
6.180000000000000000e+03 5.970096477245924026e-04
6.185000000000000000e+03 5.131310919532210829e-04
6.190000000000000000e+03 1.719020201435979365e-03
6.195000000000000000e+03 4.941935750044077792e-03
6.200000000000000000e+03 4.370304813798298049e-03
6.205000000000000000e+03 4.250983570026175412e-03
6.210000000000000000e+03 6.901651114198387692e-03
6.215000000000000000e+03 4.248013593206242944e-03
6.220000000000000000e+03 7.646606745919322422e-04
6.225000000000000000e+03 4.352552256030630925e-04
6.230000000000000000e+03 1.118273360287286907e-03
6.235000000000000000e+03 4.557235177784376388e-03
6.240000000000000000e+03 5.214088834124046279e-03
6.245000000000000000e+03 3.794782177459730087e-03
6.250000000000000000e+03 6.224654743341839942e-03
6.255000000000000000e+03 5.220547978006901887e-03
6.260000000000000000e+03 1.202959881269925063e-03
6.265000000000000000e+03 3.831166912518614381e-04
6.270000000000000000e+03 6.895961582810958062e-04
6.275000000000000000e+03 3.812175102303338222e-03
6.280000000000000000e+03 5.926824134226013792e-03
6.285000000000000000e+03 3.914642044429493366e-03
6.290000000000000000e+03 5.277927305319619379e-03
6.295000000000000000e+03 5.839315333542683360e-03
6.300000000000000000e+03 1.902598075796468847e-03
6.305000000000000000e+03 3.748633746948433140e-04
6.310000000000000000e+03 4.565680824007620187e-04
6.315000000000000000e+03 2.879076443537028664e-03
6.320000000000000000e+03 6.256006770971793939e-03
6.325000000000000000e+03 4.556768016109187004e-03
6.330000000000000000e+03 4.371090413438606485e-03
6.335000000000000000e+03 5.965851220078900730e-03
6.340000000000000000e+03 2.767200634450306569e-03
6.345000000000000000e+03 4.568376679847919682e-04
6.350000000000000000e+03 3.857919632700013276e-04
6.355000000000000000e+03 1.963094360281830708e-03
6.360000000000000000e+03 6.066774399182732480e-03
6.365000000000000000e+03 5.508921742816007446e-03
6.370000000000000000e+03 3.802056620903892809e-03
6.375000000000000000e+03 5.598471654287760085e-03
6.380000000000000000e+03 3.629611930240473228e-03
6.385000000000000000e+03 6.818820789252791554e-04
6.390000000000000000e+03 4.151736191849701328e-04
6.395000000000000000e+03 1.238333248817486245e-03
6.400000000000000000e+03 5.375770329364691104e-03
6.405000000000000000e+03 6.464677850788100831e-03
6.410000000000000000e+03 3.767528236062346776e-03
6.415000000000000000e+03 4.881923724999566276e-03
6.420000000000000000e+03 4.297108237175439015e-03
6.425000000000000000e+03 1.078161438896761606e-03
6.430000000000000000e+03 4.872849466926992682e-04
6.435000000000000000e+03 8.012786038838538329e-04
6.440000000000000000e+03 4.337827148664959512e-03
6.445000000000000000e+03 7.114889203217145477e-03
6.450000000000000000e+03 4.302638503276280148e-03
6.455000000000000000e+03 4.070963507498967689e-03
6.460000000000000000e+03 4.612433748964467686e-03
6.465000000000000000e+03 1.622485196541857341e-03
6.470000000000000000e+03 5.733207885441095591e-04
6.475000000000000000e+03 6.549609916547558192e-04
6.480000000000000000e+03 3.191671539064115919e-03
6.485000000000000000e+03 7.238767989062749354e-03
6.490000000000000000e+03 5.268180743913558270e-03
6.495000000000000000e+03 3.457490978361471394e-03
6.500000000000000000e+03 4.510340038458064693e-03
6.505000000000000000e+03 2.231449712047056666e-03
6.510000000000000000e+03 6.784727794793070062e-04
6.515000000000000000e+03 7.253137870688951922e-04
6.520000000000000000e+03 2.183913241472955780e-03
6.525000000000000000e+03 6.766987304091771210e-03
6.530000000000000000e+03 6.389814763789762944e-03
6.535000000000000000e+03 3.282834869966215919e-03
6.540000000000000000e+03 4.049204721985324648e-03
6.545000000000000000e+03 2.777366653092607635e-03
6.550000000000000000e+03 8.282173937047137028e-04
6.555000000000000000e+03 8.997481227886886326e-04
6.560000000000000000e+03 1.496802879285381903e-03
6.565000000000000000e+03 5.797785755791314694e-03
6.570000000000000000e+03 7.338175953568443557e-03
6.575000000000000000e+03 3.661968366454644228e-03
6.580000000000000000e+03 3.404583788245573502e-03
6.585000000000000000e+03 3.126257742563020529e-03
6.590000000000000000e+03 1.043369867025834095e-03
6.595000000000000000e+03 1.071357235287280106e-03
6.600000000000000000e+03 1.202413206191845548e-03
6.605000000000000000e+03 4.561973619994635909e-03
6.610000000000000000e+03 7.826248306334193314e-03
6.615000000000000000e+03 4.543433847429842812e-03
6.620000000000000000e+03 2.823776200580655014e-03
6.625000000000000000e+03 3.185922233301073658e-03
6.630000000000000000e+03 1.316468387470010179e-03
6.635000000000000000e+03 1.172351914120250277e-03
6.640000000000000000e+03 1.255358542445479631e-03
6.645000000000000000e+03 3.349229081808143601e-03
6.650000000000000000e+03 7.694520451038054827e-03
6.655000000000000000e+03 5.718517477885754624e-03
6.660000000000000000e+03 2.553488277157815386e-03
6.665000000000000000e+03 2.946814779372630960e-03
6.670000000000000000e+03 1.601449161837710999e-03
6.675000000000000000e+03 1.186460830381752584e-03
6.680000000000000000e+03 1.522250297558491033e-03
6.685000000000000000e+03 2.420326202451817017e-03
6.690000000000000000e+03 6.957578445805497405e-03
6.695000000000000000e+03 6.878608741026468083e-03
6.700000000000000000e+03 2.762217781383895059e-03
6.705000000000000000e+03 2.499374717925854136e-03
6.710000000000000000e+03 1.823052526965499151e-03
6.715000000000000000e+03 1.139131405431445835e-03
6.720000000000000000e+03 1.834176214858140690e-03
6.725000000000000000e+03 1.933548542736952163e-03
6.730000000000000000e+03 5.797570995758779405e-03
6.735000000000000000e+03 7.704791490349470126e-03
6.740000000000000000e+03 3.481895486605681139e-03
6.745000000000000000e+03 2.018450422066962301e-03
6.750000000000000000e+03 1.904131698908439899e-03
6.755000000000000000e+03 1.072830116051554962e-03
6.760000000000000000e+03 2.042598243981794907e-03
6.765000000000000000e+03 1.907354533673592941e-03
6.770000000000000000e+03 4.506927488386659221e-03
6.775000000000000000e+03 7.963025065101519973e-03
6.780000000000000000e+03 4.588564004874938831e-03
6.785000000000000000e+03 1.716382315223496631e-03
6.790000000000000000e+03 1.801123095610274866e-03
6.795000000000000000e+03 1.019676405445963004e-03
6.800000000000000000e+03 2.060436785938512746e-03
6.805000000000000000e+03 2.228090159381205127e-03
6.810000000000000000e+03 3.399097656509046574e-03
6.815000000000000000e+03 7.575464904928248290e-03
6.820000000000000000e+03 5.830582951840253270e-03
6.825000000000000000e+03 1.777531398187391426e-03
6.830000000000000000e+03 1.533379020713565057e-03
6.835000000000000000e+03 9.836857174932136984e-04
6.840000000000000000e+03 1.877266342661531575e-03
6.845000000000000000e+03 2.696444034148547369e-03
6.850000000000000000e+03 2.716074993435789540e-03
6.855000000000000000e+03 6.645096046477201070e-03
6.860000000000000000e+03 6.898186188088010172e-03
6.865000000000000000e+03 2.294693087523222604e-03
6.870000000000000000e+03 1.192791158292387131e-03
6.875000000000000000e+03 9.402981305555400135e-04
6.880000000000000000e+03 1.547369560597160968e-03
6.885000000000000000e+03 3.094769041812005499e-03
6.890000000000000000e+03 2.561544764141251811e-03
6.895000000000000000e+03 5.425309340906256036e-03
6.900000000000000000e+03 7.514614195954410006e-03
6.905000000000000000e+03 3.229052416013737832e-03
6.910000000000000000e+03 9.263067607112398811e-04
6.915000000000000000e+03 8.533479702008667624e-04
6.920000000000000000e+03 1.158498624626559887e-03
6.925000000000000000e+03 3.252743748168573749e-03
6.930000000000000000e+03 2.878965537939184773e-03
6.935000000000000000e+03 4.243706110298539266e-03
6.940000000000000000e+03 7.521023074262394789e-03
6.945000000000000000e+03 4.409222378186130817e-03
6.950000000000000000e+03 8.937102183440685538e-04
6.955000000000000000e+03 7.018909327412368310e-04
6.960000000000000000e+03 7.948906165063394967e-04
6.965000000000000000e+03 3.091678729999024385e-03
6.970000000000000000e+03 3.478629032755586447e-03
6.975000000000000000e+03 3.404185217272372947e-03
6.980000000000000000e+03 6.928034032067036975e-03
6.985000000000000000e+03 5.573014907841115050e-03
6.990000000000000000e+03 1.213000555192328845e-03
6.995000000000000000e+03 5.043215545729610788e-04
7.000000000000000000e+03 5.088300739453548768e-04
7.005000000000000000e+03 2.636248539304241779e-03
7.010000000000000000e+03 4.102320711511827332e-03
7.015000000000000000e+03 3.098053941117567475e-03
7.020000000000000000e+03 5.916497961546860092e-03
7.025000000000000000e+03 6.441561562257384042e-03
7.030000000000000000e+03 1.911992545137139584e-03
7.035000000000000000e+03 3.272378091436620368e-04
7.040000000000000000e+03 3.107164344948632091e-04
7.045000000000000000e+03 1.993472516098680324e-03
7.050000000000000000e+03 4.503592742217572831e-03
7.055000000000000000e+03 3.351321591363757863e-03
7.060000000000000000e+03 4.785950350122945146e-03
7.065000000000000000e+03 6.803911212790073049e-03
7.070000000000000000e+03 2.904625204690612639e-03
7.075000000000000000e+03 2.720077377142215785e-04
7.080000000000000000e+03 1.796475508229544780e-04
7.085000000000000000e+03 1.309010209992405400e-03
7.090000000000000000e+03 4.518617136833841946e-03
7.095000000000000000e+03 4.023102338510039198e-03
7.100000000000000000e+03 3.866057792089879798e-03
7.105000000000000000e+03 6.585392831641573991e-03
7.110000000000000000e+03 4.003392161227364507e-03
7.115000000000000000e+03 4.411505026057341750e-04
7.120000000000000000e+03 8.785073306418172533e-05
7.125000000000000000e+03 7.173276803355341366e-04
7.130000000000000000e+03 4.107195833875351698e-03
7.135000000000000000e+03 4.853669607944655247e-03
7.140000000000000000e+03 3.418374988886117155e-03
7.145000000000000000e+03 5.876890324930065558e-03
7.150000000000000000e+03 4.967442737370781486e-03
7.155000000000000000e+03 8.958197476763886391e-04
7.160000000000000000e+03 2.637235587779972028e-05
7.165000000000000000e+03 3.030735219712087721e-04
7.170000000000000000e+03 3.353830497484874829e-03
7.175000000000000000e+03 5.545653067692310305e-03
7.180000000000000000e+03 3.558820358596104932e-03
7.185000000000000000e+03 4.913850302102615482e-03
7.190000000000000000e+03 5.573354775794562253e-03
7.195000000000000000e+03 1.620930201278075614e-03
7.200000000000000000e+03 1.894592353403345376e-05
7.205000000000000000e+03 8.574239036655638803e-05
7.210000000000000000e+03 2.431472797784222858e-03
7.215000000000000000e+03 5.852666445106174432e-03
7.220000000000000000e+03 4.224583938042588555e-03
7.225000000000000000e+03 4.009673013101151297e-03
7.230000000000000000e+03 5.686759910011420817e-03
7.235000000000000000e+03 2.513276780087776111e-03
7.240000000000000000e+03 1.163461832791079688e-04
7.245000000000000000e+03 3.020110865257752996e-05
7.250000000000000000e+03 1.541991678481154657e-03
7.255000000000000000e+03 5.648606418680085853e-03
7.260000000000000000e+03 5.195061841639142877e-03
7.265000000000000000e+03 3.462946801776973105e-03
7.270000000000000000e+03 5.311196642063251323e-03
7.275000000000000000e+03 3.400548521346768039e-03
7.280000000000000000e+03 3.725792858035788268e-04
7.285000000000000000e+03 7.551697052495963316e-05
7.290000000000000000e+03 8.539883362607459966e-04
7.295000000000000000e+03 4.957823695069611333e-03
7.300000000000000000e+03 6.159643065046928150e-03
7.305000000000000000e+03 3.466843595075117489e-03
7.310000000000000000e+03 4.596605785938354463e-03
7.315000000000000000e+03 4.088123684907210738e-03
7.320000000000000000e+03 8.129417742366938215e-04
7.325000000000000000e+03 1.678897396605780439e-04
7.330000000000000000e+03 4.581710685964264463e-04
7.335000000000000000e+03 3.938992844911423478e-03
7.340000000000000000e+03 6.810998192640841178e-03
7.345000000000000000e+03 4.048908558195615098e-03
7.350000000000000000e+03 3.802066964698963287e-03
7.355000000000000000e+03 4.420059273340711664e-03
7.360000000000000000e+03 1.408424103379477205e-03
7.365000000000000000e+03 2.831008002034092279e-04
7.370000000000000000e+03 3.531414745415177472e-04
7.375000000000000000e+03 2.829968138671853494e-03
7.380000000000000000e+03 6.935200850792004428e-03
7.385000000000000000e+03 5.060393159975242090e-03
7.390000000000000000e+03 3.221925936259946357e-03
7.395000000000000000e+03 4.334492437425319609e-03
7.400000000000000000e+03 2.069212704704716851e-03
7.405000000000000000e+03 4.297275473496413875e-04
7.410000000000000000e+03 4.628330047273254157e-04
7.415000000000000000e+03 1.872784695314141500e-03
7.420000000000000000e+03 6.471590498213823650e-03
7.425000000000000000e+03 6.219009936235772237e-03
7.430000000000000000e+03 3.096777313932846509e-03
7.435000000000000000e+03 3.893978301640840974e-03
7.440000000000000000e+03 2.662964233201463651e-03
7.445000000000000000e+03 6.335856466043931698e-04
7.450000000000000000e+03 6.754733787958243536e-04
7.455000000000000000e+03 1.243369654385394858e-03
7.460000000000000000e+03 5.525098656134664818e-03
7.465000000000000000e+03 7.192348423042989845e-03
7.470000000000000000e+03 3.536760910161260499e-03
7.475000000000000000e+03 3.278135879748480391e-03
7.480000000000000000e+03 3.053993501652543796e-03
7.485000000000000000e+03 9.122499961820121654e-04
7.490000000000000000e+03 8.872699634930871718e-04
7.495000000000000000e+03 1.007683744944726668e-03
7.500000000000000000e+03 4.328795079032363852e-03
7.505000000000000000e+03 7.696453157027771663e-03
7.510000000000000000e+03 4.482023678535001533e-03
7.515000000000000000e+03 2.737470247736246542e-03
7.520000000000000000e+03 3.151109490652368589e-03
7.525000000000000000e+03 1.252566882213130119e-03
7.530000000000000000e+03 1.034364888189293888e-03
7.535000000000000000e+03 1.115907203446472309e-03
7.540000000000000000e+03 3.169897499235851523e-03
7.545000000000000000e+03 7.579311572866613556e-03
7.550000000000000000e+03 5.714376926413330775e-03
7.555000000000000000e+03 2.520004832148671318e-03
7.560000000000000000e+03 2.947451528729800197e-03
7.565000000000000000e+03 1.602498633057412858e-03
7.570000000000000000e+03 1.103221487084348482e-03
7.575000000000000000e+03 1.432768056114614103e-03
7.580000000000000000e+03 2.303484378920259926e-03
7.585000000000000000e+03 6.863794227417075074e-03
7.590000000000000000e+03 6.918274613217535209e-03
7.595000000000000000e+03 2.792391568678300601e-03
7.600000000000000000e+03 2.536781596213868745e-03
7.605000000000000000e+03 1.882549382584307405e-03
7.610000000000000000e+03 1.119179209944962334e-03
7.615000000000000000e+03 1.790238768965455966e-03
7.620000000000000000e+03 1.881068588092048213e-03
7.625000000000000000e+03 5.737446833990934685e-03
7.630000000000000000e+03 7.773313084406148314e-03
7.635000000000000000e+03 3.580867357626655017e-03
7.640000000000000000e+03 2.097189169291311175e-03
7.645000000000000000e+03 2.013994895812416721e-03
7.650000000000000000e+03 1.121368097479155147e-03
7.655000000000000000e+03 2.042828608315589746e-03
7.660000000000000000e+03 1.915143648184703621e-03
7.665000000000000000e+03 4.493272843549618589e-03
7.670000000000000000e+03 8.049885258713843431e-03
7.675000000000000000e+03 4.752863463307416270e-03
7.680000000000000000e+03 1.843459546735380910e-03
7.685000000000000000e+03 1.954060935130706462e-03
7.690000000000000000e+03 1.136468961712690023e-03
7.695000000000000000e+03 2.107199919943949715e-03
7.700000000000000000e+03 2.288135819863603392e-03
7.705000000000000000e+03 3.440835584374177681e-03
7.710000000000000000e+03 7.678150359275845958e-03
7.715000000000000000e+03 6.047990009461672381e-03
7.720000000000000000e+03 1.960517195383720216e-03
7.725000000000000000e+03 1.724358862529532877e-03
7.730000000000000000e+03 1.162963297962830772e-03
7.735000000000000000e+03 1.975443780868158233e-03
7.740000000000000000e+03 2.799488778207492087e-03
7.745000000000000000e+03 2.815717085360099330e-03
7.750000000000000000e+03 6.768759107206407007e-03
7.755000000000000000e+03 7.151122563485243049e-03
7.760000000000000000e+03 2.538625878245874979e-03
7.765000000000000000e+03 1.419674032535471822e-03
7.770000000000000000e+03 1.172455118851729655e-03
7.775000000000000000e+03 1.701616627207291075e-03
7.780000000000000000e+03 3.233025098389541354e-03
7.785000000000000000e+03 2.714930230683095837e-03
7.790000000000000000e+03 5.579056842178529811e-03
7.795000000000000000e+03 7.785890531691043795e-03
7.800000000000000000e+03 3.532935507856241938e-03
7.805000000000000000e+03 1.189854628445555966e-03
7.810000000000000000e+03 1.127417497320385093e-03
7.815000000000000000e+03 1.370212456725945467e-03
7.820000000000000000e+03 3.421905962143389091e-03
7.825000000000000000e+03 3.076703097336160909e-03
7.830000000000000000e+03 4.435622960450333156e-03
7.835000000000000000e+03 7.799278250034524969e-03
7.840000000000000000e+03 4.763831869873278932e-03
7.845000000000000000e+03 1.196825094005518966e-03
7.850000000000000000e+03 1.007748796380436790e-03
7.855000000000000000e+03 1.060311367170868341e-03
7.860000000000000000e+03 3.291443735423497073e-03
7.865000000000000000e+03 3.708486606086588457e-03
7.870000000000000000e+03 3.637392289339072375e-03
7.875000000000000000e+03 7.210231865305084635e-03
7.880000000000000000e+03 5.961676715037788482e-03
7.885000000000000000e+03 1.558811035022987339e-03
7.890000000000000000e+03 8.341277108994965420e-04
7.895000000000000000e+03 8.190669747336388768e-04
7.900000000000000000e+03 2.868945809845559886e-03
7.905000000000000000e+03 4.351984243395697408e-03
7.910000000000000000e+03 3.369071150483958586e-03
7.915000000000000000e+03 6.206450397342637600e-03
7.920000000000000000e+03 6.844220660915038661e-03
7.925000000000000000e+03 2.300827671043214565e-03
7.930000000000000000e+03 6.761550865758095708e-04
7.935000000000000000e+03 6.534634379661103873e-04
7.940000000000000000e+03 2.261256155911714645e-03
7.945000000000000000e+03 4.763281709114866071e-03
7.950000000000000000e+03 3.650673096326753110e-03
7.955000000000000000e+03 5.089948338399527539e-03
7.960000000000000000e+03 7.202899847280510963e-03
7.965000000000000000e+03 3.330892744164652437e-03
7.970000000000000000e+03 6.382710803606359397e-04
7.975000000000000000e+03 5.416359164024419411e-04
7.980000000000000000e+03 1.610854369528630457e-03
7.985000000000000000e+03 4.782879975015708225e-03
7.990000000000000000e+03 4.337356506809784788e-03
7.995000000000000000e+03 4.187996585138757145e-03
8.000000000000000000e+03 6.970126628222757768e-03
8.005000000000000000e+03 4.454109905966285865e-03
8.010000000000000000e+03 8.252449156795250854e-04
8.015000000000000000e+03 4.570785788641898483e-04
8.020000000000000000e+03 1.047224495428252704e-03
8.025000000000000000e+03 4.375134789094248418e-03
8.030000000000000000e+03 5.168094966512584189e-03
8.035000000000000000e+03 3.756536250840835939e-03
8.040000000000000000e+03 6.245176913038111982e-03
8.045000000000000000e+03 5.423830890933999463e-03
8.050000000000000000e+03 1.298445517696347447e-03
8.055000000000000000e+03 3.936455588936922071e-04
8.060000000000000000e+03 6.501879836895031045e-04
8.065000000000000000e+03 3.627419712067279488e-03
8.070000000000000000e+03 5.846983317185031753e-03
8.075000000000000000e+03 3.905203958848666151e-03
8.080000000000000000e+03 5.269350750074733997e-03
8.085000000000000000e+03 6.015360656540730613e-03
8.090000000000000000e+03 2.040000614376343783e-03
8.095000000000000000e+03 3.786869181217897892e-04
8.100000000000000000e+03 4.362672613680015714e-04
8.105000000000000000e+03 2.712499225918115105e-03
8.110000000000000000e+03 6.131537696709586129e-03
8.115000000000000000e+03 4.566338893251875759e-03
8.120000000000000000e+03 4.357096926603461033e-03
8.125000000000000000e+03 6.098584459793957024e-03
8.130000000000000000e+03 2.941154051162072486e-03
8.135000000000000000e+03 4.666224851864275258e-04
8.140000000000000000e+03 3.699692422393861509e-04
8.145000000000000000e+03 1.828938485100339894e-03
8.150000000000000000e+03 5.901023140400733606e-03
8.155000000000000000e+03 5.517009421810053701e-03
8.160000000000000000e+03 3.803503878364555314e-03
8.165000000000000000e+03 5.685066433207010966e-03
8.170000000000000000e+03 3.823239590762338332e-03
8.175000000000000000e+03 7.140733171029793646e-04
8.180000000000000000e+03 3.924136411335197943e-04
8.185000000000000000e+03 1.140291409474863613e-03
8.190000000000000000e+03 5.184934730142034924e-03
8.195000000000000000e+03 6.447082834864503731e-03
8.200000000000000000e+03 3.795880191474175665e-03
8.205000000000000000e+03 4.932884932431712798e-03
8.210000000000000000e+03 4.487533139242847434e-03
8.215000000000000000e+03 1.146667936760855820e-03
8.220000000000000000e+03 4.535486762403848852e-04
8.225000000000000000e+03 7.325765826838303045e-04
8.230000000000000000e+03 4.144914843075799687e-03
8.235000000000000000e+03 7.052377211052008633e-03
8.240000000000000000e+03 4.356185176024355080e-03
8.245000000000000000e+03 4.105819358909884587e-03
8.250000000000000000e+03 4.778751046079346421e-03
8.255000000000000000e+03 1.732671918020230444e-03
8.260000000000000000e+03 5.337366348034929073e-04
8.265000000000000000e+03 6.018601131380971582e-04
8.270000000000000000e+03 3.018323166288066055e-03
8.275000000000000000e+03 7.124272813551445899e-03
8.280000000000000000e+03 5.332210480356184938e-03
8.285000000000000000e+03 3.497909735407059035e-03
8.290000000000000000e+03 4.640775027410327241e-03
8.295000000000000000e+03 2.377080855926043748e-03
8.300000000000000000e+03 6.459682297230275125e-04
8.305000000000000000e+03 6.724791935569595465e-04
8.310000000000000000e+03 2.043398526004654419e-03
8.315000000000000000e+03 6.608429396142857966e-03
8.320000000000000000e+03 6.441051923011325078e-03
8.325000000000000000e+03 3.345405251239008844e-03
8.330000000000000000e+03 4.144675968854300181e-03
8.335000000000000000e+03 2.942123095180969490e-03
8.340000000000000000e+03 8.190590861661007499e-04
8.345000000000000000e+03 8.357610586195814888e-04
8.350000000000000000e+03 1.390620279396463611e-03
8.355000000000000000e+03 5.615274617363364383e-03
8.360000000000000000e+03 7.352497095369648315e-03
8.365000000000000000e+03 3.752623932504415769e-03
8.370000000000000000e+03 3.477599137445935764e-03
8.375000000000000000e+03 3.289444315053693078e-03
8.380000000000000000e+03 1.070916536728015863e-03
8.385000000000000000e+03 9.928526236338479187e-04
8.390000000000000000e+03 1.121192671772238553e-03
8.395000000000000000e+03 4.380567000357450322e-03
8.400000000000000000e+03 7.787259929685597104e-03
8.405000000000000000e+03 4.655001121864553795e-03
8.410000000000000000e+03 2.893460734173362338e-03
8.415000000000000000e+03 3.330007613147818388e-03
8.420000000000000000e+03 1.385522270641502624e-03
8.425000000000000000e+03 1.085569189802848772e-03
8.430000000000000000e+03 1.183151044834568474e-03
8.435000000000000000e+03 3.190261934072223440e-03
8.440000000000000000e+03 7.599784731176127510e-03
8.445000000000000000e+03 5.832261474045589283e-03
8.450000000000000000e+03 2.638718962676848360e-03
8.455000000000000000e+03 3.063640312891387132e-03
8.460000000000000000e+03 1.705738280570136614e-03
8.465000000000000000e+03 1.105504847356465368e-03
8.470000000000000000e+03 1.442474394188233717e-03
8.475000000000000000e+03 2.294702541503110173e-03
8.480000000000000000e+03 6.819864205136152123e-03
8.485000000000000000e+03 6.969743786627005319e-03
8.490000000000000000e+03 2.875047158104379347e-03
8.495000000000000000e+03 2.592594601178874626e-03
8.500000000000000000e+03 1.947208301239997759e-03
8.505000000000000000e+03 1.081162845023797558e-03
8.510000000000000000e+03 1.735403089969401883e-03
8.515000000000000000e+03 1.839207925474018205e-03
8.520000000000000000e+03 5.640446791937754438e-03
8.525000000000000000e+03 7.750616515129925797e-03
8.530000000000000000e+03 3.623063841954747826e-03
8.535000000000000000e+03 2.101539723478094632e-03
8.540000000000000000e+03 2.029492593195680872e-03
8.545000000000000000e+03 1.051669677263414055e-03
8.550000000000000000e+03 1.922626222045385096e-03
8.555000000000000000e+03 1.831249337018472445e-03
8.560000000000000000e+03 4.356436503637579546e-03
8.565000000000000000e+03 7.951034647155331980e-03
8.570000000000000000e+03 4.746338539487831264e-03
8.575000000000000000e+03 1.807302887287035292e-03
8.580000000000000000e+03 1.912882329711073411e-03
8.585000000000000000e+03 1.040307092306352746e-03
8.590000000000000000e+03 1.927471324289218788e-03
8.595000000000000000e+03 2.151442113118110303e-03
8.600000000000000000e+03 3.274873799351935531e-03
8.605000000000000000e+03 7.508289734493839469e-03
8.610000000000000000e+03 5.983509676146679147e-03
8.615000000000000000e+03 1.892106875507439069e-03
8.620000000000000000e+03 1.626017726703257900e-03
8.625000000000000000e+03 1.040116038227516639e-03
8.630000000000000000e+03 1.747603381206418996e-03
8.635000000000000000e+03 2.601339998107734738e-03
8.640000000000000000e+03 2.625259936391147794e-03
8.645000000000000000e+03 6.540044159504993480e-03
8.650000000000000000e+03 7.021388675483256070e-03
8.655000000000000000e+03 2.440780609503262564e-03
8.660000000000000000e+03 1.271668303187330597e-03
8.665000000000000000e+03 1.017926656874505904e-03
8.670000000000000000e+03 1.440001349196884731e-03
8.675000000000000000e+03 2.970186922572211428e-03
8.680000000000000000e+03 2.497406168069632622e-03
8.685000000000000000e+03 5.308428376141824737e-03
8.690000000000000000e+03 7.587992800707018919e-03
8.695000000000000000e+03 3.403115434909711936e-03
8.700000000000000000e+03 1.005071589719463542e-03
8.705000000000000000e+03 9.349042963526959290e-04
8.710000000000000000e+03 1.088357267398111332e-03
8.715000000000000000e+03 3.098436067980709155e-03
8.720000000000000000e+03 2.824137931596020380e-03
8.725000000000000000e+03 4.140646683384360816e-03
8.730000000000000000e+03 7.536575208423996163e-03
8.735000000000000000e+03 4.596306986291966157e-03
8.740000000000000000e+03 9.888414370067106184e-04
8.745000000000000000e+03 7.743399369082194913e-04
8.750000000000000000e+03 7.673592557782969899e-04
8.755000000000000000e+03 2.918768357827070028e-03
8.760000000000000000e+03 3.411404135687895640e-03
8.765000000000000000e+03 3.331458379545509420e-03
8.770000000000000000e+03 6.893321566832319794e-03
8.775000000000000000e+03 5.750440406276974628e-03
8.780000000000000000e+03 1.337549237586250529e-03
8.785000000000000000e+03 5.637567936752534495e-04
8.790000000000000000e+03 5.179438981774156731e-04
8.795000000000000000e+03 2.464086475975425187e-03
8.800000000000000000e+03 4.003855794079955177e-03
8.805000000000000000e+03 3.057901323015866681e-03
8.810000000000000000e+03 5.852508710208571829e-03
8.815000000000000000e+03 6.585668674094628458e-03
8.820000000000000000e+03 2.070495265978516009e-03
8.825000000000000000e+03 3.798842889979994514e-04
8.830000000000000000e+03 3.419740069522887228e-04
8.835000000000000000e+03 1.843435776525941460e-03
8.840000000000000000e+03 4.364044465249756338e-03
8.845000000000000000e+03 3.331700018175818862e-03
8.850000000000000000e+03 4.719872536504555148e-03
8.855000000000000000e+03 6.897996773221086973e-03
8.860000000000000000e+03 3.090599617972950020e-03
8.865000000000000000e+03 3.312735863719044665e-04
8.870000000000000000e+03 2.162328791459288389e-04
8.875000000000000000e+03 1.197246234951641159e-03
8.880000000000000000e+03 4.340615525487812043e-03
8.885000000000000000e+03 4.002262378436722418e-03
8.890000000000000000e+03 3.821701867321161770e-03
8.895000000000000000e+03 6.626019773163373955e-03
8.900000000000000000e+03 4.200195564798993482e-03
8.905000000000000000e+03 5.221871522714021047e-04
8.910000000000000000e+03 1.174942596922994541e-04
8.915000000000000000e+03 6.492560381790762935e-04
8.920000000000000000e+03 3.905601060297234518e-03
8.925000000000000000e+03 4.807432231261001172e-03
8.930000000000000000e+03 3.407941507299245849e-03
8.935000000000000000e+03 5.875859121551305249e-03
8.940000000000000000e+03 5.152578741135829463e-03
8.945000000000000000e+03 1.009659298443212408e-03
8.950000000000000000e+03 4.592676774346937825e-05
8.955000000000000000e+03 2.720169297890357276e-04
8.960000000000000000e+03 3.151524732773563781e-03
8.965000000000000000e+03 5.455078710932484247e-03
8.970000000000000000e+03 3.578986843066837408e-03
8.975000000000000000e+03 4.894575592020037995e-03
8.980000000000000000e+03 5.725344731582156232e-03
8.985000000000000000e+03 1.770030125316958110e-03
8.990000000000000000e+03 3.500845777822399982e-05
8.995000000000000000e+03 7.634740216089270115e-05
9.000000000000000000e+03 2.252205144089707359e-03
9.005000000000000000e+03 5.710064429136452006e-03
9.010000000000000000e+03 4.257961080083285700e-03
9.015000000000000000e+03 3.999026131016554519e-03
9.020000000000000000e+03 5.792573388040347764e-03
9.025000000000000000e+03 2.689706844654893812e-03
9.030000000000000000e+03 1.420990727554517514e-04
9.035000000000000000e+03 2.512857756310069558e-05
9.040000000000000000e+03 1.402621531731370903e-03
9.045000000000000000e+03 5.460329982693163699e-03
9.050000000000000000e+03 5.216064469850854694e-03
9.055000000000000000e+03 3.481634302171030329e-03
9.060000000000000000e+03 5.371480351495479082e-03
9.065000000000000000e+03 3.587425200895285639e-03
9.070000000000000000e+03 4.224249094766176259e-04
9.075000000000000000e+03 6.244091307895919434e-05
9.080000000000000000e+03 7.591045910889976552e-04
9.085000000000000000e+03 4.742927518604805881e-03
9.090000000000000000e+03 6.142581856639928520e-03
9.095000000000000000e+03 3.522009091544246132e-03
9.100000000000000000e+03 4.626295027514104596e-03
9.105000000000000000e+03 4.264213718607263309e-03
9.110000000000000000e+03 8.969616309842912312e-04
9.115000000000000000e+03 1.439132388876260325e-04
9.120000000000000000e+03 3.993556054857293181e-04
9.125000000000000000e+03 3.723802138735848779e-03
9.130000000000000000e+03 6.737951966196890560e-03
9.135000000000000000e+03 4.131599544135337171e-03
9.140000000000000000e+03 3.825590023798710639e-03
9.145000000000000000e+03 4.566529329597833128e-03
9.150000000000000000e+03 1.528361087914674454e-03
9.155000000000000000e+03 2.551182385882450596e-04
9.160000000000000000e+03 3.132060127060196228e-04
9.165000000000000000e+03 2.639967456595895216e-03
9.170000000000000000e+03 6.801603729561421507e-03
9.175000000000000000e+03 5.148476012558381339e-03
9.180000000000000000e+03 3.264512000365679938e-03
9.185000000000000000e+03 4.441730012756097898e-03
9.190000000000000000e+03 2.217068269802405667e-03
9.195000000000000000e+03 4.111090853265565270e-04
9.200000000000000000e+03 4.231410287745466354e-04
9.205000000000000000e+03 1.724511974996736745e-03
9.210000000000000000e+03 6.288061235778452489e-03
9.215000000000000000e+03 6.284160304679931031e-03
9.220000000000000000e+03 3.175158013139207144e-03
9.225000000000000000e+03 3.965818299991923090e-03
9.230000000000000000e+03 2.822711041443640937e-03
9.235000000000000000e+03 6.388449189984473937e-04
9.240000000000000000e+03 6.231864162218054681e-04
9.245000000000000000e+03 1.139406802964744100e-03
9.250000000000000000e+03 5.314813747913132297e-03
9.255000000000000000e+03 7.208677175267067493e-03
9.260000000000000000e+03 3.652841760421769376e-03
9.265000000000000000e+03 3.331359691888546772e-03
9.270000000000000000e+03 3.206235842755287852e-03
9.275000000000000000e+03 9.516720859434241219e-04
9.280000000000000000e+03 8.196693898008517278e-04
9.285000000000000000e+03 9.368090060676928250e-04
9.290000000000000000e+03 4.120813654198886115e-03
9.295000000000000000e+03 7.648246990293748084e-03
9.300000000000000000e+03 4.621781292892888915e-03
9.305000000000000000e+03 2.796196987089371103e-03
9.310000000000000000e+03 3.279592197237748714e-03
9.315000000000000000e+03 1.328386539681449029e-03
9.320000000000000000e+03 9.589753364583552490e-04
9.325000000000000000e+03 1.058331247159961797e-03
9.330000000000000000e+03 2.990254610010513805e-03
9.335000000000000000e+03 7.465871549092611449e-03
9.340000000000000000e+03 5.852096057458809619e-03
9.345000000000000000e+03 2.606839913958746476e-03
9.350000000000000000e+03 3.045307530691858215e-03
9.355000000000000000e+03 1.707641315127169995e-03
9.360000000000000000e+03 1.034297472675060328e-03
9.365000000000000000e+03 1.368175589879906760e-03
9.370000000000000000e+03 2.167031458245036787e-03
9.375000000000000000e+03 6.700073709724327017e-03
9.380000000000000000e+03 7.024376004382958116e-03
9.385000000000000000e+03 2.919742121561067980e-03
9.390000000000000000e+03 2.609938441247567579e-03
9.395000000000000000e+03 2.002404035477586310e-03
9.400000000000000000e+03 1.072280913908185349e-03
9.405000000000000000e+03 1.705292525678859996e-03
9.410000000000000000e+03 1.787153063779384644e-03
9.415000000000000000e+03 5.550081132886803235e-03
9.420000000000000000e+03 7.823146418830797741e-03
9.425000000000000000e+03 3.745811577347093677e-03
9.430000000000000000e+03 2.163049494920359691e-03
9.435000000000000000e+03 2.131021933668489615e-03
9.440000000000000000e+03 1.107958240339337224e-03
9.445000000000000000e+03 1.935357792092087846e-03
9.450000000000000000e+03 1.848893135942488060e-03
9.455000000000000000e+03 4.312802598982339551e-03
9.460000000000000000e+03 8.030968317773445886e-03
9.465000000000000000e+03 4.937413273645948654e-03
9.470000000000000000e+03 1.924817843196807623e-03
9.475000000000000000e+03 2.054079806301964319e-03
9.480000000000000000e+03 1.160060556027344911e-03
9.485000000000000000e+03 1.986005250135203671e-03
9.490000000000000000e+03 2.226804544610373488e-03
9.495000000000000000e+03 3.292315368196475130e-03
9.500000000000000000e+03 7.593980830078928511e-03
9.505000000000000000e+03 6.224402821897532211e-03
9.510000000000000000e+03 2.076853633028614803e-03
9.515000000000000000e+03 1.802358170494587630e-03
9.520000000000000000e+03 1.217821780448765084e-03
9.525000000000000000e+03 1.856457648003594085e-03
9.530000000000000000e+03 2.721203017947724633e-03
9.535000000000000000e+03 2.710875544084332019e-03
9.540000000000000000e+03 6.638148792001251873e-03
9.545000000000000000e+03 7.290196684539940013e-03
9.550000000000000000e+03 2.698228135853737112e-03
9.555000000000000000e+03 1.482622718414332427e-03
9.560000000000000000e+03 1.245348682093094317e-03
9.565000000000000000e+03 1.602211048039812449e-03
9.570000000000000000e+03 3.124444824834589612e-03
9.575000000000000000e+03 2.648858646818036226e-03
9.580000000000000000e+03 5.430917563191355046e-03
9.585000000000000000e+03 7.865522791447122908e-03
9.590000000000000000e+03 3.728984876030263379e-03
9.595000000000000000e+03 1.254833472059153606e-03
9.600000000000000000e+03 1.202206355784026523e-03
9.605000000000000000e+03 1.303574793831742580e-03
9.610000000000000000e+03 3.282136900219025794e-03
9.615000000000000000e+03 3.030447845476054534e-03
9.620000000000000000e+03 4.300381367183691260e-03
9.625000000000000000e+03 7.810869715167059919e-03
9.630000000000000000e+03 4.975855560188982389e-03
9.635000000000000000e+03 1.284739105777397495e-03
9.640000000000000000e+03 1.071574838808556735e-03
9.645000000000000000e+03 1.031417564879957664e-03
9.650000000000000000e+03 3.131350981951881111e-03
9.655000000000000000e+03 3.656512368859144834e-03
9.660000000000000000e+03 3.537511277815101347e-03
9.665000000000000000e+03 7.161299828771912519e-03
9.670000000000000000e+03 6.161602316703596038e-03
9.675000000000000000e+03 1.686039989684529061e-03
9.680000000000000000e+03 8.829656837650689660e-04
9.685000000000000000e+03 8.233014682438680740e-04
9.690000000000000000e+03 2.706804217498672872e-03
9.695000000000000000e+03 4.271496594112043042e-03
9.700000000000000000e+03 3.311916280429123317e-03
9.705000000000000000e+03 6.118697763384561492e-03
9.710000000000000000e+03 7.004730240456606694e-03
9.715000000000000000e+03 2.472238034014612607e-03
9.720000000000000000e+03 7.172235473540875244e-04
9.725000000000000000e+03 6.784164009228898758e-04
9.730000000000000000e+03 2.116614461379706744e-03
9.735000000000000000e+03 4.641839490245284507e-03
9.740000000000000000e+03 3.626473229402989943e-03
9.745000000000000000e+03 4.993052770434083278e-03
9.750000000000000000e+03 7.305383741505206557e-03
9.755000000000000000e+03 3.537051756945976642e-03
9.760000000000000000e+03 6.878160061369657753e-04
9.765000000000000000e+03 5.718196966413705614e-04
9.770000000000000000e+03 1.498575455898020978e-03
9.775000000000000000e+03 4.621788539851855865e-03
9.780000000000000000e+03 4.323178718724072014e-03
9.785000000000000000e+03 4.110598048671766300e-03
9.790000000000000000e+03 7.010027433187550339e-03
9.795000000000000000e+03 4.673667074295667981e-03
9.800000000000000000e+03 9.022242160216816355e-04
9.805000000000000000e+03 4.801897974629570584e-04
9.810000000000000000e+03 9.732782822086492999e-04
9.815000000000000000e+03 4.188040459782909307e-03
9.820000000000000000e+03 5.136323628440197381e-03
9.825000000000000000e+03 3.717090615774311466e-03
9.830000000000000000e+03 6.233376571993486104e-03
9.835000000000000000e+03 5.629938207382859279e-03
9.840000000000000000e+03 1.416639737465191264e-03
9.845000000000000000e+03 4.060064257985990591e-04
9.850000000000000000e+03 6.103022579592481045e-04
9.855000000000000000e+03 3.435253619176702623e-03
9.860000000000000000e+03 5.774979769513367486e-03
9.865000000000000000e+03 3.905889071155183804e-03
9.870000000000000000e+03 5.229156505765124655e-03
9.875000000000000000e+03 6.183712025161777238e-03
9.880000000000000000e+03 2.201894156790819724e-03
9.885000000000000000e+03 3.873839169966431027e-04
9.890000000000000000e+03 4.179638007922284633e-04
9.895000000000000000e+03 2.536791985430194955e-03
9.900000000000000000e+03 6.008900330033591780e-03
9.905000000000000000e+03 4.592454695927925684e-03
9.910000000000000000e+03 4.317369817062621275e-03
9.915000000000000000e+03 6.214499281459715842e-03
9.920000000000000000e+03 3.136098289273846554e-03
9.925000000000000000e+03 4.870460550233145572e-04
9.930000000000000000e+03 3.576078750400596916e-04
9.935000000000000000e+03 1.685541276445113581e-03
9.940000000000000000e+03 5.732161830159916011e-03
9.945000000000000000e+03 5.542304459492141018e-03
9.950000000000000000e+03 3.789624636800562919e-03
9.955000000000000000e+03 5.747692017776565368e-03
9.960000000000000000e+03 4.030453385557152858e-03
9.965000000000000000e+03 7.636449000350015604e-04
9.970000000000000000e+03 3.736753174995774808e-04
9.975000000000000000e+03 1.035138145714991839e-03
9.980000000000000000e+03 4.986697786430451147e-03
9.985000000000000000e+03 6.443031398636818105e-03
9.990000000000000000e+03 3.821302256875747615e-03
9.995000000000000000e+03 4.955477812206764317e-03
1.000000000000000000e+04 4.682544467396215770e-03
1.000500000000000000e+04 1.237410057753673140e-03
1.001000000000000000e+04 4.248491742984834537e-04
1.001500000000000000e+04 6.606073582630266798e-04
1.002000000000000000e+04 3.940696952103433029e-03
1.002500000000000000e+04 6.997845277085907104e-03
1.003000000000000000e+04 4.417626653937499655e-03
1.003500000000000000e+04 4.111924185066464198e-03
1.004000000000000000e+04 4.940846002183210683e-03
1.004500000000000000e+04 1.865842748045245039e-03
1.005000000000000000e+04 5.021227597358026177e-04
1.005500000000000000e+04 5.495497191716019157e-04
1.006000000000000000e+04 2.830843909150087667e-03
1.006500000000000000e+04 7.012056258060745534e-03
1.007000000000000000e+04 5.410550425547413361e-03
1.007500000000000000e+04 3.514183875657890966e-03
1.008000000000000000e+04 4.759098508373645064e-03
1.008500000000000000e+04 2.542053128079718987e-03
1.009000000000000000e+04 6.264147669056767094e-04
1.009500000000000000e+04 6.233978053497265040e-04
1.010000000000000000e+04 1.888272647428631840e-03
1.010500000000000000e+04 6.446694978282428365e-03
1.011000000000000000e+04 6.507863035321147065e-03
1.011500000000000000e+04 3.392922149063157256e-03
1.012000000000000000e+04 4.221364396369717449e-03
1.012500000000000000e+04 3.119714614049274963e-03
1.013000000000000000e+04 8.282043143927820183e-04
1.013500000000000000e+04 7.773611253143419787e-04
1.014000000000000000e+04 1.272366851891075729e-03
1.014500000000000000e+04 5.424033700610137593e-03
1.015000000000000000e+04 7.379809029920765713e-03
1.015500000000000000e+04 3.839405363114447526e-03
1.016000000000000000e+04 3.527175769375327785e-03
1.016500000000000000e+04 3.458128380297936788e-03
1.017000000000000000e+04 1.119994883349877427e-03
1.017500000000000000e+04 9.218422422976004687e-04
1.018000000000000000e+04 1.032738521411076050e-03
1.018500000000000000e+04 4.184931693670284648e-03
1.019000000000000000e+04 7.756830355754495455e-03
1.019500000000000000e+04 4.772626885643805120e-03
1.020000000000000000e+04 2.938509213086245003e-03
1.020500000000000000e+04 3.472651771497083876e-03
1.021000000000000000e+04 1.475576489339461457e-03
1.021500000000000000e+04 1.009495835945376516e-03
1.022000000000000000e+04 1.109101199942916748e-03
1.022500000000000000e+04 3.012850319911043913e-03
1.023000000000000000e+04 7.508538148350133758e-03
1.023500000000000000e+04 5.958205796981572155e-03
1.024000000000000000e+04 2.702720608085233244e-03
1.024500000000000000e+04 3.172669020892649946e-03
1.025000000000000000e+04 1.826988556255732324e-03
1.025500000000000000e+04 1.039707839270877796e-03
1.026000000000000000e+04 1.365313489293588445e-03
1.026500000000000000e+04 2.149348507469505364e-03
1.027000000000000000e+04 6.679941289945995168e-03
1.027500000000000000e+04 7.074864619586671184e-03
1.028000000000000000e+04 2.974289170380608680e-03
1.028500000000000000e+04 2.672235636575951909e-03
1.029000000000000000e+04 2.082506153289500912e-03
1.029500000000000000e+04 1.042391431658344853e-03
1.030000000000000000e+04 1.642579013335119598e-03
1.030500000000000000e+04 1.727564206491562357e-03
1.031000000000000000e+04 5.474458600950028210e-03
1.031500000000000000e+04 7.809021523434793964e-03
1.032000000000000000e+04 3.760318339853307729e-03
1.032500000000000000e+04 2.166589996134660884e-03
1.033000000000000000e+04 2.160196780393927509e-03
1.033500000000000000e+04 1.051218944324288501e-03
1.034000000000000000e+04 1.811771875704449490e-03
1.034500000000000000e+04 1.743174456179214307e-03
1.035000000000000000e+04 4.190000917827301288e-03
1.035500000000000000e+04 7.948543917764902891e-03
1.036000000000000000e+04 4.908904706759145524e-03
1.036500000000000000e+04 1.878562613221044109e-03
1.037000000000000000e+04 2.024927316702976494e-03
1.037500000000000000e+04 1.079628918077892149e-03
1.038000000000000000e+04 1.807506590367558615e-03
1.038500000000000000e+04 2.069197337257638967e-03
1.039000000000000000e+04 3.128930605255246349e-03
1.039500000000000000e+04 7.446454809449094478e-03
1.040000000000000000e+04 6.146821851767194332e-03
1.040500000000000000e+04 1.989458364548521083e-03
1.041000000000000000e+04 1.714306028747699827e-03
1.041500000000000000e+04 1.110523239637320383e-03
1.042000000000000000e+04 1.635157042512436860e-03
1.042500000000000000e+04 2.506468667345729436e-03
1.043000000000000000e+04 2.510283293125629110e-03
1.043500000000000000e+04 6.434675358044248707e-03
1.044000000000000000e+04 7.157134743561675665e-03
1.044500000000000000e+04 2.575859512069269587e-03
1.045000000000000000e+04 1.341661518275533670e-03
1.045500000000000000e+04 1.104100288116507652e-03
1.046000000000000000e+04 1.352724293750699140e-03
1.046500000000000000e+04 2.850785910905823638e-03
1.047000000000000000e+04 2.410936800444369015e-03
1.047500000000000000e+04 5.183712366616186236e-03
1.048000000000000000e+04 7.673675742990379751e-03
1.048500000000000000e+04 3.574182927108099459e-03
1.049000000000000000e+04 1.071158320952905751e-03
1.049500000000000000e+04 1.020488367619761189e-03
1.050000000000000000e+04 1.038096309652713914e-03
1.050500000000000000e+04 2.954020185421018727e-03
1.051000000000000000e+04 2.752294047272921002e-03
1.051500000000000000e+04 4.021224589866045224e-03
1.052000000000000000e+04 7.562810297751898329e-03
1.052500000000000000e+04 4.787622196384156391e-03
1.053000000000000000e+04 1.069718772470614051e-03
1.053500000000000000e+04 8.475063674490465994e-04
1.054000000000000000e+04 7.560495602444536507e-04
1.054500000000000000e+04 2.760642639587156891e-03
1.055000000000000000e+04 3.334098977756637123e-03
1.055500000000000000e+04 3.235008760358651630e-03
1.056000000000000000e+04 6.866243595122680475e-03
1.056500000000000000e+04 5.936881774026903091e-03
1.057000000000000000e+04 1.449666088616848513e-03
1.057500000000000000e+04 6.210518418686683789e-04
1.058000000000000000e+04 5.376164598892935144e-04
1.058500000000000000e+04 2.310995755735365930e-03
1.059000000000000000e+04 3.902285023769733706e-03
1.059500000000000000e+04 2.990204535225709451e-03
1.060000000000000000e+04 5.790806819361866455e-03
1.060500000000000000e+04 6.741116898927571391e-03
1.061000000000000000e+04 2.221525728517473146e-03
1.061500000000000000e+04 4.273815705796859361e-04
1.062000000000000000e+04 3.783929286256625503e-04
1.062500000000000000e+04 1.714384034271142785e-03
1.063000000000000000e+04 4.227943621836485581e-03
1.063500000000000000e+04 3.285373339973183572e-03
1.064000000000000000e+04 4.647998605510452949e-03
1.064500000000000000e+04 7.004231143175622919e-03
1.065000000000000000e+04 3.275437345571953832e-03
1.065500000000000000e+04 3.827061868800983287e-04
1.066000000000000000e+04 2.543847037426674620e-04
1.066500000000000000e+04 1.104601812371062324e-03
1.067000000000000000e+04 4.172480770008223094e-03
1.067500000000000000e+04 3.959533626987379873e-03
1.068000000000000000e+04 3.761830971349887105e-03
1.068500000000000000e+04 6.678617058626231881e-03
1.069000000000000000e+04 4.401454772830754210e-03
1.069500000000000000e+04 5.943652837841945135e-04
1.070000000000000000e+04 1.468771556590891712e-04
1.070500000000000000e+04 5.949237602466457163e-04
1.071000000000000000e+04 3.720035241737026672e-03
1.071500000000000000e+04 4.746360557061159169e-03
1.072000000000000000e+04 3.373174293760502953e-03
1.072500000000000000e+04 5.884965127988016700e-03
1.073000000000000000e+04 5.345920708629949523e-03
1.073500000000000000e+04 1.116289753870179516e-03
1.074000000000000000e+04 6.406945497281337030e-05
1.074500000000000000e+04 2.478532982747300834e-04
1.075000000000000000e+04 2.969878527079597430e-03
1.075500000000000000e+04 5.357479575714207271e-03
1.076000000000000000e+04 3.569551100483362750e-03
1.076500000000000000e+04 4.880633055365251119e-03
1.077000000000000000e+04 5.887789135002093749e-03
1.077500000000000000e+04 1.915917405030352627e-03
1.078000000000000000e+04 4.834219367506806107e-05
1.078500000000000000e+04 6.811918460782767117e-05
1.079000000000000000e+04 2.094778562777477229e-03
1.079500000000000000e+04 5.568464515693182133e-03
1.080000000000000000e+04 4.261316618285189775e-03
1.080500000000000000e+04 3.985395436909344724e-03
1.081000000000000000e+04 5.910480459538248674e-03
1.081500000000000000e+04 2.867695433038419759e-03
1.082000000000000000e+04 1.639257209046810708e-04
1.082500000000000000e+04 1.812970454430828929e-05
1.083000000000000000e+04 1.281710820124554564e-03
1.083500000000000000e+04 5.281214096521263425e-03
1.084000000000000000e+04 5.210963146079803515e-03
1.084500000000000000e+04 3.486786218488521077e-03
1.085000000000000000e+04 5.444985271258721490e-03
1.085500000000000000e+04 3.779769522311229087e-03
1.086000000000000000e+04 4.683576294280339196e-04
1.086500000000000000e+04 4.672815720995141388e-05
1.087000000000000000e+04 6.755832188819016438e-04
1.087500000000000000e+04 4.544769353549083825e-03
1.088000000000000000e+04 6.106158960134364794e-03
1.088500000000000000e+04 3.553636387164919690e-03
1.089000000000000000e+04 4.668586791346766504e-03
1.089500000000000000e+04 4.448311439091573796e-03
1.090000000000000000e+04 9.790256033664365785e-04
1.090500000000000000e+04 1.176589281407236645e-04
1.091000000000000000e+04 3.437096997284631991e-04
1.091500000000000000e+04 3.530535139801262590e-03
1.092000000000000000e+04 6.653825134756430337e-03
1.092500000000000000e+04 4.184135968880706852e-03
1.093000000000000000e+04 3.857628036763772247e-03
1.093500000000000000e+04 4.722920003160794786e-03
1.094000000000000000e+04 1.649751096070261203e-03
1.094500000000000000e+04 2.252745216680321480e-04
1.095000000000000000e+04 2.700550915957826642e-04
1.095500000000000000e+04 2.472570011514268161e-03
1.096000000000000000e+04 6.666183487772059726e-03
1.096500000000000000e+04 5.204614517517324769e-03
1.097000000000000000e+04 3.307406181507584284e-03
1.097500000000000000e+04 4.561070443286460024e-03
1.098000000000000000e+04 2.369805052308146965e-03
1.098500000000000000e+04 3.911892628318684229e-04
1.099000000000000000e+04 3.772044763486091194e-04
1.099500000000000000e+04 1.594143300017902571e-03
1.100000000000000000e+04 6.112496113434098301e-03
1.100500000000000000e+04 6.320099158465786529e-03
1.101000000000000000e+04 3.242894500237345542e-03
1.101500000000000000e+04 4.051952203439602128e-03
1.102000000000000000e+04 2.989617923303286226e-03
1.102500000000000000e+04 6.442759385373014042e-04
1.103000000000000000e+04 5.646281364371383499e-04
1.103500000000000000e+04 1.044634936805419710e-03
1.104000000000000000e+04 5.121499888793754583e-03
1.104500000000000000e+04 7.201846861068395000e-03
1.105000000000000000e+04 3.747494729238509941e-03
1.105500000000000000e+04 3.399367252924024533e-03
1.106000000000000000e+04 3.366860240373178992e-03
1.106500000000000000e+04 9.939947652919780066e-04
1.107000000000000000e+04 7.473627365471970443e-04
1.107500000000000000e+04 8.655223837742005407e-04
1.108000000000000000e+04 3.935669077953111994e-03
1.108500000000000000e+04 7.585248231472543554e-03
1.109000000000000000e+04 4.732405024703911951e-03
1.109500000000000000e+04 2.866440161932404598e-03
1.110000000000000000e+04 3.417789059201849222e-03
1.110500000000000000e+04 1.410341473302115884e-03
1.111000000000000000e+04 8.809404383233596829e-04
1.111500000000000000e+04 9.930436766479500046e-04
1.112000000000000000e+04 2.833839640537611556e-03
1.112500000000000000e+04 7.347793854645823762e-03
1.113000000000000000e+04 5.957573942143098641e-03
1.113500000000000000e+04 2.697415129982012449e-03
1.114000000000000000e+04 3.155272451962605994e-03
1.114500000000000000e+04 1.821304168977570153e-03
1.115000000000000000e+04 9.651810786719456541e-04
1.115500000000000000e+04 1.292497201745710072e-03
1.116000000000000000e+04 2.048038181315636839e-03
1.116500000000000000e+04 6.542889134811174026e-03
1.117000000000000000e+04 7.099637104757806384e-03
1.117500000000000000e+04 3.039950144712809475e-03
1.118000000000000000e+04 2.698135090264373610e-03
1.118500000000000000e+04 2.131575080732851964e-03
1.119000000000000000e+04 1.028430996466149928e-03
1.119500000000000000e+04 1.609457512146717515e-03
1.120000000000000000e+04 1.700566383348851721e-03
1.120500000000000000e+04 5.379566606980800379e-03
1.121000000000000000e+04 7.847207607135253671e-03
1.121500000000000000e+04 3.892544175793821292e-03
1.122000000000000000e+04 2.245347381373598902e-03
1.122500000000000000e+04 2.257241886090826689e-03
1.123000000000000000e+04 1.101493195761412336e-03
1.123500000000000000e+04 1.819384437220642131e-03
1.124000000000000000e+04 1.779011726249443443e-03
1.124500000000000000e+04 4.155756301321891950e-03
1.125000000000000000e+04 7.994356317646634028e-03
1.125500000000000000e+04 5.095349206363107911e-03
1.126000000000000000e+04 2.020186115010739851e-03
1.126500000000000000e+04 2.163839856637357270e-03
1.127000000000000000e+04 1.194060419985735469e-03
1.127500000000000000e+04 1.859795811974428907e-03
1.128000000000000000e+04 2.153477120217644862e-03
1.128500000000000000e+04 3.167499097195323673e-03
1.129000000000000000e+04 7.502774229653434539e-03
1.129500000000000000e+04 6.369984668126216221e-03
1.130000000000000000e+04 2.200124967697096416e-03
1.130500000000000000e+04 1.892369792868290853e-03
1.131000000000000000e+04 1.284773862676858022e-03
1.131500000000000000e+04 1.736786743800104119e-03
1.132000000000000000e+04 2.626861233266472410e-03
1.132500000000000000e+04 2.623183827849640687e-03
1.133000000000000000e+04 6.512707734557019769e-03
1.133500000000000000e+04 7.398508476633690670e-03
1.134000000000000000e+04 2.854418685463534951e-03
1.134500000000000000e+04 1.560880778136608483e-03
1.135000000000000000e+04 1.329878207937985673e-03
1.135500000000000000e+04 1.507288636867962954e-03
1.136000000000000000e+04 2.999784720353756377e-03
1.136500000000000000e+04 2.588678178289904614e-03
1.137000000000000000e+04 5.299325508719273867e-03
1.137500000000000000e+04 7.918289794715503704e-03
1.138000000000000000e+04 3.910810905950725704e-03
1.138500000000000000e+04 1.337147518872381811e-03
1.139000000000000000e+04 1.287224174109267375e-03
1.139500000000000000e+04 1.246766358335629028e-03
1.140000000000000000e+04 3.129060492260800179e-03
1.140500000000000000e+04 2.977943348467357657e-03
1.141000000000000000e+04 4.188894156506767046e-03
1.141500000000000000e+04 7.803053551961716683e-03
1.142000000000000000e+04 5.165046916704544265e-03
1.142500000000000000e+04 1.388332065525573833e-03
1.143000000000000000e+04 1.145260959015798573e-03
1.143500000000000000e+04 1.016392886423082799e-03
1.144000000000000000e+04 2.962539103181456145e-03
1.144500000000000000e+04 3.588834754934002846e-03
1.145000000000000000e+04 3.461686116808240007e-03
1.145500000000000000e+04 7.103703954364892943e-03
1.146000000000000000e+04 6.333706976772727516e-03
1.146500000000000000e+04 1.822767060872921381e-03
1.147000000000000000e+04 9.435038609297861706e-04
1.147500000000000000e+04 8.427460792396849207e-04
1.148000000000000000e+04 2.541978954196901907e-03
1.148500000000000000e+04 4.170323019389177849e-03
1.149000000000000000e+04 3.271779001275004241e-03
1.149500000000000000e+04 6.035091086846787814e-03
1.150000000000000000e+04 7.136295462362056592e-03
1.150500000000000000e+04 2.643753244082033653e-03
1.151000000000000000e+04 7.732649461591270274e-04
1.151500000000000000e+04 7.171609697033412773e-04
1.152000000000000000e+04 1.976374080660308653e-03
1.152500000000000000e+04 4.499074537816257283e-03
1.153000000000000000e+04 3.607269050293215092e-03
1.153500000000000000e+04 4.912398393279400477e-03
1.154000000000000000e+04 7.381583959820656703e-03
1.154500000000000000e+04 3.733299709399454363e-03
1.155000000000000000e+04 7.546505653371534403e-04
1.155500000000000000e+04 6.132585313871227696e-04
1.156000000000000000e+04 1.397629758713093279e-03
1.156500000000000000e+04 4.442087049004277144e-03
1.157000000000000000e+04 4.300968729610780278e-03
1.157500000000000000e+04 4.057120660737360655e-03
1.158000000000000000e+04 7.030229513487144116e-03
1.158500000000000000e+04 4.875031390708616658e-03
1.159000000000000000e+04 9.954524490808616590e-04
1.159500000000000000e+04 5.132240439157092354e-04
1.160000000000000000e+04 9.155391847120467009e-04
1.160500000000000000e+04 3.987612175181665802e-03
1.161000000000000000e+04 5.086086814911190690e-03
1.161500000000000000e+04 3.701967436150109970e-03
1.162000000000000000e+04 6.212308831635165833e-03
1.162500000000000000e+04 5.812523785965930355e-03
1.163000000000000000e+04 1.545890744268463768e-03
1.163500000000000000e+04 4.294527179664963485e-04
1.164000000000000000e+04 5.879555867516347237e-04
1.164500000000000000e+04 3.237179252549223472e-03
1.165000000000000000e+04 5.678492221959665319e-03
1.165500000000000000e+04 3.923672245904137774e-03
1.166000000000000000e+04 5.192644829024134663e-03
1.166500000000000000e+04 6.326489321384479170e-03
1.167000000000000000e+04 2.366731930915245020e-03
1.167500000000000000e+04 4.100411305713483703e-04
1.168000000000000000e+04 4.151579429698534968e-04
1.168500000000000000e+04 2.363996475575306719e-03
1.169000000000000000e+04 5.860225355439023856e-03
1.169500000000000000e+04 4.623299566961636478e-03
1.170000000000000000e+04 4.293726230527041346e-03
1.170500000000000000e+04 6.306325361039471535e-03
1.171000000000000000e+04 3.325243825027382645e-03
1.171500000000000000e+04 5.236671038034103245e-04
1.172000000000000000e+04 3.573177968786394178e-04
1.172500000000000000e+04 1.553549635161109678e-03
1.173000000000000000e+04 5.539492099459402547e-03
1.173500000000000000e+04 5.558801566054029537e-03
1.174000000000000000e+04 3.799744942393261382e-03
1.174500000000000000e+04 5.791790373819739705e-03
1.175000000000000000e+04 4.224438775732445792e-03
1.175500000000000000e+04 8.287549727943497539e-04
1.176000000000000000e+04 3.647668891416470656e-04
1.176500000000000000e+04 9.472430970686000762e-04
1.177000000000000000e+04 4.770155222786271951e-03
1.177500000000000000e+04 6.419006687285250951e-03
1.178000000000000000e+04 3.871245998157274437e-03
1.178500000000000000e+04 4.969324029122377910e-03
1.179000000000000000e+04 4.859135112302986892e-03
1.179500000000000000e+04 1.339468857930017085e-03
1.180000000000000000e+04 4.063010257829899720e-04
1.180500000000000000e+04 6.075089489701521184e-04
1.181000000000000000e+04 3.726557884173063891e-03
1.181500000000000000e+04 6.916305253455675046e-03
1.182000000000000000e+04 4.496452946197558413e-03
1.182500000000000000e+04 4.121920076640615133e-03
1.183000000000000000e+04 5.081897153858073134e-03
1.183500000000000000e+04 2.003699872298807250e-03
1.184000000000000000e+04 4.828098559735307218e-04
1.184500000000000000e+04 5.138056220286704246e-04
1.185000000000000000e+04 2.643661850292599626e-03
1.185500000000000000e+04 6.870166899970594175e-03
1.186000000000000000e+04 5.493993561002098909e-03
1.186500000000000000e+04 3.546615048484729176e-03
1.187000000000000000e+04 4.856871569003926026e-03
1.187500000000000000e+04 2.704610861547937679e-03
1.188000000000000000e+04 6.209442259577593491e-04
1.188500000000000000e+04 5.868795432000982948e-04
1.189000000000000000e+04 1.743319139066428630e-03
1.189500000000000000e+04 6.256670935641080004e-03
1.190000000000000000e+04 6.566205655118301926e-03
1.190500000000000000e+04 3.464458876537980341e-03
1.191000000000000000e+04 4.282010597689794515e-03
1.191500000000000000e+04 3.288772783166737761e-03
1.192000000000000000e+04 8.508567106483463623e-04
1.192500000000000000e+04 7.285260500094172453e-04
1.193000000000000000e+04 1.171139702477084609e-03
1.193500000000000000e+04 5.209763293616105455e-03
1.194000000000000000e+04 7.387076225256229700e-03
1.194500000000000000e+04 3.950811136344925187e-03
1.195000000000000000e+04 3.569595775444036299e-03
1.195500000000000000e+04 3.613698198280497747e-03
1.196000000000000000e+04 1.179193346493326040e-03
1.196500000000000000e+04 8.598120585900710005e-04
1.197000000000000000e+04 9.634289370631570013e-04
1.197500000000000000e+04 3.975105103219109953e-03
1.198000000000000000e+04 7.698452789589608700e-03
1.198500000000000000e+04 4.908055750641237246e-03
1.199000000000000000e+04 2.988328439141978154e-03
1.199500000000000000e+04 3.599407547294803007e-03
1.200000000000000000e+04 1.570655867306175674e-03
1.200500000000000000e+04 9.435703427682201865e-04
1.201000000000000000e+04 1.051985343747098133e-03
1.201500000000000000e+04 2.832405759167534037e-03
1.202000000000000000e+04 7.385497421877342504e-03
1.202500000000000000e+04 6.090176630261335405e-03
1.203000000000000000e+04 2.783191499343193060e-03
1.203500000000000000e+04 3.265602751194042561e-03
1.204000000000000000e+04 1.948025751691639636e-03
1.204500000000000000e+04 9.850302127809543347e-04
1.205000000000000000e+04 1.300871685999994108e-03
1.205500000000000000e+04 2.011902708844114790e-03
1.206000000000000000e+04 6.508490865289848042e-03
1.206500000000000000e+04 7.172874737085080561e-03
1.207000000000000000e+04 3.097490516884541731e-03
1.207500000000000000e+04 2.739334872329214892e-03
1.208000000000000000e+04 2.213130810112604822e-03
1.208500000000000000e+04 1.013904167979800793e-03
1.209000000000000000e+04 1.558959690923407849e-03
1.209500000000000000e+04 1.631587786593344160e-03
1.210000000000000000e+04 5.281529105397671578e-03
1.210500000000000000e+04 7.848751123397236171e-03
1.211000000000000000e+04 3.922124621239655995e-03
1.211500000000000000e+04 2.226963954188200881e-03
1.212000000000000000e+04 2.282685635421844925e-03
1.212500000000000000e+04 1.058255089834037044e-03
1.213000000000000000e+04 1.708667665201185886e-03
1.213500000000000000e+04 1.673536944596745865e-03
1.214000000000000000e+04 4.005387724097498117e-03
1.214500000000000000e+04 7.918863234087143710e-03
1.215000000000000000e+04 5.089679377075908423e-03
1.215500000000000000e+04 1.956051826678964316e-03
1.216000000000000000e+04 2.126276237350449051e-03
1.216500000000000000e+04 1.122773649089336837e-03
1.217000000000000000e+04 1.695308159737303000e-03
1.217500000000000000e+04 2.003603562590077023e-03
1.218000000000000000e+04 2.976377349674326489e-03
1.218500000000000000e+04 7.352459789699120757e-03
1.219000000000000000e+04 6.317435816174061212e-03
1.219500000000000000e+04 2.103781511040050001e-03
1.220000000000000000e+04 1.791369756971539174e-03
1.220500000000000000e+04 1.181427407100743175e-03
1.221000000000000000e+04 1.530327316988755936e-03
1.221500000000000000e+04 2.424210468949413583e-03
1.222000000000000000e+04 2.400284826165034746e-03
1.222500000000000000e+04 6.296142670851614942e-03
1.223000000000000000e+04 7.287938582844286604e-03
1.223500000000000000e+04 2.734702123485540249e-03
1.224000000000000000e+04 1.403249415033554041e-03
1.224500000000000000e+04 1.188173458571048806e-03
1.225000000000000000e+04 1.271607237548258527e-03
1.225500000000000000e+04 2.740276207083932724e-03
1.226000000000000000e+04 2.337909032958159633e-03
1.226500000000000000e+04 5.029395448086535630e-03
1.227000000000000000e+04 7.743304982906382486e-03
1.227500000000000000e+04 3.769449584928218511e-03
1.228000000000000000e+04 1.135689949061792318e-03
1.228500000000000000e+04 1.101810852124332626e-03
1.229000000000000000e+04 9.914523148439370343e-04
1.229500000000000000e+04 2.816301427979989343e-03
1.230000000000000000e+04 2.697374872393487524e-03
1.230500000000000000e+04 3.880394967928167422e-03
1.231000000000000000e+04 7.564203748471986892e-03
1.231500000000000000e+04 4.997352602336725680e-03
1.232000000000000000e+04 1.158724715985061252e-03
1.232500000000000000e+04 9.146562147397448855e-04
1.233000000000000000e+04 7.458715754529272272e-04
1.233500000000000000e+04 2.608004096550634813e-03
1.234000000000000000e+04 3.272636552744695275e-03
1.234500000000000000e+04 3.128578946996100375e-03
1.235000000000000000e+04 6.808409072362713553e-03
1.235500000000000000e+04 6.131977558999838866e-03
1.236000000000000000e+04 1.579378288861730531e-03
1.236500000000000000e+04 6.719131579678622092e-04
1.237000000000000000e+04 5.568834873355939588e-04
1.237500000000000000e+04 2.161876618448839958e-03
1.238000000000000000e+04 3.813080492818602708e-03
1.238500000000000000e+04 2.924286721817795972e-03
1.239000000000000000e+04 5.696056791651815839e-03
1.239500000000000000e+04 6.894262728255135843e-03
1.240000000000000000e+04 2.395936720034912756e-03
1.240500000000000000e+04 4.708552573475095174e-04
1.241000000000000000e+04 4.137153995315411437e-04
1.241500000000000000e+04 1.586873061237267790e-03
1.242000000000000000e+04 4.100627885622935148e-03
1.242500000000000000e+04 3.249710665313213648e-03
1.243000000000000000e+04 4.545388353097858276e-03
1.243500000000000000e+04 7.097931274288859019e-03
1.244000000000000000e+04 3.483747595933579105e-03
1.244500000000000000e+04 4.360816566046335670e-04
1.245000000000000000e+04 2.908888215143305722e-04
1.245500000000000000e+04 1.010814273683692316e-03
1.246000000000000000e+04 4.010403659097891774e-03
1.246500000000000000e+04 3.931640596071390298e-03
1.247000000000000000e+04 3.678434629363434589e-03
1.247500000000000000e+04 6.710005164967483039e-03
1.248000000000000000e+04 4.620952583424960472e-03
1.248500000000000000e+04 6.768689818343378564e-04
1.249000000000000000e+04 1.739677870600557161e-04
1.249500000000000000e+04 5.377684769445615276e-04
1.250000000000000000e+04 3.538109588653706727e-03
1.250500000000000000e+04 4.699956901817251009e-03
1.251000000000000000e+04 3.325652944857795858e-03
1.251500000000000000e+04 5.866285663111821258e-03
1.252000000000000000e+04 5.549048575584933883e-03
1.252500000000000000e+04 1.241209213872718643e-03
1.253000000000000000e+04 8.006680556418723069e-05
1.253500000000000000e+04 2.208371674839971707e-04
1.254000000000000000e+04 2.788827016770762529e-03
1.254500000000000000e+04 5.271977604139114343e-03
1.255000000000000000e+04 3.558801175421247298e-03
1.255500000000000000e+04 4.835450627771584534e-03
1.256000000000000000e+04 6.050639915743660606e-03
1.256500000000000000e+04 2.084598577997268977e-03
1.257000000000000000e+04 6.193054196851688407e-05
1.257500000000000000e+04 5.813861103911797652e-05
1.258000000000000000e+04 1.934229663659762111e-03
1.258500000000000000e+04 5.435875797043303488e-03
1.259000000000000000e+04 4.272329179690279206e-03
1.259500000000000000e+04 3.941505828664945352e-03
1.260000000000000000e+04 6.019810468286233146e-03
1.260500000000000000e+04 3.068009595334587197e-03
1.261000000000000000e+04 1.913303380538772898e-04
1.261500000000000000e+04 1.053647528610629096e-05
1.262000000000000000e+04 1.154439123273245504e-03
1.262500000000000000e+04 5.108105959032141832e-03
1.263000000000000000e+04 5.218275261656906729e-03
1.263500000000000000e+04 3.467620610338718184e-03
1.264000000000000000e+04 5.501748953855408603e-03
1.264500000000000000e+04 3.989653842103420105e-03
1.265000000000000000e+04 5.269904070214408241e-04
1.265500000000000000e+04 3.119228861077017942e-05
1.266000000000000000e+04 5.843736144940472367e-04
1.266500000000000000e+04 4.349096303471193699e-03
1.267000000000000000e+04 6.083020715502800851e-03
1.267500000000000000e+04 3.570631314573101400e-03
1.268000000000000000e+04 4.687266433410410688e-03
1.268500000000000000e+04 4.642834997537572707e-03
1.269000000000000000e+04 1.080120022277740368e-03
1.269500000000000000e+04 9.272493367057541242e-05
1.270000000000000000e+04 2.814488597548007792e-04
1.270500000000000000e+04 3.335107232347991023e-03
1.271000000000000000e+04 6.581595071668973687e-03
1.271500000000000000e+04 4.232701526416582372e-03
1.272000000000000000e+04 3.861695469992196261e-03
1.272500000000000000e+04 4.882093470021131934e-03
1.273000000000000000e+04 1.793175796549078584e-03
1.273500000000000000e+04 1.995763096043347924e-04
1.274000000000000000e+04 2.229222568066325909e-04
1.274500000000000000e+04 2.297768929293129807e-03
1.275000000000000000e+04 6.540391753481453879e-03
1.275500000000000000e+04 5.265481477784390851e-03
1.276000000000000000e+04 3.322060325652530059e-03
1.276500000000000000e+04 4.675735770525029505e-03
1.277000000000000000e+04 2.543315121929290868e-03
1.277500000000000000e+04 3.804166799957172979e-04
1.278000000000000000e+04 3.301182982809992513e-04
1.278500000000000000e+04 1.452191348465182736e-03
1.279000000000000000e+04 5.943558103023958983e-03
1.279500000000000000e+04 6.365937038350961627e-03
1.280000000000000000e+04 3.286931279965472994e-03
1.280500000000000000e+04 4.126131347165493297e-03
1.281000000000000000e+04 3.172774787777827080e-03
1.281500000000000000e+04 6.648598852601312172e-04
1.282000000000000000e+04 5.073089966725906385e-04
1.282500000000000000e+04 9.368245761312532201e-04
1.283000000000000000e+04 4.930357030369110667e-03
1.283500000000000000e+04 7.206855608996457288e-03
1.284000000000000000e+04 3.826737657124480024e-03
1.284500000000000000e+04 3.448672600839779254e-03
1.285000000000000000e+04 3.537856723761959032e-03
1.285500000000000000e+04 1.056138194917626396e-03
1.286000000000000000e+04 6.788089056468710105e-04
1.286500000000000000e+04 7.828890910598582673e-04
1.287000000000000000e+04 3.746477346809586051e-03
1.287500000000000000e+04 7.534064773857202316e-03
1.288000000000000000e+04 4.837114075038131088e-03
1.288500000000000000e+04 2.913093831607682302e-03
1.289000000000000000e+04 3.560465887700566771e-03
1.289500000000000000e+04 1.513462545723502769e-03
1.290000000000000000e+04 8.103371995459534953e-04
1.290500000000000000e+04 9.202028121048026321e-04
1.291000000000000000e+04 2.666469410139739749e-03
1.291500000000000000e+04 7.240338657056266843e-03
1.292000000000000000e+04 6.065215566952453403e-03
1.292500000000000000e+04 2.763115550580699104e-03
1.293000000000000000e+04 3.263946839965534402e-03
1.293500000000000000e+04 1.953847941529404664e-03
1.294000000000000000e+04 9.085409826505934892e-04
1.294500000000000000e+04 1.213609206777288042e-03
1.295000000000000000e+04 1.912656280893049914e-03
1.295500000000000000e+04 6.393594474432913802e-03
1.296000000000000000e+04 7.182423836258023178e-03
1.296500000000000000e+04 3.138455491570045584e-03
1.297000000000000000e+04 2.778963238695819800e-03
1.297500000000000000e+04 2.275114137397888595e-03
1.298000000000000000e+04 1.002170444119132673e-03
1.298500000000000000e+04 1.514500967658829371e-03
1.299000000000000000e+04 1.595553663768286851e-03
1.299500000000000000e+04 5.211774844732888420e-03
1.300000000000000000e+04 7.881735488043052976e-03
1.300500000000000000e+04 4.024305960202118060e-03
1.301000000000000000e+04 2.314086172886339280e-03
1.301500000000000000e+04 2.392967048803621051e-03
1.302000000000000000e+04 1.115683208384849433e-03
1.302500000000000000e+04 1.708454860831855760e-03
1.303000000000000000e+04 1.692503755301398615e-03
1.303500000000000000e+04 3.993771908763263552e-03
1.304000000000000000e+04 7.969619487636445815e-03
1.304500000000000000e+04 5.246357624301884598e-03
1.305000000000000000e+04 2.097036809175421585e-03
1.305500000000000000e+04 2.278836286415779344e-03
1.306000000000000000e+04 1.248313673739466804e-03
1.306500000000000000e+04 1.743541392908715473e-03
1.307000000000000000e+04 2.068029615858087058e-03
1.307500000000000000e+04 3.029156206849590270e-03
1.308000000000000000e+04 7.423492158246004259e-03
1.308500000000000000e+04 6.515785748181120857e-03
1.309000000000000000e+04 2.302945433659683502e-03
1.309500000000000000e+04 1.983567565351809954e-03
1.310000000000000000e+04 1.368463740481723132e-03
1.310500000000000000e+04 1.632523047690154650e-03
1.311000000000000000e+04 2.525982018290051732e-03
1.311500000000000000e+04 2.515079703959549433e-03
1.312000000000000000e+04 6.396955698236944134e-03
1.312500000000000000e+04 7.512337005729358835e-03
1.313000000000000000e+04 2.992153324969347005e-03
1.313500000000000000e+04 1.635681099802506044e-03
1.314000000000000000e+04 1.426353403333289289e-03
1.314500000000000000e+04 1.432263895715955642e-03
1.315000000000000000e+04 2.874330347923484321e-03
1.315500000000000000e+04 2.505089301346174850e-03
1.316000000000000000e+04 5.171798656124896622e-03
1.316500000000000000e+04 7.980355868117992163e-03
1.317000000000000000e+04 4.079347664383515745e-03
1.317500000000000000e+04 1.410780038692795429e-03
1.318000000000000000e+04 1.380025303726112621e-03
1.318500000000000000e+04 1.211454567634080411e-03
1.319000000000000000e+04 2.981167546425799852e-03
1.319500000000000000e+04 2.903451274159654649e-03
1.320000000000000000e+04 4.072592136430273208e-03
1.320500000000000000e+04 7.807324002699849927e-03
1.321000000000000000e+04 5.347375736616054309e-03
1.321500000000000000e+04 1.478712245546697423e-03
1.322000000000000000e+04 1.223831273217636326e-03
1.322500000000000000e+04 1.020703733603653060e-03
1.323000000000000000e+04 2.805342464727580368e-03
1.323500000000000000e+04 3.503910407931123613e-03
1.324000000000000000e+04 3.370896276240840494e-03
1.324500000000000000e+04 7.059542887188232849e-03
1.325000000000000000e+04 6.504914738498357614e-03
1.325500000000000000e+04 1.944164128086024170e-03
1.326000000000000000e+04 1.006499516726549678e-03
1.326500000000000000e+04 8.766187947151858183e-04
1.327000000000000000e+04 2.394950386286344348e-03
1.327500000000000000e+04 4.058367243640041526e-03
1.328000000000000000e+04 3.208281777197271277e-03
1.328500000000000000e+04 5.963349542144387276e-03
1.329000000000000000e+04 7.271929846765783252e-03
1.329500000000000000e+04 2.801082633999133452e-03
1.330000000000000000e+04 8.286811764459550179e-04
1.330500000000000000e+04 7.649705849861629338e-04
1.331000000000000000e+04 1.858079716829998031e-03
1.331500000000000000e+04 4.352759656272164532e-03
1.332000000000000000e+04 3.560493220966058029e-03
1.332500000000000000e+04 4.837792414324286298e-03
1.333000000000000000e+04 7.466239218017735324e-03
1.333500000000000000e+04 3.919102939682408103e-03
1.334000000000000000e+04 8.169507254029939559e-04
1.334500000000000000e+04 6.599306742184240160e-04
1.335000000000000000e+04 1.318954219056973952e-03
1.335500000000000000e+04 4.266650722397292463e-03
1.336000000000000000e+04 4.251818562131556671e-03
1.336500000000000000e+04 3.999898573511655696e-03
1.337000000000000000e+04 7.062884223719964605e-03
1.337500000000000000e+04 5.070724647288886097e-03
1.338000000000000000e+04 1.080533313986544288e-03
1.338500000000000000e+04 5.496104300166869362e-04
1.339000000000000000e+04 8.762148263333561756e-04
1.339500000000000000e+04 3.799565732055061509e-03
1.340000000000000000e+04 5.013418996952248574e-03
1.340500000000000000e+04 3.671639374848411838e-03
1.341000000000000000e+04 6.206282757410728351e-03
1.341500000000000000e+04 5.994052683037181216e-03
1.342000000000000000e+04 1.665206724504956701e-03
1.342500000000000000e+04 4.552314500198996602e-04
1.343000000000000000e+04 5.776328679096782775e-04
1.343500000000000000e+04 3.058637861910517251e-03
1.344000000000000000e+04 5.566513521429014046e-03
1.344500000000000000e+04 3.916445630929587390e-03
1.345000000000000000e+04 5.170364983591572115e-03
1.345500000000000000e+04 6.472589078474867176e-03
1.346000000000000000e+04 2.522350578710326214e-03
1.346500000000000000e+04 4.335169729060444656e-04
1.347000000000000000e+04 4.181845039345590594e-04
1.347500000000000000e+04 2.214801789951602578e-03
1.348000000000000000e+04 5.704506815608233541e-03
1.348500000000000000e+04 4.623599620179154497e-03
1.349000000000000000e+04 4.278559657444008443e-03
1.349500000000000000e+04 6.406171477959471915e-03
1.350000000000000000e+04 3.507749949854118213e-03
1.350500000000000000e+04 5.587637570881988716e-04
1.351000000000000000e+04 3.589751425751638988e-04
1.351500000000000000e+04 1.444437060834145251e-03
1.352000000000000000e+04 5.349312785373004642e-03
1.352500000000000000e+04 5.544297860231921400e-03
1.353000000000000000e+04 3.807999881647132316e-03
1.353500000000000000e+04 5.848848438072826519e-03
1.354000000000000000e+04 4.414991906449851865e-03
1.354500000000000000e+04 8.900808427451132937e-04
1.355000000000000000e+04 3.565282914104294775e-04
1.355500000000000000e+04 8.768201125468755167e-04
1.356000000000000000e+04 4.565925330699190446e-03
1.356500000000000000e+04 6.367850297527790152e-03
1.357000000000000000e+04 3.906923097049494822e-03
1.357500000000000000e+04 4.999794216633003316e-03
1.358000000000000000e+04 5.035477332587127118e-03
1.358500000000000000e+04 1.436793649853742444e-03
1.359000000000000000e+04 3.884923284469343025e-04
1.359500000000000000e+04 5.640048982529068458e-04
1.360000000000000000e+04 3.532983076786618253e-03
1.360500000000000000e+04 6.814626772063405238e-03
1.361000000000000000e+04 4.550050766613595449e-03
1.361500000000000000e+04 4.148502226032537397e-03
1.362000000000000000e+04 5.226272766849014532e-03
1.362500000000000000e+04 2.137581140047002583e-03
1.363000000000000000e+04 4.641770514895377018e-04
1.363500000000000000e+04 4.804475497083573955e-04
1.364000000000000000e+04 2.481240606827652372e-03
1.364500000000000000e+04 6.717443597899218008e-03
1.365000000000000000e+04 5.545403838823175814e-03
1.365500000000000000e+04 3.590162619706624165e-03
1.366000000000000000e+04 4.962662512256545838e-03
1.366500000000000000e+04 2.864964727640656721e-03
1.367000000000000000e+04 6.155058159586668676e-04
1.367500000000000000e+04 5.484535789696040999e-04
1.368000000000000000e+04 1.621606838218113671e-03
1.368500000000000000e+04 6.066813075509518670e-03
1.369000000000000000e+04 6.590815610510250729e-03
1.369500000000000000e+04 3.536615583969789089e-03
1.370000000000000000e+04 4.356217834642567635e-03
1.370500000000000000e+04 3.457462349057689992e-03
1.371000000000000000e+04 8.729679717306483046e-04
1.371500000000000000e+04 6.766717534053424531e-04
1.372000000000000000e+04 1.086410886858281584e-03
1.372500000000000000e+04 5.007057465608120289e-03
1.373000000000000000e+04 7.363522809511489908e-03
1.373500000000000000e+04 4.049952118532289778e-03
1.374000000000000000e+04 3.630058951571973370e-03
1.374500000000000000e+04 3.770670484827023418e-03
1.375000000000000000e+04 1.238187153779597531e-03
1.375500000000000000e+04 7.955305077788939324e-04
1.376000000000000000e+04 9.013502290147972331e-04
1.376500000000000000e+04 3.786201375860834967e-03
1.377000000000000000e+04 7.615901321513469067e-03
1.377500000000000000e+04 5.019487558374154633e-03
1.378000000000000000e+04 3.056854083945295068e-03
1.378500000000000000e+04 3.730173049306678354e-03
1.379000000000000000e+04 1.666795717714538621e-03
1.379500000000000000e+04 8.765590422336493655e-04
1.380000000000000000e+04 9.937835460814032230e-04
1.380500000000000000e+04 2.677351949935497574e-03
1.381000000000000000e+04 7.248033395631991657e-03
1.381500000000000000e+04 6.190288752639970700e-03
1.382000000000000000e+04 2.877357528580983329e-03
1.382500000000000000e+04 3.366929673157320526e-03
1.383000000000000000e+04 2.071489064248244454e-03
1.383500000000000000e+04 9.303033513324576471e-04
1.384000000000000000e+04 1.230351441879910888e-03
1.384500000000000000e+04 1.897778845032331140e-03
1.385000000000000000e+04 6.334717273241351546e-03
1.385500000000000000e+04 7.236078720055175162e-03
1.386000000000000000e+04 3.224128106908244126e-03
1.386500000000000000e+04 2.820598217545629630e-03
1.387000000000000000e+04 2.346925547048705953e-03
1.387500000000000000e+04 9.866759770259592773e-04
1.388000000000000000e+04 1.467897179093999088e-03
1.388500000000000000e+04 1.551135184672887586e-03
1.389000000000000000e+04 5.098982838495039194e-03
1.389500000000000000e+04 7.855430642448457332e-03
1.390000000000000000e+04 4.074506984050685864e-03
1.390500000000000000e+04 2.306476632159219081e-03
1.391000000000000000e+04 2.408817445304904659e-03
1.391500000000000000e+04 1.068511547723019570e-03
1.392000000000000000e+04 1.599153913900297963e-03
1.392500000000000000e+04 1.608965616121988676e-03
1.393000000000000000e+04 3.841501983166287302e-03
1.393500000000000000e+04 7.862088845076430424e-03
1.394000000000000000e+04 5.249013307061171918e-03
1.394500000000000000e+04 2.053894610298142437e-03
1.395000000000000000e+04 2.232831648647883895e-03
1.395500000000000000e+04 1.171317828884261419e-03
1.396000000000000000e+04 1.578763483265638182e-03
1.396500000000000000e+04 1.933673247497491371e-03
1.397000000000000000e+04 2.849356316486785935e-03
1.397500000000000000e+04 7.241141355490812552e-03
1.398000000000000000e+04 6.458037025614265722e-03
1.398500000000000000e+04 2.234010747144695320e-03
1.399000000000000000e+04 1.877450728954337556e-03
1.399500000000000000e+04 1.259097060503100397e-03
1.400000000000000000e+04 1.423719215873818110e-03
1.400500000000000000e+04 2.331732333120545460e-03
1.401000000000000000e+04 2.313437897962456347e-03
1.401500000000000000e+04 6.153042970645011475e-03
1.402000000000000000e+04 7.384680172816526951e-03
1.402500000000000000e+04 2.899783140008111403e-03
1.403000000000000000e+04 1.479476136703569006e-03
1.403500000000000000e+04 1.279004746213515059e-03
1.404000000000000000e+04 1.191933623933192059e-03
1.404500000000000000e+04 2.617563238014100450e-03
1.405000000000000000e+04 2.279507586540479008e-03
1.405500000000000000e+04 4.884143402420709247e-03
1.406000000000000000e+04 7.779404468277075282e-03
1.406500000000000000e+04 3.958630810710680320e-03
1.407000000000000000e+04 1.219960450246988532e-03
1.407500000000000000e+04 1.189272753956791212e-03
1.408000000000000000e+04 9.500278245427178385e-04
1.408500000000000000e+04 2.667241952082785757e-03
1.409000000000000000e+04 2.645730041491543491e-03
1.409500000000000000e+04 3.759729432617148551e-03
1.410000000000000000e+04 7.537077649762339952e-03
1.410500000000000000e+04 5.189235341225955853e-03
1.411000000000000000e+04 1.269017844373573336e-03
1.411500000000000000e+04 9.884808936853793030e-04
1.412000000000000000e+04 7.443119139882609396e-04
1.412500000000000000e+04 2.446585434732306830e-03
1.413000000000000000e+04 3.204100987975160107e-03
1.413500000000000000e+04 3.047439192945372664e-03
1.414000000000000000e+04 6.731442074582656698e-03
1.414500000000000000e+04 6.300390288435040939e-03
1.415000000000000000e+04 1.726520507574242887e-03
1.415500000000000000e+04 7.324967976569292383e-04
1.416000000000000000e+04 5.865064564016887793e-04
1.416500000000000000e+04 2.007788593507292725e-03
1.417000000000000000e+04 3.709950640277158169e-03
1.417500000000000000e+04 2.881174347355042534e-03
1.418000000000000000e+04 5.595108008790367418e-03
1.418500000000000000e+04 7.015848745727528216e-03
1.419000000000000000e+04 2.578982848476775447e-03
1.419500000000000000e+04 5.291789936430875635e-04
1.420000000000000000e+04 4.590070933291706093e-04
1.420500000000000000e+04 1.459390210393963832e-03
1.421000000000000000e+04 3.956506294592618787e-03
1.421500000000000000e+04 3.227959124268532393e-03
1.422000000000000000e+04 4.450679684600983461e-03
1.422500000000000000e+04 7.159447846606486511e-03
1.423000000000000000e+04 3.689371965808204562e-03
1.423500000000000000e+04 5.091526110869531952e-04
1.424000000000000000e+04 3.359386582869105316e-04
1.424500000000000000e+04 9.226658507245475869e-04
1.425000000000000000e+04 3.831807000303633429e-03
1.425500000000000000e+04 3.905786189650997664e-03
1.426000000000000000e+04 3.614473054316372572e-03
1.426500000000000000e+04 6.713127479159918497e-03
1.427000000000000000e+04 4.826796224528784839e-03
1.427500000000000000e+04 7.806774457147316361e-04
1.428000000000000000e+04 2.092274018889876458e-04
1.428500000000000000e+04 4.910445666598995014e-04
1.429000000000000000e+04 3.342280389090069182e-03
1.429500000000000000e+04 4.644551522768857951e-03
1.430000000000000000e+04 3.302925341677714725e-03
1.430500000000000000e+04 5.828009451820170134e-03
1.431000000000000000e+04 5.729921241259136599e-03
1.431500000000000000e+04 1.384104725457408272e-03
1.432000000000000000e+04 1.064176615942108065e-04
1.432500000000000000e+04 2.066659835799152694e-04
1.433000000000000000e+04 2.598528967111705511e-03
1.433500000000000000e+04 5.169701015218595985e-03
1.434000000000000000e+04 3.570424842882372399e-03
1.434500000000000000e+04 4.783315749087628521e-03
1.435000000000000000e+04 6.185905683869763125e-03
1.435500000000000000e+04 2.263514837554001305e-03
1.436000000000000000e+04 9.022227048724087279e-05
1.436500000000000000e+04 6.061226198534899826e-05
1.437000000000000000e+04 1.770908419697672090e-03
1.437500000000000000e+04 5.282563017874652815e-03
1.438000000000000000e+04 4.296813481861743236e-03
1.438500000000000000e+04 3.904743045336642442e-03
1.439000000000000000e+04 6.099969575425071532e-03
1.439500000000000000e+04 3.268617046247003759e-03
1.440000000000000000e+04 2.376648724231342842e-04
1.440500000000000000e+04 1.351739359411351492e-05
1.441000000000000000e+04 1.031687942910333028e-03
1.441500000000000000e+04 4.913639812992100751e-03
1.442000000000000000e+04 5.227089992548776543e-03
1.442500000000000000e+04 3.467171099610995028e-03
1.443000000000000000e+04 5.532149089539202536e-03
1.443500000000000000e+04 4.190139810130020202e-03
1.444000000000000000e+04 6.059121272571193475e-04
1.444500000000000000e+04 2.515244135602453477e-05
1.445000000000000000e+04 5.038981825562367485e-04
1.445500000000000000e+04 4.134293240932781360e-03
1.446000000000000000e+04 6.049997157069946126e-03
1.446500000000000000e+04 3.611780532081115911e-03
1.447000000000000000e+04 4.687297806184287721e-03
1.447500000000000000e+04 4.820092880786026358e-03
1.448000000000000000e+04 1.198556441112054146e-03
1.448500000000000000e+04 7.861047223605326171e-05
1.449000000000000000e+04 2.332253862608912637e-04
1.449500000000000000e+04 3.125579296688624047e-03
1.450000000000000000e+04 6.490948487900253909e-03
1.450500000000000000e+04 4.303183541255036805e-03
1.451000000000000000e+04 3.859063728150290314e-03
1.451500000000000000e+04 5.018653309199594403e-03
1.452000000000000000e+04 1.947313187040383394e-03
1.452500000000000000e+04 1.880670747004707308e-04
1.453000000000000000e+04 1.897839045706818499e-04
1.453500000000000000e+04 2.116390264893310957e-03
1.454000000000000000e+04 6.391112456809490416e-03
1.454500000000000000e+04 5.339694626983840578e-03
1.455000000000000000e+04 3.343597257525322917e-03
1.455500000000000000e+04 4.765543874948631464e-03
1.456000000000000000e+04 2.719221276029738961e-03
1.456500000000000000e+04 3.871157491683846052e-04
1.457000000000000000e+04 2.950750841997872281e-04
1.457500000000000000e+04 1.312328581039611799e-03
1.458000000000000000e+04 5.749325761967277043e-03
1.458500000000000000e+04 6.413496731775089610e-03
1.459000000000000000e+04 3.349091932171875501e-03
1.459500000000000000e+04 4.177264394665426185e-03
1.460000000000000000e+04 3.350291970951355808e-03
1.460500000000000000e+04 7.036970044670266648e-04
1.461000000000000000e+04 4.605447039698670601e-04
1.461500000000000000e+04 8.386216093318715325e-04
1.462000000000000000e+04 4.715352907712216934e-03
1.462500000000000000e+04 7.202255223669838148e-03
1.463000000000000000e+04 3.929419274943371856e-03
1.463500000000000000e+04 3.481585693031659552e-03
1.464000000000000000e+04 3.696529229792455077e-03
1.464500000000000000e+04 1.133740970533406731e-03
1.465000000000000000e+04 6.213742814421334372e-04
1.465500000000000000e+04 7.141659542439253092e-04
1.466000000000000000e+04 3.538327005353717001e-03
1.466500000000000000e+04 7.464245262007372823e-03
1.467000000000000000e+04 4.963264386404268175e-03
1.467500000000000000e+04 2.954299060558540028e-03
1.468000000000000000e+04 3.685908891637902293e-03
1.468500000000000000e+04 1.626452851701678170e-03
1.469000000000000000e+04 7.531331803986636864e-04
1.469500000000000000e+04 8.618804709755032616e-04
1.470000000000000000e+04 2.488196598192457185e-03
1.470500000000000000e+04 7.108120415649414083e-03
1.471000000000000000e+04 6.186349859091416770e-03
1.471500000000000000e+04 2.836031085042355678e-03
1.472000000000000000e+04 3.352874093206859810e-03
1.472500000000000000e+04 2.089659727215607398e-03
1.473000000000000000e+04 8.673743511760351578e-04
1.473500000000000000e+04 1.147611062205553846e-03
1.474000000000000000e+04 1.775982501062968195e-03
1.474500000000000000e+04 6.216415862264556939e-03
1.475000000000000000e+04 7.267843645658562599e-03
1.475500000000000000e+04 3.254673116997443445e-03
1.476000000000000000e+04 2.841100310862131224e-03
1.476500000000000000e+04 2.415778776073879575e-03
1.477000000000000000e+04 9.912630614054675562e-04
1.477500000000000000e+04 1.430884299421601768e-03
1.478000000000000000e+04 1.497826887715033271e-03
1.478500000000000000e+04 5.016406709994898107e-03
1.479000000000000000e+04 7.908049093252012343e-03
1.479500000000000000e+04 4.178734248595434089e-03
1.480000000000000000e+04 2.369757529622407242e-03
1.480500000000000000e+04 2.520674381555009901e-03
1.481000000000000000e+04 1.142293260671398266e-03
1.481500000000000000e+04 1.608859945781791669e-03
1.482000000000000000e+04 1.618585532425997463e-03
1.482500000000000000e+04 3.808509838937200812e-03
1.483000000000000000e+04 7.927477584272400041e-03
1.483500000000000000e+04 5.418270389668693350e-03
1.484000000000000000e+04 2.170573422567654773e-03
1.484500000000000000e+04 2.381778350930935546e-03
1.485000000000000000e+04 1.310235234260059790e-03
1.485500000000000000e+04 1.639798802727148678e-03
1.486000000000000000e+04 1.996665488358092145e-03
1.486500000000000000e+04 2.875578289161071985e-03
1.487000000000000000e+04 7.319795270051480778e-03
1.487500000000000000e+04 6.675379645080698442e-03
1.488000000000000000e+04 2.413863045015482260e-03
1.488500000000000000e+04 2.060369122705343545e-03
1.489000000000000000e+04 1.454861346492338078e-03
1.489500000000000000e+04 1.541447030837568219e-03
1.490000000000000000e+04 2.438252356963670556e-03
1.490500000000000000e+04 2.401788297623995514e-03
1.491000000000000000e+04 6.252337072393786450e-03
1.491500000000000000e+04 7.630223543307609185e-03
1.492000000000000000e+04 3.147380840736182465e-03
1.492500000000000000e+04 1.696735139450187288e-03
1.493000000000000000e+04 1.521361929108443764e-03
1.493500000000000000e+04 1.369106267262418285e-03
1.494000000000000000e+04 2.760788793740683554e-03
1.494500000000000000e+04 2.425605053990051527e-03
1.495000000000000000e+04 5.014369284608675460e-03
1.495500000000000000e+04 8.036522092391125069e-03
1.496000000000000000e+04 4.269717588415914214e-03
1.496500000000000000e+04 1.475427528134499750e-03
1.497000000000000000e+04 1.467993114311500705e-03
1.497500000000000000e+04 1.184603001225025291e-03
1.498000000000000000e+04 2.844870003202196965e-03
1.498500000000000000e+04 2.839268450013328945e-03
1.499000000000000000e+04 3.929682114963179915e-03
1.499500000000000000e+04 7.796706802272990698e-03
1.500000000000000000e+04 5.549940520266781648e-03
1.500500000000000000e+04 1.568621307686302513e-03
1.501000000000000000e+04 1.294783676180786582e-03
1.501500000000000000e+04 1.029252152311634690e-03
1.502000000000000000e+04 2.659890026297569415e-03
1.502500000000000000e+04 3.431822664928070241e-03
1.503000000000000000e+04 3.261005333053256829e-03
1.503500000000000000e+04 6.992865806605883666e-03
1.504000000000000000e+04 6.690204721620121239e-03
1.504500000000000000e+04 2.075025910368389920e-03
1.505000000000000000e+04 1.060163042112047390e-03
1.505500000000000000e+04 9.111809723072213226e-04
1.506000000000000000e+04 2.258836311415968710e-03
1.506500000000000000e+04 3.959331643570210106e-03
1.507000000000000000e+04 3.135637627898327229e-03
1.507500000000000000e+04 5.863422111833337808e-03
1.508000000000000000e+04 7.413301378581844438e-03
1.508500000000000000e+04 2.975875370396828881e-03
1.509000000000000000e+04 8.754347768492994281e-04
1.509500000000000000e+04 8.111720024260683304e-04
1.510000000000000000e+04 1.747927496797907531e-03
1.510500000000000000e+04 4.218808316353476508e-03
1.511000000000000000e+04 3.514165886979497746e-03
1.511500000000000000e+04 4.732543216221139597e-03
1.512000000000000000e+04 7.547908532094260887e-03
1.512500000000000000e+04 4.125843350492797677e-03
1.513000000000000000e+04 8.747738378222596166e-04
1.513500000000000000e+04 7.034992035094925775e-04
1.514000000000000000e+04 1.244194596639266754e-03
1.514500000000000000e+04 4.103241525467426175e-03
1.515000000000000000e+04 4.210030873633965540e-03
1.515500000000000000e+04 3.914040666410019756e-03
1.516000000000000000e+04 7.084133136090007589e-03
1.516500000000000000e+04 5.285791596228349432e-03
1.517000000000000000e+04 1.168497144814536559e-03
1.517500000000000000e+04 5.816507379654649573e-04
1.518000000000000000e+04 8.367283013128852488e-04
1.518500000000000000e+04 3.622815061423929461e-03
1.519000000000000000e+04 4.951731071908068924e-03
1.519500000000000000e+04 3.619204800579595670e-03
1.520000000000000000e+04 6.180935866625702872e-03
1.520500000000000000e+04 6.189772428336322643e-03
1.521000000000000000e+04 1.795763609593131315e-03
1.521500000000000000e+04 4.760088817642092155e-04
1.522000000000000000e+04 5.646562935699814441e-04
1.522500000000000000e+04 2.889034322725194618e-03
1.523000000000000000e+04 5.466857727075170349e-03
1.523500000000000000e+04 3.896467555376766524e-03
1.524000000000000000e+04 5.122111505882398844e-03
1.524500000000000000e+04 6.626068793978028872e-03
1.525000000000000000e+04 2.695596788855107728e-03
1.525500000000000000e+04 4.531454207223112231e-04
1.526000000000000000e+04 4.178941461758932017e-04
1.526500000000000000e+04 2.070136993236467229e-03
1.527000000000000000e+04 5.561558990375381831e-03
1.527500000000000000e+04 4.620610667708933104e-03
1.528000000000000000e+04 4.233614447604942821e-03
1.528500000000000000e+04 6.506159544846350402e-03
1.529000000000000000e+04 3.710256102344265325e-03
1.529500000000000000e+04 5.939979769522257943e-04
1.530000000000000000e+04 3.576412385253266196e-04
1.530500000000000000e+04 1.334488704077267402e-03
1.531000000000000000e+04 5.171847490606440272e-03
1.531500000000000000e+04 5.533870001723504781e-03
1.532000000000000000e+04 3.787067818740860563e-03
1.532500000000000000e+04 5.898527143847218622e-03
1.533000000000000000e+04 4.623830645780746366e-03
1.533500000000000000e+04 9.579537674683782315e-04
1.534000000000000000e+04 3.457757841029331244e-04
1.534500000000000000e+04 8.012111867667616938e-04
1.535000000000000000e+04 4.372995505771182061e-03
1.535500000000000000e+04 6.325435763050013711e-03
1.536000000000000000e+04 3.918643512937139244e-03
1.536500000000000000e+04 5.015052795215141010e-03
1.537000000000000000e+04 5.225797183952213612e-03
1.537500000000000000e+04 1.547462007594919151e-03
1.538000000000000000e+04 3.689428381054772501e-04
1.538500000000000000e+04 5.134387992504487689e-04
1.539000000000000000e+04 3.346881951276017494e-03
1.539500000000000000e+04 6.724435180768218931e-03
1.540000000000000000e+04 4.588016299807251390e-03
1.540500000000000000e+04 4.152578787156448181e-03
1.541000000000000000e+04 5.379360324806167770e-03
1.541500000000000000e+04 2.289455308900546337e-03
1.542000000000000000e+04 4.459002602627870670e-04
1.542500000000000000e+04 4.406334918979810684e-04
1.543000000000000000e+04 2.320153508414483402e-03
1.543500000000000000e+04 6.577907996251073849e-03
1.544000000000000000e+04 5.590090521941524539e-03
1.544500000000000000e+04 3.606278503807004016e-03
1.545000000000000000e+04 5.071545531180253648e-03
1.545500000000000000e+04 3.044379231973714812e-03
1.546000000000000000e+04 6.146309581947160790e-04
1.546500000000000000e+04 5.055315783623913267e-04
1.547000000000000000e+04 1.494465301773709480e-03
1.547500000000000000e+04 5.890633443461474293e-03
1.548000000000000000e+04 6.616213351787968676e-03
1.548500000000000000e+04 3.580552479095200444e-03
1.549000000000000000e+04 4.427159385887401849e-03
1.549500000000000000e+04 3.643125686724024096e-03
1.550000000000000000e+04 9.053932774927557665e-04
1.550500000000000000e+04 6.225701436385556098e-04
1.551000000000000000e+04 9.912324590714116212e-04
1.551500000000000000e+04 4.816158506531698601e-03
1.552000000000000000e+04 7.346339132505962273e-03
1.552500000000000000e+04 4.124636312948761624e-03
1.553000000000000000e+04 3.679884497660046438e-03
1.553500000000000000e+04 3.940988478547817996e-03
1.554000000000000000e+04 1.312852934912780642e-03
1.554500000000000000e+04 7.314759354616443303e-04
1.555000000000000000e+04 8.270837188437430440e-04
1.555500000000000000e+04 3.603944796323941234e-03
1.556000000000000000e+04 7.543896582477794752e-03
1.556500000000000000e+04 5.113436870041901221e-03
1.557000000000000000e+04 3.107227609657320453e-03
1.557500000000000000e+04 3.870441621228303247e-03
1.558000000000000000e+04 1.781483983333471011e-03
1.558500000000000000e+04 8.132225383308465351e-04
1.559000000000000000e+04 9.248204813907019576e-04
1.559500000000000000e+04 2.521079900132337012e-03
1.560000000000000000e+04 7.124213281931437297e-03
1.560500000000000000e+04 6.280902552618310153e-03
1.561000000000000000e+04 2.947683119620189609e-03
1.561500000000000000e+04 3.473763757162656729e-03
1.562000000000000000e+04 2.213107900802664847e-03
1.562500000000000000e+04 8.841062422429631648e-04
1.563000000000000000e+04 1.152361299031191919e-03
1.563500000000000000e+04 1.774116220750716379e-03
1.564000000000000000e+04 6.175833638769810847e-03
1.564500000000000000e+04 7.297121760269888874e-03
1.565000000000000000e+04 3.324958840522575839e-03
1.565500000000000000e+04 2.902352449915233078e-03
1.566000000000000000e+04 2.496178774145318101e-03
1.566500000000000000e+04 9.734111339751448698e-04
1.567000000000000000e+04 1.373305801694684391e-03
1.567500000000000000e+04 1.455118847008169802e-03
1.568000000000000000e+04 4.929225193033077990e-03
1.568500000000000000e+04 7.866234350915084911e-03
1.569000000000000000e+04 4.203374176631805709e-03
1.569500000000000000e+04 2.379919435394296442e-03
1.570000000000000000e+04 2.547187813814623999e-03
1.570500000000000000e+04 1.096854765700316491e-03
1.571000000000000000e+04 1.490438799955056586e-03
1.571500000000000000e+04 1.526770123479358025e-03
1.572000000000000000e+04 3.684115155817650842e-03
1.572500000000000000e+04 7.814958108759239783e-03
1.573000000000000000e+04 5.390273343855047847e-03
1.573500000000000000e+04 2.138394914731968615e-03
1.574000000000000000e+04 2.348966842921598481e-03
1.574500000000000000e+04 1.239103812606210048e-03
1.575000000000000000e+04 1.468131294773758911e-03
1.575500000000000000e+04 1.847878452114541182e-03
1.576000000000000000e+04 2.719358050383426876e-03
1.576500000000000000e+04 7.143984228290745607e-03
1.577000000000000000e+04 6.587335926054553939e-03
1.577500000000000000e+04 2.344908558914017213e-03
1.578000000000000000e+04 1.970619559596601972e-03
1.578500000000000000e+04 1.354058330953784341e-03
1.579000000000000000e+04 1.328904489908421015e-03
1.579500000000000000e+04 2.227621926550516808e-03
1.580000000000000000e+04 2.213699441560711134e-03
1.580500000000000000e+04 6.026231721126259350e-03
1.581000000000000000e+04 7.476971277128287123e-03
1.581500000000000000e+04 3.042732245342337841e-03
1.582000000000000000e+04 1.559190302600032283e-03
1.582500000000000000e+04 1.383593917261494426e-03
1.583000000000000000e+04 1.129519417484829962e-03
1.583500000000000000e+04 2.488651418486734559e-03
1.584000000000000000e+04 2.200959008178452435e-03
1.584500000000000000e+04 4.753059690890427784e-03
1.585000000000000000e+04 7.817767897498573496e-03
1.585500000000000000e+04 4.126657497256477902e-03
1.586000000000000000e+04 1.302262354821674423e-03
1.586500000000000000e+04 1.287364180930725089e-03
1.587000000000000000e+04 9.290091441865884047e-04
1.587500000000000000e+04 2.518178684543340672e-03
1.588000000000000000e+04 2.571159873005930078e-03
1.588500000000000000e+04 3.646067750171270820e-03
1.589000000000000000e+04 7.518876505145133046e-03
1.589500000000000000e+04 5.363835832809935554e-03
1.590000000000000000e+04 1.370773409688435130e-03
1.590500000000000000e+04 1.071131425670832690e-03
1.591000000000000000e+04 7.627203683442883818e-04
1.591500000000000000e+04 2.292131579413599334e-03
1.592000000000000000e+04 3.114255869441310415e-03
1.592500000000000000e+04 2.962442674714161304e-03
1.593000000000000000e+04 6.669239559473006534e-03
1.593500000000000000e+04 6.456894259073128750e-03
1.594000000000000000e+04 1.859354307397056505e-03
1.594500000000000000e+04 8.006844742013679173e-04
1.595000000000000000e+04 6.325659076399903734e-04
1.595500000000000000e+04 1.867860747307052661e-03
1.596000000000000000e+04 3.590244645895711295e-03
1.596500000000000000e+04 2.822799868669480933e-03
1.597000000000000000e+04 5.511963335894465819e-03
1.597500000000000000e+04 7.131617100546446854e-03
1.598000000000000000e+04 2.744538293559313936e-03
1.598500000000000000e+04 5.928855635959939026e-04
1.599000000000000000e+04 5.161779750364062572e-04
1.599500000000000000e+04 1.351879901477002262e-03
1.600000000000000000e+04 3.802428496305611250e-03
1.600500000000000000e+04 3.182367943084126165e-03
1.601000000000000000e+04 4.371811462570145135e-03
1.601500000000000000e+04 7.221979909776341834e-03
1.602000000000000000e+04 3.877465282070014993e-03
1.602500000000000000e+04 5.834625067499121928e-04
1.603000000000000000e+04 3.895064883120148680e-04
1.603500000000000000e+04 8.569393603731829305e-04
1.604000000000000000e+04 3.651188672853124435e-03
1.604500000000000000e+04 3.852306604701434978e-03
1.605000000000000000e+04 3.558604800583510010e-03
1.605500000000000000e+04 6.724775396285706183e-03
1.606000000000000000e+04 5.017518224906101880e-03
1.606500000000000000e+04 8.802761164432316163e-04
1.607000000000000000e+04 2.516717351775878846e-04
1.607500000000000000e+04 4.649067592847290140e-04
1.608000000000000000e+04 3.153292892754858568e-03
1.608500000000000000e+04 4.562571455472349581e-03
1.609000000000000000e+04 3.276369911983194154e-03
1.609500000000000000e+04 5.805206598249914272e-03
1.610000000000000000e+04 5.899576747833889558e-03
1.610500000000000000e+04 1.517764107574704141e-03
1.611000000000000000e+04 1.396764684148924949e-04
1.611500000000000000e+04 2.080250271467175196e-04
1.612000000000000000e+04 2.423746245704159769e-03
1.612500000000000000e+04 5.045632216848997507e-03
1.613000000000000000e+04 3.565564973846124201e-03
1.613500000000000000e+04 4.750541551396290224e-03
1.614000000000000000e+04 6.315068607678230722e-03
1.614500000000000000e+04 2.430142351127929402e-03
1.615000000000000000e+04 1.244329899132998001e-04
1.615500000000000000e+04 7.291561130498081314e-05
1.616000000000000000e+04 1.629504018763907030e-03
1.616500000000000000e+04 5.114881571619824333e-03
1.617000000000000000e+04 4.294976679693788060e-03
1.617500000000000000e+04 3.885662141921598402e-03
1.618000000000000000e+04 6.180661055071594474e-03
1.618500000000000000e+04 3.456275882020550319e-03
1.619000000000000000e+04 2.871853249437106878e-04
1.619500000000000000e+04 2.244013236672187406e-05
1.620000000000000000e+04 9.328807104360559849e-04
1.620500000000000000e+04 4.714220374576881534e-03
1.621000000000000000e+04 5.204638011729627832e-03
1.621500000000000000e+04 3.476379794325150287e-03
1.622000000000000000e+04 5.571084682058057187e-03
1.622500000000000000e+04 4.378855254819688861e-03
1.623000000000000000e+04 6.840226932476875044e-04
1.623500000000000000e+04 2.379019473135791815e-05
1.624000000000000000e+04 4.443796947728714591e-04
1.624500000000000000e+04 3.925175130182258568e-03
1.625000000000000000e+04 5.985862074048628988e-03
1.625500000000000000e+04 3.650007313131227362e-03
1.626000000000000000e+04 4.703615738021797721e-03
1.626500000000000000e+04 4.988060338896487152e-03
1.627000000000000000e+04 1.312378024902992541e-03
1.627500000000000000e+04 6.945259881694955666e-05
1.628000000000000000e+04 1.995223296873526863e-04
1.628500000000000000e+04 2.931907136668228039e-03
1.629000000000000000e+04 6.373601402501672189e-03
1.629500000000000000e+04 4.357202677263604697e-03
1.630000000000000000e+04 3.877298257890952893e-03
1.630500000000000000e+04 5.149924615014943655e-03
1.631000000000000000e+04 2.094429299289275303e-03
1.631500000000000000e+04 1.815105392918187370e-04
1.632000000000000000e+04 1.642919482797997120e-04
1.632500000000000000e+04 1.958003407037962624e-03
1.633000000000000000e+04 6.222930160405066614e-03
1.633500000000000000e+04 5.386558772523176997e-03
1.634000000000000000e+04 3.384676319486010655e-03
1.634500000000000000e+04 4.856210057794561365e-03
1.635000000000000000e+04 2.887281688912543554e-03
1.635500000000000000e+04 3.974228690909280531e-04
1.636000000000000000e+04 2.630342619297024718e-04
1.636500000000000000e+04 1.197308742638596461e-03
1.637000000000000000e+04 5.546715599729367535e-03
1.637500000000000000e+04 6.427599959743701165e-03
1.638000000000000000e+04 3.422792857336786222e-03
1.638500000000000000e+04 4.237369654901648047e-03
1.639000000000000000e+04 3.520236262402887117e-03
1.639500000000000000e+04 7.438051707077981013e-04
1.640000000000000000e+04 4.152068795382486514e-04
1.640500000000000000e+04 7.614080790973814074e-04
1.641000000000000000e+04 4.504115388819777098e-03
1.641500000000000000e+04 7.163251048750413248e-03
1.642000000000000000e+04 4.030846925613269446e-03
1.642500000000000000e+04 3.531655897091399727e-03
1.643000000000000000e+04 3.848840108246940565e-03
1.643500000000000000e+04 1.210415447713376197e-03
1.644000000000000000e+04 5.657808212009337451e-04
1.644500000000000000e+04 6.588428637058697150e-04
1.645000000000000000e+04 3.345480316637115467e-03
1.645500000000000000e+04 7.363703081907257107e-03
1.646000000000000000e+04 5.074197287111453444e-03
1.646500000000000000e+04 3.017703015323081831e-03
1.647000000000000000e+04 3.807838719075233840e-03
1.647500000000000000e+04 1.737217937010550849e-03
1.648000000000000000e+04 6.984216145902514801e-04
1.648500000000000000e+04 8.089826093018427861e-04
1.649000000000000000e+04 2.333134167551070403e-03
1.649500000000000000e+04 6.952914748690304340e-03
1.650000000000000000e+04 6.280677633830782265e-03
1.650500000000000000e+04 2.930180438380133087e-03
1.651000000000000000e+04 3.443714553599061621e-03
1.651500000000000000e+04 2.222718633537869130e-03
1.652000000000000000e+04 8.285968381722868051e-04
1.652500000000000000e+04 1.081498859922309539e-03
1.653000000000000000e+04 1.664392907177371633e-03
1.653500000000000000e+04 6.027435232341869960e-03
1.654000000000000000e+04 7.319333885994684652e-03
1.654500000000000000e+04 3.384408098997316195e-03
1.655000000000000000e+04 2.913005542602509559e-03
1.655500000000000000e+04 2.553445672462964326e-03
1.656000000000000000e+04 9.821304285476369425e-04
1.656500000000000000e+04 1.344941108490357211e-03
1.657000000000000000e+04 1.420769858590839813e-03
1.657500000000000000e+04 4.822492519408028144e-03
1.658000000000000000e+04 7.898311917195657839e-03
1.658500000000000000e+04 4.334127133742485087e-03
1.659000000000000000e+04 2.443416517281517004e-03
1.659500000000000000e+04 2.645577974347920139e-03
1.660000000000000000e+04 1.170323815779993710e-03
1.660500000000000000e+04 1.507072607594143326e-03
1.661000000000000000e+04 1.556897533521179721e-03
1.661500000000000000e+04 3.637338805418196923e-03
1.662000000000000000e+04 7.851974076463876309e-03
1.662500000000000000e+04 5.577279285847394456e-03
1.663000000000000000e+04 2.267312071469819706e-03
1.663500000000000000e+04 2.483675724334171060e-03
1.664000000000000000e+04 1.373751488028502037e-03
1.664500000000000000e+04 1.534782608665865265e-03
1.665000000000000000e+04 1.928631374768780557e-03
1.665500000000000000e+04 2.744694762238468304e-03
1.666000000000000000e+04 7.190004710227048887e-03
1.666500000000000000e+04 6.810223844273900588e-03
1.667000000000000000e+04 2.547314488534135630e-03
1.667500000000000000e+04 2.140684950040040030e-03
1.668000000000000000e+04 1.543041812480924540e-03
1.668500000000000000e+04 1.449971720500122440e-03
1.669000000000000000e+04 2.347389933039359389e-03
1.669500000000000000e+04 2.313229016794200992e-03
1.670000000000000000e+04 6.092986963349731472e-03
1.670500000000000000e+04 7.715500264958113745e-03
1.671000000000000000e+04 3.317915743045173841e-03
1.671500000000000000e+04 1.768576169703679063e-03
1.672000000000000000e+04 1.617802096577988877e-03
1.672500000000000000e+04 1.306561851293636415e-03
1.673000000000000000e+04 2.641025197274020440e-03
1.673500000000000000e+04 2.366185101257959299e-03
1.674000000000000000e+04 4.856095485050115901e-03
1.674500000000000000e+04 8.056851098189770841e-03
1.675000000000000000e+04 4.463506450037750886e-03
1.675500000000000000e+04 1.558720186017207047e-03
1.676000000000000000e+04 1.556898497992556616e-03
1.676500000000000000e+04 1.159928606457882785e-03
1.677000000000000000e+04 2.701824339782894768e-03
1.677500000000000000e+04 2.786219819902442749e-03
1.678000000000000000e+04 3.799288930946418102e-03
1.678500000000000000e+04 7.751803820247038512e-03
1.679000000000000000e+04 5.742677170558673806e-03
1.679500000000000000e+04 1.682236921783316274e-03
1.680000000000000000e+04 1.367511668966151644e-03
1.680500000000000000e+04 1.041843766014783268e-03
1.681000000000000000e+04 2.508459866347518673e-03
1.681500000000000000e+04 3.361317551010961201e-03
1.682000000000000000e+04 3.172757460716172252e-03
1.682500000000000000e+04 6.898370073808404723e-03
1.683000000000000000e+04 6.854066955570501003e-03
1.683500000000000000e+04 2.229093987393362519e-03
1.684000000000000000e+04 1.119249394626148711e-03
1.684500000000000000e+04 9.510264041209808179e-04
1.685000000000000000e+04 2.118234654033679734e-03
1.685500000000000000e+04 3.854572965344179713e-03
1.686000000000000000e+04 3.086912034213027192e-03
1.686500000000000000e+04 5.746742305841467599e-03
1.687000000000000000e+04 7.525027668533272249e-03
1.687500000000000000e+04 3.167264382224126412e-03
1.688000000000000000e+04 9.340553750431024099e-04
1.688500000000000000e+04 8.625998311979487122e-04
1.689000000000000000e+04 1.635678459982281866e-03
1.689500000000000000e+04 4.075033128588002700e-03
1.690000000000000000e+04 3.487126953514514422e-03
1.690500000000000000e+04 4.624541334258008667e-03
1.691000000000000000e+04 7.595795122956927430e-03
1.691500000000000000e+04 4.338305784560472778e-03
1.692000000000000000e+04 9.515989598870663218e-04
1.692500000000000000e+04 7.514942291321440428e-04
1.693000000000000000e+04 1.170716231762700208e-03
1.693500000000000000e+04 3.928508366979580231e-03
1.694000000000000000e+04 4.178503695930010746e-03
1.694500000000000000e+04 3.839069087310264129e-03
1.695000000000000000e+04 7.071997851935778005e-03
1.695500000000000000e+04 5.494438702042741575e-03
1.696000000000000000e+04 1.280031925777026054e-03
1.696500000000000000e+04 6.182987460867498709e-04
1.697000000000000000e+04 8.021398412408927000e-04
1.697500000000000000e+04 3.434950679394331140e-03
1.698000000000000000e+04 4.890450311333126993e-03
1.698500000000000000e+04 3.587050509262025826e-03
1.699000000000000000e+04 6.127641043483515043e-03
1.699500000000000000e+04 6.368227419510158992e-03
1.700000000000000000e+04 1.949370380803818565e-03
1.700500000000000000e+04 5.041942356765094675e-04
1.701000000000000000e+04 5.590945828175998425e-04
1.701500000000000000e+04 2.709994256877026886e-03
1.702000000000000000e+04 5.359651088351497991e-03
1.702500000000000000e+04 3.899292475862432307e-03
1.703000000000000000e+04 5.056272666560631020e-03
1.703500000000000000e+04 6.754149732598893098e-03
1.704000000000000000e+04 2.885929759162966617e-03
1.704500000000000000e+04 4.856459411934242396e-04
1.705000000000000000e+04 4.256126265227413649e-04
1.705500000000000000e+04 1.919425272637648562e-03
1.706000000000000000e+04 5.405922483563850925e-03
1.706500000000000000e+04 4.636084647269382575e-03
1.707000000000000000e+04 4.184688651968210098e-03
1.707500000000000000e+04 6.576006080336040463e-03
1.708000000000000000e+04 3.920232353075430061e-03
1.708500000000000000e+04 6.482147943986719908e-04
1.709000000000000000e+04 3.636175080619747594e-04
1.709500000000000000e+04 1.223414577895054435e-03
1.710000000000000000e+04 4.978995699230588309e-03
1.710500000000000000e+04 5.533176374068609314e-03
1.711000000000000000e+04 3.775595778397633755e-03
1.711500000000000000e+04 5.917428434221892568e-03
1.712000000000000000e+04 4.829495294065022822e-03
1.712500000000000000e+04 1.048554278015555608e-03
1.713000000000000000e+04 3.421978659540919382e-04
1.713500000000000000e+04 7.297390573531581121e-04
1.714000000000000000e+04 4.163956708157692983e-03
1.714500000000000000e+04 6.282998357126222400e-03
1.715000000000000000e+04 3.949175559403660628e-03
1.715500000000000000e+04 5.003841587698768315e-03
1.716000000000000000e+04 5.403315437115823253e-03
1.716500000000000000e+04 1.680078020789317964e-03
1.717000000000000000e+04 3.586892885425384757e-04
1.717500000000000000e+04 4.708992682748221626e-04
1.718000000000000000e+04 3.146078907060981950e-03
1.718500000000000000e+04 6.625887346250185217e-03
1.719000000000000000e+04 4.647507372934054672e-03
1.719500000000000000e+04 4.139537887888240786e-03
1.720000000000000000e+04 5.512053469765595612e-03
1.720500000000000000e+04 2.457889274981204467e-03
1.721000000000000000e+04 4.413569477813061360e-04
1.721500000000000000e+04 4.103780495604902401e-04
1.722000000000000000e+04 2.148279735225558720e-03
1.722500000000000000e+04 6.423925685982171709e-03
1.723000000000000000e+04 5.652451031578876843e-03
1.723500000000000000e+04 3.618040020718779441e-03
1.724000000000000000e+04 5.155072298000239195e-03
1.724500000000000000e+04 3.232104262180405391e-03
1.725000000000000000e+04 6.323524893986549357e-04
1.725500000000000000e+04 4.719710360355386597e-04
1.726000000000000000e+04 1.362594349147081647e-03
1.726500000000000000e+04 5.695992208491413786e-03
1.727000000000000000e+04 6.651224350735595800e-03
1.727500000000000000e+04 3.632914687062965657e-03
1.728000000000000000e+04 4.471319935802841976e-03
1.728500000000000000e+04 3.828215155730435321e-03
1.729000000000000000e+04 9.590346605453372794e-04
1.729500000000000000e+04 5.777663478097511173e-04
1.730000000000000000e+04 8.979771784725952078e-04
1.730500000000000000e+04 4.604841768993738621e-03
1.731000000000000000e+04 7.329519638421943400e-03
1.731500000000000000e+04 4.216717015692910547e-03
1.732000000000000000e+04 3.706154127680107938e-03
1.732500000000000000e+04 4.102693259581722575e-03
1.733000000000000000e+04 1.407421375470566593e-03
1.733500000000000000e+04 6.784171325013381958e-04
1.734000000000000000e+04 7.599689148404027315e-04
1.734500000000000000e+04 3.401967179764250893e-03
1.735000000000000000e+04 7.463880166917935197e-03
1.735500000000000000e+04 5.227573369100360634e-03
1.736000000000000000e+04 3.142213664824115068e-03
1.736500000000000000e+04 3.995478889735178119e-03
1.737000000000000000e+04 1.911091514709499376e-03
1.737500000000000000e+04 7.643476775827403149e-04
1.738000000000000000e+04 8.656759530050350164e-04
1.738500000000000000e+04 2.349012186844194779e-03
1.739000000000000000e+04 6.985519760563939015e-03
1.739500000000000000e+04 6.388469716150555443e-03
1.740000000000000000e+04 3.014195888168029035e-03
1.740500000000000000e+04 3.560618603027794569e-03
1.741000000000000000e+04 2.362727889949535736e-03
1.741500000000000000e+04 8.558522027421976413e-04
1.742000000000000000e+04 1.084856884898532416e-03
1.742500000000000000e+04 1.641351251434580716e-03
1.743000000000000000e+04 5.996737749445937848e-03
1.743500000000000000e+04 7.368034728155839312e-03
1.744000000000000000e+04 3.433684479548798456e-03
1.744500000000000000e+04 2.962266837328567017e-03
1.745000000000000000e+04 2.646414865106985325e-03
1.745500000000000000e+04 9.793290356307196489e-04
1.746000000000000000e+04 1.289613219939711192e-03
1.746500000000000000e+04 1.357667869956346446e-03
1.747000000000000000e+04 4.735866158502404812e-03
1.747500000000000000e+04 7.878550942943813098e-03
1.748000000000000000e+04 4.348388794493971386e-03
1.748500000000000000e+04 2.433854119143767820e-03
1.749000000000000000e+04 2.680336051324286144e-03
1.749500000000000000e+04 1.142243438282287884e-03
1.750000000000000000e+04 1.394212822488796180e-03
1.750500000000000000e+04 1.449550031271389745e-03
1.751000000000000000e+04 3.502738193012621976e-03
1.751500000000000000e+04 7.761279416561350786e-03
1.752000000000000000e+04 5.550387017302227735e-03
1.752500000000000000e+04 2.210346611449386101e-03
1.753000000000000000e+04 2.454604969608272565e-03
1.753500000000000000e+04 1.319097783909820498e-03
1.754000000000000000e+04 1.372626528604922258e-03
1.754500000000000000e+04 1.770955652592653799e-03
1.755000000000000000e+04 2.568803327997024218e-03
1.755500000000000000e+04 7.032901869510149034e-03
1.756000000000000000e+04 6.732921123717237194e-03
1.756500000000000000e+04 2.453423310834392228e-03
1.757000000000000000e+04 2.049201042226887412e-03
1.757500000000000000e+04 1.455462654015605159e-03
1.758000000000000000e+04 1.251273402377267368e-03
1.758500000000000000e+04 2.134211254554248347e-03
1.759000000000000000e+04 2.100193796890146517e-03
1.759500000000000000e+04 5.878938587434647152e-03
1.760000000000000000e+04 7.579663727458273680e-03
1.760500000000000000e+04 3.193606954039963225e-03
1.761000000000000000e+04 1.622452663967347605e-03
1.761500000000000000e+04 1.489417181437199290e-03
1.762000000000000000e+04 1.083955205927010198e-03
1.762500000000000000e+04 2.371713177240358794e-03
1.763000000000000000e+04 2.116870250214073282e-03
1.763500000000000000e+04 4.596597292461408399e-03
1.764000000000000000e+04 7.859387264807735432e-03
1.764500000000000000e+04 4.309831721429487408e-03
1.765000000000000000e+04 1.369865990598225901e-03
1.765500000000000000e+04 1.382419315094737377e-03
1.766000000000000000e+04 9.215942321862294166e-04
1.766500000000000000e+04 2.382915588027492357e-03
1.767000000000000000e+04 2.498380878833925470e-03
1.767500000000000000e+04 3.505285718232847240e-03
1.768000000000000000e+04 7.496527829562603731e-03
1.768500000000000000e+04 5.556008950533798674e-03
1.769000000000000000e+04 1.463703116701619298e-03
1.769500000000000000e+04 1.147087463562767142e-03
1.770000000000000000e+04 7.897210204336018152e-04
1.770500000000000000e+04 2.153498699120319146e-03
1.771000000000000000e+04 3.031316425075532110e-03
1.771500000000000000e+04 2.852832339950648385e-03
1.772000000000000000e+04 6.595300458274552975e-03
1.772500000000000000e+04 6.629032697659299235e-03
1.773000000000000000e+04 1.992037969025731940e-03
1.773500000000000000e+04 8.591615020292813149e-04
1.774000000000000000e+04 6.823076440918895763e-04
1.774500000000000000e+04 1.744425262317652594e-03
1.775000000000000000e+04 3.480639206134262652e-03
1.775500000000000000e+04 2.746173805449138999e-03
1.776000000000000000e+04 5.409519743486647901e-03
1.776500000000000000e+04 7.258445139985164607e-03
1.777000000000000000e+04 2.918631020839919290e-03
1.777500000000000000e+04 6.454849864482577020e-04
1.778000000000000000e+04 5.734210242580629630e-04
1.778500000000000000e+04 1.258833894415845858e-03
1.779000000000000000e+04 3.660914710441956054e-03
1.779500000000000000e+04 3.126821857770471520e-03
1.780000000000000000e+04 4.267304890155925075e-03
1.780500000000000000e+04 7.289860654220937410e-03
1.781000000000000000e+04 4.080022863732197733e-03
1.781500000000000000e+04 6.482512464240099657e-04
1.782000000000000000e+04 4.407597454167224739e-04
1.782500000000000000e+04 8.010683592030916908e-04
1.783000000000000000e+04 3.485531621170147917e-03
1.783500000000000000e+04 3.796789027376829169e-03
1.784000000000000000e+04 3.473877430715975254e-03
1.784500000000000000e+04 6.735320030076736610e-03
1.785000000000000000e+04 5.224631279961484097e-03
1.785500000000000000e+04 9.753911377943648257e-04
1.786000000000000000e+04 2.899160082146556069e-04
1.786500000000000000e+04 4.430914969734311613e-04
1.787000000000000000e+04 2.980917152574866398e-03
1.787500000000000000e+04 4.484772042573488722e-03
1.788000000000000000e+04 3.222214933932663131e-03
1.788500000000000000e+04 5.773825876130251472e-03
1.789000000000000000e+04 6.084193622010659018e-03
1.789500000000000000e+04 1.654181998067215257e-03
1.790000000000000000e+04 1.671449597135526446e-04
1.790500000000000000e+04 2.092678927722257899e-04
1.791000000000000000e+04 2.264973378321730266e-03
1.791500000000000000e+04 4.930407132370480394e-03
1.792000000000000000e+04 3.538586119669754389e-03
1.792500000000000000e+04 4.700922910907588681e-03
1.793000000000000000e+04 6.455919523663829380e-03
1.793500000000000000e+04 2.606488525953189542e-03
1.794000000000000000e+04 1.523939964969399667e-04
1.794500000000000000e+04 8.275439690138565972e-05
1.795000000000000000e+04 1.500345448396451630e-03
1.795500000000000000e+04 4.959936812022601796e-03
1.796000000000000000e+04 4.278909320125870268e-03
1.796500000000000000e+04 3.842159381964111321e-03
1.797000000000000000e+04 6.268868475149981349e-03
1.797500000000000000e+04 3.658085767478811128e-03
1.798000000000000000e+04 3.323399126242988495e-04
1.798500000000000000e+04 2.820221250443104955e-05
1.799000000000000000e+04 8.401532167426417966e-04
1.799500000000000000e+04 4.530791877764896516e-03
1.800000000000000000e+04 5.176078278708065930e-03
1.800500000000000000e+04 3.456500615592042556e-03
1.801000000000000000e+04 5.612254293814873153e-03
1.801500000000000000e+04 4.582928005991762643e-03
1.802000000000000000e+04 7.623205504651694650e-04
1.802500000000000000e+04 1.918011664916418390e-05
1.803000000000000000e+04 3.845536193873086298e-04
1.803500000000000000e+04 3.733581808626027388e-03
1.804000000000000000e+04 5.922739724412685001e-03
1.804500000000000000e+04 3.658987008811872936e-03
1.805000000000000000e+04 4.715124479597882466e-03
1.805500000000000000e+04 5.170270347160414379e-03
1.806000000000000000e+04 1.432374309425435942e-03
1.806500000000000000e+04 5.713870124297581738e-05
1.807000000000000000e+04 1.611196876707389968e-04
1.807500000000000000e+04 2.754051080864486963e-03
1.808000000000000000e+04 6.263381107449277931e-03
1.808500000000000000e+04 4.386230975936327922e-03
1.809000000000000000e+04 3.882122514656297183e-03
1.809500000000000000e+04 5.293338448303667489e-03
1.810000000000000000e+04 2.252959733971216828e-03
1.810500000000000000e+04 1.726966420976293673e-04
1.811000000000000000e+04 1.325873312801810044e-04
1.811500000000000000e+04 1.809976550036780912e-03
1.812000000000000000e+04 6.067326049638713768e-03
1.812500000000000000e+04 5.415491941394197546e-03
1.813000000000000000e+04 3.403860848932923396e-03
1.813500000000000000e+04 4.956363785225114185e-03
1.814000000000000000e+04 3.069570467805620394e-03
1.814500000000000000e+04 4.081263299174319988e-04
1.815000000000000000e+04 2.254614563282103144e-04
1.815500000000000000e+04 1.084814853430764777e-03
1.816000000000000000e+04 5.361001315787992764e-03
1.816500000000000000e+04 6.431712664903281758e-03
1.817000000000000000e+04 3.468683067419142934e-03
1.817500000000000000e+04 4.302973351530453051e-03
1.818000000000000000e+04 3.704686436265980810e-03
1.818500000000000000e+04 7.887872915858128902e-04
1.819000000000000000e+04 3.659428504824367690e-04
1.819500000000000000e+04 6.792017902556115368e-04
1.820000000000000000e+04 4.311419774894325284e-03
1.820500000000000000e+04 7.122004007409110139e-03
1.821000000000000000e+04 4.102881596780937230e-03
1.821500000000000000e+04 3.580896373329613830e-03
1.822000000000000000e+04 4.014610066787155720e-03
1.822500000000000000e+04 1.296967639757756535e-03
1.823000000000000000e+04 5.081710878935703215e-04
1.823500000000000000e+04 5.937666121503630805e-04
1.824000000000000000e+04 3.168565612731141790e-03
1.824500000000000000e+04 7.268353310600121110e-03
1.825000000000000000e+04 5.158569612845318765e-03
1.825500000000000000e+04 3.071746093475940728e-03
1.826000000000000000e+04 3.942069647495520177e-03
1.826500000000000000e+04 1.861489931717560768e-03
1.827000000000000000e+04 6.442825793646240204e-04
1.827500000000000000e+04 7.451840101983563461e-04
1.828000000000000000e+04 2.186984510601731359e-03
1.828500000000000000e+04 6.809909900087467508e-03
1.829000000000000000e+04 6.354348462508966136e-03
1.829500000000000000e+04 3.006010089972590942e-03
1.830000000000000000e+04 3.545573555436669529e-03
1.830500000000000000e+04 2.370436803406701480e-03
1.831000000000000000e+04 7.942438909005398963e-04
1.831500000000000000e+04 1.006139733788876962e-03
1.832000000000000000e+04 1.552209903368551545e-03
1.832500000000000000e+04 5.856139954383123535e-03
1.833000000000000000e+04 7.357563190597814565e-03
1.833500000000000000e+04 3.488998725565680553e-03
1.834000000000000000e+04 2.993250738892101834e-03
1.834500000000000000e+04 2.704945411751602264e-03
1.835000000000000000e+04 9.822418628506533571e-04
1.835500000000000000e+04 1.252823101925146405e-03
1.836000000000000000e+04 1.334286476148121865e-03
1.836500000000000000e+04 4.648204112248288319e-03
1.837000000000000000e+04 7.883368758404951659e-03
1.837500000000000000e+04 4.461532872625745792e-03
1.838000000000000000e+04 2.520025191568305879e-03
1.838500000000000000e+04 2.783062894438449297e-03
1.839000000000000000e+04 1.211945771381641801e-03
1.839500000000000000e+04 1.402840582801684333e-03
1.840000000000000000e+04 1.480295528834888168e-03
1.840500000000000000e+04 3.482507717465787005e-03
1.841000000000000000e+04 7.779784870137119134e-03
1.841500000000000000e+04 5.709667714796614127e-03
1.842000000000000000e+04 2.358944125422062030e-03
1.842500000000000000e+04 2.597629853201589411e-03
1.843000000000000000e+04 1.453071690032054939e-03
1.843500000000000000e+04 1.431808970115204874e-03
1.844000000000000000e+04 1.844435765217924137e-03
1.844500000000000000e+04 2.621779665241415636e-03
1.845000000000000000e+04 7.071962486031308295e-03
1.845500000000000000e+04 6.922986880204298234e-03
1.846000000000000000e+04 2.666720270748548609e-03
1.846500000000000000e+04 2.232896591654108791e-03
1.847000000000000000e+04 1.646556372987445158e-03
1.847500000000000000e+04 1.365926959587900839e-03
1.848000000000000000e+04 2.242537418281367184e-03
1.848500000000000000e+04 2.221572410950146091e-03
1.849000000000000000e+04 5.952023099349535405e-03
1.849500000000000000e+04 7.785241042475767731e-03
1.850000000000000000e+04 3.467128824071164916e-03
1.850500000000000000e+04 1.850855877867273007e-03
1.851000000000000000e+04 1.727525033825927673e-03
1.851500000000000000e+04 1.256986773098445805e-03
1.852000000000000000e+04 2.511481770158523197e-03
1.852500000000000000e+04 2.293459921148308534e-03
1.853000000000000000e+04 4.718559072227116423e-03
1.853500000000000000e+04 8.069667164121798603e-03
1.854000000000000000e+04 4.632181398336028197e-03
1.854500000000000000e+04 1.648140744570923341e-03
1.855000000000000000e+04 1.657364528117465053e-03
1.855500000000000000e+04 1.152257460263872218e-03
1.856000000000000000e+04 2.554414416584915512e-03
1.856500000000000000e+04 2.713389404742574170e-03
1.857000000000000000e+04 3.685901381865595676e-03
1.857500000000000000e+04 7.708673347807610925e-03
1.858000000000000000e+04 5.910315944281662598e-03
1.858500000000000000e+04 1.794767167004686619e-03
1.859000000000000000e+04 1.451557744556897928e-03
1.859500000000000000e+04 1.072489057093672492e-03
1.860000000000000000e+04 2.359111966500169501e-03
1.860500000000000000e+04 3.269268934087364836e-03
1.861000000000000000e+04 3.092074264814919336e-03
1.861500000000000000e+04 6.815255418318858817e-03
1.862000000000000000e+04 6.995930777599446669e-03
1.862500000000000000e+04 2.373667684843074055e-03
1.863000000000000000e+04 1.190281365557147551e-03
1.863500000000000000e+04 1.006954467319115705e-03
1.864000000000000000e+04 1.986847648451906239e-03
1.864500000000000000e+04 3.730496824773114634e-03
1.865000000000000000e+04 3.033359228255949960e-03
1.865500000000000000e+04 5.649109703662781069e-03
1.866000000000000000e+04 7.620224053531180451e-03
1.866500000000000000e+04 3.341957811083895794e-03
1.867000000000000000e+04 1.004196129679618774e-03
1.867500000000000000e+04 9.267848176424444686e-04
1.868000000000000000e+04 1.539194932206214587e-03
1.868500000000000000e+04 3.916886070056362253e-03
1.869000000000000000e+04 3.443753681594314327e-03
1.869500000000000000e+04 4.538389825370250756e-03
1.870000000000000000e+04 7.634815666322018052e-03
1.870500000000000000e+04 4.529757983253085429e-03
1.871000000000000000e+04 1.036758179481783856e-03
1.871500000000000000e+04 8.098274982964721695e-04
1.872000000000000000e+04 1.117043939353639650e-03
1.872500000000000000e+04 3.746243842647225229e-03
1.873000000000000000e+04 4.123043859836109278e-03
1.873500000000000000e+04 3.781990142558983112e-03
1.874000000000000000e+04 7.060675433118801872e-03
1.874500000000000000e+04 5.680994180713222139e-03
1.875000000000000000e+04 1.393824844387714585e-03
1.875500000000000000e+04 6.649653894555121111e-04
1.876000000000000000e+04 7.875362630504227288e-04
1.876500000000000000e+04 3.247862350318176609e-03
1.877000000000000000e+04 4.802636817844463911e-03
1.877500000000000000e+04 3.562615148622332636e-03
1.878000000000000000e+04 6.085597665608910752e-03
1.878500000000000000e+04 6.526309113768205897e-03
1.879000000000000000e+04 2.097833670417609351e-03
1.879500000000000000e+04 5.434304159969631336e-04
1.880000000000000000e+04 5.702425706503687483e-04
1.880500000000000000e+04 2.540658918176071958e-03
1.881000000000000000e+04 5.227758607571113096e-03
1.881500000000000000e+04 3.896456181399137863e-03
1.882000000000000000e+04 5.010148849670847428e-03
1.882500000000000000e+04 6.866122152893597633e-03
1.883000000000000000e+04 3.064537062610916008e-03
1.883500000000000000e+04 5.295279070670038789e-04
1.884000000000000000e+04 4.454791375363924668e-04
1.884500000000000000e+04 1.786156760255893728e-03
1.885000000000000000e+04 5.230842994123591043e-03
1.885500000000000000e+04 4.633308095683681509e-03
1.886000000000000000e+04 4.158702025350236031e-03
1.886500000000000000e+04 6.636765652084927920e-03
1.887000000000000000e+04 4.114139170970862631e-03
1.887500000000000000e+04 7.116917449591817716e-04
1.888000000000000000e+04 3.784673012974238662e-04
1.888500000000000000e+04 1.134095685074327023e-03
1.889000000000000000e+04 4.774597197883593408e-03
1.889500000000000000e+04 5.505521507762037477e-03
1.890000000000000000e+04 3.783071003478399690e-03
1.890500000000000000e+04 5.936926994563277576e-03
1.891000000000000000e+04 5.017272905472858723e-03
1.891500000000000000e+04 1.143667072988900852e-03
1.892000000000000000e+04 3.467682461574160221e-04
1.892500000000000000e+04 6.796331856102628532e-04
1.893000000000000000e+04 3.953288193940193013e-03
1.893500000000000000e+04 6.209957408657455422e-03
1.894000000000000000e+04 3.988115807766330796e-03
1.894500000000000000e+04 5.004090732680899559e-03
1.895000000000000000e+04 5.563465442566722062e-03
1.895500000000000000e+04 1.811207687327366254e-03
1.896000000000000000e+04 3.576185611356245421e-04
1.896500000000000000e+04 4.454102964909396889e-04
1.897000000000000000e+04 2.954258347042380047e-03
1.897500000000000000e+04 6.497841640283683572e-03
1.898000000000000000e+04 4.701462300947163025e-03
1.898500000000000000e+04 4.146910536560818525e-03
1.899000000000000000e+04 5.630423054528457989e-03
1.899500000000000000e+04 2.619377073995722300e-03
1.900000000000000000e+04 4.467419393555732091e-04
1.900500000000000000e+04 3.915059632906008774e-04
1.901000000000000000e+04 1.994353386512257454e-03
1.901500000000000000e+04 6.245543905477536802e-03
1.902000000000000000e+04 5.695943614064612713e-03
1.902500000000000000e+04 3.653755479598792821e-03
1.903000000000000000e+04 5.230444287881420851e-03
1.903500000000000000e+04 3.409018330524729752e-03
1.904000000000000000e+04 6.587815326141325872e-04
1.904500000000000000e+04 4.455946805065892332e-04
1.905000000000000000e+04 1.253441646860789429e-03
1.905500000000000000e+04 5.485460615045569324e-03
1.906000000000000000e+04 6.657699114548590660e-03
1.906500000000000000e+04 3.705356514251546655e-03
1.907000000000000000e+04 4.516651763578537204e-03
1.907500000000000000e+04 4.000367327656763165e-03
1.908000000000000000e+04 1.018028295221168941e-03
1.908500000000000000e+04 5.387483233092874631e-04
1.909000000000000000e+04 8.267789076067500820e-04
1.909500000000000000e+04 4.388777263371155569e-03
1.910000000000000000e+04 7.279412289130697544e-03
1.910500000000000000e+04 4.318342772515368702e-03
1.911000000000000000e+04 3.744455399630341672e-03
1.911500000000000000e+04 4.251065739583297434e-03
1.912000000000000000e+04 1.503017785836603193e-03
1.912500000000000000e+04 6.317937927190791407e-04
1.913000000000000000e+04 7.098709372660043154e-04
1.913500000000000000e+04 3.207270169242274187e-03
1.914000000000000000e+04 7.350676633376009191e-03
1.914500000000000000e+04 5.337220949249426617e-03
1.915000000000000000e+04 3.198313510516657965e-03
1.915500000000000000e+04 4.109106029905849888e-03
1.916000000000000000e+04 2.037799552088272095e-03
1.916500000000000000e+04 7.226872279960426873e-04
1.917000000000000000e+04 8.169967949440859901e-04
1.917500000000000000e+04 2.194316484013862818e-03
1.918000000000000000e+04 6.818189553492915236e-03
1.918500000000000000e+04 6.477910909598112027e-03
1.919000000000000000e+04 3.105512444683525188e-03
1.919500000000000000e+04 3.641266424895434582e-03
1.920000000000000000e+04 2.506529765995024750e-03
1.920500000000000000e+04 8.342327739690610054e-04
1.921000000000000000e+04 1.022726293061388585e-03
1.921500000000000000e+04 1.531284253117676285e-03
1.922000000000000000e+04 5.797649480930073748e-03
1.922500000000000000e+04 7.410479395072767234e-03
1.923000000000000000e+04 3.563554804537890329e-03
1.923500000000000000e+04 3.024639401989429131e-03
1.924000000000000000e+04 2.788848287414857560e-03
1.924500000000000000e+04 9.898455047045757061e-04
1.925000000000000000e+04 1.209040464971765936e-03
1.925500000000000000e+04 1.282249593628380672e-03
1.926000000000000000e+04 4.534404069723932916e-03
1.926500000000000000e+04 7.856610368737042618e-03
1.927000000000000000e+04 4.504360321358247092e-03
1.927500000000000000e+04 2.500694875549355593e-03
1.928000000000000000e+04 2.804735946758188381e-03
1.928500000000000000e+04 1.189697474828932226e-03
1.929000000000000000e+04 1.301030225180001276e-03
1.929500000000000000e+04 1.388947516242921860e-03
1.930000000000000000e+04 3.326306082289405986e-03
1.930500000000000000e+04 7.672295373197345406e-03
1.931000000000000000e+04 5.707819384270128131e-03
1.931500000000000000e+04 2.304032183696095790e-03
1.932000000000000000e+04 2.552502320651385548e-03
1.932500000000000000e+04 1.399034305316433115e-03
1.933000000000000000e+04 1.280584402944777780e-03
1.933500000000000000e+04 1.703514987541187437e-03
1.934000000000000000e+04 2.434184956584949534e-03
1.934500000000000000e+04 6.890186327189050559e-03
1.935000000000000000e+04 6.862375888666822840e-03
1.935500000000000000e+04 2.587294090747341031e-03
1.936000000000000000e+04 2.124279153429083425e-03
1.936500000000000000e+04 1.555216897815540119e-03
1.937000000000000000e+04 1.176829004541268949e-03
1.937500000000000000e+04 2.044433746516205637e-03
1.938000000000000000e+04 2.008508674394070097e-03
1.938500000000000000e+04 5.708325815536624548e-03
1.939000000000000000e+04 7.655592587861398575e-03
1.939500000000000000e+04 3.366428179518660222e-03
1.940000000000000000e+04 1.690003257677667433e-03
1.940500000000000000e+04 1.592177681620762829e-03
1.941000000000000000e+04 1.040651368718985758e-03
1.941500000000000000e+04 2.255216388319406136e-03
1.942000000000000000e+04 2.054157415827426343e-03
1.942500000000000000e+04 4.428925198113099933e-03
1.943000000000000000e+04 7.867616772459271046e-03
1.943500000000000000e+04 4.505395007638829385e-03
1.944000000000000000e+04 1.451434894782811791e-03
1.944500000000000000e+04 1.473325960730233154e-03
1.945000000000000000e+04 9.156446354029375853e-04
1.945500000000000000e+04 2.247021293808788150e-03
1.946000000000000000e+04 2.441548246765894159e-03
1.946500000000000000e+04 3.366877263616827910e-03
1.947000000000000000e+04 7.438578932762248026e-03
1.947500000000000000e+04 5.747781478189795470e-03
1.948000000000000000e+04 1.578795548541492202e-03
1.948500000000000000e+04 1.219291607409691506e-03
1.949000000000000000e+04 8.179752659702940482e-04
1.949500000000000000e+04 2.013917440035791710e-03
1.950000000000000000e+04 2.956962235831332806e-03
1.950500000000000000e+04 2.757159640014170913e-03
1.951000000000000000e+04 6.488331252116993908e-03
1.951500000000000000e+04 6.788012046966220361e-03
1.952000000000000000e+04 2.150184602323257539e-03
1.952500000000000000e+04 9.172741497514277703e-04
1.953000000000000000e+04 7.332907420167793407e-04
1.953500000000000000e+04 1.619680289363786265e-03
1.954000000000000000e+04 3.373240435472064664e-03
1.954500000000000000e+04 2.689842169326721929e-03
1.955000000000000000e+04 5.281622654054649556e-03
1.955500000000000000e+04 7.361632883907299682e-03
1.956000000000000000e+04 3.114991682776732402e-03
1.956500000000000000e+04 7.045346897438158149e-04
1.957000000000000000e+04 6.314380054171717105e-04
1.957500000000000000e+04 1.164332346415611601e-03
1.958000000000000000e+04 3.517500707243533930e-03
1.958500000000000000e+04 3.091514198114213470e-03
1.959000000000000000e+04 4.149154636549697017e-03
1.959500000000000000e+04 7.326942424650037707e-03
1.960000000000000000e+04 4.296120504134789096e-03
1.960500000000000000e+04 7.281172515546792358e-04
1.961000000000000000e+04 4.919864057548897860e-04
1.961500000000000000e+04 7.444662961663701256e-04
1.962000000000000000e+04 3.315723619813834393e-03
1.962500000000000000e+04 3.756411362028754496e-03
1.963000000000000000e+04 3.389100623772629828e-03
1.963500000000000000e+04 6.711811651228488489e-03
1.964000000000000000e+04 5.433718885094377705e-03
1.964500000000000000e+04 1.092806746295184490e-03
1.965000000000000000e+04 3.282959455902903544e-04
1.965500000000000000e+04 4.221761598117952175e-04
1.966000000000000000e+04 2.803006588658171067e-03
1.966500000000000000e+04 4.414917569984728660e-03
1.967000000000000000e+04 3.179751644403112660e-03
1.967500000000000000e+04 5.709764356970003889e-03
1.968000000000000000e+04 6.259178906698778348e-03
1.968500000000000000e+04 1.815606015445012447e-03
1.969000000000000000e+04 1.975117268911568715e-04
1.969500000000000000e+04 2.130885587294110485e-04
1.970000000000000000e+04 2.099809584009345448e-03
1.970500000000000000e+04 4.816516276263508450e-03
1.971000000000000000e+04 3.529965341630820347e-03
1.971500000000000000e+04 4.625160090139875287e-03
1.972000000000000000e+04 6.577267071434158424e-03
1.972500000000000000e+04 2.804753672188085249e-03
1.973000000000000000e+04 1.891024613844910442e-04
1.973500000000000000e+04 9.593381413224887143e-05
1.974000000000000000e+04 1.365011642989244272e-03
1.974500000000000000e+04 4.801425211557468382e-03
1.975000000000000000e+04 4.281634657341624149e-03
1.975500000000000000e+04 3.783559521947634993e-03
1.976000000000000000e+04 6.330261225757808502e-03
1.976500000000000000e+04 3.874009447587524642e-03
1.977000000000000000e+04 3.936359851215017695e-04
1.977500000000000000e+04 3.719540217003058691e-05
1.978000000000000000e+04 7.431333052515346491e-04
1.978500000000000000e+04 4.340285364820011156e-03
1.979000000000000000e+04 5.161851365854432105e-03
1.979500000000000000e+04 3.434616908723582638e-03
1.980000000000000000e+04 5.622551565884047024e-03
1.980500000000000000e+04 4.791035924529037440e-03
1.981000000000000000e+04 8.627209333162313542e-04
1.981500000000000000e+04 1.814939740070407509e-05
1.982000000000000000e+04 3.236757494887693805e-04
1.982500000000000000e+04 3.532198870033908481e-03
1.983000000000000000e+04 5.867310320786732827e-03
1.983500000000000000e+04 3.677453064675437113e-03
1.984000000000000000e+04 4.695984718037554163e-03
1.984500000000000000e+04 5.346436755296603456e-03
1.985000000000000000e+04 1.576306902323749981e-03
1.985500000000000000e+04 5.085406351833007929e-05
1.986000000000000000e+04 1.249921660432889395e-04
1.986500000000000000e+04 2.564662942733830775e-03
1.987000000000000000e+04 6.154354453033217612e-03
1.987500000000000000e+04 4.431500174939375161e-03
1.988000000000000000e+04 3.861625085558359916e-03
1.988500000000000000e+04 5.421873481289277326e-03
1.989000000000000000e+04 2.432275675505927905e-03
1.989500000000000000e+04 1.749170672183183333e-04
1.990000000000000000e+04 1.053277052747886603e-04
1.990500000000000000e+04 1.650529312806033001e-03
1.991000000000000000e+04 5.907419548585546472e-03
1.991500000000000000e+04 5.461621909579541731e-03
1.992000000000000000e+04 3.407650020377182495e-03
1.992500000000000000e+04 5.034594258993971977e-03
1.993000000000000000e+04 3.265736915836015518e-03
1.993500000000000000e+04 4.359457282620129515e-04
1.994000000000000000e+04 1.932695575579453518e-04
1.994500000000000000e+04 9.634777417110390683e-04
1.995000000000000000e+04 5.166230954944053474e-03
1.995500000000000000e+04 6.449444624671191867e-03
1.996000000000000000e+04 3.511312125906027298e-03
1.996500000000000000e+04 4.342135890148621918e-03
1.997000000000000000e+04 3.894545732793432830e-03
1.997500000000000000e+04 8.553662947821121139e-04
1.998000000000000000e+04 3.230218028525095675e-04
1.998500000000000000e+04 5.926333152629241268e-04
1.999000000000000000e+04 4.105460637605566447e-03
1.999500000000000000e+04 7.088646576895875351e-03
2.000000000000000000e+04 4.182476450388565928e-03
