0.000000000000000000e+00 0.000000000000000000e+00 0.000000000000000000e+00 0.000000000000000000e+00 0.000000000000000000e+00
2.500000000000000000e+00 0.000000000000000000e+00 0.000000000000000000e+00 1.935404784671933493e-04 4.644971483212639570e-05
5.000000000000000000e+00 0.000000000000000000e+00 0.000000000000000000e+00 2.488850732062187262e-03 5.973241756949249602e-04
7.500000000000000000e+00 0.000000000000000000e+00 0.000000000000000000e+00 8.731101461667809677e-03 2.095464350800273819e-03
1.000000000000000000e+01 0.000000000000000000e+00 0.000000000000000000e+00 1.641806903768572301e-02 3.940336569044573627e-03
1.250000000000000000e+01 0.000000000000000000e+00 0.000000000000000000e+00 2.039693925996952442e-02 4.895265422392685271e-03
1.500000000000000000e+01 0.000000000000000000e+00 0.000000000000000000e+00 1.856622725933144979e-02 4.455894542239547708e-03
1.750000000000000000e+01 0.000000000000000000e+00 0.000000000000000000e+00 1.394784751014542176e-02 3.347483402434901431e-03
2.000000000000000000e+01 0.000000000000000000e+00 0.000000000000000000e+00 1.106170696316163826e-02 2.654809671158793200e-03
2.250000000000000000e+01 0.000000000000000000e+00 0.000000000000000000e+00 1.162679690409325166e-02 2.790431256982380155e-03
2.500000000000000000e+01 0.000000000000000000e+00 0.000000000000000000e+00 1.428646592486109736e-02 3.428751821966662984e-03
2.750000000000000000e+01 0.000000000000000000e+00 0.000000000000000000e+00 1.754217632934661208e-02 4.210122319043187004e-03
3.000000000000000000e+01 0.000000000000000000e+00 0.000000000000000000e+00 2.151413739319159996e-02 5.163392974365983018e-03
3.250000000000000000e+01 0.000000000000000000e+00 0.000000000000000000e+00 2.618826255042746784e-02 6.285183012102591241e-03
3.500000000000000000e+01 0.000000000000000000e+00 0.000000000000000000e+00 2.925302679510459816e-02 7.020726430825103594e-03
3.750000000000000000e+01 0.000000000000000000e+00 0.000000000000000000e+00 2.815058067770655897e-02 6.756139362649573980e-03
4.000000000000000000e+01 0.000000000000000000e+00 0.000000000000000000e+00 2.452478922531115338e-02 5.885949414074676152e-03
4.250000000000000000e+01 0.000000000000000000e+00 0.000000000000000000e+00 2.386714131268794295e-02 5.728113915045106481e-03
4.500000000000000000e+01 0.000000000000000000e+00 0.000000000000000000e+00 2.913270598864810268e-02 6.991849437275543533e-03
4.750000000000000000e+01 0.000000000000000000e+00 0.000000000000000000e+00 3.655479087361675206e-02 8.773149809668019314e-03
5.000000000000000000e+01 0.000000000000000000e+00 0.000000000000000000e+00 3.962725887491978100e-02 9.510542129980746953e-03
5.250000000000000000e+01 0.000000000000000000e+00 0.000000000000000000e+00 3.605208816070916422e-02 8.652501158570198581e-03
5.500000000000000000e+01 0.000000000000000000e+00 0.000000000000000000e+00 2.901445970890417086e-02 6.963470330137000452e-03
5.750000000000000000e+01 0.000000000000000000e+00 0.000000000000000000e+00 2.268462994947901754e-02 5.444311187874964139e-03
6.000000000000000000e+01 0.000000000000000000e+00 0.000000000000000000e+00 1.878864361626807894e-02 4.509274467904338286e-03
6.250000000000000000e+01 0.000000000000000000e+00 0.000000000000000000e+00 1.747926867474777768e-02 4.195024481939466955e-03
6.500000000000000000e+01 0.000000000000000000e+00 0.000000000000000000e+00 1.923549871343240014e-02 4.616519691223775618e-03
6.750000000000000000e+01 0.000000000000000000e+00 0.000000000000000000e+00 2.423919957692262719e-02 5.817407898461430388e-03
7.000000000000000000e+01 0.000000000000000000e+00 0.000000000000000000e+00 3.012460038301591897e-02 7.229904091923820657e-03
7.250000000000000000e+01 0.000000000000000000e+00 0.000000000000000000e+00 3.206263415401221228e-02 7.695032196962930428e-03
7.500000000000000000e+01 0.000000000000000000e+00 0.000000000000000000e+00 2.690273623745019493e-02 6.456656696988046125e-03
7.750000000000000000e+01 0.000000000000000000e+00 0.000000000000000000e+00 1.716813170340755063e-02 4.120351608817811664e-03
8.000000000000000000e+01 0.000000000000000000e+00 0.000000000000000000e+00 9.117019325598694351e-03 2.188084638143686627e-03
8.250000000000000000e+01 0.000000000000000000e+00 0.000000000000000000e+00 6.222958917284826877e-03 1.493510140148358390e-03
8.500000000000000000e+01 0.000000000000000000e+00 0.000000000000000000e+00 6.323166275417017174e-03 1.517559906100083992e-03
8.750000000000000000e+01 0.000000000000000000e+00 0.000000000000000000e+00 6.053733044253892595e-03 1.452895930620934101e-03
9.000000000000000000e+01 0.000000000000000000e+00 0.000000000000000000e+00 5.664071960515895676e-03 1.359377270523814876e-03
9.250000000000000000e+01 0.000000000000000000e+00 0.000000000000000000e+00 7.277442759686980275e-03 1.746586262324875205e-03
9.500000000000000000e+01 0.000000000000000000e+00 0.000000000000000000e+00 1.028017157803691635e-02 2.467241178728859629e-03
9.750000000000000000e+01 0.000000000000000000e+00 0.000000000000000000e+00 1.144494390098856756e-02 2.746786536237256181e-03
1.000000000000000000e+02 0.000000000000000000e+00 0.000000000000000000e+00 9.341388118450576553e-03 2.241933148428138043e-03
1.025000000000000000e+02 0.000000000000000000e+00 0.000000000000000000e+00 6.417483351962655069e-03 1.540196004471037008e-03
1.050000000000000000e+02 0.000000000000000000e+00 0.000000000000000000e+00 6.078311692611239499e-03 1.458794806226697402e-03
1.075000000000000000e+02 0.000000000000000000e+00 0.000000000000000000e+00 8.739863847423923193e-03 2.097567323381741358e-03
1.100000000000000000e+02 0.000000000000000000e+00 0.000000000000000000e+00 1.165049087447967216e-02 2.796117809875121266e-03
1.125000000000000000e+02 0.000000000000000000e+00 0.000000000000000000e+00 1.246935261755979622e-02 2.992644628214350799e-03
1.150000000000000000e+02 0.000000000000000000e+00 0.000000000000000000e+00 1.199023454793529675e-02 2.877656291504470873e-03
1.175000000000000000e+02 0.000000000000000000e+00 0.000000000000000000e+00 1.237371486677408747e-02 2.969691568025780489e-03
1.200000000000000000e+02 0.000000000000000000e+00 0.000000000000000000e+00 1.350513427921666218e-02 3.241232227011998750e-03
1.225000000000000000e+02 0.000000000000000000e+00 0.000000000000000000e+00 1.343968385020604187e-02 3.225524124049449978e-03
1.250000000000000000e+02 0.000000000000000000e+00 0.000000000000000000e+00 1.277077030335165356e-02 3.064984872804396663e-03
1.275000000000000000e+02 0.000000000000000000e+00 0.000000000000000000e+00 1.555343153714280197e-02 3.732823568914272160e-03
1.300000000000000000e+02 0.000000000000000000e+00 0.000000000000000000e+00 2.394171506780234243e-02 5.746011616272562149e-03
1.325000000000000000e+02 0.000000000000000000e+00 0.000000000000000000e+00 3.391542214376783160e-02 8.139701314504277710e-03
1.350000000000000000e+02 0.000000000000000000e+00 0.000000000000000000e+00 3.871742539799715582e-02 9.292182095519317675e-03
1.375000000000000000e+02 0.000000000000000000e+00 0.000000000000000000e+00 3.580450866891556755e-02 8.593082080539734754e-03
1.400000000000000000e+02 0.000000000000000000e+00 0.000000000000000000e+00 2.869966543458261563e-02 6.887919704299826952e-03
1.425000000000000000e+02 0.000000000000000000e+00 0.000000000000000000e+00 2.259709315862713438e-02 5.423302358070512114e-03
1.450000000000000000e+02 0.000000000000000000e+00 0.000000000000000000e+00 2.001599761277369702e-02 4.803839427065686486e-03
1.475000000000000000e+02 0.000000000000000000e+00 0.000000000000000000e+00 2.078690438609125807e-02 4.988857052661901069e-03
1.500000000000000000e+02 0.000000000000000000e+00 0.000000000000000000e+00 2.432083051684458957e-02 5.836999324042700492e-03
1.525000000000000000e+02 0.000000000000000000e+00 0.000000000000000000e+00 3.017593028896573687e-02 7.242223269351776016e-03
1.550000000000000000e+02 0.000000000000000000e+00 0.000000000000000000e+00 3.632688006478514142e-02 8.718451215548433594e-03
1.575000000000000000e+02 0.000000000000000000e+00 0.000000000000000000e+00 3.862288574874366692e-02 9.269492579698479159e-03
1.600000000000000000e+02 0.000000000000000000e+00 0.000000000000000000e+00 3.422540875293743345e-02 8.214098100704983821e-03
1.625000000000000000e+02 0.000000000000000000e+00 0.000000000000000000e+00 2.570048430276423990e-02 6.168116232663417575e-03
1.650000000000000000e+02 0.000000000000000000e+00 0.000000000000000000e+00 1.944368022522987779e-02 4.666483254055170046e-03
1.675000000000000000e+02 0.000000000000000000e+00 0.000000000000000000e+00 1.891432186261278112e-02 4.539437247027067537e-03
1.700000000000000000e+02 0.000000000000000000e+00 0.000000000000000000e+00 2.111686731399043532e-02 5.068048155357704476e-03
1.725000000000000000e+02 0.000000000000000000e+00 0.000000000000000000e+00 2.104905795894120718e-02 5.051773910145889931e-03
1.750000000000000000e+02 0.000000000000000000e+00 0.000000000000000000e+00 1.777969434341005253e-02 4.267126642418412295e-03
1.775000000000000000e+02 0.000000000000000000e+00 0.000000000000000000e+00 1.410953507242443047e-02 3.386288417381863331e-03
1.800000000000000000e+02 0.000000000000000000e+00 0.000000000000000000e+00 1.178385431468749467e-02 2.828125035524998217e-03
1.825000000000000000e+02 0.000000000000000000e+00 0.000000000000000000e+00 9.867862099461496145e-03 2.368286903870758884e-03
1.850000000000000000e+02 0.000000000000000000e+00 0.000000000000000000e+00 7.625569291992076795e-03 1.830136630078098205e-03
1.875000000000000000e+02 0.000000000000000000e+00 0.000000000000000000e+00 6.595279589104255727e-03 1.582867101385021427e-03
1.900000000000000000e+02 0.000000000000000000e+00 0.000000000000000000e+00 8.668382175535283007e-03 2.080411722128468026e-03
1.925000000000000000e+02 0.000000000000000000e+00 0.000000000000000000e+00 1.284899533839179916e-02 3.083758881214031678e-03
1.950000000000000000e+02 0.000000000000000000e+00 0.000000000000000000e+00 1.523127977728090318e-02 3.655507146547416243e-03
1.975000000000000000e+02 0.000000000000000000e+00 0.000000000000000000e+00 1.295352545803795698e-02 3.108846109929109397e-03
2.000000000000000000e+02 0.000000000000000000e+00 0.000000000000000000e+00 7.598106884692489710e-03 1.823545652326197383e-03
2.025000000000000000e+02 0.000000000000000000e+00 0.000000000000000000e+00 3.359179599849611720e-03 8.062031039639067304e-04
2.050000000000000000e+02 0.000000000000000000e+00 0.000000000000000000e+00 2.040805882677438655e-03 4.897934118425852947e-04
2.075000000000000000e+02 0.000000000000000000e+00 0.000000000000000000e+00 1.964443162189809938e-03 4.714663589255544004e-04
2.100000000000000000e+02 0.000000000000000000e+00 0.000000000000000000e+00 2.314230491668464208e-03 5.554153180004314013e-04
2.125000000000000000e+02 0.000000000000000000e+00 0.000000000000000000e+00 5.602032783924592620e-03 1.344487868141902229e-03
2.150000000000000000e+02 0.000000000000000000e+00 0.000000000000000000e+00 1.364464212773568511e-02 3.274714110656564391e-03
2.175000000000000000e+02 0.000000000000000000e+00 0.000000000000000000e+00 2.314742736277914173e-02 5.555382567066993391e-03
2.200000000000000000e+02 0.000000000000000000e+00 0.000000000000000000e+00 2.809189420667890930e-02 6.742054609602937502e-03
2.225000000000000000e+02 0.000000000000000000e+00 0.000000000000000000e+00 2.608394321903946197e-02 6.260146372569470354e-03
2.250000000000000000e+02 0.000000000000000000e+00 0.000000000000000000e+00 2.051568248591698410e-02 4.923763796620075732e-03
2.275000000000000000e+02 0.000000000000000000e+00 0.000000000000000000e+00 1.655283027125879769e-02 3.972679265102111064e-03
2.300000000000000000e+02 0.000000000000000000e+00 0.000000000000000000e+00 1.645752245843144779e-02 3.949805390023547122e-03
2.325000000000000000e+02 0.000000000000000000e+00 0.000000000000000000e+00 1.915617566856892343e-02 4.597482160456541241e-03
2.350000000000000000e+02 0.000000000000000000e+00 0.000000000000000000e+00 2.305473233251544712e-02 5.533135759803706720e-03
2.375000000000000000e+02 0.000000000000000000e+00 0.000000000000000000e+00 2.773672948829051035e-02 6.656815077189721583e-03
2.400000000000000000e+02 0.000000000000000000e+00 0.000000000000000000e+00 3.249639465217130097e-02 7.799134716521111642e-03
2.425000000000000000e+02 0.000000000000000000e+00 0.000000000000000000e+00 3.472607351531741687e-02 8.334257643676179494e-03
2.450000000000000000e+02 0.000000000000000000e+00 0.000000000000000000e+00 3.218585365511752311e-02 7.724604877228205373e-03
2.475000000000000000e+02 0.000000000000000000e+00 0.000000000000000000e+00 2.705126632011577853e-02 6.492303916827786049e-03
2.500000000000000000e+02 0.000000000000000000e+00 0.000000000000000000e+00 2.503236192269870167e-02 6.007766861447687810e-03
2.525000000000000000e+02 0.000000000000000000e+00 0.000000000000000000e+00 2.891385514919404126e-02 6.939325235806569243e-03
2.550000000000000000e+02 0.000000000000000000e+00 0.000000000000000000e+00 3.473722939449298830e-02 8.336935054678315873e-03
2.575000000000000000e+02 0.000000000000000000e+00 0.000000000000000000e+00 3.617343910575666899e-02 8.681625385381600002e-03
2.600000000000000000e+02 0.000000000000000000e+00 0.000000000000000000e+00 3.144026822528972476e-02 7.545664374069533699e-03
2.625000000000000000e+02 0.000000000000000000e+00 0.000000000000000000e+00 2.407107309699112879e-02 5.777057543277870980e-03
2.650000000000000000e+02 0.000000000000000000e+00 0.000000000000000000e+00 1.800002402092072337e-02 4.320005765020972811e-03
2.675000000000000000e+02 0.000000000000000000e+00 0.000000000000000000e+00 1.433369014235181399e-02 3.440085634164434785e-03
2.700000000000000000e+02 0.000000000000000000e+00 0.000000000000000000e+00 1.276647385788919065e-02 3.063953725893405616e-03
2.725000000000000000e+02 0.000000000000000000e+00 0.000000000000000000e+00 1.374571893637503359e-02 3.298972544730007905e-03
2.750000000000000000e+02 0.000000000000000000e+00 0.000000000000000000e+00 1.773438751179420153e-02 4.256253002830607916e-03
2.775000000000000000e+02 0.000000000000000000e+00 0.000000000000000000e+00 2.279143397328443205e-02 5.469944153588262789e-03
2.800000000000000000e+02 0.000000000000000000e+00 0.000000000000000000e+00 2.452505075614894170e-02 5.886012181475745383e-03
2.825000000000000000e+02 0.000000000000000000e+00 0.000000000000000000e+00 1.998356166752868895e-02 4.796054800206884378e-03
2.850000000000000000e+02 0.000000000000000000e+00 0.000000000000000000e+00 1.139313625179046510e-02 2.734352700429711416e-03
2.875000000000000000e+02 0.000000000000000000e+00 0.000000000000000000e+00 4.325747121042031011e-03 1.038179309050087356e-03
2.900000000000000000e+02 0.000000000000000000e+00 0.000000000000000000e+00 1.723330475233785398e-03 4.135993140561084933e-04
2.925000000000000000e+02 0.000000000000000000e+00 0.000000000000000000e+00 1.600961941913466849e-03 3.842308660592320328e-04
2.950000000000000000e+02 0.000000000000000000e+00 0.000000000000000000e+00 1.463427622725413553e-03 3.512226294540992419e-04
2.975000000000000000e+02 0.000000000000000000e+00 0.000000000000000000e+00 2.386436816804505569e-03 5.727448360330812281e-04
3.000000000000000000e+02 0.000000000000000000e+00 0.000000000000000000e+00 6.475293896481042200e-03 1.554070535155449963e-03
3.025000000000000000e+02 0.000000000000000000e+00 0.000000000000000000e+00 1.219677186671045896e-02 2.927225248010510011e-03
3.050000000000000000e+02 0.000000000000000000e+00 0.000000000000000000e+00 1.522174418246315108e-02 3.653218603791155705e-03
3.075000000000000000e+02 0.000000000000000000e+00 0.000000000000000000e+00 1.362301697518764759e-02 3.269524074045035075e-03
3.100000000000000000e+02 0.000000000000000000e+00 0.000000000000000000e+00 1.017379465919609864e-02 2.441710718207063414e-03
3.125000000000000000e+02 0.000000000000000000e+00 0.000000000000000000e+00 9.066128637466749213e-03 2.175870872992019707e-03
3.150000000000000000e+02 0.000000000000000000e+00 0.000000000000000000e+00 1.148741470755910987e-02 2.756979529814186126e-03
3.175000000000000000e+02 0.000000000000000000e+00 0.000000000000000000e+00 1.513750898435930678e-02 3.633002156246233592e-03
3.200000000000000000e+02 0.000000000000000000e+00 0.000000000000000000e+00 1.760167000792716568e-02 4.224400801902519764e-03
3.225000000000000000e+02 0.000000000000000000e+00 0.000000000000000000e+00 1.900737299065993757e-02 4.561769517758384150e-03
3.250000000000000000e+02 0.000000000000000000e+00 0.000000000000000000e+00 2.059702333978275651e-02 4.943285601547861390e-03
3.275000000000000000e+02 0.000000000000000000e+00 0.000000000000000000e+00 2.176161900595173504e-02 5.222788561428415820e-03
3.300000000000000000e+02 0.000000000000000000e+00 0.000000000000000000e+00 2.086687594522007930e-02 5.008050226852818650e-03
3.325000000000000000e+02 0.000000000000000000e+00 0.000000000000000000e+00 1.925215759691325385e-02 4.620517823259180645e-03
3.350000000000000000e+02 0.000000000000000000e+00 0.000000000000000000e+00 2.142962348837300010e-02 5.143109637209520267e-03
3.375000000000000000e+02 0.000000000000000000e+00 0.000000000000000000e+00 2.939805984220996218e-02 7.055534362130389502e-03
3.400000000000000000e+02 0.000000000000000000e+00 0.000000000000000000e+00 3.867020323716875013e-02 9.280848776920497950e-03
3.425000000000000000e+02 0.000000000000000000e+00 0.000000000000000000e+00 4.225994664452079053e-02 1.014238719468498959e-02
3.450000000000000000e+02 0.000000000000000000e+00 0.000000000000000000e+00 3.788824303931154908e-02 9.093178329434771501e-03
3.475000000000000000e+02 0.000000000000000000e+00 0.000000000000000000e+00 2.953535535404094164e-02 7.088485284969825787e-03
3.500000000000000000e+02 0.000000000000000000e+00 0.000000000000000000e+00 2.257072339370268937e-02 5.416973614488645138e-03
3.525000000000000000e+02 0.000000000000000000e+00 0.000000000000000000e+00 1.934499522505297303e-02 4.642798854012713042e-03
3.550000000000000000e+02 0.000000000000000000e+00 0.000000000000000000e+00 1.947633258760601491e-02 4.674319821025443508e-03
3.575000000000000000e+02 0.000000000000000000e+00 0.000000000000000000e+00 2.228129833589233624e-02 5.347511600614160074e-03
3.600000000000000000e+02 0.000000000000000000e+00 0.000000000000000000e+00 2.727402923410718674e-02 6.545767016185724714e-03
3.625000000000000000e+02 0.000000000000000000e+00 0.000000000000000000e+00 3.244539863304622684e-02 7.786895671931094373e-03
3.650000000000000000e+02 0.000000000000000000e+00 0.000000000000000000e+00 3.382388104893526565e-02 8.117731451744462576e-03
3.675000000000000000e+02 0.000000000000000000e+00 0.000000000000000000e+00 2.880415913301406783e-02 6.912998191923376556e-03
3.700000000000000000e+02 0.000000000000000000e+00 0.000000000000000000e+00 1.993472101021265958e-02 4.784333042451037465e-03
3.725000000000000000e+02 0.000000000000000000e+00 0.000000000000000000e+00 1.326196290084910231e-02 3.182871096203783966e-03
3.750000000000000000e+02 0.000000000000000000e+00 0.000000000000000000e+00 1.190613775646682734e-02 2.857473061552038337e-03
3.775000000000000000e+02 0.000000000000000000e+00 0.000000000000000000e+00 1.301614993415318999e-02 3.123875984196765234e-03
3.800000000000000000e+02 0.000000000000000000e+00 0.000000000000000000e+00 1.232257581018934844e-02 2.957418194445443106e-03
3.825000000000000000e+02 0.000000000000000000e+00 0.000000000000000000e+00 9.681846858462603983e-03 2.323643246031024782e-03
3.850000000000000000e+02 0.000000000000000000e+00 0.000000000000000000e+00 7.964836157030578956e-03 1.911560677687338837e-03
3.875000000000000000e+02 0.000000000000000000e+00 0.000000000000000000e+00 8.077235702070289375e-03 1.938536568496869407e-03
3.900000000000000000e+02 0.000000000000000000e+00 0.000000000000000000e+00 7.966055596454382076e-03 1.911853343149051525e-03
3.925000000000000000e+02 0.000000000000000000e+00 0.000000000000000000e+00 6.312820791558378108e-03 1.515076989974010503e-03
3.950000000000000000e+02 0.000000000000000000e+00 0.000000000000000000e+00 4.895148704904352978e-03 1.174835689177044585e-03
3.975000000000000000e+02 0.000000000000000000e+00 0.000000000000000000e+00 6.356787423185399077e-03 1.525628981564495709e-03
4.000000000000000000e+02 0.000000000000000000e+00 0.000000000000000000e+00 1.049121844454845888e-02 2.517892426691629819e-03
4.025000000000000000e+02 0.000000000000000000e+00 0.000000000000000000e+00 1.387744442584839567e-02 3.330586662203614823e-03
4.050000000000000000e+02 0.000000000000000000e+00 0.000000000000000000e+00 1.360401324704061526e-02 3.264963179289747611e-03
4.075000000000000000e+02 0.000000000000000000e+00 0.000000000000000000e+00 1.059827531728577479e-02 2.543586076148585725e-03
4.100000000000000000e+02 0.000000000000000000e+00 0.000000000000000000e+00 8.120792685569750216e-03 1.948990244536739870e-03
4.125000000000000000e+02 0.000000000000000000e+00 0.000000000000000000e+00 7.444312239402986822e-03 1.786634937456716690e-03
4.150000000000000000e+02 0.000000000000000000e+00 0.000000000000000000e+00 7.223742302640003346e-03 1.733698152633600517e-03
4.175000000000000000e+02 0.000000000000000000e+00 0.000000000000000000e+00 7.536341337517918348e-03 1.808721921004300282e-03
4.200000000000000000e+02 0.000000000000000000e+00 0.000000000000000000e+00 1.150673513164502879e-02 2.761616431594806926e-03
4.225000000000000000e+02 0.000000000000000000e+00 0.000000000000000000e+00 2.074621548190205139e-02 4.979091715656492126e-03
4.250000000000000000e+02 0.000000000000000000e+00 0.000000000000000000e+00 3.117205313850101439e-02 7.481292753240242378e-03
4.275000000000000000e+02 0.000000000000000000e+00 0.000000000000000000e+00 3.610378806031151050e-02 8.664909134474761340e-03
4.300000000000000000e+02 0.000000000000000000e+00 0.000000000000000000e+00 3.313306709274457112e-02 7.951936102258697764e-03
4.325000000000000000e+02 0.000000000000000000e+00 0.000000000000000000e+00 2.618056454218562618e-02 6.283335490124549588e-03
4.350000000000000000e+02 0.000000000000000000e+00 0.000000000000000000e+00 2.096985560678411853e-02 5.032765345628188204e-03
4.375000000000000000e+02 0.000000000000000000e+00 0.000000000000000000e+00 2.003959352900761687e-02 4.809502446961828014e-03
4.400000000000000000e+02 0.000000000000000000e+00 0.000000000000000000e+00 2.235796350132776902e-02 5.365911240318664392e-03
4.425000000000000000e+02 0.000000000000000000e+00 0.000000000000000000e+00 2.618739135269717785e-02 6.284973924647322373e-03
4.450000000000000000e+02 0.000000000000000000e+00 0.000000000000000000e+00 3.075497586082392987e-02 7.381194206597742162e-03
4.475000000000000000e+02 0.000000000000000000e+00 0.000000000000000000e+00 3.496432502794288161e-02 8.391438006706291100e-03
4.500000000000000000e+02 0.000000000000000000e+00 0.000000000000000000e+00 3.612534974846228625e-02 8.670083939630948006e-03
4.525000000000000000e+02 0.000000000000000000e+00 0.000000000000000000e+00 3.227561807815496064e-02 7.746148338757189410e-03
4.550000000000000000e+02 0.000000000000000000e+00 0.000000000000000000e+00 2.586667514319190495e-02 6.208002034366056666e-03
4.575000000000000000e+02 0.000000000000000000e+00 0.000000000000000000e+00 2.257289314383075299e-02 5.417494354519380127e-03
4.600000000000000000e+02 0.000000000000000000e+00 0.000000000000000000e+00 2.495332702282480539e-02 5.988798485477953015e-03
4.625000000000000000e+02 0.000000000000000000e+00 0.000000000000000000e+00 2.904377113505555996e-02 6.970505072413333246e-03
4.650000000000000000e+02 0.000000000000000000e+00 0.000000000000000000e+00 2.898681435626774064e-02 6.956835445504257372e-03
4.675000000000000000e+02 0.000000000000000000e+00 0.000000000000000000e+00 2.368060647804117250e-02 5.683345554729880324e-03
4.700000000000000000e+02 0.000000000000000000e+00 0.000000000000000000e+00 1.689070238450888009e-02 4.053768572282130667e-03
4.725000000000000000e+02 0.000000000000000000e+00 0.000000000000000000e+00 1.200614181104995778e-02 2.881474034651989799e-03
4.750000000000000000e+02 0.000000000000000000e+00 0.000000000000000000e+00 9.239692793281874955e-03 2.217526270387649816e-03
4.775000000000000000e+02 0.000000000000000000e+00 0.000000000000000000e+00 7.757477063503380108e-03 1.861794495240811200e-03
4.800000000000000000e+02 0.000000000000000000e+00 0.000000000000000000e+00 8.135364192140177864e-03 1.952487406113642644e-03
4.825000000000000000e+02 0.000000000000000000e+00 0.000000000000000000e+00 1.138865985430674403e-02 2.733278365033618360e-03
4.850000000000000000e+02 0.000000000000000000e+00 0.000000000000000000e+00 1.618103434417424852e-02 3.883448242601819558e-03
4.875000000000000000e+02 0.000000000000000000e+00 0.000000000000000000e+00 1.851455069365731676e-02 4.443492166477755467e-03
4.900000000000000000e+02 0.000000000000000000e+00 0.000000000000000000e+00 1.542062735177759068e-02 3.700950564426621486e-03
4.925000000000000000e+02 0.000000000000000000e+00 0.000000000000000000e+00 8.607760792497452101e-03 2.065862590199388400e-03
4.950000000000000000e+02 0.000000000000000000e+00 0.000000000000000000e+00 2.879159563294193466e-03 6.909982951906064015e-04
4.975000000000000000e+02 0.000000000000000000e+00 0.000000000000000000e+00 7.439523075794954917e-04 1.785485538190788931e-04
5.000000000000000000e+02 0.000000000000000000e+00 0.000000000000000000e+00 5.833021635701519502e-04 1.399925192568364464e-04
5.025000000000000000e+02 0.000000000000000000e+00 0.000000000000000000e+00 8.567121040720748846e-04 2.056109049772979658e-04
5.050000000000000000e+02 0.000000000000000000e+00 0.000000000000000000e+00 3.345520460317700021e-03 8.029249104762478878e-04
5.075000000000000000e+02 0.000000000000000000e+00 0.000000000000000000e+00 9.924434652463422907e-03 2.381864316591221151e-03
5.100000000000000000e+02 0.000000000000000000e+00 0.000000000000000000e+00 1.803480089172199152e-02 4.328352214013278174e-03
5.125000000000000000e+02 0.000000000000000000e+00 0.000000000000000000e+00 2.233496317430306438e-02 5.360391161832734654e-03
5.150000000000000000e+02 0.000000000000000000e+00 0.000000000000000000e+00 2.062778979309030924e-02 4.950669550341673698e-03
5.175000000000000000e+02 0.000000000000000000e+00 0.000000000000000000e+00 1.621975982351827814e-02 3.892742357644386145e-03
5.200000000000000000e+02 0.000000000000000000e+00 0.000000000000000000e+00 1.411906751874520208e-02 3.388576204498847892e-03
5.225000000000000000e+02 0.000000000000000000e+00 0.000000000000000000e+00 1.611391912411113542e-02 3.867340589786672118e-03
5.250000000000000000e+02 0.000000000000000000e+00 0.000000000000000000e+00 2.013014405473100704e-02 4.831234573135441239e-03
5.275000000000000000e+02 0.000000000000000000e+00 0.000000000000000000e+00 2.357063209172586063e-02 5.656951702014206655e-03
5.300000000000000000e+02 0.000000000000000000e+00 0.000000000000000000e+00 2.598115788019206979e-02 6.235477891246095708e-03
5.325000000000000000e+02 0.000000000000000000e+00 0.000000000000000000e+00 2.791835371457884740e-02 6.700404891498922509e-03
5.350000000000000000e+02 0.000000000000000000e+00 0.000000000000000000e+00 2.850319682441014579e-02 6.840767237858435407e-03
5.375000000000000000e+02 0.000000000000000000e+00 0.000000000000000000e+00 2.644400851989126000e-02 6.346562044773902504e-03
5.400000000000000000e+02 0.000000000000000000e+00 0.000000000000000000e+00 2.362990956761896327e-02 5.671178296228551047e-03
5.425000000000000000e+02 0.000000000000000000e+00 0.000000000000000000e+00 2.478228878202929503e-02 5.947749307687030806e-03
5.450000000000000000e+02 0.000000000000000000e+00 0.000000000000000000e+00 3.166573190457989267e-02 7.599775657099174138e-03
5.475000000000000000e+02 0.000000000000000000e+00 0.000000000000000000e+00 3.949508399030381839e-02 9.478820157672917038e-03
5.500000000000000000e+02 0.000000000000000000e+00 0.000000000000000000e+00 4.137116380237214341e-02 9.929079312569314558e-03
5.525000000000000000e+02 0.000000000000000000e+00 0.000000000000000000e+00 3.551748175886514092e-02 8.524195622127632432e-03
5.550000000000000000e+02 0.000000000000000000e+00 0.000000000000000000e+00 2.633952462470421502e-02 6.321485909929010563e-03
5.575000000000000000e+02 0.000000000000000000e+00 0.000000000000000000e+00 1.909758186503153835e-02 4.583419647607568301e-03
5.600000000000000000e+02 0.000000000000000000e+00 0.000000000000000000e+00 1.564994364414825853e-02 3.755986474595582238e-03
5.625000000000000000e+02 0.000000000000000000e+00 0.000000000000000000e+00 1.525377427450981017e-02 3.660905825882354581e-03
5.650000000000000000e+02 0.000000000000000000e+00 0.000000000000000000e+00 1.723841517849863600e-02 4.137219642839672258e-03
5.675000000000000000e+02 0.000000000000000000e+00 0.000000000000000000e+00 2.135879122405158481e-02 5.126109893772380112e-03
5.700000000000000000e+02 0.000000000000000000e+00 0.000000000000000000e+00 2.588276272048336407e-02 6.211863052916007273e-03
5.725000000000000000e+02 0.000000000000000000e+00 0.000000000000000000e+00 2.706169826013476304e-02 6.494807582432342817e-03
5.750000000000000000e+02 0.000000000000000000e+00 0.000000000000000000e+00 2.232920248886584996e-02 5.359008597327803713e-03
5.775000000000000000e+02 0.000000000000000000e+00 0.000000000000000000e+00 1.394456324155753102e-02 3.346695177973807358e-03
5.800000000000000000e+02 0.000000000000000000e+00 0.000000000000000000e+00 7.447594217679722427e-03 1.787422612243133460e-03
5.825000000000000000e+02 0.000000000000000000e+00 0.000000000000000000e+00 5.671317029161545079e-03 1.361116086998770706e-03
5.850000000000000000e+02 0.000000000000000000e+00 0.000000000000000000e+00 6.118079236918219643e-03 1.468339016860372619e-03
5.875000000000000000e+02 0.000000000000000000e+00 0.000000000000000000e+00 5.426098840649051097e-03 1.302263721755772237e-03
5.900000000000000000e+02 0.000000000000000000e+00 0.000000000000000000e+00 4.198778022908163446e-03 1.007706725497959158e-03
5.925000000000000000e+02 0.000000000000000000e+00 0.000000000000000000e+00 5.146312080624286002e-03 1.235114899349828597e-03
5.950000000000000000e+02 0.000000000000000000e+00 0.000000000000000000e+00 8.112073464339362994e-03 1.946897631441447040e-03
5.975000000000000000e+02 0.000000000000000000e+00 0.000000000000000000e+00 9.872371456447473145e-03 2.369369149547393642e-03
6.000000000000000000e+02 0.000000000000000000e+00 0.000000000000000000e+00 8.665792634930781849e-03 2.079790232383387470e-03
6.025000000000000000e+02 0.000000000000000000e+00 0.000000000000000000e+00 6.736075576917298878e-03 1.616658138460151531e-03
6.050000000000000000e+02 0.000000000000000000e+00 0.000000000000000000e+00 7.619915392268666876e-03 1.828779694144479738e-03
6.075000000000000000e+02 0.000000000000000000e+00 0.000000000000000000e+00 1.184651123789741758e-02 2.843162697095380324e-03
6.100000000000000000e+02 0.000000000000000000e+00 0.000000000000000000e+00 1.629267567645777473e-02 3.910242162349865727e-03
6.125000000000000000e+02 0.000000000000000000e+00 0.000000000000000000e+00 1.783444890550828221e-02 4.280267737321987245e-03
6.150000000000000000e+02 0.000000000000000000e+00 0.000000000000000000e+00 1.672012556447274520e-02 4.012830135473459056e-03
6.175000000000000000e+02 0.000000000000000000e+00 0.000000000000000000e+00 1.540796615792314542e-02 3.697911877901554744e-03
6.200000000000000000e+02 0.000000000000000000e+00 0.000000000000000000e+00 1.483733104755416768e-02 3.560959451413000122e-03
6.225000000000000000e+02 0.000000000000000000e+00 0.000000000000000000e+00 1.409113775035737877e-02 3.381873060085770644e-03
6.250000000000000000e+02 0.000000000000000000e+00 0.000000000000000000e+00 1.402310773090077387e-02 3.365545855416185537e-03
6.275000000000000000e+02 0.000000000000000000e+00 0.000000000000000000e+00 1.814227650839721553e-02 4.354146362015331485e-03
6.300000000000000000e+02 0.000000000000000000e+00 0.000000000000000000e+00 2.773356276531808301e-02 6.656055063676339506e-03
6.325000000000000000e+02 0.000000000000000000e+00 0.000000000000000000e+00 3.803712403691883459e-02 9.128909768860519677e-03
6.350000000000000000e+02 0.000000000000000000e+00 0.000000000000000000e+00 4.199961278061949133e-02 1.007990706734867604e-02
6.375000000000000000e+02 0.000000000000000000e+00 0.000000000000000000e+00 3.747778309332176760e-02 8.994667942397224086e-03
6.400000000000000000e+02 0.000000000000000000e+00 0.000000000000000000e+00 2.898346613110100445e-02 6.956031871464239853e-03
6.425000000000000000e+02 0.000000000000000000e+00 0.000000000000000000e+00 2.259220318862938462e-02 5.422128765271052274e-03
6.450000000000000000e+02 0.000000000000000000e+00 0.000000000000000000e+00 2.080733951987157743e-02 4.993761484769178131e-03
6.475000000000000000e+02 0.000000000000000000e+00 0.000000000000000000e+00 2.244622430028981111e-02 5.387093832069553799e-03
6.500000000000000000e+02 0.000000000000000000e+00 0.000000000000000000e+00 2.567505395549219901e-02 6.162012949318127278e-03
6.525000000000000000e+02 0.000000000000000000e+00 0.000000000000000000e+00 2.961893445172488620e-02 7.108544268413972966e-03
6.550000000000000000e+02 0.000000000000000000e+00 0.000000000000000000e+00 3.308378378778434326e-02 7.940108109068241826e-03
6.575000000000000000e+02 0.000000000000000000e+00 0.000000000000000000e+00 3.341413388614820901e-02 8.019392132675570370e-03
6.600000000000000000e+02 0.000000000000000000e+00 0.000000000000000000e+00 2.877817198386237521e-02 6.906761276126970224e-03
6.625000000000000000e+02 0.000000000000000000e+00 0.000000000000000000e+00 2.161886218474257104e-02 5.188526924338216807e-03
6.650000000000000000e+02 0.000000000000000000e+00 0.000000000000000000e+00 1.737505132805143224e-02 4.170012318732343320e-03
6.675000000000000000e+02 0.000000000000000000e+00 0.000000000000000000e+00 1.840626879775524721e-02 4.417504511461258811e-03
6.700000000000000000e+02 0.000000000000000000e+00 0.000000000000000000e+00 2.097393110668863830e-02 5.033743465605272464e-03
6.725000000000000000e+02 0.000000000000000000e+00 0.000000000000000000e+00 1.994786044466730773e-02 4.787486506720153336e-03
6.750000000000000000e+02 0.000000000000000000e+00 0.000000000000000000e+00 1.495897182661396797e-02 3.590153238387351967e-03
6.775000000000000000e+02 0.000000000000000000e+00 0.000000000000000000e+00 9.792960715886048217e-03 2.350310571812651468e-03
6.800000000000000000e+02 0.000000000000000000e+00 0.000000000000000000e+00 6.985331316625792430e-03 1.676479515990190062e-03
6.825000000000000000e+02 0.000000000000000000e+00 0.000000000000000000e+00 5.668895074233947298e-03 1.360534817816147317e-03
6.850000000000000000e+02 0.000000000000000000e+00 0.000000000000000000e+00 4.519465591248101113e-03 1.084671741899544345e-03
6.875000000000000000e+02 0.000000000000000000e+00 0.000000000000000000e+00 4.457430536200002874e-03 1.069783328688000577e-03
6.900000000000000000e+02 0.000000000000000000e+00 0.000000000000000000e+00 7.279087009173076418e-03 1.746980882201538358e-03
6.925000000000000000e+02 0.000000000000000000e+00 0.000000000000000000e+00 1.231783281245303271e-02 2.956279874988727331e-03
6.950000000000000000e+02 0.000000000000000000e+00 0.000000000000000000e+00 1.583721904200367098e-02 3.800932570080880427e-03
6.975000000000000000e+02 0.000000000000000000e+00 0.000000000000000000e+00 1.464648928015855125e-02 3.515157427238052319e-03
7.000000000000000000e+02 0.000000000000000000e+00 0.000000000000000000e+00 9.809142641752069749e-03 2.354194234020496549e-03
7.025000000000000000e+02 0.000000000000000000e+00 0.000000000000000000e+00 5.386711592976396040e-03 1.292810782314334980e-03
7.050000000000000000e+02 0.000000000000000000e+00 0.000000000000000000e+00 3.611229335305145716e-03 8.666950404732349069e-04
7.075000000000000000e+02 0.000000000000000000e+00 0.000000000000000000e+00 3.376161131178707139e-03 8.102786714828896873e-04
7.100000000000000000e+02 0.000000000000000000e+00 0.000000000000000000e+00 4.071116735206924478e-03 9.770680164496619354e-04
7.125000000000000000e+02 0.000000000000000000e+00 0.000000000000000000e+00 7.988117865612881160e-03 1.917148287747091158e-03
7.150000000000000000e+02 0.000000000000000000e+00 0.000000000000000000e+00 1.659087642390551925e-02 3.981810341737323893e-03
7.175000000000000000e+02 0.000000000000000000e+00 0.000000000000000000e+00 2.630057275670602199e-02 6.312137461609444895e-03
7.200000000000000000e+02 0.000000000000000000e+00 0.000000000000000000e+00 3.096786544359905746e-02 7.432287706463773860e-03
7.225000000000000000e+02 0.000000000000000000e+00 0.000000000000000000e+00 2.839973675431006414e-02 6.815936821034414804e-03
7.250000000000000000e+02 0.000000000000000000e+00 0.000000000000000000e+00 2.258386430080863705e-02 5.420127432194072475e-03
7.275000000000000000e+02 0.000000000000000000e+00 0.000000000000000000e+00 1.925176655118476798e-02 4.620423972284344420e-03
7.300000000000000000e+02 0.000000000000000000e+00 0.000000000000000000e+00 2.054227428090643626e-02 4.930145827417544563e-03
7.325000000000000000e+02 0.000000000000000000e+00 0.000000000000000000e+00 2.440163122228548864e-02 5.856391493348516407e-03
7.350000000000000000e+02 0.000000000000000000e+00 0.000000000000000000e+00 2.803444692758692500e-02 6.728267262620862138e-03
7.375000000000000000e+02 0.000000000000000000e+00 0.000000000000000000e+00 3.058999465919017349e-02 7.341598718205641187e-03
7.400000000000000000e+02 0.000000000000000000e+00 0.000000000000000000e+00 3.221062183550629787e-02 7.730549240521511316e-03
7.425000000000000000e+02 0.000000000000000000e+00 0.000000000000000000e+00 3.191082241208145071e-02 7.658597378899547649e-03
7.450000000000000000e+02 0.000000000000000000e+00 0.000000000000000000e+00 2.866014311361494635e-02 6.878434347267586325e-03
7.475000000000000000e+02 0.000000000000000000e+00 0.000000000000000000e+00 2.463577314400164364e-02 5.912585554560393850e-03
7.500000000000000000e+02 0.000000000000000000e+00 0.000000000000000000e+00 2.454804779933876177e-02 5.891531471841302339e-03
7.525000000000000000e+02 0.000000000000000000e+00 0.000000000000000000e+00 2.993028756881982097e-02 7.183269016516756651e-03
7.550000000000000000e+02 0.000000000000000000e+00 0.000000000000000000e+00 3.593891295949132314e-02 8.625339110277916235e-03
7.575000000000000000e+02 0.000000000000000000e+00 0.000000000000000000e+00 3.607723924340523053e-02 8.658537418417254841e-03
7.600000000000000000e+02 0.000000000000000000e+00 0.000000000000000000e+00 2.921893357802149080e-02 7.012544058725157445e-03
7.625000000000000000e+02 0.000000000000000000e+00 0.000000000000000000e+00 2.004353678713412246e-02 4.810448828912189043e-03
7.650000000000000000e+02 0.000000000000000000e+00 0.000000000000000000e+00 1.336675342807452233e-02 3.208020822737884994e-03
7.675000000000000000e+02 0.000000000000000000e+00 0.000000000000000000e+00 1.027695530048740660e-02 2.466469272116977168e-03
7.700000000000000000e+02 0.000000000000000000e+00 0.000000000000000000e+00 9.617412884725473968e-03 2.308179092334113492e-03
7.725000000000000000e+02 0.000000000000000000e+00 0.000000000000000000e+00 1.091311962615691862e-02 2.619148710277660434e-03
7.750000000000000000e+02 0.000000000000000000e+00 0.000000000000000000e+00 1.444029933045989054e-02 3.465671839310372968e-03
7.775000000000000000e+02 0.000000000000000000e+00 0.000000000000000000e+00 1.891052498611047947e-02 4.538525996666514795e-03
7.800000000000000000e+02 0.000000000000000000e+00 0.000000000000000000e+00 2.073159851116194996e-02 4.975583642678868025e-03
7.825000000000000000e+02 0.000000000000000000e+00 0.000000000000000000e+00 1.714910087820276097e-02 4.115784210768662008e-03
7.850000000000000000e+02 0.000000000000000000e+00 0.000000000000000000e+00 9.922628086353590254e-03 2.381430740724861574e-03
7.875000000000000000e+02 0.000000000000000000e+00 0.000000000000000000e+00 4.027151897940329378e-03 9.665164555056790204e-04
7.900000000000000000e+02 0.000000000000000000e+00 0.000000000000000000e+00 2.129188382448134968e-03 5.110052117875523705e-04
7.925000000000000000e+02 0.000000000000000000e+00 0.000000000000000000e+00 2.278329575558036071e-03 5.467990981339286571e-04
7.950000000000000000e+02 0.000000000000000000e+00 0.000000000000000000e+00 2.094992209274862578e-03 5.027981302259669927e-04
7.975000000000000000e+02 0.000000000000000000e+00 0.000000000000000000e+00 2.787845883294739167e-03 6.690830119907374002e-04
8.000000000000000000e+02 0.000000000000000000e+00 0.000000000000000000e+00 6.668998253679583182e-03 1.600559580883099747e-03
8.025000000000000000e+02 0.000000000000000000e+00 0.000000000000000000e+00 1.239071829097991920e-02 2.973772389835180590e-03
8.050000000000000000e+02 0.000000000000000000e+00 0.000000000000000000e+00 1.563320883466434719e-02 3.751970120319443516e-03
8.075000000000000000e+02 0.000000000000000000e+00 0.000000000000000000e+00 1.441380634990831015e-02 3.459313523977993691e-03
8.100000000000000000e+02 0.000000000000000000e+00 0.000000000000000000e+00 1.164972452255195676e-02 2.795933885412469483e-03
8.125000000000000000e+02 0.000000000000000000e+00 0.000000000000000000e+00 1.180208766138675369e-02 2.832501038732820626e-03
8.150000000000000000e+02 0.000000000000000000e+00 0.000000000000000000e+00 1.597835961241284020e-02 3.834806306979081109e-03
8.175000000000000000e+02 0.000000000000000000e+00 0.000000000000000000e+00 2.115487800899385623e-02 5.077170722158524593e-03
8.200000000000000000e+02 0.000000000000000000e+00 0.000000000000000000e+00 2.391359075997052941e-02 5.739261782392926330e-03
8.225000000000000000e+02 0.000000000000000000e+00 0.000000000000000000e+00 2.391386946409248745e-02 5.739328671382196503e-03
8.250000000000000000e+02 0.000000000000000000e+00 0.000000000000000000e+00 2.301896682574400277e-02 5.524552038178560422e-03
8.275000000000000000e+02 0.000000000000000000e+00 0.000000000000000000e+00 2.201358639088636313e-02 5.283260733812727289e-03
8.300000000000000000e+02 0.000000000000000000e+00 0.000000000000000000e+00 2.040018080870455164e-02 4.896043394089092185e-03
8.325000000000000000e+02 0.000000000000000000e+00 0.000000000000000000e+00 1.959998483567795130e-02 4.703996360562708381e-03
8.350000000000000000e+02 0.000000000000000000e+00 0.000000000000000000e+00 2.327778801898021388e-02 5.586669124555251366e-03
8.375000000000000000e+02 0.000000000000000000e+00 0.000000000000000000e+00 3.235256300037645666e-02 7.764615120090348141e-03
8.400000000000000000e+02 0.000000000000000000e+00 0.000000000000000000e+00 4.159587971476240431e-02 9.983011131542976133e-03
8.425000000000000000e+02 0.000000000000000000e+00 0.000000000000000000e+00 4.391545281062555345e-02 1.053970867455013283e-02
8.450000000000000000e+02 0.000000000000000000e+00 0.000000000000000000e+00 3.765997357760782899e-02 9.038393658625878263e-03
8.475000000000000000e+02 0.000000000000000000e+00 0.000000000000000000e+00 2.787416837289327307e-02 6.689800409494384668e-03
8.500000000000000000e+02 0.000000000000000000e+00 0.000000000000000000e+00 2.068756635875027006e-02 4.965015926100064397e-03
8.525000000000000000e+02 0.000000000000000000e+00 0.000000000000000000e+00 1.825834864579313141e-02 4.382003674990350706e-03
8.550000000000000000e+02 0.000000000000000000e+00 0.000000000000000000e+00 1.913682158731048674e-02 4.592837180954515916e-03
8.575000000000000000e+02 0.000000000000000000e+00 0.000000000000000000e+00 2.152891888541359766e-02 5.166940532499262641e-03
8.600000000000000000e+02 0.000000000000000000e+00 0.000000000000000000e+00 2.474716890924760770e-02 5.939320538219425294e-03
8.625000000000000000e+02 0.000000000000000000e+00 0.000000000000000000e+00 2.773445353208669334e-02 6.656268847700805291e-03
8.650000000000000000e+02 0.000000000000000000e+00 0.000000000000000000e+00 2.787305687802281093e-02 6.689533650725474484e-03
8.675000000000000000e+02 0.000000000000000000e+00 0.000000000000000000e+00 2.324203013380616439e-02 5.578087232113479281e-03
8.700000000000000000e+02 0.000000000000000000e+00 0.000000000000000000e+00 1.601231119525906368e-02 3.842954686862174764e-03
8.725000000000000000e+02 0.000000000000000000e+00 0.000000000000000000e+00 1.126899337487631721e-02 2.704558409970316078e-03
8.750000000000000000e+02 0.000000000000000000e+00 0.000000000000000000e+00 1.127337455314650870e-02 2.705609892755162210e-03
8.775000000000000000e+02 0.000000000000000000e+00 0.000000000000000000e+00 1.275373555192400171e-02 3.060896532461760463e-03
8.800000000000000000e+02 0.000000000000000000e+00 0.000000000000000000e+00 1.148251814678709695e-02 2.755804355228903303e-03
8.825000000000000000e+02 0.000000000000000000e+00 0.000000000000000000e+00 7.758274083358830155e-03 1.861985780006118968e-03
8.850000000000000000e+02 0.000000000000000000e+00 0.000000000000000000e+00 5.121717198891467121e-03 1.229212127733952031e-03
8.875000000000000000e+02 0.000000000000000000e+00 0.000000000000000000e+00 5.001104207823714107e-03 1.200265009877691386e-03
8.900000000000000000e+02 0.000000000000000000e+00 0.000000000000000000e+00 5.378965805766896223e-03 1.290951793384054885e-03
8.925000000000000000e+02 0.000000000000000000e+00 0.000000000000000000e+00 4.578609502028914945e-03 1.098866280486939656e-03
8.950000000000000000e+02 0.000000000000000000e+00 0.000000000000000000e+00 4.098454558907047018e-03 9.836290941376911023e-04
8.975000000000000000e+02 0.000000000000000000e+00 0.000000000000000000e+00 6.660834367584744786e-03 1.598600248220338749e-03
9.000000000000000000e+02 0.000000000000000000e+00 0.000000000000000000e+00 1.221758974550236215e-02 2.932221538920566639e-03
9.025000000000000000e+02 0.000000000000000000e+00 0.000000000000000000e+00 1.711553194200349931e-02 4.107727666080839175e-03
9.050000000000000000e+02 0.000000000000000000e+00 0.000000000000000000e+00 1.779398278617526016e-02 4.270555868682061711e-03
9.075000000000000000e+02 0.000000000000000000e+00 0.000000000000000000e+00 1.465668909430753279e-02 3.517605382633807922e-03
9.100000000000000000e+02 0.000000000000000000e+00 0.000000000000000000e+00 1.114679015880192664e-02 2.675229638112462064e-03
9.125000000000000000e+02 0.000000000000000000e+00 0.000000000000000000e+00 9.391162551437810119e-03 2.253879012345074481e-03
9.150000000000000000e+02 0.000000000000000000e+00 0.000000000000000000e+00 8.860151663095785016e-03 2.126436399142988404e-03
9.175000000000000000e+02 0.000000000000000000e+00 0.000000000000000000e+00 9.740503857003236787e-03 2.337720925680776551e-03
9.200000000000000000e+02 0.000000000000000000e+00 0.000000000000000000e+00 1.460813514838449345e-02 3.505952435612278133e-03
9.225000000000000000e+02 0.000000000000000000e+00 0.000000000000000000e+00 2.440638625180112722e-02 5.857532700432269840e-03
9.250000000000000000e+02 0.000000000000000000e+00 0.000000000000000000e+00 3.465928914997043475e-02 8.318229395992903299e-03
9.275000000000000000e+02 0.000000000000000000e+00 0.000000000000000000e+00 3.870269640124913979e-02 9.288647136299791468e-03
9.300000000000000000e+02 0.000000000000000000e+00 0.000000000000000000e+00 3.461733796890215792e-02 8.308161112536517970e-03
9.325000000000000000e+02 0.000000000000000000e+00 0.000000000000000000e+00 2.711850216959195078e-02 6.508440520702067286e-03
9.350000000000000000e+02 0.000000000000000000e+00 0.000000000000000000e+00 2.245211827078361089e-02 5.388508384988065919e-03
9.375000000000000000e+02 0.000000000000000000e+00 0.000000000000000000e+00 2.282007917227333801e-02 5.476819001345600672e-03
9.400000000000000000e+02 0.000000000000000000e+00 0.000000000000000000e+00 2.603851916943069819e-02 6.249244600663367288e-03
9.425000000000000000e+02 0.000000000000000000e+00 0.000000000000000000e+00 2.919429707641638463e-02 7.006631298339932763e-03
9.450000000000000000e+02 0.000000000000000000e+00 0.000000000000000000e+00 3.129618237941561576e-02 7.511083771059747297e-03
9.475000000000000000e+02 0.000000000000000000e+00 0.000000000000000000e+00 3.233045131496286445e-02 7.759308315591086601e-03
9.500000000000000000e+02 0.000000000000000000e+00 0.000000000000000000e+00 3.127060926421480758e-02 7.504946223411554200e-03
9.525000000000000000e+02 0.000000000000000000e+00 0.000000000000000000e+00 2.716521762029552520e-02 6.519652228870925596e-03
9.550000000000000000e+02 0.000000000000000000e+00 0.000000000000000000e+00 2.219811922659213621e-02 5.327548614382112552e-03
9.575000000000000000e+02 0.000000000000000000e+00 0.000000000000000000e+00 2.090987257695851170e-02 5.018369418470042427e-03
9.600000000000000000e+02 0.000000000000000000e+00 0.000000000000000000e+00 2.468808371046513767e-02 5.925140090511632658e-03
9.625000000000000000e+02 0.000000000000000000e+00 0.000000000000000000e+00 2.890911843582976912e-02 6.938188424599144553e-03
9.650000000000000000e+02 0.000000000000000000e+00 0.000000000000000000e+00 2.774571083162993140e-02 6.658970599591183294e-03
9.675000000000000000e+02 0.000000000000000000e+00 0.000000000000000000e+00 2.075195308242062248e-02 4.980468739780949221e-03
9.700000000000000000e+02 0.000000000000000000e+00 0.000000000000000000e+00 1.263576493460364693e-02 3.032583584304875037e-03
9.725000000000000000e+02 0.000000000000000000e+00 0.000000000000000000e+00 7.435684283255743210e-03 1.784564227981378119e-03
9.750000000000000000e+02 0.000000000000000000e+00 0.000000000000000000e+00 5.278279120009551212e-03 1.266786988802292213e-03
9.775000000000000000e+02 0.000000000000000000e+00 0.000000000000000000e+00 4.640927161143450566e-03 1.113822518674428049e-03
9.800000000000000000e+02 0.000000000000000000e+00 0.000000000000000000e+00 5.473820064160427740e-03 1.313716815398502553e-03
9.825000000000000000e+02 0.000000000000000000e+00 0.000000000000000000e+00 8.805191005413662980e-03 2.113245841299279081e-03
9.850000000000000000e+02 0.000000000000000000e+00 0.000000000000000000e+00 1.384276932923136569e-02 3.322264639015527245e-03
9.875000000000000000e+02 0.000000000000000000e+00 0.000000000000000000e+00 1.700471067533483940e-02 4.081130562080361075e-03
9.900000000000000000e+02 0.000000000000000000e+00 0.000000000000000000e+00 1.514243016593385532e-02 3.634183239824125000e-03
9.925000000000000000e+02 0.000000000000000000e+00 0.000000000000000000e+00 9.401010992758369877e-03 2.256242638262008667e-03
9.950000000000000000e+02 0.000000000000000000e+00 0.000000000000000000e+00 4.233015681977004077e-03 1.015923763674480814e-03
9.975000000000000000e+02 0.000000000000000000e+00 0.000000000000000000e+00 2.299203986317999160e-03 5.518089567163197593e-04
1.000000000000000000e+03 0.000000000000000000e+00 0.000000000000000000e+00 2.333457977730702543e-03 5.600299146553685626e-04
1.002500000000000000e+03 0.000000000000000000e+00 0.000000000000000000e+00 2.899158301405833221e-03 6.957979923373999211e-04
1.005000000000000000e+03 0.000000000000000000e+00 0.000000000000000000e+00 5.602257666107695287e-03 1.344541839865846886e-03
1.007500000000000000e+03 0.000000000000000000e+00 0.000000000000000000e+00 1.216325965116024123e-02 2.919182316278457617e-03
1.010000000000000000e+03 0.000000000000000000e+00 0.000000000000000000e+00 2.003445874159345136e-02 4.808270097982427632e-03
1.012500000000000000e+03 0.000000000000000000e+00 0.000000000000000000e+00 2.399212408230767812e-02 5.758109779753842195e-03
1.015000000000000000e+03 0.000000000000000000e+00 0.000000000000000000e+00 2.209571531053722976e-02 5.302971674528935385e-03
1.017500000000000000e+03 0.000000000000000000e+00 0.000000000000000000e+00 1.807585104274668508e-02 4.338204250259204003e-03
1.020000000000000000e+03 0.000000000000000000e+00 0.000000000000000000e+00 1.722763485756346677e-02 4.134632365815231470e-03
1.022500000000000000e+03 0.000000000000000000e+00 0.000000000000000000e+00 2.100938117769776681e-02 5.042251482647462993e-03
1.025000000000000000e+03 0.000000000000000000e+00 0.000000000000000000e+00 2.633028354485500433e-02 6.319268050765200484e-03
1.027500000000000000e+03 0.000000000000000000e+00 0.000000000000000000e+00 2.949481887815125214e-02 7.078756530756300305e-03
1.030000000000000000e+03 0.000000000000000000e+00 0.000000000000000000e+00 2.976156860171697699e-02 7.142776464412073020e-03
1.032500000000000000e+03 0.000000000000000000e+00 0.000000000000000000e+00 2.863712810365971750e-02 6.872910744878331195e-03
1.035000000000000000e+03 0.000000000000000000e+00 0.000000000000000000e+00 2.686307787013071657e-02 6.447138688831371110e-03
1.037500000000000000e+03 0.000000000000000000e+00 0.000000000000000000e+00 2.424122512864831935e-02 5.817894030875596020e-03
1.040000000000000000e+03 0.000000000000000000e+00 0.000000000000000000e+00 2.249535482140088694e-02 5.398885157136212865e-03
1.042500000000000000e+03 0.000000000000000000e+00 0.000000000000000000e+00 2.525689744349483498e-02 6.061655386438759459e-03
1.045000000000000000e+03 0.000000000000000000e+00 0.000000000000000000e+00 3.313060076442788521e-02 7.951344183462692033e-03
1.047500000000000000e+03 0.000000000000000000e+00 0.000000000000000000e+00 4.070102480961803465e-02 9.768245954308328594e-03
1.050000000000000000e+03 0.000000000000000000e+00 0.000000000000000000e+00 4.116588723077357209e-02 9.879812935385656053e-03
1.052500000000000000e+03 0.000000000000000000e+00 0.000000000000000000e+00 3.349583598492517772e-02 8.039000636382041820e-03
1.055000000000000000e+03 0.000000000000000000e+00 0.000000000000000000e+00 2.309043580281297525e-02 5.541704592675113575e-03
1.057500000000000000e+03 0.000000000000000000e+00 0.000000000000000000e+00 1.578718179743029970e-02 3.788923631383271651e-03
1.060000000000000000e+03 0.000000000000000000e+00 0.000000000000000000e+00 1.313574757242297678e-02 3.152579417381514305e-03
1.062500000000000000e+03 0.000000000000000000e+00 0.000000000000000000e+00 1.339444931661580226e-02 3.214667835987792491e-03
1.065000000000000000e+03 0.000000000000000000e+00 0.000000000000000000e+00 1.501340933295864863e-02 3.603218239910075792e-03
1.067500000000000000e+03 0.000000000000000000e+00 0.000000000000000000e+00 1.777085258270024240e-02 4.265004619848057621e-03
1.070000000000000000e+03 0.000000000000000000e+00 0.000000000000000000e+00 2.088540316976382830e-02 5.012496760743318132e-03
1.072500000000000000e+03 0.000000000000000000e+00 0.000000000000000000e+00 2.167612812531005337e-02 5.202270750074412461e-03
1.075000000000000000e+03 0.000000000000000000e+00 0.000000000000000000e+00 1.788975497730482811e-02 4.293541194553158850e-03
1.077500000000000000e+03 0.000000000000000000e+00 0.000000000000000000e+00 1.122762215379326939e-02 2.694629316910384254e-03
1.080000000000000000e+03 0.000000000000000000e+00 0.000000000000000000e+00 6.397738302823430430e-03 1.535457192677623043e-03
1.082500000000000000e+03 0.000000000000000000e+00 0.000000000000000000e+00 5.720145323168671775e-03 1.372834877560481174e-03
1.085000000000000000e+03 0.000000000000000000e+00 0.000000000000000000e+00 6.600238232686974314e-03 1.584057175844873645e-03
1.087500000000000000e+03 0.000000000000000000e+00 0.000000000000000000e+00 5.780157109962935635e-03 1.387237706391104396e-03
1.090000000000000000e+03 0.000000000000000000e+00 0.000000000000000000e+00 4.062939528740894604e-03 9.751054868978146920e-04
1.092500000000000000e+03 0.000000000000000000e+00 0.000000000000000000e+00 4.479885840351031240e-03 1.075172601684247454e-03
1.095000000000000000e+03 0.000000000000000000e+00 0.000000000000000000e+00 7.196390729381082867e-03 1.727133775051459697e-03
1.097500000000000000e+03 0.000000000000000000e+00 0.000000000000000000e+00 9.099748696817922325e-03 2.183939687236301046e-03
1.100000000000000000e+03 0.000000000000000000e+00 0.000000000000000000e+00 8.373356735904806045e-03 2.009605616617153416e-03
1.102500000000000000e+03 0.000000000000000000e+00 0.000000000000000000e+00 7.298791764314997363e-03 1.751710023435599237e-03
1.105000000000000000e+03 0.000000000000000000e+00 0.000000000000000000e+00 9.557927031520582067e-03 2.293902487564939818e-03
1.107500000000000000e+03 0.000000000000000000e+00 0.000000000000000000e+00 1.557443699093226386e-02 3.737864877823742979e-03
1.110000000000000000e+03 0.000000000000000000e+00 0.000000000000000000e+00 2.160263930846948940e-02 5.184633434032677110e-03
1.112500000000000000e+03 0.000000000000000000e+00 0.000000000000000000e+00 2.365429959464215165e-02 5.677031902714116049e-03
1.115000000000000000e+03 0.000000000000000000e+00 0.000000000000000000e+00 2.157129823065542101e-02 5.177111575357300731e-03
1.117500000000000000e+03 0.000000000000000000e+00 0.000000000000000000e+00 1.836679490256955607e-02 4.408030776616693111e-03
1.120000000000000000e+03 0.000000000000000000e+00 0.000000000000000000e+00 1.620290502334544025e-02 3.888697205602905348e-03
1.122500000000000000e+03 0.000000000000000000e+00 0.000000000000000000e+00 1.508452403565106736e-02 3.620285768556255526e-03
1.125000000000000000e+03 0.000000000000000000e+00 0.000000000000000000e+00 1.577755654523231577e-02 3.786613570855755766e-03
1.127500000000000000e+03 0.000000000000000000e+00 0.000000000000000000e+00 2.092797266973565537e-02 5.022713440736556456e-03
1.130000000000000000e+03 0.000000000000000000e+00 0.000000000000000000e+00 3.094385961703789711e-02 7.426526308089094301e-03
1.132500000000000000e+03 0.000000000000000000e+00 0.000000000000000000e+00 4.068091130305807185e-02 9.763418712733935509e-03
1.135000000000000000e+03 0.000000000000000000e+00 0.000000000000000000e+00 4.329792857617261598e-02 1.039150285828142721e-02
1.137500000000000000e+03 0.000000000000000000e+00 0.000000000000000000e+00 3.736117175309560529e-02 8.966681220742945407e-03
1.140000000000000000e+03 0.000000000000000000e+00 0.000000000000000000e+00 2.823677361842048816e-02 6.776825668420916049e-03
1.142500000000000000e+03 0.000000000000000000e+00 0.000000000000000000e+00 2.238837768791683211e-02 5.373210645100039151e-03
1.145000000000000000e+03 0.000000000000000000e+00 0.000000000000000000e+00 2.180111769298279448e-02 5.232268246315870466e-03
1.147500000000000000e+03 0.000000000000000000e+00 0.000000000000000000e+00 2.408837986331563430e-02 5.781211167195751677e-03
1.150000000000000000e+03 0.000000000000000000e+00 0.000000000000000000e+00 2.638504815312567656e-02 6.332411556750162061e-03
1.152500000000000000e+03 0.000000000000000000e+00 0.000000000000000000e+00 2.784423601489331712e-02 6.682616643574395762e-03
1.155000000000000000e+03 0.000000000000000000e+00 0.000000000000000000e+00 2.849173195443239354e-02 6.838015669063773373e-03
1.157500000000000000e+03 0.000000000000000000e+00 0.000000000000000000e+00 2.721381687207703737e-02 6.531316049298488587e-03
1.160000000000000000e+03 0.000000000000000000e+00 0.000000000000000000e+00 2.289070071215549423e-02 5.493768170917318061e-03
1.162500000000000000e+03 0.000000000000000000e+00 0.000000000000000000e+00 1.745990571480515036e-02 4.190377371553235565e-03
1.165000000000000000e+03 0.000000000000000000e+00 0.000000000000000000e+00 1.521737282398547345e-02 3.652169477756513419e-03
1.167500000000000000e+03 0.000000000000000000e+00 0.000000000000000000e+00 1.756074375248116437e-02 4.214578500595479206e-03
1.170000000000000000e+03 0.000000000000000000e+00 0.000000000000000000e+00 2.036362940156690934e-02 4.887271056376057791e-03
1.172500000000000000e+03 0.000000000000000000e+00 0.000000000000000000e+00 1.864531130443138757e-02 4.474874713063532045e-03
1.175000000000000000e+03 0.000000000000000000e+00 0.000000000000000000e+00 1.255175650128476095e-02 3.012421560308342627e-03
1.177500000000000000e+03 0.000000000000000000e+00 0.000000000000000000e+00 6.524487263344809322e-03 1.565876943202754298e-03
1.180000000000000000e+03 0.000000000000000000e+00 0.000000000000000000e+00 3.548197720553792310e-03 8.515674529329100503e-04
1.182500000000000000e+03 0.000000000000000000e+00 0.000000000000000000e+00 2.706809108788636210e-03 6.496341861092725864e-04
1.185000000000000000e+03 0.000000000000000000e+00 0.000000000000000000e+00 2.250341329698601640e-03 5.400819191276643675e-04
1.187500000000000000e+03 0.000000000000000000e+00 0.000000000000000000e+00 2.791009970063573417e-03 6.698423928152575637e-04
1.190000000000000000e+03 0.000000000000000000e+00 0.000000000000000000e+00 6.251279936647775176e-03 1.500307184795465808e-03
1.192500000000000000e+03 0.000000000000000000e+00 0.000000000000000000e+00 1.227666650153493196e-02 2.946399960368383496e-03
1.195000000000000000e+03 0.000000000000000000e+00 0.000000000000000000e+00 1.711625397072361054e-02 4.107900952973666392e-03
1.197500000000000000e+03 0.000000000000000000e+00 0.000000000000000000e+00 1.708865190714388763e-02 4.101276457714532128e-03
1.200000000000000000e+03 0.000000000000000000e+00 0.000000000000000000e+00 1.272225576294409681e-02 3.053341383106583130e-03
1.202500000000000000e+03 0.000000000000000000e+00 0.000000000000000000e+00 8.074554933825715819e-03 1.937893184118171658e-03
1.205000000000000000e+03 0.000000000000000000e+00 0.000000000000000000e+00 5.960926689765735920e-03 1.430622405543776612e-03
1.207500000000000000e+03 0.000000000000000000e+00 0.000000000000000000e+00 5.844742276688707529e-03 1.402738146405289746e-03
1.210000000000000000e+03 0.000000000000000000e+00 0.000000000000000000e+00 7.087518437810788607e-03 1.701004425074589127e-03
1.212500000000000000e+03 0.000000000000000000e+00 0.000000000000000000e+00 1.146399064157630626e-02 2.751357753978313225e-03
1.215000000000000000e+03 0.000000000000000000e+00 0.000000000000000000e+00 1.999277305058087817e-02 4.798265532139410136e-03
1.217500000000000000e+03 0.000000000000000000e+00 0.000000000000000000e+00 2.904321231441839291e-02 6.970370955460413083e-03
1.220000000000000000e+03 0.000000000000000000e+00 0.000000000000000000e+00 3.276881448523940449e-02 7.864515476457455828e-03
1.222500000000000000e+03 0.000000000000000000e+00 0.000000000000000000e+00 2.952489679644100529e-02 7.085975231145840748e-03
1.225000000000000000e+03 0.000000000000000000e+00 0.000000000000000000e+00 2.388995944490214518e-02 5.733590266776514288e-03
1.227500000000000000e+03 0.000000000000000000e+00 0.000000000000000000e+00 2.179084442882592287e-02 5.229802662918220726e-03
1.230000000000000000e+03 0.000000000000000000e+00 0.000000000000000000e+00 2.478237295004644472e-02 5.947769508011146490e-03
1.232500000000000000e+03 0.000000000000000000e+00 0.000000000000000000e+00 2.960351383559826910e-02 7.104843320543585174e-03
1.235000000000000000e+03 0.000000000000000000e+00 0.000000000000000000e+00 3.239592490195210978e-02 7.775021976468505895e-03
1.237500000000000000e+03 0.000000000000000000e+00 0.000000000000000000e+00 3.227107185730042349e-02 7.745057245752100597e-03
1.240000000000000000e+03 0.000000000000000000e+00 0.000000000000000000e+00 3.059641117315175379e-02 7.343138681556420598e-03
1.242500000000000000e+03 0.000000000000000000e+00 0.000000000000000000e+00 2.808131833852051118e-02 6.739516401244922787e-03
1.245000000000000000e+03 0.000000000000000000e+00 0.000000000000000000e+00 2.461137838987108306e-02 5.906730813569060004e-03
1.247500000000000000e+03 0.000000000000000000e+00 0.000000000000000000e+00 2.193756357393084055e-02 5.265015257743400900e-03
1.250000000000000000e+03 0.000000000000000000e+00 0.000000000000000000e+00 2.353864741889995574e-02 5.649275380535989481e-03
1.252500000000000000e+03 0.000000000000000000e+00 0.000000000000000000e+00 2.984349989319272367e-02 7.162439974366253091e-03
1.255000000000000000e+03 0.000000000000000000e+00 0.000000000000000000e+00 3.556744369587253041e-02 8.536186487009406187e-03
1.257500000000000000e+03 0.000000000000000000e+00 0.000000000000000000e+00 3.447152893677277175e-02 8.273166944825464594e-03
1.260000000000000000e+03 0.000000000000000000e+00 0.000000000000000000e+00 2.615734269533797479e-02 6.277762246881113742e-03
1.262500000000000000e+03 0.000000000000000000e+00 0.000000000000000000e+00 1.610873938166274000e-02 3.866097451599057391e-03
1.265000000000000000e+03 0.000000000000000000e+00 0.000000000000000000e+00 9.529775768149912479e-03 2.287146184355978717e-03
1.267500000000000000e+03 0.000000000000000000e+00 0.000000000000000000e+00 7.180192249130392702e-03 1.723246139791294101e-03
1.270000000000000000e+03 0.000000000000000000e+00 0.000000000000000000e+00 7.093600768224613516e-03 1.702464184373907088e-03
1.272500000000000000e+03 0.000000000000000000e+00 0.000000000000000000e+00 8.205243532742377208e-03 1.969258447858170460e-03
1.275000000000000000e+03 0.000000000000000000e+00 0.000000000000000000e+00 1.098078469716896183e-02 2.635388327320550665e-03
1.277500000000000000e+03 0.000000000000000000e+00 0.000000000000000000e+00 1.494095529690604544e-02 3.585829271257450542e-03
1.280000000000000000e+03 0.000000000000000000e+00 0.000000000000000000e+00 1.717051055143913041e-02 4.120922532345390812e-03
1.282500000000000000e+03 0.000000000000000000e+00 0.000000000000000000e+00 1.487082882423242276e-02 3.568998917815781151e-03
1.285000000000000000e+03 0.000000000000000000e+00 0.000000000000000000e+00 9.173786813597321205e-03 2.201708835263356881e-03
1.287500000000000000e+03 0.000000000000000000e+00 0.000000000000000000e+00 4.479459816049712051e-03 1.075070355851930840e-03
1.290000000000000000e+03 0.000000000000000000e+00 0.000000000000000000e+00 3.347523208982717668e-03 8.034055701558522012e-04
1.292500000000000000e+03 0.000000000000000000e+00 0.000000000000000000e+00 3.999686685591758405e-03 9.599248045420218914e-04
1.295000000000000000e+03 0.000000000000000000e+00 0.000000000000000000e+00 4.098361791137191366e-03 9.836068298729257371e-04
1.297500000000000000e+03 0.000000000000000000e+00 0.000000000000000000e+00 4.729068651913131451e-03 1.134976476459151427e-03
1.300000000000000000e+03 0.000000000000000000e+00 0.000000000000000000e+00 8.201842362735481395e-03 1.968442167056515257e-03
1.302500000000000000e+03 0.000000000000000000e+00 0.000000000000000000e+00 1.338764607814275746e-02 3.213035058754261375e-03
1.305000000000000000e+03 0.000000000000000000e+00 0.000000000000000000e+00 1.624906584440460530e-02 3.899775802657105134e-03
1.307500000000000000e+03 0.000000000000000000e+00 0.000000000000000000e+00 1.507669296146519136e-02 3.618406310751645562e-03
1.310000000000000000e+03 0.000000000000000000e+00 0.000000000000000000e+00 1.306680962642611105e-02 3.136034310342266426e-03
1.312500000000000000e+03 0.000000000000000000e+00 0.000000000000000000e+00 1.477498609122343542e-02 3.545996661893624589e-03
1.315000000000000000e+03 0.000000000000000000e+00 0.000000000000000000e+00 2.089206852983938045e-02 5.014096447161451101e-03
1.317500000000000000e+03 0.000000000000000000e+00 0.000000000000000000e+00 2.744906553540932617e-02 6.587775728498237136e-03
1.320000000000000000e+03 0.000000000000000000e+00 0.000000000000000000e+00 3.007703812579889946e-02 7.218489150191735593e-03
1.322500000000000000e+03 0.000000000000000000e+00 0.000000000000000000e+00 2.824790237629520862e-02 6.779496570310849200e-03
1.325000000000000000e+03 0.000000000000000000e+00 0.000000000000000000e+00 2.475341286393205678e-02 5.940819087343693003e-03
1.327500000000000000e+03 0.000000000000000000e+00 0.000000000000000000e+00 2.185559471279940533e-02 5.245342731071856758e-03
1.330000000000000000e+03 0.000000000000000000e+00 0.000000000000000000e+00 1.994125102524467452e-02 4.785900246058721191e-03
1.332500000000000000e+03 0.000000000000000000e+00 0.000000000000000000e+00 2.009112264036172144e-02 4.821869433686812485e-03
1.335000000000000000e+03 0.000000000000000000e+00 0.000000000000000000e+00 2.485882517917512025e-02 5.966118043002028443e-03
1.337500000000000000e+03 0.000000000000000000e+00 0.000000000000000000e+00 3.420352669203291507e-02 8.208846406087898229e-03
1.340000000000000000e+03 0.000000000000000000e+00 0.000000000000000000e+00 4.261876068427515596e-02 1.022850256422603785e-02
1.342500000000000000e+03 0.000000000000000000e+00 0.000000000000000000e+00 4.341641968928787454e-02 1.041994072542908913e-02
1.345000000000000000e+03 0.000000000000000000e+00 0.000000000000000000e+00 3.575916816519469910e-02 8.582200359646727228e-03
1.347500000000000000e+03 0.000000000000000000e+00 0.000000000000000000e+00 2.546830324130737802e-02 6.112392777913770205e-03
1.350000000000000000e+03 0.000000000000000000e+00 0.000000000000000000e+00 1.888488395551912377e-02 4.532372149324589809e-03
1.352500000000000000e+03 0.000000000000000000e+00 0.000000000000000000e+00 1.754562889434926540e-02 4.210950934643823904e-03
1.355000000000000000e+03 0.000000000000000000e+00 0.000000000000000000e+00 1.887587381788218346e-02 4.530209716291723303e-03
1.357500000000000000e+03 0.000000000000000000e+00 0.000000000000000000e+00 2.028496488195803346e-02 4.868391571669928100e-03
1.360000000000000000e+03 0.000000000000000000e+00 0.000000000000000000e+00 2.133637643376248144e-02 5.120730344102994783e-03
1.362500000000000000e+03 0.000000000000000000e+00 0.000000000000000000e+00 2.219320027083180810e-02 5.326368064999633875e-03
1.365000000000000000e+03 0.000000000000000000e+00 0.000000000000000000e+00 2.151001083150031606e-02 5.162402599560075162e-03
1.367500000000000000e+03 0.000000000000000000e+00 0.000000000000000000e+00 1.773622220816883921e-02 4.256693329960521341e-03
1.370000000000000000e+03 0.000000000000000000e+00 0.000000000000000000e+00 1.238031165263910396e-02 2.971274796633385003e-03
1.372500000000000000e+03 0.000000000000000000e+00 0.000000000000000000e+00 9.511050585076074454e-03 2.282652140418257782e-03
1.375000000000000000e+03 0.000000000000000000e+00 0.000000000000000000e+00 1.073729391331662390e-02 2.576950539195989234e-03
1.377500000000000000e+03 0.000000000000000000e+00 0.000000000000000000e+00 1.266293134972971447e-02 3.039103523935131421e-03
1.380000000000000000e+03 0.000000000000000000e+00 0.000000000000000000e+00 1.121595204349513410e-02 2.691828490438832183e-03
1.382500000000000000e+03 0.000000000000000000e+00 0.000000000000000000e+00 6.950710657668891269e-03 1.668170557840533818e-03
1.385000000000000000e+03 0.000000000000000000e+00 0.000000000000000000e+00 3.753604229275112579e-03 9.008650150260269062e-04
1.387500000000000000e+03 0.000000000000000000e+00 0.000000000000000000e+00 3.377107724696757751e-03 8.105058539272217864e-04
1.390000000000000000e+03 0.000000000000000000e+00 0.000000000000000000e+00 3.900842388117384003e-03 9.362021731481721433e-04
1.392500000000000000e+03 0.000000000000000000e+00 0.000000000000000000e+00 3.550532177871022071e-03 8.521277226890451584e-04
1.395000000000000000e+03 0.000000000000000000e+00 0.000000000000000000e+00 3.799870554498520347e-03 9.119689330796447793e-04
1.397500000000000000e+03 0.000000000000000000e+00 0.000000000000000000e+00 7.495813134839979935e-03 1.798995152361594976e-03
1.400000000000000000e+03 0.000000000000000000e+00 0.000000000000000000e+00 1.457817590554132299e-02 3.498762217329916963e-03
1.402500000000000000e+03 0.000000000000000000e+00 0.000000000000000000e+00 2.096420845761325091e-02 5.031410029827179838e-03
1.405000000000000000e+03 0.000000000000000000e+00 0.000000000000000000e+00 2.239997546497551548e-02 5.375994111594123090e-03
1.407500000000000000e+03 0.000000000000000000e+00 0.000000000000000000e+00 1.890541336526229549e-02 4.537299207662950917e-03
1.410000000000000000e+03 0.000000000000000000e+00 0.000000000000000000e+00 1.432281750356940130e-02 3.437476200856655600e-03
1.412500000000000000e+03 0.000000000000000000e+00 0.000000000000000000e+00 1.173685761379229288e-02 2.816845827310150187e-03
1.415000000000000000e+03 0.000000000000000000e+00 0.000000000000000000e+00 1.127428909294023694e-02 2.705829382305656623e-03
1.417500000000000000e+03 0.000000000000000000e+00 0.000000000000000000e+00 1.287241494808797834e-02 3.089379587541114455e-03
1.420000000000000000e+03 0.000000000000000000e+00 0.000000000000000000e+00 1.827164525106075854e-02 4.385194860254581356e-03
1.422500000000000000e+03 0.000000000000000000e+00 0.000000000000000000e+00 2.778414883130752439e-02 6.668195719513805332e-03
1.425000000000000000e+03 0.000000000000000000e+00 0.000000000000000000e+00 3.692564893840532408e-02 8.862155745217276809e-03
1.427500000000000000e+03 0.000000000000000000e+00 0.000000000000000000e+00 3.955253889424652919e-02 9.492609334619164785e-03
1.430000000000000000e+03 0.000000000000000000e+00 0.000000000000000000e+00 3.450777184202671877e-02 8.281865242086412782e-03
1.432500000000000000e+03 0.000000000000000000e+00 0.000000000000000000e+00 2.712884904085271359e-02 6.510923769804650638e-03
1.435000000000000000e+03 0.000000000000000000e+00 0.000000000000000000e+00 2.369102222168216823e-02 5.685845333203719959e-03
1.437500000000000000e+03 0.000000000000000000e+00 0.000000000000000000e+00 2.560741976367922682e-02 6.145780743283014123e-03
1.440000000000000000e+03 0.000000000000000000e+00 0.000000000000000000e+00 2.942529294966119563e-02 7.062070307918686361e-03
1.442500000000000000e+03 0.000000000000000000e+00 0.000000000000000000e+00 3.132027525032503312e-02 7.516866060078007325e-03
1.445000000000000000e+03 0.000000000000000000e+00 0.000000000000000000e+00 3.053159381712302473e-02 7.327582516109524928e-03
1.447500000000000000e+03 0.000000000000000000e+00 0.000000000000000000e+00 2.843651002504675451e-02 6.824762406011220146e-03
1.450000000000000000e+03 0.000000000000000000e+00 0.000000000000000000e+00 2.561288816963927517e-02 6.147093160713425382e-03
1.452500000000000000e+03 0.000000000000000000e+00 0.000000000000000000e+00 2.175665602451725550e-02 5.221597445884140938e-03
1.455000000000000000e+03 0.000000000000000000e+00 0.000000000000000000e+00 1.840612318169818074e-02 4.417469563607562787e-03
1.457500000000000000e+03 0.000000000000000000e+00 0.000000000000000000e+00 1.885554769021716842e-02 4.525331445652119866e-03
1.460000000000000000e+03 0.000000000000000000e+00 0.000000000000000000e+00 2.356471788544680854e-02 5.655532292507233286e-03
1.462500000000000000e+03 0.000000000000000000e+00 0.000000000000000000e+00 2.768910471436093410e-02 6.645385131446623732e-03
1.465000000000000000e+03 0.000000000000000000e+00 0.000000000000000000e+00 2.572963678732650278e-02 6.175112828958360250e-03
1.467500000000000000e+03 0.000000000000000000e+00 0.000000000000000000e+00 1.780874921617765783e-02 4.274099811882637462e-03
1.470000000000000000e+03 0.000000000000000000e+00 0.000000000000000000e+00 9.178498197859957797e-03 2.202839567486389750e-03
1.472500000000000000e+03 0.000000000000000000e+00 0.000000000000000000e+00 4.123575351516398438e-03 9.896580843639355730e-04
1.475000000000000000e+03 0.000000000000000000e+00 0.000000000000000000e+00 2.536149089239502202e-03 6.086757814174804547e-04
1.477500000000000000e+03 0.000000000000000000e+00 0.000000000000000000e+00 2.371242465654295039e-03 5.690981917570308050e-04
1.480000000000000000e+03 0.000000000000000000e+00 0.000000000000000000e+00 3.286199294546591609e-03 7.886878306911819037e-04
1.482500000000000000e+03 0.000000000000000000e+00 0.000000000000000000e+00 6.563389172775226620e-03 1.575213401466054415e-03
1.485000000000000000e+03 0.000000000000000000e+00 0.000000000000000000e+00 1.194779865070246146e-02 2.867471676168590212e-03
1.487500000000000000e+03 0.000000000000000000e+00 0.000000000000000000e+00 1.609756381043182458e-02 3.863415314503637794e-03
1.490000000000000000e+03 0.000000000000000000e+00 0.000000000000000000e+00 1.553200785542633612e-02 3.727681885302320218e-03
1.492500000000000000e+03 0.000000000000000000e+00 0.000000000000000000e+00 1.082591871563936756e-02 2.598220491753447901e-03
1.495000000000000000e+03 0.000000000000000000e+00 0.000000000000000000e+00 6.214328062600186185e-03 1.491438735024044546e-03
1.497500000000000000e+03 0.000000000000000000e+00 0.000000000000000000e+00 4.660508941558669412e-03 1.118522145974080529e-03
1.500000000000000000e+03 0.000000000000000000e+00 0.000000000000000000e+00 5.239817041477729150e-03 1.257556089954654788e-03
1.502500000000000000e+03 0.000000000000000000e+00 0.000000000000000000e+00 6.382990631063559760e-03 1.531917751455254403e-03
1.505000000000000000e+03 0.000000000000000000e+00 0.000000000000000000e+00 9.225884684703526684e-03 2.214212324328846456e-03
1.507500000000000000e+03 0.000000000000000000e+00 0.000000000000000000e+00 1.523770038015621539e-02 3.657048091237491069e-03
1.510000000000000000e+03 0.000000000000000000e+00 0.000000000000000000e+00 2.209316475442113514e-02 5.302359541061071359e-03
1.512500000000000000e+03 0.000000000000000000e+00 0.000000000000000000e+00 2.508735758591213588e-02 6.020965820618911883e-03
1.515000000000000000e+03 0.000000000000000000e+00 0.000000000000000000e+00 2.284965327352610903e-02 5.483916785646265196e-03
1.517500000000000000e+03 0.000000000000000000e+00 0.000000000000000000e+00 1.951504484741617418e-02 4.683610763379881387e-03
1.520000000000000000e+03 0.000000000000000000e+00 0.000000000000000000e+00 2.032211099288543099e-02 4.877306638292503577e-03
1.522500000000000000e+03 0.000000000000000000e+00 0.000000000000000000e+00 2.601015405191468843e-02 6.242436972459524877e-03
1.525000000000000000e+03 0.000000000000000000e+00 0.000000000000000000e+00 3.233037146484926683e-02 7.759289151563823067e-03
1.527500000000000000e+03 0.000000000000000000e+00 0.000000000000000000e+00 3.468051467283420758e-02 8.323323521480208501e-03
1.530000000000000000e+03 0.000000000000000000e+00 0.000000000000000000e+00 3.241342248362673317e-02 7.779221396070415406e-03
1.532500000000000000e+03 0.000000000000000000e+00 0.000000000000000000e+00 2.827726113850565978e-02 6.786542673241357203e-03
1.535000000000000000e+03 0.000000000000000000e+00 0.000000000000000000e+00 2.459402928925128948e-02 5.902567029420309128e-03
1.537500000000000000e+03 0.000000000000000000e+00 0.000000000000000000e+00 2.188962380425347673e-02 5.253509713020834172e-03
1.540000000000000000e+03 0.000000000000000000e+00 0.000000000000000000e+00 2.129425047630870843e-02 5.110620114314090058e-03
1.542500000000000000e+03 0.000000000000000000e+00 0.000000000000000000e+00 2.518513008615010096e-02 6.044431220676023744e-03
1.545000000000000000e+03 0.000000000000000000e+00 0.000000000000000000e+00 3.325092789058294029e-02 7.980222693739904422e-03
1.547500000000000000e+03 0.000000000000000000e+00 0.000000000000000000e+00 3.996526050500642802e-02 9.591662521201542793e-03
1.550000000000000000e+03 0.000000000000000000e+00 0.000000000000000000e+00 3.906341081035991786e-02 9.375218594486379661e-03
1.552500000000000000e+03 0.000000000000000000e+00 0.000000000000000000e+00 3.029253933990624231e-02 7.270209441577498224e-03
1.555000000000000000e+03 0.000000000000000000e+00 0.000000000000000000e+00 1.964401011776958222e-02 4.714562428264699144e-03
1.557500000000000000e+03 0.000000000000000000e+00 0.000000000000000000e+00 1.300307103203532204e-02 3.120737047688477029e-03
1.560000000000000000e+03 0.000000000000000000e+00 0.000000000000000000e+00 1.130498579449126968e-02 2.713196590677904776e-03
1.562500000000000000e+03 0.000000000000000000e+00 0.000000000000000000e+00 1.188498042925833706e-02 2.852395303022000912e-03
1.565000000000000000e+03 0.000000000000000000e+00 0.000000000000000000e+00 1.267865824399532111e-02 3.042877978558876980e-03
1.567500000000000000e+03 0.000000000000000000e+00 0.000000000000000000e+00 1.386220881933601309e-02 3.326930116640642969e-03
1.570000000000000000e+03 0.000000000000000000e+00 0.000000000000000000e+00 1.572345920794855287e-02 3.773630209907652498e-03
1.572500000000000000e+03 0.000000000000000000e+00 0.000000000000000000e+00 1.647957154024403542e-02 3.955097169658567877e-03
1.575000000000000000e+03 0.000000000000000000e+00 0.000000000000000000e+00 1.392473522845845586e-02 3.341936454830028887e-03
1.577500000000000000e+03 0.000000000000000000e+00 0.000000000000000000e+00 9.054778619025280126e-03 2.173146868566067091e-03
1.580000000000000000e+03 0.000000000000000000e+00 0.000000000000000000e+00 5.814358158028818703e-03 1.395445957926916324e-03
1.582500000000000000e+03 0.000000000000000000e+00 0.000000000000000000e+00 6.234839137855084819e-03 1.496361393085220278e-03
1.585000000000000000e+03 0.000000000000000000e+00 0.000000000000000000e+00 7.799992196236368684e-03 1.871998127096728476e-03
1.587500000000000000e+03 0.000000000000000000e+00 0.000000000000000000e+00 7.290412767631684367e-03 1.749699064231604153e-03
1.590000000000000000e+03 0.000000000000000000e+00 0.000000000000000000e+00 5.433383575386530918e-03 1.304012058092767368e-03
1.592500000000000000e+03 0.000000000000000000e+00 0.000000000000000000e+00 5.329949379280103476e-03 1.279187851027224808e-03
1.595000000000000000e+03 0.000000000000000000e+00 0.000000000000000000e+00 7.445586299876270214e-03 1.786940711970304643e-03
1.597500000000000000e+03 0.000000000000000000e+00 0.000000000000000000e+00 9.002710866713963325e-03 2.160650608011350973e-03
1.600000000000000000e+03 0.000000000000000000e+00 0.000000000000000000e+00 8.430642935349478770e-03 2.023354304483874957e-03
1.602500000000000000e+03 0.000000000000000000e+00 0.000000000000000000e+00 8.184933391297994146e-03 1.964384013911518647e-03
1.605000000000000000e+03 0.000000000000000000e+00 0.000000000000000000e+00 1.195281089531254060e-02 2.868674614875009292e-03
1.607500000000000000e+03 0.000000000000000000e+00 0.000000000000000000e+00 1.978042612187571117e-02 4.747302269250170022e-03
1.610000000000000000e+03 0.000000000000000000e+00 0.000000000000000000e+00 2.714948115073167328e-02 6.515875476175600652e-03
1.612500000000000000e+03 0.000000000000000000e+00 0.000000000000000000e+00 2.930487754412528650e-02 7.033170610590068136e-03
1.615000000000000000e+03 0.000000000000000000e+00 0.000000000000000000e+00 2.595567500095794997e-02 6.229362000229907680e-03
1.617500000000000000e+03 0.000000000000000000e+00 0.000000000000000000e+00 2.091631469767702908e-02 5.019915527442486182e-03
1.620000000000000000e+03 0.000000000000000000e+00 0.000000000000000000e+00 1.756968188176210102e-02 4.216723651622904419e-03
1.622500000000000000e+03 0.000000000000000000e+00 0.000000000000000000e+00 1.653068176266539110e-02 3.967363623039693414e-03
1.625000000000000000e+03 0.000000000000000000e+00 0.000000000000000000e+00 1.805354805648883704e-02 4.332851533557321132e-03
1.627500000000000000e+03 0.000000000000000000e+00 0.000000000000000000e+00 2.370395656898617240e-02 5.688949576556680439e-03
1.630000000000000000e+03 0.000000000000000000e+00 0.000000000000000000e+00 3.319313417297548030e-02 7.966352201514115619e-03
1.632500000000000000e+03 0.000000000000000000e+00 0.000000000000000000e+00 4.149377539945324489e-02 9.958506095868778843e-03
1.635000000000000000e+03 0.000000000000000000e+00 0.000000000000000000e+00 4.248152994056173665e-02 1.019556718573481555e-02
1.637500000000000000e+03 0.000000000000000000e+00 0.000000000000000000e+00 3.557573306720377554e-02 8.538175936128905574e-03
1.640000000000000000e+03 0.000000000000000000e+00 0.000000000000000000e+00 2.666809542345984288e-02 6.400342901630362222e-03
1.642500000000000000e+03 0.000000000000000000e+00 0.000000000000000000e+00 2.206189711850141399e-02 5.294855308440338595e-03
1.645000000000000000e+03 0.000000000000000000e+00 0.000000000000000000e+00 2.284263086621599048e-02 5.482231407891837230e-03
1.647500000000000000e+03 0.000000000000000000e+00 0.000000000000000000e+00 2.542963262450406714e-02 6.103111829880976044e-03
1.650000000000000000e+03 0.000000000000000000e+00 0.000000000000000000e+00 2.628221325899510880e-02 6.307731182158825799e-03
1.652500000000000000e+03 0.000000000000000000e+00 0.000000000000000000e+00 2.501452810253306652e-02 6.003486744607934925e-03
1.655000000000000000e+03 0.000000000000000000e+00 0.000000000000000000e+00 2.306189150301648713e-02 5.534853960723957154e-03
1.657500000000000000e+03 0.000000000000000000e+00 0.000000000000000000e+00 2.067824339322585359e-02 4.962778414374204375e-03
1.660000000000000000e+03 0.000000000000000000e+00 0.000000000000000000e+00 1.708863853841606495e-02 4.101273249219854720e-03
1.662500000000000000e+03 0.000000000000000000e+00 0.000000000000000000e+00 1.345288572086662110e-02 3.228692573007988734e-03
1.665000000000000000e+03 0.000000000000000000e+00 0.000000000000000000e+00 1.293989316702477341e-02 3.105574360085945271e-03
1.667500000000000000e+03 0.000000000000000000e+00 0.000000000000000000e+00 1.628559719027040595e-02 3.908543325664897393e-03
1.670000000000000000e+03 0.000000000000000000e+00 0.000000000000000000e+00 1.934094197586097574e-02 4.641826074206633831e-03
1.672500000000000000e+03 0.000000000000000000e+00 0.000000000000000000e+00 1.740381074179910004e-02 4.176914578031784217e-03
1.675000000000000000e+03 0.000000000000000000e+00 0.000000000000000000e+00 1.091589561979080386e-02 2.619814948749792961e-03
1.677500000000000000e+03 0.000000000000000000e+00 0.000000000000000000e+00 4.591389084319109394e-03 1.101933380236586177e-03
1.680000000000000000e+03 0.000000000000000000e+00 0.000000000000000000e+00 1.605393878621120835e-03 3.852945308690689744e-04
1.682500000000000000e+03 0.000000000000000000e+00 0.000000000000000000e+00 1.014367804109189350e-03 2.434482729862054494e-04
1.685000000000000000e+03 0.000000000000000000e+00 0.000000000000000000e+00 8.922665831220743474e-04 2.141439799492978412e-04
1.687500000000000000e+03 0.000000000000000000e+00 0.000000000000000000e+00 1.808496293594918274e-03 4.340391104627803576e-04
1.690000000000000000e+03 0.000000000000000000e+00 0.000000000000000000e+00 5.880293726903044679e-03 1.411270494456730610e-03
1.692500000000000000e+03 0.000000000000000000e+00 0.000000000000000000e+00 1.292507050805249622e-02 3.102016921932598814e-03
1.695000000000000000e+03 0.000000000000000000e+00 0.000000000000000000e+00 1.901227742882467125e-02 4.562946582917921413e-03
1.697500000000000000e+03 0.000000000000000000e+00 0.000000000000000000e+00 1.994918043942589189e-02 4.787803305462213881e-03
1.700000000000000000e+03 0.000000000000000000e+00 0.000000000000000000e+00 1.587357159282998254e-02 3.809657182279195791e-03
1.702500000000000000e+03 0.000000000000000000e+00 0.000000000000000000e+00 1.103798913582834315e-02 2.649117392598802304e-03
1.705000000000000000e+03 0.000000000000000000e+00 0.000000000000000000e+00 8.913130763606932905e-03 2.139151383265663724e-03
1.707500000000000000e+03 0.000000000000000000e+00 0.000000000000000000e+00 9.349798684117564124e-03 2.243951684188214869e-03
1.710000000000000000e+03 0.000000000000000000e+00 0.000000000000000000e+00 1.132529199775913348e-02 2.718070079462191983e-03
1.712500000000000000e+03 0.000000000000000000e+00 0.000000000000000000e+00 1.583039336878225289e-02 3.799294408507740157e-03
1.715000000000000000e+03 0.000000000000000000e+00 0.000000000000000000e+00 2.348798924572282829e-02 5.637117418973478823e-03
1.717500000000000000e+03 0.000000000000000000e+00 0.000000000000000000e+00 3.099011982831740078e-02 7.437628758796176014e-03
1.720000000000000000e+03 0.000000000000000000e+00 0.000000000000000000e+00 3.326358447361942028e-02 7.983260273668661353e-03
1.722500000000000000e+03 0.000000000000000000e+00 0.000000000000000000e+00 2.944260834353799872e-02 7.066226002449119137e-03
1.725000000000000000e+03 0.000000000000000000e+00 0.000000000000000000e+00 2.450372064377016879e-02 5.880892954504840162e-03
1.727500000000000000e+03 0.000000000000000000e+00 0.000000000000000000e+00 2.410605122618074414e-02 5.785452294283378871e-03
1.730000000000000000e+03 0.000000000000000000e+00 0.000000000000000000e+00 2.884587423375922777e-02 6.923009816102214387e-03
1.732500000000000000e+03 0.000000000000000000e+00 0.000000000000000000e+00 3.422596378989094940e-02 8.214231309573827300e-03
1.735000000000000000e+03 0.000000000000000000e+00 0.000000000000000000e+00 3.563824943937016904e-02 8.553179865448838626e-03
1.737500000000000000e+03 0.000000000000000000e+00 0.000000000000000000e+00 3.257982020753988350e-02 7.819156849809570653e-03
1.740000000000000000e+03 0.000000000000000000e+00 0.000000000000000000e+00 2.785676625248057620e-02 6.685623900595337801e-03
1.742500000000000000e+03 0.000000000000000000e+00 0.000000000000000000e+00 2.370138351008456781e-02 5.688332042420295512e-03
1.745000000000000000e+03 0.000000000000000000e+00 0.000000000000000000e+00 2.048485180568119721e-02 4.916364433363486913e-03
1.747500000000000000e+03 0.000000000000000000e+00 0.000000000000000000e+00 1.916378296893508568e-02 4.599307912544419764e-03
1.750000000000000000e+03 0.000000000000000000e+00 0.000000000000000000e+00 2.194652810899333853e-02 5.267166746158400900e-03
1.752500000000000000e+03 0.000000000000000000e+00 0.000000000000000000e+00 2.849853970587479940e-02 6.839649529409951370e-03
1.755000000000000000e+03 0.000000000000000000e+00 0.000000000000000000e+00 3.360333222409087744e-02 8.064799733781810587e-03
1.757500000000000000e+03 0.000000000000000000e+00 0.000000000000000000e+00 3.158904045050216214e-02 7.581369708120518081e-03
1.760000000000000000e+03 0.000000000000000000e+00 0.000000000000000000e+00 2.265761736832234280e-02 5.437828168397361613e-03
1.762500000000000000e+03 0.000000000000000000e+00 0.000000000000000000e+00 1.264366874972651551e-02 3.034480499934363428e-03
1.765000000000000000e+03 0.000000000000000000e+00 0.000000000000000000e+00 6.698157273198379440e-03 1.607557745567611031e-03
1.767500000000000000e+03 0.000000000000000000e+00 0.000000000000000000e+00 5.097689440683221551e-03 1.223445465763973051e-03
1.770000000000000000e+03 0.000000000000000000e+00 0.000000000000000000e+00 5.251183679954599115e-03 1.260284083189103579e-03
1.772500000000000000e+03 0.000000000000000000e+00 0.000000000000000000e+00 5.856027627932882534e-03 1.405446630703891756e-03
1.775000000000000000e+03 0.000000000000000000e+00 0.000000000000000000e+00 7.806997550194569140e-03 1.873679412046696299e-03
1.777500000000000000e+03 0.000000000000000000e+00 0.000000000000000000e+00 1.140662196036225026e-02 2.737589270486940046e-03
1.780000000000000000e+03 0.000000000000000000e+00 0.000000000000000000e+00 1.421867822658973157e-02 3.412482774381535126e-03
1.782500000000000000e+03 0.000000000000000000e+00 0.000000000000000000e+00 1.324091277709017224e-02 3.177819066501641129e-03
1.785000000000000000e+03 0.000000000000000000e+00 0.000000000000000000e+00 8.983985947639716585e-03 2.156156627433531564e-03
1.787500000000000000e+03 0.000000000000000000e+00 0.000000000000000000e+00 5.435071482945233803e-03 1.304417155906855991e-03
1.790000000000000000e+03 0.000000000000000000e+00 0.000000000000000000e+00 5.227602459781504132e-03 1.254624590347560957e-03
1.792500000000000000e+03 0.000000000000000000e+00 0.000000000000000000e+00 6.764384687789299494e-03 1.623452325069431714e-03
1.795000000000000000e+03 0.000000000000000000e+00 0.000000000000000000e+00 7.523649981202026188e-03 1.805675995488485990e-03
1.797500000000000000e+03 0.000000000000000000e+00 0.000000000000000000e+00 8.169338019260070916e-03 1.960641124622416933e-03
1.800000000000000000e+03 0.000000000000000000e+00 0.000000000000000000e+00 1.088504029844408402e-02 2.612409671626580304e-03
1.802500000000000000e+03 0.000000000000000000e+00 0.000000000000000000e+00 1.492336115033647721e-02 3.581606676080754514e-03
1.805000000000000000e+03 0.000000000000000000e+00 0.000000000000000000e+00 1.687666875954935836e-02 4.050400502291846144e-03
1.807500000000000000e+03 0.000000000000000000e+00 0.000000000000000000e+00 1.558276484153011884e-02 3.739863561967228349e-03
1.810000000000000000e+03 0.000000000000000000e+00 0.000000000000000000e+00 1.449126923860605091e-02 3.477904617265451838e-03
1.812500000000000000e+03 0.000000000000000000e+00 0.000000000000000000e+00 1.795001510216406859e-02 4.308003624519375803e-03
1.815000000000000000e+03 0.000000000000000000e+00 0.000000000000000000e+00 2.592416021101541165e-02 6.221798450643698311e-03
1.817500000000000000e+03 0.000000000000000000e+00 0.000000000000000000e+00 3.344264632635718382e-02 8.026235118325723839e-03
1.820000000000000000e+03 0.000000000000000000e+00 0.000000000000000000e+00 3.542458205275353378e-02 8.501899692660847344e-03
1.822500000000000000e+03 0.000000000000000000e+00 0.000000000000000000e+00 3.151762403805925122e-02 7.564229769134220294e-03
1.825000000000000000e+03 0.000000000000000000e+00 0.000000000000000000e+00 2.565343380947388702e-02 6.156824114273731947e-03
1.827500000000000000e+03 0.000000000000000000e+00 0.000000000000000000e+00 2.143233901640365091e-02 5.143761363936875594e-03
1.830000000000000000e+03 0.000000000000000000e+00 0.000000000000000000e+00 1.969711732064659271e-02 4.727308156955181868e-03
1.832500000000000000e+03 0.000000000000000000e+00 0.000000000000000000e+00 2.076845073238287737e-02 4.984428175771890915e-03
1.835000000000000000e+03 0.000000000000000000e+00 0.000000000000000000e+00 2.598347118098357292e-02 6.236033083436056876e-03
1.837500000000000000e+03 0.000000000000000000e+00 0.000000000000000000e+00 3.465536104896457803e-02 8.317286651751498380e-03
1.840000000000000000e+03 0.000000000000000000e+00 0.000000000000000000e+00 4.156121473854727799e-02 9.974691537251344914e-03
1.842500000000000000e+03 0.000000000000000000e+00 0.000000000000000000e+00 4.085025985611932808e-02 9.804062365468636797e-03
1.845000000000000000e+03 0.000000000000000000e+00 0.000000000000000000e+00 3.248467382126908609e-02 7.796321717104579864e-03
1.847500000000000000e+03 0.000000000000000000e+00 0.000000000000000000e+00 2.262092366193020621e-02 5.429021678863249489e-03
1.850000000000000000e+03 0.000000000000000000e+00 0.000000000000000000e+00 1.728106808648757417e-02 4.147456340757017107e-03
1.852500000000000000e+03 0.000000000000000000e+00 0.000000000000000000e+00 1.711425582426798556e-02 4.107421397824316013e-03
1.855000000000000000e+03 0.000000000000000000e+00 0.000000000000000000e+00 1.855116386994625638e-02 4.452279328787101670e-03
1.857500000000000000e+03 0.000000000000000000e+00 0.000000000000000000e+00 1.859842735751920245e-02 4.463622565804608450e-03
1.860000000000000000e+03 0.000000000000000000e+00 0.000000000000000000e+00 1.742059945491332071e-02 4.180943869179195964e-03
1.862500000000000000e+03 0.000000000000000000e+00 0.000000000000000000e+00 1.645025314415692053e-02 3.948060754597660163e-03
1.865000000000000000e+03 0.000000000000000000e+00 0.000000000000000000e+00 1.537150552607253508e-02 3.689161326257408505e-03
1.867500000000000000e+03 0.000000000000000000e+00 0.000000000000000000e+00 1.270139674089772533e-02 3.048335217815453715e-03
1.870000000000000000e+03 0.000000000000000000e+00 0.000000000000000000e+00 9.154958679412768599e-03 2.197190083059064308e-03
1.872500000000000000e+03 0.000000000000000000e+00 0.000000000000000000e+00 7.914931323917196934e-03 1.899583517740126857e-03
1.875000000000000000e+03 0.000000000000000000e+00 0.000000000000000000e+00 1.023804256310200007e-02 2.457130215144479567e-03
1.877500000000000000e+03 0.000000000000000000e+00 0.000000000000000000e+00 1.283329509308467689e-02 3.079990822340322038e-03
1.880000000000000000e+03 0.000000000000000000e+00 0.000000000000000000e+00 1.173415422317544352e-02 2.816197013562106184e-03
1.882500000000000000e+03 0.000000000000000000e+00 0.000000000000000000e+00 7.454480304218691344e-03 1.789075273012485879e-03
1.885000000000000000e+03 0.000000000000000000e+00 0.000000000000000000e+00 3.926684977750970196e-03 9.424043946602328643e-04
1.887500000000000000e+03 0.000000000000000000e+00 0.000000000000000000e+00 3.145471922134923052e-03 7.549132613123815238e-04
1.890000000000000000e+03 0.000000000000000000e+00 0.000000000000000000e+00 3.461260667841070497e-03 8.307025602818569367e-04
1.892500000000000000e+03 0.000000000000000000e+00 0.000000000000000000e+00 3.276770644220960895e-03 7.864249546130305281e-04
1.895000000000000000e+03 0.000000000000000000e+00 0.000000000000000000e+00 4.178802413449205118e-03 1.002912579227809280e-03
1.897500000000000000e+03 0.000000000000000000e+00 0.000000000000000000e+00 9.029612062716232609e-03 2.167106895051895687e-03
1.900000000000000000e+03 0.000000000000000000e+00 0.000000000000000000e+00 1.753708971430199826e-02 4.208901531432478887e-03
1.902500000000000000e+03 0.000000000000000000e+00 0.000000000000000000e+00 2.509269856618834976e-02 6.022247655885203457e-03
1.905000000000000000e+03 0.000000000000000000e+00 0.000000000000000000e+00 2.687898110767272114e-02 6.450955465841452623e-03
1.907500000000000000e+03 0.000000000000000000e+00 0.000000000000000000e+00 2.280127034407969031e-02 5.472304882579125118e-03
1.910000000000000000e+03 0.000000000000000000e+00 0.000000000000000000e+00 1.730648307276012182e-02 4.153555937462428613e-03
1.912500000000000000e+03 0.000000000000000000e+00 0.000000000000000000e+00 1.438049298263572445e-02 3.451318315832573730e-03
1.915000000000000000e+03 0.000000000000000000e+00 0.000000000000000000e+00 1.446363538925934944e-02 3.471272493422243241e-03
1.917500000000000000e+03 0.000000000000000000e+00 0.000000000000000000e+00 1.683151028009670022e-02 4.039562467223208053e-03
1.920000000000000000e+03 0.000000000000000000e+00 0.000000000000000000e+00 2.220741762205700326e-02 5.329780229293680505e-03
1.922500000000000000e+03 0.000000000000000000e+00 0.000000000000000000e+00 3.047908491957527360e-02 7.314980380698065526e-03
1.925000000000000000e+03 0.000000000000000000e+00 0.000000000000000000e+00 3.765227780104865585e-02 9.036546672251675669e-03
1.927500000000000000e+03 0.000000000000000000e+00 0.000000000000000000e+00 3.857317671286732141e-02 9.257562411088157001e-03
1.930000000000000000e+03 0.000000000000000000e+00 0.000000000000000000e+00 3.294333695088271646e-02 7.906400868211852298e-03
1.932500000000000000e+03 0.000000000000000000e+00 0.000000000000000000e+00 2.637321235006910569e-02 6.329570964016584950e-03
1.935000000000000000e+03 0.000000000000000000e+00 0.000000000000000000e+00 2.465200532205118894e-02 5.916481277292284964e-03
1.937500000000000000e+03 0.000000000000000000e+00 0.000000000000000000e+00 2.810070521640679192e-02 6.744169251937629991e-03
1.940000000000000000e+03 0.000000000000000000e+00 0.000000000000000000e+00 3.209103296580573250e-02 7.701847911793374690e-03
1.942500000000000000e+03 0.000000000000000000e+00 0.000000000000000000e+00 3.228270091024362798e-02 7.747848218458469952e-03
1.945000000000000000e+03 0.000000000000000000e+00 0.000000000000000000e+00 2.854286488720712139e-02 6.850287572929708926e-03
1.947500000000000000e+03 0.000000000000000000e+00 0.000000000000000000e+00 2.373207336016454339e-02 5.695697606439490204e-03
1.950000000000000000e+03 0.000000000000000000e+00 0.000000000000000000e+00 1.975421286711829053e-02 4.741011088108389344e-03
1.952500000000000000e+03 0.000000000000000000e+00 0.000000000000000000e+00 1.653046339083699690e-02 3.967311213800878318e-03
1.955000000000000000e+03 0.000000000000000000e+00 0.000000000000000000e+00 1.469787979847291329e-02 3.527491151633498946e-03
1.957500000000000000e+03 0.000000000000000000e+00 0.000000000000000000e+00 1.639394458294753804e-02 3.934546699907408643e-03
1.960000000000000000e+03 0.000000000000000000e+00 0.000000000000000000e+00 2.154228798662704766e-02 5.170149116790491092e-03
1.962500000000000000e+03 0.000000000000000000e+00 0.000000000000000000e+00 2.550587975054262324e-02 6.121411140130228815e-03
1.965000000000000000e+03 0.000000000000000000e+00 0.000000000000000000e+00 2.325388291058959681e-02 5.580931898541502401e-03
1.967500000000000000e+03 0.000000000000000000e+00 0.000000000000000000e+00 1.522603929384039496e-02 3.654249430521694288e-03
1.970000000000000000e+03 0.000000000000000000e+00 0.000000000000000000e+00 6.786656854620846599e-03 1.628797645109003080e-03
1.972500000000000000e+03 0.000000000000000000e+00 0.000000000000000000e+00 2.165656641406565192e-03 5.197575939375755853e-04
1.975000000000000000e+03 0.000000000000000000e+00 0.000000000000000000e+00 1.021709057246505915e-03 2.452101737391613957e-04
1.977500000000000000e+03 0.000000000000000000e+00 0.000000000000000000e+00 1.037464571469997069e-03 2.489914971527992359e-04
1.980000000000000000e+03 0.000000000000000000e+00 0.000000000000000000e+00 1.849925883335889771e-03 4.439822120006135082e-04
1.982500000000000000e+03 0.000000000000000000e+00 0.000000000000000000e+00 5.068387285126495917e-03 1.216412948430358821e-03
1.985000000000000000e+03 0.000000000000000000e+00 0.000000000000000000e+00 1.083714145022661446e-02 2.600913948054387435e-03
1.987500000000000000e+03 0.000000000000000000e+00 0.000000000000000000e+00 1.589281510058332056e-02 3.814275624139996847e-03
1.990000000000000000e+03 0.000000000000000000e+00 0.000000000000000000e+00 1.640807110155780360e-02 3.937937064373872413e-03
1.992500000000000000e+03 0.000000000000000000e+00 0.000000000000000000e+00 1.254029967672559871e-02 3.009671922414143119e-03
1.995000000000000000e+03 0.000000000000000000e+00 0.000000000000000000e+00 8.513390716215891302e-03 2.043213771891813808e-03
1.997500000000000000e+03 0.000000000000000000e+00 0.000000000000000000e+00 7.669182272876082923e-03 1.840603745490259702e-03
2.000000000000000000e+03 0.000000000000000000e+00 0.000000000000000000e+00 9.250053181215991266e-03 2.220012763491837834e-03
