0.000000000000000000e+00 1.000000000000000000e+00
5.000000000000000000e+00 5.264762956291051399e-01
1.000000000000000000e+01 3.269109053811049877e-03
1.500000000000000000e+01 4.049407929509725168e-01
2.000000000000000000e+01 9.662696271824656735e-01
2.500000000000000000e+01 6.435797803589220489e-01
3.000000000000000000e+01 3.551154777068502022e-02
3.500000000000000000e+01 2.844137416867772994e-01
4.000000000000000000e+01 9.384075784069166870e-01
4.500000000000000000e+01 7.627193223583976778e-01
5.000000000000000000e+01 9.016394474601380216e-02
5.500000000000000000e+01 1.859315092136949454e-01
6.000000000000000000e+01 8.539106763700556879e-01
6.500000000000000000e+01 8.454212001980324631e-01
7.000000000000000000e+01 1.773132383188196215e-01
7.500000000000000000e+01 9.549481891342247175e-02
8.000000000000000000e+01 7.691306262325815490e-01
8.500000000000000000e+01 9.346756033166681021e-01
9.000000000000000000e+01 2.767585644369297548e-01
9.500000000000000000e+01 3.948140215631126826e-02
1.000000000000000000e+02 6.551339989150278820e-01
1.050000000000000000e+02 9.633251504277642319e-01
1.100000000000000000e+02 3.934702749212266037e-01
1.150000000000000000e+02 4.494845199298903686e-03
1.200000000000000000e+02 5.344766987475416675e-01
1.250000000000000000e+02 9.995257187231825213e-01
1.300000000000000000e+02 5.183857252169129515e-01
1.350000000000000000e+02 2.278053897676961780e-03
1.400000000000000000e+02 4.163841334086459400e-01
1.450000000000000000e+02 9.697302249174780675e-01
1.500000000000000000e+02 6.322106204300556032e-01
1.550000000000000000e+02 3.162802490406756845e-02
1.600000000000000000e+02 2.923093899891419656e-01
1.650000000000000000e+02 9.413551415465636341e-01
1.700000000000000000e+02 7.557778319857955118e-01
1.750000000000000000e+02 8.512554415676225339e-02
1.800000000000000000e+02 1.944782489202225018e-01
1.850000000000000000e+02 8.627046283048939168e-01
1.900000000000000000e+02 8.373663209749540037e-01
1.950000000000000000e+02 1.687085733538916110e-01
2.000000000000000000e+02 1.011706206685775156e-01
2.050000000000000000e+02 7.751618757578417895e-01
2.100000000000000000e+02 9.300769696255969388e-01
2.150000000000000000e+02 2.692378076761900441e-01
2.200000000000000000e+02 4.350162381361973030e-02
2.250000000000000000e+02 6.667075216441805674e-01
2.300000000000000000e+02 9.609275928317143611e-01
2.350000000000000000e+02 3.821095889769978160e-01
2.400000000000000000e+02 5.979270183385658292e-03
2.450000000000000000e+02 5.425357205348966261e-01
2.500000000000000000e+02 9.981328386612883241e-01
2.550000000000000000e+02 5.100647301459076965e-01
2.600000000000000000e+02 1.495820065863192857e-03
2.650000000000000000e+02 4.276655915878549985e-01
2.700000000000000000e+02 9.736195368901613412e-01
2.750000000000000000e+02 6.211712948352114960e-01
2.800000000000000000e+02 2.787254522203816767e-02
2.850000000000000000e+02 3.005427028459656813e-01
2.900000000000000000e+02 9.436491834443458959e-01
2.950000000000000000e+02 7.481906864805245583e-01
3.000000000000000000e+02 8.032031391686539346e-02
3.050000000000000000e+02 2.028808821608399371e-01
3.100000000000000000e+02 8.716366060989519937e-01
3.150000000000000000e+02 8.298294404819861469e-01
3.200000000000000000e+02 1.602082739098406039e-01
3.250000000000000000e+02 1.072318105445368014e-01
3.300000000000000000e+02 7.809856373129631102e-01
3.350000000000000000e+02 9.245847219231401182e-01
3.400000000000000000e+02 2.617450740757929495e-01
3.450000000000000000e+02 4.754601699637866358e-02
3.500000000000000000e+02 6.781262008918170769e-01
3.550000000000000000e+02 9.590485378674349359e-01
3.600000000000000000e+02 3.709874666960211176e-01
3.650000000000000000e+02 7.741103350535268393e-03
3.700000000000000000e+02 5.507987829539248148e-01
3.750000000000000000e+02 9.959081218772346533e-01
3.800000000000000000e+02 5.013925309445653733e-01
3.850000000000000000e+02 8.981051037858456482e-04
3.900000000000000000e+02 4.386628244903459373e-01
3.950000000000000000e+02 9.778005570377936717e-01
4.000000000000000000e+02 6.105742347992569874e-01
4.050000000000000000e+02 2.428830115913978641e-02
4.100000000000000000e+02 3.091938380226957883e-01
4.150000000000000000e+02 9.454582011103466188e-01
4.200000000000000000e+02 7.398862855933197036e-01
4.250000000000000000e+02 7.568737473244352421e-02
4.300000000000000000e+02 2.110855994594541263e-01
4.350000000000000000e+02 8.805168478987236425e-01
4.400000000000000000e+02 8.228407790073433148e-01
4.450000000000000000e+02 1.519016080466461249e-01
4.500000000000000000e+02 1.137022304861108613e-01
4.550000000000000000e+02 7.867832242501305862e-01
4.600000000000000000e+02 9.182292837656687023e-01
4.650000000000000000e+02 2.541820400916709466e-01
4.700000000000000000e+02 5.160155040187588971e-02
4.750000000000000000e+02 6.892206911013607495e-01
4.800000000000000000e+02 9.576031900723468437e-01
4.850000000000000000e+02 3.602146758493200429e-01
4.900000000000000000e+02 9.790741837822270269e-03
4.950000000000000000e+02 5.593965322788935213e-01
5.000000000000000000e+02 9.929880145628871002e-01
5.050000000000000000e+02 4.922775848534271526e-01
5.100000000000000000e+02 4.651254176058043101e-04
5.150000000000000000e+02 4.492753828468892263e-01
5.200000000000000000e+02 9.820980671617111080e-01
5.250000000000000000e+02 6.004910907573535184e-01
5.300000000000000000e+02 2.091595835383009208e-02
5.350000000000000000e+02 3.183186867846269918e-01
5.400000000000000000e+02 9.469748800373117836e-01
5.450000000000000000e+02 7.308427753744285438e-01
5.500000000000000000e+02 7.116932443276063891e-02
5.550000000000000000e+02 2.190624952276008230e-01
5.600000000000000000e+02 8.891470319133482070e-01
5.650000000000000000e+02 8.163756462674445213e-01
5.700000000000000000e+02 1.438695865378029903e-01
5.750000000000000000e+02 1.205854733899557468e-01
5.800000000000000000e+02 7.927306470767347957e-01
5.850000000000000000e+02 9.110957661554622833e-01
5.900000000000000000e+02 2.464662455049837220e-01
5.950000000000000000e+02 5.567067224165759415e-02
6.000000000000000000e+02 6.998391926091367399e-01
6.050000000000000000e+02 9.564579515180836600e-01
6.100000000000000000e+02 3.498757746089463105e-01
6.150000000000000000e+02 1.212808187886502478e-02
6.200000000000000000e+02 5.684342742916078661e-01
6.250000000000000000e+02 9.895474360354897803e-01
6.300000000000000000e+02 4.826649000913447174e-01
6.350000000000000000e+02 1.838295531273322850e-04
6.400000000000000000e+02 4.594328235934568294e-01
6.450000000000000000e+02 9.863127408506154881e-01
6.500000000000000000e+02 5.909477146339074949e-01
6.550000000000000000e+02 1.779020426205194655e-02
6.600000000000000000e+02 3.279430250236285427e-01
6.650000000000000000e+02 9.484009935790868040e-01
6.700000000000000000e+02 7.210895943546741238e-01
6.750000000000000000e+02 6.671677936128667108e-02
6.800000000000000000e+02 2.268090856862240434e-01
6.850000000000000000e+02 8.973353078592086751e-01
6.900000000000000000e+02 8.103574497840798641e-01
6.950000000000000000e+02 1.361790267305967583e-01
7.000000000000000000e+02 1.278627516985929302e-01
7.050000000000000000e+02 7.989849713332115577e-01
7.100000000000000000e+02 9.033167087155881125e-01
7.150000000000000000e+02 2.385375377828923005e-01
7.200000000000000000e+02 5.977216991061986423e-02
7.250000000000000000e+02 7.098589918861925030e-01
7.300000000000000000e+02 9.554418094330341393e-01
7.350000000000000000e+02 3.400231196029452341e-01
7.400000000000000000e+02 1.474155836142120209e-02
7.450000000000000000e+02 5.779828620785660842e-01
7.500000000000000000e+02 9.857857811200685383e-01
7.550000000000000000e+02 4.725402986252326132e-01
7.600000000000000000e+02 4.916159340238699407e-05
7.650000000000000000e+02 4.691009093570948640e-01
7.700000000000000000e+02 9.902366919793077482e-01
7.750000000000000000e+02 5.819232021818163680e-01
7.800000000000000000e+02 1.493715603383669738e-02
7.850000000000000000e+02 3.380586009246588364e-01
7.900000000000000000e+02 9.499318963035522367e-01
7.950000000000000000e+02 7.107046559929084406e-01
8.000000000000000000e+02 6.229207922017920146e-02
8.050000000000000000e+02 2.343517231378560162e-01
8.100000000000000000e+02 9.049106824795541959e-01
8.150000000000000000e+02 8.046649794116682575e-01
8.200000000000000000e+02 1.288779430468904308e-01
8.250000000000000000e+02 1.354927262432826518e-01
8.300000000000000000e+02 8.056718753276537193e-01
8.350000000000000000e+02 8.950611564113792884e-01
8.400000000000000000e+02 2.303626501984912811e-01
8.450000000000000000e+02 6.394031819370953051e-02
8.500000000000000000e+02 7.191961164819229424e-01
8.550000000000000000e+02 9.543603255739109281e-01
8.600000000000000000e+02 3.306737185642948385e-01
8.650000000000000000e+02 1.760860959382542362e-02
8.700000000000000000e+02 5.880717561422034168e-01
8.750000000000000000e+02 9.819114498943659619e-01
8.800000000000000000e+02 4.619311122518435231e-01
8.850000000000000000e+02 6.430315050257364438e-05
8.900000000000000000e+02 4.782853641308824066e-01
8.950000000000000000e+02 9.936693026180341004e-01
9.000000000000000000e+02 5.733528947119495012e-01
9.050000000000000000e+02 1.237279208437901644e-02
9.100000000000000000e+02 3.486218089553296262e-01
9.150000000000000000e+02 9.517415938545703558e-01
9.200000000000000000e+02 6.998075743279604799e-01
9.250000000000000000e+02 5.787191049848587621e-02
9.300000000000000000e+02 2.417445341233645240e-01
9.350000000000000000e+02 9.117359435823774172e-01
9.400000000000000000e+02 7.991430668670835846e-01
9.450000000000000000e+02 1.219926568502958525e-01
9.500000000000000000e+02 1.434136085336991384e-01
9.550000000000000000e+02 8.128751489442743727e-01
9.600000000000000000e+02 8.865212037425866942e-01
9.650000000000000000e+02 2.219374451294620632e-01
9.700000000000000000e+02 6.822228767727088472e-02
9.750000000000000000e+02 7.278124965561209025e-01
9.800000000000000000e+02 9.530109417043237663e-01
9.850000000000000000e+02 3.218091860982132957e-01
9.900000000000000000e+02 2.069756139233129219e-02
9.950000000000000000e+02 5.986848423915817063e-01
1.000000000000000000e+03 9.781259851126489213e-01
1.005000000000000000e+03 4.509034107338961150e-01
1.010000000000000000e+03 2.399508460901743270e-04
1.015000000000000000e+03 4.870325835038814555e-01
1.020000000000000000e+03 9.964322897906146004e-01
1.025000000000000000e+03 5.651349303328218054e-01
1.030000000000000000e+03 1.010247408308712069e-02
1.035000000000000000e+03 3.595553765039498639e-01
1.040000000000000000e+03 9.539691908777994112e-01
1.045000000000000000e+03 6.885497569003055096e-01
1.050000000000000000e+03 5.344865412361241713e-02
1.055000000000000000e+03 2.490656955608417100e-01
1.060000000000000000e+03 9.177184084241133410e-01
1.065000000000000000e+03 7.936154737162818273e-01
1.070000000000000000e+03 1.155268441242008753e-01
1.075000000000000000e+03 1.515475448691157301e-01
1.080000000000000000e+03 8.206288788465539996e-01
1.085000000000000000e+03 8.778971753040468728e-01
1.090000000000000000e+03 2.132866449042372659e-01
1.095000000000000000e+03 7.267401661832570414e-02
1.100000000000000000e+03 7.357199660765892935e-01
1.105000000000000000e+03 9.511984702545251968e-01
1.110000000000000000e+03 3.133786480486946413e-01
1.115000000000000000e+03 2.397068321192539000e-02
1.120000000000000000e+03 6.097597918832879937e-01
1.125000000000000000e+03 9.746088361799190025e-01
1.130000000000000000e+03 4.395560922274910909e-01
1.135000000000000000e+03 5.927932465642887219e-04
1.140000000000000000e+03 4.954269219563179893e-01
1.145000000000000000e+03 9.983832365340843396e-01
1.150000000000000000e+03 5.571394542009632245e-01
1.155000000000000000e+03 8.121489552373514081e-03
1.160000000000000000e+03 3.707533481273900811e-01
1.165000000000000000e+03 9.567075821200581309e-01
1.170000000000000000e+03 6.771023486629875743e-01
1.175000000000000000e+03 4.903035476099945611e-02
1.180000000000000000e+03 2.564111649397231019e-01
1.185000000000000000e+03 9.228177422600303270e-01
1.190000000000000000e+03 7.878988914309958957e-01
1.195000000000000000e+03 1.094625191055812186e-01
1.200000000000000000e+03 1.598069373802195603e-01
1.205000000000000000e+03 8.289131497975308349e-01
1.210000000000000000e+03 8.693825004922288713e-01
1.215000000000000000e+03 2.044611316749297969e-01
1.220000000000000000e+03 7.735501743820119569e-02
1.225000000000000000e+03 7.429804239512080022e-01
1.230000000000000000e+03 9.487498619370225983e-01
1.235000000000000000e+03 3.053041650928043360e-01
1.240000000000000000e+03 2.738799115179431365e-02
1.245000000000000000e+03 6.211914000625827770e-01
1.250000000000000000e+03 9.715035960185456343e-01
1.255000000000000000e+03 4.280125635492971203e-01
1.260000000000000000e+03 1.143419097974140422e-03
1.265000000000000000e+03 5.035844207707884657e-01
1.270000000000000000e+03 9.994267898258251126e-01
1.275000000000000000e+03 5.492195905525095734e-01
1.280000000000000000e+03 6.416463615355313434e-03
1.285000000000000000e+03 3.820890880560822711e-01
1.290000000000000000e+03 9.599951976352341099e-01
1.295000000000000000e+03 6.656430544858596976e-01
1.300000000000000000e+03 4.463935101685931328e-02
1.305000000000000000e+03 2.638864528578033775e-01
1.310000000000000000e+03 9.270501135713695717e-01
1.315000000000000000e+03 7.818170717260289893e-01
1.320000000000000000e+03 1.037627444505124091e-01
1.325000000000000000e+03 1.681019868047890220e-01
1.330000000000000000e+03 8.376539719742974732e-01
1.335000000000000000e+03 8.611492093675567894e-01
1.340000000000000000e+03 1.955332004950993408e-01
1.345000000000000000e+03 8.232271434619344019e-02
1.350000000000000000e+03 7.497018009635512126e-01
1.355000000000000000e+03 9.455274413958814073e-01
1.360000000000000000e+03 2.974879829551558275e-01
1.365000000000000000e+03 3.091127908104686003e-02
1.370000000000000000e+03 6.328390332390440021e-01
1.375000000000000000e+03 9.689065861681679381e-01
1.380000000000000000e+03 4.164108252813527589e-01
1.385000000000000000e+03 1.913907038201615981e-03
1.390000000000000000e+03 5.116433361126327961e-01
1.395000000000000000e+03 9.995227267450698116e-01
1.400000000000000000e+03 5.412232344918000981e-01
1.405000000000000000e+03 4.967422127000848189e-03
1.410000000000000000e+03 3.934256312679463297e-01
1.415000000000000000e+03 9.638117397812845377e-01
1.420000000000000000e+03 6.543427582949221666e-01
1.425000000000000000e+03 4.030972332496515764e-02
1.430000000000000000e+03 2.715972291703980246e-01
1.435000000000000000e+03 9.304879320063965675e-01
1.440000000000000000e+03 7.752142896943280403e-01
1.445000000000000000e+03 9.837570987515523169e-02
1.450000000000000000e+03 1.763485817838034708e-01
1.455000000000000000e+03 8.467279643976434178e-01
1.460000000000000000e+03 8.533348923090429139e-01
1.465000000000000000e+03 1.865902454040399838e-01
1.470000000000000000e+03 8.762697693675756960e-02
1.475000000000000000e+03 7.560297040134872359e-01
1.480000000000000000e+03 9.414398435834804291e-01
1.485000000000000000e+03 2.898209830653719066e-01
1.490000000000000000e+03 3.450788249502816096e-02
1.495000000000000000e+03 6.445376866867151833e-01
1.500000000000000000e+03 9.668587053011609145e-01
1.505000000000000000e+03 4.048927609521542625e-01
1.510000000000000000e+03 2.925321719904136128e-03
1.515000000000000000e+03 5.197523139251597479e-01
1.520000000000000000e+03 9.986900392050864772e-01
1.525000000000000000e+03 5.330049297853994839e-01
1.530000000000000000e+03 3.750284412152061174e-03
1.535000000000000000e+03 4.046272119047055194e-01
1.540000000000000000e+03 9.680786477377234522e-01
1.545000000000000000e+03 6.433527625987088827e-01
1.550000000000000000e+03 3.608382263667565815e-02
1.555000000000000000e+03 2.796398704603746954e-01
1.560000000000000000e+03 9.332547801926588393e-01
1.565000000000000000e+03 7.679674101284241772e-01
1.570000000000000000e+03 9.323977110843317817e-02
1.575000000000000000e+03 1.844755740740029182e-01
1.580000000000000000e+03 8.559716806385740950e-01
1.585000000000000000e+03 8.460319995716035768e-01
1.590000000000000000e+03 1.777275092281447033e-01
1.595000000000000000e+03 9.330539262902053099e-02
1.600000000000000000e+03 7.621353993916734071e-01
1.605000000000000000e+03 9.364497792198029913e-01
1.610000000000000000e+03 2.821916241461901453e-01
1.615000000000000000e+03 3.815381609257982587e-02
1.620000000000000000e+03 6.561116102300649233e-01
1.625000000000000000e+03 9.653414644815800916e-01
1.630000000000000000e+03 3.935933839053346039e-01
1.635000000000000000e+03 4.195295733863811660e-03
1.640000000000000000e+03 5.280574472897043847e-01
1.645000000000000000e+03 9.970063006819261942e-01
1.650000000000000000e+03 5.244371531180531676e-01
1.655000000000000000e+03 2.739572641408932491e-03
1.660000000000000000e+03 4.155706768994415490e-01
1.665000000000000000e+03 9.726647039250617688e-01
1.670000000000000000e+03 6.327934185332476646e-01
1.675000000000000000e+03 3.200819817551701224e-02
1.680000000000000000e+03 2.880929263828005960e-01
1.685000000000000000e+03 9.355156313598677054e-01
1.690000000000000000e+03 7.599957767428354716e-01
1.695000000000000000e+03 8.828900809623937973e-02
1.700000000000000000e+03 1.924307131378294455e-01
1.705000000000000000e+03 8.651948960224705720e-01
1.710000000000000000e+03 8.392803913771689217e-01
1.715000000000000000e+03 1.690404596538819249e-01
1.720000000000000000e+03 9.937965197518000560e-02
1.725000000000000000e+03 7.682012266589515193e-01
1.730000000000000000e+03 9.305777721318105877e-01
1.735000000000000000e+03 2.744948450779654547e-01
1.740000000000000000e+03 4.183608717181686032e-02
1.745000000000000000e+03 6.673889597164435195e-01
1.750000000000000000e+03 9.642779339916068837e-01
1.755000000000000000e+03 3.826307379889111737e-01
1.760000000000000000e+03 5.735838232066117238e-03
1.765000000000000000e+03 5.366896436773038737e-01
1.770000000000000000e+03 9.946019571689591610e-01
1.775000000000000000e+03 5.154203283160284643e-01
1.780000000000000000e+03 1.911150527362751690e-03
1.785000000000000000e+03 4.261555129935555852e-01
1.790000000000000000e+03 9.773965567799087761e-01
1.795000000000000000e+03 6.227449887735789780e-01
1.800000000000000000e+03 2.812929620107779832e-02
1.805000000000000000e+03 2.970102993047312734e-01
1.810000000000000000e+03 9.374631055078799236e-01
1.815000000000000000e+03 7.512680718452685591e-01
1.820000000000000000e+03 8.345890302312868048e-02
1.825000000000000000e+03 2.001847834709619134e-01
1.830000000000000000e+03 8.741964851066383879e-01
1.835000000000000000e+03 8.330640211167934517e-01
1.840000000000000000e+03 1.606173659087109518e-01
1.845000000000000000e+03 1.058531944340489472e-01
1.850000000000000000e+03 7.744049689988131702e-01
1.855000000000000000e+03 9.239011573935294042e-01
1.860000000000000000e+03 2.666404111947795474e-01
1.865000000000000000e+03 4.555413574582105329e-02
1.870000000000000000e+03 6.782159301053742873e-01
1.875000000000000000e+03 9.635388813767278293e-01
1.880000000000000000e+03 3.720970829683579173e-01
1.885000000000000000e+03 7.551498904981204796e-03
1.890000000000000000e+03 5.457535610861031783e-01
1.895000000000000000e+03 9.916497590615795943e-01
1.900000000000000000e+03 5.058908976291239812e-01
1.905000000000000000e+03 1.244816948930991445e-03
1.910000000000000000e+03 4.363116062095698244e-01
1.915000000000000000e+03 9.820732475872471223e-01
1.920000000000000000e+03 6.132415504107555648e-01
1.925000000000000000e+03 2.448928674001084327e-02
1.930000000000000000e+03 3.064165713665462643e-01
1.935000000000000000e+03 9.393011053764642737e-01
1.940000000000000000e+03 7.418053640231453416e-01
1.945000000000000000e+03 7.869179335419805577e-02
1.950000000000000000e+03 2.077338276963353325e-01
1.955000000000000000e+03 8.827811595366343855e-01
1.960000000000000000e+03 8.273123431118640791e-01
1.965000000000000000e+03 1.525325737052404540e-01
1.970000000000000000e+03 1.127101581538622055e-01
1.975000000000000000e+03 7.809049094189830509e-01
1.980000000000000000e+03 9.165480842280243623e-01
1.985000000000000000e+03 2.585601258739109731e-01
1.990000000000000000e+03 4.932042469131439621e-02
1.995000000000000000e+03 6.884688305436492683e-01
2.000000000000000000e+03 9.629537384056651161e-01
2.005000000000000000e+03 3.620521203562844237e-01
2.010000000000000000e+03 9.638041277107781135e-03
2.015000000000000000e+03 5.553190389042831354e-01
2.020000000000000000e+03 9.883502309864036217e-01
2.025000000000000000e+03 4.958266813726263100e-01
2.030000000000000000e+03 7.265594821471558530e-04
2.035000000000000000e+03 4.460042815231094471e-01
2.040000000000000000e+03 9.864831984715670687e-01
2.045000000000000000e+03 6.042686681265821980e-01
2.050000000000000000e+03 2.112239438342188719e-02
2.055000000000000000e+03 3.163046521236883013e-01
2.060000000000000000e+03 9.412276508676906683e-01
2.065000000000000000e+03 7.316796983632060103e-01
2.070000000000000000e+03 7.394167066663251409e-02
2.075000000000000000e+03 2.150995365590550878e-01
2.080000000000000000e+03 8.907752465459706226e-01
2.085000000000000000e+03 8.219066066966057571e-01
2.090000000000000000e+03 1.448410261907911445e-01
2.095000000000000000e+03 1.199155755973028981e-01
2.100000000000000000e+03 7.878269571140472660e-01
2.105000000000000000e+03 9.086868589079792891e-01
2.110000000000000000e+03 2.502133453331644164e-01
2.115000000000000000e+03 5.316019497081370809e-02
2.120000000000000000e+03 6.980632253965532996e-01
2.125000000000000000e+03 9.623253283989107176e-01
2.130000000000000000e+03 3.525188538569419827e-01
2.135000000000000000e+03 1.198181407261772989e-02
2.140000000000000000e+03 5.654155531392506262e-01
2.145000000000000000e+03 9.849147443419821180e-01
2.150000000000000000e+03 4.852488001018835373e-01
2.155000000000000000e+03 3.502426799237373873e-04
2.160000000000000000e+03 4.552365011970331832e-01
2.165000000000000000e+03 9.904217869177108780e-01
2.170000000000000000e+03 5.957653121884893821e-01
2.175000000000000000e+03 1.805209580094643829e-02
2.180000000000000000e+03 3.266355985534594164e-01
2.185000000000000000e+03 9.434186407924309847e-01
2.190000000000000000e+03 7.210081390401167356e-01
2.195000000000000000e+03 6.917794478279411241e-02
2.200000000000000000e+03 2.223279894782126398e-01
2.205000000000000000e+03 8.980400318038894714e-01
2.210000000000000000e+03 8.166905169514644403e-01
2.215000000000000000e+03 1.375745005096358498e-01
2.220000000000000000e+03 1.274168294778871280e-01
2.225000000000000000e+03 7.952548707658806393e-01
2.230000000000000000e+03 9.005116677244431322e-01
2.235000000000000000e+03 2.415901971483176980e-01
2.240000000000000000e+03 5.711032853340802101e-02
2.245000000000000000e+03 7.069596632470269704e-01
2.250000000000000000e+03 9.614467381620255271e-01
2.255000000000000000e+03 3.434826303775467826e-01
2.260000000000000000e+03 1.456003085942169165e-02
2.265000000000000000e+03 5.760297417314523827e-01
2.270000000000000000e+03 9.815479712467667373e-01
2.275000000000000000e+03 4.742198264428902355e-01
2.280000000000000000e+03 1.184803205888095045e-04
2.285000000000000000e+03 4.640485348667959808e-01
2.290000000000000000e+03 9.937076948667508125e-01
2.295000000000000000e+03 5.876299375303841721e-01
2.300000000000000000e+03 1.528948829173283272e-02
2.305000000000000000e+03 3.373405140246503731e-01
2.310000000000000000e+03 9.460140560450072122e-01
2.315000000000000000e+03 7.099427189323556098e-01
2.320000000000000000e+03 6.438776675842752817e-02
2.325000000000000000e+03 2.294868689314189525e-01
2.330000000000000000e+03 9.044817177827757515e-01
2.335000000000000000e+03 8.114841382333827235e-01
2.340000000000000000e+03 1.307399658751670635e-01
2.345000000000000000e+03 1.351464219437643333e-01
2.350000000000000000e+03 8.032240400726056162e-01
2.355000000000000000e+03 8.922262310507239613e-01
2.360000000000000000e+03 2.327120537324845195e-01
2.365000000000000000e+03 6.121721066126156047e-02
2.370000000000000000e+03 7.151660081198600860e-01
2.375000000000000000e+03 9.601184973312690829e-01
2.380000000000000000e+03 3.348935565911275725e-01
2.385000000000000000e+03 1.734213426197983229e-02
2.390000000000000000e+03 5.871058408971230325e-01
2.395000000000000000e+03 9.784315420982493405e-01
2.400000000000000000e+03 4.628381358141362423e-01
2.405000000000000000e+03 4.246813422947689267e-05
2.410000000000000000e+03 4.725152233373217103e-01
2.415000000000000000e+03 9.961965941971154814e-01
2.420000000000000000e+03 5.797301539963604089e-01
2.425000000000000000e+03 1.283304747952473436e-02
2.430000000000000000e+03 3.483244289153031858e-01
2.435000000000000000e+03 9.491076042746524610e-01
2.440000000000000000e+03 6.986573644487195089e-01
2.445000000000000000e+03 5.957659451674200690e-02
2.450000000000000000e+03 2.366611768210136191e-01
2.455000000000000000e+03 9.100576214839071199e-01
2.460000000000000000e+03 8.060994799594655147e-01
2.465000000000000000e+03 1.243202644772033044e-01
2.470000000000000000e+03 1.430261229301004466e-01
2.475000000000000000e+03 8.117188686553505894e-01
2.480000000000000000e+03 8.840271675972333210e-01
2.485000000000000000e+03 2.236291077766298929e-01
2.490000000000000000e+03 6.553349196035100632e-02
2.495000000000000000e+03 7.227366440548383952e-01
2.500000000000000000e+03 9.581643532600732094e-01
2.505000000000000000e+03 3.266720748621509407e-01
2.510000000000000000e+03 2.029230155407049652e-02
2.515000000000000000e+03 5.985488840318837767e-01
2.520000000000000000e+03 9.757103143506837828e-01
2.525000000000000000e+03 4.512290665818542990e-01
2.530000000000000000e+03 1.406539336178872065e-04
2.535000000000000000e+03 4.807411009103071398e-01
2.540000000000000000e+03 9.977913283054222759e-01
2.545000000000000000e+03 5.719148553641207888e-01
2.550000000000000000e+03 1.066982345336573400e-02
2.555000000000000000e+03 3.594721139582876535e-01
2.560000000000000000e+03 9.527401612119014152e-01
2.565000000000000000e+03 6.873332954913964343e-01
2.570000000000000000e+03 5.476687924946920666e-02
2.575000000000000000e+03 2.439474155718510950e-01
2.580000000000000000e+03 9.147786709397925931e-01
2.585000000000000000e+03 8.003560705238734752e-01
2.590000000000000000e+03 1.182770217047351829e-01
2.595000000000000000e+03 1.509724926515772780e-01
2.600000000000000000e+03 8.206736038826596413e-01
2.605000000000000000e+03 8.760887155401834159e-01
2.610000000000000000e+03 2.144152944863415566e-01
2.615000000000000000e+03 7.011376123899326629e-02
2.620000000000000000e+03 7.297687344304893964e-01
2.625000000000000000e+03 9.554443851400512555e-01
2.630000000000000000e+03 3.187170115363899270e-01
2.635000000000000000e+03 2.337296589719232640e-02
2.640000000000000000e+03 6.102305278202836414e-01
2.645000000000000000e+03 9.734821149177352861e-01
2.650000000000000000e+03 4.395339305556431042e-01
2.655000000000000000e+03 4.363013137148910288e-04
2.660000000000000000e+03 4.888533669230363254e-01
2.665000000000000000e+03 9.984482702171777468e-01
2.670000000000000000e+03 5.640274576741016732e-01
2.675000000000000000e+03 8.777917629410785308e-03
2.680000000000000000e+03 3.706557842067459418e-01
2.685000000000000000e+03 9.568970933942789747e-01
2.690000000000000000e+03 6.761444624735664100e-01
2.695000000000000000e+03 4.999503509609486140e-02
2.700000000000000000e+03 2.514463473068131449e-01
2.705000000000000000e+03 9.187084248377875850e-01
2.710000000000000000e+03 7.940950838487070840e-01
2.715000000000000000e+03 1.125554369062273657e-01
2.720000000000000000e+03 1.589035090677847484e-01
2.725000000000000000e+03 8.299764005620782203e-01
2.730000000000000000e+03 8.685500410119386672e-01
2.735000000000000000e+03 2.051611698366227476e-01
2.740000000000000000e+03 7.500937672072166551e-02
2.745000000000000000e+03 7.363957800969387346e-01
2.750000000000000000e+03 9.518647371452229056e-01
2.755000000000000000e+03 3.109151719732388686e-01
2.760000000000000000e+03 2.654899472949592831e-02
2.765000000000000000e+03 6.219973866643374594e-01
2.770000000000000000e+03 9.717912970348202562e-01
2.775000000000000000e+03 4.278981285749718921e-01
2.780000000000000000e+03 9.542201802153583512e-04
2.785000000000000000e+03 4.969928089507454905e-01
2.790000000000000000e+03 9.981799446653087937e-01
2.795000000000000000e+03 5.559188118462018435e-01
2.800000000000000000e+03 7.129868868728185018e-03
2.805000000000000000e+03 3.817444658864592166e-01
2.810000000000000000e+03 9.615092518050032400e-01
2.815000000000000000e+03 6.652444267536097300e-01
2.820000000000000000e+03 4.530710245133182101e-02
2.825000000000000000e+03 2.592545902073919439e-01
2.830000000000000000e+03 9.219587924318617400e-01
2.835000000000000000e+03 7.871909655082476309e-01
2.840000000000000000e+03 1.070902642619209616e-01
2.845000000000000000e+03 1.667458195500400031e-01
2.850000000000000000e+03 8.394765355640302351e-01
2.855000000000000000e+03 8.615058291738931784e-01
2.860000000000000000e+03 1.959656816046881078e-01
2.865000000000000000e+03 8.026292160752096505e-02
2.870000000000000000e+03 7.427783978828973455e-01
2.875000000000000000e+03 9.473837627487566859e-01
2.880000000000000000e+03 3.031513198512287843e-01
2.885000000000000000e+03 2.979198951217313165e-02
2.890000000000000000e+03 6.336817686375212366e-01
2.895000000000000000e+03 9.706261040124479766e-01
2.900000000000000000e+03 4.164596857870113134e-01
2.905000000000000000e+03 1.717131142513963517e-03
2.910000000000000000e+03 5.053028995102348819e-01
2.915000000000000000e+03 9.970540548744384335e-01
2.920000000000000000e+03 5.474586925602676901e-01
2.925000000000000000e+03 5.696436720116235773e-03
2.930000000000000000e+03 3.926144510527990183e-01
2.935000000000000000e+03 9.664575216214379427e-01
2.940000000000000000e+03 6.547556173854506278e-01
2.945000000000000000e+03 4.075373664825156228e-02
2.950000000000000000e+03 2.674557313840801309e-01
2.955000000000000000e+03 9.246825307782258196e-01
2.960000000000000000e+03 7.795600586813193900e-01
2.965000000000000000e+03 1.018122551063284920e-01
2.970000000000000000e+03 1.744418104177778150e-01
2.975000000000000000e+03 8.489946396331149447e-01
2.980000000000000000e+03 8.550003975800242184e-01
2.985000000000000000e+03 1.869277891971173611e-01
2.990000000000000000e+03 8.590299040858831447e-02
2.995000000000000000e+03 7.490925933111766133e-01
3.000000000000000000e+03 9.420146203413990449e-01
3.005000000000000000e+03 2.953176002542578504e-01
3.010000000000000000e+03 3.308406452744143411e-02
3.015000000000000000e+03 6.451142805350181808e-01
3.020000000000000000e+03 9.699197177691598615e-01
3.025000000000000000e+03 4.053391819944007768e-01
3.030000000000000000e+03 2.742232209476133317e-03
3.035000000000000000e+03 5.139178030332332003e-01
3.040000000000000000e+03 9.951890361927139272e-01
3.045000000000000000e+03 5.385451427816235759e-01
3.050000000000000000e+03 4.450227848315504824e-03
3.055000000000000000e+03 4.031599372861342512e-01
3.060000000000000000e+03 9.715808256455235048e-01
3.065000000000000000e+03 6.447614720840365576e-01
3.070000000000000000e+03 3.638520299789871348e-02
3.075000000000000000e+03 2.761118779499739939e-01
3.080000000000000000e+03 9.270625824754010758e-01
3.085000000000000000e+03 7.711660663000451388e-01
3.090000000000000000e+03 9.665432495262960000e-02
3.095000000000000000e+03 1.819556128724637289e-01
3.100000000000000000e+03 8.583356686923961920e-01
3.105000000000000000e+03 8.490253088433371564e-01
3.110000000000000000e+03 1.781388202599346604e-01
3.115000000000000000e+03 9.194004729615370963e-02
3.120000000000000000e+03 7.555159454261490826e-01
3.125000000000000000e+03 9.358244054291433578e-01
3.130000000000000000e+03 2.873216235613006986e-01
3.135000000000000000e+03 3.642053347715533407e-02
3.140000000000000000e+03 6.561375166945025983e-01
3.145000000000000000e+03 9.695549013424328288e-01
3.150000000000000000e+03 3.946317480898509089e-01
3.155000000000000000e+03 4.038511302538767313e-03
3.160000000000000000e+03 5.229501964016215476e-01
3.165000000000000000e+03 9.927460902817126787e-01
3.170000000000000000e+03 5.291113263930797839e-01
3.175000000000000000e+03 3.368696069861477297e-03
3.180000000000000000e+03 4.133026687569945623e-01
3.185000000000000000e+03 9.766874867293605655e-01
3.190000000000000000e+03 6.353015591610983170e-01
3.195000000000000000e+03 3.224698580604008075e-02
3.200000000000000000e+03 2.852567060878364313e-01
3.205000000000000000e+03 9.292984670570001438e-01
3.210000000000000000e+03 7.620223885757524407e-01
3.215000000000000000e+03 9.155689724800662732e-02
3.220000000000000000e+03 1.892771929616493543e-01
3.225000000000000000e+03 8.673039686447450158e-01
3.230000000000000000e+03 8.435203997193801984e-01
3.235000000000000000e+03 1.696761507980239780e-01
3.240000000000000000e+03 9.836399776141237228e-02
3.245000000000000000e+03 7.622126569301030941e-01
3.250000000000000000e+03 9.289298095056882643e-01
3.255000000000000000e+03 2.790928590060303693e-01
3.260000000000000000e+03 3.981109769417674055e-02
3.265000000000000000e+03 6.666194579329156600e-01
3.270000000000000000e+03 9.693722180664143817e-01
3.275000000000000000e+03 3.844013314166061512e-01
3.280000000000000000e+03 5.605194941284296142e-03
3.285000000000000000e+03 5.324803926944176036e-01
3.290000000000000000e+03 9.899177715736280359e-01
3.295000000000000000e+03 5.191298465267615292e-01
3.300000000000000000e+03 2.436218035078795315e-03
3.305000000000000000e+03 4.229994033426559552e-01
3.310000000000000000e+03 9.815695379413933441e-01
3.315000000000000000e+03 6.263696919837210553e-01
3.320000000000000000e+03 2.837641394106920137e-02
3.325000000000000000e+03 2.948909644815007614e-01
3.330000000000000000e+03 9.315904426676655525e-01
3.335000000000000000e+03 7.521913190991224019e-01
3.340000000000000000e+03 8.647210218062216514e-02
3.345000000000000000e+03 1.964239253256155060e-01
3.350000000000000000e+03 8.757192482421842783e-01
3.355000000000000000e+03 8.383782177112243383e-01
3.360000000000000000e+03 1.615984711970262222e-01
3.365000000000000000e+03 1.051438799448936173e-01
3.370000000000000000e+03 7.693189482342677188e-01
3.375000000000000000e+03 9.214892167438729631e-01
3.380000000000000000e+03 2.705871657789023499e-01
3.385000000000000000e+03 4.327941154277094304e-02
3.390000000000000000e+03 6.764651642419983180e-01
3.395000000000000000e+03 9.691816861440523123e-01
3.400000000000000000e+03 3.746773019109973513e-01
3.405000000000000000e+03 7.431500739216707549e-03
3.410000000000000000e+03 5.425480225420045155e-01
3.415000000000000000e+03 9.869134594694444207e-01
3.420000000000000000e+03 5.086144898971813877e-01
3.425000000000000000e+03 1.645150792333818085e-03
3.430000000000000000e+03 4.322461853587403757e-01
3.435000000000000000e+03 9.860191745416742037e-01
3.440000000000000000e+03 6.179149424148399072e-01
3.445000000000000000e+03 2.480044773637968963e-02
3.450000000000000000e+03 3.049811151330528158e-01
3.455000000000000000e+03 9.341226700663757265e-01
3.460000000000000000e+03 7.417800026584271400e-01
3.465000000000000000e+03 8.136676086190229584e-02
3.470000000000000000e+03 2.034395107394137703e-01
3.475000000000000000e+03 8.834319473723670768e-01
3.480000000000000000e+03 8.334518737057587945e-01
3.485000000000000000e+03 1.539426997228341698e-01
3.490000000000000000e+03 1.122296984485700866e-01
3.495000000000000000e+03 7.769303711530831658e-01
3.500000000000000000e+03 9.136913014610025252e-01
3.505000000000000000e+03 2.617894803449947738e-01
3.510000000000000000e+03 4.686114935703032669e-02
3.515000000000000000e+03 6.856253018499003371e-01
3.520000000000000000e+03 9.687774239467900061e-01
3.525000000000000000e+03 3.654533191882898269e-01
3.530000000000000000e+03 9.497630475970054997e-03
3.535000000000000000e+03 5.531474128131441681e-01
3.540000000000000000e+03 9.839425767479060836e-01
3.545000000000000000e+03 4.976193595548218940e-01
3.550000000000000000e+03 9.959453127200619017e-04
3.555000000000000000e+03 4.410789426471176111e-01
3.560000000000000000e+03 9.898459744384171533e-01
3.565000000000000000e+03 6.098456526429391067e-01
3.570000000000000000e+03 2.153460106083590966e-02
3.575000000000000000e+03 3.154612388541211954e-01
3.580000000000000000e+03 9.370470717383154735e-01
3.585000000000000000e+03 7.309330397483343456e-01
3.590000000000000000e+03 7.622415713699318141e-02
3.595000000000000000e+03 2.103903759420949482e-01
3.600000000000000000e+03 8.903362118734242658e-01
3.605000000000000000e+03 8.285662094092557384e-01
3.610000000000000000e+03 1.467224618575131145e-01
3.615000000000000000e+03 1.195561528193563455e-01
3.620000000000000000e+03 7.850926425307644951e-01
3.625000000000000000e+03 9.057405567953048520e-01
3.630000000000000000e+03 2.527146323396587957e-01
3.635000000000000000e+03 5.060089000240022838e-02
3.640000000000000000e+03 6.941004903930306780e-01
3.645000000000000000e+03 9.679543348073220699e-01
3.650000000000000000e+03 3.566884677324522190e-01
3.655000000000000000e+03 1.177676803944580769e-02
3.660000000000000000e+03 5.642272264518112257e-01
3.665000000000000000e+03 9.811970114861221504e-01
3.670000000000000000e+03 4.862352231661331570e-01
3.675000000000000000e+03 4.964835496067913218e-04
3.680000000000000000e+03 4.495704002223424589e-01
3.685000000000000000e+03 9.928931420599172997e-01
3.690000000000000000e+03 6.020364895052600085e-01
3.695000000000000000e+03 1.858283703948825430e-02
3.700000000000000000e+03 3.262379235319639581e-01
3.705000000000000000e+03 9.404697200383254074e-01
3.710000000000000000e+03 7.198218255108547181e-01
3.715000000000000000e+03 7.104468834872272598e-02
3.720000000000000000e+03 2.173601231956635849e-01
3.725000000000000000e+03 8.963790207707681423e-01
3.730000000000000000e+03 8.235317433599016468e-01
3.735000000000000000e+03 1.399280424640541309e-01
3.740000000000000000e+03 1.270477831838724703e-01
3.745000000000000000e+03 7.937971193250406010e-01
3.750000000000000000e+03 8.978407430050210358e-01
3.755000000000000000e+03 2.434061950362418625e-01
3.760000000000000000e+03 5.454822346718918996e-02
3.765000000000000000e+03 7.019410489952616627e-01
3.770000000000000000e+03 9.665253671858449191e-01
3.775000000000000000e+03 3.483107502440692116e-01
3.780000000000000000e+03 1.423776578555528173e-02
3.785000000000000000e+03 5.756942531477224900e-01
3.790000000000000000e+03 9.788345632378292471e-01
3.795000000000000000e+03 4.745830105867320792e-01
3.800000000000000000e+03 1.608192683114839042e-04
3.805000000000000000e+03 4.578238760688548847e-01
3.810000000000000000e+03 9.950509671677939538e-01
3.815000000000000000e+03 5.943383540947752008e-01
3.820000000000000000e+03 1.593825398966235499e-02
3.825000000000000000e+03 3.371975126634880748e-01
3.830000000000000000e+03 9.444414164071248674e-01
3.835000000000000000e+03 7.086311217695626663e-01
3.840000000000000000e+03 6.584538575520977599e-02
3.845000000000000000e+03 2.244426321455399442e-01
3.850000000000000000e+03 9.015644187316664837e-01
3.855000000000000000e+03 8.181604233052739428e-01
3.860000000000000000e+03 1.335278260194019684e-01
3.865000000000000000e+03 1.346249723054672720e-01
3.870000000000000000e+03 8.029813038228971189e-01
3.875000000000000000e+03 8.901778020988247997e-01
3.880000000000000000e+03 2.339332616979924728e-01
3.885000000000000000e+03 5.875343829789073796e-02
3.890000000000000000e+03 7.092423777704701671e-01
3.895000000000000000e+03 9.643375324625137468e-01
3.900000000000000000e+03 3.402229703330283406e-01
3.905000000000000000e+03 1.684819495247468976e-02
3.910000000000000000e+03 5.874208221678750563e-01
3.915000000000000000e+03 9.769653642488471679e-01
3.920000000000000000e+03 4.628045364649414073e-01
3.925000000000000000e+03 7.464221670716525162e-06
3.930000000000000000e+03 4.659646761291544870e-01
3.935000000000000000e+03 9.962659525599525390e-01
3.940000000000000000e+03 5.865907254715445607e-01
3.945000000000000000e+03 1.358445359192768723e-02
3.950000000000000000e+03 3.482148709617232107e-01
3.955000000000000000e+03 9.489534521757764240e-01
3.960000000000000000e+03 6.975439084786598798e-01
3.965000000000000000e+03 6.065827054633934901e-02
3.970000000000000000e+03 2.317344894751439399e-01
3.975000000000000000e+03 9.059526037981975310e-01
3.980000000000000000e+03 8.122817120967593674e-01
3.985000000000000000e+03 1.274712854384273952e-01
3.990000000000000000e+03 1.422102591518076831e-01
3.995000000000000000e+03 8.125340861299841233e-01
4.000000000000000000e+03 8.829040998162759335e-01
4.005000000000000000e+03 2.243851002009813467e-01
4.010000000000000000e+03 6.326311156511363332e-02
4.015000000000000000e+03 7.161367564993190715e-01
4.020000000000000000e+03 9.612848971244934981e-01
4.025000000000000000e+03 3.323108454028271819e-01
4.030000000000000000e+03 1.957749296480550821e-02
4.035000000000000000e+03 5.992548097064930301e-01
4.040000000000000000e+03 9.756427943492140820e-01
4.045000000000000000e+03 4.510510664122002744e-01
4.050000000000000000e+03 5.731394594499373402e-05
4.055000000000000000e+03 4.741300661349936996e-01
4.060000000000000000e+03 9.965447514971088605e-01
4.065000000000000000e+03 5.786353575732845478e-01
4.070000000000000000e+03 1.149751476418148406e-02
4.075000000000000000e+03 3.591629078594731905e-01
4.080000000000000000e+03 9.539388250778294553e-01
4.085000000000000000e+03 6.867260513243331754e-01
4.090000000000000000e+03 5.552752018969701192e-02
4.095000000000000000e+03 2.393272206094749222e-01
4.100000000000000000e+03 9.096542631323398798e-01
4.105000000000000000e+03 8.057572410656551609e-01
4.110000000000000000e+03 1.216934782137739646e-01
4.115000000000000000e+03 1.497345402178294205e-01
4.120000000000000000e+03 8.223049177135594023e-01
4.125000000000000000e+03 8.761258263322436735e-01
4.130000000000000000e+03 2.148638728337982085e-01
4.135000000000000000e+03 6.811584270820951470e-02
4.140000000000000000e+03 7.227824729766859635e-01
4.145000000000000000e+03 9.573171331659907635e-01
4.150000000000000000e+03 3.244528809856820351e-01
4.155000000000000000e+03 2.239998212714233369e-02
4.160000000000000000e+03 6.110313085043169723e-01
4.165000000000000000e+03 9.748597959540080682e-01
4.170000000000000000e+03 4.394706767414033322e-01
4.175000000000000000e+03 3.312937722436953424e-04
4.180000000000000000e+03 4.824584977199196656e-01
4.185000000000000000e+03 9.959527274882574721e-01
4.190000000000000000e+03 5.703300654912752954e-01
4.195000000000000000e+03 9.648542790774173109e-03
4.200000000000000000e+03 3.699221757733577309e-01
4.205000000000000000e+03 9.592784246650587487e-01
4.210000000000000000e+03 6.763124900786479099e-01
4.215000000000000000e+03 5.050548588366618463e-02
4.220000000000000000e+03 2.472998067806106703e-01
4.225000000000000000e+03 9.128210516994309520e-01
4.230000000000000000e+03 7.984924430932686112e-01
4.235000000000000000e+03 1.161209284780464202e-01
4.240000000000000000e+03 1.571427367642163342e-01
4.245000000000000000e+03 8.321157568871169197e-01
4.250000000000000000e+03 8.698949076498561084e-01
4.255000000000000000e+03 2.054759633479003034e-01
4.260000000000000000e+03 7.333838070447688817e-02
4.265000000000000000e+03 7.293513974826966173e-01
4.270000000000000000e+03 9.524428988224975523e-01
4.275000000000000000e+03 3.165311117116225148e-01
4.280000000000000000e+03 2.529757985263578896e-02
4.285000000000000000e+03 6.225849430958173558e-01
4.290000000000000000e+03 9.745506327881428010e-01
4.295000000000000000e+03 4.281958199984976510e-01
4.300000000000000000e+03 8.478437110707712004e-04
4.305000000000000000e+03 4.910788497844279510e-01
4.310000000000000000e+03 9.946077374677769756e-01
4.315000000000000000e+03 5.615609744313185825e-01
4.320000000000000000e+03 8.006701021194162493e-03
4.325000000000000000e+03 3.803899441528053593e-01
4.330000000000000000e+03 9.648111671015175972e-01
4.335000000000000000e+03 6.663965650983580957e-01
4.340000000000000000e+03 4.564784295532704067e-02
4.345000000000000000e+03 2.557118570751668041e-01
4.350000000000000000e+03 9.156333455243136354e-01
4.355000000000000000e+03 7.904439076062776959e-01
4.360000000000000000e+03 1.106783962025267021e-01
4.365000000000000000e+03 1.643985890697404750e-01
4.370000000000000000e+03 8.417746545757560650e-01
4.375000000000000000e+03 8.642061180637928830e-01
4.380000000000000000e+03 1.963228239878437864e-01
4.385000000000000000e+03 7.894239535344094172e-02
4.390000000000000000e+03 7.360157704992659200e-01
4.395000000000000000e+03 9.467280348787094901e-01
4.400000000000000000e+03 3.084415745778875118e-01
4.405000000000000000e+03 2.826200969544485214e-02
4.410000000000000000e+03 6.337621476728679815e-01
4.415000000000000000e+03 9.745974746483928586e-01
4.420000000000000000e+03 4.173325121274356064e-01
4.425000000000000000e+03 1.620440246520134285e-03
4.430000000000000000e+03 5.001001459165543839e-01
4.435000000000000000e+03 9.926700598990160218e-01
4.440000000000000000e+03 5.522519316465340777e-01
4.445000000000000000e+03 6.542523923735597303e-03
4.450000000000000000e+03 3.904882725057798321e-01
4.455000000000000000e+03 9.703469090484002635e-01
4.460000000000000000e+03 6.570235419197369975e-01
4.465000000000000000e+03 4.100832840177385391e-02
4.470000000000000000e+03 2.645978669419482565e-01
4.475000000000000000e+03 9.182862748253791674e-01
4.480000000000000000e+03 7.816219632802727801e-01
4.485000000000000000e+03 1.052958977244636829e-01
4.490000000000000000e+03 1.714882120358697248e-01
4.495000000000000000e+03 8.510900377002625916e-01
4.500000000000000000e+03 8.589992439619306142e-01
4.505000000000000000e+03 1.874923617272239440e-01
4.510000000000000000e+03 8.492223144116385625e-02
4.515000000000000000e+03 7.429350320637631011e-01
4.520000000000000000e+03 9.402892212685762807e-01
4.525000000000000000e+03 3.001032755723470058e-01
4.530000000000000000e+03 3.129632221513661133e-02
4.535000000000000000e+03 6.444326653897758383e-01
4.540000000000000000e+03 9.748407427469841791e-01
4.545000000000000000e+03 4.069523978307841294e-01
4.550000000000000000e+03 2.655439341051233151e-03
4.555000000000000000e+03 5.096023515818751681e-01
4.560000000000000000e+03 9.903295894499662966e-01
4.565000000000000000e+03 5.423701432087965069e-01
4.570000000000000000e+03 5.231183674856601518e-03
4.575000000000000000e+03 4.001705332022651440e-01
4.580000000000000000e+03 9.756809879735325319e-01
4.585000000000000000e+03 6.481887440498713682e-01
4.590000000000000000e+03 3.663371113638669296e-02
4.595000000000000000e+03 2.739630775376195593e-01
4.600000000000000000e+03 9.209749683838687195e-01
4.605000000000000000e+03 7.720885995192932061e-01
4.610000000000000000e+03 9.991512702649450739e-02
4.615000000000000000e+03 1.784220459714974671e-01
4.620000000000000000e+03 8.598848466498471010e-01
4.625000000000000000e+03 8.541656094785958775e-01
4.630000000000000000e+03 1.790519541140122295e-01
4.635000000000000000e+03 9.125395670841224272e-02
4.640000000000000000e+03 7.502432872214830351e-01
4.645000000000000000e+03 9.332840464449354556e-01
4.650000000000000000e+03 2.914646901064413265e-01
4.655000000000000000e+03 3.441551709366416634e-02
4.660000000000000000e+03 6.544996730975816135e-01
4.665000000000000000e+03 9.750920449724773675e-01
4.670000000000000000e+03 3.970883902994409298e-01
4.675000000000000000e+03 3.950571683881763663e-03
4.680000000000000000e+03 5.196289305526674562e-01
4.685000000000000000e+03 9.877913550107126905e-01
4.690000000000000000e+03 5.319276885943934330e-01
4.695000000000000000e+03 4.055286778479757180e-03
4.700000000000000000e+03 4.094257847118514815e-01
4.705000000000000000e+03 9.806094432313510190e-01
4.710000000000000000e+03 6.398400413731570868e-01
4.715000000000000000e+03 3.255966730218002453e-02
4.720000000000000000e+03 2.837814580287331134e-01
4.725000000000000000e+03 9.238798030733008648e-01
4.730000000000000000e+03 7.619513773339439133e-01
4.735000000000000000e+03 9.449447241854788682e-02
4.740000000000000000e+03 1.852348999129507789e-01
4.745000000000000000e+03 8.680098111808437489e-01
4.750000000000000000e+03 8.495579171554359377e-01
4.755000000000000000e+03 1.710438370697493771e-01
4.760000000000000000e+03 9.789598043985742182e-02
4.765000000000000000e+03 7.580382030407424310e-01
4.770000000000000000e+03 9.258985459525161943e-01
4.775000000000000000e+03 2.825071831287337965e-01
4.780000000000000000e+03 3.764610210792296296e-02
4.785000000000000000e+03 6.639077785296464418e-01
4.790000000000000000e+03 9.751486475556331301e-01
4.795000000000000000e+03 3.877340463053581265e-01
4.800000000000000000e+03 5.494395416583652998e-03
4.805000000000000000e+03 5.301818677745906427e-01
4.810000000000000000e+03 9.852601868188672896e-01
4.815000000000000000e+03 5.209792105826351882e-01
4.820000000000000000e+03 3.006782762518262885e-03
4.825000000000000000e+03 4.182805230696172161e-01
4.830000000000000000e+03 9.849441203708684256e-01
4.835000000000000000e+03 6.318839241223181968e-01
4.840000000000000000e+03 2.880810076168109288e-02
4.845000000000000000e+03 2.939962175601754102e-01
4.850000000000000000e+03 9.271523700255460687e-01
4.855000000000000000e+03 7.513542647678418396e-01
4.860000000000000000e+03 8.901209733620210618e-02
4.865000000000000000e+03 1.919839214863088284e-01
4.870000000000000000e+03 8.753550618309136055e-01
4.875000000000000000e+03 8.450023553919576713e-01
4.880000000000000000e+03 1.634832391880278735e-01
4.885000000000000000e+03 1.047913513411173614e-01
4.890000000000000000e+03 7.663721878791551756e-01
4.895000000000000000e+03 9.183331485219800028e-01
4.900000000000000000e+03 2.732452566151238327e-01
4.905000000000000000e+03 4.102449857598600147e-02
4.910000000000000000e+03 6.726481302093424430e-01
4.915000000000000000e+03 9.748086207576464046e-01
4.920000000000000000e+03 3.788462898688478298e-01
4.925000000000000000e+03 7.266899974968822097e-03
4.930000000000000000e+03 5.412198699107856337e-01
4.935000000000000000e+03 9.829253687372835335e-01
4.940000000000000000e+03 5.096163736885281903e-01
4.945000000000000000e+03 2.087664978495259137e-03
4.950000000000000000e+03 4.267973636407976779e-01
4.955000000000000000e+03 9.885268743505140066e-01
4.960000000000000000e+03 6.241942634512259724e-01
4.965000000000000000e+03 2.538620666152386490e-02
4.970000000000000000e+03 3.045230682956054369e-01
4.975000000000000000e+03 9.309031545161180476e-01
4.980000000000000000e+03 7.404662851238408283e-01
4.985000000000000000e+03 8.346679577212080814e-02
4.990000000000000000e+03 1.987445413653234350e-01
4.995000000000000000e+03 8.818592201188515389e-01
5.000000000000000000e+03 8.403120363725024022e-01
5.005000000000000000e+03 1.563591232342940729e-01
5.010000000000000000e+03 1.118716649164694654e-01
5.015000000000000000e+03 7.752468097922785573e-01
5.020000000000000000e+03 9.107878289098000346e-01
5.025000000000000000e+03 2.637239699590314124e-01
5.030000000000000000e+03 4.459432055144701978e-02
5.035000000000000000e+03 6.807599498715664055e-01
5.040000000000000000e+03 9.738859037637598304e-01
5.045000000000000000e+03 3.703507882509260440e-01
5.050000000000000000e+03 9.241283823647087475e-03
5.055000000000000000e+03 5.526602129543510822e-01
5.060000000000000000e+03 9.809460991173983846e-01
5.065000000000000000e+03 4.979599175539473066e-01
5.070000000000000000e+03 1.309335046726266315e-03
5.075000000000000000e+03 4.350706065299406733e-01
5.080000000000000000e+03 9.912419852079521476e-01
5.085000000000000000e+03 6.166228453742083060e-01
5.090000000000000000e+03 2.228725716772077259e-02
5.095000000000000000e+03 3.152560743448217795e-01
5.100000000000000000e+03 9.351918905266797255e-01
5.105000000000000000e+03 7.294688195226228800e-01
5.110000000000000000e+03 7.787677036740960068e-02
5.115000000000000000e+03 2.056046549060580875e-01
5.120000000000000000e+03 8.875150071161196363e-01
5.125000000000000000e+03 8.353010646179409582e-01
5.130000000000000000e+03 1.496371401498703679e-01
5.135000000000000000e+03 1.190622635420485881e-01
5.140000000000000000e+03 7.846112475542863507e-01
5.145000000000000000e+03 9.034472492218361683e-01
5.150000000000000000e+03 2.540140906789462028e-01
5.155000000000000000e+03 4.840270055462458920e-02
5.160000000000000000e+03 6.883280857907599914e-01
5.165000000000000000e+03 9.722244967060882370e-01
5.170000000000000000e+03 3.621491734225543713e-01
5.175000000000000000e+03 1.138673739824078157e-02
5.180000000000000000e+03 5.643843185241148586e-01
5.185000000000000000e+03 9.794387574066101276e-01
5.190000000000000000e+03 4.861500765392108847e-01
5.195000000000000000e+03 6.907202230832582739e-04
5.200000000000000000e+03 4.432189091199452702e-01
5.205000000000000000e+03 9.930257794407171268e-01
5.210000000000000000e+03 6.090109479234403489e-01
5.215000000000000000e+03 1.949281688989917133e-02
5.220000000000000000e+03 3.260756276598947845e-01
5.225000000000000000e+03 9.400217066623217654e-01
5.230000000000000000e+03 7.185422570206718706e-01
5.235000000000000000e+03 7.227670419425620552e-02
5.240000000000000000e+03 2.126575098889981752e-01
5.245000000000000000e+03 8.923705678139652875e-01
5.250000000000000000e+03 8.297985481379361872e-01
5.255000000000000000e+03 1.432641334612406447e-01
5.260000000000000000e+03 1.262882689873911779e-01
5.265000000000000000e+03 7.943652672371107615e-01
5.270000000000000000e+03 8.964667272944171206e-01
5.275000000000000000e+03 2.442056950642953195e-01
5.280000000000000000e+03 5.249593285815503524e-02
5.285000000000000000e+03 6.954765651263900006e-01
5.290000000000000000e+03 9.697108432563961156e-01
5.295000000000000000e+03 3.541274769632655750e-01
5.300000000000000000e+03 1.367190751340851586e-02
5.305000000000000000e+03 5.762466148100071628e-01
5.310000000000000000e+03 9.784671369461920287e-01
5.315000000000000000e+03 4.743360028646226856e-01
5.320000000000000000e+03 2.554292493562082588e-04
5.325000000000000000e+03 4.513757770703011873e-01
5.330000000000000000e+03 9.938724073267990455e-01
5.335000000000000000e+03 6.012014205192333094e-01
5.340000000000000000e+03 1.697593971848991579e-02
5.345000000000000000e+03 3.368577489835726246e-01
5.350000000000000000e+03 9.453378866150515814e-01
5.355000000000000000e+03 7.078526789604193681e-01
5.360000000000000000e+03 6.671364005096393213e-02
5.365000000000000000e+03 2.199939473300743520e-01
5.370000000000000000e+03 8.965261729418896319e-01
5.375000000000000000e+03 8.236617700971246014e-01
5.380000000000000000e+03 1.371736255302371810e-01
5.385000000000000000e+03 1.334808888966451668e-01
5.390000000000000000e+03 8.043665882996694494e-01
5.395000000000000000e+03 8.899600725763994191e-01
5.400000000000000000e+03 2.344007791023130227e-01
5.405000000000000000e+03 5.691483233841854172e-02
5.410000000000000000e+03 7.023586778928194718e-01
5.415000000000000000e+03 9.662833317388190846e-01
5.420000000000000000e+03 3.461651581534526678e-01
5.425000000000000000e+03 1.606861669734548428e-02
5.430000000000000000e+03 5.880858960473148711e-01
5.435000000000000000e+03 9.780367028843777177e-01
5.440000000000000000e+03 4.626648213760823913e-01
5.445000000000000000e+03 2.836547633459328692e-05
5.450000000000000000e+03 4.596786301400362929e-01
5.455000000000000000e+03 9.938349793637003549e-01
5.460000000000000000e+03 5.930506127711745457e-01
5.465000000000000000e+03 1.470481801019724380e-02
5.470000000000000000e+03 3.474839021095236236e-01
5.475000000000000000e+03 9.510316718765162713e-01
5.480000000000000000e+03 6.975394057267100267e-01
5.485000000000000000e+03 6.124224563698805329e-02
5.490000000000000000e+03 2.276945724925536763e-01
5.495000000000000000e+03 9.001263031429009853e-01
5.500000000000000000e+03 8.167876405368958981e-01
5.505000000000000000e+03 1.312917470769315031e-01
5.510000000000000000e+03 1.405834303628459292e-01
5.515000000000000000e+03 8.144420558952064626e-01
5.520000000000000000e+03 8.839903955959532711e-01
5.525000000000000000e+03 2.247054453096098414e-01
5.530000000000000000e+03 6.169020998841576175e-02
5.535000000000000000e+03 7.091444788269040123e-01
5.540000000000000000e+03 9.619378574088033318e-01
5.545000000000000000e+03 3.381443755622237646e-01
5.550000000000000000e+03 1.855539614651860111e-02
5.555000000000000000e+03 5.997379753078505571e-01
5.560000000000000000e+03 9.780937424314889439e-01
5.565000000000000000e+03 4.512708367297760259e-01
5.570000000000000000e+03 3.226769189233527602e-05
5.575000000000000000e+03 4.682575320845057121e-01
5.580000000000000000e+03 9.930216424915010442e-01
5.585000000000000000e+03 5.844395925077024989e-01
5.590000000000000000e+03 1.264645478313813909e-02
5.595000000000000000e+03 3.578503877118020537e-01
5.600000000000000000e+03 9.569488435784693214e-01
5.605000000000000000e+03 6.877043304265508805e-01
5.610000000000000000e+03 5.591990846840565882e-02
5.615000000000000000e+03 2.358225255033511991e-01
5.620000000000000000e+03 9.033479273223085082e-01
5.625000000000000000e+03 8.091213399133190265e-01
5.630000000000000000e+03 1.255432764843203708e-01
5.635000000000000000e+03 1.475565257793314544e-01
5.640000000000000000e+03 8.244014236373220506e-01
5.645000000000000000e+03 8.785649429748100259e-01
5.650000000000000000e+03 2.152220652668756229e-01
5.655000000000000000e+03 6.683892771034932734e-02
5.660000000000000000e+03 7.160069444305880992e-01
5.665000000000000000e+03 9.567286440026522287e-01
5.670000000000000000e+03 3.299590261414767633e-01
5.675000000000000000e+03 2.112041097696565686e-02
5.680000000000000000e+03 6.110484999767397118e-01
5.685000000000000000e+03 9.785296692637760474e-01
5.690000000000000000e+03 4.402656294625169608e-01
5.695000000000000000e+03 2.846322759783991995e-04
5.700000000000000000e+03 4.772244149976953009e-01
5.705000000000000000e+03 9.915868852882302464e-01
5.710000000000000000e+03 5.752836969319401472e-01
5.715000000000000000e+03 1.076998887640377711e-02
5.720000000000000000e+03 3.678766753961291158e-01
5.725000000000000000e+03 9.629022704258636267e-01
5.730000000000000000e+03 6.784040560837845124e-01
5.735000000000000000e+03 5.080207121834071776e-02
5.740000000000000000e+03 2.444173258763745193e-01
5.745000000000000000e+03 9.063860259727037905e-01
5.750000000000000000e+03 8.006612065343857720e-01
5.755000000000000000e+03 1.198575058367207652e-01
5.760000000000000000e+03 1.543821228395590994e-01
5.765000000000000000e+03 8.340523765903682385e-01
5.770000000000000000e+03 8.736346823446347054e-01
5.775000000000000000e+03 2.060418621953850338e-01
5.780000000000000000e+03 7.236097124281226645e-02
5.785000000000000000e+03 7.231079948955585479e-01
5.790000000000000000e+03 9.507640380947747216e-01
5.795000000000000000e+03 3.215230123555477548e-01
5.800000000000000000e+03 2.376343701576623391e-02
5.805000000000000000e+03 6.218848922110477018e-01
5.810000000000000000e+03 9.791901380312675318e-01
5.815000000000000000e+03 4.297297806980002743e-01
5.820000000000000000e+03 7.953934536473405374e-04
5.825000000000000000e+03 4.866635666669516525e-01
5.830000000000000000e+03 9.897188396704388325e-01
5.835000000000000000e+03 5.655396213191721255e-01
5.840000000000000000e+03 9.049466506722197989e-03
5.845000000000000000e+03 3.775120360668564046e-01
5.850000000000000000e+03 9.686870539478552589e-01
5.855000000000000000e+03 6.696457397374646625e-01
5.860000000000000000e+03 4.593806691242861839e-02
5.865000000000000000e+03 2.534903219170313582e-01
5.870000000000000000e+03 9.094378551377949593e-01
5.875000000000000000e+03 7.914591263393540022e-01
5.880000000000000000e+03 1.141736315749682512e-01
5.885000000000000000e+03 1.610658974133631627e-01
5.890000000000000000e+03 8.432154695027804792e-01
5.895000000000000000e+03 8.690987884111540662e-01
5.900000000000000000e+03 1.972383869418475599e-01
5.905000000000000000e+03 7.823793200080135513e-02
5.910000000000000000e+03 7.305854463475406346e-01
5.915000000000000000e+03 9.441975905660955348e-01
5.920000000000000000e+03 3.127771270684870930e-01
5.925000000000000000e+03 2.649663764569678420e-02
5.930000000000000000e+03 6.321465590220598507e-01
5.935000000000000000e+03 9.798879912580533702e-01
5.940000000000000000e+03 4.197070165597770464e-01
5.945000000000000000e+03 1.565622824568277827e-03
5.950000000000000000e+03 4.966240777698316400e-01
5.955000000000000000e+03 9.876239542768506796e-01
5.960000000000000000e+03 5.552091119252003937e-01
5.965000000000000000e+03 7.465902037633728554e-03
5.970000000000000000e+03 3.867401344165899979e-01
5.975000000000000000e+03 9.740968241853064091e-01
5.980000000000000000e+03 6.613871569272986584e-01
5.985000000000000000e+03 4.136769431011182857e-02
5.990000000000000000e+03 2.630221584087480968e-01
5.995000000000000000e+03 9.126872517258812767e-01
6.000000000000000000e+03 7.816162705377392994e-01
6.005000000000000000e+03 1.084453863437959131e-01
6.010000000000000000e+03 1.676377718463052946e-01
6.015000000000000000e+03 8.517378046342285458e-01
6.020000000000000000e+03 8.648135979557268760e-01
6.025000000000000000e+03 1.888623854565939786e-01
6.030000000000000000e+03 8.443321849302808102e-02
6.035000000000000000e+03 7.385417906341207317e-01
6.040000000000000000e+03 9.372153606558686345e-01
6.045000000000000000e+03 3.036938455679075166e-01
6.050000000000000000e+03 2.934401159580356244e-02
6.055000000000000000e+03 6.417728108416314026e-01
6.060000000000000000e+03 9.804186614113417075e-01
6.065000000000000000e+03 4.102014409906973302e-01
6.070000000000000000e+03 2.587366186375178977e-03
6.075000000000000000e+03 5.071146665813593968e-01
6.080000000000000000e+03 9.855104521833983888e-01
6.085000000000000000e+03 5.443388155187816047e-01
6.090000000000000000e+03 6.008572375759322313e-03
6.095000000000000000e+03 3.955811140219919753e-01
6.100000000000000000e+03 9.789397171363534156e-01
6.105000000000000000e+03 6.535410942030090986e-01
6.110000000000000000e+03 3.711871936341611805e-02
6.115000000000000000e+03 2.729626387286541167e-01
6.120000000000000000e+03 9.162901639634891682e-01
6.125000000000000000e+03 7.712745738991493294e-01
6.130000000000000000e+03 1.026445405911861480e-01
6.135000000000000000e+03 1.741503467139250694e-01
6.140000000000000000e+03 8.595046279102187547e-01
6.145000000000000000e+03 8.606050126999396088e-01
6.150000000000000000e+03 1.809385247910298977e-01
6.155000000000000000e+03 9.089415003434091200e-02
6.160000000000000000e+03 7.470354908076137779e-01
6.165000000000000000e+03 9.300207632520050005e-01
6.170000000000000000e+03 2.942794569503698887e-01
6.175000000000000000e+03 3.233952291822827368e-02
6.180000000000000000e+03 6.507480068534572393e-01
6.185000000000000000e+03 9.805765260943395401e-01
6.190000000000000000e+03 4.011781897369330330e-01
6.195000000000000000e+03 3.844583747186945503e-03
6.200000000000000000e+03 5.181014322453045828e-01
6.205000000000000000e+03 9.835720199624548021e-01
6.210000000000000000e+03 5.330161707609462063e-01
6.215000000000000000e+03 4.675499497360526523e-03
6.220000000000000000e+03 4.040909624678112322e-01
6.225000000000000000e+03 9.830529480684875310e-01
6.230000000000000000e+03 6.459834993591075936e-01
6.235000000000000000e+03 3.320542523730114076e-02
6.240000000000000000e+03 2.832332988229447346e-01
6.245000000000000000e+03 9.203623789627687346e-01
6.250000000000000000e+03 7.606048773527215312e-01
6.255000000000000000e+03 9.676289780646356309e-02
6.260000000000000000e+03 1.806751672791425956e-01
6.265000000000000000e+03 8.664481804383686869e-01
6.270000000000000000e+03 8.562830537870914638e-01
6.275000000000000000e+03 1.734643453147711456e-01
6.280000000000000000e+03 9.755584388296253961e-02
6.285000000000000000e+03 7.560753279606705624e-01
6.290000000000000000e+03 9.228184109758174047e-01
6.295000000000000000e+03 2.845732373287762629e-01
6.300000000000000000e+03 3.552407959501776430e-02
6.305000000000000000e+03 6.591035509946981952e-01
6.310000000000000000e+03 9.801708680925595996e-01
6.315000000000000000e+03 3.925674204918725430e-01
6.320000000000000000e+03 5.315017106075018566e-03
6.325000000000000000e+03 5.295089092422740062e-01
6.330000000000000000e+03 9.819729011347371195e-01
6.335000000000000000e+03 5.213618087274253243e-01
6.340000000000000000e+03 3.473129571797905612e-03
6.345000000000000000e+03 4.123578798148772595e-01
6.350000000000000000e+03 9.863150853262452333e-01
6.355000000000000000e+03 6.385645053581310293e-01
6.360000000000000000e+03 2.962831676081566570e-02
6.365000000000000000e+03 2.937326892883281859e-01
6.370000000000000000e+03 9.249701172924854609e-01
6.375000000000000000e+03 7.497930019491912956e-01
6.380000000000000000e+03 9.081255232422957846e-02
6.385000000000000000e+03 1.872970235048587451e-01
6.390000000000000000e+03 8.725533292106164573e-01
6.395000000000000000e+03 8.516571583569334525e-01
6.400000000000000000e+03 1.664115288435316087e-01
6.405000000000000000e+03 1.043465783393043717e-01
6.410000000000000000e+03 7.656183882497192839e-01
6.415000000000000000e+03 9.157983112481721255e-01
6.420000000000000000e+03 2.746436778247843824e-01
6.425000000000000000e+03 3.894167904074070929e-02
6.430000000000000000e+03 6.669163056879410245e-01
6.435000000000000000e+03 9.790403563317247038e-01
6.440000000000000000e+03 3.842712083945779566e-01
6.445000000000000000e+03 6.972704677306808436e-03
6.450000000000000000e+03 5.412246653007276587e-01
6.455000000000000000e+03 9.808353112535278528e-01
6.460000000000000000e+03 5.095193006342297881e-01
6.465000000000000000e+03 2.415240554379231679e-03
6.470000000000000000e+03 4.204956923267842983e-01
6.475000000000000000e+03 9.886553976672094457e-01
6.480000000000000000e+03 6.311211726462001570e-01
6.485000000000000000e+03 2.637499077599136585e-02
6.490000000000000000e+03 3.043440768967667909e-01
6.495000000000000000e+03 9.301241280687153612e-01
6.500000000000000000e+03 7.390250784969845110e-01
6.505000000000000000e+03 8.482431517114938369e-02
6.510000000000000000e+03 1.941067300714407473e-01
6.515000000000000000e+03 8.778594782479214320e-01
6.520000000000000000e+03 8.465510374809901428e-01
6.525000000000000000e+03 1.597293691041830888e-01
6.530000000000000000e+03 1.111940347828057063e-01
6.535000000000000000e+03 7.755720305881836918e-01
6.540000000000000000e+03 9.091215110070741678e-01
6.545000000000000000e+03 2.645822542789226794e-01
6.550000000000000000e+03 4.263513144479619960e-02
6.555000000000000000e+03 6.743033041688880624e-01
6.560000000000000000e+03 9.770652467797308338e-01
6.565000000000000000e+03 3.761725120266706801e-01
6.570000000000000000e+03 8.790818257238946012e-03
6.575000000000000000e+03 5.531073515793153428e-01
6.580000000000000000e+03 9.802299015384607905e-01
6.585000000000000000e+03 4.976433839493341615e-01
6.590000000000000000e+03 1.521168378120929792e-03
6.595000000000000000e+03 4.286346880491460065e-01
6.600000000000000000e+03 9.900597085800919572e-01
6.605000000000000000e+03 6.234907286955934103e-01
6.610000000000000000e+03 2.342207322793165430e-02
6.615000000000000000e+03 3.149449304787274029e-01
6.620000000000000000e+03 9.357778688646871679e-01
6.625000000000000000e+03 7.284733267647236499e-01
6.630000000000000000e+03 7.884445520919795836e-02
6.635000000000000000e+03 2.011930574069055455e-01
6.640000000000000000e+03 8.824583358914342979e-01
6.645000000000000000e+03 8.408161239413689536e-01
6.650000000000000000e+03 1.533500264670549229e-01
6.655000000000000000e+03 1.180317132696953736e-01
6.660000000000000000e+03 7.858000930954651686e-01
6.665000000000000000e+03 9.029080592622398260e-01
6.670000000000000000e+03 2.544954083969649394e-01
6.675000000000000000e+03 4.664181882546077074e-02
6.680000000000000000e+03 6.814127953736343057e-01
6.685000000000000000e+03 9.741766414243528960e-01
6.690000000000000000e+03 3.681453152499173376e-01
6.695000000000000000e+03 1.074451054586166368e-02
6.700000000000000000e+03 5.649976922495427711e-01
6.705000000000000000e+03 9.801699240210374198e-01
6.710000000000000000e+03 4.858877434863535516e-01
6.715000000000000000e+03 8.134849497826484232e-04
6.720000000000000000e+03 4.369105944723339352e-01
6.725000000000000000e+03 9.905722031423315199e-01
6.730000000000000000e+03 6.155233614673406572e-01
6.735000000000000000e+03 2.073805998921388408e-02
6.740000000000000000e+03 3.254171688083030145e-01
6.745000000000000000e+03 9.418301620958957621e-01
6.750000000000000000e+03 7.182832586708745026e-01
6.755000000000000000e+03 7.293012522795490338e-02
6.760000000000000000e+03 2.086346824275399636e-01
6.765000000000000000e+03 8.864873497691284632e-01
6.770000000000000000e+03 8.343428739573421904e-01
6.775000000000000000e+03 1.471950018365820179e-01
6.780000000000000000e+03 1.248048005851113973e-01
6.785000000000000000e+03 7.961331007238551249e-01
6.790000000000000000e+03 8.972279926671546946e-01
6.795000000000000000e+03 2.444956228661871733e-01
6.800000000000000000e+03 5.098989858831295963e-02
6.805000000000000000e+03 6.884121721891582890e-01
6.810000000000000000e+03 9.703621997885991668e-01
6.815000000000000000e+03 3.600650624242018871e-01
6.820000000000000000e+03 1.281352420429586469e-02
6.825000000000000000e+03 5.767314412118556000e-01
6.830000000000000000e+03 9.806096678799450794e-01
6.835000000000000000e+03 4.743933379153058572e-01
6.840000000000000000e+03 3.153248951341969817e-04
6.845000000000000000e+03 4.454527600625308725e-01
6.850000000000000000e+03 9.902927198697096811e-01
6.855000000000000000e+03 6.070937556634393717e-01
6.860000000000000000e+03 1.828678747672284055e-02
6.865000000000000000e+03 3.356570953105338928e-01
6.870000000000000000e+03 9.481324996771935965e-01
6.875000000000000000e+03 7.085630464443618548e-01
6.880000000000000000e+03 6.714396881605692868e-02
6.885000000000000000e+03 2.164929948492157752e-01
6.890000000000000000e+03 8.901189867245017373e-01
6.895000000000000000e+03 8.270692975131438418e-01
6.900000000000000000e+03 1.411822120166402739e-01
6.905000000000000000e+03 1.314748974706605178e-01
6.910000000000000000e+03 8.063817388864420455e-01
6.915000000000000000e+03 8.920959656913005631e-01
6.920000000000000000e+03 2.346924120164013139e-01
6.925000000000000000e+03 5.569526574088671383e-02
6.930000000000000000e+03 6.954738802696435185e-01
6.935000000000000000e+03 9.656677217500495569e-01
6.940000000000000000e+03 3.518185897870558798e-01
6.945000000000000000e+03 1.498439788883302974e-02
6.950000000000000000e+03 5.881529396118208020e-01
6.955000000000000000e+03 9.814475688143002863e-01
6.960000000000000000e+03 4.632780606331806106e-01
6.965000000000000000e+03 4.760115551239155922e-05
6.970000000000000000e+03 4.543728425343204758e-01
6.975000000000000000e+03 9.893693943186581130e-01
6.980000000000000000e+03 5.981106813558050295e-01
6.985000000000000000e+03 1.603121419848036952e-02
6.990000000000000000e+03 3.455839265889574796e-01
6.995000000000000000e+03 9.545006383872710609e-01
7.000000000000000000e+03 6.993757208897082300e-01
7.005000000000000000e+03 6.154850256160508681e-02
7.010000000000000000e+03 2.248064338446944532e-01
7.015000000000000000e+03 8.935466174854707067e-01
7.020000000000000000e+03 8.189860837834515017e-01
7.025000000000000000e+03 1.352330304340842726e-01
7.030000000000000000e+03 1.380232602400540964e-01
7.035000000000000000e+03 8.163523435218148494e-01
7.040000000000000000e+03 8.874700841588001321e-01
7.045000000000000000e+03 2.251839707217598019e-01
7.050000000000000000e+03 6.075945824178637794e-02
7.055000000000000000e+03 7.027606467149392078e-01
7.060000000000000000e+03 9.601941409079888246e-01
7.065000000000000000e+03 3.433129391128592056e-01
7.070000000000000000e+03 1.725216752370042905e-02
7.075000000000000000e+03 5.991278693361151708e-01
7.080000000000000000e+03 9.825340751398139449e-01
7.085000000000000000e+03 4.526283490281702293e-01
7.090000000000000000e+03 2.638433548794009523e-05
7.095000000000000000e+03 4.637550564744827852e-01
7.100000000000000000e+03 9.879868976501167133e-01
7.105000000000000000e+03 5.885241253751826163e-01
7.110000000000000000e+03 1.393717621913402073e-02
7.115000000000000000e+03 3.551461772391842908e-01
7.120000000000000000e+03 9.607295835303392151e-01
7.125000000000000000e+03 6.907347364920920496e-01
7.130000000000000000e+03 5.620079881499449870e-02
7.135000000000000000e+03 2.335867865282729439e-01
7.140000000000000000e+03 8.969682774044391849e-01
7.145000000000000000e+03 8.101377600126317136e-01
7.150000000000000000e+03 1.292787829655244747e-01
7.155000000000000000e+03 1.444524523434606578e-01
7.160000000000000000e+03 8.258628290806002692e-01
7.165000000000000000e+03 8.832552804756853559e-01
7.170000000000000000e+03 2.160500301985874838e-01
7.175000000000000000e+03 6.616860453058782954e-02
7.180000000000000000e+03 7.104116023394630997e-01
7.185000000000000000e+03 9.540898201891770958e-01
7.190000000000000000e+03 3.344825311500264631e-01
7.195000000000000000e+03 1.962148810365125368e-02
7.200000000000000000e+03 6.095539154357149103e-01
7.205000000000000000e+03 9.836838095972646467e-01
7.210000000000000000e+03 4.424932521759867843e-01
7.215000000000000000e+03 2.607316665603120402e-04
7.220000000000000000e+03 4.736489580090068041e-01
7.225000000000000000e+03 9.863512391061401985e-01
7.230000000000000000e+03 5.783293172069802202e-01
7.235000000000000000e+03 1.197675838166235504e-02
7.240000000000000000e+03 3.643254638513055976e-01
7.245000000000000000e+03 9.666105201322456875e-01
7.250000000000000000e+03 6.826033965592619435e-01
7.255000000000000000e+03 5.114794989540882159e-02
7.260000000000000000e+03 2.428175934185364815e-01
7.265000000000000000e+03 9.005699699428295624e-01
7.270000000000000000e+03 8.006194939227621044e-01
7.275000000000000000e+03 1.232662140595759542e-01
7.280000000000000000e+03 1.507864378924056725e-01
7.285000000000000000e+03 8.347573597301393145e-01
7.290000000000000000e+03 8.793112312458335467e-01
7.295000000000000000e+03 2.073463982658601268e-01
7.300000000000000000e+03 7.189345629649432357e-02
7.305000000000000000e+03 7.185306714375464532e-01
7.310000000000000000e+03 9.475385753956905299e-01
7.315000000000000000e+03 3.252941794766965877e-01
7.320000000000000000e+03 2.210708680923765407e-02
7.325000000000000000e+03 6.193684383764820334e-01
7.330000000000000000e+03 9.846910014617666906e-01
7.335000000000000000e+03 4.328814234060868182e-01
7.340000000000000000e+03 7.512411147942387162e-04
7.345000000000000000e+03 4.840651680731894446e-01
7.350000000000000000e+03 9.846725446024958694e-01
7.355000000000000000e+03 5.675672240094794541e-01
7.360000000000000000e+03 1.013096262744938268e-02
7.365000000000000000e+03 3.731377263664677479e-01
7.370000000000000000e+03 9.719479501486268935e-01
7.375000000000000000e+03 6.748983626635735034e-01
7.380000000000000000e+03 4.642366456943847197e-02
7.385000000000000000e+03 2.524546090382176478e-01
7.390000000000000000e+03 9.045102235552492376e-01
7.395000000000000000e+03 7.905695197905507898e-01
7.400000000000000000e+03 1.171615605721642028e-01
7.405000000000000000e+03 1.570692939592025217e-01
7.410000000000000000e+03 8.429184410120073023e-01
7.415000000000000000e+03 8.754642528191264317e-01
7.420000000000000000e+03 1.991015211446399147e-01
7.425000000000000000e+03 7.789053061962290803e-02
7.430000000000000000e+03 7.271781666264094390e-01
7.435000000000000000e+03 9.407444335284247394e-01
7.440000000000000000e+03 3.157495305669104080e-01
7.445000000000000000e+03 2.473341218048925524e-02
7.450000000000000000e+03 6.285527584087573505e-01
7.455000000000000000e+03 9.853466592517396982e-01
7.460000000000000000e+03 4.237613487419464864e-01
7.465000000000000000e+03 1.489563988670573316e-03
7.470000000000000000e+03 4.949741541278607215e-01
7.475000000000000000e+03 9.831476210053984310e-01
7.480000000000000000e+03 5.563212141908642216e-01
7.485000000000000000e+03 8.391375866135060771e-03
7.490000000000000000e+03 3.816320402361798592e-01
7.495000000000000000e+03 9.765753017037737127e-01
7.500000000000000000e+03 6.674971489608643171e-01
7.505000000000000000e+03 4.204626319531391127e-02
7.510000000000000000e+03 2.624281525597081943e-01
7.515000000000000000e+03 9.089073770234745719e-01
7.520000000000000000e+03 7.801577136109538735e-01
7.525000000000000000e+03 1.109528635114505890e-01
7.530000000000000000e+03 1.633625936260398592e-01
7.535000000000000000e+03 8.502754543245705232e-01
7.540000000000000000e+03 8.715221129853144566e-01
7.545000000000000000e+03 1.913153312938389583e-01
7.550000000000000000e+03 8.410443504363682155e-02
7.555000000000000000e+03 7.363661187260627239e-01
7.560000000000000000e+03 9.339146764206694984e-01
7.565000000000000000e+03 3.058845876526175012e-01
7.570000000000000000e+03 2.753332295413926656e-02
7.575000000000000000e+03 6.371331356511146238e-01
7.580000000000000000e+03 9.854557176629012982e-01
7.585000000000000000e+03 4.150649111875043817e-01
7.590000000000000000e+03 2.459030996730085256e-03
7.595000000000000000e+03 5.063078649409110676e-01
7.600000000000000000e+03 9.819440562182190080e-01
7.605000000000000000e+03 5.447100256173529331e-01
7.610000000000000000e+03 6.760617103724978275e-03
7.615000000000000000e+03 3.898872792824985556e-01
7.620000000000000000e+03 9.803676271899156580e-01
7.625000000000000000e+03 6.602489733199411459e-01
7.630000000000000000e+03 3.801819619946082002e-02
7.635000000000000000e+03 2.726472246954514400e-01
7.640000000000000000e+03 9.138305695810228224e-01
7.645000000000000000e+03 7.695713951005076492e-01
7.650000000000000000e+03 1.046503104502438525e-01
7.655000000000000000e+03 1.697415023723514438e-01
7.660000000000000000e+03 8.568093105897146566e-01
7.665000000000000000e+03 8.672902419787980044e-01
7.670000000000000000e+03 1.839604867320825121e-01
7.675000000000000000e+03 9.047139918965507732e-02
7.680000000000000000e+03 7.460572992415668292e-01
7.685000000000000000e+03 9.272429250599629746e-01
7.690000000000000000e+03 2.957662715265373943e-01
7.695000000000000000e+03 3.054569752339502536e-02
7.700000000000000000e+03 6.451786250610184181e-01
7.705000000000000000e+03 9.848524957136470803e-01
7.710000000000000000e+03 4.066940461893001624e-01
7.715000000000000000e+03 3.636420829049402063e-03
7.720000000000000000e+03 5.179639683122025939e-01
7.725000000000000000e+03 9.811873221586812077e-01
7.730000000000000000e+03 5.328776298425638158e-01
7.735000000000000000e+03 5.251466003470525723e-03
7.740000000000000000e+03 3.980068751155291240e-01
7.745000000000000000e+03 9.832505150176483744e-01
7.750000000000000000e+03 6.529879449019311277e-01
7.755000000000000000e+03 3.432710234950173134e-02
7.760000000000000000e+03 2.830052488713367675e-01
7.765000000000000000e+03 9.192948513551555401e-01
7.770000000000000000e+03 7.589998367051613570e-01
7.775000000000000000e+03 9.828453859007359183e-02
7.780000000000000000e+03 1.762895861972598455e-01
7.785000000000000000e+03 8.625533144433935595e-01
7.790000000000000000e+03 8.625876931830097627e-01
7.795000000000000000e+03 1.769859325426780539e-01
7.800000000000000000e+03 9.692395994468785969e-02
7.805000000000000000e+03 7.561676774237103826e-01
7.810000000000000000e+03 9.208939610439264012e-01
7.815000000000000000e+03 2.854862549061020216e-01
7.820000000000000000e+03 3.381196918320256151e-02
7.825000000000000000e+03 6.527962451547015821e-01
7.830000000000000000e+03 9.834131619371151434e-01
7.835000000000000000e+03 3.985298730013543400e-01
7.840000000000000000e+03 4.994737645749542342e-03
7.845000000000000000e+03 5.298123903903497744e-01
7.850000000000000000e+03 9.809517388382573699e-01
7.855000000000000000e+03 5.209810490930879556e-01
7.860000000000000000e+03 3.884742660654624813e-03
7.865000000000000000e+03 4.061117490964745724e-01
7.870000000000000000e+03 9.852049279775447754e-01
7.875000000000000000e+03 6.455471741235276895e-01
7.880000000000000000e+03 3.094823539516513775e-02
7.885000000000000000e+03 2.933873484861129755e-01
7.890000000000000000e+03 9.252603614752593630e-01
7.895000000000000000e+03 7.486191116117947297e-01
7.900000000000000000e+03 9.190308447486957022e-02
7.905000000000000000e+03 1.830923648841097096e-01
7.910000000000000000e+03 8.675904842630236535e-01
7.915000000000000000e+03 8.572613659915153672e-01
7.920000000000000000e+03 1.703223828871997803e-01
7.925000000000000000e+03 1.033965930173891545e-01
7.930000000000000000e+03 7.665720020767720078e-01
7.935000000000000000e+03 9.149915525529855875e-01
7.940000000000000000e+03 2.751527651111666528e-01
7.945000000000000000e+03 3.737179557492786852e-02
7.950000000000000000e+03 6.601236196837815262e-01
7.955000000000000000e+03 9.810644591687877059e-01
7.960000000000000000e+03 3.904433403943222691e-01
7.965000000000000000e+03 6.506680899608821393e-03
7.970000000000000000e+03 5.417039776784124960e-01
7.975000000000000000e+03 9.812556595000445636e-01
7.980000000000000000e+03 5.091774388195249301e-01
7.985000000000000000e+03 2.686215530978135636e-03
7.990000000000000000e+03 4.143315475883762589e-01
7.995000000000000000e+03 9.862680236606671258e-01
8.000000000000000000e+03 6.377724402037775464e-01
8.005000000000000000e+03 2.784794556065850815e-02
8.010000000000000000e+03 3.036788814818919269e-01
8.015000000000000000e+03 9.316352766849012035e-01
8.020000000000000000e+03 7.385787198912564522e-01
8.025000000000000000e+03 8.556539845825568424e-02
8.030000000000000000e+03 1.902299225600937171e-01
8.035000000000000000e+03 8.720477063695121211e-01
8.040000000000000000e+03 8.511973824049001713e-01
8.045000000000000000e+03 1.638891621118805375e-01
8.050000000000000000e+03 1.098318184406775061e-01
8.055000000000000000e+03 7.771121548542502255e-01
8.060000000000000000e+03 9.096100395029607100e-01
8.065000000000000000e+03 2.648812296157278534e-01
8.070000000000000000e+03 4.125831427112311434e-02
8.075000000000000000e+03 6.673193340950662744e-01
8.080000000000000000e+03 9.777884338319793311e-01
8.085000000000000000e+03 3.823062987444996730e-01
8.090000000000000000e+03 8.148338898999437155e-03
8.095000000000000000e+03 5.534809920476515543e-01
8.100000000000000000e+03 9.820607581096291172e-01
8.105000000000000000e+03 4.976117752028367258e-01
8.110000000000000000e+03 1.682980918564608427e-03
8.115000000000000000e+03 4.227944827377181913e-01
8.120000000000000000e+03 9.865302935150969121e-01
8.125000000000000000e+03 6.295341649094158276e-01
8.130000000000000000e+03 2.498776315674925558e-02
8.135000000000000000e+03 3.137747413961510246e-01
8.140000000000000000e+03 9.382821612971906644e-01
8.145000000000000000e+03 7.289910402852743943e-01
8.150000000000000000e+03 7.933704722943434040e-02
8.155000000000000000e+03 1.977691449852682637e-01
8.160000000000000000e+03 8.760869544291816080e-01
8.165000000000000000e+03 8.443290047360100248e-01
8.170000000000000000e+03 1.576016416463041636e-01
8.175000000000000000e+03 1.161861211139085387e-01
8.180000000000000000e+03 7.876080251939644450e-01
8.185000000000000000e+03 9.047698931690848489e-01
8.190000000000000000e+03 2.547848297627310354e-01
8.195000000000000000e+03 4.549362290604497261e-02
8.200000000000000000e+03 6.745511988963495131e-01
8.205000000000000000e+03 9.736232670980701220e-01
8.210000000000000000e+03 3.740018936875156852e-01
8.215000000000000000e+03 9.902560693106113657e-03
8.220000000000000000e+03 5.649890288955009554e-01
8.225000000000000000e+03 9.832751347795121166e-01
8.230000000000000000e+03 4.864062628370082741e-01
8.235000000000000000e+03 8.998661735190319677e-04
8.240000000000000000e+03 4.316163013011373728e-01
8.245000000000000000e+03 9.861292254539461011e-01
8.250000000000000000e+03 6.207368776770247898e-01
8.255000000000000000e+03 2.232857025507828733e-02
8.260000000000000000e+03 3.235886195421286970e-01
8.265000000000000000e+03 9.450274528849708089e-01
8.270000000000000000e+03 7.199241170433055004e-01
8.275000000000000000e+03 7.328381718084066299e-02
8.280000000000000000e+03 2.057564382514414092e-01
8.285000000000000000e+03 8.798937505544588422e-01
8.290000000000000000e+03 8.366409299423096524e-01
8.295000000000000000e+03 1.513785178267446907e-01
8.300000000000000000e+03 1.224348928182594776e-01
8.305000000000000000e+03 7.978705396028999974e-01
8.310000000000000000e+03 9.004371299055962119e-01
8.315000000000000000e+03 2.449658929290242648e-01
8.320000000000000000e+03 5.008518491392500993e-02
8.325000000000000000e+03 6.819829301748828732e-01
8.330000000000000000e+03 9.686604238989524607e-01
8.335000000000000000e+03 3.654334625991318419e-01
8.340000000000000000e+03 1.176150078825095174e-02
8.345000000000000000e+03 5.760895185713630351e-01
8.350000000000000000e+03 9.847599304587446589e-01
8.355000000000000000e+03 4.756521335238111936e-01
8.360000000000000000e+03 3.563783374941831760e-04
8.365000000000000000e+03 4.408894427584797437e-01
8.370000000000000000e+03 9.852397298131202463e-01
8.375000000000000000e+03 6.113257461990757591e-01
8.380000000000000000e+03 1.983440308564758670e-02
8.385000000000000000e+03 3.330612148000460793e-01
8.390000000000000000e+03 9.516737403756768687e-01
8.395000000000000000e+03 7.113979413006611408e-01
8.400000000000000000e+03 6.746635735933728673e-02
8.405000000000000000e+03 2.142119086129563033e-01
8.410000000000000000e+03 8.836632436474818331e-01
8.415000000000000000e+03 8.281700200185903027e-01
8.420000000000000000e+03 1.451482645588402232e-01
8.425000000000000000e+03 1.285756548042700509e-01
8.430000000000000000e+03 8.077161922198223820e-01
8.435000000000000000e+03 8.965263196129735768e-01
8.440000000000000000e+03 2.355087833547345466e-01
8.445000000000000000e+03 5.502376294296981718e-02
8.450000000000000000e+03 6.897601608863428435e-01
8.455000000000000000e+03 9.630382969793640502e-01
8.460000000000000000e+03 3.565314028424813597e-01
8.465000000000000000e+03 1.372797837828909628e-02
8.470000000000000000e+03 5.866716976127142047e-01
8.475000000000000000e+03 9.863391884431685908e-01
8.480000000000000000e+03 4.654042222904237747e-01
8.485000000000000000e+03 6.459470439239823583e-05
8.490000000000000000e+03 4.506735453414508763e-01
8.495000000000000000e+03 9.840615526418652337e-01
8.500000000000000000e+03 6.012900222643318138e-01
8.505000000000000000e+03 1.747551865000129476e-02
8.510000000000000000e+03 3.421662760506383183e-01
8.515000000000000000e+03 9.580144258289186032e-01
8.520000000000000000e+03 7.033840404011683090e-01
8.525000000000000000e+03 6.193581103136004684e-02
8.530000000000000000e+03 2.231259296988978846e-01
8.535000000000000000e+03 8.875846153589291854e-01
8.540000000000000000e+03 8.190026069006667298e-01
8.545000000000000000e+03 1.388543509335628534e-01
8.550000000000000000e+03 1.346290640831803720e-01
8.555000000000000000e+03 8.169820292514122784e-01
8.560000000000000000e+03 8.929069653110131011e-01
8.565000000000000000e+03 2.264746865678970711e-01
8.570000000000000000e+03 6.028323242518530273e-02
8.575000000000000000e+03 6.979971008950802691e-01
8.580000000000000000e+03 9.569325052255066577e-01
8.585000000000000000e+03 3.472577392570371790e-01
8.590000000000000000e+03 1.581551402466993203e-02
8.595000000000000000e+03 5.966627398022422701e-01
8.600000000000000000e+03 9.878126806879988786e-01
8.605000000000000000e+03 4.556782453062789284e-01
8.610000000000000000e+03 2.817677408525998158e-05
8.615000000000000000e+03 4.609886309190128206e-01
8.620000000000000000e+03 9.828041005400047769e-01
8.625000000000000000e+03 5.906635063545323527e-01
8.630000000000000000e+03 1.523055229041280108e-02
8.635000000000000000e+03 3.509136612576755909e-01
8.640000000000000000e+03 9.638499323155722553e-01
8.645000000000000000e+03 6.958082278255238728e-01
8.650000000000000000e+03 5.673068594906998524e-02
8.655000000000000000e+03 2.324586520498846121e-01
8.660000000000000000e+03 8.918249997866168899e-01
8.665000000000000000e+03 8.092684826527172248e-01
8.670000000000000000e+03 1.324589676827830353e-01
8.675000000000000000e+03 1.406375308136715019e-01
8.680000000000000000e+03 8.255396490846889090e-01
8.685000000000000000e+03 8.894130754433133834e-01
8.690000000000000000e+03 2.178983671341717110e-01
8.695000000000000000e+03 6.582229552817325802e-02
8.700000000000000000e+03 7.067654102717819686e-01
8.705000000000000000e+03 9.505430833276644620e-01
8.710000000000000000e+03 3.376083661446424022e-01
8.715000000000000000e+03 1.804713619857899881e-02
8.720000000000000000e+03 6.060346556281266395e-01
8.725000000000000000e+03 9.889711817348054712e-01
8.730000000000000000e+03 4.464507432742790827e-01
8.735000000000000000e+03 2.424775709894652393e-04
8.740000000000000000e+03 4.718119481139984583e-01
8.745000000000000000e+03 9.816696161229228057e-01
8.750000000000000000e+03 5.795220519232818779e-01
8.755000000000000000e+03 1.308772278490331377e-02
8.760000000000000000e+03 3.593488873205372136e-01
8.765000000000000000e+03 9.690041833310618635e-01
8.770000000000000000e+03 6.885563916127377393e-01
8.775000000000000000e+03 5.187499016113369943e-02
8.780000000000000000e+03 2.421425556598374995e-01
8.785000000000000000e+03 8.965145055061113366e-01
8.790000000000000000e+03 7.991316725064225857e-01
8.795000000000000000e+03 1.259452311358378318e-01
8.800000000000000000e+03 1.466616896242158019e-01
8.805000000000000000e+03 8.333066528701899012e-01
8.810000000000000000e+03 8.858556414504579202e-01
8.815000000000000000e+03 2.097868221543853495e-01
8.820000000000000000e+03 7.158780460452737748e-02
8.825000000000000000e+03 7.160867464362783430e-01
8.830000000000000000e+03 9.440791055932372666e-01
8.835000000000000000e+03 3.276130001679086745e-01
8.840000000000000000e+03 2.045320766498332984e-02
8.845000000000000000e+03 6.148071009207555226e-01
8.850000000000000000e+03 9.896132451841478384e-01
8.855000000000000000e+03 4.376615342368623818e-01
8.860000000000000000e+03 6.955497097705110867e-04
8.865000000000000000e+03 4.830789602217898104e-01
8.870000000000000000e+03 9.808360742430745072e-01
8.875000000000000000e+03 5.679781667855037242e-01
8.880000000000000000e+03 1.104514363531690357e-02
8.885000000000000000e+03 3.675493191092084055e-01
8.890000000000000000e+03 9.733397520803006575e-01
8.895000000000000000e+03 6.814831571946241562e-01
8.900000000000000000e+03 4.737751959091505288e-02
8.905000000000000000e+03 2.520877119000901612e-01
8.910000000000000000e+03 9.017341630497437421e-01
8.915000000000000000e+03 7.887782476661389097e-01
8.920000000000000000e+03 1.193178526220253777e-01
8.925000000000000000e+03 1.527751953807129359e-01
8.930000000000000000e+03 8.402540643890445970e-01
8.935000000000000000e+03 8.820374866258988700e-01
8.940000000000000000e+03 2.021197623349576256e-01
8.945000000000000000e+03 7.751920276650643704e-02
8.950000000000000000e+03 7.259300068112807258e-01
8.955000000000000000e+03 9.377417803231121729e-01
8.960000000000000000e+03 3.173328402544273175e-01
8.965000000000000000e+03 2.306859445460248195e-02
8.970000000000000000e+03 6.230457277780514502e-01
8.975000000000000000e+03 9.895620920465093562e-01
8.980000000000000000e+03 4.292186325382176815e-01
8.985000000000000000e+03 1.369791934244072489e-03
8.990000000000000000e+03 4.946883181186390033e-01
8.995000000000000000e+03 9.804416181559488797e-01
9.000000000000000000e+03 5.561727883464582245e-01
9.005000000000000000e+03 9.110344090580542453e-03
9.010000000000000000e+03 3.756174945569370482e-01
9.015000000000000000e+03 9.767699075248993390e-01
9.020000000000000000e+03 6.744232255358180161e-01
9.025000000000000000e+03 4.323218961607487587e-02
9.030000000000000000e+03 2.621890043630140665e-01
9.035000000000000000e+03 9.075082860982796040e-01
9.040000000000000000e+03 7.784017992444949297e-01
9.045000000000000000e+03 1.126023236601940147e-01
9.050000000000000000e+03 1.590585053698402862e-01
9.055000000000000000e+03 8.464088222255152782e-01
9.060000000000000000e+03 8.777694666751922892e-01
9.065000000000000000e+03 1.948518477810983196e-01
9.070000000000000000e+03 8.355354335841608249e-02
9.075000000000000000e+03 7.362135993771564690e-01
9.080000000000000000e+03 9.317075469269300303e-01
9.085000000000000000e+03 3.068559479411496760e-01
9.090000000000000000e+03 2.592948252875319423e-02
9.095000000000000000e+03 6.308563203294524913e-01
9.100000000000000000e+03 9.886808508588700306e-01
9.105000000000000000e+03 4.210056065401939773e-01
9.110000000000000000e+03 2.243988562339158891e-03
9.115000000000000000e+03 5.065100866372471700e-01
9.120000000000000000e+03 9.805723627912624751e-01
9.125000000000000000e+03 5.442645062728729277e-01
9.130000000000000000e+03 7.299074984393584022e-03
9.135000000000000000e+03 3.836724666172913745e-01
9.140000000000000000e+03 9.792661067638978034e-01
9.145000000000000000e+03 6.672048076260956861e-01
9.150000000000000000e+03 3.941932253990131085e-02
9.155000000000000000e+03 2.723344371040093415e-01
9.160000000000000000e+03 9.138021974377315004e-01
9.165000000000000000e+03 7.681876656515574942e-01
9.170000000000000000e+03 1.058426127330994587e-01
9.175000000000000000e+03 1.655922630694107167e-01
9.180000000000000000e+03 8.518511463570233033e-01
9.185000000000000000e+03 8.728865699504688713e-01
9.190000000000000000e+03 1.879166842553636751e-01
9.195000000000000000e+03 8.963058608142435157e-02
9.200000000000000000e+03 7.468122673372638021e-01
9.205000000000000000e+03 9.261129987581646628e-01
9.210000000000000000e+03 2.962904623659160519e-01
9.215000000000000000e+03 2.907006325419128276e-02
9.220000000000000000e+03 6.383756711420819352e-01
9.225000000000000000e+03 9.868844093035590292e-01
9.230000000000000000e+03 4.128910594746222906e-01
9.235000000000000000e+03 3.295561331796024052e-03
9.240000000000000000e+03 5.183961433866041135e-01
9.245000000000000000e+03 9.812550539965326779e-01
9.250000000000000000e+03 5.324169132964198248e-01
9.255000000000000000e+03 5.633471511693387453e-03
9.260000000000000000e+03 3.918400783134885490e-01
9.265000000000000000e+03 9.808600836676630852e-01
9.270000000000000000e+03 6.596641089859345275e-01
9.275000000000000000e+03 3.590784101837355552e-02
9.280000000000000000e+03 2.824137610568006607e-01
9.285000000000000000e+03 9.205254720972301241e-01
9.290000000000000000e+03 7.582974510089917075e-01
9.295000000000000000e+03 9.909741651652079208e-02
9.300000000000000000e+03 1.724507238811483767e-01
9.305000000000000000e+03 8.567072116101064339e-01
9.310000000000000000e+03 8.672621999136319593e-01
9.315000000000000000e+03 1.812325234776426819e-01
9.320000000000000000e+03 9.569763610905798745e-02
9.325000000000000000e+03 7.575675269615421703e-01
9.330000000000000000e+03 9.210434214199247904e-01
9.335000000000000000e+03 2.857559221177151665e-01
9.340000000000000000e+03 3.251926637575797141e-02
9.345000000000000000e+03 6.457601562559881492e-01
9.350000000000000000e+03 9.841464674976552196e-01
9.355000000000000000e+03 4.047397808020988808e-01
9.360000000000000000e+03 4.502924391267227981e-03
9.365000000000000000e+03 5.301916641276072095e-01
9.370000000000000000e+03 9.824553798862405429e-01
9.375000000000000000e+03 5.207851099258310468e-01
9.380000000000000000e+03 4.139624918806689320e-03
9.385000000000000000e+03 4.002430087587203200e-01
9.390000000000000000e+03 9.816404767759954186e-01
9.395000000000000000e+03 6.516595191645869756e-01
9.400000000000000000e+03 3.265836873701017523e-02
9.405000000000000000e+03 2.923267341550647158e-01
9.410000000000000000e+03 9.275400064337490091e-01
9.415000000000000000e+03 7.488555570379187287e-01
9.420000000000000000e+03 9.243510509647963336e-02
9.425000000000000000e+03 1.796956358858154690e-01
9.430000000000000000e+03 8.611382785891745772e-01
9.435000000000000000e+03 8.608189780081526576e-01
9.440000000000000000e+03 1.747094117608532782e-01
9.445000000000000000e+03 1.017138576355195445e-01
9.450000000000000000e+03 7.683003408977452375e-01
9.455000000000000000e+03 9.165262605109172345e-01
9.460000000000000000e+03 2.753733796929581090e-01
9.465000000000000000e+03 3.629767138225338530e-02
9.470000000000000000e+03 6.531733032938971117e-01
9.475000000000000000e+03 9.805011103028554720e-01
9.480000000000000000e+03 3.964244971860110267e-01
9.485000000000000000e+03 5.847856587850207982e-03
9.490000000000000000e+03 5.417466743514511851e-01
9.495000000000000000e+03 9.840818524463812444e-01
9.500000000000000000e+03 5.095028227670829191e-01
9.505000000000000000e+03 2.844697230686745945e-03
9.510000000000000000e+03 4.089911670467736293e-01
9.515000000000000000e+03 9.817446573329037252e-01
9.520000000000000000e+03 6.430838863485828227e-01
9.525000000000000000e+03 2.962710928624875950e-02
9.530000000000000000e+03 3.019906196601352955e-01
9.535000000000000000e+03 9.346717372597908025e-01
9.540000000000000000e+03 7.399393042873049220e-01
9.545000000000000000e+03 8.592770493357380912e-02
9.550000000000000000e+03 1.873707960760778168e-01
9.555000000000000000e+03 8.653274740652568964e-01
9.560000000000000000e+03 8.535348515357543686e-01
9.565000000000000000e+03 1.682572653657482542e-01
9.570000000000000000e+03 1.076539014829524660e-01
9.575000000000000000e+03 7.788248339207940463e-01
9.580000000000000000e+03 9.125300960852936738e-01
9.585000000000000000e+03 2.652552209405199535e-01
9.590000000000000000e+03 4.041479835769571510e-02
9.595000000000000000e+03 6.607731269729391066e-01
9.600000000000000000e+03 9.760389716121400383e-01
9.605000000000000000e+03 3.878371068128192989e-01
9.610000000000000000e+03 7.317777563854483205e-03
9.615000000000000000e+03 5.529270031093735938e-01
9.620000000000000000e+03 9.859944442173895762e-01
9.625000000000000000e+03 4.986715672966705593e-01
9.630000000000000000e+03 1.773795081171063029e-03
9.635000000000000000e+03 4.181729473537033059e-01
9.640000000000000000e+03 9.813469552963368647e-01
9.645000000000000000e+03 6.338734535038452744e-01
9.650000000000000000e+03 2.677024611026666140e-02
9.655000000000000000e+03 3.113465616170227324e-01
9.660000000000000000e+03 9.417245992212752714e-01
9.665000000000000000e+03 7.315737057933510146e-01
9.670000000000000000e+03 7.964447765785509503e-02
9.675000000000000000e+03 1.954975921153764007e-01
9.680000000000000000e+03 8.694654618434721760e-01
9.685000000000000000e+03 8.454440090216732706e-01
9.690000000000000000e+03 1.617940788664457563e-01
9.695000000000000000e+03 1.135106192031676564e-01
9.700000000000000000e+03 7.889619819304884984e-01
9.705000000000000000e+03 9.089688738432663007e-01
9.710000000000000000e+03 2.554958583553856299e-01
9.715000000000000000e+03 4.486702278211637807e-02
9.720000000000000000e+03 6.687000636139682763e-01
9.725000000000000000e+03 9.708988036465616700e-01
9.730000000000000000e+03 3.788980051328334486e-01
9.735000000000000000e+03 8.907736100275381180e-03
9.740000000000000000e+03 5.636241086936862876e-01
9.745000000000000000e+03 9.880166974181793238e-01
9.750000000000000000e+03 4.883531245900344375e-01
9.755000000000000000e+03 9.469515838501409979e-04
9.760000000000000000e+03 4.278477080619743078e-01
9.765000000000000000e+03 9.806445775963942291e-01
9.770000000000000000e+03 6.240125449737089491e-01
9.775000000000000000e+03 2.404843492111375866e-02
9.780000000000000000e+03 3.203645637967105775e-01
9.785000000000000000e+03 9.484954536627092647e-01
9.790000000000000000e+03 7.237311995731839920e-01
9.795000000000000000e+03 7.364582738936177597e-02
9.800000000000000000e+03 2.040718841669541816e-01
9.805000000000000000e+03 8.737359915471939464e-01
9.810000000000000000e+03 8.366328362972981214e-01
9.815000000000000000e+03 1.552533198137772963e-01
9.820000000000000000e+03 1.192966308307284312e-01
9.825000000000000000e+03 7.985525775767502443e-01
9.830000000000000000e+03 9.057104666236697188e-01
9.835000000000000000e+03 2.461643818339192546e-01
9.840000000000000000e+03 4.963643722311843892e-02
9.845000000000000000e+03 6.770659966240104577e-01
9.850000000000000000e+03 9.652556444457669471e-01
9.855000000000000000e+03 3.695624635748978593e-01
9.860000000000000000e+03 1.062184343104295714e-02
9.865000000000000000e+03 5.737633343727356339e-01
9.870000000000000000e+03 9.899499256605329700e-01
9.875000000000000000e+03 4.785660419653317010e-01
9.880000000000000000e+03 3.766323944560884610e-04
9.885000000000000000e+03 4.380399512215202851e-01
9.890000000000000000e+03 9.798424435925711107e-01
9.895000000000000000e+03 6.135336880632623613e-01
9.900000000000000000e+03 2.143081053027659846e-02
9.905000000000000000e+03 3.290466349666206769e-01
9.910000000000000000e+03 9.547889755421958835e-01
9.915000000000000000e+03 7.163359704037742803e-01
9.920000000000000000e+03 6.797829420695557234e-02
9.925000000000000000e+03 2.130626450250587001e-01
9.930000000000000000e+03 8.783020951063289505e-01
9.935000000000000000e+03 8.272317707915344265e-01
9.940000000000000000e+03 1.485895620392762573e-01
9.945000000000000000e+03 1.250444347307606840e-01
9.950000000000000000e+03 8.074688634366639084e-01
9.955000000000000000e+03 9.025883307983642023e-01
9.960000000000000000e+03 2.372999850043685521e-01
9.965000000000000000e+03 5.469096810261354219e-02
9.970000000000000000e+03 6.859449740738483570e-01
9.975000000000000000e+03 9.593068723586515301e-01
9.980000000000000000e+03 3.598234457697351840e-01
9.985000000000000000e+03 1.247384924160465682e-02
9.990000000000000000e+03 5.833101523422100643e-01
9.995000000000000000e+03 9.915883132924511179e-01
1.000000000000000000e+04 4.692862253555475371e-01
1.000500000000000000e+04 6.617753192893269102e-05
1.001000000000000000e+04 4.487357702953773675e-01
1.001500000000000000e+04 9.791379262606986211e-01
1.002000000000000000e+04 6.025135433541101149e-01
1.002500000000000000e+04 1.889793531113903233e-02
1.003000000000000000e+04 3.374277636917192846e-01
1.003500000000000000e+04 9.604318154272863950e-01
1.004000000000000000e+04 7.092718792896340885e-01
1.004500000000000000e+04 6.267125672886993126e-02
1.005000000000000000e+04 2.224127357806682526e-01
1.005500000000000000e+04 8.832935344424227564e-01
1.006000000000000000e+04 8.174042123059884757e-01
1.006500000000000000e+04 1.417817427824268894e-01
1.007000000000000000e+04 1.308048246499426137e-01
1.007500000000000000e+04 8.156243143085656344e-01
1.008000000000000000e+04 8.994149757118669042e-01
1.008500000000000000e+04 2.289104974907166801e-01
1.009000000000000000e+04 5.998595684796169392e-02
1.009500000000000000e+04 6.953662219665340816e-01
1.010000000000000000e+04 9.532572720117122866e-01
1.010500000000000000e+04 3.497108051511138016e-01
1.011000000000000000e+04 1.448661168529883497e-02
1.011500000000000000e+04 5.922737737314875961e-01
1.012000000000000000e+04 9.927340167183665853e-01
1.012500000000000000e+04 4.604511043039925533e-01
1.013000000000000000e+04 9.473512206862641681e-06
1.013500000000000000e+04 4.598821336928758940e-01
1.014000000000000000e+04 9.787062158727641847e-01
1.014500000000000000e+04 5.910655293690419976e-01
1.015000000000000000e+04 1.644327028864904505e-02
1.015500000000000000e+04 3.455742532687946511e-01
1.016000000000000000e+04 9.652853610663922890e-01
1.016500000000000000e+04 7.023929400744109985e-01
1.017000000000000000e+04 5.773567363779748274e-02
1.017500000000000000e+04 2.320420793499671785e-01
1.018000000000000000e+04 8.887962709692710517e-01
1.018500000000000000e+04 8.073336384283829048e-01
1.019000000000000000e+04 1.348337970831363919e-01
1.019500000000000000e+04 1.366435163571305678e-01
1.020000000000000000e+04 8.229809081711038088e-01
1.020500000000000000e+04 8.959962377249318655e-01
1.021000000000000000e+04 2.209738880775413417e-01
1.021500000000000000e+04 6.546723030698353707e-02
1.022000000000000000e+04 7.053102401039782476e-01
1.022500000000000000e+04 9.473040047458679558e-01
1.023000000000000000e+04 3.392873445866109172e-01
1.023500000000000000e+04 1.669034662003925432e-02
1.024000000000000000e+04 6.007075985139620489e-01
1.024500000000000000e+04 9.932115842256123983e-01
1.025000000000000000e+04 4.519665375274911079e-01
1.025500000000000000e+04 1.919465867909098567e-04
1.026000000000000000e+04 4.713894018330048175e-01
1.026500000000000000e+04 9.786870466624251197e-01
1.027000000000000000e+04 5.793301283185948725e-01
1.027500000000000000e+04 1.407296856692799233e-02
1.028000000000000000e+04 3.535792951920616600e-01
1.028500000000000000e+04 9.692565186794797061e-01
1.029000000000000000e+04 6.955351884097581427e-01
1.029500000000000000e+04 5.316483033986443146e-02
1.030000000000000000e+04 2.418531415306655330e-01
1.030500000000000000e+04 8.948446761752104628e-01
1.031000000000000000e+04 7.972099193026124242e-01
1.031500000000000000e+04 1.277728140741856699e-01
1.032000000000000000e+04 1.426360925388901191e-01
1.032500000000000000e+04 8.295531215816941417e-01
1.033000000000000000e+04 8.921455721803172034e-01
1.033500000000000000e+04 2.134421484305220051e-01
1.034000000000000000e+04 7.107544688256894894e-02
1.034500000000000000e+04 7.157086253695803535e-01
1.035000000000000000e+04 9.416221912806828076e-01
1.035500000000000000e+04 3.286425205558204388e-01
1.036000000000000000e+04 1.911974388102817210e-02
1.036500000000000000e+04 6.087060169917727359e-01
1.037000000000000000e+04 9.928810701504287017e-01
1.037500000000000000e+04 4.437154810937704030e-01
1.038000000000000000e+04 5.927319192066042661e-04
1.038500000000000000e+04 4.831372315135414319e-01
1.039000000000000000e+04 9.791735740752587347e-01
1.039500000000000000e+04 5.674638680466170815e-01
1.040000000000000000e+04 1.180412611348525230e-02
1.040500000000000000e+04 3.615559130489200412e-01
1.041000000000000000e+04 9.723056234270668341e-01
1.041500000000000000e+04 6.885292247062348991e-01
1.042000000000000000e+04 4.893676256911938527e-02
1.042500000000000000e+04 2.517383613499966644e-01
1.043000000000000000e+04 9.014174451944262367e-01
1.043500000000000000e+04 7.872155631481171367e-01
1.044000000000000000e+04 1.206452881866744847e-01
1.044500000000000000e+04 1.488616577402648022e-01
1.045000000000000000e+04 8.354079376131325896e-01
1.045500000000000000e+04 8.876977919714890142e-01
1.046000000000000000e+04 2.062468579750294517e-01
1.046500000000000000e+04 7.675129167351565918e-02
1.047000000000000000e+04 7.264480793253218494e-01
1.047500000000000000e+04 9.363518349499948545e-01
1.048000000000000000e+04 3.178846474690443236e-01
1.048500000000000000e+04 2.181023392947423548e-02
1.049000000000000000e+04 6.163975212840854256e-01
1.049500000000000000e+04 9.916490827926591756e-01
1.050000000000000000e+04 4.355676298247050937e-01
1.050500000000000000e+04 1.187671825441395526e-03
1.051000000000000000e+04 4.949835134655322100e-01
1.051500000000000000e+04 9.802043094602189699e-01
1.052000000000000000e+04 5.556277643819490519e-01
1.052500000000000000e+04 9.661855557904852967e-03
1.053000000000000000e+04 3.696277662445732193e-01
1.053500000000000000e+04 9.744506230114664547e-01
1.054000000000000000e+04 6.812127563328789215e-01
1.054500000000000000e+04 4.501780742104011246e-02
1.055000000000000000e+04 2.615888063821381615e-01
1.055500000000000000e+04 9.084379091341994172e-01
1.056000000000000000e+04 7.775125449156876645e-01
1.056500000000000000e+04 1.135120992671198037e-01
1.057000000000000000e+04 1.553957832805412109e-01
1.057500000000000000e+04 8.406604254676347532e-01
1.058000000000000000e+04 8.825216001883295913e-01
1.058500000000000000e+04 1.993057041887313918e-01
1.059000000000000000e+04 8.244095177379258399e-02
1.059500000000000000e+04 7.373785355660128493e-01
1.060000000000000000e+04 9.315869099388305319e-01
1.060500000000000000e+04 3.071323482467313015e-01
1.061000000000000000e+04 2.479384596258157533e-02
1.061500000000000000e+04 6.239345162641036779e-01
1.062000000000000000e+04 9.894768450107909175e-01
1.062500000000000000e+04 4.273894306442028168e-01
1.063000000000000000e+04 1.952681584943026256e-03
1.063500000000000000e+04 5.067755464064898074e-01
1.064000000000000000e+04 9.817590736072908664e-01
1.064500000000000000e+04 5.439757940146134896e-01
1.065000000000000000e+04 7.675704036024308743e-03
1.065500000000000000e+04 3.779186866786919952e-01
1.066000000000000000e+04 9.757667340562301561e-01
1.066500000000000000e+04 6.734426772886354939e-01
1.067000000000000000e+04 4.136672610441115283e-02
1.067500000000000000e+04 2.713031808825127067e-01
1.068000000000000000e+04 9.157791387246909665e-01
1.068500000000000000e+04 7.682303859498970100e-01
1.069000000000000000e+04 1.064428922838995956e-01
1.069500000000000000e+04 1.623034456984435991e-01
1.070000000000000000e+04 8.454649555841694530e-01
1.070500000000000000e+04 8.765301204268223234e-01
1.071000000000000000e+04 1.925293899200685444e-01
1.071500000000000000e+04 8.810128904093399160e-02
1.072000000000000000e+04 7.483248253651446635e-01
1.072500000000000000e+04 9.273675793979205828e-01
1.073000000000000000e+04 2.965058290972626964e-01
1.073500000000000000e+04 2.809516666734497570e-02
1.074000000000000000e+04 6.314806889685248281e-01
1.074500000000000000e+04 9.863842913403225721e-01
1.075000000000000000e+04 4.190540399026879137e-01
1.075500000000000000e+04 2.867009461704764055e-03
1.076000000000000000e+04 5.183623292092398582e-01
1.076500000000000000e+04 9.837597238058702898e-01
1.077000000000000000e+04 5.326439186779897694e-01
1.077500000000000000e+04 5.875960885520906118e-03
1.078000000000000000e+04 3.865419695993468352e-01
1.078500000000000000e+04 9.763811660499720491e-01
1.079000000000000000e+04 6.651060746864196904e-01
1.079500000000000000e+04 3.793891126089872501e-02
1.080000000000000000e+04 2.807962974970553138e-01
1.080500000000000000e+04 9.232736537285224365e-01
1.081000000000000000e+04 7.594562932059847338e-01
1.081500000000000000e+04 9.951039371433971492e-02
1.082000000000000000e+04 1.696326356025474602e-01
1.082500000000000000e+04 8.500026489074093972e-01
1.083000000000000000e+04 8.696884908978732565e-01
1.083500000000000000e+04 1.858285766877675882e-01
1.084000000000000000e+04 9.370416642936953144e-02
1.084500000000000000e+04 7.591007211881950489e-01
1.085000000000000000e+04 9.236764864703376210e-01
1.085500000000000000e+04 2.861183452854453857e-01
1.086000000000000000e+04 3.172788894876914234e-02
1.086500000000000000e+04 6.391972554065411538e-01
1.087000000000000000e+04 9.824493949657202574e-01
1.087500000000000000e+04 4.104508646614317136e-01
1.088000000000000000e+04 3.915991575451043330e-03
1.088500000000000000e+04 5.296067621202918962e-01
1.089000000000000000e+04 9.860759388466007191e-01
1.089500000000000000e+04 5.217402591521436150e-01
1.090000000000000000e+04 4.290318407064978509e-03
1.090500000000000000e+04 3.955904045140916647e-01
1.091000000000000000e+04 9.764630835936787268e-01
1.091500000000000000e+04 6.561294114057195648e-01
1.092000000000000000e+04 3.469035413040317400e-02
1.092500000000000000e+04 2.900062162072167826e-01
1.093000000000000000e+04 9.307268879892706126e-01
1.093500000000000000e+04 7.512282569443101687e-01
1.094000000000000000e+04 9.278498514551535015e-02
1.094500000000000000e+04 1.774092585676710632e-01
1.095000000000000000e+04 8.544663283043127944e-01
1.095500000000000000e+04 8.620175093631632368e-01
1.096000000000000000e+04 1.791206047449981908e-01
1.096500000000000000e+04 9.923954912276537754e-02
1.097000000000000000e+04 7.695239612239886950e-01
1.097500000000000000e+04 9.204398182668559469e-01
1.098000000000000000e+04 2.760682900197877765e-01
1.098500000000000000e+04 3.569237094349486661e-02
1.099000000000000000e+04 6.472293163454700959e-01
1.099500000000000000e+04 9.778024065191732728e-01
1.100000000000000000e+04 4.014941369252610359e-01
1.100500000000000000e+04 5.093018205434343519e-03
1.101000000000000000e+04 5.403965689544695250e-01
1.101500000000000000e+04 9.885357389012483509e-01
1.102000000000000000e+04 5.113370702200329410e-01
1.102500000000000000e+04 2.941199018287873196e-03
1.103000000000000000e+04 4.051279721197355577e-01
1.103500000000000000e+04 9.762096914404381209e-01
1.104000000000000000e+04 6.464849548965647674e-01
1.104500000000000000e+04 3.158117904247444152e-02
1.105000000000000000e+04 2.988995533051262421e-01
1.105500000000000000e+04 9.379330560005559869e-01
1.106000000000000000e+04 7.435319861267980501e-01
1.106500000000000000e+04 8.632978761542908774e-02
1.107000000000000000e+04 1.856337449279099605e-01
1.107500000000000000e+04 8.590444283188918284e-01
1.108000000000000000e+04 8.535926296061726593e-01
1.108500000000000000e+04 1.723356995465261388e-01
1.109000000000000000e+04 1.047171111719173708e-01
1.109500000000000000e+04 7.794307668910178677e-01
1.110000000000000000e+04 9.175333259595198632e-01
1.110500000000000000e+04 2.664322362363397145e-01
1.111000000000000000e+04 3.997449396249591613e-02
1.111500000000000000e+04 6.556936948585069258e-01
1.112000000000000000e+04 9.726153199809456362e-01
1.112500000000000000e+04 3.921299014655266202e-01
1.113000000000000000e+04 6.400551676010983286e-03
1.113500000000000000e+04 5.506531525964452056e-01
1.114000000000000000e+04 9.909397389042304827e-01
1.114500000000000000e+04 5.014653329517584357e-01
1.115000000000000000e+04 1.843924567434269317e-03
1.115500000000000000e+04 4.151837846110344454e-01
1.116000000000000000e+04 9.758298240855799444e-01
1.116500000000000000e+04 6.361936043310832956e-01
1.117000000000000000e+04 2.857863723305351100e-02
1.117500000000000000e+04 3.074745751622882106e-01
1.118000000000000000e+04 9.446917903269282935e-01
1.118500000000000000e+04 7.363022645180677950e-01
1.119000000000000000e+04 8.019643030383606652e-02
1.119500000000000000e+04 1.942796887723635124e-01
1.120000000000000000e+04 8.639054534406758190e-01
1.120500000000000000e+04 8.445380851956793000e-01
1.121000000000000000e+04 1.654223576653282290e-01
1.121500000000000000e+04 1.101661863432647354e-01
1.122000000000000000e+04 7.886885934069870485e-01
1.122500000000000000e+04 9.147928728895382555e-01
1.123000000000000000e+04 2.572595252642218555e-01
1.123500000000000000e+04 4.454598568322482716e-02
1.124000000000000000e+04 6.646690967625201729e-01
1.124500000000000000e+04 9.670875627547358411e-01
1.125000000000000000e+04 3.823406687930201442e-01
1.125500000000000000e+04 7.850142282193262738e-03
1.126000000000000000e+04 5.603377863505464296e-01
1.126500000000000000e+04 9.930776503299170166e-01
1.127000000000000000e+04 4.921126537455686178e-01
1.127500000000000000e+04 1.005768425019594155e-03
1.128000000000000000e+04 4.257486871572457310e-01
1.128500000000000000e+04 9.755267176830817455e-01
1.129000000000000000e+04 6.253235228564471004e-01
1.129500000000000000e+04 2.565945929036668113e-02
1.130000000000000000e+04 3.157619511646516663e-01
1.130500000000000000e+04 9.508240064879944775e-01
1.131000000000000000e+04 7.294287777570337417e-01
1.131500000000000000e+04 7.442167838964675042e-02
1.132000000000000000e+04 2.032947029423867180e-01
1.132500000000000000e+04 8.691843428073905420e-01
1.133000000000000000e+04 8.350165734559216180e-01
1.133500000000000000e+04 1.583514355562817555e-01
1.134000000000000000e+04 1.156340167949000686e-01
1.134500000000000000e+04 7.972062427771202664e-01
1.135000000000000000e+04 9.120284297129253037e-01
1.135500000000000000e+04 2.485688842383503849e-01
1.136000000000000000e+04 4.936621767618937229e-02
1.136500000000000000e+04 6.741893103939560206e-01
1.137000000000000000e+04 9.614294215854088943e-01
1.137500000000000000e+04 3.721470430713695876e-01
1.138000000000000000e+04 9.461471719054349860e-03
1.138500000000000000e+04 5.694548592126991160e-01
1.139000000000000000e+04 9.947453733722716462e-01
1.139500000000000000e+04 4.832248683866796624e-01
1.140000000000000000e+04 4.258500108576100825e-04
1.140500000000000000e+04 4.367747798646617885e-01
1.141000000000000000e+04 9.754816404661932339e-01
1.141500000000000000e+04 6.139844839671009247e-01
1.142000000000000000e+04 2.281144294783665413e-02
1.142500000000000000e+04 3.238230024110170246e-01
1.143000000000000000e+04 9.561856645625382844e-01
1.143500000000000000e+04 7.227659624747372336e-01
1.144000000000000000e+04 6.902518772629913368e-02
1.144500000000000000e+04 2.126035133191961357e-01
1.145000000000000000e+04 8.749716946496912673e-01
1.145500000000000000e+04 8.252155643313260347e-01
1.146000000000000000e+04 1.511184661518490679e-01
1.146500000000000000e+04 1.211823493906189486e-01
1.147000000000000000e+04 8.049407863355310111e-01
1.147500000000000000e+04 9.090400516817787047e-01
1.148000000000000000e+04 2.403475636679389682e-01
1.148500000000000000e+04 5.438534315913990530e-02
1.149000000000000000e+04 6.842397737956875670e-01
1.149500000000000000e+04 9.558449119086722678e-01
1.150000000000000000e+04 3.616059698786546206e-01
1.150500000000000000e+04 1.126052910697947218e-02
1.151000000000000000e+04 5.780520195155126606e-01
1.151500000000000000e+04 9.957611041133891394e-01
1.152000000000000000e+04 4.747113492810661195e-01
1.152500000000000000e+04 9.578315409032936434e-05
1.153000000000000000e+04 4.481779377438938061e-01
1.153500000000000000e+04 9.758396911678363095e-01
1.154000000000000000e+04 6.023184709652108504e-01
1.154500000000000000e+04 2.003413087619749372e-02
1.155000000000000000e+04 3.317454989348991301e-01
1.155500000000000000e+04 9.606785949389377022e-01
1.156000000000000000e+04 7.161457730533808963e-01
1.156500000000000000e+04 6.400858852365717833e-02
1.157000000000000000e+04 2.221132116613634133e-01
1.157500000000000000e+04 8.813064992436886458e-01
1.158000000000000000e+04 8.153317337992911362e-01
1.158500000000000000e+04 1.437438225349675358e-01
1.159000000000000000e+04 1.268825324359350026e-01
1.159500000000000000e+04 8.119009697056728259e-01
1.160000000000000000e+04 9.056342275455866453e-01
1.160500000000000000e+04 2.325532260455791533e-01
1.161000000000000000e+04 5.954847330175989245e-02
1.161500000000000000e+04 6.947577358166538986e-01
1.162000000000000000e+04 9.505156879183050966e-01
1.162500000000000000e+04 3.508056294266637676e-01
1.163000000000000000e+04 1.327708819175578425e-02
1.163500000000000000e+04 5.862170848703868176e-01
1.164000000000000000e+04 9.959792365737167863e-01
1.164500000000000000e+04 4.664535190765938810e-01
1.165000000000000000e+04 9.673597893093234921e-07
1.165500000000000000e+04 4.598433142804190243e-01
1.166000000000000000e+04 9.766987283535898401e-01
1.166500000000000000e+04 5.904875383096885866e-01
1.167000000000000000e+04 1.733843659678230981e-02
1.167500000000000000e+04 3.396371082671019725e-01
1.168000000000000000e+04 9.642578277368550888e-01
1.168500000000000000e+04 7.093920586339614864e-01
1.169000000000000000e+04 5.935610790670617365e-02
1.169500000000000000e+04 2.317202898425518576e-01
1.170000000000000000e+04 8.881726819506100545e-01
1.170500000000000000e+04 8.055551139746178757e-01
1.171000000000000000e+04 1.362705827374209866e-01
1.171500000000000000e+04 1.328094974544237195e-01
1.172000000000000000e+04 8.181469743202841594e-01
1.172500000000000000e+04 9.016391639797345370e-01
1.173000000000000000e+04 2.251184591332835716e-01
1.173500000000000000e+04 6.480047628566693030e-02
1.174000000000000000e+04 7.056360521548168396e-01
1.174500000000000000e+04 9.455872423001027149e-01
1.175000000000000000e+04 3.398575548593104068e-01
1.175500000000000000e+04 1.554171051333272727e-02
1.176000000000000000e+04 5.940718164846460203e-01
1.176500000000000000e+04 9.953012367221478751e-01
1.177000000000000000e+04 4.583155758087044673e-01
1.177500000000000000e+04 1.224013343321263649e-04
1.178000000000000000e+04 4.716335995725420838e-01
1.178500000000000000e+04 9.781019935432012646e-01
1.179000000000000000e+04 5.786603244485509778e-01
1.179500000000000000e+04 1.474518356980044319e-02
1.180000000000000000e+04 3.476168286473400038e-01
1.180500000000000000e+04 9.669351189871674412e-01
1.181000000000000000e+04 7.023350730596419345e-01
1.181500000000000000e+04 5.503672699452602513e-02
1.182000000000000000e+04 2.413189277197521354e-01
1.182500000000000000e+04 8.954996932769337947e-01
1.183000000000000000e+04 7.960544084377325635e-01
1.183500000000000000e+04 1.287602617721470555e-01
1.184000000000000000e+04 1.390351007980416553e-01
1.184500000000000000e+04 8.237863652059684849e-01
1.185000000000000000e+04 8.969178945026882177e-01
1.185500000000000000e+04 2.179574526679943225e-01
1.186000000000000000e+04 7.009090671901155312e-02
1.186500000000000000e+04 7.167305971209033677e-01
1.187000000000000000e+04 9.411582524832555752e-01
1.187500000000000000e+04 3.288868519057818185e-01
1.188000000000000000e+04 1.808254448278616769e-02
1.188500000000000000e+04 6.017626373446498533e-01
1.189000000000000000e+04 9.936829593557460205e-01
1.189500000000000000e+04 4.501563584271612850e-01
1.190000000000000000e+04 4.388869397013476993e-04
1.190500000000000000e+04 4.833995204227150566e-01
1.191000000000000000e+04 9.800347664391917402e-01
1.191500000000000000e+04 5.669985653587960028e-01
1.192000000000000000e+04 1.228262444843565560e-02
1.192500000000000000e+04 3.558050192636585396e-01
1.193000000000000000e+04 9.687784206438997403e-01
1.193500000000000000e+04 6.948249432743306420e-01
1.194000000000000000e+04 5.100773644532424073e-02
1.194500000000000000e+04 2.508097526151502610e-01
1.195000000000000000e+04 9.031672054013902828e-01
1.195500000000000000e+04 7.869645376059990483e-01
1.196000000000000000e+04 1.212868882696449269e-01
1.196500000000000000e+04 1.456215030329204574e-01
1.197000000000000000e+04 8.289662572472454860e-01
1.197500000000000000e+04 8.913784920493861286e-01
1.198000000000000000e+04 2.109741237289203541e-01
1.198500000000000000e+04 7.537855745278154718e-02
1.199000000000000000e+04 7.278709016707121116e-01
1.199500000000000000e+04 9.372735668003842058e-01
1.200000000000000000e+04 3.180216546414081358e-01
1.200500000000000000e+04 2.092220210242945813e-02
1.201000000000000000e+04 6.094489341966176088e-01
1.201500000000000000e+04 9.911380872382455909e-01
1.202000000000000000e+04 4.418411335073411661e-01
1.202500000000000000e+04 9.294736710742894500e-04
1.203000000000000000e+04 4.949917115682867519e-01
1.203500000000000000e+04 9.824252284509686906e-01
1.204000000000000000e+04 5.556448159049396374e-01
1.204500000000000000e+04 9.983184746106987806e-03
1.205000000000000000e+04 3.643129664305783666e-01
1.205500000000000000e+04 9.699072062146459894e-01
1.206000000000000000e+04 6.867431014441662818e-01
1.206500000000000000e+04 4.721931258621150929e-02
1.207000000000000000e+04 2.601081595393315848e-01
1.207500000000000000e+04 9.110137776971803936e-01
1.208000000000000000e+04 7.783771473982409317e-01
1.208500000000000000e+04 1.139301705717596508e-01
1.209000000000000000e+04 1.526152173633826548e-01
1.209500000000000000e+04 8.338620043423076167e-01
1.210000000000000000e+04 8.849808736130380105e-01
1.210500000000000000e+04 2.040707686564665613e-01
1.211000000000000000e+04 8.063524078631832681e-02
1.211500000000000000e+04 7.388733695275595537e-01
1.212000000000000000e+04 9.339211438067017701e-01
1.212500000000000000e+04 3.073828869668169816e-01
1.213000000000000000e+04 2.407499317977592965e-02
1.213500000000000000e+04 6.172897666410627204e-01
1.214000000000000000e+04 9.877374180451851116e-01
1.214500000000000000e+04 4.332523416998462218e-01
1.215000000000000000e+04 1.575966403473085713e-03
1.215500000000000000e+04 5.062728757143325486e-01
1.216000000000000000e+04 9.851496279022209368e-01
1.216500000000000000e+04 5.447122356455710301e-01
1.217000000000000000e+04 7.879802003426332122e-03
1.217500000000000000e+04 3.732329491274636868e-01
1.218000000000000000e+04 9.704836144847858170e-01
1.218500000000000000e+04 6.780110996989153760e-01
1.219000000000000000e+04 4.361962183168303919e-02
1.219500000000000000e+04 2.691514131335722149e-01
1.220000000000000000e+04 9.188491258609060575e-01
1.220500000000000000e+04 7.703344752675266305e-01
1.221000000000000000e+04 1.067685040601943774e-01
1.221500000000000000e+04 1.600424351032435910e-01
1.222000000000000000e+04 8.386630925862010866e-01
1.222500000000000000e+04 8.777398808550987974e-01
1.223000000000000000e+04 1.971564397269571778e-01
1.223500000000000000e+04 8.584848483549535614e-02
1.224000000000000000e+04 7.495559393591303410e-01
1.224500000000000000e+04 9.310331326156786602e-01
1.225000000000000000e+04 2.970752154302753745e-01
1.225500000000000000e+04 2.754475538539499432e-02
1.226000000000000000e+04 6.254302486569689457e-01
1.226500000000000000e+04 9.836038346280774336e-01
1.227000000000000000e+04 4.242985869640309438e-01
1.227500000000000000e+04 2.365288739340213730e-03
1.228000000000000000e+04 5.171290428484782709e-01
1.228500000000000000e+04 9.880416103368990788e-01
1.229000000000000000e+04 5.342769446100558151e-01
1.229500000000000000e+04 6.002295824864824388e-03
1.230000000000000000e+04 3.826298845758357992e-01
1.230500000000000000e+04 9.706998479044560701e-01
1.231000000000000000e+04 6.685963554412531762e-01
1.231500000000000000e+04 4.015989426986367461e-02
1.232000000000000000e+04 2.779038443868898089e-01
1.232500000000000000e+04 9.264691155209303641e-01
1.233000000000000000e+04 7.628268474735037108e-01
1.233500000000000000e+04 9.987256637066327380e-02
1.234000000000000000e+04 1.679060250619088257e-01
1.234500000000000000e+04 8.435574141029897888e-01
1.235000000000000000e+04 8.697243479100180696e-01
1.235500000000000000e+04 1.901543083324154781e-01
1.236000000000000000e+04 9.102302274226026224e-02
1.236500000000000000e+04 7.597528608592474253e-01
1.237000000000000000e+04 9.284911676429351557e-01
1.237500000000000000e+04 2.871797742169228118e-01
1.238000000000000000e+04 3.132348559898100876e-02
1.238500000000000000e+04 6.339889637859518201e-01
1.239000000000000000e+04 9.789030416640073229e-01
1.239500000000000000e+04 4.149213508658290972e-01
1.240000000000000000e+04 3.291467459784255551e-03
1.240500000000000000e+04 5.274787477946232261e-01
1.241000000000000000e+04 9.909052181866254694e-01
1.241500000000000000e+04 5.243733282831469777e-01
1.242000000000000000e+04 4.374219676742002218e-03
1.242500000000000000e+04 3.925352927942591941e-01
1.243000000000000000e+04 9.707626431834844860e-01
1.243500000000000000e+04 6.585145302919729327e-01
1.244000000000000000e+04 3.679893928324298735e-02
1.244500000000000000e+04 2.863597653828198752e-01
1.245000000000000000e+04 9.336722109495674271e-01
1.245500000000000000e+04 7.557939858772680930e-01
1.246000000000000000e+04 9.330004814634519639e-02
1.246500000000000000e+04 1.761844021579582753e-01
1.247000000000000000e+04 8.487154066106029626e-01
1.247500000000000000e+04 8.610520230451921275e-01
1.248000000000000000e+04 1.830075225774394909e-01
1.248500000000000000e+04 9.618102353879365296e-02
1.249000000000000000e+04 7.693280907408585056e-01
1.249500000000000000e+04 9.261357175833409006e-01
1.250000000000000000e+04 2.777490351660719670e-01
1.250500000000000000e+04 3.539091864302535556e-02
1.251000000000000000e+04 6.430477061484577428e-01
1.251500000000000000e+04 9.738305243890374996e-01
1.252000000000000000e+04 4.050991036976214210e-01
1.252500000000000000e+04 4.356990354387430681e-03
1.253000000000000000e+04 5.372794143277161982e-01
1.253500000000000000e+04 9.935306355939259593e-01
1.254000000000000000e+04 5.149923980869166584e-01
1.254500000000000000e+04 3.010552324630802381e-03
1.255000000000000000e+04 4.029441449953992116e-01
1.255500000000000000e+04 9.708762055242732281e-01
1.256000000000000000e+04 6.478282960583798822e-01
1.256500000000000000e+04 3.350666964976178885e-02
1.257000000000000000e+04 2.945440743905249903e-01
1.257500000000000000e+04 9.402758419545202973e-01
1.258000000000000000e+04 7.491301565554500108e-01
1.258500000000000000e+04 8.709186945951413739e-02
1.259000000000000000e+04 1.848322707293939826e-01
1.259500000000000000e+04 8.542756761652829933e-01
1.260000000000000000e+04 8.518804656695808664e-01
1.260500000000000000e+04 1.756832005862594692e-01
1.261000000000000000e+04 1.013610890240937007e-01
1.261500000000000000e+04 7.781860407277055858e-01
1.262000000000000000e+04 9.237789547148709257e-01
1.262500000000000000e+04 2.688040012653143407e-01
1.263000000000000000e+04 3.971516238903621820e-02
1.263500000000000000e+04 6.526444612149719937e-01
1.264000000000000000e+04 9.685957090102277345e-01
1.264500000000000000e+04 3.948485914110508310e-01
1.265000000000000000e+04 5.573301558181122106e-03
1.265500000000000000e+04 5.465304753617427069e-01
1.266000000000000000e+04 9.957112827798855204e-01
1.266500000000000000e+04 5.060834076518794244e-01
1.267000000000000000e+04 1.916492129756470651e-03
1.267500000000000000e+04 4.138146013037372062e-01
1.268000000000000000e+04 9.712252414611114437e-01
1.268500000000000000e+04 6.366424130051323571e-01
1.269000000000000000e+04 3.026632017118494403e-02
1.269500000000000000e+04 3.025105861584856948e-01
1.270000000000000000e+04 9.461310550807251474e-01
1.270500000000000000e+04 7.426929630551689643e-01
1.271000000000000000e+04 8.127002858708853861e-02
1.271500000000000000e+04 1.937831440968118546e-01
1.272000000000000000e+04 8.603335403798919589e-01
1.272500000000000000e+04 8.423944612736635751e-01
1.273000000000000000e+04 1.681743731140124820e-01
1.273500000000000000e+04 1.066160335803145176e-01
1.274000000000000000e+04 7.862787790307412816e-01
1.274500000000000000e+04 9.212201623179641086e-01
1.275000000000000000e+04 2.603338183798183381e-01
1.275500000000000000e+04 4.425445154552283544e-02
1.276000000000000000e+04 6.627701207096867719e-01
1.276500000000000000e+04 9.634047816988884350e-01
1.277000000000000000e+04 3.842231471441443502e-01
1.277500000000000000e+04 6.960244609978382888e-03
1.278000000000000000e+04 5.552732479584431280e-01
1.278500000000000000e+04 9.972606324313567638e-01
1.279000000000000000e+04 4.975586565323054100e-01
1.279500000000000000e+04 1.087460324430010580e-03
1.280000000000000000e+04 4.250705448608501635e-01
1.280500000000000000e+04 9.719598400750638634e-01
1.281000000000000000e+04 6.250953243373832402e-01
1.281500000000000000e+04 2.707521501500420591e-02
1.282000000000000000e+04 3.103384116183907082e-01
1.282500000000000000e+04 9.511341197480035481e-01
1.283000000000000000e+04 7.363152422130966324e-01
1.283500000000000000e+04 7.583715268887573913e-02
1.284000000000000000e+04 2.029534298326286235e-01
1.284500000000000000e+04 8.669334181555310437e-01
1.285000000000000000e+04 8.327909962285257039e-01
1.285500000000000000e+04 1.604997589894791299e-01
1.286000000000000000e+04 1.120094631351908898e-01
1.286500000000000000e+04 7.936093141068171208e-01
1.287000000000000000e+04 9.182622762083257895e-01
1.287500000000000000e+04 2.522977940833358024e-01
1.288000000000000000e+04 4.896001443763473016e-02
1.288500000000000000e+04 6.733689258605241035e-01
1.289000000000000000e+04 9.584438636514643894e-01
1.289500000000000000e+04 3.733080737991268383e-01
1.290000000000000000e+04 8.544359699047838347e-03
1.290500000000000000e+04 5.635877831609744648e-01
1.291000000000000000e+04 9.980271266505836847e-01
1.291500000000000000e+04 4.893012250495434312e-01
1.292000000000000000e+04 5.102869791999341221e-04
1.292500000000000000e+04 4.366065497235110948e-01
1.293000000000000000e+04 9.731835907268366892e-01
1.293500000000000000e+04 6.133478839284740580e-01
1.294000000000000000e+04 2.394405880558148070e-02
1.294500000000000000e+04 3.181265261559632074e-01
1.295000000000000000e+04 9.552341662437352499e-01
1.295500000000000000e+04 7.298190745405183089e-01
1.296000000000000000e+04 7.077763137630230239e-02
1.296500000000000000e+04 2.122479466730323727e-01
1.297000000000000000e+04 8.740655437113936665e-01
1.297500000000000000e+04 8.232632125390720867e-01
1.298000000000000000e+04 1.527014556981381443e-01
1.298500000000000000e+04 1.176111628933245168e-01
1.299000000000000000e+04 8.002309707481645162e-01
1.299500000000000000e+04 9.147279852905136899e-01
1.300000000000000000e+04 2.446297162345654475e-01
1.300500000000000000e+04 5.377995752107225802e-02
1.301000000000000000e+04 6.843423302241098405e-01
1.301500000000000000e+04 9.538642292233111553e-01
1.302000000000000000e+04 3.622134029990994875e-01
1.302500000000000000e+04 1.035608741935744627e-02
1.303000000000000000e+04 5.715871203848390536e-01
1.303500000000000000e+04 9.979058520466768112e-01
1.304000000000000000e+04 4.811751369841021364e-01
1.304500000000000000e+04 1.654133850215536443e-04
1.305000000000000000e+04 4.482948953159247574e-01
1.305500000000000000e+04 9.749458978378477969e-01
1.306000000000000000e+04 6.015701910495263594e-01
1.306500000000000000e+04 2.089489164847803046e-02
1.307000000000000000e+04 3.259867880614516489e-01
1.307500000000000000e+04 9.584365292040375461e-01
1.308000000000000000e+04 7.230306112345378233e-01
1.308500000000000000e+04 6.606020511932433892e-02
1.309000000000000000e+04 2.215666394108419812e-01
1.309500000000000000e+04 8.816668733465888863e-01
1.310000000000000000e+04 8.139849634877414086e-01
1.310500000000000000e+04 1.448407217937602298e-01
1.311000000000000000e+04 1.234914237070877940e-01
1.311500000000000000e+04 8.062432236837955291e-01
1.312000000000000000e+04 9.104738498766514754e-01
1.312500000000000000e+04 2.372441469717273821e-01
1.313000000000000000e+04 5.866393278212029411e-02
1.313500000000000000e+04 6.955558268829361568e-01
1.314000000000000000e+04 9.497708760674568040e-01
1.314500000000000000e+04 3.510646632263652589e-01
1.315000000000000000e+04 1.242612149756546630e-02
1.315500000000000000e+04 5.794092208988065318e-01
1.316000000000000000e+04 9.968461552934655412e-01
1.316500000000000000e+04 4.730369957814573589e-01
1.317000000000000000e+04 2.981797378657015079e-05
1.317500000000000000e+04 4.599943324659460653e-01
1.318000000000000000e+04 9.772388064281858355e-01
1.318500000000000000e+04 5.899278606649858148e-01
1.319000000000000000e+04 1.795800162354792978e-02
1.319500000000000000e+04 3.340355545167353890e-01
1.320000000000000000e+04 9.608018401125046903e-01
1.320500000000000000e+04 7.157943084873942263e-01
1.321000000000000000e+04 6.164171500951882987e-02
1.321500000000000000e+04 2.308122042715753386e-01
1.322000000000000000e+04 8.896258207300159482e-01
1.322500000000000000e+04 8.050974455823691756e-01
1.323000000000000000e+04 1.369922827254722586e-01
1.323500000000000000e+04 1.297146076881302013e-01
1.324000000000000000e+04 8.117844140186029067e-01
1.324500000000000000e+04 9.054012426800717162e-01
1.325000000000000000e+04 2.300441946038247198e-01
1.325500000000000000e+04 6.356816738747753104e-02
1.326000000000000000e+04 7.068482078217098730e-01
1.326500000000000000e+04 9.462152560788118505e-01
1.327000000000000000e+04 3.399925022507384043e-01
1.327500000000000000e+04 1.478133944330336375e-02
1.328000000000000000e+04 5.872070061146724695e-01
1.328500000000000000e+04 9.948548759667770192e-01
1.329000000000000000e+04 4.647480655639091851e-01
1.329500000000000000e+04 8.027678388672042907e-05
1.330000000000000000e+04 4.715601896609180610e-01
1.330500000000000000e+04 9.799981823648271639e-01
1.331000000000000000e+04 5.785690771315364911e-01
1.331500000000000000e+04 1.516819805314854712e-02
1.332000000000000000e+04 3.423842815669139727e-01
1.332500000000000000e+04 9.624412889332868426e-01
1.333000000000000000e+04 7.079852189754098912e-01
1.333500000000000000e+04 5.747165900924926935e-02
1.334000000000000000e+04 2.398981712458671811e-01
1.334500000000000000e+04 8.977902458974873490e-01
1.335000000000000000e+04 7.966990404238017964e-01
1.335500000000000000e+04 1.292377158353210653e-01
1.336000000000000000e+04 1.363325027482614749e-01
1.336500000000000000e+04 8.170217840544300447e-01
1.337000000000000000e+04 8.994633939429307334e-01
1.337500000000000000e+04 2.229300005292872977e-01
1.338000000000000000e+04 6.846031127985317821e-02
1.338500000000000000e+04 7.180428888535878018e-01
1.339000000000000000e+04 9.431923758332412255e-01
1.339500000000000000e+04 3.291222695779613128e-01
1.340000000000000000e+04 1.744088942628655575e-02
1.340500000000000000e+04 5.951367317327440620e-01
1.341000000000000000e+04 9.919953220593700216e-01
1.341500000000000000e+04 4.561855743289691678e-01
1.342000000000000000e+04 2.965214319820168374e-04
1.342500000000000000e+04 4.828553651539699842e-01
1.343000000000000000e+04 9.831088232723553810e-01
1.343500000000000000e+04 5.676136132707441107e-01
1.344000000000000000e+04 1.256093162174050024e-02
1.344500000000000000e+04 3.511296730783495801e-01
1.345000000000000000e+04 9.635084677634827566e-01
1.345500000000000000e+04 6.995183895521140949e-01
1.346000000000000000e+04 5.349709930062297031e-02
1.346500000000000000e+04 2.487567414510465091e-01
1.347000000000000000e+04 9.059782195378083269e-01
1.347500000000000000e+04 7.888389522436924928e-01
1.348000000000000000e+04 1.216586089353052097e-01
1.348500000000000000e+04 1.433782302966488398e-01
1.349000000000000000e+04 8.221392247658453334e-01
1.349500000000000000e+04 8.926683048590995373e-01
1.350000000000000000e+04 2.158071818977026768e-01
1.350500000000000000e+04 7.332343759623202728e-02
1.351000000000000000e+04 7.289607530859031348e-01
1.351500000000000000e+04 9.406420877224166421e-01
1.352000000000000000e+04 3.185644841241965786e-01
1.352500000000000000e+04 2.041303780746949945e-02
1.353000000000000000e+04 6.033454038788963469e-01
1.353500000000000000e+04 9.883823361949433117e-01
1.354000000000000000e+04 4.472523028383026400e-01
1.354500000000000000e+04 6.638811507568928181e-04
1.355000000000000000e+04 4.937615251328495436e-01
1.355500000000000000e+04 9.864129563276204937e-01
1.356000000000000000e+04 5.571446715203698385e-01
1.356500000000000000e+04 1.016873672672747274e-02
1.357000000000000000e+04 3.603442276464204341e-01
1.357500000000000000e+04 9.641882236415029173e-01
1.358000000000000000e+04 6.903548064867200962e-01
1.358500000000000000e+04 4.966745719338208631e-02
1.359000000000000000e+04 2.573455143208531193e-01
1.359500000000000000e+04 9.139910466394673971e-01
1.360000000000000000e+04 7.815147853218861185e-01
1.360500000000000000e+04 1.143301597866875213e-01
1.361000000000000000e+04 1.508615663527420603e-01
1.361500000000000000e+04 8.273232392593418139e-01
1.362000000000000000e+04 8.850776542729178464e-01
1.362500000000000000e+04 2.085944344088542790e-01
1.363000000000000000e+04 7.815860246122488530e-02
1.363500000000000000e+04 7.394339018906134209e-01
1.364000000000000000e+04 9.384541452661473437e-01
1.364500000000000000e+04 3.084070451412814218e-01
1.365000000000000000e+04 2.369329208689692143e-02
1.365500000000000000e+04 6.119579910021590852e-01
1.366000000000000000e+04 9.841738752712696492e-01
1.366500000000000000e+04 4.378837017364072826e-01
1.367000000000000000e+04 1.175093449414093280e-03
1.367500000000000000e+04 5.041894538422223571e-01
1.368000000000000000e+04 9.897216586278385630e-01
1.368500000000000000e+04 5.472038899669658951e-01
1.369000000000000000e+04 8.018359627509989360e-03
1.369500000000000000e+04 3.700683581925394705e-01
1.370000000000000000e+04 9.646830500422441945e-01
1.370500000000000000e+04 6.805036986116892450e-01
1.371000000000000000e+04 4.593874715431345984e-02
1.371500000000000000e+04 2.656522156990325234e-01
1.372000000000000000e+04 9.216280237982068524e-01
1.372500000000000000e+04 7.746738246126860794e-01
1.373000000000000000e+04 1.073157455964009327e-01
1.373500000000000000e+04 1.587664625402330221e-01
1.374000000000000000e+04 8.327479218984314979e-01
1.374500000000000000e+04 8.768020019558255829e-01
1.375000000000000000e+04 2.012296690588065984e-01
1.375500000000000000e+04 8.298554031788817065e-02
1.376000000000000000e+04 7.493193444800946290e-01
1.376500000000000000e+04 9.364765758122518546e-01
1.377000000000000000e+04 2.987096449541963850e-01
1.377500000000000000e+04 2.726408403640341593e-02
1.378000000000000000e+04 6.210656782542167687e-01
1.378500000000000000e+04 9.795595115286959143e-01
1.379000000000000000e+04 4.280522324951381297e-01
1.379500000000000000e+04 1.831120782220443033e-03
1.380000000000000000e+04 5.140874665432429991e-01
1.380500000000000000e+04 9.928286949067143263e-01
1.381000000000000000e+04 5.377895956340367212e-01
1.381500000000000000e+04 6.128806259716056484e-03
1.382000000000000000e+04 3.803051129268987807e-01
1.382500000000000000e+04 9.651975423258788434e-01
1.383000000000000000e+04 6.700213733668259897e-01
1.383500000000000000e+04 4.227695072563972256e-02
1.384000000000000000e+04 2.736966631803217087e-01
1.384500000000000000e+04 9.287020724147726503e-01
1.385000000000000000e+04 7.682177198933173301e-01
1.385500000000000000e+04 1.006628569054906081e-01
1.386000000000000000e+04 1.670511984957435969e-01
1.386500000000000000e+04 8.385600063637986823e-01
1.387000000000000000e+04 8.679926536382130964e-01
1.387500000000000000e+04 1.936743422766359635e-01
1.388000000000000000e+04 8.784136936164485543e-02
1.388500000000000000e+04 7.585113942451899849e-01
1.389000000000000000e+04 9.345269454404754317e-01
1.389500000000000000e+04 2.895005601706839848e-01
1.390000000000000000e+04 3.109601436487725856e-02
1.390500000000000000e+04 6.307165669162315691e-01
1.391000000000000000e+04 9.747463530544810961e-01
1.391500000000000000e+04 4.177687976409503734e-01
1.392000000000000000e+04 2.640973824576253216e-03
1.392500000000000000e+04 5.234467112542672274e-01
1.393000000000000000e+04 9.955261674538482541e-01
1.393500000000000000e+04 5.288580913934597394e-01
1.394000000000000000e+04 4.510354604454073005e-03
1.394500000000000000e+04 3.910184047461943702e-01
1.395000000000000000e+04 9.659219150890073768e-01
1.395500000000000000e+04 6.590067923789466597e-01
1.396000000000000000e+04 3.866030936916135113e-02
1.396500000000000000e+04 2.815296237222762454e-01
1.397000000000000000e+04 9.350551417484338490e-01
1.397500000000000000e+04 7.620101702782636766e-01
1.398000000000000000e+04 9.440049763332689081e-02
1.398500000000000000e+04 1.756512529089073738e-01
1.399000000000000000e+04 8.448655386071403095e-01
1.399500000000000000e+04 8.588305548384214116e-01
1.400000000000000000e+04 1.859157512470728801e-01
1.400500000000000000e+04 9.277748226990269187e-02
1.401000000000000000e+04 7.669513128524825252e-01
1.401500000000000000e+04 9.324060746876049466e-01
1.402000000000000000e+04 2.807758162593659845e-01
1.402500000000000000e+04 3.515040435344500558e-02
1.403000000000000000e+04 6.409100488380404803e-01
1.403500000000000000e+04 9.699430694365046568e-01
1.404000000000000000e+04 4.070814233495605450e-01
1.404500000000000000e+04 3.620674345581918491e-03
1.405000000000000000e+04 5.323025756395173280e-01
1.405500000000000000e+04 9.976210346813639829e-01
1.406000000000000000e+04 5.203277301732609494e-01
1.406500000000000000e+04 3.164452741777419326e-03
1.407000000000000000e+04 4.021351104434066626e-01
1.407500000000000000e+04 9.670159072695548863e-01
1.408000000000000000e+04 6.475941754952732055e-01
1.408500000000000000e+04 3.508046446919493161e-02
1.409000000000000000e+04 2.892286131149740536e-01
1.409500000000000000e+04 9.405718501304233259e-01
1.410000000000000000e+04 7.558873478100515131e-01
1.410500000000000000e+04 8.853810233007634867e-02
1.411000000000000000e+04 1.844844516075602181e-01
1.411500000000000000e+04 8.517196743245011303e-01
1.412000000000000000e+04 8.495127108263013094e-01
1.412500000000000000e+04 1.779673503175929206e-01
1.413000000000000000e+04 9.785507752801925196e-02
1.413500000000000000e+04 7.746329868747316993e-01
1.414000000000000000e+04 9.299135371680318229e-01
1.414500000000000000e+04 2.725005521609493719e-01
1.415000000000000000e+04 3.938272374229634387e-02
1.415500000000000000e+04 6.515957624771717693e-01
1.416000000000000000e+04 9.653430910903543216e-01
1.416500000000000000e+04 3.960713448513650814e-01
1.417000000000000000e+04 4.791556048462399658e-03
1.417500000000000000e+04 5.407318926293241956e-01
1.418000000000000000e+04 9.989511930275407625e-01
1.418500000000000000e+04 5.120855568104435429e-01
1.419000000000000000e+04 2.084358906015416034e-03
1.419500000000000000e+04 4.135507639140615921e-01
1.420000000000000000e+04 9.685946824325639692e-01
1.420500000000000000e+04 6.359429878340080444e-01
1.421000000000000000e+04 3.154247122526816771e-02
1.421500000000000000e+04 2.968912184196690895e-01
1.422000000000000000e+04 9.451898316285313184e-01
1.422500000000000000e+04 7.496705798099843054e-01
1.423000000000000000e+04 8.306584259051898178e-02
1.423500000000000000e+04 1.934577178326462310e-01
1.424000000000000000e+04 8.591210271050677694e-01
1.424500000000000000e+04 8.402368699836737509e-01
1.425000000000000000e+04 1.698671411911291118e-01
1.425500000000000000e+04 1.031398692569152620e-01
1.426000000000000000e+04 7.816037387130423397e-01
1.426500000000000000e+04 9.268639393671743720e-01
1.427000000000000000e+04 2.646124681007411827e-01
1.427500000000000000e+04 4.374643199536829702e-02
1.428000000000000000e+04 6.626773392438733978e-01
1.428500000000000000e+04 9.611084343502864780e-01
1.429000000000000000e+04 3.848467036253155893e-01
1.429500000000000000e+04 6.178104516309184877e-03
1.430000000000000000e+04 5.488462548905672644e-01
1.430500000000000000e+04 9.993994957231961962e-01
1.431000000000000000e+04 5.039962959823571786e-01
1.431500000000000000e+04 1.256373933951652208e-03
1.432000000000000000e+04 4.251381004908048600e-01
1.432500000000000000e+04 9.707184211728794310e-01
1.433000000000000000e+04 6.242257494212624103e-01
1.433500000000000000e+04 2.806372767118141265e-02
1.434000000000000000e+04 3.046267709090074161e-01
1.434500000000000000e+04 9.489054248180434081e-01
1.435000000000000000e+04 7.431806837940079236e-01
1.435500000000000000e+04 7.795627863403044311e-02
1.436000000000000000e+04 2.024745379208770790e-01
1.436500000000000000e+04 8.670112925872498488e-01
1.437000000000000000e+04 8.311855908101587476e-01
1.437500000000000000e+04 1.616743056790878041e-01
1.438000000000000000e+04 1.086965472911608499e-01
1.438500000000000000e+04 7.879602031242520788e-01
1.439000000000000000e+04 9.231025844396628655e-01
1.439500000000000000e+04 2.570271938740253392e-01
1.440000000000000000e+04 4.819685744038072761e-02
1.440500000000000000e+04 6.740203598434074683e-01
1.441000000000000000e+04 9.573558333178630031e-01
1.441500000000000000e+04 3.735342014486036089e-01
1.442000000000000000e+04 7.805500737949375156e-03
1.442500000000000000e+04 5.567823845598743882e-01
1.443000000000000000e+04 9.989040892761806845e-01
1.443500000000000000e+04 4.959132351162885421e-01
1.444000000000000000e+04 6.615617585845695809e-04
1.444500000000000000e+04 4.367573338757320678e-01
1.445000000000000000e+04 9.733869201558109641e-01
1.445500000000000000e+04 6.126144554675566622e-01
1.446000000000000000e+04 2.467193733273066042e-02
1.446500000000000000e+04 3.125472607602694519e-01
1.447000000000000000e+04 9.517739384947141446e-01
1.447500000000000000e+04 7.362528744207889053e-01
1.448000000000000000e+04 7.316723863517374249e-02
1.448500000000000000e+04 2.114424473282118522e-01
1.449000000000000000e+04 8.752802358294776708e-01
1.449500000000000000e+04 8.225111516475436257e-01
1.450000000000000000e+04 1.534642336173207833e-01
1.450500000000000000e+04 1.145833743290630424e-01
1.451000000000000000e+04 7.938397456021442089e-01
1.451500000000000000e+04 9.185188794937655388e-01
1.452000000000000000e+04 2.496454010044245053e-01
1.452500000000000000e+04 5.269485499016287461e-02
1.453000000000000000e+04 6.854635148333906303e-01
1.453500000000000000e+04 9.541468240735346829e-01
1.454000000000000000e+04 3.622690949522073822e-01
1.454500000000000000e+04 9.696992762143176459e-03
1.455000000000000000e+04 5.646906108982386874e-01
1.455500000000000000e+04 9.974637468539129248e-01
1.456000000000000000e+04 4.876904412564020963e-01
1.456500000000000000e+04 2.778935865995741761e-04
1.457000000000000000e+04 4.482670461954265106e-01
1.457500000000000000e+04 9.765398618135018305e-01
1.458000000000000000e+04 6.012666602391416593e-01
1.458500000000000000e+04 2.140220547911978952e-02
1.459000000000000000e+04 3.207583412862746175e-01
1.459500000000000000e+04 9.539045178557802318e-01
1.460000000000000000e+04 7.287508899507668669e-01
1.460500000000000000e+04 6.864585271897341578e-02
1.461000000000000000e+04 2.202799400211690461e-01
1.461500000000000000e+04 8.837752235779291476e-01
1.462000000000000000e+04 8.143229274251188032e-01
1.462500000000000000e+04 1.453222400782493151e-01
1.463000000000000000e+04 1.208472350663390427e-01
1.463500000000000000e+04 7.994085996218529555e-01
1.464000000000000000e+04 9.130559153909767467e-01
1.464500000000000000e+04 2.423613017798808000e-01
1.465000000000000000e+04 5.721011508432239517e-02
1.465500000000000000e+04 6.968315304043574132e-01
1.466000000000000000e+04 9.514829659850434496e-01
1.466500000000000000e+04 3.511843049532399341e-01
1.467000000000000000e+04 1.187121889415558573e-02
1.467500000000000000e+04 5.727227159244842047e-01
1.468000000000000000e+04 9.951375782224941569e-01
1.468500000000000000e+04 4.791952456593003840e-01
1.469000000000000000e+04 8.274743713012411631e-05
1.469500000000000000e+04 4.595347263283683925e-01
1.470000000000000000e+04 9.800625745611455386e-01
1.470500000000000000e+04 5.903126145486041754e-01
1.471000000000000000e+04 1.829347933885709307e-02
1.471500000000000000e+04 3.293509529882667208e-01
1.472000000000000000e+04 9.554503399932097185e-01
1.472500000000000000e+04 7.205788001730366599e-01
1.473000000000000000e+04 6.433354435895559387e-02
1.473500000000000000e+04 2.289225135910930020e-01
1.474000000000000000e+04 8.923140324221504605e-01
1.474500000000000000e+04 8.066786920884558842e-01
1.475000000000000000e+04 1.373363953121308212e-01
1.475500000000000000e+04 1.275193278353726201e-01
1.476000000000000000e+04 8.048481309734701883e-01
1.476500000000000000e+04 9.067150474518519410e-01
1.477000000000000000e+04 2.350718762131266959e-01
1.477500000000000000e+04 6.172403751941349381e-02
1.478000000000000000e+04 7.079485933362081873e-01
1.478500000000000000e+04 9.493066788968665959e-01
1.479000000000000000e+04 3.403995668611584646e-01
1.479500000000000000e+04 1.433964903971297888e-02
1.480000000000000000e+04 5.810200876201448983e-01
1.480500000000000000e+04 9.920392878341973697e-01
1.481000000000000000e+04 4.703197651908057053e-01
1.481500000000000000e+04 5.563418039370500201e-05
1.482000000000000000e+04 4.704463483597792206e-01
1.482500000000000000e+04 9.837963599360088907e-01
1.483000000000000000e+04 5.798448436137954021e-01
1.483500000000000000e+04 1.538460139105769092e-02
1.484000000000000000e+04 3.383940083687999589e-01
1.484500000000000000e+04 9.565954861189367442e-01
1.485000000000000000e+04 7.116890761046799074e-01
1.485500000000000000e+04 6.017160930770792254e-02
1.486000000000000000e+04 2.373276507449072759e-01
1.486500000000000000e+04 9.006994111334533093e-01
1.487000000000000000e+04 7.995808315986338011e-01
1.487500000000000000e+04 1.295900898439466542e-01
1.488000000000000000e+04 1.346116785997176768e-01
1.488500000000000000e+04 8.103404500661686161e-01
1.489000000000000000e+04 8.995550446220488272e-01
1.489500000000000000e+04 2.276860285866980915e-01
1.490000000000000000e+04 6.623202851575238359e-02
1.490500000000000000e+04 7.186512301122686130e-01
1.491000000000000000e+04 9.475073497360932961e-01
1.491500000000000000e+04 3.300118001667879941e-01
1.492000000000000000e+04 1.710439000390281267e-02
1.492500000000000000e+04 5.897028343738323075e-01
1.493000000000000000e+04 9.883268778437523938e-01
1.493500000000000000e+04 4.609901702501466580e-01
1.494000000000000000e+04 1.809120535264483343e-04
1.494500000000000000e+04 4.809145757364161056e-01
1.495000000000000000e+04 9.875519672490115086e-01
1.495500000000000000e+04 5.699113729188691746e-01
1.496000000000000000e+04 1.271038089467801079e-02
1.496500000000000000e+04 3.479283880997004474e-01
1.497000000000000000e+04 9.575399433267244298e-01
1.497500000000000000e+04 7.020860293947537301e-01
1.498000000000000000e+04 5.610685386235386707e-02
1.498500000000000000e+04 2.454785740096897262e-01
1.499000000000000000e+04 9.087340472848548512e-01
1.499500000000000000e+04 7.929777111087848995e-01
1.500000000000000000e+04 1.221550946762094969e-01
1.500500000000000000e+04 1.421147666620004024e-01
1.501000000000000000e+04 8.160545431586765375e-01
1.501500000000000000e+04 8.916861314461497212e-01
1.502000000000000000e+04 2.201325686328394760e-01
1.502500000000000000e+04 7.074501621484495517e-02
1.503000000000000000e+04 7.287999712303123712e-01
1.503500000000000000e+04 9.459316829409002425e-01
1.504000000000000000e+04 3.200877174345984622e-01
1.504500000000000000e+04 2.015667076348063441e-02
1.505000000000000000e+04 5.988604360055648224e-01
1.505500000000000000e+04 9.841892082411863862e-01
1.506000000000000000e+04 4.511725673726859065e-01
1.506500000000000000e+04 4.501406945108706579e-04
1.507000000000000000e+04 4.908853965628497407e-01
1.507500000000000000e+04 9.911247162533382005e-01
1.508000000000000000e+04 5.605132541908777188e-01
1.508500000000000000e+04 1.029815048963962122e-02
1.509000000000000000e+04 3.579625690173726116e-01
1.509500000000000000e+04 9.584840978210730222e-01
1.510000000000000000e+04 6.918243876629432965e-01
1.510500000000000000e+04 5.209662558073495375e-02
1.511000000000000000e+04 2.533865144265969871e-01
1.511500000000000000e+04 9.162349179285118606e-01
1.512000000000000000e+04 7.867697182358326380e-01
1.512500000000000000e+04 1.150859114621479440e-01
1.513000000000000000e+04 1.499965818942140816e-01
1.513500000000000000e+04 8.221335815618362464e-01
1.514000000000000000e+04 8.832599229805356833e-01
1.514500000000000000e+04 2.123661307788030361e-01
1.515000000000000000e+04 7.528986144957008908e-02
1.515500000000000000e+04 7.382893876020710788e-01
1.516000000000000000e+04 9.443968862987354163e-01
1.516500000000000000e+04 3.106595358122623551e-01
1.517000000000000000e+04 2.347634569824763595e-02
1.517500000000000000e+04 6.085441855252206045e-01
1.518000000000000000e+04 9.798308498823087298e-01
1.518500000000000000e+04 4.408749385829885958e-01
1.519000000000000000e+04 8.636682966831251687e-04
1.519500000000000000e+04 5.003427763437335862e-01
1.520000000000000000e+04 9.943099601796699938e-01
1.520500000000000000e+04 5.516064334596302299e-01
1.521000000000000000e+04 8.165273641705557417e-03
1.521500000000000000e+04 3.684703124194956270e-01
1.522000000000000000e+04 9.596137891140961163e-01
1.522500000000000000e+04 6.810034845568148087e-01
1.523000000000000000e+04 4.811258040701213434e-02
1.523500000000000000e+04 2.610911363803242735e-01
1.524000000000000000e+04 9.230463441470182495e-01
1.524500000000000000e+04 7.808189503233152751e-01
1.525000000000000000e+04 1.084160548459393164e-01
1.525500000000000000e+04 1.582034812085664766e-01
1.526000000000000000e+04 8.286839868973108203e-01
1.526500000000000000e+04 8.744566034164681367e-01
1.527000000000000000e+04 2.043703310399963002e-01
1.527500000000000000e+04 7.990835099392543106e-02
1.528000000000000000e+04 7.470561033592570954e-01
1.528500000000000000e+04 9.427053055662042436e-01
1.529000000000000000e+04 3.017240893033865667e-01
1.529500000000000000e+04 2.703268170646281124e-02
1.530000000000000000e+04 6.187620017908781467e-01
1.530500000000000000e+04 9.754565575295629509e-01
1.531000000000000000e+04 4.301451326390444141e-01
1.531500000000000000e+04 1.431090106856819279e-03
1.532000000000000000e+04 5.093110267858576012e-01
1.532500000000000000e+04 9.969179487268584605e-01
1.533000000000000000e+04 5.431073912841313245e-01
1.533500000000000000e+04 6.317965204016972626e-03
1.534000000000000000e+04 3.793908025425190012e-01
1.534500000000000000e+04 9.610866271969391583e-01
1.535000000000000000e+04 6.697580637931688230e-01
1.535500000000000000e+04 4.414267618352207823e-02
1.536000000000000000e+04 2.686587347129380521e-01
1.536500000000000000e+04 9.290513057066253078e-01
1.537000000000000000e+04 7.749612314936148438e-01
1.537500000000000000e+04 1.021566288317508481e-01
1.538000000000000000e+04 1.666630782889509665e-01
1.538500000000000000e+04 8.357667134824026123e-01
1.539000000000000000e+04 8.654707162068578929e-01
1.539500000000000000e+04 1.961579053053564836e-01
1.540000000000000000e+04 8.465456885400896025e-02
1.540500000000000000e+04 7.550843336587232946e-01
1.541000000000000000e+04 9.406593345200290335e-01
1.541500000000000000e+04 2.932451585617678047e-01
1.542000000000000000e+04 3.078652429105179292e-02
1.542500000000000000e+04 6.294760702364318172e-01
1.543000000000000000e+04 9.712562958251849121e-01
1.543500000000000000e+04 4.190654883301365152e-01
1.544000000000000000e+04 2.170372930405798251e-03
1.544500000000000000e+04 5.178542860153360072e-01
1.545000000000000000e+04 9.987874673524913538e-01
1.545500000000000000e+04 5.349015668051967376e-01
1.546000000000000000e+04 4.751564151268886094e-03
1.546500000000000000e+04 3.906316722515723039e-01
1.547000000000000000e+04 9.630201843848557042e-01
1.547500000000000000e+04 6.582469249198344974e-01
1.548000000000000000e+04 4.019121696282550171e-02
1.548500000000000000e+04 2.761779760237821901e-01
1.549000000000000000e+04 9.341804873305530332e-01
1.549500000000000000e+04 7.690193061696735111e-01
1.550000000000000000e+04 9.629717855456131070e-02
1.550500000000000000e+04 1.752891864177380243e-01
1.551000000000000000e+04 8.433914014389815028e-01
1.551500000000000000e+04 8.564966775389152298e-01
1.552000000000000000e+04 1.877681332254811375e-01
1.552500000000000000e+04 8.959066238219590139e-02
1.553000000000000000e+04 7.624083430832915287e-01
1.553500000000000000e+04 9.380758134007194382e-01
1.554000000000000000e+04 2.851584402170197485e-01
1.554500000000000000e+04 3.469371527743719819e-02
1.555000000000000000e+04 6.406039394927784958e-01
1.555500000000000000e+04 9.673915208116788955e-01
1.556000000000000000e+04 4.077450425973944692e-01
1.556500000000000000e+04 3.105680246664075436e-03
1.557000000000000000e+04 5.260727243194388558e-01
1.557500000000000000e+04 9.997977155322648191e-01
1.558000000000000000e+04 5.268535137676694236e-01
1.558500000000000000e+04 3.452158005981645177e-03
1.559000000000000000e+04 4.020750322102719654e-01
1.559500000000000000e+04 9.654826238569343966e-01
1.560000000000000000e+04 6.466405851108877334e-01
1.560500000000000000e+04 3.627707486322442887e-02
1.561000000000000000e+04 2.837531922627906655e-01
1.561500000000000000e+04 9.384184278979190719e-01
1.562000000000000000e+04 7.628162218310076126e-01
1.562500000000000000e+04 9.080845155002473246e-02
1.563000000000000000e+04 1.839885135334780319e-01
1.563500000000000000e+04 8.515140288031716187e-01
1.564000000000000000e+04 8.477148427275417175e-01
1.564500000000000000e+04 1.792621122995153027e-01
1.565000000000000000e+04 9.478129897948414651e-02
1.565500000000000000e+04 7.691111437595794520e-01
1.566000000000000000e+04 9.347993256274902407e-01
1.566500000000000000e+04 2.773782810348358607e-01
1.567000000000000000e+04 3.870938819107139217e-02
1.567500000000000000e+04 6.520233862841849914e-01
1.568000000000000000e+04 9.639832861788226737e-01
1.568500000000000000e+04 3.963103087060184104e-01
1.569000000000000000e+04 4.264183358928844494e-03
1.569500000000000000e+04 5.340953532708184737e-01
1.570000000000000000e+04 9.998778565369220717e-01
1.570500000000000000e+04 5.188178123614198833e-01
1.571000000000000000e+04 2.399224897935974855e-03
1.571500000000000000e+04 4.135861702306003473e-01
1.572000000000000000e+04 9.684864899190660514e-01
1.572500000000000000e+04 6.351088080153062254e-01
1.573000000000000000e+04 3.243052363225335660e-02
1.573500000000000000e+04 2.914957348825176764e-01
1.574000000000000000e+04 9.418060425007988012e-01
1.574500000000000000e+04 7.561882800624293299e-01
1.575000000000000000e+04 8.564653138355805828e-02
1.575500000000000000e+04 1.926684394062969929e-01
1.576000000000000000e+04 8.600387121864218054e-01
1.576500000000000000e+04 8.392787021959218219e-01
1.577000000000000000e+04 1.707166951435816760e-01
1.577500000000000000e+04 1.002874067629787869e-01
1.578000000000000000e+04 7.753190955559031705e-01
1.578500000000000000e+04 9.307138567469919188e-01
1.579000000000000000e+04 2.698054365454016779e-01
1.579500000000000000e+04 4.279260700315268978e-02
1.580000000000000000e+04 6.635810454953418036e-01
1.580500000000000000e+04 9.611028307161583184e-01
1.581000000000000000e+04 3.848955325723210086e-01
1.581500000000000000e+04 5.672339622313313061e-03
1.582000000000000000e+04 5.420697706583329500e-01
1.582500000000000000e+04 9.990134358211921750e-01
1.583000000000000000e+04 5.106500752218742223e-01
1.583500000000000000e+04 1.568826880850412737e-03
1.584000000000000000e+04 4.250242893582028003e-01
1.584500000000000000e+04 9.719864392932878738e-01
1.585000000000000000e+04 6.238086685938755149e-01
1.585500000000000000e+04 2.868929402900831718e-02
1.586000000000000000e+04 2.995141303314295400e-01
1.586500000000000000e+04 9.444387341525307678e-01
1.587000000000000000e+04 7.489970600704197734e-01
1.587500000000000000e+04 8.075767397058444819e-02
1.588000000000000000e+04 2.012450863905904108e-01
1.588500000000000000e+04 8.688240056271585576e-01
1.589000000000000000e+04 8.313037646163626837e-01
1.589500000000000000e+04 1.622178653298982920e-01
1.590000000000000000e+04 1.061598974210299501e-01
1.590500000000000000e+04 7.811923154013947768e-01
1.591000000000000000e+04 9.257521605325432779e-01
1.591500000000000000e+04 2.623351151178415219e-01
1.592000000000000000e+04 4.691076886621189240e-02
1.592500000000000000e+04 6.751042765354027253e-01
1.593000000000000000e+04 9.587654200688983108e-01
1.593500000000000000e+04 3.736330483364148081e-01
1.594000000000000000e+04 7.352198184014085980e-03
1.594500000000000000e+04 5.501496929318183682e-01
1.595000000000000000e+04 9.972487913803117499e-01
1.595500000000000000e+04 5.022175902639779421e-01
1.596000000000000000e+04 9.368667574973139640e-04
1.596500000000000000e+04 4.362541185603230898e-01
1.597000000000000000e+04 9.758815707164485431e-01
1.597500000000000000e+04 6.128735844159676205e-01
1.598000000000000000e+04 2.509443796544739633e-02
1.598500000000000000e+04 3.079041481926944046e-01
1.599000000000000000e+04 9.464597646949618470e-01
1.599500000000000000e+04 7.411399848239392796e-01
1.600000000000000000e+04 7.608334685661312380e-02
1.600500000000000000e+04 2.096507496571518858e-01
1.601000000000000000e+04 8.776935010164850226e-01
1.601500000000000000e+04 8.238587690968931510e-01
1.602000000000000000e+04 1.538541036708968301e-01
1.602500000000000000e+04 1.124341372087465374e-01
1.603000000000000000e+04 7.869116198585337507e-01
1.603500000000000000e+04 9.199019470269663712e-01
1.604000000000000000e+04 2.548649649986527987e-01
1.604500000000000000e+04 5.104323187613834384e-02
1.605000000000000000e+04 6.864151067421074837e-01
1.605500000000000000e+04 9.569282757086041702e-01
1.606000000000000000e+04 3.626441413468287633e-01
1.606500000000000000e+04 9.318252080744347798e-03
1.607000000000000000e+04 5.584815434459518002e-01
1.607500000000000000e+04 9.946847448800381075e-01
1.608000000000000000e+04 4.934091523225226372e-01
1.608500000000000000e+04 4.820048744423111107e-04
1.609000000000000000e+04 4.471572223850829308e-01
1.609500000000000000e+04 9.800226324698280145e-01
1.610000000000000000e+04 6.024038008551979573e-01
1.610500000000000000e+04 2.168648526304375185e-02
1.611000000000000000e+04 3.167398258449437565e-01
1.611500000000000000e+04 9.480490236868368559e-01
1.612000000000000000e+04 7.325587478737830560e-01
1.612500000000000000e+04 7.156510399581118842e-02
1.613000000000000000e+04 2.178399152978033049e-01
1.613500000000000000e+04 8.864498872525496953e-01
1.614000000000000000e+04 8.169600499351402645e-01
1.614500000000000000e+04 1.457101143431384083e-01
1.615000000000000000e+04 1.191257835900115664e-01
1.615500000000000000e+04 7.926631982099158202e-01
1.616000000000000000e+04 9.132080020324618852e-01
1.616500000000000000e+04 2.473026181263759948e-01
1.617000000000000000e+04 5.518381447961289571e-02
1.617500000000000000e+04 6.973448863218031368e-01
1.618000000000000000e+04 9.554932269170259840e-01
1.618500000000000000e+04 3.520307248616968976e-01
1.619000000000000000e+04 1.157522162037950657e-02
1.619500000000000000e+04 5.671915489389061094e-01
1.620000000000000000e+04 9.914712251587938230e-01
1.620500000000000000e+04 4.841436794985954917e-01
1.621000000000000000e+04 1.879701658088212403e-04
1.621500000000000000e+04 4.576418139516146844e-01
1.622000000000000000e+04 9.842237594102978271e-01
1.622500000000000000e+04 5.924589451238716498e-01
1.623000000000000000e+04 1.850217637860137113e-02
1.623500000000000000e+04 3.260663994579933722e-01
1.624000000000000000e+04 9.494081397170611725e-01
1.624500000000000000e+04 7.232447155899768276e-01
1.625000000000000000e+04 6.714906595662188671e-02
1.625500000000000000e+04 2.257933911950878447e-01
1.626000000000000000e+04 8.948911706090502127e-01
1.626500000000000000e+04 8.105698128616589671e-01
1.627000000000000000e+04 1.378611137421659194e-01
1.627500000000000000e+04 1.262283747605590645e-01
1.628000000000000000e+04 7.986226083686085442e-01
1.628500000000000000e+04 9.057695408851182961e-01
1.629000000000000000e+04 2.395725967161147218e-01
1.629500000000000000e+04 5.934195092884583106e-02
1.630000000000000000e+04 7.077480759026014701e-01
1.630500000000000000e+04 9.543142810231673989e-01
1.631000000000000000e+04 3.418682206595226591e-01
1.631500000000000000e+04 1.411697925370936600e-02
1.632000000000000000e+04 5.763746441781713026e-01
1.632500000000000000e+04 9.877952182944924608e-01
1.633000000000000000e+04 4.743769226965010577e-01
1.633500000000000000e+04 4.513652757739254232e-05
1.634000000000000000e+04 4.676502051260253423e-01
1.634500000000000000e+04 9.882777486602707384e-01
1.635000000000000000e+04 5.830533837887453830e-01
1.635500000000000000e+04 1.557189323246857375e-02
1.636000000000000000e+04 3.358957291226881692e-01
1.636500000000000000e+04 9.507434017643792146e-01
1.637000000000000000e+04 7.132404837676057374e-01
1.637500000000000000e+04 6.278988942118818306e-02
1.638000000000000000e+04 2.335201995253406160e-01
1.638500000000000000e+04 9.028272695179618834e-01
1.639000000000000000e+04 8.045989607496000229e-01
1.639500000000000000e+04 1.303678459822820157e-01
1.640000000000000000e+04 1.337128605575186591e-01
1.640500000000000000e+04 8.049397836072411661e-01
1.641000000000000000e+04 8.977326118534522115e-01
1.641500000000000000e+04 2.316221713188042208e-01
1.642000000000000000e+04 6.354245014714063333e-02
1.642500000000000000e+04 7.175138797344711161e-01
1.643000000000000000e+04 9.532096504653712055e-01
1.643500000000000000e+04 3.322001262760014284e-01
1.644000000000000000e+04 1.692665954547738216e-02
1.644500000000000000e+04 5.860862097036646512e-01
1.645000000000000000e+04 9.838651183833297953e-01
1.645500000000000000e+04 4.641055262470623055e-01
1.646000000000000000e+04 5.133443896435598724e-05
1.646500000000000000e+04 4.771633862196659748e-01
1.647000000000000000e+04 9.919733159826169544e-01
1.647500000000000000e+04 5.741551019178524617e-01
1.648000000000000000e+04 1.291779506705466318e-02
1.648500000000000000e+04 3.462044908024014545e-01
1.649000000000000000e+04 9.522482996259655774e-01
1.649500000000000000e+04 7.026370153624991177e-01
1.650000000000000000e+04 5.845409753370122558e-02
1.650500000000000000e+04 2.410572880852660249e-01
1.651000000000000000e+04 9.100954004981401946e-01
1.651500000000000000e+04 7.989144878629947932e-01
1.652000000000000000e+04 1.232725120774245398e-01
1.652500000000000000e+04 1.415290859904595189e-01
1.653000000000000000e+04 8.117265593225259090e-01
1.653500000000000000e+04 8.892780562053286264e-01
1.654000000000000000e+04 2.234256607858000898e-01
1.654500000000000000e+04 6.782391046427115044e-02
1.655000000000000000e+04 7.265747833666404976e-01
1.655500000000000000e+04 9.519771269924186541e-01
1.656000000000000000e+04 3.230348787163659363e-01
1.656500000000000000e+04 1.997787464852818218e-02
1.657000000000000000e+04 5.963371661016979575e-01
1.657500000000000000e+04 9.798931271268211951e-01
1.658000000000000000e+04 4.533677663199937036e-01
1.658500000000000000e+04 2.119173086638214418e-04
1.659000000000000000e+04 4.862025810571640183e-01
1.659500000000000000e+04 9.951125272570828795e-01
1.660000000000000000e+04 5.656885335096145662e-01
1.660500000000000000e+04 1.055263434943158433e-02
1.661000000000000000e+04 3.569351922753946083e-01
1.661500000000000000e+04 9.540875461931828116e-01
1.662000000000000000e+04 6.915662908671355025e-01
1.662500000000000000e+04 5.412254364710424037e-02
1.663000000000000000e+04 2.484670512289139377e-01
1.663500000000000000e+04 9.165727877664292533e-01
1.664000000000000000e+04 7.933509821087905145e-01
1.664500000000000000e+04 1.165959761427960845e-01
1.665000000000000000e+04 1.496090509648000111e-01
1.665500000000000000e+04 8.190476158148589647e-01
1.666000000000000000e+04 8.806062173165186691e-01
1.666500000000000000e+04 2.149866604512936930e-01
1.667000000000000000e+04 7.223588739782113577e-02
1.667500000000000000e+04 7.349115561908732275e-01
1.668000000000000000e+04 9.504111810214839196e-01
1.668500000000000000e+04 3.143455462032248016e-01
1.669000000000000000e+04 2.323686715755866536e-02
1.669500000000000000e+04 6.070926216416171473e-01
1.670000000000000000e+04 9.760776117400893348e-01
1.670500000000000000e+04 4.422405542334729156e-01
1.671000000000000000e+04 5.391163295525785515e-04
1.671500000000000000e+04 4.948278083310579389e-01
1.672000000000000000e+04 9.975266985800274044e-01
1.672500000000000000e+04 5.575413712445201897e-01
1.673000000000000000e+04 8.479274997143151221e-03
1.673500000000000000e+04 3.679997953560650847e-01
1.674000000000000000e+04 9.563839527891764281e-01
1.674500000000000000e+04 6.801901230906710616e-01
1.675000000000000000e+04 4.979178371256976626e-02
1.675500000000000000e+04 2.558328814478840196e-01
1.676000000000000000e+04 9.221858747353222086e-01
1.676500000000000000e+04 7.877250085079224862e-01
1.677000000000000000e+04 1.103365616658457116e-01
1.677500000000000000e+04 1.578717605571028915e-01
1.678000000000000000e+04 8.269154028577010429e-01
1.678500000000000000e+04 8.719200927594711326e-01
1.679000000000000000e+04 2.063377261141996766e-01
1.679500000000000000e+04 7.683497369314035152e-02
1.680000000000000000e+04 7.425545721960979950e-01
1.680500000000000000e+04 9.483199961125095001e-01
1.681000000000000000e+04 3.060726372864034928e-01
1.681500000000000000e+04 2.666538539952286249e-02
1.682000000000000000e+04 6.182739904540626164e-01
1.682500000000000000e+04 9.725871949380821002e-01
1.683000000000000000e+04 4.308328019078127569e-01
1.683500000000000000e+04 1.050723415205744070e-03
1.684000000000000000e+04 5.031335799818726917e-01
1.684500000000000000e+04 9.990894007219248696e-01
1.685000000000000000e+04 5.495747673296981217e-01
1.685500000000000000e+04 6.690956322276408325e-03
1.686000000000000000e+04 3.792857498877804656e-01
1.686500000000000000e+04 9.592091427266300485e-01
1.687000000000000000e+04 6.686862991500615028e-01
1.687500000000000000e+04 4.547406845530520964e-02
1.688000000000000000e+04 2.632529206255668219e-01
1.688500000000000000e+04 9.269155468016573307e-01
1.689000000000000000e+04 7.818509022991185775e-01
1.689500000000000000e+04 1.044707975888496260e-01
1.690000000000000000e+04 1.662292896807321674e-01
1.690500000000000000e+04 8.352890661664590377e-01
1.691000000000000000e+04 8.634087321289192207e-01
1.691500000000000000e+04 1.975373511572530161e-01
1.692000000000000000e+04 8.168005922404034114e-02
1.692500000000000000e+04 7.495815798967746524e-01
1.693000000000000000e+04 9.455408251233526906e-01
1.693500000000000000e+04 2.981299401100371282e-01
1.694000000000000000e+04 3.022403658222774098e-02
1.694500000000000000e+04 6.297642674940284735e-01
1.695000000000000000e+04 9.695478915588807700e-01
1.695500000000000000e+04 4.192758474431850790e-01
1.696000000000000000e+04 1.768165756969035558e-03
1.696500000000000000e+04 5.112420381311446604e-01
1.697000000000000000e+04 9.997257735434540438e-01
1.697500000000000000e+04 5.416358018798751450e-01
1.698000000000000000e+04 5.172377433563340315e-03
1.698500000000000000e+04 3.906640413782310195e-01
1.699000000000000000e+04 9.625784428716006591e-01
1.699500000000000000e+04 6.572336696468014106e-01
1.700000000000000000e+04 4.119585181006283486e-02
1.700500000000000000e+04 2.708323468246665588e-01
1.701000000000000000e+04 9.307983389264329332e-01
1.701500000000000000e+04 7.755562369599448003e-01
1.702000000000000000e+04 9.895615534417860626e-02
1.702500000000000000e+04 1.745936806324234203e-01
1.703000000000000000e+04 8.440772734063138882e-01
1.703500000000000000e+04 8.552325057259545504e-01
1.704000000000000000e+04 1.886644629096288217e-01
1.704500000000000000e+04 8.682707576908484104e-02
1.705000000000000000e+04 7.561120385906668906e-01
1.705500000000000000e+04 9.419524221271794451e-01
1.706000000000000000e+04 2.904128049190484728e-01
1.706500000000000000e+04 3.387584615460675214e-02
1.707000000000000000e+04 6.414162622614203446e-01
1.707500000000000000e+04 9.670341224513856471e-01
1.708000000000000000e+04 4.077119864780360814e-01
1.708500000000000000e+04 2.714084121161920195e-03
1.709000000000000000e+04 5.192936937531730246e-01
1.709500000000000000e+04 9.994177267270057952e-01
1.710000000000000000e+04 5.335709062239936129e-01
1.710500000000000000e+04 3.901613569252380866e-03
1.711000000000000000e+04 4.019988335729444140e-01
1.711500000000000000e+04 9.664500277738210521e-01
1.712000000000000000e+04 6.459977400920410284e-01
1.712500000000000000e+04 3.699483795141642051e-02
1.713000000000000000e+04 2.786746674295649817e-01
1.713500000000000000e+04 9.339236608244798621e-01
1.714000000000000000e+04 7.686956129485411626e-01
1.714500000000000000e+04 9.373565205690943813e-02
1.715000000000000000e+04 1.828840868406520492e-01
1.715500000000000000e+04 8.531446380975165056e-01
1.716000000000000000e+04 8.475113764969833818e-01
1.716500000000000000e+04 1.798110508718626099e-01
1.717000000000000000e+04 9.232371089850316404e-02
1.717500000000000000e+04 7.622983384886402591e-01
1.718000000000000000e+04 9.374838428749163732e-01
1.718500000000000000e+04 2.828079417082481894e-01
1.719000000000000000e+04 3.758974840538450296e-02
1.719500000000000000e+04 6.530632547398023124e-01
1.720000000000000000e+04 9.650638760978266228e-01
1.720500000000000000e+04 3.962825057779436611e-01
1.721000000000000000e+04 3.909601715710369838e-03
1.721500000000000000e+04 5.274363561014583368e-01
1.722000000000000000e+04 9.982049915728793410e-01
1.722500000000000000e+04 5.252387809380046901e-01
1.723000000000000000e+04 2.852776422419484818e-03
1.723500000000000000e+04 4.131580035322552358e-01
1.724000000000000000e+04 9.707281050961510394e-01
1.724500000000000000e+04 6.351181359265243298e-01
1.725000000000000000e+04 3.291589116511723506e-02
1.725500000000000000e+04 2.868727362241749179e-01
1.726000000000000000e+04 9.364272711551653305e-01
1.726500000000000000e+04 7.611616514426854385e-01
1.727000000000000000e+04 8.874377354509428717e-02
1.727500000000000000e+04 1.910335745509366134e-01
1.728000000000000000e+04 8.623214390171957122e-01
1.728500000000000000e+04 8.403168175336191981e-01
1.729000000000000000e+04 1.710738417959213609e-01
1.729500000000000000e+04 9.820455431884553277e-02
1.730000000000000000e+04 7.683141812674736393e-01
1.730500000000000000e+04 9.321192844962244983e-01
1.731000000000000000e+04 2.752036381609906379e-01
1.731500000000000000e+04 4.134372464002062514e-02
1.732000000000000000e+04 6.645315653773902209e-01
1.732500000000000000e+04 9.635980193304679586e-01
1.733000000000000000e+04 3.851164313108988990e-01
1.733500000000000000e+04 5.371541489396381569e-03
1.734000000000000000e+04 5.358129733139013195e-01
1.734500000000000000e+04 9.961820969180189556e-01
1.735000000000000000e+04 5.165216430403942738e-01
1.735500000000000000e+04 1.999186609016786673e-03
1.736000000000000000e+04 4.240237241884896036e-01
1.736500000000000000e+04 9.752699275610081653e-01
1.737000000000000000e+04 6.246988308498938602e-01
1.737500000000000000e+04 2.900630342126667843e-02
1.738000000000000000e+04 2.955002750999911054e-01
1.738500000000000000e+04 9.384811851837064900e-01
1.739000000000000000e+04 7.528926653971933503e-01
1.739500000000000000e+04 8.391305301705025144e-02
1.740000000000000000e+04 1.989949260948637721e-01
1.740500000000000000e+04 8.714161466190856187e-01
1.741000000000000000e+04 8.336675741840792186e-01
1.741500000000000000e+04 1.625460050480132257e-01
1.742000000000000000e+04 1.044871938215437418e-01
1.742500000000000000e+04 7.743408629052137560e-01
1.743000000000000000e+04 9.258989118665800211e-01
1.743500000000000000e+04 2.674992813679984427e-01
1.744000000000000000e+04 4.512733431199862644e-02
1.744500000000000000e+04 6.756540702608259119e-01
1.745000000000000000e+04 9.625436042253692204e-01
1.745500000000000000e+04 3.743210500472167745e-01
1.746000000000000000e+04 7.109903120276899434e-03
1.746500000000000000e+04 5.445493690764173778e-01
1.747000000000000000e+04 9.934913866818753103e-01
1.747500000000000000e+04 5.073340423298582369e-01
1.748000000000000000e+04 1.316701593931801509e-03
1.748500000000000000e+04 4.345021768883354785e-01
1.749000000000000000e+04 9.798963095455853756e-01
1.749500000000000000e+04 6.148015562763475828e-01
1.750000000000000000e+04 2.531102603557234751e-02
1.750500000000000000e+04 3.046048229137662822e-01
1.751000000000000000e+04 9.402805189780785167e-01
1.751500000000000000e+04 7.438767273464627072e-01
1.752000000000000000e+04 7.918050003088360211e-02
1.752500000000000000e+04 2.067449370851662249e-01
1.753000000000000000e+04 8.802300544327300580e-01
1.753500000000000000e+04 8.275292246640183480e-01
1.754000000000000000e+04 1.543097669057305332e-01
1.754500000000000000e+04 1.111696531533155063e-01
1.755000000000000000e+04 7.805523983748483552e-01
1.755500000000000000e+04 9.189157260813470840e-01
1.756000000000000000e+04 2.596133577894005895e-01
1.756500000000000000e+04 4.894340963724923277e-02
1.757000000000000000e+04 6.862836116587737179e-01
1.757500000000000000e+04 9.617609674476418347e-01
1.758000000000000000e+04 3.639747622359394974e-01
1.758500000000000000e+04 9.125916229816309622e-03
1.759000000000000000e+04 5.537431015623172081e-01
1.759500000000000000e+04 9.903123703511815812e-01
1.760000000000000000e+04 4.976287672727383038e-01
1.760500000000000000e+04 7.867721616625750723e-04
1.761000000000000000e+04 4.445313838140023677e-01
1.761500000000000000e+04 9.844051399001434444e-01
1.762000000000000000e+04 6.054425457288272749e-01
1.762500000000000000e+04 2.186847192436749271e-02
1.763000000000000000e+04 3.142027960592498892e-01
1.763500000000000000e+04 9.420280511952986435e-01
1.764000000000000000e+04 7.341521091395853960e-01
1.764500000000000000e+04 7.449316289095776755e-02
1.765000000000000000e+04 2.142867737056223243e-01
1.765500000000000000e+04 8.885729191008163719e-01
1.766000000000000000e+04 8.218174359462876444e-01
1.766500000000000000e+04 1.464305635479816181e-01
1.767000000000000000e+04 1.182294368278662966e-01
1.767500000000000000e+04 7.871008198290643243e-01
1.768000000000000000e+04 9.113086067479013730e-01
1.768500000000000000e+04 2.514893721842569319e-01
1.769000000000000000e+04 5.280873452193031448e-02
1.769500000000000000e+04 6.963049980166782227e-01
1.770000000000000000e+04 9.610743343449288378e-01
1.770500000000000000e+04 3.541225452900620407e-01
1.771000000000000000e+04 1.141094609842454276e-02
1.771500000000000000e+04 5.634545981050735897e-01
1.772000000000000000e+04 9.868479224226588409e-01
1.772500000000000000e+04 4.873997011183839323e-01
1.773000000000000000e+04 3.988041896883023365e-04
1.773500000000000000e+04 4.540864632541954937e-01
1.774000000000000000e+04 9.885870914760563899e-01
1.774500000000000000e+04 5.965924954060803920e-01
1.775000000000000000e+04 1.870733964754362974e-02
1.775500000000000000e+04 3.242771845064851277e-01
1.776000000000000000e+04 9.439176720433550827e-01
1.776500000000000000e+04 7.238041603830011050e-01
1.777000000000000000e+04 6.981232941753653942e-02
1.777500000000000000e+04 2.216502550901869595e-01
1.778000000000000000e+04 8.962782789014470675e-01
1.778500000000000000e+04 8.164047419962026098e-01
1.779000000000000000e+04 1.389530563548663500e-01
1.779500000000000000e+04 1.256242703575622122e-01
1.780000000000000000e+04 7.941031100357569539e-01
1.780500000000000000e+04 9.032518045229841475e-01
1.781000000000000000e+04 2.430994434739734422e-01
1.781500000000000000e+04 5.675357847475250711e-02
1.782000000000000000e+04 7.056444399337620244e-01
1.782500000000000000e+04 9.602854118314962939e-01
1.783000000000000000e+04 3.447740421970483249e-01
1.783500000000000000e+04 1.394644431356777993e-02
1.784000000000000000e+04 5.737014326895715222e-01
1.784500000000000000e+04 9.833082167050704037e-01
1.785000000000000000e+04 4.766816615618604813e-01
1.785500000000000000e+04 1.514865978532594043e-04
1.786000000000000000e+04 4.631818350277334129e-01
1.786500000000000000e+04 9.922423196104647181e-01
1.787000000000000000e+04 5.881797040614812344e-01
1.787500000000000000e+04 1.584474602832923115e-02
1.788000000000000000e+04 3.347780063386919247e-01
1.788500000000000000e+04 9.461182686637181760e-01
1.789000000000000000e+04 7.129587368318540674e-01
1.789500000000000000e+04 6.511604538335809267e-02
1.790000000000000000e+04 2.288900619821338522e-01
1.790500000000000000e+04 9.032170138431722117e-01
1.791000000000000000e+04 8.111305596020569331e-01
1.791500000000000000e+04 1.318990856184803495e-01
1.792000000000000000e+04 1.332944694264837360e-01
1.792500000000000000e+04 8.016310602363149185e-01
1.793000000000000000e+04 8.949414516388141116e-01
1.793500000000000000e+04 2.344455171700834673e-01
1.794000000000000000e+04 6.082001996349807593e-02
1.794500000000000000e+04 7.142755082259564237e-01
1.795000000000000000e+04 9.591891086033883518e-01
1.795500000000000000e+04 3.359041535468947903e-01
1.796000000000000000e+04 1.670502648908970753e-02
1.796500000000000000e+04 5.844562771522109346e-01
1.797000000000000000e+04 9.798937006938270855e-01
1.797500000000000000e+04 4.655472938863978727e-01
1.798000000000000000e+04 5.288303256426611149e-05
1.798500000000000000e+04 4.718702568570729006e-01
1.799000000000000000e+04 9.951966770676766716e-01
1.799500000000000000e+04 5.800961898083338841e-01
1.800000000000000000e+04 1.328572278747725509e-02
1.800500000000000000e+04 3.456254192244084811e-01
1.801000000000000000e+04 9.487596309320295296e-01
1.801500000000000000e+04 7.017725094307765143e-01
1.802000000000000000e+04 6.039992623627580409e-02
1.802500000000000000e+04 2.360820201305967037e-01
1.803000000000000000e+04 9.093077583417948917e-01
1.803500000000000000e+04 8.058139788782336943e-01
1.804000000000000000e+04 1.252674688199245101e-01
1.804500000000000000e+04 1.411667891772890870e-01
1.805000000000000000e+04 8.097051132976744725e-01
1.805500000000000000e+04 8.865800254175851824e-01
1.806000000000000000e+04 2.255583307082831002e-01
1.806500000000000000e+04 6.505904754047542315e-02
1.807000000000000000e+04 7.222211815578327698e-01
1.807500000000000000e+04 9.575901364681043137e-01
1.808000000000000000e+04 3.274560655506794649e-01
1.808500000000000000e+04 1.965264726808856402e-02
1.809000000000000000e+04 5.956485229387427083e-01
1.809500000000000000e+04 9.767787351426470144e-01
1.810000000000000000e+04 4.541011852453293307e-01
1.810500000000000000e+04 1.192540632573571910e-04
1.811000000000000000e+04 4.802389393261543571e-01
1.811500000000000000e+04 9.973158778143301761e-01
1.812000000000000000e+04 5.722065659007414817e-01
1.812500000000000000e+04 1.102399146404029959e-02
1.813000000000000000e+04 3.567151049603026758e-01
1.813500000000000000e+04 9.519217693453286833e-01
1.814000000000000000e+04 6.904207080496652660e-01
1.814500000000000000e+04 5.567633831779724568e-02
1.815000000000000000e+04 2.433176954265451331e-01
1.815500000000000000e+04 9.145232814976342883e-01
1.816000000000000000e+04 8.002684031989272251e-01
1.816500000000000000e+04 1.190354810586725931e-01
1.817000000000000000e+04 1.491595121384106382e-01
1.817500000000000000e+04 8.182925420518215587e-01
1.818000000000000000e+04 8.783600979368552109e-01
1.818500000000000000e+04 2.164942591035118602e-01
1.819000000000000000e+04 6.952653006581026307e-02
1.819500000000000000e+04 7.295519171676974057e-01
1.820000000000000000e+04 9.553189788465702437e-01
1.820500000000000000e+04 3.193464825915039440e-01
1.821000000000000000e+04 2.275171888915244675e-02
1.821500000000000000e+04 6.071692832374749882e-01
1.822000000000000000e+04 9.740974755684200792e-01
1.822500000000000000e+04 4.424715585443309562e-01
1.823000000000000000e+04 3.727517215742638776e-04
1.823500000000000000e+04 4.884030535367749337e-01
1.824000000000000000e+04 9.985162364248034716e-01
1.824500000000000000e+04 5.643591498474090917e-01
1.825000000000000000e+04 9.043794772658243775e-03
1.825500000000000000e+04 3.679255059133241801e-01
1.826000000000000000e+04 9.556286330367173010e-01
1.826500000000000000e+04 6.790832312169234886e-01
1.827000000000000000e+04 5.097221097066520490e-02
1.827500000000000000e+04 2.506975815659630014e-01
1.828000000000000000e+04 9.188923392778279853e-01
1.828500000000000000e+04 7.943168835538101380e-01
1.829000000000000000e+04 1.131618367083678522e-01
1.829500000000000000e+04 1.571884971964685462e-01
1.830000000000000000e+04 8.273099411834821115e-01
1.830500000000000000e+04 8.704489053825086309e-01
1.831000000000000000e+04 2.073303255094345043e-01
1.831500000000000000e+04 7.427825636228888029e-02
1.832000000000000000e+04 7.363801630634962958e-01
1.832500000000000000e+04 9.522456715491963708e-01
1.833000000000000000e+04 3.114728707280401965e-01
1.833500000000000000e+04 2.596490700666274909e-02
1.834000000000000000e+04 6.188791400414612731e-01
1.834500000000000000e+04 9.719333902726157159e-01
1.835000000000000000e+04 4.308000612311502220e-01
1.835500000000000000e+04 8.382876492912336858e-04
1.836000000000000000e+04 4.964972126655775586e-01
1.836500000000000000e+04 9.987710607400384077e-01
1.837000000000000000e+04 5.563985320507154331e-01
1.837500000000000000e+04 7.322506660227848414e-03
1.838000000000000000e+04 3.791264468659104603e-01
1.838500000000000000e+04 9.598465431744664933e-01
1.839000000000000000e+04 6.679303488021590685e-01
1.839500000000000000e+04 4.632577011488780289e-02
1.840000000000000000e+04 2.583232000395713768e-01
1.840500000000000000e+04 9.224971158463366461e-01
1.841000000000000000e+04 7.878066657300643039e-01
1.841500000000000000e+04 1.075909275639895246e-01
1.842000000000000000e+04 1.651738643853964961e-01
1.842500000000000000e+04 8.366295206264049433e-01
1.843000000000000000e+04 8.629752502738017306e-01
1.843500000000000000e+04 1.981577224375030144e-01
1.844000000000000000e+04 7.936440937059573153e-02
1.844500000000000000e+04 7.428517949932503805e-01
1.845000000000000000e+04 9.482900984405209233e-01
1.845500000000000000e+04 3.037221791394744130e-01
1.846000000000000000e+04 2.925922874224091627e-02
1.846500000000000000e+04 6.306181036536054885e-01
1.847000000000000000e+04 9.703132383942632000e-01
1.847500000000000000e+04 4.192305330319260892e-01
1.848000000000000000e+04 1.540001512602767568e-03
1.848500000000000000e+04 5.046652648984742973e-01
1.849000000000000000e+04 9.981122890209715992e-01
1.849500000000000000e+04 5.481784973536284467e-01
1.850000000000000000e+04 5.833696243237624680e-03
1.850500000000000000e+04 3.901886848763760351e-01
1.851000000000000000e+04 9.644872110828978107e-01
1.851500000000000000e+04 6.571093375188663543e-01
1.852000000000000000e+04 4.178256541735320129e-02
1.852500000000000000e+04 2.662885514572488344e-01
1.853000000000000000e+04 9.254666652038167074e-01
1.853500000000000000e+04 7.806215826232931754e-01
1.854000000000000000e+04 1.022580497781205577e-01
1.854500000000000000e+04 1.730468489972571133e-01
1.855000000000000000e+04 8.460885167121466877e-01
1.855500000000000000e+04 8.560199312350913470e-01
1.856000000000000000e+04 1.890743616815027950e-01
1.856500000000000000e+04 8.482399951542669847e-02
1.857000000000000000e+04 7.491351465509284990e-01
1.857500000000000000e+04 9.434279528420931316e-01
1.858000000000000000e+04 2.959804297822040131e-01
1.858500000000000000e+04 3.260998538151076848e-02
1.859000000000000000e+04 6.422170878819820627e-01
1.859500000000000000e+04 9.692057921541891163e-01
1.860000000000000000e+04 4.078976858413933537e-01
1.860500000000000000e+04 2.497823317695419595e-03
1.861000000000000000e+04 5.130490702666969938e-01
1.861500000000000000e+04 9.966275483532127666e-01
1.862000000000000000e+04 5.395740839919043186e-01
1.862500000000000000e+04 4.550313202051283964e-03
1.863000000000000000e+04 4.009938753210960383e-01
1.863500000000000000e+04 9.694147226519591598e-01
1.864000000000000000e+04 6.467333566630250052e-01
1.864500000000000000e+04 3.739118037342945011e-02
1.865000000000000000e+04 2.746714862651646882e-01
1.865500000000000000e+04 9.279670217706954549e-01
1.866000000000000000e+04 7.726911240510015988e-01
1.866500000000000000e+04 9.709519420499369835e-02
1.867000000000000000e+04 1.807562438123933857e-01
1.867500000000000000e+04 8.555010070189195126e-01
1.868000000000000000e+04 8.496103927685149104e-01
1.868500000000000000e+04 1.801770553858219881e-01
1.869000000000000000e+04 9.067993264269709475e-02
1.869500000000000000e+04 7.554082732774815012e-01
1.870000000000000000e+04 9.376920684536462769e-01
1.870500000000000000e+04 2.881422670320605284e-01
1.871000000000000000e+04 3.600402601536133174e-02
1.871500000000000000e+04 6.535103742525621984e-01
1.872000000000000000e+04 9.685250379167645862e-01
1.872500000000000000e+04 3.969168131580273484e-01
1.873000000000000000e+04 3.724612124754080739e-03
1.873500000000000000e+04 5.217767842636857889e-01
1.874000000000000000e+04 9.944531041598149157e-01
1.874500000000000000e+04 5.304916242343947763e-01
1.875000000000000000e+04 3.447675192179758524e-03
1.875500000000000000e+04 4.114443243696369046e-01
1.876000000000000000e+04 9.744558119487106707e-01
1.876500000000000000e+04 6.368734594252718484e-01
1.877000000000000000e+04 3.319900289950340755e-02
1.877500000000000000e+04 2.835258216597471015e-01
1.878000000000000000e+04 9.301886915074442097e-01
1.878500000000000000e+04 7.639955071815094367e-01
1.879000000000000000e+04 9.203695973601416780e-02
1.879500000000000000e+04 1.882737547041371806e-01
1.880000000000000000e+04 8.646714550495893103e-01
1.880500000000000000e+04 8.437197580925661633e-01
1.881000000000000000e+04 1.715540428188218891e-01
1.881500000000000000e+04 9.693539143310177242e-02
1.882000000000000000e+04 7.618450850142564068e-01
1.882500000000000000e+04 9.311693183224393211e-01
1.883000000000000000e+04 2.801196034211841379e-01
1.883500000000000000e+04 3.944188273830056407e-02
1.884000000000000000e+04 6.643483696127970850e-01
1.884500000000000000e+04 9.681372931684280037e-01
1.885000000000000000e+04 3.863754138483726508e-01
1.885500000000000000e+04 5.224254228953231598e-03
1.886000000000000000e+04 5.309515481957342020e-01
1.886500000000000000e+04 9.917634099345646881e-01
1.887000000000000000e+04 5.208758757791076555e-01
1.887500000000000000e+04 2.505979084622071262e-03
1.888000000000000000e+04 4.214716460355945604e-01
1.888500000000000000e+04 9.794126559962634815e-01
1.889000000000000000e+04 6.275543074957050660e-01
1.889500000000000000e+04 2.924842022439432324e-02
1.890000000000000000e+04 2.928750744084863133e-01
1.890500000000000000e+04 9.323322250782856147e-01
1.891000000000000000e+04 7.545665627601432224e-01
1.891500000000000000e+04 8.702603641739047047e-02
1.892000000000000000e+04 1.955975125137226212e-01
1.892500000000000000e+04 8.734092736130479873e-01
1.893000000000000000e+04 8.382699800634429987e-01
1.893500000000000000e+04 1.632785047567810177e-01
1.894000000000000000e+04 1.035721337179951601e-01
1.894500000000000000e+04 7.686011854485337302e-01
1.895000000000000000e+04 9.239935905996271570e-01
1.895500000000000000e+04 2.718485409303951772e-01
1.896000000000000000e+04 4.293844611985730281e-02
1.896500000000000000e+04 6.746097829084150010e-01
1.897000000000000000e+04 9.678715483986715107e-01
1.897500000000000000e+04 3.763274212844873734e-01
1.898000000000000000e+04 6.990933789406639405e-03
1.898500000000000000e+04 5.406415675510897190e-01
1.899000000000000000e+04 9.887579474377566902e-01
1.899500000000000000e+04 5.107137890863956420e-01
1.900000000000000000e+04 1.712128465167041865e-03
1.900500000000000000e+04 4.310434642865387800e-01
1.901000000000000000e+04 9.840775237069323556e-01
1.901500000000000000e+04 6.187535983585531474e-01
1.902000000000000000e+04 2.557371030201105802e-02
1.902500000000000000e+04 3.027087362846545004e-01
1.903000000000000000e+04 9.345926793039636138e-01
1.903500000000000000e+04 7.444846480307576453e-01
1.904000000000000000e+04 8.201777859434054851e-02
1.904500000000000000e+04 2.027531980193629790e-01
1.905000000000000000e+04 8.815436245383921898e-01
1.905500000000000000e+04 8.331385740089840564e-01
1.906000000000000000e+04 1.554035834637826352e-01
1.906500000000000000e+04 1.105510282766381663e-01
1.907000000000000000e+04 7.758004657903452284e-01
1.907500000000000000e+04 9.163354872504503312e-01
1.908000000000000000e+04 2.632940106758120402e-01
1.908500000000000000e+04 4.652207119070036340e-02
1.909000000000000000e+04 6.842122088932556245e-01
1.909500000000000000e+04 9.675323504005969300e-01
1.910000000000000000e+04 3.667902836611292017e-01
1.910500000000000000e+04 9.009583039327442172e-03
1.911000000000000000e+04 5.508727820119799778e-01
1.911500000000000000e+04 9.856461452242127885e-01
1.912000000000000000e+04 5.000347803431242077e-01
1.912500000000000000e+04 1.060757850926187431e-03
1.913000000000000000e+04 4.401671527359904967e-01
1.913500000000000000e+04 9.882485133100801233e-01
1.914000000000000000e+04 6.104049985800730216e-01
1.914500000000000000e+04 2.219882930195657064e-02
1.915000000000000000e+04 3.129817047216580939e-01
1.915500000000000000e+04 9.371438938062649493e-01
1.916000000000000000e+04 7.338720776112688249e-01
1.916500000000000000e+04 7.698348877444327609e-02
1.917000000000000000e+04 2.097924760122076016e-01
1.917500000000000000e+04 8.889373976994625615e-01
1.918000000000000000e+04 8.281683368456725924e-01
1.918500000000000000e+04 1.479592257283774692e-01
1.919000000000000000e+04 1.178148269138523940e-01
1.919500000000000000e+04 7.835237314245130369e-01
1.920000000000000000e+04 9.083894479531134936e-01
1.920500000000000000e+04 2.544518437070072969e-01
1.921000000000000000e+04 5.023223492697536513e-02
1.921500000000000000e+04 6.931198488776673106e-01
1.922000000000000000e+04 9.669145695689105313e-01
1.922500000000000000e+04 3.577449670279277405e-01
1.923000000000000000e+04 1.125733936143834268e-02
1.923500000000000000e+04 5.616251019556806057e-01
1.924000000000000000e+04 9.826311861422923899e-01
1.924500000000000000e+04 4.889077777957647752e-01
1.925000000000000000e+04 5.544243243296273667e-04
1.925500000000000000e+04 4.488900055277128542e-01
1.926000000000000000e+04 9.917454610361807754e-01
1.926500000000000000e+04 6.024041267394862897e-01
1.927000000000000000e+04 1.913618023068725665e-02
1.927500000000000000e+04 3.236171247714871302e-01
1.928000000000000000e+04 9.401238275038127368e-01
1.928500000000000000e+04 7.228836419923854173e-01
1.929000000000000000e+04 7.191216592695112708e-02
1.929500000000000000e+04 2.167888245206735509e-01
1.930000000000000000e+04 8.954990679293234335e-01
1.930500000000000000e+04 8.231794913193929419e-01
1.931000000000000000e+04 1.409509925214379455e-01
1.931500000000000000e+04 1.252927658829725288e-01
1.932000000000000000e+04 7.918005925410899204e-01
1.932500000000000000e+04 9.003590145480763196e-01
1.933000000000000000e+04 2.453483337982995116e-01
1.933500000000000000e+04 5.411606453219470342e-02
1.934000000000000000e+04 7.013474150095176940e-01
1.934500000000000000e+04 9.658192626845003570e-01
1.935000000000000000e+04 3.491385896982102111e-01
1.935500000000000000e+04 1.370572515181813986e-02
1.936000000000000000e+04 5.728329003771307493e-01
1.936500000000000000e+04 9.798937810038050866e-01
1.937000000000000000e+04 4.774354504589723991e-01
1.937500000000000000e+04 2.030071134118730219e-04
1.938000000000000000e+04 4.572956249346029067e-01
1.938500000000000000e+04 9.944248145831130481e-01
1.939000000000000000e+04 5.946171041482354314e-01
1.939500000000000000e+04 1.638637610897472618e-02
1.940000000000000000e+04 3.345123690361247459e-01
1.940500000000000000e+04 9.436223665482204037e-01
1.941000000000000000e+04 7.116948341929715260e-01
1.941500000000000000e+04 6.681067449481613296e-02
1.942000000000000000e+04 2.238312328586135047e-01
1.942500000000000000e+04 9.011910823365342216e-01
1.943000000000000000e+04 8.179836059259926184e-01
1.943500000000000000e+04 1.343607567279346271e-01
1.944000000000000000e+04 1.329064131257268744e-01
1.944500000000000000e+04 8.006058451021917932e-01
1.945000000000000000e+04 8.924411120193016522e-01
1.945500000000000000e+04 2.360374346160678816e-01
1.946000000000000000e+04 5.822417300236713139e-02
1.946500000000000000e+04 7.089593879579647595e-01
1.947000000000000000e+04 9.640696402260553466e-01
1.947500000000000000e+04 3.408894632092853705e-01
1.948000000000000000e+04 1.632324359073386924e-02
1.948500000000000000e+04 5.843898395927447087e-01
1.949000000000000000e+04 9.775772089113268226e-01
1.949500000000000000e+04 4.657460698641969210e-01
1.950000000000000000e+04 2.240314201899560551e-05
1.950500000000000000e+04 4.654968310057455150e-01
1.951000000000000000e+04 9.961920381010019865e-01
1.951500000000000000e+04 5.868912429761000693e-01
1.952000000000000000e+04 1.393897199012217140e-02
1.952500000000000000e+04 3.455473500118694252e-01
1.953000000000000000e+04 9.476729589172937507e-01
1.953500000000000000e+04 7.004884698329303383e-01
1.954000000000000000e+04 6.170241030368214113e-02
1.954500000000000000e+04 2.310165705762327326e-01
1.955000000000000000e+04 9.060336600423056774e-01
1.955500000000000000e+04 8.123985282589937240e-01
1.956000000000000000e+04 1.281491592415474334e-01
1.956500000000000000e+04 1.405760085903067225e-01
1.957000000000000000e+04 8.098608396165208889e-01
1.957500000000000000e+04 8.848104248098610514e-01
1.958000000000000000e+04 2.265959920191352173e-01
1.958500000000000000e+04 6.260622793488548887e-02
1.959000000000000000e+04 7.160646871137574809e-01
1.959500000000000000e+04 9.615258254023862916e-01
1.960000000000000000e+04 3.328941103349103425e-01
1.960500000000000000e+04 1.907814696952450303e-02
1.961000000000000000e+04 5.961574836182843562e-01
1.961500000000000000e+04 9.757751055099155302e-01
1.962000000000000000e+04 4.539835731375109762e-01
1.962500000000000000e+04 3.263246478127268844e-05
1.963000000000000000e+04 4.736259457915426574e-01
1.963500000000000000e+04 9.970101024724983274e-01
1.964000000000000000e+04 5.790672565863851373e-01
1.964500000000000000e+04 1.177408059641480743e-02
1.965000000000000000e+04 3.565942187235682237e-01
1.965500000000000000e+04 9.522492481178270740e-01
1.966000000000000000e+04 6.894405151496727502e-01
1.966500000000000000e+04 5.662464211890013560e-02
1.967000000000000000e+04 2.384413945113936506e-01
1.967500000000000000e+04 9.101032911813260462e-01
1.968000000000000000e+04 8.062633137909592795e-01
1.968500000000000000e+04 1.222596242157092394e-01
1.969000000000000000e+04 1.482266853047312649e-01
1.969500000000000000e+04 8.194398302438815618e-01
1.970000000000000000e+04 8.776051935347860544e-01
1.970500000000000000e+04 2.171173405826840042e-01
1.971000000000000000e+04 6.730661171819403432e-02
1.971500000000000000e+04 7.228072402642438110e-01
1.972000000000000000e+04 9.580969336053122287e-01
1.972500000000000000e+04 3.250359242840094587e-01
1.973000000000000000e+04 2.194122054566136765e-02
1.973500000000000000e+04 6.079766249113132126e-01
1.974000000000000000e+04 9.745233907338926027e-01
1.974500000000000000e+04 4.422963927141311258e-01
1.975000000000000000e+04 2.554844832433001887e-04
1.975500000000000000e+04 4.818235862113887658e-01
1.976000000000000000e+04 9.969029363611926486e-01
1.976500000000000000e+04 5.709922693453576281e-01
1.977000000000000000e+04 9.864789886154620713e-03
1.977500000000000000e+04 3.675273265034216252e-01
1.978000000000000000e+04 9.572671582535133838e-01
1.978500000000000000e+04 6.787061924380701772e-01
1.979000000000000000e+04 5.162479174734574405e-02
1.979500000000000000e+04 2.461940131327936820e-01
1.980000000000000000e+04 9.135260914313064751e-01
1.980500000000000000e+04 7.994518077153240920e-01
1.981000000000000000e+04 1.166236488283470402e-01
1.981500000000000000e+04 1.557941301881988760e-01
1.982000000000000000e+04 8.291804978237348189e-01
1.982500000000000000e+04 8.709158673383186056e-01
1.983000000000000000e+04 2.077037219263568602e-01
1.983500000000000000e+04 7.236042140681130108e-02
1.984000000000000000e+04 7.293536065988918127e-01
1.984500000000000000e+04 9.537490507187409428e-01
1.985000000000000000e+04 3.171949504673922671e-01
1.985500000000000000e+04 2.488849687252624177e-02
1.986000000000000000e+04 6.196799946869024911e-01
1.986500000000000000e+04 9.737973515392966961e-01
1.987000000000000000e+04 4.308258400989588011e-01
1.987500000000000000e+04 7.118653307975242490e-04
1.988000000000000000e+04 4.902271166977255623e-01
1.988500000000000000e+04 9.959532938158811577e-01
1.989000000000000000e+04 5.625326141863576934e-01
1.989500000000000000e+04 8.180230986335565446e-03
1.990000000000000000e+04 3.782326346876501155e-01
1.990500000000000000e+04 9.625922210101564014e-01
1.991000000000000000e+04 6.684075784359371220e-01
1.991500000000000000e+04 4.675594624934516219e-02
1.992000000000000000e+04 2.543473257310313040e-01
1.992500000000000000e+04 9.164667650211951733e-01
1.993000000000000000e+04 7.918834908986637222e-01
1.993500000000000000e+04 1.111670596062952349e-01
1.994000000000000000e+04 1.632294388499632709e-01
1.994500000000000000e+04 8.388973385082918455e-01
1.995000000000000000e+04 8.647778919280015852e-01
1.995500000000000000e+04 1.984580430837643295e-01
1.996000000000000000e+04 7.778997185786078183e-02
1.996500000000000000e+04 7.358790910393910867e-01
1.997000000000000000e+04 9.485080776140927261e-01
1.997500000000000000e+04 3.092580622297576021e-01
1.998000000000000000e+04 2.790382654750561339e-02
1.998500000000000000e+04 6.311050792176997604e-01
1.999000000000000000e+04 9.735142542301300495e-01
1.999500000000000000e+04 4.196949619677284304e-01
2.000000000000000000e+04 1.419054812999288873e-03
