0.000000000000000000e+00 1.000000000000000000e+00
5.000000000000000000e+00 9.999526541651443390e-01
1.000000000000000000e+01 9.998997151272402961e-01
1.500000000000000000e+01 9.999419668169865494e-01
2.000000000000000000e+01 9.999932282879647749e-01
2.500000000000000000e+01 9.999647676539533681e-01
3.000000000000000000e+01 9.999035781981537863e-01
3.500000000000000000e+01 9.999281336844288992e-01
4.000000000000000000e+01 9.999938848644169820e-01
4.500000000000000000e+01 9.999762544211170390e-01
5.000000000000000000e+01 9.999086901633593705e-01
5.500000000000000000e+01 9.999193474097695100e-01
6.000000000000000000e+01 9.999841913203231236e-01
6.500000000000000000e+01 9.999824224734080724e-01
7.000000000000000000e+01 9.999190649077364101e-01
7.500000000000000000e+01 9.999086904416352173e-01
8.000000000000000000e+01 9.999770014763162962e-01
8.500000000000000000e+01 9.999934324164050370e-01
9.000000000000000000e+01 9.999277001882955762e-01
9.500000000000000000e+01 9.999037752378738819e-01
1.000000000000000000e+02 9.999663998801785469e-01
1.050000000000000000e+02 9.999926211939197396e-01
1.100000000000000000e+02 9.999409250362061297e-01
1.150000000000000000e+02 9.998997048249362862e-01
1.200000000000000000e+02 9.999532872162552044e-01
1.250000000000000000e+02 1.000000036296727624e+00
1.300000000000000000e+02 9.999518423349474938e-01
1.350000000000000000e+02 9.998999819665290723e-01
1.400000000000000000e+02 9.999428246835048162e-01
1.450000000000000000e+02 9.999942548921626484e-01
1.500000000000000000e+02 9.999628968499338910e-01
1.550000000000000000e+02 9.999037444525108453e-01
1.600000000000000000e+02 9.999283824060768433e-01
1.650000000000000000e+02 9.999943534509507792e-01
1.700000000000000000e+02 9.999754955244521959e-01
1.750000000000000000e+02 9.999086096013332092e-01
1.800000000000000000e+02 9.999198185011558548e-01
1.850000000000000000e+02 9.999859500974239701e-01
1.900000000000000000e+02 9.999808284048213869e-01
1.950000000000000000e+02 9.999188091664118483e-01
2.000000000000000000e+02 9.999088076836493144e-01
2.050000000000000000e+02 9.999776117961137745e-01
2.100000000000000000e+02 9.999930559404952568e-01
2.150000000000000000e+02 9.999270669846901383e-01
2.200000000000000000e+02 9.999042807050275705e-01
2.250000000000000000e+02 9.999677760706017215e-01
2.300000000000000000e+02 9.999925079817770790e-01
2.350000000000000000e+02 9.999395769637601239e-01
2.400000000000000000e+02 9.999001125514203059e-01
2.450000000000000000e+02 9.999536844367564736e-01
2.500000000000000000e+02 1.000000109420315697e+00
2.550000000000000000e+02 9.999509742822848546e-01
2.600000000000000000e+02 9.999002987311488289e-01
2.650000000000000000e+02 9.999436494594056146e-01
2.700000000000000000e+02 9.999955543431975347e-01
2.750000000000000000e+02 9.999609037727388294e-01
2.800000000000000000e+02 9.999041858899158086e-01
2.850000000000000000e+02 9.999285827510800972e-01
2.900000000000000000e+02 9.999947281356896811e-01
2.950000000000000000e+02 9.999748153671355055e-01
3.000000000000000000e+02 9.999083503053178834e-01
3.050000000000000000e+02 9.999205308669063541e-01
3.100000000000000000e+02 9.999875599662558789e-01
3.150000000000000000e+02 9.999795938606097501e-01
3.200000000000000000e+02 9.999183668146677251e-01
3.250000000000000000e+02 9.999092648915232084e-01
3.300000000000000000e+02 9.999779854679057278e-01
3.350000000000000000e+02 9.999927425304113715e-01
3.400000000000000000e+02 9.999263221595735551e-01
3.450000000000000000e+02 9.999049403324324903e-01
3.500000000000000000e+02 9.999689543217666898e-01
3.550000000000000000e+02 9.999928677221736617e-01
3.600000000000000000e+02 9.999378961293869938e-01
3.650000000000000000e+02 9.999009732601432665e-01
3.700000000000000000e+02 9.999538994332577424e-01
3.750000000000000000e+02 1.000000126601559014e+00
3.800000000000000000e+02 9.999501701047689428e-01
3.850000000000000000e+02 9.999005039653585669e-01
3.900000000000000000e+02 9.999445512672713310e-01
3.950000000000000000e+02 9.999969470956652229e-01
4.000000000000000000e+02 9.999589866920184367e-01
4.050000000000000000e+02 9.999046885422624431e-01
4.100000000000000000e+02 9.999289548957494000e-01
4.150000000000000000e+02 9.999948946937099459e-01
4.200000000000000000e+02 9.999742320349082059e-01
4.250000000000000000e+02 9.999079336472584956e-01
4.300000000000000000e+02 9.999214236064238870e-01
4.350000000000000000e+02 9.999889497292127061e-01
4.400000000000000000e+02 9.999788472261814665e-01
4.450000000000000000e+02 9.999175618738492810e-01
4.500000000000000000e+02 9.999102153326435705e-01
4.550000000000000000e+02 9.999781030426209139e-01
4.600000000000000000e+02 9.999924141701388436e-01
4.650000000000000000e+02 9.999255967611074825e-01
4.700000000000000000e+02 9.999055790016185830e-01
4.750000000000000000e+02 9.999700218152564046e-01
4.800000000000000000e+02 9.999935847508089060e-01
4.850000000000000000e+02 9.999359871218207463e-01
4.900000000000000000e+02 9.999021598828780055e-01
4.950000000000000000e+02 9.999540972795899485e-01
5.000000000000000000e+02 9.999999740957900007e-01
5.050000000000000000e+02 9.999494901725604068e-01
5.100000000000000000e+02 9.999005390550084194e-01
5.150000000000000000e+02 9.999455595142414666e-01
5.200000000000000000e+02 9.999982627164673010e-01
5.250000000000000000e+02 9.999573705601221274e-01
5.300000000000000000e+02 9.999049874402543558e-01
5.350000000000000000e+02 9.999297214456529526e-01
5.400000000000000000e+02 9.999947868795461270e-01
5.450000000000000000e+02 9.999736870148971946e-01
5.500000000000000000e+02 9.999074673873634689e-01
5.550000000000000000e+02 9.999223654697850794e-01
5.600000000000000000e+02 9.999901119466494404e-01
5.650000000000000000e+02 9.999786134785549896e-01
5.700000000000000000e+02 9.999163389919286660e-01
5.750000000000000000e+02 9.999116656129445335e-01
5.800000000000000000e+02 9.999780528463207974e-01
5.850000000000000000e+02 9.999919597692943363e-01
5.900000000000000000e+02 9.999249942885570785e-01
5.950000000000000000e+02 9.999060765985784416e-01
6.000000000000000000e+02 9.999710480410786140e-01
6.050000000000000000e+02 9.999944750670656246e-01
6.100000000000000000e+02 9.999340674324629363e-01
6.150000000000000000e+02 9.999034150565954127e-01
6.200000000000000000e+02 9.999545048583821094e-01
6.250000000000000000e+02 9.999995627857029001e-01
6.300000000000000000e+02 9.999489104786634108e-01
6.350000000000000000e+02 9.999004536127132914e-01
6.400000000000000000e+02 9.999466233792789760e-01
6.450000000000000000e+02 9.999993745582405058e-01
6.500000000000000000e+02 9.999562304123298384e-01
6.550000000000000000e+02 9.999048715670751930e-01
6.600000000000000000e+02 9.999310141485712178e-01
6.650000000000000000e+02 9.999944246183022356e-01
6.700000000000000000e+02 9.999730727211010306e-01
6.750000000000000000e+02 9.999070789041556440e-01
6.800000000000000000e+02 9.999232213952579107e-01
6.850000000000000000e+02 9.999910808402572293e-01
6.900000000000000000e+02 9.999787960313031299e-01
6.950000000000000000e+02 9.999148026562606484e-01
7.000000000000000000e+02 9.999134536163081233e-01
7.050000000000000000e+02 9.999780151994445143e-01
7.100000000000000000e+02 9.999912781937790873e-01
7.150000000000000000e+02 9.999245416637837502e-01
7.200000000000000000e+02 9.999064091630768258e-01
7.250000000000000000e+02 9.999720564282987834e-01
7.300000000000000000e+02 9.999953324398050958e-01
7.350000000000000000e+02 9.999323977608193248e-01
7.400000000000000000e+02 9.999044414866326003e-01
7.450000000000000000e+02 9.999553280442438075e-01
7.500000000000000000e+02 9.999988666887082989e-01
7.550000000000000000e+02 9.999483376109760124e-01
7.600000000000000000e+02 9.999003625560791697e-01
7.650000000000000000e+02 9.999476465542876946e-01
7.700000000000000000e+02 1.000000219115963151e+00
7.750000000000000000e+02 9.999556233705381159e-01
7.800000000000000000e+02 9.999042743872958994e-01
7.850000000000000000e+02 9.999328090975917460e-01
7.900000000000000000e+02 9.999939216167550438e-01
7.950000000000000000e+02 9.999722770050145648e-01
8.000000000000000000e+02 9.999068490017640753e-01
8.050000000000000000e+02 9.999239104742515538e-01
8.100000000000000000e+02 9.999919040094531475e-01
8.150000000000000000e+02 9.999791979364358596e-01
8.200000000000000000e+02 9.999131908007207192e-01
8.250000000000000000e+02 9.999152953728646098e-01
8.300000000000000000e+02 9.999782064383075930e-01
8.350000000000000000e+02 9.999903159719022439e-01
8.400000000000000000e+02 9.999241810773841221e-01
8.450000000000000000e+02 9.999066420212237016e-01
8.500000000000000000e+02 9.999730219341087523e-01
8.550000000000000000e+02 9.999959813137664355e-01
8.600000000000000000e+02 9.999311860947195374e-01
8.650000000000000000e+02 9.999050154060838969e-01
8.700000000000000000e+02 9.999566688853674945e-01
8.750000000000000000e+02 9.999979404361544200e-01
8.800000000000000000e+02 9.999476518607040010e-01
8.850000000000000000e+02 9.999003805069096584e-01
8.900000000000000000e+02 9.999485356098477551e-01
8.950000000000000000e+02 1.000000797036125322e+00
9.000000000000000000e+02 9.999554584818105551e-01
9.050000000000000000e+02 9.999033090987390349e-01
9.100000000000000000e+02 9.999349205770380333e-01
9.150000000000000000e+02 9.999934573961931639e-01
9.200000000000000000e+02 9.999712249687725540e-01
9.250000000000000000e+02 9.999067763655621333e-01
9.300000000000000000e+02 9.999244315073604339e-01
9.350000000000000000e+02 9.999926186158143437e-01
9.400000000000000000e+02 9.999795784753675587e-01
9.450000000000000000e+02 9.999117894927240791e-01
9.500000000000000000e+02 9.999168849037038953e-01
9.550000000000000000e+02 9.999788030991738630e-01
9.600000000000000000e+02 9.999890870675347543e-01
9.650000000000000000e+02 9.999238013403983771e-01
9.700000000000000000e+02 9.999068849274584947e-01
9.750000000000000000e+02 9.999738896626773066e-01
9.800000000000000000e+02 9.999963200638553040e-01
9.850000000000000000e+02 9.999305046010090736e-01
9.900000000000000000e+02 9.999050753355612775e-01
9.950000000000000000e+02 9.999584777526161483e-01
1.000000000000000000e+03 9.999969094819604054e-01
1.005000000000000000e+03 9.999467563242437906e-01
1.010000000000000000e+03 9.999005666344428223e-01
1.015000000000000000e+03 9.999492388846332735e-01
1.020000000000000000e+03 1.000001157152505815e+00
1.025000000000000000e+03 9.999555202644477836e-01
1.030000000000000000e+03 9.999022301005425772e-01
1.035000000000000000e+03 9.999370594795592426e-01
1.040000000000000000e+03 9.999932226997122475e-01
1.045000000000000000e+03 9.999699024297210581e-01
1.050000000000000000e+03 9.999067852775599397e-01
1.055000000000000000e+03 9.999248502756672430e-01
1.060000000000000000e+03 9.999932378049871673e-01
1.065000000000000000e+03 9.999797267758369079e-01
1.070000000000000000e+03 9.999108219371101169e-01
1.075000000000000000e+03 9.999180071371128742e-01
1.080000000000000000e+03 9.999798759778407709e-01
1.085000000000000000e+03 9.999876699604377528e-01
1.090000000000000000e+03 9.999232894244237668e-01
1.095000000000000000e+03 9.999072354576036270e-01
1.100000000000000000e+03 9.999746017565240841e-01
1.105000000000000000e+03 9.999963402970328818e-01
1.110000000000000000e+03 9.999302555784497226e-01
1.115000000000000000e+03 9.999047471001921705e-01
1.120000000000000000e+03 9.999605620607996403e-01
1.125000000000000000e+03 9.999959365999625538e-01
1.130000000000000000e+03 9.999456099905692508e-01
1.135000000000000000e+03 9.999009043692009824e-01
1.140000000000000000e+03 9.999497610606935538e-01
1.145000000000000000e+03 1.000001368788940193e+00
1.150000000000000000e+03 9.999555401795848786e-01
1.155000000000000000e+03 9.999013340376993186e-01
1.160000000000000000e+03 9.999389345043662169e-01
1.165000000000000000e+03 9.999933581143825023e-01
1.170000000000000000e+03 9.999683553054162788e-01
1.175000000000000000e+03 9.999067674069419542e-01
1.180000000000000000e+03 9.999252610672683117e-01
1.185000000000000000e+03 9.999937479137238627e-01
1.190000000000000000e+03 9.999795259872418240e-01
1.195000000000000000e+03 9.999103581923411976e-01
1.200000000000000000e+03 9.999186168954186105e-01
1.205000000000000000e+03 9.999813606817793410e-01
1.210000000000000000e+03 9.999861857749661187e-01
1.215000000000000000e+03 9.999225757618818156e-01
1.220000000000000000e+03 9.999077390132226073e-01
1.225000000000000000e+03 9.999751196371343687e-01
1.230000000000000000e+03 9.999961151018410543e-01
1.235000000000000000e+03 9.999302035836793445e-01
1.240000000000000000e+03 9.999042924997194604e-01
1.245000000000000000e+03 9.999626497565951011e-01
1.250000000000000000e+03 9.999951765553422023e-01
1.255000000000000000e+03 9.999442333404194860e-01
1.260000000000000000e+03 9.999013208878203551e-01
1.265000000000000000e+03 9.999501526301566301e-01
1.270000000000000000e+03 1.000001490135916216e+00
1.275000000000000000e+03 9.999552901397225080e-01
1.280000000000000000e+03 9.999008406626133105e-01
1.285000000000000000e+03 9.999403556561076156e-01
1.290000000000000000e+03 9.999939085416863493e-01
1.295000000000000000e+03 9.999666700843234945e-01
1.300000000000000000e+03 9.999066331172579147e-01
1.305000000000000000e+03 9.999257452230416732e-01
1.310000000000000000e+03 9.999941140371199078e-01
1.315000000000000000e+03 9.999789835758713386e-01
1.320000000000000000e+03 9.999102849489407419e-01
1.325000000000000000e+03 9.999188503506893921e-01
1.330000000000000000e+03 9.999830768024383643e-01
1.335000000000000000e+03 9.999847671013051276e-01
1.340000000000000000e+03 9.999216531014992748e-01
1.345000000000000000e+03 9.999083820813350343e-01
1.350000000000000000e+03 9.999754347347308281e-01
1.355000000000000000e+03 9.999957595150978928e-01
1.360000000000000000e+03 9.999300632880493422e-01
1.365000000000000000e+03 9.999040018296562193e-01
1.370000000000000000e+03 9.999644830288372255e-01
1.375000000000000000e+03 9.999947343495476648e-01
1.380000000000000000e+03 9.999426893511120795e-01
1.385000000000000000e+03 9.999017311714538669e-01
1.390000000000000000e+03 9.999504854155265576e-01
1.395000000000000000e+03 1.000001542003517541e+00
1.400000000000000000e+03 9.999546615794442372e-01
1.405000000000000000e+03 9.999008038695579303e-01
1.410000000000000000e+03 9.999412978824652187e-01
1.415000000000000000e+03 9.999948099425383097e-01
1.420000000000000000e+03 9.999649473463645410e-01
1.425000000000000000e+03 9.999063457695419599e-01
1.430000000000000000e+03 9.999263472101608263e-01
1.435000000000000000e+03 9.999942912313296572e-01
1.440000000000000000e+03 9.999782152496859977e-01
1.445000000000000000e+03 9.999103501109700698e-01
1.450000000000000000e+03 9.999189636758900601e-01
1.455000000000000000e+03 9.999847883917204472e-01
1.460000000000000000e+03 9.999835284279633418e-01
1.465000000000000000e+03 9.999205641373241082e-01
1.470000000000000000e+03 9.999091166076821136e-01
1.475000000000000000e+03 9.999755684255535737e-01
1.480000000000000000e+03 9.999953767835531027e-01
1.485000000000000000e+03 9.999296087214317730e-01
1.490000000000000000e+03 9.999040749678091977e-01
1.495000000000000000e+03 9.999659052408417237e-01
1.500000000000000000e+03 9.999946400766053234e-01
1.505000000000000000e+03 9.999410540262662073e-01
1.510000000000000000e+03 9.999020806637691772e-01
1.515000000000000000e+03 9.999508296637668048e-01
1.520000000000000000e+03 1.000001495725135747e+00
1.525000000000000000e+03 9.999536982203950375e-01
1.530000000000000000e+03 9.999010912840877729e-01
1.535000000000000000e+03 9.999418992428764641e-01
1.540000000000000000e+03 9.999959121546928564e-01
1.545000000000000000e+03 9.999632804058339319e-01
1.550000000000000000e+03 9.999059238790297677e-01
1.555000000000000000e+03 9.999270765484583601e-01
1.560000000000000000e+03 9.999942395722245525e-01
1.565000000000000000e+03 9.999773878093758395e-01
1.570000000000000000e+03 9.999102652249810541e-01
1.575000000000000000e+03 9.999192244038855870e-01
1.580000000000000000e+03 9.999862822064174983e-01
1.585000000000000000e+03 9.999825460106772645e-01
1.590000000000000000e+03 9.999193694720061032e-01
1.595000000000000000e+03 9.999098974897000502e-01
1.600000000000000000e+03 9.999755670304164568e-01
1.605000000000000000e+03 9.999950102327752610e-01
1.610000000000000000e+03 9.999287593395598250e-01
1.615000000000000000e+03 9.999045412495205509e-01
1.620000000000000000e+03 9.999669071440089319e-01
1.625000000000000000e+03 9.999948465796331121e-01
1.630000000000000000e+03 9.999393934502248671e-01
1.635000000000000000e+03 9.999023638121508073e-01
1.640000000000000000e+03 9.999512437669900722e-01
1.645000000000000000e+03 1.000001280836248618e+00
1.650000000000000000e+03 9.999525685583791068e-01
1.655000000000000000e+03 9.999014419906789852e-01
1.660000000000000000e+03 9.999423952724180165e-01
1.665000000000000000e+03 9.999970281268802941e-01
1.670000000000000000e+03 9.999617454427393026e-01
1.675000000000000000e+03 9.999054142442491688e-01
1.680000000000000000e+03 9.999279287299266405e-01
1.685000000000000000e+03 9.999939415628273931e-01
1.690000000000000000e+03 9.999766427766734189e-01
1.695000000000000000e+03 9.999098237078610785e-01
1.700000000000000000e+03 9.999198010785357305e-01
1.705000000000000000e+03 9.999874339869085915e-01
1.710000000000000000e+03 9.999818496111695376e-01
1.715000000000000000e+03 9.999181164945553091e-01
1.720000000000000000e+03 9.999107098979985730e-01
1.725000000000000000e+03 9.999754975787195077e-01
1.730000000000000000e+03 9.999946198768218109e-01
1.735000000000000000e+03 9.999276072274695393e-01
1.740000000000000000e+03 9.999052520050525361e-01
1.745000000000000000e+03 9.999676154818932794e-01
1.750000000000000000e+03 9.999952479590443755e-01
1.755000000000000000e+03 9.999377579997711374e-01
1.760000000000000000e+03 9.999026106450228379e-01
1.765000000000000000e+03 9.999517778376386667e-01
1.770000000000000000e+03 1.000000812265845029e+00
1.775000000000000000e+03 9.999514885547273746e-01
1.780000000000000000e+03 9.999015785555773750e-01
1.785000000000000000e+03 9.999430174986518871e-01
1.790000000000000000e+03 9.999979910602970756e-01
1.795000000000000000e+03 9.999604014815640651e-01
1.800000000000000000e+03 9.999048546031753526e-01
1.805000000000000000e+03 9.999289082611909629e-01
1.810000000000000000e+03 9.999934190249725185e-01
1.815000000000000000e+03 9.999760312402000695e-01
1.820000000000000000e+03 9.999089855558781492e-01
1.825000000000000000e+03 9.999206971943411792e-01
1.830000000000000000e+03 9.999882388886013329e-01
1.835000000000000000e+03 9.999814237897888258e-01
1.840000000000000000e+03 9.999168272631113741e-01
1.845000000000000000e+03 9.999115706687604632e-01
1.850000000000000000e+03 9.999754459948078100e-01
1.855000000000000000e+03 9.999940946045190460e-01
1.860000000000000000e+03 9.999263737471747460e-01
1.865000000000000000e+03 9.999059486959570586e-01
1.870000000000000000e+03 9.999682307350101773e-01
1.875000000000000000e+03 9.999957107741643814e-01
1.880000000000000000e+03 9.999361928371890418e-01
1.885000000000000000e+03 9.999028518152470735e-01
1.890000000000000000e+03 9.999524829037336193e-01
1.895000000000000000e+03 1.000000029532620349e+00
1.900000000000000000e+03 9.999506257878177928e-01
1.905000000000000000e+03 9.999013261883973325e-01
1.910000000000000000e+03 9.999438984416635368e-01
1.915000000000000000e+03 9.999986996726433208e-01
1.920000000000000000e+03 9.999592927901750361e-01
1.925000000000000000e+03 9.999042492011542826e-01
1.930000000000000000e+03 9.999300369714883008e-01
1.935000000000000000e+03 9.999927443693207296e-01
1.940000000000000000e+03 9.999754870422987718e-01
1.945000000000000000e+03 9.999078929681735062e-01
1.950000000000000000e+03 9.999217563494401384e-01
1.955000000000000000e+03 9.999887970856753405e-01
1.960000000000000000e+03 9.999812145255454476e-01
1.965000000000000000e+03 9.999155112166162596e-01
1.970000000000000000e+03 9.999125037661414916e-01
1.975000000000000000e+03 9.999755144377718841e-01
1.980000000000000000e+03 9.999932973063251351e-01
1.985000000000000000e+03 9.999253133781190739e-01
1.990000000000000000e+03 9.999063773796219579e-01
1.995000000000000000e+03 9.999689405387046648e-01
2.000000000000000000e+03 9.999961078066512687e-01
2.005000000000000000e+03 9.999347532679180306e-01
2.010000000000000000e+03 9.999030846154320917e-01
2.015000000000000000e+03 9.999534140841449537e-01
2.020000000000000000e+03 9.999989343798257879e-01
2.025000000000000000e+03 9.999500246277308602e-01
2.030000000000000000e+03 9.999006887973577173e-01
2.035000000000000000e+03 9.999450216409803138e-01
2.040000000000000000e+03 9.999991378970579659e-01
2.045000000000000000e+03 9.999584459011660043e-01
2.050000000000000000e+03 9.999035725732507984e-01
2.055000000000000000e+03 9.999313404305973929e-01
2.060000000000000000e+03 9.999920403741753283e-01
2.065000000000000000e+03 9.999748503412803080e-01
2.070000000000000000e+03 9.999068104112537325e-01
2.075000000000000000e+03 9.999227351390302942e-01
2.080000000000000000e+03 9.999892629179144565e-01
2.085000000000000000e+03 9.999811383855071734e-01
2.090000000000000000e+03 9.999141932373738495e-01
2.095000000000000000e+03 9.999135054107857190e-01
2.100000000000000000e+03 9.999758122861490683e-01
2.105000000000000000e+03 9.999921266394390384e-01
2.110000000000000000e+03 9.999246047174953356e-01
2.115000000000000000e+03 9.999064007825686495e-01
2.120000000000000000e+03 9.999698440755417916e-01
2.125000000000000000e+03 9.999963456456127942e-01
2.130000000000000000e+03 9.999335100808112164e-01
2.135000000000000000e+03 9.999032620662512416e-01
2.140000000000000000e+03 9.999546197961496352e-01
2.145000000000000000e+03 9.999976119666990071e-01
2.150000000000000000e+03 9.999495835804672605e-01
2.155000000000000000e+03 9.998998501712657028e-01
2.160000000000000000e+03 9.999462356875630231e-01
2.165000000000000000e+03 9.999993653623913126e-01
2.170000000000000000e+03 9.999578587677591113e-01
2.175000000000000000e+03 9.999028002514087632e-01
2.180000000000000000e+03 9.999328192881763444e-01
2.185000000000000000e+03 9.999914641915420566e-01
2.190000000000000000e+03 9.999739333394922491e-01
2.195000000000000000e+03 9.999060144825748786e-01
2.200000000000000000e+03 9.999234119701601031e-01
2.205000000000000000e+03 9.999897789578231500e-01
2.210000000000000000e+03 9.999810943296123522e-01
2.215000000000000000e+03 9.999129374243757029e-01
2.220000000000000000e+03 9.999145214152926897e-01
2.225000000000000000e+03 9.999764373680067875e-01
2.230000000000000000e+03 9.999905711720636914e-01
2.235000000000000000e+03 9.999242740725103884e-01
2.240000000000000000e+03 9.999060608329904953e-01
2.245000000000000000e+03 9.999709166091867996e-01
2.250000000000000000e+03 9.999963809617077315e-01
2.255000000000000000e+03 9.999325354272471378e-01
2.260000000000000000e+03 9.999033144495649283e-01
2.265000000000000000e+03 9.999561185875607272e-01
2.270000000000000000e+03 9.999962248991758340e-01
2.275000000000000000e+03 9.999490947860326662e-01
2.280000000000000000e+03 9.998991004557979956e-01
2.285000000000000000e+03 9.999473243867387229e-01
2.290000000000000000e+03 9.999994849270049668e-01
2.295000000000000000e+03 9.999574873131555908e-01
2.300000000000000000e+03 9.999019487252757132e-01
2.305000000000000000e+03 9.999344228546255264e-01
2.310000000000000000e+03 9.999911764909090728e-01
2.315000000000000000e+03 9.999726018326579036e-01
2.320000000000000000e+03 9.999056799456388367e-01
2.325000000000000000e+03 9.999236855367242827e-01
2.330000000000000000e+03 9.999904203670425540e-01
2.335000000000000000e+03 9.999809799255451326e-01
2.340000000000000000e+03 9.999118476516881682e-01
2.345000000000000000e+03 9.999154538091931110e-01
2.350000000000000000e+03 9.999774497053259825e-01
2.355000000000000000e+03 9.999887332550727592e-01
2.360000000000000000e+03 9.999241832437794075e-01
2.365000000000000000e+03 9.999055661564058006e-01
2.370000000000000000e+03 9.999720260974481745e-01
2.375000000000000000e+03 9.999962235953040457e-01
2.380000000000000000e+03 9.999318718946430540e-01
2.385000000000000000e+03 9.999031941492556586e-01
2.390000000000000000e+03 9.999578744748235382e-01
2.395000000000000000e+03 9.999949790223496837e-01
2.400000000000000000e+03 9.999483292181279293e-01
2.405000000000000000e+03 9.998987196128179544e-01
2.410000000000000000e+03 9.999481023485190523e-01
2.415000000000000000e+03 9.999995999418805903e-01
2.420000000000000000e+03 9.999572401648022524e-01
2.425000000000000000e+03 9.999010996987174327e-01
2.430000000000000000e+03 9.999360435116820822e-01
2.435000000000000000e+03 9.999913025827706914e-01
2.440000000000000000e+03 9.999708390538030178e-01
2.445000000000000000e+03 9.999058093924674262e-01
2.450000000000000000e+03 9.999236221944935998e-01
2.455000000000000000e+03 9.999911692004205266e-01
2.460000000000000000e+03 9.999807122466799481e-01
2.465000000000000000e+03 9.999110378029911761e-01
2.470000000000000000e+03 9.999161983762362427e-01
2.475000000000000000e+03 9.999788461636571757e-01
2.480000000000000000e+03 9.999868112588584657e-01
2.485000000000000000e+03 9.999240858203353177e-01
2.490000000000000000e+03 9.999052111767409157e-01
2.495000000000000000e+03 9.999729926567273441e-01
2.500000000000000000e+03 9.999959268251599198e-01
2.505000000000000000e+03 9.999314995365689018e-01
2.510000000000000000e+03 9.999029200019565744e-01
2.515000000000000000e+03 9.999597859490608753e-01
2.520000000000000000e+03 9.999940707315253530e-01
2.525000000000000000e+03 9.999471320627844051e-01
2.530000000000000000e+03 9.998988670882370533e-01
2.535000000000000000e+03 9.999484959997463340e-01
2.540000000000000000e+03 9.999997756531407989e-01
2.545000000000000000e+03 9.999569913956651845e-01
2.550000000000000000e+03 9.999003897050341427e-01
2.555000000000000000e+03 9.999375413092287390e-01
2.560000000000000000e+03 9.999918971307512061e-01
2.565000000000000000e+03 9.999687651315863901e-01
2.570000000000000000e+03 9.999062346706206750e-01
2.575000000000000000e+03 9.999234339718495734e-01
2.580000000000000000e+03 9.999919258730691762e-01
2.585000000000000000e+03 9.999802494773236683e-01
2.590000000000000000e+03 9.999105817424452924e-01
2.595000000000000000e+03 9.999166971219791700e-01
2.600000000000000000e+03 9.999805475073950678e-01
2.605000000000000000e+03 9.999850453020564522e-01
2.610000000000000000e+03 9.999237273378213109e-01
2.615000000000000000e+03 9.999052619991060098e-01
2.620000000000000000e+03 9.999736652789136260e-01
2.625000000000000000e+03 9.999955668139643983e-01
2.630000000000000000e+03 9.999313207974337425e-01
2.635000000000000000e+03 9.999025946328385928e-01
2.640000000000000000e+03 9.999616999394945749e-01
2.645000000000000000e+03 9.999936332162357999e-01
2.650000000000000000e+03 9.999454884303238256e-01
2.655000000000000000e+03 9.998995230223006736e-01
2.660000000000000000e+03 9.999485776542285098e-01
2.665000000000000000e+03 1.000000016277141413e+00
2.670000000000000000e+03 9.999566132307637911e-01
2.675000000000000000e+03 9.998999633961541678e-01
2.680000000000000000e+03 9.999387924756739654e-01
2.685000000000000000e+03 9.999929246776984026e-01
2.690000000000000000e+03 9.999666037303096555e-01
2.695000000000000000e+03 9.999066874199742383e-01
2.700000000000000000e+03 9.999233985410268533e-01
2.705000000000000000e+03 9.999925510625184977e-01
2.710000000000000000e+03 9.999796048114983904e-01
2.715000000000000000e+03 9.999104669170101323e-01
2.720000000000000000e+03 9.999169789735617986e-01
2.725000000000000000e+03 9.999824071142672244e-01
2.730000000000000000e+03 9.999836464103151190e-01
2.735000000000000000e+03 9.999229464538544887e-01
2.740000000000000000e+03 9.999058570526748735e-01
2.745000000000000000e+03 9.999739848482774862e-01
2.750000000000000000e+03 9.999952151404239986e-01
2.755000000000000000e+03 9.999311778242424564e-01
2.760000000000000000e+03 9.999023796246643281e-01
2.765000000000000000e+03 9.999634511400081749e-01
2.770000000000000000e+03 9.999937001625356370e-01
2.775000000000000000e+03 9.999435326447451144e-01
2.780000000000000000e+03 9.999005031877777894e-01
2.785000000000000000e+03 9.999485409152425452e-01
2.790000000000000000e+03 1.000000263773942466e+00
2.795000000000000000e+03 9.999560189679231881e-01
2.800000000000000000e+03 9.998999088503505162e-01
2.805000000000000000e+03 9.999397414669957129e-01
2.810000000000000000e+03 9.999942642386695502e-01
2.815000000000000000e+03 9.999646094264794671e-01
2.820000000000000000e+03 9.999069067832562219e-01
2.825000000000000000e+03 9.999237559674332143e-01
2.830000000000000000e+03 9.999929208413544934e-01
2.835000000000000000e+03 9.999788435656525865e-01
2.840000000000000000e+03 9.999105778454940863e-01
2.845000000000000000e+03 9.999171647078236580e-01
2.850000000000000000e+03 9.999842432249086421e-01
2.855000000000000000e+03 9.999827354726558148e-01
2.860000000000000000e+03 9.999217351017729571e-01
2.865000000000000000e+03 9.999069622813423486e-01
2.870000000000000000e+03 9.999740098199226823e-01
2.875000000000000000e+03 9.999949108575871826e-01
2.880000000000000000e+03 9.999309016527992977e-01
2.885000000000000000e+03 9.999024341483269129e-01
2.890000000000000000e+03 9.999649140896715860e-01
2.895000000000000000e+03 9.999941992642185085e-01
2.900000000000000000e+03 9.999414986033879904e-01
2.905000000000000000e+03 9.999015378711304525e-01
2.910000000000000000e+03 9.999486301218113438e-01
2.915000000000000000e+03 1.000000417693418964e+00
2.920000000000000000e+03 9.999551977178784412e-01
2.925000000000000000e+03 9.999002057834454060e-01
2.930000000000000000e+03 9.999404309782252698e-01
2.935000000000000000e+03 9.999957384799770255e-01
2.940000000000000000e+03 9.999629852944168507e-01
2.945000000000000000e+03 9.999067378957599006e-01
2.950000000000000000e+03 9.999246250905211575e-01
2.955000000000000000e+03 9.999929745113006474e-01
2.960000000000000000e+03 9.999780591662426055e-01
2.965000000000000000e+03 9.999107244127127814e-01
2.970000000000000000e+03 9.999174275033273496e-01
2.975000000000000000e+03 9.999858867167020771e-01
2.980000000000000000e+03 9.999823139708686748e-01
2.985000000000000000e+03 9.999202343641833135e-01
2.990000000000000000e+03 9.999083959006056510e-01
2.995000000000000000e+03 9.999738971079886740e-01
3.000000000000000000e+03 9.999946406313084957e-01
3.005000000000000000e+03 9.999303756540399712e-01
3.010000000000000000e+03 9.999028426348645082e-01
3.015000000000000000e+03 9.999660467422576415e-01
3.020000000000000000e+03 9.999949771361752449e-01
3.025000000000000000e+03 9.999396337633156273e-01
3.030000000000000000e+03 9.999023784345589805e-01
3.035000000000000000e+03 9.999490545756615223e-01
3.040000000000000000e+03 1.000000369444039139e+00
3.045000000000000000e+03 9.999542219884922645e-01
3.050000000000000000e+03 9.999007153961365635e-01
3.055000000000000000e+03 9.999409918105405248e-01
3.060000000000000000e+03 9.999971595223230425e-01
3.065000000000000000e+03 9.999618230828655197e-01
3.070000000000000000e+03 9.999061808366521698e-01
3.075000000000000000e+03 9.999259715575652407e-01
3.080000000000000000e+03 9.999927389173841608e-01
3.085000000000000000e+03 9.999773330657052428e-01
3.090000000000000000e+03 9.999107089586813935e-01
3.095000000000000000e+03 9.999179222802984102e-01
3.100000000000000000e+03 9.999872283567150522e-01
3.105000000000000000e+03 9.999822752130413939e-01
3.110000000000000000e+03 9.999186712781233943e-01
3.115000000000000000e+03 9.999099076469739611e-01
3.120000000000000000e+03 9.999738486579695662e-01
3.125000000000000000e+03 9.999943352426616805e-01
3.130000000000000000e+03 9.999295849278206916e-01
3.135000000000000000e+03 9.999035661296371558e-01
3.140000000000000000e+03 9.999669049339224847e-01
3.145000000000000000e+03 9.999958460767027768e-01
3.150000000000000000e+03 9.999381134222932177e-01
3.155000000000000000e+03 9.999028856220475436e-01
3.160000000000000000e+03 9.999499219277354634e-01
3.165000000000000000e+03 1.000000040567709192e+00
3.170000000000000000e+03 9.999532191476030452e-01
3.175000000000000000e+03 9.999012233595171439e-01
3.180000000000000000e+03 9.999415919518276352e-01
3.185000000000000000e+03 9.999983770627681734e-01
3.190000000000000000e+03 9.999610874175545172e-01
3.195000000000000000e+03 9.999053731282795399e-01
3.200000000000000000e+03 9.999276359295039551e-01
3.205000000000000000e+03 9.999923227114676516e-01
3.210000000000000000e+03 9.999766930826380351e-01
3.215000000000000000e+03 9.999104057125189904e-01
3.220000000000000000e+03 9.999187141814220858e-01
3.225000000000000000e+03 9.999882472967142055e-01
3.230000000000000000e+03 9.999824487485947655e-01
3.235000000000000000e+03 9.999172666342532878e-01
3.240000000000000000e+03 9.999112756522057222e-01
3.245000000000000000e+03 9.999740464340481916e-01
3.250000000000000000e+03 9.999938870979000471e-01
3.255000000000000000e+03 9.999286259555433265e-01
3.260000000000000000e+03 9.999044443133227045e-01
3.265000000000000000e+03 9.999676178041210228e-01
3.270000000000000000e+03 9.999966361720660224e-01
3.275000000000000000e+03 9.999369898693351022e-01
3.280000000000000000e+03 9.999030646303682657e-01
3.285000000000000000e+03 9.999512146609068619e-01
3.290000000000000000e+03 9.999994133919362094e-01
3.295000000000000000e+03 9.999523141661179615e-01
3.300000000000000000e+03 9.999015224865918094e-01
3.305000000000000000e+03 9.999423641255460460e-01
3.310000000000000000e+03 9.999993130201646485e-01
3.315000000000000000e+03 9.999606461497992926e-01
3.320000000000000000e+03 9.999045184601482728e-01
3.325000000000000000e+03 9.999294046331180796e-01
3.330000000000000000e+03 9.999918850103977075e-01
3.335000000000000000e+03 9.999760889023745491e-01
3.340000000000000000e+03 9.999098165931002979e-01
3.345000000000000000e+03 9.999197404804630596e-01
3.350000000000000000e+03 9.999890080991562513e-01
3.355000000000000000e+03 9.999826588037800112e-01
3.360000000000000000e+03 9.999161544722575679e-01
3.365000000000000000e+03 9.999123795074084109e-01
3.370000000000000000e+03 9.999746006877492377e-01
3.375000000000000000e+03 9.999931861066011507e-01
3.380000000000000000e+03 9.999276667054159962e-01
3.385000000000000000e+03 9.999052534205722376e-01
3.390000000000000000e+03 9.999683312652416500e-01
3.395000000000000000e+03 9.999972354509376604e-01
3.400000000000000000e+03 9.999361936527261241e-01
3.405000000000000000e+03 9.999030374667090548e-01
3.410000000000000000e+03 9.999528134825979020e-01
3.415000000000000000e+03 9.999985448343997607e-01
3.420000000000000000e+03 9.999515664605587162e-01
3.425000000000000000e+03 9.999015008234951596e-01
3.430000000000000000e+03 9.999433433179404362e-01
3.435000000000000000e+03 9.999999709427869199e-01
3.440000000000000000e+03 9.999603300544170903e-01
3.445000000000000000e+03 9.999037967634701873e-01
3.450000000000000000e+03 9.999310903066642719e-01
3.455000000000000000e+03 9.999915910698735644e-01
3.460000000000000000e+03 9.999753992388614732e-01
3.465000000000000000e+03 9.999090746659861084e-01
3.470000000000000000e+03 9.999208276068871637e-01
3.475000000000000000e+03 9.999896255092962649e-01
3.480000000000000000e+03 9.999827743456674023e-01
3.485000000000000000e+03 9.999153456861122891e-01
3.490000000000000000e+03 9.999132221917957919e-01
3.495000000000000000e+03 9.999755279504992656e-01
3.500000000000000000e+03 9.999921636979196560e-01
3.505000000000000000e+03 9.999268702891203064e-01
3.510000000000000000e+03 9.999057988983522938e-01
3.515000000000000000e+03 9.999691419207439314e-01
3.520000000000000000e+03 9.999976062196361815e-01
3.525000000000000000e+03 9.999355808134379187e-01
3.530000000000000000e+03 9.999029711674168874e-01
3.535000000000000000e+03 9.999545521371946410e-01
3.540000000000000000e+03 9.999975588159525364e-01
3.545000000000000000e+03 9.999509297556148368e-01
3.550000000000000000e+03 9.999011948610933009e-01
3.555000000000000000e+03 9.999444443081970668e-01
3.560000000000000000e+03 1.000000417133603658e+00
3.565000000000000000e+03 9.999599951032271949e-01
3.570000000000000000e+03 9.999032958755860179e-01
3.575000000000000000e+03 9.999325879353495594e-01
3.580000000000000000e+03 9.999915699729284846e-01
3.585000000000000000e+03 9.999744728971958763e-01
3.590000000000000000e+03 9.999083886828304957e-01
3.595000000000000000e+03 9.999217607466139857e-01
3.600000000000000000e+03 9.999902096101187521e-01
3.605000000000000000e+03 9.999827343645321109e-01
3.610000000000000000e+03 9.999147463697959370e-01
3.615000000000000000e+03 9.999138983082973553e-01
3.620000000000000000e+03 9.999767616134357384e-01
3.625000000000000000e+03 9.999908294444859180e-01
3.630000000000000000e+03 9.999263140514709214e-01
3.635000000000000000e+03 9.999060032931256226e-01
3.640000000000000000e+03 9.999700502784427680e-01
3.645000000000000000e+03 9.999977747775146142e-01
3.650000000000000000e+03 9.999350010210958928e-01
3.655000000000000000e+03 9.999029980198649303e-01
3.660000000000000000e+03 9.999562773994131737e-01
3.665000000000000000e+03 9.999966188808417922e-01
3.670000000000000000e+03 9.999502566026401418e-01
3.675000000000000000e+03 9.999007804493449392e-01
3.680000000000000000e+03 9.999454930105181605e-01
3.685000000000000000e+03 1.000000740700647262e+00
3.690000000000000000e+03 9.999595627951779475e-01
3.695000000000000000e+03 9.999029919016967360e-01
3.700000000000000000e+03 9.999338876761867390e-01
3.705000000000000000e+03 9.999918863070335062e-01
3.710000000000000000e+03 9.999731909566733634e-01
3.715000000000000000e+03 9.999079492234994593e-01
3.720000000000000000e+03 9.999223786386214341e-01
3.725000000000000000e+03 9.999908135230928252e-01
3.730000000000000000e+03 9.999825434146150105e-01
3.735000000000000000e+03 9.999142164916379194e-01
3.740000000000000000e+03 9.999145299229841299e-01
3.745000000000000000e+03 9.999781850758555635e-01
3.750000000000000000e+03 9.999892852632655815e-01
3.755000000000000000e+03 9.999259411920242702e-01
3.760000000000000000e+03 9.999059489178342419e-01
3.765000000000000000e+03 9.999709556187676984e-01
3.770000000000000000e+03 9.999978010730429245e-01
3.775000000000000000e+03 9.999343555029874819e-01
3.780000000000000000e+03 9.999031638008285539e-01
3.785000000000000000e+03 9.999578901668575437e-01
3.790000000000000000e+03 9.999958880756061319e-01
3.795000000000000000e+03 9.999493509397178181e-01
3.800000000000000000e+03 9.999005008557851903e-01
3.805000000000000000e+03 9.999463016540207638e-01
3.810000000000000000e+03 1.000001007956309529e+00
3.815000000000000000e+03 9.999590263574387183e-01
3.820000000000000000e+03 9.999027810264841110e-01
3.825000000000000000e+03 9.999350466536891524e-01
3.830000000000000000e+03 9.999925312196572547e-01
3.835000000000000000e+03 9.999715260956242302e-01
3.840000000000000000e+03 9.999078365138618363e-01
3.845000000000000000e+03 9.999226525261963872e-01
3.850000000000000000e+03 9.999914060058658904e-01
3.855000000000000000e+03 9.999822444804091770e-01
3.860000000000000000e+03 9.999136382613180718e-01
3.865000000000000000e+03 9.999152030809062008e-01
3.870000000000000000e+03 9.999796711464690180e-01
3.875000000000000000e+03 9.999877086434509899e-01
3.880000000000000000e+03 9.999255701461425838e-01
3.885000000000000000e+03 9.999058528601775242e-01
3.890000000000000000e+03 9.999716977059904810e-01
3.895000000000000000e+03 9.999977411797186244e-01
3.900000000000000000e+03 9.999336219552948934e-01
3.905000000000000000e+03 9.999034234740589167e-01
3.910000000000000000e+03 9.999593557862110904e-01
3.915000000000000000e+03 9.999954869291662884e-01
3.920000000000000000e+03 9.999480502069527654e-01
3.925000000000000000e+03 9.999005602768044065e-01
3.930000000000000000e+03 9.999467570865128163e-01
3.935000000000000000e+03 1.000001229000355263e+00
3.940000000000000000e+03 9.999584267890433420e-01
3.945000000000000000e+03 9.999025419357038258e-01
3.950000000000000000e+03 9.999361397495919457e-01
3.955000000000000000e+03 9.999934317126396577e-01
3.960000000000000000e+03 9.999695734366850219e-01
3.965000000000000000e+03 9.999079719354772022e-01
3.970000000000000000e+03 9.999227128167393897e-01
3.975000000000000000e+03 9.999918819101836220e-01
3.980000000000000000e+03 9.999818836848619608e-01
3.985000000000000000e+03 9.999129627315632707e-01
3.990000000000000000e+03 9.999159335197351783e-01
3.995000000000000000e+03 9.999811131759542837e-01
4.000000000000000000e+03 9.999863070601522352e-01
4.005000000000000000e+03 9.999249623764190353e-01
4.010000000000000000e+03 9.999059812908530631e-01
4.015000000000000000e+03 9.999721297485713034e-01
4.020000000000000000e+03 9.999976170035709266e-01
4.025000000000000000e+03 9.999328412518715403e-01
4.030000000000000000e+03 9.999036798877816157e-01
4.035000000000000000e+03 9.999606873159098130e-01
4.040000000000000000e+03 9.999954610904631114e-01
4.045000000000000000e+03 9.999463038012991190e-01
4.050000000000000000e+03 9.999010284590332809e-01
4.055000000000000000e+03 9.999468838385405789e-01
4.060000000000000000e+03 1.000001349944855900e+00
4.065000000000000000e+03 9.999578145991654399e-01
4.070000000000000000e+03 9.999021964179889421e-01
4.075000000000000000e+03 9.999372156096024700e-01
4.080000000000000000e+03 9.999944727721671311e-01
4.085000000000000000e+03 9.999675367655939118e-01
4.090000000000000000e+03 9.999081379721845853e-01
4.095000000000000000e+03 9.999228085341672623e-01
4.100000000000000000e+03 9.999921077707352168e-01
4.105000000000000000e+03 9.999814819769413665e-01
4.110000000000000000e+03 9.999122169146718031e-01
4.115000000000000000e+03 9.999166728893347234e-01
4.120000000000000000e+03 9.999824407417229333e-01
4.125000000000000000e+03 9.999852569111910006e-01
4.130000000000000000e+03 9.999239228407131863e-01
4.135000000000000000e+03 9.999065376340525724e-01
4.140000000000000000e+03 9.999721924582690713e-01
4.145000000000000000e+03 9.999974037677068495e-01
4.150000000000000000e+03 9.999320786290539775e-01
4.155000000000000000e+03 9.999038414596677082e-01
4.160000000000000000e+03 9.999619164899271606e-01
4.165000000000000000e+03 9.999957682010689464e-01
4.170000000000000000e+03 9.999442134280253081e-01
4.175000000000000000e+03 9.999017993527207215e-01
4.180000000000000000e+03 9.999468528267362322e-01
4.185000000000000000e+03 1.000001274005209329e+00
4.190000000000000000e+03 9.999572168661559068e-01
4.195000000000000000e+03 9.999017402257817100e-01
4.200000000000000000e+03 9.999382772473615066e-01
4.205000000000000000e+03 9.999955257708680323e-01
4.210000000000000000e+03 9.999656710081210598e-01
4.215000000000000000e+03 9.999080617903218782e-01
4.220000000000000000e+03 9.999232137412056298e-01
4.225000000000000000e+03 9.999919845877169866e-01
4.230000000000000000e+03 9.999810237399048285e-01
4.235000000000000000e+03 9.999114742526019617e-01
4.240000000000000000e+03 9.999173460393491197e-01
4.245000000000000000e+03 9.999836211142996145e-01
4.250000000000000000e+03 9.999846473275871839e-01
4.255000000000000000e+03 9.999223912802057690e-01
4.260000000000000000e+03 9.999075721872248135e-01
4.265000000000000000e+03 9.999719573053463817e-01
4.270000000000000000e+03 9.999970385170847686e-01
4.275000000000000000e+03 9.999313819108441859e-01
4.280000000000000000e+03 9.999038686991545966e-01
4.285000000000000000e+03 9.999630689889160706e-01
4.290000000000000000e+03 9.999962889723258419e-01
4.295000000000000000e+03 9.999420149314947048e-01
4.300000000000000000e+03 9.999026244508010253e-01
4.305000000000000000e+03 9.999469292772753537e-01
4.310000000000000000e+03 1.000000903287723286e+00
4.315000000000000000e+03 9.999566232674319544e-01
4.320000000000000000e+03 9.999012337320180022e-01
4.325000000000000000e+03 9.999392914253637521e-01
4.330000000000000000e+03 9.999964771430952526e-01
4.335000000000000000e+03 9.999641999232040668e-01
4.340000000000000000e+03 9.999075291966534884e-01
4.345000000000000000e+03 9.999241188035720151e-01
4.350000000000000000e+03 9.999915021946541582e-01
4.355000000000000000e+03 9.999804635559369492e-01
4.360000000000000000e+03 9.999108083197513208e-01
4.365000000000000000e+03 9.999178962189014808e-01
4.370000000000000000e+03 9.999846524424502725e-01
4.375000000000000000e+03 9.999844495377411269e-01
4.380000000000000000e+03 9.999204841900448670e-01
4.385000000000000000e+03 9.999089529257516595e-01
4.390000000000000000e+03 9.999716192561763917e-01
4.395000000000000000e+03 9.999964447928335609e-01
4.400000000000000000e+03 9.999307574822943190e-01
4.405000000000000000e+03 9.999037883350200273e-01
4.410000000000000000e+03 9.999641542448615139e-01
4.415000000000000000e+03 9.999968607872302684e-01
4.420000000000000000e+03 9.999400049276894187e-01
4.425000000000000000e+03 9.999032092948214601e-01
4.430000000000000000e+03 9.999473792469286693e-01
4.435000000000000000e+03 1.000000184807193548e+00
4.440000000000000000e+03 9.999559938420737870e-01
4.445000000000000000e+03 9.999007626185526521e-01
4.450000000000000000e+03 9.999402160739202516e-01
4.455000000000000000e+03 9.999972521551271365e-01
4.460000000000000000e+03 9.999632394227004895e-01
4.465000000000000000e+03 9.999064809428210854e-01
4.470000000000000000e+03 9.999255518029083190e-01
4.475000000000000000e+03 9.999907626029937990e-01
4.480000000000000000e+03 9.999797448461247296e-01
4.485000000000000000e+03 9.999102553455064823e-01
4.490000000000000000e+03 9.999183141021926735e-01
4.495000000000000000e+03 9.999855547535810851e-01
4.500000000000000000e+03 9.999845246157020862e-01
4.505000000000000000e+03 9.999184667918884495e-01
4.510000000000000000e+03 9.999104116614619953e-01
4.515000000000000000e+03 9.999714401097113958e-01
4.520000000000000000e+03 9.999955632089065904e-01
4.525000000000000000e+03 9.999301730691264600e-01
4.530000000000000000e+03 9.999036723410300587e-01
4.535000000000000000e+03 9.999651695926815576e-01
4.540000000000000000e+03 9.999973251566546262e-01
4.545000000000000000e+03 9.999384387845786648e-01
4.550000000000000000e+03 9.999033337111590258e-01
4.555000000000000000e+03 9.999483720073470971e-01
4.560000000000000000e+03 9.999991430299861594e-01
4.565000000000000000e+03 9.999552802215736502e-01
4.570000000000000000e+03 9.999003926438121415e-01
4.575000000000000000e+03 9.999410274545644794e-01
4.580000000000000000e+03 9.999978290415124649e-01
4.585000000000000000e+03 9.999627565955730990e-01
4.590000000000000000e+03 9.999050493955616847e-01
4.595000000000000000e+03 9.999273633621267310e-01
4.600000000000000000e+03 9.999899622552186340e-01
4.605000000000000000e+03 9.999788203007540233e-01
4.610000000000000000e+03 9.999098037267410977e-01
4.615000000000000000e+03 9.999186377909435874e-01
4.620000000000000000e+03 9.999863613150912212e-01
4.625000000000000000e+03 9.999846693389435881e-01
4.630000000000000000e+03 9.999166633004391569e-01
4.635000000000000000e+03 9.999116475731043563e-01
4.640000000000000000e+03 9.999716637671902664e-01
4.645000000000000000e+03 9.999943767268726358e-01
4.650000000000000000e+03 9.999295815772842877e-01
4.655000000000000000e+03 9.999035972818818285e-01
4.660000000000000000e+03 9.999661107167493457e-01
4.665000000000000000e+03 9.999975746345837191e-01
4.670000000000000000e+03 9.999374397583224994e-01
4.675000000000000000e+03 9.999029452083226799e-01
4.680000000000000000e+03 9.999499174403839730e-01
4.685000000000000000e+03 9.999978870122557817e-01
4.690000000000000000e+03 9.999544465655793024e-01
4.695000000000000000e+03 9.999001430961161896e-01
4.700000000000000000e+03 9.999417317729846211e-01
4.705000000000000000e+03 9.999982393769706324e-01
4.710000000000000000e+03 9.999625820682024324e-01
4.715000000000000000e+03 9.999035179777600035e-01
4.720000000000000000e+03 9.999292816282222551e-01
4.725000000000000000e+03 9.999893393802944397e-01
4.730000000000000000e+03 9.999776655783225721e-01
4.735000000000000000e+03 9.999094126743471866e-01
4.740000000000000000e+03 9.999189276339789378e-01
4.745000000000000000e+03 9.999871096410063442e-01
4.750000000000000000e+03 9.999846852410974041e-01
4.755000000000000000e+03 9.999153401964434584e-01
4.760000000000000000e+03 9.999124454654669814e-01
4.765000000000000000e+03 9.999724359143231656e-01
4.770000000000000000e+03 9.999929230117309276e-01
4.775000000000000000e+03 9.999289495391089355e-01
4.780000000000000000e+03 9.999036082717154272e-01
4.785000000000000000e+03 9.999669784433951047e-01
4.790000000000000000e+03 9.999975832475486159e-01
4.795000000000000000e+03 9.999369560208493102e-01
4.800000000000000000e+03 9.999021855813323700e-01
4.805000000000000000e+03 9.999518632418503694e-01
4.810000000000000000e+03 9.999965900863757584e-01
4.815000000000000000e+03 9.999534787219075405e-01
4.820000000000000000e+03 9.998999914766951713e-01
4.825000000000000000e+03 9.999423567523161305e-01
4.830000000000000000e+03 9.999985529488096825e-01
4.835000000000000000e+03 9.999624727251057443e-01
4.840000000000000000e+03 9.999022182571019046e-01
4.845000000000000000e+03 9.999310150240210415e-01
4.850000000000000000e+03 9.999891056617238316e-01
4.855000000000000000e+03 9.999762832746962316e-01
4.860000000000000000e+03 9.999090461996993362e-01
4.865000000000000000e+03 9.999192330573719589e-01
4.870000000000000000e+03 9.999878305982663473e-01
4.875000000000000000e+03 9.999844458990179152e-01
4.880000000000000000e+03 9.999146094464234080e-01
4.885000000000000000e+03 9.999127596421005792e-01
4.890000000000000000e+03 9.999737582567270744e-01
4.895000000000000000e+03 9.999912920548178485e-01
4.900000000000000000e+03 9.999282724532447819e-01
4.905000000000000000e+03 9.999037074583581042e-01
4.910000000000000000e+03 9.999677764999594931e-01
4.915000000000000000e+03 9.999974085466114548e-01
4.920000000000000000e+03 9.999367838753712157e-01
4.925000000000000000e+03 9.999013386925401647e-01
4.930000000000000000e+03 9.999539521261106012e-01
4.935000000000000000e+03 9.999954497977572299e-01
4.940000000000000000e+03 9.999523782715199482e-01
4.945000000000000000e+03 9.998999039858651461e-01
4.950000000000000000e+03 9.999429309028693424e-01
4.955000000000000000e+03 9.999988496683261952e-01
4.960000000000000000e+03 9.999622015800029295e-01
4.965000000000000000e+03 9.999014061158877364e-01
4.970000000000000000e+03 9.999323606221713900e-01
4.975000000000000000e+03 9.999893864803677257e-01
4.980000000000000000e+03 9.999747000755910831e-01
4.985000000000000000e+03 9.999087005533406902e-01
4.990000000000000000e+03 9.999195718831589419e-01
4.995000000000000000e+03 9.999885360954813285e-01
5.000000000000000000e+03 9.999839366825927778e-01
5.005000000000000000e+03 9.999143912229151443e-01
5.010000000000000000e+03 9.999127287723174051e-01
5.015000000000000000e+03 9.999754932725583023e-01
5.020000000000000000e+03 9.999896121212508149e-01
5.025000000000000000e+03 9.999275677833292519e-01
5.030000000000000000e+03 9.999038721873749758e-01
5.035000000000000000e+03 9.999685023649991233e-01
5.040000000000000000e+03 9.999971628966471959e-01
5.045000000000000000e+03 9.999366487481661236e-01
5.050000000000000000e+03 9.999007206136426573e-01
5.055000000000000000e+03 9.999559153754682406e-01
5.060000000000000000e+03 9.999946413197527972e-01
5.065000000000000000e+03 9.999511480628708870e-01
5.070000000000000000e+03 9.998998718857363688e-01
5.075000000000000000e+03 9.999434654035388448e-01
5.080000000000000000e+03 9.999991864289436982e-01
5.085000000000000000e+03 9.999616395949431080e-01
5.090000000000000000e+03 9.999011676821415451e-01
5.095000000000000000e+03 9.999332743880449126e-01
5.100000000000000000e+03 9.999901893710293477e-01
5.105000000000000000e+03 9.999729632803853185e-01
5.110000000000000000e+03 9.999084074023715241e-01
5.115000000000000000e+03 9.999199346169008740e-01
5.120000000000000000e+03 9.999892092810653832e-01
5.125000000000000000e+03 9.999832507072018428e-01
5.130000000000000000e+03 9.999144515576703363e-01
5.135000000000000000e+03 9.999126161911332522e-01
5.140000000000000000e+03 9.999774156165405214e-01
5.145000000000000000e+03 9.999880291739661198e-01
5.150000000000000000e+03 9.999268499459913473e-01
5.155000000000000000e+03 9.999040907741703066e-01
5.160000000000000000e+03 9.999691392115771515e-01
5.165000000000000000e+03 9.999969634308533140e-01
5.170000000000000000e+03 9.999363115232464683e-01
5.175000000000000000e+03 9.999005575423197678e-01
5.180000000000000000e+03 9.999575652733589948e-01
5.185000000000000000e+03 9.999942778970241086e-01
5.190000000000000000e+03 9.999497816286716523e-01
5.195000000000000000e+03 9.998999302706208514e-01
5.200000000000000000e+03 9.999439518027755103e-01
5.205000000000000000e+03 9.999995703108728318e-01
5.210000000000000000e+03 9.999607966733703446e-01
5.215000000000000000e+03 9.999013934185669861e-01
5.220000000000000000e+03 9.999338759866939208e-01
5.225000000000000000e+03 9.999914093071006205e-01
5.230000000000000000e+03 9.999711409723662792e-01
5.235000000000000000e+03 9.999082089304498489e-01
5.240000000000000000e+03 9.999203113201635684e-01
5.245000000000000000e+03 9.999898029166822688e-01
5.250000000000000000e+03 9.999825418788909070e-01
5.255000000000000000e+03 9.999144992430215595e-01
5.260000000000000000e+03 9.999127012704663864e-01
5.265000000000000000e+03 9.999792890709267024e-01
5.270000000000000000e+03 9.999866839113366046e-01
5.275000000000000000e+03 9.999261033419012401e-01
5.280000000000000000e+03 9.999043931310853672e-01
5.285000000000000000e+03 9.999696577397935160e-01
5.290000000000000000e+03 9.999968794240848835e-01
5.295000000000000000e+03 9.999356570459912996e-01
5.300000000000000000e+03 9.999009018530906623e-01
5.305000000000000000e+03 9.999588507697514395e-01
5.310000000000000000e+03 9.999943880281522146e-01
5.315000000000000000e+03 9.999482670187380684e-01
5.320000000000000000e+03 9.999001451334560420e-01
5.325000000000000000e+03 9.999443794377729233e-01
5.330000000000000000e+03 9.999999489848920842e-01
5.335000000000000000e+03 9.999598052042937280e-01
5.340000000000000000e+03 9.999018302714330897e-01
5.345000000000000000e+03 9.999343882458258115e-01
5.350000000000000000e+03 9.999928663601435064e-01
5.355000000000000000e+03 9.999693248229787335e-01
5.360000000000000000e+03 9.999081177333891679e-01
5.365000000000000000e+03 9.999207248104727830e-01
5.370000000000000000e+03 9.999902502828618145e-01
5.375000000000000000e+03 9.999819536197812608e-01
5.380000000000000000e+03 9.999143016261599071e-01
5.385000000000000000e+03 9.999131675592344282e-01
5.390000000000000000e+03 9.999809398067280863e-01
5.395000000000000000e+03 9.999856886895452934e-01
5.400000000000000000e+03 9.999252723592721992e-01
5.405000000000000000e+03 9.999048550915080602e-01
5.410000000000000000e+03 9.999700316938440192e-01
5.415000000000000000e+03 9.999968979279039161e-01
5.420000000000000000e+03 9.999347286885643671e-01
5.425000000000000000e+03 9.999016201266454074e-01
5.430000000000000000e+03 9.999598568059272496e-01
5.435000000000000000e+03 9.999949135002331735e-01
5.440000000000000000e+03 9.999466067790626633e-01
5.445000000000000000e+03 9.999005723065320650e-01
5.450000000000000000e+03 9.999447640096048584e-01
5.455000000000000000e+03 1.000000223825054935e+00
5.460000000000000000e+03 9.999588534269640006e-01
5.465000000000000000e+03 9.999021889144625863e-01
5.470000000000000000e+03 9.999350384328292707e-01
5.475000000000000000e+03 9.999943610732180410e-01
5.480000000000000000e+03 9.999676288377936650e-01
5.485000000000000000e+03 9.999080850836824519e-01
5.490000000000000000e+03 9.999212484943788004e-01
5.495000000000000000e+03 9.999904882857773014e-01
5.500000000000000000e+03 9.999815524863765459e-01
5.505000000000000000e+03 9.999137712715923110e-01
5.510000000000000000e+03 9.999140337656664546e-01
5.515000000000000000e+03 9.999822997599294716e-01
5.520000000000000000e+03 9.999851061767219829e-01
5.525000000000000000e+03 9.999242794509857202e-01
5.530000000000000000e+03 9.999055688012382648e-01
5.535000000000000000e+03 9.999702626942879036e-01
5.540000000000000000e+03 9.999969221642436290e-01
5.545000000000000000e+03 9.999336958626101612e-01
5.550000000000000000e+03 9.999024563149665479e-01
5.555000000000000000e+03 9.999607509145118645e-01
5.560000000000000000e+03 9.999957269702063334e-01
5.565000000000000000e+03 9.999448441164269230e-01
5.570000000000000000e+03 9.999012088577173829e-01
5.575000000000000000e+03 9.999451705029127613e-01
5.580000000000000000e+03 1.000000282859008882e+00
5.585000000000000000e+03 9.999580970873350738e-01
5.590000000000000000e+03 9.999022604491232258e-01
5.595000000000000000e+03 9.999359630558064538e-01
5.600000000000000000e+03 9.999957286387018973e-01
5.605000000000000000e+03 9.999661764174790912e-01
5.610000000000000000e+03 9.999079993194524008e-01
5.615000000000000000e+03 9.999219934569122392e-01
5.620000000000000000e+03 9.999904867282950471e-01
5.625000000000000000e+03 9.999812941929522303e-01
5.630000000000000000e+03 9.999129884147057723e-01
5.635000000000000000e+03 9.999151547083708902e-01
5.640000000000000000e+03 9.999834070867018587e-01
5.645000000000000000e+03 9.999849329771129947e-01
5.650000000000000000e+03 9.999230668434377911e-01
5.655000000000000000e+03 9.999065904215147516e-01
5.660000000000000000e+03 9.999704027586037158e-01
5.665000000000000000e+03 9.999968040712946538e-01
5.670000000000000000e+03 9.999327697964136563e-01
5.675000000000000000e+03 9.999031415515025056e-01
5.680000000000000000e+03 9.999617016914237322e-01
5.685000000000000000e+03 9.999966640580834065e-01
5.690000000000000000e+03 9.999430782150684482e-01
5.695000000000000000e+03 9.999019647741206329e-01
5.700000000000000000e+03 9.999457134892504317e-01
5.705000000000000000e+03 1.000000042854307880e+00
5.710000000000000000e+03 9.999575869087529156e-01
5.715000000000000000e+03 9.999019938161409771e-01
5.720000000000000000e+03 9.999371551936400149e-01
5.725000000000000000e+03 9.999968750310065380e-01
5.730000000000000000e+03 9.999650728333910887e-01
5.735000000000000000e+03 9.999077220696758195e-01
5.740000000000000000e+03 9.999230650596657721e-01
5.745000000000000000e+03 9.999902731389661570e-01
5.750000000000000000e+03 9.999810361157096539e-01
5.755000000000000000e+03 9.999121521026195225e-01
5.760000000000000000e+03 9.999162891851312018e-01
5.765000000000000000e+03 9.999843674360926471e-01
5.770000000000000000e+03 9.999850938570323811e-01
5.775000000000000000e+03 9.999216424037019602e-01
5.780000000000000000e+03 9.999078910272978238e-01
5.785000000000000000e+03 9.999705606722375517e-01
5.790000000000000000e+03 9.999963987744091565e-01
5.795000000000000000e+03 9.999321048368838838e-01
5.800000000000000000e+03 9.999035032806733447e-01
5.805000000000000000e+03 9.999628037445117412e-01
5.810000000000000000e+03 9.999975617948685391e-01
5.815000000000000000e+03 9.999414535183509534e-01
5.820000000000000000e+03 9.999026754660943483e-01
5.825000000000000000e+03 9.999465276496209976e-01
5.830000000000000000e+03 9.999994856144217570e-01
5.835000000000000000e+03 9.999572423462393944e-01
5.840000000000000000e+03 9.999015033213252135e-01
5.845000000000000000e+03 9.999384739901123753e-01
5.850000000000000000e+03 9.999977857999651221e-01
5.855000000000000000e+03 9.999643695921017761e-01
5.860000000000000000e+03 9.999071498632378097e-01
5.865000000000000000e+03 9.999245065753554762e-01
5.870000000000000000e+03 9.999899419946548518e-01
5.875000000000000000e+03 9.999805906157557267e-01
5.880000000000000000e+03 9.999114836292956054e-01
5.885000000000000000e+03 9.999172036861869728e-01
5.890000000000000000e+03 9.999852945340917953e-01
5.895000000000000000e+03 9.999854522550394309e-01
5.900000000000000000e+03 9.999201037753864263e-01
5.905000000000000000e+03 9.999093388762881895e-01
5.910000000000000000e+03 9.999708832759324206e-01
5.915000000000000000e+03 9.999956200356768798e-01
5.920000000000000000e+03 9.999317278460061464e-01
5.925000000000000000e+03 9.999035283818098474e-01
5.930000000000000000e+03 9.999640390381009381e-01
5.935000000000000000e+03 9.999982942352561022e-01
5.940000000000000000e+03 9.999401197048143342e-01
5.945000000000000000e+03 9.999031564584339726e-01
5.950000000000000000e+03 9.999477163260871437e-01
5.955000000000000000e+03 9.999986751070397695e-01
5.960000000000000000e+03 9.999568814332242539e-01
5.965000000000000000e+03 9.999010065897746546e-01
5.970000000000000000e+03 9.999397091472588261e-01
5.975000000000000000e+03 9.999985078745831091e-01
5.980000000000000000e+03 9.999640353628627132e-01
5.985000000000000000e+03 9.999062727238647863e-01
5.990000000000000000e+03 9.999262576063272512e-01
5.995000000000000000e+03 9.999896410931509161e-01
6.000000000000000000e+03 9.999797969013839438e-01
6.005000000000000000e+03 9.999111255822250577e-01
6.010000000000000000e+03 9.999177671672790924e-01
6.015000000000000000e+03 9.999862548405679119e-01
6.020000000000000000e+03 9.999858391222223863e-01
6.025000000000000000e+03 9.999186222775628963e-01
6.030000000000000000e+03 9.999107286729620458e-01
6.035000000000000000e+03 9.999715133200163253e-01
6.040000000000000000e+03 9.999944757576911814e-01
6.045000000000000000e+03 9.999315247910196547e-01
6.050000000000000000e+03 9.999033565225047271e-01
6.055000000000000000e+03 9.999652880182936521e-01
6.060000000000000000e+03 9.999987960721147262e-01
6.065000000000000000e+03 9.999391750004453794e-01
6.070000000000000000e+03 9.999032793815508802e-01
6.075000000000000000e+03 9.999492992316354467e-01
6.080000000000000000e+03 9.999977482329507339e-01
6.085000000000000000e+03 9.999562926117631090e-01
6.090000000000000000e+03 9.999007230798580004e-01
6.095000000000000000e+03 9.999406706969756753e-01
6.100000000000000000e+03 9.999991135299916012e-01
6.105000000000000000e+03 9.999639501254052876e-01
6.110000000000000000e+03 9.999051985703949486e-01
6.115000000000000000e+03 9.999281517704932121e-01
6.120000000000000000e+03 9.999895356909592747e-01
6.125000000000000000e+03 9.999785822408088221e-01
6.130000000000000000e+03 9.999110799620469781e-01
6.135000000000000000e+03 9.999179981846423315e-01
6.140000000000000000e+03 9.999872375100551380e-01
6.145000000000000000e+03 9.999860949214531836e-01
6.150000000000000000e+03 9.999173864455069838e-01
6.155000000000000000e+03 9.999118513074451986e-01
6.160000000000000000e+03 9.999725375164378871e-01
6.165000000000000000e+03 9.999930709018562958e-01
6.170000000000000000e+03 9.999312878101996871e-01
6.175000000000000000e+03 9.999032109897942888e-01
6.180000000000000000e+03 9.999663825053697330e-01
6.185000000000000000e+03 9.999990677630563596e-01
6.190000000000000000e+03 9.999386176660505221e-01
6.195000000000000000e+03 9.999030345449653190e-01
6.200000000000000000e+03 9.999511849298209354e-01
6.205000000000000000e+03 9.999968810888246740e-01
6.210000000000000000e+03 9.999553170521584544e-01
6.215000000000000000e+03 9.999007788119061990e-01
6.220000000000000000e+03 9.999412654897781305e-01
6.225000000000000000e+03 9.999996609124406355e-01
6.230000000000000000e+03 9.999639316525549271e-01
6.235000000000000000e+03 9.999041256779216402e-01
6.240000000000000000e+03 9.999299618028245629e-01
6.245000000000000000e+03 9.999897601290785865e-01
6.250000000000000000e+03 9.999769891763986562e-01
6.255000000000000000e+03 9.999112097205158367e-01
6.260000000000000000e+03 9.999180482308137607e-01
6.265000000000000000e+03 9.999881590339207982e-01
6.270000000000000000e+03 9.999861124564238812e-01
6.275000000000000000e+03 9.999165261965584639e-01
6.280000000000000000e+03 9.999125762021570107e-01
6.285000000000000000e+03 9.999739459140803977e-01
6.290000000000000000e+03 9.999915778194737870e-01
6.295000000000000000e+03 9.999307998296039779e-01
6.300000000000000000e+03 9.999033006210438224e-01
6.305000000000000000e+03 9.999671757971525521e-01
6.310000000000000000e+03 9.999991606680205258e-01
6.315000000000000000e+03 9.999383310104571487e-01
6.320000000000000000e+03 9.999025477671873441e-01
6.325000000000000000e+03 9.999531855496546218e-01
6.330000000000000000e+03 9.999962409361391469e-01
6.335000000000000000e+03 9.999539074843121211e-01
6.340000000000000000e+03 9.999011575557332776e-01
6.345000000000000000e+03 9.999415302811559547e-01
6.350000000000000000e+03 1.000000165013781750e+00
6.355000000000000000e+03 9.999637898506505973e-01
6.360000000000000000e+03 9.999032692351151885e-01
6.365000000000000000e+03 9.999314778975477713e-01
6.370000000000000000e+03 9.999903732911386012e-01
6.375000000000000000e+03 9.999751604330118226e-01
6.380000000000000000e+03 9.999112991990782850e-01
6.385000000000000000e+03 9.999181333940609928e-01
6.390000000000000000e+03 9.999888975691770820e-01
6.395000000000000000e+03 9.999858647720768490e-01
6.400000000000000000e+03 9.999160515225308243e-01
6.405000000000000000e+03 9.999129088856618663e-01
6.410000000000000000e+03 9.999756222953056772e-01
6.415000000000000000e+03 9.999901857371404912e-01
6.420000000000000000e+03 9.999299190075314758e-01
6.425000000000000000e+03 9.999037365322350768e-01
6.430000000000000000e+03 9.999676005573198134e-01
6.435000000000000000e+03 9.999991466584300381e-01
6.440000000000000000e+03 9.999381149310657690e-01
6.445000000000000000e+03 9.999020381211217723e-01
6.450000000000000000e+03 9.999550735195192885e-01
6.455000000000000000e+03 9.999959392564594651e-01
6.460000000000000000e+03 9.999521415837580030e-01
6.465000000000000000e+03 9.999017158134021477e-01
6.470000000000000000e+03 9.999416119007618065e-01
6.475000000000000000e+03 1.000000588125548484e+00
6.480000000000000000e+03 9.999633902037509126e-01
6.485000000000000000e+03 9.999027715591208842e-01
6.490000000000000000e+03 9.999325872864589515e-01
6.495000000000000000e+03 9.999913352239787612e-01
6.500000000000000000e+03 9.999732903907186943e-01
6.505000000000000000e+03 9.999111436002895426e-01
6.510000000000000000e+03 9.999184474526193744e-01
6.515000000000000000e+03 9.999893409151662249e-01
6.520000000000000000e+03 9.999854058737450702e-01
6.525000000000000000e+03 9.999158367106573131e-01
6.530000000000000000e+03 9.999129945459862556e-01
6.535000000000000000e+03 9.999773741618984690e-01
6.540000000000000000e+03 9.999890476232206060e-01
6.545000000000000000e+03 9.999286281058724635e-01
6.550000000000000000e+03 9.999044974444327716e-01
6.555000000000000000e+03 9.999676930423213594e-01
6.560000000000000000e+03 9.999990820390654012e-01
6.565000000000000000e+03 9.999377561641870082e-01
6.570000000000000000e+03 9.999017304862474198e-01
6.575000000000000000e+03 9.999566601820865097e-01
6.580000000000000000e+03 9.999960013642392731e-01
6.585000000000000000e+03 9.999501885481025809e-01
6.590000000000000000e+03 9.999022498567368133e-01
6.595000000000000000e+03 9.999417081858184009e-01
6.600000000000000000e+03 1.000000851262259349e+00
6.605000000000000000e+03 9.999627004834190647e-01
6.610000000000000000e+03 9.999026364477330286e-01
6.615000000000000000e+03 9.999333192912944757e-01
6.620000000000000000e+03 9.999925160064309093e-01
6.625000000000000000e+03 9.999715639827333469e-01
6.630000000000000000e+03 9.999106273189067862e-01
6.635000000000000000e+03 9.999190942201761079e-01
6.640000000000000000e+03 9.999894290271459374e-01
6.645000000000000000e+03 9.999848413722915996e-01
6.650000000000000000e+03 9.999156626401873860e-01
6.655000000000000000e+03 9.999130613493947273e-01
6.660000000000000000e+03 9.999789942900692008e-01
6.665000000000000000e+03 9.999882421302134228e-01
6.670000000000000000e+03 9.999270316197654829e-01
6.675000000000000000e+03 9.999054532670537121e-01
6.680000000000000000e+03 9.999675784625348118e-01
6.685000000000000000e+03 9.999989779237100640e-01
6.690000000000000000e+03 9.999371104005310151e-01
6.695000000000000000e+03 9.999017595004966452e-01
6.700000000000000000e+03 9.999578640987329958e-01
6.705000000000000000e+03 9.999963628627317469e-01
6.710000000000000000e+03 9.999482466824723970e-01
6.715000000000000000e+03 9.999025812624576792e-01
6.720000000000000000e+03 9.999419980299950605e-01
6.725000000000000000e+03 1.000000861157736676e+00
6.730000000000000000e+03 9.999617994138320087e-01
6.735000000000000000e+03 9.999027201647376906e-01
6.740000000000000000e+03 9.999338331566750560e-01
6.745000000000000000e+03 9.999937361482487130e-01
6.750000000000000000e+03 9.999701062964542198e-01
6.755000000000000000e+03 9.999097592108996402e-01
6.760000000000000000e+03 9.999200646355047573e-01
6.765000000000000000e+03 9.999891768965037953e-01
6.770000000000000000e+03 9.999842782357601934e-01
6.775000000000000000e+03 9.999153035103689469e-01
6.780000000000000000e+03 9.999133249978572335e-01
6.785000000000000000e+03 9.999803310374192344e-01
6.790000000000000000e+03 9.999877616855169515e-01
6.795000000000000000e+03 9.999253073366949351e-01
6.800000000000000000e+03 9.999064302119706760e-01
6.805000000000000000e+03 9.999674285139174001e-01
6.810000000000000000e+03 9.999987878423808318e-01
6.815000000000000000e+03 9.999361612509425346e-01
6.820000000000000000e+03 9.999021081792768273e-01
6.825000000000000000e+03 9.999587388650523767e-01
6.830000000000000000e+03 9.999968941470489536e-01
6.835000000000000000e+03 9.999464796023221913e-01
6.840000000000000000e+03 9.999026224985201328e-01
6.845000000000000000e+03 9.999425896758658006e-01
6.850000000000000000e+03 1.000000543538402731e+00
6.855000000000000000e+03 9.999608404516627802e-01
6.860000000000000000e+03 9.999027876403104864e-01
6.865000000000000000e+03 9.999343507165588951e-01
6.870000000000000000e+03 9.999948249679626588e-01
6.875000000000000000e+03 9.999689592089618939e-01
6.880000000000000000e+03 9.999086546798513497e-01
6.885000000000000000e+03 9.999212616046092572e-01
6.890000000000000000e+03 9.999886732619130969e-01
6.895000000000000000e+03 9.999837722644331350e-01
6.900000000000000000e+03 9.999146227329230863e-01
6.905000000000000000e+03 9.999138951521571173e-01
6.910000000000000000e+03 9.999813390113690970e-01
6.915000000000000000e+03 9.999875278968217707e-01
6.920000000000000000e+03 9.999236375186140169e-01
6.925000000000000000e+03 9.999072843241645359e-01
6.930000000000000000e+03 9.999674113254157781e-01
6.935000000000000000e+03 9.999984182212103834e-01
6.940000000000000000e+03 9.999350285847455888e-01
6.945000000000000000e+03 9.999026111596177602e-01
6.950000000000000000e+03 9.999594465133961885e-01
6.955000000000000000e+03 9.999974442496112337e-01
6.960000000000000000e+03 9.999449756770038000e-01
6.965000000000000000e+03 9.999023968411707708e-01
6.970000000000000000e+03 9.999435041999262808e-01
6.975000000000000000e+03 9.999998729603982728e-01
6.980000000000000000e+03 9.999599827595947454e-01
6.985000000000000000e+03 9.999026129537976759e-01
6.990000000000000000e+03 9.999350609070468687e-01
6.995000000000000000e+03 9.999956752569740814e-01
7.000000000000000000e+03 9.999680890284305956e-01
7.005000000000000000e+03 9.999074786274165794e-01
7.010000000000000000e+03 9.999225545065361098e-01
7.015000000000000000e+03 9.999880598554712341e-01
7.020000000000000000e+03 9.999832945083789726e-01
7.025000000000000000e+03 9.999136360735042528e-01
7.030000000000000000e+03 9.999147256121155847e-01
7.035000000000000000e+03 9.999820885585362085e-01
7.040000000000000000e+03 9.999874260444974183e-01
7.045000000000000000e+03 9.999221505351949535e-01
7.050000000000000000e+03 9.999079505594410389e-01
7.055000000000000000e+03 9.999676527548436722e-01
7.060000000000000000e+03 9.999977602265798238e-01
7.065000000000000000e+03 9.999339192767263684e-01
7.070000000000000000e+03 9.999030246124432919e-01
7.075000000000000000e+03 9.999601860130702402e-01
7.080000000000000000e+03 9.999978883161823040e-01
7.085000000000000000e+03 9.999437424404302721e-01
7.090000000000000000e+03 9.999020100334272687e-01
7.095000000000000000e+03 9.999446932451476755e-01
7.100000000000000000e+03 9.999988914496177328e-01
7.105000000000000000e+03 9.999593165238725989e-01
7.110000000000000000e+03 9.999020818465563787e-01
7.115000000000000000e+03 9.999360369918641744e-01
7.120000000000000000e+03 9.999962732195180060e-01
7.125000000000000000e+03 9.999674167050878193e-01
7.130000000000000000e+03 9.999063788507676076e-01
7.135000000000000000e+03 9.999238348356923600e-01
7.140000000000000000e+03 9.999875007700600449e-01
7.145000000000000000e+03 9.999827321208386577e-01
7.150000000000000000e+03 9.999125123502646817e-01
7.155000000000000000e+03 9.999156321424130800e-01
7.160000000000000000e+03 9.999827294273271328e-01
7.165000000000000000e+03 9.999873446467875127e-01
7.170000000000000000e+03 9.999208952136032780e-01
7.175000000000000000e+03 9.999084496361489993e-01
7.180000000000000000e+03 9.999682190133853954e-01
7.185000000000000000e+03 9.999967340075460731e-01
7.190000000000000000e+03 9.999330382520499327e-01
7.195000000000000000e+03 9.999031348793304685e-01
7.200000000000000000e+03 9.999611063365652086e-01
7.205000000000000000e+03 9.999981619017190848e-01
7.210000000000000000e+03 9.999427313844270193e-01
7.215000000000000000e+03 9.999015929953807280e-01
7.220000000000000000e+03 9.999460755796495404e-01
7.225000000000000000e+03 9.999977112749415253e-01
7.230000000000000000e+03 9.999588138445815177e-01
7.235000000000000000e+03 9.999012510533232811e-01
7.240000000000000000e+03 9.999372028483466401e-01
7.245000000000000000e+03 9.999966923266234708e-01
7.250000000000000000e+03 9.999668549650850835e-01
7.255000000000000000e+03 9.999054399685445293e-01
7.260000000000000000e+03 9.999250484793783533e-01
7.265000000000000000e+03 9.999871511757532083e-01
7.270000000000000000e+03 9.999819266517872007e-01
7.275000000000000000e+03 9.999115080300514657e-01
7.280000000000000000e+03 9.999163725537476566e-01
7.285000000000000000e+03 9.999834231981794552e-01
7.290000000000000000e+03 9.999872060400951668e-01
7.295000000000000000e+03 9.999198527038057893e-01
7.300000000000000000e+03 9.999088565318501320e-01
7.305000000000000000e+03 9.999691193408046797e-01
7.310000000000000000e+03 9.999953310147436936e-01
7.315000000000000000e+03 9.999324957872809394e-01
7.320000000000000000e+03 9.999028595552980070e-01
7.325000000000000000e+03 9.999622407331210105e-01
7.330000000000000000e+03 9.999982708657809694e-01
7.335000000000000000e+03 9.999418764077250277e-01
7.340000000000000000e+03 9.999012456081343148e-01
7.345000000000000000e+03 9.999475721771606818e-01
7.350000000000000000e+03 9.999965000730930420e-01
7.355000000000000000e+03 9.999583278827490762e-01
7.360000000000000000e+03 9.999003363825651469e-01
7.365000000000000000e+03 9.999383641478544194e-01
7.370000000000000000e+03 9.999970543488020391e-01
7.375000000000000000e+03 9.999663366346631665e-01
7.380000000000000000e+03 9.999046746558616361e-01
7.385000000000000000e+03 9.999261949615400047e-01
7.390000000000000000e+03 9.999871313562503916e-01
7.395000000000000000e+03 9.999807378954420622e-01
7.400000000000000000e+03 9.999108607667278603e-01
7.405000000000000000e+03 9.999167560320437742e-01
7.410000000000000000e+03 9.999842723570457892e-01
7.415000000000000000e+03 9.999869790438757899e-01
7.420000000000000000e+03 9.999189730819382227e-01
7.425000000000000000e+03 9.999092516661195473e-01
7.430000000000000000e+03 9.999703201123116836e-01
7.435000000000000000e+03 9.999936384783498777e-01
7.440000000000000000e+03 9.999322505380051629e-01
7.445000000000000000e+03 9.999022964712206418e-01
7.450000000000000000e+03 9.999634902367705580e-01
7.455000000000000000e+03 9.999982754019813846e-01
7.460000000000000000e+03 9.999411259729092949e-01
7.465000000000000000e+03 9.999010071657320475e-01
7.470000000000000000e+03 9.999491249639566037e-01
7.475000000000000000e+03 9.999954499795055129e-01
7.480000000000000000e+03 9.999576439506513426e-01
7.485000000000000000e+03 9.998996316088876180e-01
7.490000000000000000e+03 9.999392923396847044e-01
7.495000000000000000e+03 9.999974738362095161e-01
7.500000000000000000e+03 9.999658251742016279e-01
7.505000000000000000e+03 9.999040493541727637e-01
7.510000000000000000e+03 9.999273012177174458e-01
7.515000000000000000e+03 9.999875084816979287e-01
7.520000000000000000e+03 9.999791098736181549e-01
7.525000000000000000e+03 9.999106856523229947e-01
7.530000000000000000e+03 9.999167351937721104e-01
7.535000000000000000e+03 9.999852748432047633e-01
7.540000000000000000e+03 9.999866730036049978e-01
7.545000000000000000e+03 9.999182142755259628e-01
7.550000000000000000e+03 9.999096812374257404e-01
7.555000000000000000e+03 9.999717603282458622e-01
7.560000000000000000e+03 9.999918342941155336e-01
7.565000000000000000e+03 9.999321142882037217e-01
7.570000000000000000e+03 9.999016974256488277e-01
7.575000000000000000e+03 9.999646635989537513e-01
7.580000000000000000e+03 9.999982565852334471e-01
7.585000000000000000e+03 9.999404553319757305e-01
7.590000000000000000e+03 9.999008630429445654e-01
7.595000000000000000e+03 9.999506959397156391e-01
7.600000000000000000e+03 9.999947363499320785e-01
7.605000000000000000e+03 9.999565647867167950e-01
7.610000000000000000e+03 9.998993902204426076e-01
7.615000000000000000e+03 9.999398266371199995e-01
7.620000000000000000e+03 9.999980081604649129e-01
7.625000000000000000e+03 9.999653080750992018e-01
7.630000000000000000e+03 9.999035253708067339e-01
7.635000000000000000e+03 9.999283887642946844e-01
7.640000000000000000e+03 9.999882871633730685e-01
7.645000000000000000e+03 9.999771121763073589e-01
7.650000000000000000e+03 9.999109183860790395e-01
7.655000000000000000e+03 9.999164408262872783e-01
7.660000000000000000e+03 9.999863221534668334e-01
7.665000000000000000e+03 9.999863197154208461e-01
7.670000000000000000e+03 9.999175628896100898e-01
7.675000000000000000e+03 9.999101450512920541e-01
7.680000000000000000e+03 9.999733629161563497e-01
7.685000000000000000e+03 9.999901494039350469e-01
7.690000000000000000e+03 9.999318194529268622e-01
7.695000000000000000e+03 9.999013753571958096e-01
7.700000000000000000e+03 9.999655573664399943e-01
7.705000000000000000e+03 9.999982793182081720e-01
7.710000000000000000e+03 9.999398573440487770e-01
7.715000000000000000e+03 9.999007779853936739e-01
7.720000000000000000e+03 9.999522543330339186e-01
7.725000000000000000e+03 9.999944758685446189e-01
7.730000000000000000e+03 9.999549965892431391e-01
7.735000000000000000e+03 9.998997189229734683e-01
7.740000000000000000e+03 9.999399512899375120e-01
7.745000000000000000e+03 9.999986318794522600e-01
7.750000000000000000e+03 9.999647818897534624e-01
7.755000000000000000e+03 9.999030908372568138e-01
7.760000000000000000e+03 9.999294535356809677e-01
7.765000000000000000e+03 9.999894098730819358e-01
7.770000000000000000e+03 9.999749372753418131e-01
7.775000000000000000e+03 9.999113309849626541e-01
7.780000000000000000e+03 9.999161431106288189e-01
7.785000000000000000e+03 9.999872410435610703e-01
7.790000000000000000e+03 9.999859529453345441e-01
7.795000000000000000e+03 9.999170285370859723e-01
7.800000000000000000e+03 9.999106139211511035e-01
7.805000000000000000e+03 9.999750418347886916e-01
7.810000000000000000e+03 9.999888069286416714e-01
7.815000000000000000e+03 9.999311237156723875e-01
7.820000000000000000e+03 9.999015822276107190e-01
7.825000000000000000e+03 9.999660433937673787e-01
7.830000000000000000e+03 9.999983649786913231e-01
7.835000000000000000e+03 9.999393220901979795e-01
7.840000000000000000e+03 9.999007337752556790e-01
7.845000000000000000e+03 9.999537645014943132e-01
7.850000000000000000e+03 9.999946963064850758e-01
7.855000000000000000e+03 9.999530000871093005e-01
7.860000000000000000e+03 9.999005279032037175e-01
7.865000000000000000e+03 9.999398155386060028e-01
7.870000000000000000e+03 9.999992437150403424e-01
7.875000000000000000e+03 9.999642400369362916e-01
7.880000000000000000e+03 9.999027663636623764e-01
7.885000000000000000e+03 9.999304683331503574e-01
7.890000000000000000e+03 9.999907684661415441e-01
7.895000000000000000e+03 9.999728504342099145e-01
7.900000000000000000e+03 9.999116156633026664e-01
7.905000000000000000e+03 9.999161538356916568e-01
7.910000000000000000e+03 9.999878617910995526e-01
7.915000000000000000e+03 9.999855933993032631e-01
7.920000000000000000e+03 9.999166186630596975e-01
7.925000000000000000e+03 9.999110627800499307e-01
7.930000000000000000e+03 9.999767087631401541e-01
7.935000000000000000e+03 9.999879574934995574e-01
7.940000000000000000e+03 9.999299096068712256e-01
7.945000000000000000e+03 9.999024078955291994e-01
7.950000000000000000e+03 9.999661284442891152e-01
7.955000000000000000e+03 9.999984815004173688e-01
7.960000000000000000e+03 9.999388209111198522e-01
7.965000000000000000e+03 9.999007485620741154e-01
7.970000000000000000e+03 9.999551845640342052e-01
7.975000000000000000e+03 9.999953288050990041e-01
7.980000000000000000e+03 9.999507832137306540e-01
7.985000000000000000e+03 9.999015597989835413e-01
7.990000000000000000e+03 9.999396872723811391e-01
7.995000000000000000e+03 9.999997019667067333e-01
8.000000000000000000e+03 9.999636705913792500e-01
8.005000000000000000e+03 9.999025831016281618e-01
8.010000000000000000e+03 9.999314039413771393e-01
8.015000000000000000e+03 9.999922264090531643e-01
8.020000000000000000e+03 9.999711081450212147e-01
8.025000000000000000e+03 9.999115034799677115e-01
8.030000000000000000e+03 9.999167090388666468e-01
8.035000000000000000e+03 9.999880863448029622e-01
8.040000000000000000e+03 9.999852417856245346e-01
8.045000000000000000e+03 9.999163119101190933e-01
8.050000000000000000e+03 9.999114978606228332e-01
8.055000000000000000e+03 9.999782829342156454e-01
8.060000000000000000e+03 9.999876340833038224e-01
8.065000000000000000e+03 9.999282372320418277e-01
8.070000000000000000e+03 9.999037420608356541e-01
8.075000000000000000e+03 9.999659621449332736e-01
8.080000000000000000e+03 9.999985515751882437e-01
8.085000000000000000e+03 9.999383068170046851e-01
8.090000000000000000e+03 9.999008667214488444e-01
8.095000000000000000e+03 9.999564775945040118e-01
8.100000000000000000e+03 9.999962274516003280e-01
8.105000000000000000e+03 9.999486353365477642e-01
8.110000000000000000e+03 9.999024863269755370e-01
8.115000000000000000e+03 9.999398586108594333e-01
8.120000000000000000e+03 9.999998744882816482e-01
8.125000000000000000e+03 9.999630631110606460e-01
8.130000000000000000e+03 9.999025480324915671e-01
8.135000000000000000e+03 9.999322541756427984e-01
8.140000000000000000e+03 9.999936480360530622e-01
8.145000000000000000e+03 9.999698750925888335e-01
8.150000000000000000e+03 9.999108690402802591e-01
8.155000000000000000e+03 9.999178797385043227e-01
8.160000000000000000e+03 9.999879307327049771e-01
8.165000000000000000e+03 9.999848778016449113e-01
8.170000000000000000e+03 9.999160488610003839e-01
8.175000000000000000e+03 9.999119605431072699e-01
8.180000000000000000e+03 9.999797042042749551e-01
8.185000000000000000e+03 9.999877443365593477e-01
8.190000000000000000e+03 9.999263269776829111e-01
8.195000000000000000e+03 9.999053151997513433e-01
8.200000000000000000e+03 9.999657903021941241e-01
8.205000000000000000e+03 9.999984742086087675e-01
8.210000000000000000e+03 9.999377324644269649e-01
8.215000000000000000e+03 9.999011254758846112e-01
8.220000000000000000e+03 9.999576283513553765e-01
8.225000000000000000e+03 9.999972113752240155e-01
8.230000000000000000e+03 9.999468273913002525e-01
8.235000000000000000e+03 9.999030330665762412e-01
8.240000000000000000e+03 9.999405410034889474e-01
8.245000000000000000e+03 9.999996857497237546e-01
8.250000000000000000e+03 9.999624165942705423e-01
8.255000000000000000e+03 9.999026192270833446e-01
8.260000000000000000e+03 9.999330476984160665e-01
8.265000000000000000e+03 9.999949277240905987e-01
8.270000000000000000e+03 9.999691720605057288e-01
8.275000000000000000e+03 9.999097776404253235e-01
8.280000000000000000e+03 9.999195468410897458e-01
8.285000000000000000e+03 9.999875265931065238e-01
8.290000000000000000e+03 9.999844614017852074e-01
8.295000000000000000e+03 9.999157490376052726e-01
8.300000000000000000e+03 9.999125041890288834e-01
8.305000000000000000e+03 9.999809451821877193e-01
8.310000000000000000e+03 9.999881044925281737e-01
8.315000000000000000e+03 9.999244779407326922e-01
8.320000000000000000e+03 9.999068014529830517e-01
8.325000000000000000e+03 9.999658720215381935e-01
8.330000000000000000e+03 9.999981527043069196e-01
8.335000000000000000e+03 9.999370750373794969e-01
8.340000000000000000e+03 9.999015186316932979e-01
8.345000000000000000e+03 9.999586537195281899e-01
8.350000000000000000e+03 9.999981159300332934e-01
8.355000000000000000e+03 9.999455175968060550e-01
8.360000000000000000e+03 9.999030807429317713e-01
8.365000000000000000e+03 9.999417915174831917e-01
8.370000000000000000e+03 9.999991457421701924e-01
8.375000000000000000e+03 9.999617390972110886e-01
8.380000000000000000e+03 9.999027091474147477e-01
8.385000000000000000e+03 9.999338368618289064e-01
8.390000000000000000e+03 9.999960103188518801e-01
8.395000000000000000e+03 9.999688758851701387e-01
8.400000000000000000e+03 9.999084552364053691e-01
8.405000000000000000e+03 9.999214495638225619e-01
8.410000000000000000e+03 9.999870821434704293e-01
8.415000000000000000e+03 9.999839350084457346e-01
8.420000000000000000e+03 9.999153473091475508e-01
8.425000000000000000e+03 9.999131564415260076e-01
8.430000000000000000e+03 9.999820158430952066e-01
8.435000000000000000e+03 9.999885028578618940e-01
8.440000000000000000e+03 9.999229553499271450e-01
8.445000000000000000e+03 9.999079405975246360e-01
8.450000000000000000e+03 9.999663928239760358e-01
8.455000000000000000e+03 9.999975223389527823e-01
8.460000000000000000e+03 9.999363511880114963e-01
8.465000000000000000e+03 9.999019810059491808e-01
8.470000000000000000e+03 9.999595973179280506e-01
8.475000000000000000e+03 9.999988353348983061e-01
8.480000000000000000e+03 9.999447008921881208e-01
8.485000000000000000e+03 9.999027015650951977e-01
8.490000000000000000e+03 9.999434985303423673e-01
8.495000000000000000e+03 9.999983523895414894e-01
8.500000000000000000e+03 9.999610350380299106e-01
8.505000000000000000e+03 9.999027187599314193e-01
8.510000000000000000e+03 9.999346671175325385e-01
8.515000000000000000e+03 9.999968958593236090e-01
8.520000000000000000e+03 9.999687714459042365e-01
8.525000000000000000e+03 9.999071944190792705e-01
8.530000000000000000e+03 9.999232862393458987e-01
8.535000000000000000e+03 9.999868175754857980e-01
8.540000000000000000e+03 9.999832291766360681e-01
8.545000000000000000e+03 9.999148299015100383e-01
8.550000000000000000e+03 9.999138894887628082e-01
8.555000000000000000e+03 9.999829554116422825e-01
8.560000000000000000e+03 9.999887686903042860e-01
8.565000000000000000e+03 9.999218934926568103e-01
8.570000000000000000e+03 9.999086287655802874e-01
8.575000000000000000e+03 9.999674066052537391e-01
8.580000000000000000e+03 9.999965720106298583e-01
8.585000000000000000e+03 9.999356091373130528e-01
8.590000000000000000e+03 9.999024071883947373e-01
8.595000000000000000e+03 9.999605069749426534e-01
8.600000000000000000e+03 9.999993420284603030e-01
8.605000000000000000e+03 9.999442222154035775e-01
8.610000000000000000e+03 9.999021170879728304e-01
8.615000000000000000e+03 9.999454307063386782e-01
8.620000000000000000e+03 9.999974675196422469e-01
8.625000000000000000e+03 9.999602856820464236e-01
8.630000000000000000e+03 9.999025871112580122e-01
8.635000000000000000e+03 9.999355431509948655e-01
8.640000000000000000e+03 9.999976263075465166e-01
8.645000000000000000e+03 9.999686343686413625e-01
8.650000000000000000e+03 9.999062367214600622e-01
8.655000000000000000e+03 9.999248251814064625e-01
8.660000000000000000e+03 9.999868983625235241e-01
8.665000000000000000e+03 9.999822757645711047e-01
8.670000000000000000e+03 9.999142475792579532e-01
8.675000000000000000e+03 9.999146187311838130e-01
8.680000000000000000e+03 9.999838111737948676e-01
8.685000000000000000e+03 9.999888203396071207e-01
8.690000000000000000e+03 9.999212540218950229e-01
8.695000000000000000e+03 9.999089418755026104e-01
8.700000000000000000e+03 9.999688270405356905e-01
8.705000000000000000e+03 9.999953551201911095e-01
8.710000000000000000e+03 9.999348975285131669e-01
8.715000000000000000e+03 9.999026997227626889e-01
8.720000000000000000e+03 9.999614041476710957e-01
8.725000000000000000e+03 9.999996768177480400e-01
8.730000000000000000e+03 9.999438468305770211e-01
8.735000000000000000e+03 9.999015977072301942e-01
8.740000000000000000e+03 9.999473271647462136e-01
8.745000000000000000e+03 9.999966744073490732e-01
8.750000000000000000e+03 9.999594357125731747e-01
8.755000000000000000e+03 9.999023298079843247e-01
8.760000000000000000e+03 9.999364123753785583e-01
8.765000000000000000e+03 9.999982580468743665e-01
8.770000000000000000e+03 9.999683106825387746e-01
8.775000000000000000e+03 9.999056810988917743e-01
8.780000000000000000e+03 9.999259804217942582e-01
8.785000000000000000e+03 9.999873897036922754e-01
8.790000000000000000e+03 9.999810299134948011e-01
8.795000000000000000e+03 9.999136937434514039e-01
8.800000000000000000e+03 9.999152364819454686e-01
8.805000000000000000e+03 9.999846106657077627e-01
8.810000000000000000e+03 9.999886754399213151e-01
8.815000000000000000e+03 9.999208552975780151e-01
8.820000000000000000e+03 9.999090852041480071e-01
8.825000000000000000e+03 9.999704690078307090e-01
8.830000000000000000e+03 9.999939858370657797e-01
8.835000000000000000e+03 9.999342253754021081e-01
8.840000000000000000e+03 9.999028240871096207e-01
8.845000000000000000e+03 9.999622615088938904e-01
8.850000000000000000e+03 9.999999148681714134e-01
8.855000000000000000e+03 9.999433568909622538e-01
8.860000000000000000e+03 9.999013483415674086e-01
8.865000000000000000e+03 9.999489911105513551e-01
8.870000000000000000e+03 9.999961299390613956e-01
8.875000000000000000e+03 9.999583990680485091e-01
8.880000000000000000e+03 9.999020424065537815e-01
8.885000000000000000e+03 9.999371798439230519e-01
8.890000000000000000e+03 9.999988293109831616e-01
8.895000000000000000e+03 9.999677619401186046e-01
8.900000000000000000e+03 9.999054560272061520e-01
8.905000000000000000e+03 9.999268236001359611e-01
8.910000000000000000e+03 9.999882465577408786e-01
8.915000000000000000e+03 9.999794958400696210e-01
8.920000000000000000e+03 9.999132537181127933e-01
8.925000000000000000e+03 9.999156681493092114e-01
8.930000000000000000e+03 9.999853389168321671e-01
8.935000000000000000e+03 9.999884218397976365e-01
8.940000000000000000e+03 9.999204576994131788e-01
8.945000000000000000e+03 9.999092941807073975e-01
8.950000000000000000e+03 9.999721209813022815e-01
8.955000000000000000e+03 9.999926192201668007e-01
8.960000000000000000e+03 9.999335357644877353e-01
8.965000000000000000e+03 9.999028407737774460e-01
8.970000000000000000e+03 9.999630038565850976e-01
8.975000000000000000e+03 1.000000121378214368e+00
8.980000000000000000e+03 9.999426335068481997e-01
8.985000000000000000e+03 9.999014291355295958e-01
8.990000000000000000e+03 9.999503495805693865e-01
8.995000000000000000e+03 9.999959257042490002e-01
9.000000000000000000e+03 9.999570886387840751e-01
9.005000000000000000e+03 9.999018609587112527e-01
9.010000000000000000e+03 9.999377530829554050e-01
9.015000000000000000e+03 9.999993343965285497e-01
9.020000000000000000e+03 9.999670601097919720e-01
9.025000000000000000e+03 9.999053639560162576e-01
9.030000000000000000e+03 9.999275316560167770e-01
9.035000000000000000e+03 9.999893399128125804e-01
9.040000000000000000e+03 9.999777456382163976e-01
9.045000000000000000e+03 9.999129488105636954e-01
9.050000000000000000e+03 9.999159238036630093e-01
9.055000000000000000e+03 9.999859332086925567e-01
9.060000000000000000e+03 9.999881635498718557e-01
9.065000000000000000e+03 9.999198664824574534e-01
9.070000000000000000e+03 9.999097311950775335e-01
9.075000000000000000e+03 9.999736184067941069e-01
9.080000000000000000e+03 9.999914177586556319e-01
9.085000000000000000e+03 9.999327123447859789e-01
9.090000000000000000e+03 9.999028931285437460e-01
9.095000000000000000e+03 9.999635378942945962e-01
9.100000000000000000e+03 1.000000314045030869e+00
9.105000000000000000e+03 9.999416915360824776e-01
9.110000000000000000e+03 9.999017428506102867e-01
9.115000000000000000e+03 9.999514584453863542e-01
9.120000000000000000e+03 9.999960690198117508e-01
9.125000000000000000e+03 9.999554610636556262e-01
9.130000000000000000e+03 9.999018942362996043e-01
9.135000000000000000e+03 9.999380983646553034e-01
9.140000000000000000e+03 9.999997153837486552e-01
9.145000000000000000e+03 9.999663381465906387e-01
9.150000000000000000e+03 9.999051753886919469e-01
9.155000000000000000e+03 9.999282970442897600e-01
9.160000000000000000e+03 9.999905068520195117e-01
9.165000000000000000e+03 9.999759189914120272e-01
9.170000000000000000e+03 9.999127051410467981e-01
9.175000000000000000e+03 9.999161164611144459e-01
9.180000000000000000e+03 9.999863023225946668e-01
9.185000000000000000e+03 9.999879649157266126e-01
9.190000000000000000e+03 9.999190081303725997e-01
9.195000000000000000e+03 9.999104223244421608e-01
9.200000000000000000e+03 9.999748901549607716e-01
9.205000000000000000e+03 9.999905117713014935e-01
9.210000000000000000e+03 9.999316226181140799e-01
9.215000000000000000e+03 9.999031503757157546e-01
9.220000000000000000e+03 9.999638018947241136e-01
9.225000000000000000e+03 1.000000446392072639e+00
9.230000000000000000e+03 9.999406561824975004e-01
9.235000000000000000e+03 9.999020900824968638e-01
9.240000000000000000e+03 9.999524559754676689e-01
9.245000000000000000e+03 9.999964883739461685e-01
9.250000000000000000e+03 9.999535568539890118e-01
9.255000000000000000e+03 9.999021591502799122e-01
9.260000000000000000e+03 9.999382806542824742e-01
9.265000000000000000e+03 9.999998768767122126e-01
9.270000000000000000e+03 9.999657199563016796e-01
9.275000000000000000e+03 9.999047296101623017e-01
9.280000000000000000e+03 9.999292413708744665e-01
9.285000000000000000e+03 9.999916044202301624e-01
9.290000000000000000e+03 9.999741973433826647e-01
9.295000000000000000e+03 9.999123681732359215e-01
9.300000000000000000e+03 9.999164319334217232e-01
9.305000000000000000e+03 9.999863667866721872e-01
9.310000000000000000e+03 9.999878153123797908e-01
9.315000000000000000e+03 9.999179500195475301e-01
9.320000000000000000e+03 9.999112579240575505e-01
9.325000000000000000e+03 9.999759635167579930e-01
9.330000000000000000e+03 9.999899648532930563e-01
9.335000000000000000e+03 9.999301826476761912e-01
9.340000000000000000e+03 9.999037285022480681e-01
9.345000000000000000e+03 9.999638138458109005e-01
9.350000000000000000e+03 1.000000418211345554e+00
9.355000000000000000e+03 9.999396958285790005e-01
9.360000000000000000e+03 9.999022640452392974e-01
9.365000000000000000e+03 9.999534895811894586e-01
9.370000000000000000e+03 9.999970600484803240e-01
9.375000000000000000e+03 9.999515139355322768e-01
9.380000000000000000e+03 9.999025530027988440e-01
9.385000000000000000e+03 9.999384635368628871e-01
9.390000000000000000e+03 9.999997210847761941e-01
9.395000000000000000e+03 9.999652601799378093e-01
9.400000000000000000e+03 9.999039988897751030e-01
9.405000000000000000e+03 9.999303684691823735e-01
9.410000000000000000e+03 9.999925484094290828e-01
9.415000000000000000e+03 9.999727564232866461e-01
9.420000000000000000e+03 9.999117627165106104e-01
9.425000000000000000e+03 9.999170579905218847e-01
9.430000000000000000e+03 9.999861057908764339e-01
9.435000000000000000e+03 9.999876270254752786e-01
9.440000000000000000e+03 9.999168595879316390e-01
9.445000000000000000e+03 9.999120515883401783e-01
9.450000000000000000e+03 9.999769314427424671e-01
9.455000000000000000e+03 9.999897557901596956e-01
9.460000000000000000e+03 9.999284140865840609e-01
9.465000000000000000e+03 9.999046255196106792e-01
9.470000000000000000e+03 9.999636936895867079e-01
9.475000000000000000e+03 1.000000109603357723e+00
9.480000000000000000e+03 9.999389427339744341e-01
9.485000000000000000e+03 9.999021414471688241e-01
9.490000000000000000e+03 9.999546488740668204e-01
9.495000000000000000e+03 9.999976466909978878e-01
9.500000000000000000e+03 9.999495418791248813e-01
9.505000000000000000e+03 9.999028813448518349e-01
9.510000000000000000e+03 9.999388624416860605e-01
9.515000000000000000e+03 9.999991920524869959e-01
9.520000000000000000e+03 9.999649175907490140e-01
9.525000000000000000e+03 9.999030917844948796e-01
9.530000000000000000e+03 9.999315728503895828e-01
9.535000000000000000e+03 9.999933262098097408e-01
9.540000000000000000e+03 9.999717119179594160e-01
9.545000000000000000e+03 9.999107750165556752e-01
9.550000000000000000e+03 9.999181017996310317e-01
9.555000000000000000e+03 9.999855902750456327e-01
9.560000000000000000e+03 9.999872653932435629e-01
9.565000000000000000e+03 9.999159253052711804e-01
9.570000000000000000e+03 9.999126272128906479e-01
9.575000000000000000e+03 9.999779003978384040e-01
9.580000000000000000e+03 9.999897843551689425e-01
9.585000000000000000e+03 9.999264640918316127e-01
9.590000000000000000e+03 9.999057042004547702e-01
9.595000000000000000e+03 9.999636440469761300e-01
9.600000000000000000e+03 9.999994265934071258e-01
9.605000000000000000e+03 9.999384358391371075e-01
9.610000000000000000e+03 9.999017310554826343e-01
9.615000000000000000e+03 9.999559319429084381e-01
9.620000000000000000e+03 9.999981358665442910e-01
9.625000000000000000e+03 9.999478609723381206e-01
9.630000000000000000e+03 9.999029344601588765e-01
9.635000000000000000e+03 9.999396665752005031e-01
9.640000000000000000e+03 9.999983124941022039e-01
9.645000000000000000e+03 9.999645701854329438e-01
9.650000000000000000e+03 9.999021993808983044e-01
9.655000000000000000e+03 9.999326940299924082e-01
9.660000000000000000e+03 9.999939839202388603e-01
9.665000000000000000e+03 9.999710787309468163e-01
9.670000000000000000e+03 9.999094199490998758e-01
9.675000000000000000e+03 9.999195332039365613e-01
9.680000000000000000e+03 9.999849846310724377e-01
9.685000000000000000e+03 9.999865981466398157e-01
9.690000000000000000e+03 9.999152761981860982e-01
9.695000000000000000e+03 9.999128944000791330e-01
9.700000000000000000e+03 9.999789421104203768e-01
9.705000000000000000e+03 9.999899012310649038e-01
9.710000000000000000e+03 9.999245728433115987e-01
9.715000000000000000e+03 9.999067354220479986e-01
9.720000000000000000e+03 9.999638917394753079e-01
9.725000000000000000e+03 9.999983419860469791e-01
9.730000000000000000e+03 9.999381073312787471e-01
9.735000000000000000e+03 9.999011631393678323e-01
9.740000000000000000e+03 9.999572541144269300e-01
9.745000000000000000e+03 9.999984679874360793e-01
9.750000000000000000e+03 9.999466272046237947e-01
9.755000000000000000e+03 9.999025813407780294e-01
9.760000000000000000e+03 9.999409615183806332e-01
9.765000000000000000e+03 9.999971974055100743e-01
9.770000000000000000e+03 9.999640625633368085e-01
9.775000000000000000e+03 9.999015125371386592e-01
9.780000000000000000e+03 9.999335885992508555e-01
9.785000000000000000e+03 9.999945968181240818e-01
9.790000000000000000e+03 9.999707615786793680e-01
9.795000000000000000e+03 9.999078596246168127e-01
9.800000000000000000e+03 9.999211824234153223e-01
9.805000000000000000e+03 9.999845112521271728e-01
9.810000000000000000e+03 9.999855444584803132e-01
9.815000000000000000e+03 9.999149339464206143e-01
9.820000000000000000e+03 9.999128814392850284e-01
9.825000000000000000e+03 9.999800669709809631e-01
9.830000000000000000e+03 9.999899540802144049e-01
9.835000000000000000e+03 9.999229963676663502e-01
9.840000000000000000e+03 9.999074874827250659e-01
9.845000000000000000e+03 9.999646108468818184e-01
9.850000000000000000e+03 9.999969164315553050e-01
9.855000000000000000e+03 9.999378143222711346e-01
9.860000000000000000e+03 9.999006301536789154e-01
9.865000000000000000e+03 9.999584894528801282e-01
9.870000000000000000e+03 9.999986467594755846e-01
9.875000000000000000e+03 9.999458731829629077e-01
9.880000000000000000e+03 9.999018390548144453e-01
9.885000000000000000e+03 9.999426869424129505e-01
9.890000000000000000e+03 9.999960362767120747e-01
9.895000000000000000e+03 9.999632639887482410e-01
9.900000000000000000e+03 9.999011480757606929e-01
9.905000000000000000e+03 9.999341876566875120e-01
9.910000000000000000e+03 9.999952356348069671e-01
9.915000000000000000e+03 9.999705841483477187e-01
9.920000000000000000e+03 9.999063595542311278e-01
9.925000000000000000e+03 9.999227974702578070e-01
9.930000000000000000e+03 9.999843878722826096e-01
9.935000000000000000e+03 9.999841056880136581e-01
9.940000000000000000e+03 9.999148141556847280e-01
9.945000000000000000e+03 9.999127166891486063e-01
9.950000000000000000e+03 9.999812247890076389e-01
9.955000000000000000e+03 9.999898356541793154e-01
9.960000000000000000e+03 9.999219134954986377e-01
9.965000000000000000e+03 9.999078243887666861e-01
9.970000000000000000e+03 9.999658582669949114e-01
9.975000000000000000e+03 9.999952915967269540e-01
9.980000000000000000e+03 9.999373978674336305e-01
9.985000000000000000e+03 9.999003090567732954e-01
9.990000000000000000e+03 9.999595230441882254e-01
9.995000000000000000e+03 9.999987301964001762e-01
1.000000000000000000e+04 9.999454911737132301e-01
1.000500000000000000e+04 9.999008837385566784e-01
1.001000000000000000e+04 9.999446502616264887e-01
1.001500000000000000e+04 9.999950476756634954e-01
1.002000000000000000e+04 9.999621133701176445e-01
1.002500000000000000e+04 9.999011140601545833e-01
1.003000000000000000e+04 9.999345177665217577e-01
1.003500000000000000e+04 9.999959393710349254e-01
1.004000000000000000e+04 9.999703490738934830e-01
1.004500000000000000e+04 9.999051958541387286e-01
1.005000000000000000e+04 9.999241398223198685e-01
1.005500000000000000e+04 9.999847603354391490e-01
1.006000000000000000e+04 9.999823677648468356e-01
1.006500000000000000e+04 9.999147706373748834e-01
1.007000000000000000e+04 9.999125725521157415e-01
1.007500000000000000e+04 9.999823269558277827e-01
1.008000000000000000e+04 9.999895175618056520e-01
1.008500000000000000e+04 9.999213553787997810e-01
1.009000000000000000e+04 9.999077697778576690e-01
1.009500000000000000e+04 9.999675492556110434e-01
1.010000000000000000e+04 9.999936574571138825e-01
1.010500000000000000e+04 9.999367418964308918e-01
1.011000000000000000e+04 9.999003002907643767e-01
1.011500000000000000e+04 9.999602914716264612e-01
1.012000000000000000e+04 9.999988048790203754e-01
1.012500000000000000e+04 9.999452688356212926e-01
1.013000000000000000e+04 9.998999937664746485e-01
1.013500000000000000e+04 9.999465933870939072e-01
1.014000000000000000e+04 9.999944211578865039e-01
1.014500000000000000e+04 9.999606350982278569e-01
1.015000000000000000e+04 9.999013240296220628e-01
1.015500000000000000e+04 9.999346822641983490e-01
1.016000000000000000e+04 9.999967005490848493e-01
1.016500000000000000e+04 9.999699081313225824e-01
1.017000000000000000e+04 9.999045499764989131e-01
1.017500000000000000e+04 9.999250787454921907e-01
1.018000000000000000e+04 9.999856566227997012e-01
1.018500000000000000e+04 9.999804765039143062e-01
1.019000000000000000e+04 9.999146585047452573e-01
1.019500000000000000e+04 9.999126007005715300e-01
1.020000000000000000e+04 9.999832774706871596e-01
1.020500000000000000e+04 9.999890566780132994e-01
1.021000000000000000e+04 9.999211890652317525e-01
1.021500000000000000e+04 9.999075063702601573e-01
1.022000000000000000e+04 9.999694844630245827e-01
1.022500000000000000e+04 9.999922051923112454e-01
1.023000000000000000e+04 9.999358076877885582e-01
1.023500000000000000e+04 9.999006070079592412e-01
1.024000000000000000e+04 9.999607981152462965e-01
1.024500000000000000e+04 9.999989502547973474e-01
1.025000000000000000e+04 9.999449669063050772e-01
1.025500000000000000e+04 9.998994454152126954e-01
1.026000000000000000e+04 9.999482866060178665e-01
1.026500000000000000e+04 9.999942668954436842e-01
1.027000000000000000e+04 9.999589231476778695e-01
1.027500000000000000e+04 9.999016472777766396e-01
1.028000000000000000e+04 9.999348172236690591e-01
1.028500000000000000e+04 9.999974643775949579e-01
1.029000000000000000e+04 9.999692157778563573e-01
1.029500000000000000e+04 9.999044351802963693e-01
1.030000000000000000e+04 9.999256437989182400e-01
1.030500000000000000e+04 9.999869800419718402e-01
1.031000000000000000e+04 9.999785972279294777e-01
1.031500000000000000e+04 9.999143862702519758e-01
1.032000000000000000e+04 9.999128870728863916e-01
1.032500000000000000e+04 9.999840007597916580e-01
1.033000000000000000e+04 9.999885695695945875e-01
1.033500000000000000e+04 9.999211653237407571e-01
1.034000000000000000e+04 9.999073079590637958e-01
1.034500000000000000e+04 9.999714187953787636e-01
1.035000000000000000e+04 9.999910818816156732e-01
1.035500000000000000e+04 9.999346328940406092e-01
1.036000000000000000e+04 9.999011573517768703e-01
1.036500000000000000e+04 9.999611030735133799e-01
1.037000000000000000e+04 9.999992030148673328e-01
1.037500000000000000e+04 9.999444096872737164e-01
1.038000000000000000e+04 9.998994032823440570e-01
1.038500000000000000e+04 9.999496114017530912e-01
1.039000000000000000e+04 9.999945903978532113e-01
1.039500000000000000e+04 9.999571042203281301e-01
1.040000000000000000e+04 9.999019677391939309e-01
1.040500000000000000e+04 9.999350449523788376e-01
1.041000000000000000e+04 9.999981406167561815e-01
1.041500000000000000e+04 9.999683436780784085e-01
1.042000000000000000e+04 9.999046876286928898e-01
1.042500000000000000e+04 9.999260119925389434e-01
1.043000000000000000e+04 9.999885439857827407e-01
1.043500000000000000e+04 9.999768746141928233e-01
1.044000000000000000e+04 9.999139357159730901e-01
1.044500000000000000e+04 9.999134424124495046e-01
1.045000000000000000e+04 9.999844592715542158e-01
1.045500000000000000e+04 9.999881816613426233e-01
1.046000000000000000e+04 9.999210142481570474e-01
1.046500000000000000e+04 9.999074302885017085e-01
1.047000000000000000e+04 9.999731451147009231e-01
1.047500000000000000e+04 9.999903614021020681e-01
1.048000000000000000e+04 9.999333010222953844e-01
1.048500000000000000e+04 9.999018527427951941e-01
1.049000000000000000e+04 9.999612980345210511e-01
1.049500000000000000e+04 9.999995332286086835e-01
1.050000000000000000e+04 9.999435519512075432e-01
1.050500000000000000e+04 9.998998518569346405e-01
1.051000000000000000e+04 9.999505982797554093e-01
1.051500000000000000e+04 9.999952996979860620e-01
1.052000000000000000e+04 9.999552981180153122e-01
1.052500000000000000e+04 9.999022233084033928e-01
1.053000000000000000e+04 9.999354447613169050e-01
1.053500000000000000e+04 9.999986254455948131e-01
1.054000000000000000e+04 9.999674477491292679e-01
1.054500000000000000e+04 9.999050287646631396e-01
1.055000000000000000e+04 9.999264334722228753e-01
1.055500000000000000e+04 9.999901344828906469e-01
1.056000000000000000e+04 9.999754063379818758e-01
1.056500000000000000e+04 9.999133454683698519e-01
1.057000000000000000e+04 9.999142255502065924e-01
1.057500000000000000e+04 9.999846597539947535e-01
1.058000000000000000e+04 9.999879686618650121e-01
1.058500000000000000e+04 9.999205509410823423e-01
1.059000000000000000e+04 9.999080057559693868e-01
1.059500000000000000e+04 9.999745601467611156e-01
1.060000000000000000e+04 9.999900383975482976e-01
1.060500000000000000e+04 9.999319000483313236e-01
1.061000000000000000e+04 9.999026152077702401e-01
1.061500000000000000e+04 9.999614799783722585e-01
1.062000000000000000e+04 9.999998421679348048e-01
1.062500000000000000e+04 9.999424934953403676e-01
1.063000000000000000e+04 9.999005987635495307e-01
1.063500000000000000e+04 9.999514041299010225e-01
1.064000000000000000e+04 9.999962401618743835e-01
1.064500000000000000e+04 9.999535919428891306e-01
1.065000000000000000e+04 9.999024100488693723e-01
1.065500000000000000e+04 9.999360492661777400e-01
1.066000000000000000e+04 9.999988293478541124e-01
1.066500000000000000e+04 9.999666981853247982e-01
1.067000000000000000e+04 9.999051754917868129e-01
1.067500000000000000e+04 9.999271258246754668e-01
1.068000000000000000e+04 9.999915767677021172e-01
1.068500000000000000e+04 9.999742360034491462e-01
1.069000000000000000e+04 9.999126721455423583e-01
1.069500000000000000e+04 9.999151816531125503e-01
1.070000000000000000e+04 9.999846508688787772e-01
1.070500000000000000e+04 9.999879129888582519e-01
1.071000000000000000e+04 9.999197476035641685e-01
1.071500000000000000e+04 9.999089865683228329e-01
1.072000000000000000e+04 9.999756875841353532e-01
1.072500000000000000e+04 9.999900430850295896e-01
1.073000000000000000e+04 9.999304915958683315e-01
1.073500000000000000e+04 9.999034106375652708e-01
1.074000000000000000e+04 9.999617340077399108e-01
1.074500000000000000e+04 9.999999860314028322e-01
1.075000000000000000e+04 9.999414330136984219e-01
1.075500000000000000e+04 9.999013505813447722e-01
1.076000000000000000e+04 9.999522386049934930e-01
1.076500000000000000e+04 9.999972428508820954e-01
1.077000000000000000e+04 9.999520355144727590e-01
1.077500000000000000e+04 9.999025548141450281e-01
1.078000000000000000e+04 9.999368606882724775e-01
1.078500000000000000e+04 9.999987051051618669e-01
1.079000000000000000e+04 9.999661993226397483e-01
1.079500000000000000e+04 9.999049534503070547e-01
1.080000000000000000e+04 9.999281807954263357e-01
1.080500000000000000e+04 9.999927818426946891e-01
1.081000000000000000e+04 9.999733616194151908e-01
1.081500000000000000e+04 9.999119525985071810e-01
1.082000000000000000e+04 9.999162728895121255e-01
1.082500000000000000e+04 9.999845153043671608e-01
1.083000000000000000e+04 9.999878948198531736e-01
1.083500000000000000e+04 9.999187408466910787e-01
1.084000000000000000e+04 9.999101614632172064e-01
1.084500000000000000e+04 9.999766508495855355e-01
1.085000000000000000e+04 9.999902679439588438e-01
1.085500000000000000e+04 9.999291041162138294e-01
1.086000000000000000e+04 9.999042397359054757e-01
1.086500000000000000e+04 9.999621280805068846e-01
1.087000000000000000e+04 9.999998206211276885e-01
1.087500000000000000e+04 9.999405782683957744e-01
1.088000000000000000e+04 9.999018312768818140e-01
1.088500000000000000e+04 9.999532700201251290e-01
1.089000000000000000e+04 9.999981695691757544e-01
1.089500000000000000e+04 9.999506533970046185e-01
1.090000000000000000e+04 9.999026757730712367e-01
1.090500000000000000e+04 9.999378725677104951e-01
1.091000000000000000e+04 9.999982682274476398e-01
1.091500000000000000e+04 9.999659326404777282e-01
1.092000000000000000e+04 9.999043659981921017e-01
1.092500000000000000e+04 9.999295225942228527e-01
1.093000000000000000e+04 9.999937579894879747e-01
1.093500000000000000e+04 9.999727501411824759e-01
1.094000000000000000e+04 9.999111879868712860e-01
1.094500000000000000e+04 9.999174857746337963e-01
1.095000000000000000e+04 9.999843583791580004e-01
1.095500000000000000e+04 9.999877249782729294e-01
1.096000000000000000e+04 9.999177694028139607e-01
1.096500000000000000e+04 9.999112405464426478e-01
1.097000000000000000e+04 9.999776079974965759e-01
1.097500000000000000e+04 9.999905960663800775e-01
1.098000000000000000e+04 9.999277490594853379e-01
1.098500000000000000e+04 9.999051063989639054e-01
1.099000000000000000e+04 9.999627149100551726e-01
1.099500000000000000e+04 9.999992529959049747e-01
1.100000000000000000e+04 9.999400491537623337e-01
1.100500000000000000e+04 9.999018944234910888e-01
1.101000000000000000e+04 9.999545494088858399e-01
1.101500000000000000e+04 9.999989411462397726e-01
1.102000000000000000e+04 9.999494607350782882e-01
1.102500000000000000e+04 9.999027554373669524e-01
1.103000000000000000e+04 9.999390817539358656e-01
1.103500000000000000e+04 9.999976024911985117e-01
1.104000000000000000e+04 9.999657487638075049e-01
1.104500000000000000e+04 9.999035890808785076e-01
1.105000000000000000e+04 9.999309359682737597e-01
1.105500000000000000e+04 9.999945858283527667e-01
1.106000000000000000e+04 9.999723491000923614e-01
1.106500000000000000e+04 9.999103569570374495e-01
1.107000000000000000e+04 9.999188141190586965e-01
1.107500000000000000e+04 9.999842933393370270e-01
1.108000000000000000e+04 9.999872101652175216e-01
1.108500000000000000e+04 9.999170672545766303e-01
1.109000000000000000e+04 9.999119737937699481e-01
1.109500000000000000e+04 9.999786756409159150e-01
1.110000000000000000e+04 9.999909236999401374e-01
1.110500000000000000e+04 9.999264459625052393e-01
1.111000000000000000e+04 9.999059853894251004e-01
1.111500000000000000e+04 9.999635332762722983e-01
1.112000000000000000e+04 9.999982812171197555e-01
1.112500000000000000e+04 9.999398150052678513e-01
1.113000000000000000e+04 9.999015820928728315e-01
1.113500000000000000e+04 9.999559841590870413e-01
1.114000000000000000e+04 9.999995429929477986e-01
1.114500000000000000e+04 9.999484697757445861e-01
1.115000000000000000e+04 9.999027426875335411e-01
1.115500000000000000e+04 9.999404833302868445e-01
1.116000000000000000e+04 9.999968464741263441e-01
1.116500000000000000e+04 9.999654149831090910e-01
1.117000000000000000e+04 9.999028933044279421e-01
1.117500000000000000e+04 9.999321530920243228e-01
1.118000000000000000e+04 9.999953687219585996e-01
1.118500000000000000e+04 9.999720921512358363e-01
1.119000000000000000e+04 9.999094479466066332e-01
1.119500000000000000e+04 9.999202309795420796e-01
1.120000000000000000e+04 9.999844235010701965e-01
1.120500000000000000e+04 9.999862264974004322e-01
1.121000000000000000e+04 9.999167570097508007e-01
1.121500000000000000e+04 9.999122541094949135e-01
1.122000000000000000e+04 9.999798725337897265e-01
1.122500000000000000e+04 9.999911745750902359e-01
1.123000000000000000e+04 9.999252374286143885e-01
1.123500000000000000e+04 9.999068110505104912e-01
1.124000000000000000e+04 9.999646028700690525e-01
1.124500000000000000e+04 9.999970059393412658e-01
1.125000000000000000e+04 9.999396944800067466e-01
1.125500000000000000e+04 9.999011053348225708e-01
1.126000000000000000e+04 9.999573721720450559e-01
1.126500000000000000e+04 1.000000009567874049e+00
1.127000000000000000e+04 9.999476819980450681e-01
1.127500000000000000e+04 9.999025831176439061e-01
1.128000000000000000e+04 9.999420528048831303e-01
1.128500000000000000e+04 9.999961628567550775e-01
1.129000000000000000e+04 9.999647012786410105e-01
1.129500000000000000e+04 9.999025257872583561e-01
1.130000000000000000e+04 9.999329636531300025e-01
1.130500000000000000e+04 9.999961785092852384e-01
1.131000000000000000e+04 9.999719019507575801e-01
1.131500000000000000e+04 9.999084891880920534e-01
1.132000000000000000e+04 9.999216698873283349e-01
1.132500000000000000e+04 9.999848226599823420e-01
1.133000000000000000e+04 9.999847720871432033e-01
1.133500000000000000e+04 9.999167894008956781e-01
1.134000000000000000e+04 9.999121618678066259e-01
1.134500000000000000e+04 9.999811051348307389e-01
1.135000000000000000e+04 9.999913064554502018e-01
1.135500000000000000e+04 9.999241815781346743e-01
1.136000000000000000e+04 9.999074966462251357e-01
1.136500000000000000e+04 9.999659129399758317e-01
1.137000000000000000e+04 9.999956074181916010e-01
1.137500000000000000e+04 9.999394200878022332e-01
1.138000000000000000e+04 9.999007544629500144e-01
1.138500000000000000e+04 9.999584826322495124e-01
1.139000000000000000e+04 1.000000395305059353e+00
1.139500000000000000e+04 9.999470718725202989e-01
1.140000000000000000e+04 9.999022600687627049e-01
1.140500000000000000e+04 9.999437290355300822e-01
1.141000000000000000e+04 9.999956984112786662e-01
1.141500000000000000e+04 9.999634705730587880e-01
1.142000000000000000e+04 9.999026020468941844e-01
1.142500000000000000e+04 9.999333026816130676e-01
1.143000000000000000e+04 9.999970169949483623e-01
1.143500000000000000e+04 9.999716970907160940e-01
1.144000000000000000e+04 9.999075553319912713e-01
1.144500000000000000e+04 9.999230309824257423e-01
1.145000000000000000e+04 9.999855174717051653e-01
1.145500000000000000e+04 9.999829766865118152e-01
1.146000000000000000e+04 9.999169555484082039e-01
1.146500000000000000e+04 9.999119326010859066e-01
1.147000000000000000e+04 9.999822005198657493e-01
1.147500000000000000e+04 9.999913110985532150e-01
1.148000000000000000e+04 9.999233236508126010e-01
1.148500000000000000e+04 9.999079758450520883e-01
1.149000000000000000e+04 9.999674114918968293e-01
1.149500000000000000e+04 9.999942946744573291e-01
1.150000000000000000e+04 9.999387416558170871e-01
1.150500000000000000e+04 9.999007774070719501e-01
1.151000000000000000e+04 9.999591504672435960e-01
1.151500000000000000e+04 1.000000742238015716e+00
1.152000000000000000e+04 9.999465759915854290e-01
1.152500000000000000e+04 9.999018209918092426e-01
1.153000000000000000e+04 9.999454129386801116e-01
1.153500000000000000e+04 9.999955465013535827e-01
1.154000000000000000e+04 9.999617360956076784e-01
1.154500000000000000e+04 9.999030540950463175e-01
1.155000000000000000e+04 9.999332799946776262e-01
1.155500000000000000e+04 9.999978072883745073e-01
1.156000000000000000e+04 9.999714066616489649e-01
1.156500000000000000e+04 9.999067425714039947e-01
1.157000000000000000e+04 9.999242135915730190e-01
1.157500000000000000e+04 9.999864773821695030e-01
1.158000000000000000e+04 9.999810634474721738e-01
1.158500000000000000e+04 9.999169674007462039e-01
1.159000000000000000e+04 9.999118621017171193e-01
1.159500000000000000e+04 9.999829732771745583e-01
1.160000000000000000e+04 9.999912075175464432e-01
1.160500000000000000e+04 9.999226626581276811e-01
1.161000000000000000e+04 9.999082436361060866e-01
1.161500000000000000e+04 9.999690049107256007e-01
1.162000000000000000e+04 9.999932444904833240e-01
1.162500000000000000e+04 9.999375257624658619e-01
1.163000000000000000e+04 9.999012778612982322e-01
1.163500000000000000e+04 9.999593460285816082e-01
1.164000000000000000e+04 1.000001054583342430e+00
1.164500000000000000e+04 9.999461003058086606e-01
1.165000000000000000e+04 9.999013702499398581e-01
1.165500000000000000e+04 9.999469893436374601e-01
1.166000000000000000e+04 9.999957238814229932e-01
1.166500000000000000e+04 9.999596619970180233e-01
1.167000000000000000e+04 9.999036564267563820e-01
1.167500000000000000e+04 9.999331399796392850e-01
1.168000000000000000e+04 9.999984175691667421e-01
1.168500000000000000e+04 9.999709893871526756e-01
1.169000000000000000e+04 9.999061224482183041e-01
1.169500000000000000e+04 9.999251606443703144e-01
1.170000000000000000e+04 9.999876177723272530e-01
1.170500000000000000e+04 9.999792772048912148e-01
1.171000000000000000e+04 9.999165722573046811e-01
1.171500000000000000e+04 9.999121896505145379e-01
1.172000000000000000e+04 9.999832996392634676e-01
1.172500000000000000e+04 9.999910281720112426e-01
1.173000000000000000e+04 9.999221346880234895e-01
1.173500000000000000e+04 9.999083717047904107e-01
1.174000000000000000e+04 9.999705748742323541e-01
1.174500000000000000e+04 9.999925518771597410e-01
1.175000000000000000e+04 9.999358097859477601e-01
1.175500000000000000e+04 9.999021757354226159e-01
1.176000000000000000e+04 9.999591923488329037e-01
1.176500000000000000e+04 1.000001288111364905e+00
1.177000000000000000e+04 9.999455483027555047e-01
1.177500000000000000e+04 9.999010271652483128e-01
1.178000000000000000e+04 9.999483660528942774e-01
1.178500000000000000e+04 9.999961694837741222e-01
1.179000000000000000e+04 9.999575071459120279e-01
1.179500000000000000e+04 9.999041178232916938e-01
1.180000000000000000e+04 9.999331697446344203e-01
1.180500000000000000e+04 9.999987080584952226e-01
1.181000000000000000e+04 9.999704476626931626e-01
1.181500000000000000e+04 9.999056988091298281e-01
1.182000000000000000e+04 9.999258909495745140e-01
1.182500000000000000e+04 9.999888191415152727e-01
1.183000000000000000e+04 9.999778070568525745e-01
1.183500000000000000e+04 9.999156528500926511e-01
1.184000000000000000e+04 9.999130083344833775e-01
1.184500000000000000e+04 9.999831698424649362e-01
1.185000000000000000e+04 9.999907994267964728e-01
1.185500000000000000e+04 9.999216277186875335e-01
1.186000000000000000e+04 9.999084850108865830e-01
1.186500000000000000e+04 9.999720111519870835e-01
1.187000000000000000e+04 9.999922090641794048e-01
1.187500000000000000e+04 9.999337888193579049e-01
1.188000000000000000e+04 9.999032447082334407e-01
1.188500000000000000e+04 9.999589243313367071e-01
1.189000000000000000e+04 1.000001357750643916e+00
1.189500000000000000e+04 9.999448598907840768e-01
1.190000000000000000e+04 9.999008680557036621e-01
1.190500000000000000e+04 9.999495124147871339e-01
1.191000000000000000e+04 9.999967661662183538e-01
1.191500000000000000e+04 9.999555354853930655e-01
1.192000000000000000e+04 9.999041986570761376e-01
1.192500000000000000e+04 9.999335946671453756e-01
1.193000000000000000e+04 9.999985836254569049e-01
1.193500000000000000e+04 9.999698260445533116e-01
1.194000000000000000e+04 9.999053937602557784e-01
1.194500000000000000e+04 9.999264987447091801e-01
1.195000000000000000e+04 9.999899597040987631e-01
1.195500000000000000e+04 9.999767324039140481e-01
1.196000000000000000e+04 9.999142715760853672e-01
1.196500000000000000e+04 9.999142382991417222e-01
1.197000000000000000e+04 9.999826990773474922e-01
1.197500000000000000e+04 9.999905212285485900e-01
1.198000000000000000e+04 9.999210265143090304e-01
1.198500000000000000e+04 9.999087065763672122e-01
1.199000000000000000e+04 9.999732490325137224e-01
1.199500000000000000e+04 9.999921191875774662e-01
1.200000000000000000e+04 9.999317424499420959e-01
1.200500000000000000e+04 9.999042081777440583e-01
1.201000000000000000e+04 9.999588082646247988e-01
1.201500000000000000e+04 1.000001161558987661e+00
1.202000000000000000e+04 9.999440414869238403e-01
1.202500000000000000e+04 9.999008823168228366e-01
1.203000000000000000e+04 9.999504762653830259e-01
1.203500000000000000e+04 9.999973790678823304e-01
1.204000000000000000e+04 9.999539292787461564e-01
1.204500000000000000e+04 9.999038036815043329e-01
1.205000000000000000e+04 9.999345039558552584e-01
1.205500000000000000e+04 9.999980330256208472e-01
1.206000000000000000e+04 9.999691894947119186e-01
1.206500000000000000e+04 9.999050755841595306e-01
1.207000000000000000e+04 9.999271152044569844e-01
1.207500000000000000e+04 9.999909522565323394e-01
1.208000000000000000e+04 9.999760112852430494e-01
1.208500000000000000e+04 9.999126423343369652e-01
1.209000000000000000e+04 9.999156705447675986e-01
1.209500000000000000e+04 9.999820945524380278e-01
1.210000000000000000e+04 9.999901537821579423e-01
1.210500000000000000e+04 9.999202685620965925e-01
1.211000000000000000e+04 9.999090959385548150e-01
1.211500000000000000e+04 9.999742942933358414e-01
1.212000000000000000e+04 9.999921381820292554e-01
1.212500000000000000e+04 9.999299333057194428e-01
1.213000000000000000e+04 9.999048506596928121e-01
1.213500000000000000e+04 9.999590550288861568e-01
1.214000000000000000e+04 1.000000614174247016e+00
1.214500000000000000e+04 9.999431688411428709e-01
1.215000000000000000e+04 9.999009684810767906e-01
1.215500000000000000e+04 9.999513661924303021e-01
1.216000000000000000e+04 9.999978985432865786e-01
1.216500000000000000e+04 9.999527387324305128e-01
1.217000000000000000e+04 9.999030126712037392e-01
1.217500000000000000e+04 9.999358338300540217e-01
1.218000000000000000e+04 9.999971414246174861e-01
1.218500000000000000e+04 9.999685871255977743e-01
1.219000000000000000e+04 9.999046201459339533e-01
1.219500000000000000e+04 9.999278466536880572e-01
1.220000000000000000e+04 9.999917719426347773e-01
1.220500000000000000e+04 9.999755123159871362e-01
1.221000000000000000e+04 9.999110448631267634e-01
1.221500000000000000e+04 9.999170584529053496e-01
1.222000000000000000e+04 9.999815932979621014e-01
1.222500000000000000e+04 9.999896189637396127e-01
1.223000000000000000e+04 9.999193830934175464e-01
1.223500000000000000e+04 9.999096129892990348e-01
1.224000000000000000e+04 9.999752211539923996e-01
1.224500000000000000e+04 9.999921286577030388e-01
1.225000000000000000e+04 9.999285193935163463e-01
1.225500000000000000e+04 9.999050973413758925e-01
1.226000000000000000e+04 9.999597606408699990e-01
1.226500000000000000e+04 9.999996797262833415e-01
1.227000000000000000e+04 9.999423556683624259e-01
1.227500000000000000e+04 9.999009777734688686e-01
1.228000000000000000e+04 9.999523025459117198e-01
1.228500000000000000e+04 9.999982734273397122e-01
1.229000000000000000e+04 9.999518847117054854e-01
1.229500000000000000e+04 9.999020396092890284e-01
1.230000000000000000e+04 9.999374099757440959e-01
1.230500000000000000e+04 9.999960732295435362e-01
1.231000000000000000e+04 9.999680164025375184e-01
1.231500000000000000e+04 9.999039783909382528e-01
1.232000000000000000e+04 9.999287182944464059e-01
1.232500000000000000e+04 9.999924623534014456e-01
1.233000000000000000e+04 9.999750747975032494e-01
1.233500000000000000e+04 9.999097197260510272e-01
1.234000000000000000e+04 9.999182156937526100e-01
1.234500000000000000e+04 9.999813953123197763e-01
1.235000000000000000e+04 9.999888200188143950e-01
1.235500000000000000e+04 9.999184901573130446e-01
1.236000000000000000e+04 9.999101291416002679e-01
1.236500000000000000e+04 9.999761394765117606e-01
1.237000000000000000e+04 9.999920061508910107e-01
1.237500000000000000e+04 9.999275140097462211e-01
1.238000000000000000e+04 9.999050309136534587e-01
1.238500000000000000e+04 9.999608936290826922e-01
1.239000000000000000e+04 9.999983941483838734e-01
1.239500000000000000e+04 9.999416979695679997e-01
1.240000000000000000e+04 9.999007886677548917e-01
1.240500000000000000e+04 9.999533572880938692e-01
1.241000000000000000e+04 9.999985227692608225e-01
1.241500000000000000e+04 9.999512089401052517e-01
1.242000000000000000e+04 9.999011418419685437e-01
1.242500000000000000e+04 9.999390263251668465e-01
1.243000000000000000e+04 9.999950325118648342e-01
1.243500000000000000e+04 9.999674058164848001e-01
1.244000000000000000e+04 9.999032161210152925e-01
1.244500000000000000e+04 9.999296526841442434e-01
1.245000000000000000e+04 9.999931144774349967e-01
1.245500000000000000e+04 9.999745719679828948e-01
1.246000000000000000e+04 9.999087878523239548e-01
1.246500000000000000e+04 9.999190796590239350e-01
1.247000000000000000e+04 9.999816156028068503e-01
1.247500000000000000e+04 9.999876761674383330e-01
1.248000000000000000e+04 9.999177543263153556e-01
1.248500000000000000e+04 9.999104856268558050e-01
1.249000000000000000e+04 9.999771422191615633e-01
1.249500000000000000e+04 9.999917617311185891e-01
1.250000000000000000e+04 9.999268049685233750e-01
1.250500000000000000e+04 9.999048436487361080e-01
1.251000000000000000e+04 9.999623279576644874e-01
1.251500000000000000e+04 9.999968696137404578e-01
1.252000000000000000e+04 9.999412177595290441e-01
1.252500000000000000e+04 9.999003784555584584e-01
1.253000000000000000e+04 9.999545109932796993e-01
1.253500000000000000e+04 9.999987211301603063e-01
1.254000000000000000e+04 9.999505472991350175e-01
1.254500000000000000e+04 9.999005204349888931e-01
1.255000000000000000e+04 9.999405242736788546e-01
1.255500000000000000e+04 9.999942149676344094e-01
1.256000000000000000e+04 9.999666282464181322e-01
1.256500000000000000e+04 9.999025025456870219e-01
1.257000000000000000e+04 9.999304976088024821e-01
1.257500000000000000e+04 9.999938241796122451e-01
1.258000000000000000e+04 9.999739531345362975e-01
1.258500000000000000e+04 9.999082250214340606e-01
1.259000000000000000e+04 9.999197177219789623e-01
1.259500000000000000e+04 9.999822684800663275e-01
1.260000000000000000e+04 9.999861615915549562e-01
1.260500000000000000e+04 9.999173095749555040e-01
1.261000000000000000e+04 9.999105751011287957e-01
1.261500000000000000e+04 9.999782552973722760e-01
1.262000000000000000e+04 9.999914541380576782e-01
1.262500000000000000e+04 9.999262195373200823e-01
1.263000000000000000e+04 9.999047502668073628e-01
1.263500000000000000e+04 9.999639022408730593e-01
1.264000000000000000e+04 9.999952786001180538e-01
1.264500000000000000e+04 9.999408334546319166e-01
1.265000000000000000e+04 9.998998560400707003e-01
1.265500000000000000e+04 9.999556497918045128e-01
1.266000000000000000e+04 9.999989620993032791e-01
1.266500000000000000e+04 9.999497949401086050e-01
1.267000000000000000e+04 9.999002532299956503e-01
1.267500000000000000e+04 9.999418406427941219e-01
1.268000000000000000e+04 9.999937656196015157e-01
1.268500000000000000e+04 9.999655447606075054e-01
1.269000000000000000e+04 9.999020469357867702e-01
1.269500000000000000e+04 9.999310948877647709e-01
1.270000000000000000e+04 9.999946441793868823e-01
1.270500000000000000e+04 9.999732505927401149e-01
1.271000000000000000e+04 9.999078961601806093e-01
1.271500000000000000e+04 9.999202800711562977e-01
1.272000000000000000e+04 9.999832834308591822e-01
1.272500000000000000e+04 9.999843341837257871e-01
1.273000000000000000e+04 9.999171877393561170e-01
1.273500000000000000e+04 9.999104092025129509e-01
1.274000000000000000e+04 9.999794134373820587e-01
1.274500000000000000e+04 9.999911760186711573e-01
1.275000000000000000e+04 9.999256038313506512e-01
1.275500000000000000e+04 9.999049014807510627e-01
1.276000000000000000e+04 9.999654785124252321e-01
1.276500000000000000e+04 9.999938203958479432e-01
1.277000000000000000e+04 9.999403747397287434e-01
1.277500000000000000e+04 9.998994357905136576e-01
1.278000000000000000e+04 9.999566078548894899e-01
1.278500000000000000e+04 9.999993134027413966e-01
1.279000000000000000e+04 9.999489379641665066e-01
1.279500000000000000e+04 9.999002848604298110e-01
1.280000000000000000e+04 9.999430094728134488e-01
1.280500000000000000e+04 9.999937524649962217e-01
1.281000000000000000e+04 9.999640644735676709e-01
1.281500000000000000e+04 9.999020075708521249e-01
1.282000000000000000e+04 9.999313612998764755e-01
1.282500000000000000e+04 9.999955507547628741e-01
1.283000000000000000e+04 9.999725520268267775e-01
1.283500000000000000e+04 9.999076288323915929e-01
1.284000000000000000e+04 9.999209248888981660e-01
1.284500000000000000e+04 9.999845409817614827e-01
1.285000000000000000e+04 9.999823406877599297e-01
1.285500000000000000e+04 9.999172844142169003e-01
1.286000000000000000e+04 9.999101384210400401e-01
1.286500000000000000e+04 9.999804756856498500e-01
1.287000000000000000e+04 9.999910083126098970e-01
1.287500000000000000e+04 9.999248823452265844e-01
1.288000000000000000e+04 9.999053339535051155e-01
1.288500000000000000e+04 9.999669786360778634e-01
1.289000000000000000e+04 9.999926773902744204e-01
1.289500000000000000e+04 9.999396411298087095e-01
1.290000000000000000e+04 9.998993585966223785e-01
1.290500000000000000e+04 9.999572399438462211e-01
1.291000000000000000e+04 9.999997810090934802e-01
1.291500000000000000e+04 9.999480425545144158e-01
1.292000000000000000e+04 9.999004714775249214e-01
1.292500000000000000e+04 9.999441241480976350e-01
1.293000000000000000e+04 9.999941600718904589e-01
1.293500000000000000e+04 9.999621966848989407e-01
1.294000000000000000e+04 9.999024122612827359e-01
1.294500000000000000e+04 9.999313448681369509e-01
1.295000000000000000e+04 9.999964406237761283e-01
1.295500000000000000e+04 9.999719526428355598e-01
1.296000000000000000e+04 9.999072906961365970e-01
1.296500000000000000e+04 9.999217505417944407e-01
1.297000000000000000e+04 9.999859127360154476e-01
1.297500000000000000e+04 9.999803913248561660e-01
1.298000000000000000e+04 9.999173821240024962e-01
1.298500000000000000e+04 9.999100104378946252e-01
1.299000000000000000e+04 9.999812771771248165e-01
1.299500000000000000e+04 9.999909808867821770e-01
1.300000000000000000e+04 9.999240751367391988e-01
1.300500000000000000e+04 9.999059732728885486e-01
1.301000000000000000e+04 9.999683893809252488e-01
1.301500000000000000e+04 9.999919718832240845e-01
1.302000000000000000e+04 9.999384833645597048e-01
1.302500000000000000e+04 9.998997912455843684e-01
1.303000000000000000e+04 9.999574936626075550e-01
1.303500000000000000e+04 1.000000296676597289e+00
1.304000000000000000e+04 9.999472109422431476e-01
1.304500000000000000e+04 9.999006548957113383e-01
1.305000000000000000e+04 9.999452817962061202e-01
1.305500000000000000e+04 9.999949017939051554e-01
1.306000000000000000e+04 9.999600714282191882e-01
1.306500000000000000e+04 9.999031275693063270e-01
1.307000000000000000e+04 9.999312287137965827e-01
1.307500000000000000e+04 9.999971614739218140e-01
1.308000000000000000e+04 9.999715081845472753e-01
1.308500000000000000e+04 9.999068376449009588e-01
1.309000000000000000e+04 9.999227621644660724e-01
1.309500000000000000e+04 9.999872926919136651e-01
1.310000000000000000e+04 9.999787078341895175e-01
1.310500000000000000e+04 9.999172260816787672e-01
1.311000000000000000e+04 9.999102803453397970e-01
1.311500000000000000e+04 9.999816973682602583e-01
1.312000000000000000e+04 9.999910543210064340e-01
1.312500000000000000e+04 9.999232704827045737e-01
1.313000000000000000e+04 9.999066820427350288e-01
1.313500000000000000e+04 9.999697415232803310e-01
1.314000000000000000e+04 9.999917353266168929e-01
1.314500000000000000e+04 9.999368743397077930e-01
1.315000000000000000e+04 9.999007472907751604e-01
1.315500000000000000e+04 9.999574493322318514e-01
1.316000000000000000e+04 1.000000734287202597e+00
1.316500000000000000e+04 9.999465265872456987e-01
1.317000000000000000e+04 9.999007308742483557e-01
1.317500000000000000e+04 9.999465360481895049e-01
1.318000000000000000e+04 9.999958460275691907e-01
1.318500000000000000e+04 9.999579149458532878e-01
1.319000000000000000e+04 9.999038946006926221e-01
1.319500000000000000e+04 9.999312765490587784e-01
1.320000000000000000e+04 9.999975654733208597e-01
1.320500000000000000e+04 9.999712078764366741e-01
1.321000000000000000e+04 9.999063155574988704e-01
1.321500000000000000e+04 9.999238819452720417e-01
1.322000000000000000e+04 9.999886134983989594e-01
1.322500000000000000e+04 9.999774597430202139e-01
1.323000000000000000e+04 9.999166239952272939e-01
1.323500000000000000e+04 9.999111085705614244e-01
1.324000000000000000e+04 9.999817168613295282e-01
1.324500000000000000e+04 9.999911287425756745e-01
1.325000000000000000e+04 9.999225704610901211e-01
1.325500000000000000e+04 9.999073266316450548e-01
1.326000000000000000e+04 9.999710772593926045e-01
1.326500000000000000e+04 9.999919002160452264e-01
1.327000000000000000e+04 9.999349375895776326e-01
1.327500000000000000e+04 9.999020657577912807e-01
1.328000000000000000e+04 9.999573081546626607e-01
1.328500000000000000e+04 1.000000948883147389e+00
1.329000000000000000e+04 9.999460134428610480e-01
1.329500000000000000e+04 9.999006826837093520e-01
1.330000000000000000e+04 9.999478763928110192e-01
1.330500000000000000e+04 9.999968501146596633e-01
1.331000000000000000e+04 9.999559841995427911e-01
1.331500000000000000e+04 9.999044207541174512e-01
1.332000000000000000e+04 9.999317392752973266e-01
1.332500000000000000e+04 9.999975653778554463e-01
1.333000000000000000e+04 9.999709763069074553e-01
1.333500000000000000e+04 9.999058209243949502e-01
1.334000000000000000e+04 9.999249924195726669e-01
1.334500000000000000e+04 9.999898478161060034e-01
1.335000000000000000e+04 9.999767108136908833e-01
1.335500000000000000e+04 9.999155285556493578e-01
1.336000000000000000e+04 9.999124896774045368e-01
1.336500000000000000e+04 9.999814388174421698e-01
1.337000000000000000e+04 9.999910745598744599e-01
1.337500000000000000e+04 9.999220371311348110e-01
1.338000000000000000e+04 9.999078310826006177e-01
1.338500000000000000e+04 9.999724216533842913e-01
1.339000000000000000e+04 9.999923197079251258e-01
1.339500000000000000e+04 9.999329168465813655e-01
1.340000000000000000e+04 9.999034606278207615e-01
1.340500000000000000e+04 9.999573304462922030e-01
1.341000000000000000e+04 1.000000823674568773e+00
1.341500000000000000e+04 9.999456254743294137e-01
1.342000000000000000e+04 9.999005698327251279e-01
1.342500000000000000e+04 9.999492381314123435e-01
1.343000000000000000e+04 9.999977942394773223e-01
1.343500000000000000e+04 9.999544822228079166e-01
1.344000000000000000e+04 9.999044916333895694e-01
1.344500000000000000e+04 9.999327597807229351e-01
1.345000000000000000e+04 9.999971717110042180e-01
1.345500000000000000e+04 9.999707002808444489e-01
1.346000000000000000e+04 9.999054437402229434e-01
1.346500000000000000e+04 9.999259890498073400e-01
1.347000000000000000e+04 9.999909988508228764e-01
1.347500000000000000e+04 9.999763968985596607e-01
1.348000000000000000e+04 9.999140658645101487e-01
1.348500000000000000e+04 9.999142440082553485e-01
1.349000000000000000e+04 9.999810649582158151e-01
1.349500000000000000e+04 9.999907718781266830e-01
1.350000000000000000e+04 9.999216639524717287e-01
1.350500000000000000e+04 9.999081962418319147e-01
1.351000000000000000e+04 9.999737680760574232e-01
1.351500000000000000e+04 9.999928114501521748e-01
1.352000000000000000e+04 9.999310944631486509e-01
1.352500000000000000e+04 9.999046239611827369e-01
1.353000000000000000e+04 9.999577469575769983e-01
1.353500000000000000e+04 1.000000308005222438e+00
1.354000000000000000e+04 9.999452674096953597e-01
1.354500000000000000e+04 9.999004834956999321e-01
1.355000000000000000e+04 9.999505330614406606e-01
1.355500000000000000e+04 9.999986070334102584e-01
1.356000000000000000e+04 9.999534867280996941e-01
1.356500000000000000e+04 9.999040564728188807e-01
1.357000000000000000e+04 9.999343152561469550e-01
1.357500000000000000e+04 9.999964970202925851e-01
1.358000000000000000e+04 9.999702664814201780e-01
1.358500000000000000e+04 9.999052218750806853e-01
1.359000000000000000e+04 9.999268176111262285e-01
1.359500000000000000e+04 9.999920850729532296e-01
1.360000000000000000e+04 9.999763468077398354e-01
1.360500000000000000e+04 9.999124942694920248e-01
1.361000000000000000e+04 9.999160785187334310e-01
1.361500000000000000e+04 9.999808341506737364e-01
1.362000000000000000e+04 9.999901436566990265e-01
1.362500000000000000e+04 9.999213828057121889e-01
1.363000000000000000e+04 9.999084808221242460e-01
1.363500000000000000e+04 9.999750795512658552e-01
1.364000000000000000e+04 9.999932129704945938e-01
1.364500000000000000e+04 9.999296889127536891e-01
1.365000000000000000e+04 9.999053415109016019e-01
1.365500000000000000e+04 9.999586775855047183e-01
1.366000000000000000e+04 9.999994339616098404e-01
1.366500000000000000e+04 9.999448332416835949e-01
1.367000000000000000e+04 9.999004946189179455e-01
1.367500000000000000e+04 9.999516836373403272e-01
1.368000000000000000e+04 9.999992754887641055e-01
1.368500000000000000e+04 9.999529218718027357e-01
1.369000000000000000e+04 9.999032496754333144e-01
1.369500000000000000e+04 9.999362218756160381e-01
1.370000000000000000e+04 9.999957259766488749e-01
1.370500000000000000e+04 9.999695930432159763e-01
1.371000000000000000e+04 9.999051277246138181e-01
1.371500000000000000e+04 9.999274823059162154e-01
1.372000000000000000e+04 9.999931235432695242e-01
1.372500000000000000e+04 9.999763416818130413e-01
1.373000000000000000e+04 9.999111073815943884e-01
1.373500000000000000e+04 9.999176939567769873e-01
1.374000000000000000e+04 9.999809462435244045e-01
1.374500000000000000e+04 9.999891724937907123e-01
1.375000000000000000e+04 9.999210988321314275e-01
1.375500000000000000e+04 9.999087595842384157e-01
1.376000000000000000e+04 9.999763008085710281e-01
1.376500000000000000e+04 9.999934297608683575e-01
1.377000000000000000e+04 9.999287729289237925e-01
1.377500000000000000e+04 9.999055728082615335e-01
1.378000000000000000e+04 9.999600896860250110e-01
1.378500000000000000e+04 9.999983080379944989e-01
1.379000000000000000e+04 9.999442422627570215e-01
1.379500000000000000e+04 9.999006215571699663e-01
1.380000000000000000e+04 9.999526450874223205e-01
1.380500000000000000e+04 9.999998352763088683e-01
1.381000000000000000e+04 9.999525875181625167e-01
1.381500000000000000e+04 9.999023369658137650e-01
1.382000000000000000e+04 9.999382015610706054e-01
1.382500000000000000e+04 9.999950622804676392e-01
1.383000000000000000e+04 9.999686439048275366e-01
1.383500000000000000e+04 9.999050900118382490e-01
1.384000000000000000e+04 9.999280264964856002e-01
1.384500000000000000e+04 9.999941152825915225e-01
1.385000000000000000e+04 9.999761923100035643e-01
1.385500000000000000e+04 9.999101197372890493e-01
1.386000000000000000e+04 9.999188953656257262e-01
1.386500000000000000e+04 9.999814992073065012e-01
1.387000000000000000e+04 9.999878993214993406e-01
1.387500000000000000e+04 9.999207323205420161e-01
1.388000000000000000e+04 9.999090833569250769e-01
1.388500000000000000e+04 9.999773730687651074e-01
1.389000000000000000e+04 9.999934578656586304e-01
1.389500000000000000e+04 9.999282473809208982e-01
1.390000000000000000e+04 9.999054612969133782e-01
1.390500000000000000e+04 9.999618126691092179e-01
1.391000000000000000e+04 9.999970829216046075e-01
1.391500000000000000e+04 9.999434562008094884e-01
1.392000000000000000e+04 9.999008315992842233e-01
1.392500000000000000e+04 9.999534085874676181e-01
1.393000000000000000e+04 1.000000343693937088e+00
1.393500000000000000e+04 9.999522369727527060e-01
1.394000000000000000e+04 9.999016069131432261e-01
1.394500000000000000e+04 9.999399847764478544e-01
1.395000000000000000e+04 9.999946709666422962e-01
1.395500000000000000e+04 9.999674250194169334e-01
1.396000000000000000e+04 9.999050353277729730e-01
1.396500000000000000e+04 9.999285013391819854e-01
1.397000000000000000e+04 9.999950356093427750e-01
1.397500000000000000e+04 9.999758045546687235e-01
1.398000000000000000e+04 9.999095829646301725e-01
1.398500000000000000e+04 9.999196603025986008e-01
1.399000000000000000e+04 9.999824625428234137e-01
1.399500000000000000e+04 9.999864092948743677e-01
1.400000000000000000e+04 9.999202451656710178e-01
1.400500000000000000e+04 9.999094619928026173e-01
1.401000000000000000e+04 9.999782452398299215e-01
1.401500000000000000e+04 9.999933712134221331e-01
1.402000000000000000e+04 9.999278839383962669e-01
1.402500000000000000e+04 9.999052692497497619e-01
1.403000000000000000e+04 9.999636032589575008e-01
1.403500000000000000e+04 9.999959197298857738e-01
1.404000000000000000e+04 9.999424731604621419e-01
1.404500000000000000e+04 9.999010716904811469e-01
1.405000000000000000e+04 9.999539896377862558e-01
1.405500000000000000e+04 1.000000844078714701e+00
1.406000000000000000e+04 9.999516731030856365e-01
1.406500000000000000e+04 9.999012527271344819e-01
1.407000000000000000e+04 9.999414081022169887e-01
1.407500000000000000e+04 9.999946351713219217e-01
1.408000000000000000e+04 9.999659707743089321e-01
1.408500000000000000e+04 9.999049246828404236e-01
1.409000000000000000e+04 9.999289419715754468e-01
1.409500000000000000e+04 9.999958319334646406e-01
1.410000000000000000e+04 9.999752062683677778e-01
1.410500000000000000e+04 9.999093686129492120e-01
1.411000000000000000e+04 9.999201364267394920e-01
1.411500000000000000e+04 9.999836958877765802e-01
1.412000000000000000e+04 9.999848129301751598e-01
1.412500000000000000e+04 9.999196397849737794e-01
1.413000000000000000e+04 9.999098770413219484e-01
1.413500000000000000e+04 9.999788797365724013e-01
1.414000000000000000e+04 9.999932776127438139e-01
1.414500000000000000e+04 9.999274204799664112e-01
1.415000000000000000e+04 9.999052643418591124e-01
1.415500000000000000e+04 9.999652357179256157e-01
1.416000000000000000e+04 9.999949518005669669e-01
1.416500000000000000e+04 9.999413073676953756e-01
1.417000000000000000e+04 9.999013079572803830e-01
1.417500000000000000e+04 9.999544131595183849e-01
1.418000000000000000e+04 1.000001334759459848e+00
1.418500000000000000e+04 9.999508236477355760e-01
1.419000000000000000e+04 9.999012944236091993e-01
1.419500000000000000e+04 9.999424671974533885e-01
1.420000000000000000e+04 9.999949404357353355e-01
1.420500000000000000e+04 9.999643320756238518e-01
1.421000000000000000e+04 9.999047645799472583e-01
1.421500000000000000e+04 9.999293645481666104e-01
1.422000000000000000e+04 9.999964306427809868e-01
1.422500000000000000e+04 9.999745238906723177e-01
1.423000000000000000e+04 9.999092260852321390e-01
1.423500000000000000e+04 9.999205697054552866e-01
1.424000000000000000e+04 9.999850048440118711e-01
1.424500000000000000e+04 9.999832283242567899e-01
1.425000000000000000e+04 9.999189347549796159e-01
1.425500000000000000e+04 9.999103134947706639e-01
1.426000000000000000e+04 9.999792555790008031e-01
1.426500000000000000e+04 9.999932605191592661e-01
1.427000000000000000e+04 9.999266700629847460e-01
1.427500000000000000e+04 9.999056058896251820e-01
1.428000000000000000e+04 9.999665813674737391e-01
1.428500000000000000e+04 9.999942586685419688e-01
1.429000000000000000e+04 9.999399710737665314e-01
1.429500000000000000e+04 9.999015494740510768e-01
1.430000000000000000e+04 9.999547070316729958e-01
1.430500000000000000e+04 1.000001755129827474e+00
1.431000000000000000e+04 9.999497640505883300e-01
1.431500000000000000e+04 9.999015748473094600e-01
1.432000000000000000e+04 9.999433041523594357e-01
1.432500000000000000e+04 9.999954900406551328e-01
1.433000000000000000e+04 9.999625729889319858e-01
1.433500000000000000e+04 9.999045874542068502e-01
1.434000000000000000e+04 9.999297836914722293e-01
1.434500000000000000e+04 9.999967531108635566e-01
1.435000000000000000e+04 9.999739178945200591e-01
1.435500000000000000e+04 9.999088917564818990e-01
1.436000000000000000e+04 9.999211939448529041e-01
1.436500000000000000e+04 9.999862123167330141e-01
1.437000000000000000e+04 9.999817659174000672e-01
1.437500000000000000e+04 9.999181350167316573e-01
1.438000000000000000e+04 9.999107888986974446e-01
1.438500000000000000e+04 9.999793732731120377e-01
1.439000000000000000e+04 9.999933302902577203e-01
1.439500000000000000e+04 9.999255976443925942e-01
1.440000000000000000e+04 9.999062792011328415e-01
1.440500000000000000e+04 9.999676464198891113e-01
1.441000000000000000e+04 9.999938548941790240e-01
1.441500000000000000e+04 9.999384722449580210e-01
1.442000000000000000e+04 9.999018412616872409e-01
1.442500000000000000e+04 9.999549089165767901e-01
1.443000000000000000e+04 1.000001995704076885e+00
1.443500000000000000e+04 9.999486779827516658e-01
1.444000000000000000e+04 9.999018312740111103e-01
1.444500000000000000e+04 9.999441357717844259e-01
1.445000000000000000e+04 9.999961444227476459e-01
1.445500000000000000e+04 9.999607744097277484e-01
1.446000000000000000e+04 9.999044144946661605e-01
1.446500000000000000e+04 9.999302368119044049e-01
1.447000000000000000e+04 9.999967384967310968e-01
1.447500000000000000e+04 9.999735038311555746e-01
1.448000000000000000e+04 9.999082029354924295e-01
1.448500000000000000e+04 9.999221289058042306e-01
1.449000000000000000e+04 9.999872182546795107e-01
1.449500000000000000e+04 9.999805143827170673e-01
1.450000000000000000e+04 9.999172175602043522e-01
1.450500000000000000e+04 9.999113594580255615e-01
1.451000000000000000e+04 9.999792636574588167e-01
1.451500000000000000e+04 9.999934055548684864e-01
1.452000000000000000e+04 9.999243320448553130e-01
1.452500000000000000e+04 9.999071056128014945e-01
1.453000000000000000e+04 9.999685544333165588e-01
1.453500000000000000e+04 9.999936947544700860e-01
1.454000000000000000e+04 9.999368303001626712e-01
1.454500000000000000e+04 9.999022296664057396e-01
1.455000000000000000e+04 9.999550807789366891e-01
1.455500000000000000e+04 1.000001930412785400e+00
1.456000000000000000e+04 9.999477723065199886e-01
1.456500000000000000e+04 9.999018115913974603e-01
1.457000000000000000e+04 9.999451540763244495e-01
1.457500000000000000e+04 9.999967702971378491e-01
1.458000000000000000e+04 9.999590359670894602e-01
1.458500000000000000e+04 9.999042247287726060e-01
1.459000000000000000e+04 9.999307962850483289e-01
1.459500000000000000e+04 9.999963683926357261e-01
1.460000000000000000e+04 9.999732921872587221e-01
1.460500000000000000e+04 9.999071681865342454e-01
1.461000000000000000e+04 9.999233299357619398e-01
1.461500000000000000e+04 9.999880260355258343e-01
1.462000000000000000e+04 9.999795265537995137e-01
1.462500000000000000e+04 9.999161442901782770e-01
1.463000000000000000e+04 9.999120959601514036e-01
1.463500000000000000e+04 9.999789980555562341e-01
1.464000000000000000e+04 9.999933333450953254e-01
1.464500000000000000e+04 9.999231085207589409e-01
1.465000000000000000e+04 9.999078229000905038e-01
1.465500000000000000e+04 9.999694825685986332e-01
1.466000000000000000e+04 9.999936905839023060e-01
1.466500000000000000e+04 9.999350992267879157e-01
1.467000000000000000e+04 9.999027201247918661e-01
1.467500000000000000e+04 9.999553183633813624e-01
1.468000000000000000e+04 1.000001460899142991e+00
1.468500000000000000e+04 9.999471826674363184e-01
1.469000000000000000e+04 9.999013849868770842e-01
1.469500000000000000e+04 9.999464412920300305e-01
1.470000000000000000e+04 9.999972826228122891e-01
1.470500000000000000e+04 9.999574666678369139e-01
1.471000000000000000e+04 9.999039517474539451e-01
1.471500000000000000e+04 9.999315565060351574e-01
1.472000000000000000e+04 9.999956861272417674e-01
1.472500000000000000e+04 9.999731724793737841e-01
1.473000000000000000e+04 9.999059645495247395e-01
1.473500000000000000e+04 9.999246093400442348e-01
1.474000000000000000e+04 9.999887272950477302e-01
1.474500000000000000e+04 9.999788076068425458e-01
1.475000000000000000e+04 9.999148970957095761e-01
1.475500000000000000e+04 9.999130404604450462e-01
1.476000000000000000e+04 9.999786923504478953e-01
1.476500000000000000e+04 9.999929410271966024e-01
1.477000000000000000e+04 9.999221670505904491e-01
1.477500000000000000e+04 9.999082004441434135e-01
1.478000000000000000e+04 9.999705794762534516e-01
1.478500000000000000e+04 9.999937399884327727e-01
1.479000000000000000e+04 9.999333802371160873e-01
1.479500000000000000e+04 9.999032534904610525e-01
1.480000000000000000e+04 9.999557430156927884e-01
1.480500000000000000e+04 1.000000557707347859e+00
1.481000000000000000e+04 9.999469096086377462e-01
1.481500000000000000e+04 9.999006001251258269e-01
1.482000000000000000e+04 9.999479344272672598e-01
1.482500000000000000e+04 9.999976658920293193e-01
1.483000000000000000e+04 9.999561610292503344e-01
1.483500000000000000e+04 9.999035143859615893e-01
1.484000000000000000e+04 9.999325971871771968e-01
1.484500000000000000e+04 9.999948030920923214e-01
1.485000000000000000e+04 9.999729482454537965e-01
1.485500000000000000e+04 9.999048641218419853e-01
1.486000000000000000e+04 9.999257183855769782e-01
1.486500000000000000e+04 9.999894535062315848e-01
1.487000000000000000e+04 9.999783108963387068e-01
1.487500000000000000e+04 9.999135153618093907e-01
1.488000000000000000e+04 9.999141676444445181e-01
1.488500000000000000e+04 9.999784966496187977e-01
1.489000000000000000e+04 9.999921004370729838e-01
1.489500000000000000e+04 9.999216500317911205e-01
1.490000000000000000e+04 9.999081394161083436e-01
1.490500000000000000e+04 9.999718990964772125e-01
1.491000000000000000e+04 9.999937552096288540e-01
1.491500000000000000e+04 9.999318095802419704e-01
1.492000000000000000e+04 9.999037186726259518e-01
1.492500000000000000e+04 9.999564720148851338e-01
1.493000000000000000e+04 9.999992834537175801e-01
1.493500000000000000e+04 9.999468116324580214e-01
1.494000000000000000e+04 9.998996673993557627e-01
1.494500000000000000e+04 9.999494522591682033e-01
1.495000000000000000e+04 9.999979690568211455e-01
1.495500000000000000e+04 9.999551675710816045e-01
1.496000000000000000e+04 9.999028679658430452e-01
1.496500000000000000e+04 9.999339395154247523e-01
1.497000000000000000e+04 9.999938863505914988e-01
1.497500000000000000e+04 9.999724086166783543e-01
1.498000000000000000e+04 9.999041225474440964e-01
1.498500000000000000e+04 9.999264533520739739e-01
1.499000000000000000e+04 9.999903151212515828e-01
1.499500000000000000e+04 9.999779470492495825e-01
1.500000000000000000e+04 9.999121116310776269e-01
1.500500000000000000e+04 9.999153750893130521e-01
1.501000000000000000e+04 9.999785670400317406e-01
1.501500000000000000e+04 9.999907797707051627e-01
1.502000000000000000e+04 9.999215421944627202e-01
1.502500000000000000e+04 9.999077162015295173e-01
1.503000000000000000e+04 9.999733763756901705e-01
1.503500000000000000e+04 9.999936870204602091e-01
1.504000000000000000e+04 9.999305199613350847e-01
1.504500000000000000e+04 9.999040002570258601e-01
1.505000000000000000e+04 9.999575763033267117e-01
1.505500000000000000e+04 9.999977887189460679e-01
1.506000000000000000e+04 9.999466568687965795e-01
1.506500000000000000e+04 9.998988749858253033e-01
1.507000000000000000e+04 9.999507706763651749e-01
1.507500000000000000e+04 9.999982778956479912e-01
1.508000000000000000e+04 9.999544642322726329e-01
1.508500000000000000e+04 9.999020489685375157e-01
1.509000000000000000e+04 9.999355190142728000e-01
1.509500000000000000e+04 9.999931269813813195e-01
1.510000000000000000e+04 9.999714074105833239e-01
1.510500000000000000e+04 9.999038772001156428e-01
1.511000000000000000e+04 9.999267403375675656e-01
1.511500000000000000e+04 9.999913525152118732e-01
1.512000000000000000e+04 9.999776080131476119e-01
1.512500000000000000e+04 9.999108501432190099e-01
1.513000000000000000e+04 9.999165133520575566e-01
1.513500000000000000e+04 9.999790247562344581e-01
1.514000000000000000e+04 9.999890636084449724e-01
1.514500000000000000e+04 9.999216764385637779e-01
1.515000000000000000e+04 9.999071530862189139e-01
1.515500000000000000e+04 9.999748522362353897e-01
1.516000000000000000e+04 9.999935364013810002e-01
1.516500000000000000e+04 9.999295894759216985e-01
1.517000000000000000e+04 9.999040398756714465e-01
1.517500000000000000e+04 9.999590445543841133e-01
1.518000000000000000e+04 9.999962800255649542e-01
1.518500000000000000e+04 9.999462107428006563e-01
1.519000000000000000e+04 9.998984761650115960e-01
1.519500000000000000e+04 9.999517129545468785e-01
1.520000000000000000e+04 9.999986758508566664e-01
1.520500000000000000e+04 9.999539558494383584e-01
1.521000000000000000e+04 9.999011861476057028e-01
1.521500000000000000e+04 9.999371935327249217e-01
1.522000000000000000e+04 9.999926956665156075e-01
1.522500000000000000e+04 9.999699184260852913e-01
1.523000000000000000e+04 9.999040968800819718e-01
1.523500000000000000e+04 9.999266648310124461e-01
1.524000000000000000e+04 9.999925164924133858e-01
1.524500000000000000e+04 9.999772010058090022e-01
1.525000000000000000e+04 9.999098915468166426e-01
1.525500000000000000e+04 9.999174462637681060e-01
1.526000000000000000e+04 9.999799167067801031e-01
1.526500000000000000e+04 9.999871336367117669e-01
1.527000000000000000e+04 9.999218005503804907e-01
1.527500000000000000e+04 9.999067317573580027e-01
1.528000000000000000e+04 9.999761345270161694e-01
1.528500000000000000e+04 9.999933500347584214e-01
1.529000000000000000e+04 9.999290019119867479e-01
1.529500000000000000e+04 9.999038800071033961e-01
1.530000000000000000e+04 9.999607732051862818e-01
1.530500000000000000e+04 9.999949689870116787e-01
1.531000000000000000e+04 9.999453228435070118e-01
1.531500000000000000e+04 9.998985957393662360e-01
1.532000000000000000e+04 9.999522174713600942e-01
1.532500000000000000e+04 9.999992073796927228e-01
1.533000000000000000e+04 9.999535008042905737e-01
1.533500000000000000e+04 9.999004656725501983e-01
1.534000000000000000e+04 9.999387886618352761e-01
1.534500000000000000e+04 9.999926984440226096e-01
1.535000000000000000e+04 9.999680462129800773e-01
1.535500000000000000e+04 9.999046010504103466e-01
1.536000000000000000e+04 9.999264372566376569e-01
1.536500000000000000e+04 9.999936831192958175e-01
1.537000000000000000e+04 9.999766810365324776e-01
1.537500000000000000e+04 9.999093258829148123e-01
1.538000000000000000e+04 9.999181145760445144e-01
1.538500000000000000e+04 9.999811945381978928e-01
1.539000000000000000e+04 9.999852172750324231e-01
1.539500000000000000e+04 9.999216744609999985e-01
1.540000000000000000e+04 9.999066882726513894e-01
1.540500000000000000e+04 9.999770684423855416e-01
1.541000000000000000e+04 9.999931999169041630e-01
1.541500000000000000e+04 9.999286405525811272e-01
1.542000000000000000e+04 9.999036644854509825e-01
1.542500000000000000e+04 9.999625923803097116e-01
1.543000000000000000e+04 9.999940184595480508e-01
1.543500000000000000e+04 9.999439783425507766e-01
1.544000000000000000e+04 9.998991926258877783e-01
1.544500000000000000e+04 9.999523576602691310e-01
1.545000000000000000e+04 9.999998554189026834e-01
1.545500000000000000e+04 9.999529606271940763e-01
1.546000000000000000e+04 9.999000606222027132e-01
1.546500000000000000e+04 9.999401637510283436e-01
1.547000000000000000e+04 9.999931480326523792e-01
1.547500000000000000e+04 9.999659898384725132e-01
1.548000000000000000e+04 9.999051365891508114e-01
1.548500000000000000e+04 9.999263129286534157e-01
1.549000000000000000e+04 9.999946944209766597e-01
1.549500000000000000e+04 9.999760684112375397e-01
1.550000000000000000e+04 9.999091252412246611e-01
1.550500000000000000e+04 9.999185714019718230e-01
1.551000000000000000e+04 9.999827243034836721e-01
1.551500000000000000e+04 9.999835229668341263e-01
1.552000000000000000e+04 9.999211568460535382e-01
1.552500000000000000e+04 9.999071332533913115e-01
1.553000000000000000e+04 9.999775888856273776e-01
1.553500000000000000e+04 9.999931520805488416e-01
1.554000000000000000e+04 9.999283243450386438e-01
1.554500000000000000e+04 9.999035893788824625e-01
1.555000000000000000e+04 9.999643211936655174e-01
1.555500000000000000e+04 9.999935032963838122e-01
1.556000000000000000e+04 9.999422954953898213e-01
1.556500000000000000e+04 9.999000897692043033e-01
1.557000000000000000e+04 9.999523106283518814e-01
1.557500000000000000e+04 1.000000539131218114e+00
1.558000000000000000e+04 9.999522541170641210e-01
1.558500000000000000e+04 9.999000544122245149e-01
1.559000000000000000e+04 9.999412695810903084e-01
1.559500000000000000e+04 9.999939623899597452e-01
1.560000000000000000e+04 9.999639757044718191e-01
1.560500000000000000e+04 9.999054765826163038e-01
1.561000000000000000e+04 9.999265019895999806e-01
1.561500000000000000e+04 9.999954082468512917e-01
1.562000000000000000e+04 9.999754411873261750e-01
1.562500000000000000e+04 9.999091417747568711e-01
1.563000000000000000e+04 9.999189688429652723e-01
1.563500000000000000e+04 9.999843268555226317e-01
1.564000000000000000e+04 9.999821851635563030e-01
1.564500000000000000e+04 9.999202466453804838e-01
1.565000000000000000e+04 9.999080271745729442e-01
1.565500000000000000e+04 9.999777374592728751e-01
1.566000000000000000e+04 9.999932334464408656e-01
1.566500000000000000e+04 9.999278758059909622e-01
1.567000000000000000e+04 9.999038219233939984e-01
1.567500000000000000e+04 9.999658311839714209e-01
1.568000000000000000e+04 9.999933986385932672e-01
1.568500000000000000e+04 9.999404739032227152e-01
1.569000000000000000e+04 9.999010535755874507e-01
1.569500000000000000e+04 9.999522918605100452e-01
1.570000000000000000e+04 1.000001131446690117e+00
1.570500000000000000e+04 9.999513922725753456e-01
1.571000000000000000e+04 9.999003941305727450e-01
1.571500000000000000e+04 9.999421699183022039e-01
1.572000000000000000e+04 9.999949927863899246e-01
1.572500000000000000e+04 9.999621865758672179e-01
1.573000000000000000e+04 9.999054990052593794e-01
1.573500000000000000e+04 9.999271057560514819e-01
1.574000000000000000e+04 9.999957399735674990e-01
1.574500000000000000e+04 9.999749014705031636e-01
1.575000000000000000e+04 9.999091579320551482e-01
1.575500000000000000e+04 9.999194969733710137e-01
1.576000000000000000e+04 9.999858353957080670e-01
1.576500000000000000e+04 9.999812375000229903e-01
1.577000000000000000e+04 9.999190663436341442e-01
1.577500000000000000e+04 9.999092152054637195e-01
1.578000000000000000e+04 9.999776426659744422e-01
1.578500000000000000e+04 9.999934077933940735e-01
1.579000000000000000e+04 9.999271937655042075e-01
1.579500000000000000e+04 9.999044224887889687e-01
1.580000000000000000e+04 9.999670907540735287e-01
1.580500000000000000e+04 9.999935989937612790e-01
1.581000000000000000e+04 9.999387178319124603e-01
1.581500000000000000e+04 9.999018857665840088e-01
1.582000000000000000e+04 9.999524847362811775e-01
1.582500000000000000e+04 1.000001491012936450e+00
1.583000000000000000e+04 9.999504759250299468e-01
1.583500000000000000e+04 9.999008990936751884e-01
1.584000000000000000e+04 9.999430141251678394e-01
1.584500000000000000e+04 9.999960722970165916e-01
1.585000000000000000e+04 9.999607135365921051e-01
1.585500000000000000e+04 9.999052149583053106e-01
1.586000000000000000e+04 9.999281011323047919e-01
1.586500000000000000e+04 9.999956844712324378e-01
1.587000000000000000e+04 9.999745256090316614e-01
1.587500000000000000e+04 9.999089717205144057e-01
1.588000000000000000e+04 9.999202993353204505e-01
1.588500000000000000e+04 9.999871480683992786e-01
1.589000000000000000e+04 9.999806212003173878e-01
1.589500000000000000e+04 9.999177991667739240e-01
1.590000000000000000e+04 9.999105009161795010e-01
1.590500000000000000e+04 9.999774754859150905e-01
1.591000000000000000e+04 9.999935708231972864e-01
1.591500000000000000e+04 9.999262986612483806e-01
1.592000000000000000e+04 9.999053062531151337e-01
1.592500000000000000e+04 9.999681702441790554e-01
1.593000000000000000e+04 9.999939601093952302e-01
1.593500000000000000e+04 9.999371672145402901e-01
1.594000000000000000e+04 9.999024886553879998e-01
1.594500000000000000e+04 9.999529917674381263e-01
1.595000000000000000e+04 1.000001500114386488e+00
1.595500000000000000e+04 9.999496524478108661e-01
1.596000000000000000e+04 9.999013264145544255e-01
1.596500000000000000e+04 9.999439696356486884e-01
1.597000000000000000e+04 9.999970671283110457e-01
1.597500000000000000e+04 9.999595465723908339e-01
1.598000000000000000e+04 9.999047399390847968e-01
1.598500000000000000e+04 9.999293727432170265e-01
1.599000000000000000e+04 9.999953149217785109e-01
1.599500000000000000e+04 9.999743170729545882e-01
1.600000000000000000e+04 9.999084820415942154e-01
1.600500000000000000e+04 9.999214017320828818e-01
1.601000000000000000e+04 9.999882543411230396e-01
1.601500000000000000e+04 9.999802220931425234e-01
1.602000000000000000e+04 9.999166106691627087e-01
1.602500000000000000e+04 9.999117240940834650e-01
1.603000000000000000e+04 9.999773994347290751e-01
1.603500000000000000e+04 9.999935697050689187e-01
1.604000000000000000e+04 9.999253273083132942e-01
1.604500000000000000e+04 9.999062658712147833e-01
1.605000000000000000e+04 9.999692035760321396e-01
1.605500000000000000e+04 9.999943475678265692e-01
1.606000000000000000e+04 9.999358630718466756e-01
1.606500000000000000e+04 9.999028798521409911e-01
1.607000000000000000e+04 9.999538218699874914e-01
1.607500000000000000e+04 1.000001099099770530e+00
1.608000000000000000e+04 9.999490460337083775e-01
1.608500000000000000e+04 9.999014692401486659e-01
1.609000000000000000e+04 9.999451421061656964e-01
1.609500000000000000e+04 9.999979118147936941e-01
1.610000000000000000e+04 9.999586026250298909e-01
1.610500000000000000e+04 9.999042266446112048e-01
1.611000000000000000e+04 9.999307729665830591e-01
1.611500000000000000e+04 9.999947622012339554e-01
1.612000000000000000e+04 9.999741830216692939e-01
1.612500000000000000e+04 9.999077359026922185e-01
1.613000000000000000e+04 9.999226878438864929e-01
1.613500000000000000e+04 9.999892241902695877e-01
1.614000000000000000e+04 9.999799193025732391e-01
1.614500000000000000e+04 9.999155892351402342e-01
1.615000000000000000e+04 9.999128100383344320e-01
1.615500000000000000e+04 9.999775321429220654e-01
1.616000000000000000e+04 9.999932446889032711e-01
1.616500000000000000e+04 9.999244749166104063e-01
1.617000000000000000e+04 9.999070501512212772e-01
1.617500000000000000e+04 9.999703214424222608e-01
1.618000000000000000e+04 9.999946742274121725e-01
1.618500000000000000e+04 9.999347570893761805e-01
1.619000000000000000e+04 9.999031565757307005e-01
1.619500000000000000e+04 9.999549117139249210e-01
1.620000000000000000e+04 1.000000308272344762e+00
1.620500000000000000e+04 9.999486897545150077e-01
1.621000000000000000e+04 9.999012465385772597e-01
1.621500000000000000e+04 9.999465181087973109e-01
1.622000000000000000e+04 9.999986158532727654e-01
1.622500000000000000e+04 9.999577749327926979e-01
1.623000000000000000e+04 9.999037927685916483e-01
1.623500000000000000e+04 9.999321811582007058e-01
1.624000000000000000e+04 9.999941827617935264e-01
1.624500000000000000e+04 9.999739485972971575e-01
1.625000000000000000e+04 9.999069135746349035e-01
1.625500000000000000e+04 9.999239361728334829e-01
1.626000000000000000e+04 9.999901645299953401e-01
1.626500000000000000e+04 9.999796257771410568e-01
1.627000000000000000e+04 9.999147284275711201e-01
1.627500000000000000e+04 9.999137738378631735e-01
1.628000000000000000e+04 9.999779278296639928e-01
1.628500000000000000e+04 9.999924817677338096e-01
1.629000000000000000e+04 9.999239056591106012e-01
1.629500000000000000e+04 9.999074681718491675e-01
1.630000000000000000e+04 9.999715838395064615e-01
1.630500000000000000e+04 9.999949143834103715e-01
1.631000000000000000e+04 9.999337553594680461e-01
1.631500000000000000e+04 9.999034318434822932e-01
1.632000000000000000e+04 9.999561659883750009e-01
1.632500000000000000e+04 9.999992302529516763e-01
1.633000000000000000e+04 9.999484900533414100e-01
1.633500000000000000e+04 9.999007442030957149e-01
1.634000000000000000e+04 9.999479571602536421e-01
1.634500000000000000e+04 9.999992408476231498e-01
1.635000000000000000e+04 9.999569804230910020e-01
1.635500000000000000e+04 9.999034761553345918e-01
1.636000000000000000e+04 9.999335379536495871e-01
1.636500000000000000e+04 9.999937236604312663e-01
1.637000000000000000e+04 9.999734090771935646e-01
1.637500000000000000e+04 9.999062538607845774e-01
1.638000000000000000e+04 9.999249064871641446e-01
1.638500000000000000e+04 9.999911607064132513e-01
1.639000000000000000e+04 9.999793066510707096e-01
1.639500000000000000e+04 9.999139534796249729e-01
1.640000000000000000e+04 9.999146847513771252e-01
1.640500000000000000e+04 9.999785807354419909e-01
1.641000000000000000e+04 9.999912586557879735e-01
1.641500000000000000e+04 9.999236692038045993e-01
1.642000000000000000e+04 9.999074749125871353e-01
1.642500000000000000e+04 9.999729410669873086e-01
1.643000000000000000e+04 9.999950924964595700e-01
1.643500000000000000e+04 9.999327724206090728e-01
1.644000000000000000e+04 9.999037749988805013e-01
1.644500000000000000e+04 9.999574969564228866e-01
1.645000000000000000e+04 9.999980298854869165e-01
1.645500000000000000e+04 9.999482433390690650e-01
1.646000000000000000e+04 9.999001863051768524e-01
1.646500000000000000e+04 9.999492397333747951e-01
1.647000000000000000e+04 9.999998587199542266e-01
1.647500000000000000e+04 9.999561857333304493e-01
1.648000000000000000e+04 9.999032340429142574e-01
1.648500000000000000e+04 9.999348449154346063e-01
1.649000000000000000e+04 9.999934925555657994e-01
1.649500000000000000e+04 9.999724035952608503e-01
1.650000000000000000e+04 9.999059485810427583e-01
1.650500000000000000e+04 9.999254414107008326e-01
1.651000000000000000e+04 9.999922272752082009e-01
1.651500000000000000e+04 9.999789722517165025e-01
1.652000000000000000e+04 9.999131739738734703e-01
1.652500000000000000e+04 9.999156131931865588e-01
1.653000000000000000e+04 9.999794426574454276e-01
1.653500000000000000e+04 9.999896657505712438e-01
1.654000000000000000e+04 9.999236609355629524e-01
1.654500000000000000e+04 9.999072000339381816e-01
1.655000000000000000e+04 9.999742411643380846e-01
1.655500000000000000e+04 9.999952544209117500e-01
1.656000000000000000e+04 9.999317699041534446e-01
1.656500000000000000e+04 9.999041835611400808e-01
1.657000000000000000e+04 9.999588480099074195e-01
1.657500000000000000e+04 9.999968948951777348e-01
1.658000000000000000e+04 9.999477033531134484e-01
1.658500000000000000e+04 9.998998450787741632e-01
1.659000000000000000e+04 9.999501540161671587e-01
1.659500000000000000e+04 1.000000508271283950e+00
1.660000000000000000e+04 9.999554045120832013e-01
1.660500000000000000e+04 9.999029810275825714e-01
1.661000000000000000e+04 9.999361367225640951e-01
1.661500000000000000e+04 9.999935385961434831e-01
1.662000000000000000e+04 9.999708825852627880e-01
1.662500000000000000e+04 9.999060509816392051e-01
1.663000000000000000e+04 9.999255403487913307e-01
1.663500000000000000e+04 9.999932882815028012e-01
1.664000000000000000e+04 9.999786539631391191e-01
1.664500000000000000e+04 9.999123345019416131e-01
1.665000000000000000e+04 9.999165880230072023e-01
1.665500000000000000e+04 9.999804452978464653e-01
1.666000000000000000e+04 9.999878904707578675e-01
1.666500000000000000e+04 9.999236471716587138e-01
1.667000000000000000e+04 9.999069043271935353e-01
1.667500000000000000e+04 9.999752829981063407e-01
1.668000000000000000e+04 9.999954345578571102e-01
1.668500000000000000e+04 9.999307643314462313e-01
1.669000000000000000e+04 9.999045956991482464e-01
1.669500000000000000e+04 9.999601961471249467e-01
1.670000000000000000e+04 9.999959873780800423e-01
1.670500000000000000e+04 9.999466753075707537e-01
1.671000000000000000e+04 9.998999257142558994e-01
1.671500000000000000e+04 9.999505868124913821e-01
1.672000000000000000e+04 1.000001166915484907e+00
1.672500000000000000e+04 9.999546729826045421e-01
1.673000000000000000e+04 9.999026424518235867e-01
1.673500000000000000e+04 9.999374446683416684e-01
1.674000000000000000e+04 9.999938478143374221e-01
1.674500000000000000e+04 9.999689404080717159e-01
1.675000000000000000e+04 9.999064392885127495e-01
1.675500000000000000e+04 9.999253727887730259e-01
1.676000000000000000e+04 9.999941958606816117e-01
1.676500000000000000e+04 9.999783767603354079e-01
1.677000000000000000e+04 9.999114391444130501e-01
1.677500000000000000e+04 9.999175835762974529e-01
1.678000000000000000e+04 9.999815197622332619e-01
1.678500000000000000e+04 9.999861664356568536e-01
1.679000000000000000e+04 9.999233493001803419e-01
1.679500000000000000e+04 9.999068791486548369e-01
1.680000000000000000e+04 9.999758952135424650e-01
1.680500000000000000e+04 9.999956317650340321e-01
1.681000000000000000e+04 9.999298053732099678e-01
1.681500000000000000e+04 9.999049319229879051e-01
1.682000000000000000e+04 9.999615389595047921e-01
1.682500000000000000e+04 9.999954008098830283e-01
1.683000000000000000e+04 9.999450990879171774e-01
1.683500000000000000e+04 9.999004748556943323e-01
1.684000000000000000e+04 9.999505807244281064e-01
1.684500000000000000e+04 1.000001747765831617e+00
1.685000000000000000e+04 9.999540200135430545e-01
1.685500000000000000e+04 9.999021947053997605e-01
1.686000000000000000e+04 9.999387715442875635e-01
1.686500000000000000e+04 9.999943537928059900e-01
1.687000000000000000e+04 9.999667962938754151e-01
1.687500000000000000e+04 9.999068543439801893e-01
1.688000000000000000e+04 9.999252226046582148e-01
1.688500000000000000e+04 9.999947807702558311e-01
1.689000000000000000e+04 9.999781410885206778e-01
1.689500000000000000e+04 9.999105409998270133e-01
1.690000000000000000e+04 9.999185388208041703e-01
1.690500000000000000e+04 9.999826095783469482e-01
1.691000000000000000e+04 9.999847032224907784e-01
1.691500000000000000e+04 9.999225543661302007e-01
1.692000000000000000e+04 9.999073295907170422e-01
1.692500000000000000e+04 9.999760100551465802e-01
1.693000000000000000e+04 9.999958013502175946e-01
1.693500000000000000e+04 9.999289405182147927e-01
1.694000000000000000e+04 9.999051410608152946e-01
1.694500000000000000e+04 9.999628776886140269e-01
1.695000000000000000e+04 9.999951373773935392e-01
1.695500000000000000e+04 9.999430854351325504e-01
1.696000000000000000e+04 9.999013532853149311e-01
1.696500000000000000e+04 9.999503324776350954e-01
1.697000000000000000e+04 1.000002122593210085e+00
1.697500000000000000e+04 9.999534480229490541e-01
1.698000000000000000e+04 9.999016732019199161e-01
1.698500000000000000e+04 9.999400891100177491e-01
1.699000000000000000e+04 9.999949609584164456e-01
1.699500000000000000e+04 9.999647270584449688e-01
1.700000000000000000e+04 9.999069987046405039e-01
1.700500000000000000e+04 9.999253841959249156e-01
1.701000000000000000e+04 9.999949162929052671e-01
1.701500000000000000e+04 9.999779192740327893e-01
1.702000000000000000e+04 9.999097068547533329e-01
1.702500000000000000e+04 9.999193942152189152e-01
1.703000000000000000e+04 9.999836773859352990e-01
1.703500000000000000e+04 9.999836218700922652e-01
1.704000000000000000e+04 9.999212062706037685e-01
1.704500000000000000e+04 9.999082904385997450e-01
1.705000000000000000e+04 9.999757022352128155e-01
1.705500000000000000e+04 9.999958633226841975e-01
1.706000000000000000e+04 9.999281873056726777e-01
1.706500000000000000e+04 9.999052255841416326e-01
1.707000000000000000e+04 9.999642071733502169e-01
1.707500000000000000e+04 9.999951144620953247e-01
1.708000000000000000e+04 9.999408869982638892e-01
1.708500000000000000e+04 9.999022866582917279e-01
1.709000000000000000e+04 9.999501308786934439e-01
1.709500000000000000e+04 1.000002162130231520e+00
1.710000000000000000e+04 9.999529327391465383e-01
1.710500000000000000e+04 9.999011473027443753e-01
1.711000000000000000e+04 9.999413557725363999e-01
1.711500000000000000e+04 9.999955745215888259e-01
1.712000000000000000e+04 9.999629755574188650e-01
1.712500000000000000e+04 9.999066569508557878e-01
1.713000000000000000e+04 9.999260522373517590e-01
1.713500000000000000e+04 9.999945715607501118e-01
1.714000000000000000e+04 9.999776636230536253e-01
1.714500000000000000e+04 9.999089792854655157e-01
1.715000000000000000e+04 9.999201237117604224e-01
1.715500000000000000e+04 9.999847073836137801e-01
1.716000000000000000e+04 9.999829208584114504e-01
1.716500000000000000e+04 9.999194378410821704e-01
1.717000000000000000e+04 9.999096110967903295e-01
1.717500000000000000e+04 9.999751763106339286e-01
1.718000000000000000e+04 9.999957218605247666e-01
1.718500000000000000e+04 9.999275279264887573e-01
1.719000000000000000e+04 9.999052343650645103e-01
1.719500000000000000e+04 9.999655167778118692e-01
1.720000000000000000e+04 9.999951991386067940e-01
1.720500000000000000e+04 9.999388128915914775e-01
1.721000000000000000e+04 9.999029744821941179e-01
1.721500000000000000e+04 9.999502580020861453e-01
1.722000000000000000e+04 1.000001779893156861e+00
1.722500000000000000e+04 9.999524378985147344e-01
1.723000000000000000e+04 9.999006793132715343e-01
1.723500000000000000e+04 9.999425407787666531e-01
1.724000000000000000e+04 9.999961288561793893e-01
1.724500000000000000e+04 9.999616702410998315e-01
1.725000000000000000e+04 9.999057865473643947e-01
1.725500000000000000e+04 9.999272504036724740e-01
1.726000000000000000e+04 9.999938342584914208e-01
1.726500000000000000e+04 9.999773182273723471e-01
1.727000000000000000e+04 9.999083582858018238e-01
1.727500000000000000e+04 9.999207437722426040e-01
1.728000000000000000e+04 9.999857049993534641e-01
1.728500000000000000e+04 9.999824864401420932e-01
1.729000000000000000e+04 9.999175281351688760e-01
1.729500000000000000e+04 9.999110165819306006e-01
1.730000000000000000e+04 9.999747061583036389e-01
1.730500000000000000e+04 9.999952890184118370e-01
1.731000000000000000e+04 9.999269269097101898e-01
1.731500000000000000e+04 9.999052296192986189e-01
1.732000000000000000e+04 9.999667983127904503e-01
1.732500000000000000e+04 9.999952588817340171e-01
1.733000000000000000e+04 9.999371198428058660e-01
1.733500000000000000e+04 9.999032119381151551e-01
1.734000000000000000e+04 9.999508925496394252e-01
1.734500000000000000e+04 1.000000965202592296e+00
1.735000000000000000e+04 9.999519325868645447e-01
1.735500000000000000e+04 9.999002925565882993e-01
1.736000000000000000e+04 9.999436384792095289e-01
1.736500000000000000e+04 9.999966059022212805e-01
1.737000000000000000e+04 9.999607879952487899e-01
1.737500000000000000e+04 9.999045400053537813e-01
1.738000000000000000e+04 9.999288282707283759e-01
1.738500000000000000e+04 9.999928938211072316e-01
1.739000000000000000e+04 9.999768275227743919e-01
1.739500000000000000e+04 9.999078121399400665e-01
1.740000000000000000e+04 9.999212954791723007e-01
1.740500000000000000e+04 9.999866933585225270e-01
1.741000000000000000e+04 9.999821437968642313e-01
1.741500000000000000e+04 9.999158008531017217e-01
1.742000000000000000e+04 9.999122190778182429e-01
1.742500000000000000e+04 9.999745492442080330e-01
1.743000000000000000e+04 9.999945066721624976e-01
1.743500000000000000e+04 9.999263587252205099e-01
1.744000000000000000e+04 9.999052492054597563e-01
1.744500000000000000e+04 9.999680519251259447e-01
1.745000000000000000e+04 9.999952101920109859e-01
1.745500000000000000e+04 9.999359236843776699e-01
1.746000000000000000e+04 9.999029730075725819e-01
1.746500000000000000e+04 9.999520535775998642e-01
1.747000000000000000e+04 9.999997950663781499e-01
1.747500000000000000e+04 9.999513985510809500e-01
1.748000000000000000e+04 9.998999674595787646e-01
1.748500000000000000e+04 9.999446631665885876e-01
1.749000000000000000e+04 9.999970375422707614e-01
1.749500000000000000e+04 9.999601751428232044e-01
1.750000000000000000e+04 9.999032080781908860e-01
1.750500000000000000e+04 9.999305268512781453e-01
1.751000000000000000e+04 9.999919908902364929e-01
1.751500000000000000e+04 9.999761396149317028e-01
1.752000000000000000e+04 9.999073097925426090e-01
1.752500000000000000e+04 9.999218119631881896e-01
1.753000000000000000e+04 9.999877046205755127e-01
1.753500000000000000e+04 9.999817290197097197e-01
1.754000000000000000e+04 9.999145051486728608e-01
1.754500000000000000e+04 9.999130329208038015e-01
1.755000000000000000e+04 9.999748680725755179e-01
1.755500000000000000e+04 9.999933628779219541e-01
1.756000000000000000e+04 9.999258262791097529e-01
1.756500000000000000e+04 9.999052877515577364e-01
1.757000000000000000e+04 9.999692823032534372e-01
1.757500000000000000e+04 9.999950470848567585e-01
1.758000000000000000e+04 9.999351670026177530e-01
1.758500000000000000e+04 9.999024198616043302e-01
1.759000000000000000e+04 9.999536058580887898e-01
1.759500000000000000e+04 9.999984214637078761e-01
1.760000000000000000e+04 9.999508222327260221e-01
1.760500000000000000e+04 9.998996679961942302e-01
1.761000000000000000e+04 9.999456276173881442e-01
1.761500000000000000e+04 9.999974902019718170e-01
1.762000000000000000e+04 9.999596177557648069e-01
1.762500000000000000e+04 9.999021074245322271e-01
1.763000000000000000e+04 9.999320843379216894e-01
1.763500000000000000e+04 9.999913508721793853e-01
1.764000000000000000e+04 9.999752080386374864e-01
1.764500000000000000e+04 9.999068539120616883e-01
1.765000000000000000e+04 9.999222922959274396e-01
1.765500000000000000e+04 9.999887651119510057e-01
1.766000000000000000e+04 9.999811534465173901e-01
1.766500000000000000e+04 9.999137277008341984e-01
1.767000000000000000e+04 9.999134448476526549e-01
1.767500000000000000e+04 9.999756878382604075e-01
1.768000000000000000e+04 9.999919004823446533e-01
1.768500000000000000e+04 9.999253565859250736e-01
1.769000000000000000e+04 9.999053091522206449e-01
1.769500000000000000e+04 9.999704844823309458e-01
1.770000000000000000e+04 9.999948386463924921e-01
1.770500000000000000e+04 9.999346552998370496e-01
1.771000000000000000e+04 9.999018351686697059e-01
1.771500000000000000e+04 9.999553223720960560e-01
1.772000000000000000e+04 9.999970381401510622e-01
1.772500000000000000e+04 9.999501772516699027e-01
1.773000000000000000e+04 9.998993827617230767e-01
1.773500000000000000e+04 9.999465195950203444e-01
1.774000000000000000e+04 9.999980354999072896e-01
1.774500000000000000e+04 9.999589319122391684e-01
1.775000000000000000e+04 9.999014597524127357e-01
1.775500000000000000e+04 9.999333373364678312e-01
1.776000000000000000e+04 9.999911247197788011e-01
1.776500000000000000e+04 9.999739978764197179e-01
1.777000000000000000e+04 9.999064925159223405e-01
1.777500000000000000e+04 9.999227000001489341e-01
1.778000000000000000e+04 9.999898765820036672e-01
1.778500000000000000e+04 9.999804348989825842e-01
1.779000000000000000e+04 9.999133715290916546e-01
1.779500000000000000e+04 9.999136112341227012e-01
1.780000000000000000e+04 9.999769041324438890e-01
1.780500000000000000e+04 9.999902165125577058e-01
1.781000000000000000e+04 9.999249736624198359e-01
1.781500000000000000e+04 9.999052846538972750e-01
1.782000000000000000e+04 9.999716269861168572e-01
1.782500000000000000e+04 9.999946963986400261e-01
1.783000000000000000e+04 9.999341452958250276e-01
1.783500000000000000e+04 9.999015068728034361e-01
1.784000000000000000e+04 9.999569763469363659e-01
1.784500000000000000e+04 9.999958367530868975e-01
1.785000000000000000e+04 9.999494108874472653e-01
1.785500000000000000e+04 9.998991552740850164e-01
1.786000000000000000e+04 9.999472935152894371e-01
1.786500000000000000e+04 9.999987157648068115e-01
1.787000000000000000e+04 9.999580368627930538e-01
1.787500000000000000e+04 9.999013123759761257e-01
1.788000000000000000e+04 9.999342761919143285e-01
1.788500000000000000e+04 9.999913563343824086e-01
1.789000000000000000e+04 9.999724992425294001e-01
1.789500000000000000e+04 9.999062983199046295e-01
1.790000000000000000e+04 9.999229903899938821e-01
1.790500000000000000e+04 9.999910001132183979e-01
1.791000000000000000e+04 9.999796839975202412e-01
1.791500000000000000e+04 9.999132083717079400e-01
1.792000000000000000e+04 9.999137856954108949e-01
1.792500000000000000e+04 9.999783344622730219e-01
1.793000000000000000e+04 9.999884511942244147e-01
1.793500000000000000e+04 9.999246631667354501e-01
1.794000000000000000e+04 9.999052349564891973e-01
1.794500000000000000e+04 9.999726446535083246e-01
1.795000000000000000e+04 9.999947235639276011e-01
1.795500000000000000e+04 9.999334474998728961e-01
1.796000000000000000e+04 9.999016144639758519e-01
1.796500000000000000e+04 9.999584243833511410e-01
1.797000000000000000e+04 9.999949648005460601e-01
1.797500000000000000e+04 9.999484477962286011e-01
1.798000000000000000e+04 9.998990823289487517e-01
1.798500000000000000e+04 9.999478870833444777e-01
1.799000000000000000e+04 9.999995161585887304e-01
1.799500000000000000e+04 9.999569817486128054e-01
1.800000000000000000e+04 9.999015316410371224e-01
1.800500000000000000e+04 9.999350339595999282e-01
1.801000000000000000e+04 9.999919852927557917e-01
1.801500000000000000e+04 9.999707449471334497e-01
1.802000000000000000e+04 9.999063233158008712e-01
1.802500000000000000e+04 9.999231538312725043e-01
1.803000000000000000e+04 9.999920515574537427e-01
1.803500000000000000e+04 9.999790518504307890e-01
1.804000000000000000e+04 9.999129804637846286e-01
1.804500000000000000e+04 9.999142098341342599e-01
1.805000000000000000e+04 9.999797905156793121e-01
1.805500000000000000e+04 9.999867664109648446e-01
1.806000000000000000e+04 9.999243507068935610e-01
1.806500000000000000e+04 9.999052502227779859e-01
1.807000000000000000e+04 9.999734508902679009e-01
1.807500000000000000e+04 9.999949653697380869e-01
1.808000000000000000e+04 9.999325003829911962e-01
1.808500000000000000e+04 9.999021637050241607e-01
1.809000000000000000e+04 9.999596482244441642e-01
1.809500000000000000e+04 9.999944964963362048e-01
1.810000000000000000e+04 9.999472155020964204e-01
1.810500000000000000e+04 9.998992756279625471e-01
1.811000000000000000e+04 9.999482586908311488e-01
1.811500000000000000e+04 1.000000354395722990e+00
1.812000000000000000e+04 9.999559164899813890e-01
1.812500000000000000e+04 9.999018690297710732e-01
1.813000000000000000e+04 9.999358173240028291e-01
1.813500000000000000e+04 9.999928803832960345e-01
1.814000000000000000e+04 9.999688232161834112e-01
1.814500000000000000e+04 9.999065514718818992e-01
1.815000000000000000e+04 9.999232508473778758e-01
1.815500000000000000e+04 9.999929152050517356e-01
1.816000000000000000e+04 9.999786607632302760e-01
1.816500000000000000e+04 9.999125075741939206e-01
1.817000000000000000e+04 9.999150140255889108e-01
1.817500000000000000e+04 9.999811421751345630e-01
1.818000000000000000e+04 9.999853157657759839e-01
1.818500000000000000e+04 9.999239108992380443e-01
1.819000000000000000e+04 9.999054715772131008e-01
1.819500000000000000e+04 9.999739695477591894e-01
1.820000000000000000e+04 9.999953793822179415e-01
1.820500000000000000e+04 9.999313866604689904e-01
1.821000000000000000e+04 9.999029945900714811e-01
1.821500000000000000e+04 9.999607418727313179e-01
1.822000000000000000e+04 9.999944232507697039e-01
1.822500000000000000e+04 9.999456834290711971e-01
1.823000000000000000e+04 9.998998022105415329e-01
1.823500000000000000e+04 9.999484279726424951e-01
1.824000000000000000e+04 1.000001094237415566e+00
1.824500000000000000e+04 9.999550208031520171e-01
1.825000000000000000e+04 9.999020692667686117e-01
1.825500000000000000e+04 9.999368115474163154e-01
1.826000000000000000e+04 9.999938891543029840e-01
1.826500000000000000e+04 9.999668747320394901e-01
1.827000000000000000e+04 9.999068768284483655e-01
1.827500000000000000e+04 9.999234163749419757e-01
1.828000000000000000e+04 9.999934756439154970e-01
1.828500000000000000e+04 9.999785460433276985e-01
1.829000000000000000e+04 9.999117548093466867e-01
1.829500000000000000e+04 9.999161686813958783e-01
1.830000000000000000e+04 9.999823501198619180e-01
1.830500000000000000e+04 9.999842117187560664e-01
1.831000000000000000e+04 9.999232095682231147e-01
1.831500000000000000e+04 9.999060371252036505e-01
1.832000000000000000e+04 9.999741752556033925e-01
1.832500000000000000e+04 9.999958377493439743e-01
1.833000000000000000e+04 9.999302876873457091e-01
1.833500000000000000e+04 9.999038555088128888e-01
1.834000000000000000e+04 9.999618540473002026e-01
1.834500000000000000e+04 9.999946647360584695e-01
1.835000000000000000e+04 9.999438970542101623e-01
1.835500000000000000e+04 9.999006329194086717e-01
1.836000000000000000e+04 9.999484970677998685e-01
1.836500000000000000e+04 1.000001580917755817e+00
1.837000000000000000e+04 9.999544220815520523e-01
1.837500000000000000e+04 9.999019735448306800e-01
1.838000000000000000e+04 9.999381003130719536e-01
1.838500000000000000e+04 9.999948851634588021e-01
1.839000000000000000e+04 9.999650679145125620e-01
1.839500000000000000e+04 9.999071240991860288e-01
1.840000000000000000e+04 9.999238242353921668e-01
1.840500000000000000e+04 9.999936589659000896e-01
1.841000000000000000e+04 9.999786319061645390e-01
1.841500000000000000e+04 9.999108351558158025e-01
1.842000000000000000e+04 9.999175031569539351e-01
1.842500000000000000e+04 9.999834586755976806e-01
1.843000000000000000e+04 9.999834981907911313e-01
1.843500000000000000e+04 9.999221635331073665e-01
1.844000000000000000e+04 9.999070150430794390e-01
1.844500000000000000e+04 9.999741235435765097e-01
1.845000000000000000e+04 9.999961614458940939e-01
1.845500000000000000e+04 9.999293980545455041e-01
1.846000000000000000e+04 9.999045092527287792e-01
1.846500000000000000e+04 9.999631135102032831e-01
1.847000000000000000e+04 9.999950962360396600e-01
1.847500000000000000e+04 9.999419870469108407e-01
1.848000000000000000e+04 9.999016276798193825e-01
1.848500000000000000e+04 9.999486366240609714e-01
1.849000000000000000e+04 1.000001688165194969e+00
1.849500000000000000e+04 9.999541363529422799e-01
1.850000000000000000e+04 9.999015755033808794e-01
1.850500000000000000e+04 9.999396322420276428e-01
1.851000000000000000e+04 9.999957979340742265e-01
1.851500000000000000e+04 9.999635557486400428e-01
1.852000000000000000e+04 9.999071088729410972e-01
1.852500000000000000e+04 9.999246228278366733e-01
1.853000000000000000e+04 9.999934679564506101e-01
1.853500000000000000e+04 9.999787505982757896e-01
1.854000000000000000e+04 9.999099496442693802e-01
1.854500000000000000e+04 9.999187801829702016e-01
1.855000000000000000e+04 9.999845569050752614e-01
1.855500000000000000e+04 9.999831380085486554e-01
1.856000000000000000e+04 9.999207904818702142e-01
1.856500000000000000e+04 9.999083559251659148e-01
1.857000000000000000e+04 9.999739536639489224e-01
1.857500000000000000e+04 9.999961746929941775e-01
1.858000000000000000e+04 9.999288381340187826e-01
1.858500000000000000e+04 9.999048252575325479e-01
1.859000000000000000e+04 9.999645688364769969e-01
1.859500000000000000e+04 9.999955843509669151e-01
1.860000000000000000e+04 9.999401423963503177e-01
1.860500000000000000e+04 9.999025710671937128e-01
1.861000000000000000e+04 9.999490365506813472e-01
1.861500000000000000e+04 1.000001360913447712e+00
1.862000000000000000e+04 9.999540556553112580e-01
1.862500000000000000e+04 9.999010099564137333e-01
1.863000000000000000e+04 9.999412442748425445e-01
1.863500000000000000e+04 9.999966189127873495e-01
1.864000000000000000e+04 9.999624276709710990e-01
1.864500000000000000e+04 9.999067138440130842e-01
1.865000000000000000e+04 9.999258690393216797e-01
1.865500000000000000e+04 9.999929955663261483e-01
1.866000000000000000e+04 9.999786964981236537e-01
1.866500000000000000e+04 9.999092942281645469e-01
1.867000000000000000e+04 9.999197915684726601e-01
1.867500000000000000e+04 9.999857270353073035e-01
1.868000000000000000e+04 9.999830218927993064e-01
1.868500000000000000e+04 9.999192223644901567e-01
1.869000000000000000e+04 9.999098907014331017e-01
1.869500000000000000e+04 9.999738574057417395e-01
1.870000000000000000e+04 9.999957600564388649e-01
1.870500000000000000e+04 9.999286012868447981e-01
1.871000000000000000e+04 9.999048212519731083e-01
1.871500000000000000e+04 9.999661654888316598e-01
1.872000000000000000e+04 9.999960216901789822e-01
1.872500000000000000e+04 9.999385523291732802e-01
1.873000000000000000e+04 9.999032481429029895e-01
1.873500000000000000e+04 9.999498388175700470e-01
1.874000000000000000e+04 1.000000637948186055e+00
1.874500000000000000e+04 9.999539851228759213e-01
1.875000000000000000e+04 9.999004840800866933e-01
1.875500000000000000e+04 9.999427278631043414e-01
1.876000000000000000e+04 9.999973855746593365e-01
1.876500000000000000e+04 9.999616757020896030e-01
1.877000000000000000e+04 9.999059464834130218e-01
1.877500000000000000e+04 9.999274915655369522e-01
1.878000000000000000e+04 9.999924080141054938e-01
1.878500000000000000e+04 9.999782935807579598e-01
1.879000000000000000e+04 9.999089748336527084e-01
1.879500000000000000e+04 9.999204347344391453e-01
1.880000000000000000e+04 9.999870014208808167e-01
1.880500000000000000e+04 9.999829997552038829e-01
1.881000000000000000e+04 9.999176699502901888e-01
1.881500000000000000e+04 9.999113811681991093e-01
1.882000000000000000e+04 9.999740221701710619e-01
1.882500000000000000e+04 9.999948945739847161e-01
1.883000000000000000e+04 9.999285558487104320e-01
1.883500000000000000e+04 9.999046414212695577e-01
1.884000000000000000e+04 9.999677654911215408e-01
1.884500000000000000e+04 9.999963516386967122e-01
1.885000000000000000e+04 9.999373379829433750e-01
1.885500000000000000e+04 9.999035298903455882e-01
1.886000000000000000e+04 9.999510802751433447e-01
1.886500000000000000e+04 9.999996452854474915e-01
1.887000000000000000e+04 9.999537125509302404e-01
1.887500000000000000e+04 9.999001845124951826e-01
1.888000000000000000e+04 9.999439078937005787e-01
1.888500000000000000e+04 9.999981520706803240e-01
1.889000000000000000e+04 9.999611916926007815e-01
1.889500000000000000e+04 9.999049487821326521e-01
1.890000000000000000e+04 9.999293039687785489e-01
1.890500000000000000e+04 9.999919005869228883e-01
1.891000000000000000e+04 9.999774503590646013e-01
1.891500000000000000e+04 9.999089659367219607e-01
1.892000000000000000e+04 9.999207409731362128e-01
1.892500000000000000e+04 9.999883428269855656e-01
1.893000000000000000e+04 9.999829268735005439e-01
1.893500000000000000e+04 9.999163481753616800e-01
1.894000000000000000e+04 9.999126058242145954e-01
1.894500000000000000e+04 9.999745691490808941e-01
1.895000000000000000e+04 9.999936545919813069e-01
1.895500000000000000e+04 9.999284977388122053e-01
1.896000000000000000e+04 9.999044859304089261e-01
1.896500000000000000e+04 9.999691977450552161e-01
1.897000000000000000e+04 9.999965764090131826e-01
1.897500000000000000e+04 9.999365028129040267e-01
1.898000000000000000e+04 9.999034299816280669e-01
1.898500000000000000e+04 9.999526716762396905e-01
1.899000000000000000e+04 9.999985616624067486e-01
1.899500000000000000e+04 9.999530810173186124e-01
1.900000000000000000e+04 9.999002016408216065e-01
1.900500000000000000e+04 9.999447020905053440e-01
1.901000000000000000e+04 9.999989573095255935e-01
1.901500000000000000e+04 9.999608017238941216e-01
1.902000000000000000e+04 9.999039492201988732e-01
1.902500000000000000e+04 9.999310667554550669e-01
1.903000000000000000e+04 9.999916408178921579e-01
1.903500000000000000e+04 9.999761826667521447e-01
1.904000000000000000e+04 9.999091269248272518e-01
1.904500000000000000e+04 9.999208490517595971e-01
1.905000000000000000e+04 9.999896521654805248e-01
1.905500000000000000e+04 9.999827103221846647e-01
1.906000000000000000e+04 9.999153915357772426e-01
1.906500000000000000e+04 9.999134457798145581e-01
1.907000000000000000e+04 9.999755115369225456e-01
1.907500000000000000e+04 9.999921890222368548e-01
1.908000000000000000e+04 9.999282284500115026e-01
1.908500000000000000e+04 9.999045260374438415e-01
1.909000000000000000e+04 9.999703165725168930e-01
1.909500000000000000e+04 9.999967454959952651e-01
1.910000000000000000e+04 9.999359259595870242e-01
1.910500000000000000e+04 9.999031045713469013e-01
1.911000000000000000e+04 9.999544250142813340e-01
1.911500000000000000e+04 9.999975680478122575e-01
1.912000000000000000e+04 9.999520358036205758e-01
1.912500000000000000e+04 9.999005016676665303e-01
1.913000000000000000e+04 9.999451400996834938e-01
1.913500000000000000e+04 9.999998001069919651e-01
1.914000000000000000e+04 9.999603285378796391e-01
1.914500000000000000e+04 9.999031732163706776e-01
1.915000000000000000e+04 9.999325754033404623e-01
1.915500000000000000e+04 9.999917195930245750e-01
1.916000000000000000e+04 9.999745986034365153e-01
1.916500000000000000e+04 9.999092646089031700e-01
1.917000000000000000e+04 9.999209412280324338e-01
1.917500000000000000e+04 9.999907974559151258e-01
1.918000000000000000e+04 9.999823384202041199e-01
1.918500000000000000e+04 9.999147964184131876e-01
1.919000000000000000e+04 9.999139326800825511e-01
1.919500000000000000e+04 9.999767508378074599e-01
1.920000000000000000e+04 9.999906724930883728e-01
1.920500000000000000e+04 9.999276243444521484e-01
1.921000000000000000e+04 9.999048419730741655e-01
1.921500000000000000e+04 9.999710460836471748e-01
1.922000000000000000e+04 9.999969268605637396e-01
1.922500000000000000e+04 9.999354063416030503e-01
1.923000000000000000e+04 9.999027907548594385e-01
1.923500000000000000e+04 9.999561210215411888e-01
1.924000000000000000e+04 9.999967988535742869e-01
1.924500000000000000e+04 9.999506298081033417e-01
1.925000000000000000e+04 9.999009537187105723e-01
1.925500000000000000e+04 9.999453402771352195e-01
1.926000000000000000e+04 1.000000628072319042e+00
1.926500000000000000e+04 9.999596592164879949e-01
1.927000000000000000e+04 9.999027488621186066e-01
1.927500000000000000e+04 9.999337380466449821e-01
1.928000000000000000e+04 9.999921284448072267e-01
1.928500000000000000e+04 9.999728552086695199e-01
1.929000000000000000e+04 9.999092111616773026e-01
1.929500000000000000e+04 9.999211725652461524e-01
1.930000000000000000e+04 9.999916519201591525e-01
1.930500000000000000e+04 9.999818798631665562e-01
1.931000000000000000e+04 9.999144184733014251e-01
1.931500000000000000e+04 9.999142350880660945e-01
1.932000000000000000e+04 9.999781144531033616e-01
1.932500000000000000e+04 9.999892563997615502e-01
1.933000000000000000e+04 9.999266697597657405e-01
1.933500000000000000e+04 9.999054072440174412e-01
1.934000000000000000e+04 9.999713968261789709e-01
1.934500000000000000e+04 9.999971690614797293e-01
1.935000000000000000e+04 9.999347431929487273e-01
1.935500000000000000e+04 9.999027069605437301e-01
1.936000000000000000e+04 9.999575907817083165e-01
1.936500000000000000e+04 9.999963113828552741e-01
1.937000000000000000e+04 9.999489902052709489e-01
1.937500000000000000e+04 9.999013944556238709e-01
1.938000000000000000e+04 9.999454596515103821e-01
1.938500000000000000e+04 1.000001343010333388e+00
1.939000000000000000e+04 9.999587903385136478e-01
1.939500000000000000e+04 9.999026496367595662e-01
1.940000000000000000e+04 9.999346089686715899e-01
1.940500000000000000e+04 9.999927713340612812e-01
1.941000000000000000e+04 9.999711066073159182e-01
1.941500000000000000e+04 9.999088827943407587e-01
1.942000000000000000e+04 9.999216236691299553e-01
1.942500000000000000e+04 9.999921285192343579e-01
1.943000000000000000e+04 9.999814496498945493e-01
1.943500000000000000e+04 9.999140305412758112e-01
1.944000000000000000e+04 9.999145859263286473e-01
1.944500000000000000e+04 9.999794208652481586e-01
1.945000000000000000e+04 9.999880348514788020e-01
1.945500000000000000e+04 9.999254445163382465e-01
1.946000000000000000e+04 9.999061200802360494e-01
1.946500000000000000e+04 9.999714537480725030e-01
1.947000000000000000e+04 9.999974671397143799e-01
1.947500000000000000e+04 9.999338212711069707e-01
1.948000000000000000e+04 9.999029571895065027e-01
1.948500000000000000e+04 9.999587782161994953e-01
1.949000000000000000e+04 9.999960824982893071e-01
1.949500000000000000e+04 9.999472649442410210e-01
1.950000000000000000e+04 9.999016976719354854e-01
1.950500000000000000e+04 9.999456410337688173e-01
1.951000000000000000e+04 1.000001821928624635e+00
1.951500000000000000e+04 9.999578294878279650e-01
1.952000000000000000e+04 9.999027019717602327e-01
1.952500000000000000e+04 9.999353615773237669e-01
1.953000000000000000e+04 9.999935060815836607e-01
1.953500000000000000e+04 9.999694641945610085e-01
1.954000000000000000e+04 9.999082962585299494e-01
1.954500000000000000e+04 9.999222928350616213e-01
1.955000000000000000e+04 9.999922020221867491e-01
1.955500000000000000e+04 9.999811523594298590e-01
1.956000000000000000e+04 9.999134199547310420e-01
1.956500000000000000e+04 9.999151798645233846e-01
1.957000000000000000e+04 9.999805471766545217e-01
1.957500000000000000e+04 9.999870347243697832e-01
1.958000000000000000e+04 9.999240773049584696e-01
1.958500000000000000e+04 9.999068616157632539e-01
1.959000000000000000e+04 9.999713455822168973e-01
1.959500000000000000e+04 9.999977458411257736e-01
1.960000000000000000e+04 9.999326641008540184e-01
1.960500000000000000e+04 9.999034817362154604e-01
1.961000000000000000e+04 9.999597568828828553e-01
1.961500000000000000e+04 9.999960310533050345e-01
1.962000000000000000e+04 9.999455739874547611e-01
1.962500000000000000e+04 9.999018174423679461e-01
1.963000000000000000e+04 9.999459785942849122e-01
1.963500000000000000e+04 1.000001948955832720e+00
1.964000000000000000e+04 9.999569487998712924e-01
1.964500000000000000e+04 9.999026581354558685e-01
1.965000000000000000e+04 9.999362102194596646e-01
1.965500000000000000e+04 9.999941994518003474e-01
1.966000000000000000e+04 9.999679814370944220e-01
1.966500000000000000e+04 9.999075416121955273e-01
1.967000000000000000e+04 9.999231238943999678e-01
1.967500000000000000e+04 9.999919149837253052e-01
1.968000000000000000e+04 9.999810243886907424e-01
1.968500000000000000e+04 9.999124848992051451e-01
1.969000000000000000e+04 9.999160843484121708e-01
1.969500000000000000e+04 9.999814723110513892e-01
1.970000000000000000e+04 9.999862285924047134e-01
1.970500000000000000e+04 9.999226901600221096e-01
1.971000000000000000e+04 9.999075504991495889e-01
1.971500000000000000e+04 9.999712101707707301e-01
1.972000000000000000e+04 9.999978696058495764e-01
1.972500000000000000e+04 9.999314299197062939e-01
1.973000000000000000e+04 9.999040784033785823e-01
1.973500000000000000e+04 9.999606930017247430e-01
1.974000000000000000e+04 9.999960556727313099e-01
1.974500000000000000e+04 9.999439844859081550e-01
1.975000000000000000e+04 9.999017889080679122e-01
1.975500000000000000e+04 9.999465112280896406e-01
1.976000000000000000e+04 1.000001650344439774e+00
1.976500000000000000e+04 9.999563067949119866e-01
1.977000000000000000e+04 9.999023057457898656e-01
1.977500000000000000e+04 9.999373126991787375e-01
1.978000000000000000e+04 9.999947752019942016e-01
1.978500000000000000e+04 9.999666632928734256e-01
1.979000000000000000e+04 9.999067298617592137e-01
1.979500000000000000e+04 9.999240502279815868e-01
1.980000000000000000e+04 9.999913690678871037e-01
1.980500000000000000e+04 9.999809996581406901e-01
1.981000000000000000e+04 9.999112875822352420e-01
1.981500000000000000e+04 9.999172037401595770e-01
1.982000000000000000e+04 9.999822786044456624e-01
1.982500000000000000e+04 9.999855609506511644e-01
1.983000000000000000e+04 9.999213600945271452e-01
1.983500000000000000e+04 9.999081689574327303e-01
1.984000000000000000e+04 9.999711680287906024e-01
1.984500000000000000e+04 9.999976796405177781e-01
1.985000000000000000e+04 9.999303484293419197e-01
1.985500000000000000e+04 9.999044880187397677e-01
1.986000000000000000e+04 9.999617689789223052e-01
1.986500000000000000e+04 9.999960733493986620e-01
1.987000000000000000e+04 9.999425152530522221e-01
1.987500000000000000e+04 9.999016925065976613e-01
1.988000000000000000e+04 9.999472387913507232e-01
1.988500000000000000e+04 1.000000922781749901e+00
1.989000000000000000e+04 9.999559699271005631e-01
1.989500000000000000e+04 9.999015675197240327e-01
1.990000000000000000e+04 9.999386949109474454e-01
1.990500000000000000e+04 9.999952376139039645e-01
1.991000000000000000e+04 9.999654895206371297e-01
1.991500000000000000e+04 9.999059437096624592e-01
1.992000000000000000e+04 9.999250306110566422e-01
1.992500000000000000e+04 9.999907057510345476e-01
1.993000000000000000e+04 9.999809161621827647e-01
1.993500000000000000e+04 9.999100386293092724e-01
1.994000000000000000e+04 9.999183142002089353e-01
1.994500000000000000e+04 9.999831110564619818e-01
1.995000000000000000e+04 9.999849752421852145e-01
1.995500000000000000e+04 9.999201122777978679e-01
1.996000000000000000e+04 9.999087521614524743e-01
1.996500000000000000e+04 9.999713094044853090e-01
1.997000000000000000e+04 9.999970475207552445e-01
1.997500000000000000e+04 9.999296223088411928e-01
1.998000000000000000e+04 9.999045093462960443e-01
1.998500000000000000e+04 9.999630986774331598e-01
1.999000000000000000e+04 9.999960458779805217e-01
1.999500000000000000e+04 9.999411610688426766e-01
2.000000000000000000e+04 9.999016044878469289e-01
