0.000000000000000000e+00 1.000000000000000000e+00 0.000000000000000000e+00 0.000000000000000000e+00 0.000000000000000000e+00 0.000000000000000000e+00
5.000000000000000000e+00 9.999526476276600073e-01 1.246014797834624327e-12 2.890521102289610480e-15 6.309732219200255303e-18 1.275185964676699045e-20
1.000000000000000000e+01 9.999003268981722092e-01 1.245341381421658932e-11 5.194581175175869950e-14 1.813139475181890726e-16 5.519709611987893162e-19
1.500000000000000000e+01 9.999404940583818124e-01 2.052721701012618525e-11 3.868315092568624542e-13 1.979975695522279429e-15 4.172965582695186245e-18
2.000000000000000000e+01 9.999966267608878523e-01 2.010040408632953276e-10 1.696839044735569060e-12 3.205074404764188107e-16 3.235696796768951602e-18
2.500000000000000000e+01 9.999643573805648833e-01 5.969194885940961671e-10 9.523151220986601021e-13 2.367934083254197822e-15 6.219584531076755195e-19
3.000000000000000000e+01 9.999035502101297768e-01 9.451418397144754844e-10 8.286244045021020367e-14 3.182484076895994006e-16 9.981634460698731126e-19
3.500000000000000000e+01 9.999284404360824219e-01 9.386253949863601582e-10 3.155147821653549725e-14 8.932197499412783458e-17 3.579232445779839809e-19
4.000000000000000000e+01 9.999938397563947756e-01 1.002446334428842848e-09 2.996956504122516221e-16 1.532566134557621347e-19 2.982946400743519566e-21
4.500000000000000000e+01 9.999762709061080779e-01 1.028009637104640897e-09 1.488411047316097659e-16 1.540638586692718700e-19 1.995701125110887775e-21
5.000000000000000000e+01 9.999090152897093242e-01 1.105915359976077990e-09 2.121879697946924386e-14 8.864076348710594749e-17 3.786879983656260348e-19
5.500000000000000000e+01 9.999185919816133694e-01 1.170148435858883028e-09 8.700934691598160316e-14 6.809743805151182824e-16 3.267749270043737820e-18
6.000000000000000000e+01 9.999853892640406805e-01 1.804294772975452345e-09 1.267839478537533288e-12 2.062996896629162999e-15 1.652958147414355137e-20
6.500000000000000000e+01 9.999845393378724578e-01 2.781839750122031375e-09 1.522914259859870975e-12 9.505617148552314958e-16 1.241625619075496302e-18
7.000000000000000000e+01 9.999177275590904745e-01 3.766405100598904937e-09 2.294140940090864775e-13 1.092901706808700045e-15 2.644426536343913645e-18
7.500000000000000000e+01 9.999095455888761252e-01 3.894842192999199529e-09 9.552636443906796006e-14 2.951157163330830114e-16 1.100276221421813182e-18
8.000000000000000000e+01 9.999769090919423675e-01 3.973168756565752167e-09 6.457091984378831013e-15 3.935390223859077469e-18 9.625784473063461907e-21
8.500000000000000000e+01 9.999934635449060361e-01 4.018441104555865938e-09 2.465384384554717737e-16 1.405572060024406877e-18 5.285065173863580458e-21
9.000000000000000000e+01 9.999276716651028796e-01 4.194459350269146590e-09 1.273145991898248936e-15 1.010400450017013477e-17 7.680730651988760586e-20
9.500000000000000000e+01 9.999039439132739737e-01 4.229435371223484167e-09 1.798463597142596019e-14 1.140316982765438442e-16 9.023917846770996278e-19
1.000000000000000000e+02 9.999655083933405297e-01 5.008457688465711215e-09 6.585156080859715894e-13 2.770607508213641761e-15 3.311058037961776854e-18
1.050000000000000000e+02 9.999963259726590836e-01 6.544105998234436360e-09 1.758944548693565538e-12 6.868590105624912296e-18 4.104151959130530541e-18
1.100000000000000000e+02 9.999393387910379127e-01 8.237916347140864790e-09 6.501082289149773068e-13 2.058937198065872406e-15 1.406360685401163257e-18
1.150000000000000000e+02 9.999004406053212390e-01 8.882328257235692237e-09 1.532194410421928966e-13 4.031731693626138219e-16 1.104747171230165571e-18
1.200000000000000000e+02 9.999534388147229835e-01 8.859968736421134147e-09 4.099158736879503118e-14 7.437617971588953633e-17 3.299667213483889909e-19
1.250000000000000000e+02 9.999999435898160316e-01 8.986170337666749379e-09 5.491132116977979542e-16 3.486072250824609583e-18 6.686522688162677621e-21
1.300000000000000000e+02 9.999518294076428226e-01 9.169124735027625737e-09 2.213054873189866601e-15 7.004056705083115254e-19 3.779342048859173506e-20
1.350000000000000000e+02 9.999002184961909290e-01 9.313169513210628442e-09 1.105891965444421782e-14 5.647378026033052635e-17 6.772461393435032395e-19
1.400000000000000000e+02 9.999416285361462098e-01 9.881863528881894427e-09 1.981881348942648460e-13 1.554673587992194401e-15 6.382734150593692698e-18
1.450000000000000000e+02 9.999969611631935873e-01 1.186255063390938819e-08 1.531172226956504594e-12 1.310164467958379421e-15 1.269402850934857177e-18
1.500000000000000000e+02 9.999632068897416071e-01 1.417628811074537878e-08 1.256131232596840196e-12 1.529060304293534024e-15 1.813812224228860839e-19
1.550000000000000000e+02 9.999031470656375431e-01 1.574107518088642290e-08 2.167858861981850574e-13 6.058678496822345158e-16 1.861630179243325680e-18
1.600000000000000000e+02 9.999292152672202283e-01 1.567636118277121110e-08 1.309035947984054904e-13 3.440986904320993985e-16 1.876677849520884392e-18
1.650000000000000000e+02 9.999941196512343033e-01 1.586859344177878586e-08 9.405267713416698086e-15 3.023668082005907292e-18 5.124381767297978261e-20
1.700000000000000000e+02 9.999755618106285215e-01 1.597689214302668472e-08 2.837044760182774317e-15 2.096149469367923676e-18 1.524357046731716449e-20
1.750000000000000000e+02 9.999084962067459337e-01 1.635257052449443391e-08 2.425384405976947803e-15 1.455151937084446981e-17 4.485835093550633706e-19
1.800000000000000000e+02 9.999194312418606678e-01 1.658896804555121861e-08 1.977173178943000342e-14 3.251773044763701377e-16 3.202671685859065090e-18
1.850000000000000000e+02 9.999862517844454457e-01 1.868421885462533081e-08 9.818593392408093134e-13 2.987181011509800860e-15 7.824204771774947910e-19
1.900000000000000000e+02 9.999837151081556463e-01 2.152826391340422594e-08 1.698291155117113837e-12 1.552051085264936714e-16 3.446663087129935697e-18
1.950000000000000000e+02 9.999168467177893538e-01 2.414551656982193138e-08 4.491795273870411368e-13 1.390122605120595651e-15 2.314700762911841602e-18
2.000000000000000000e+02 9.999100926104669274e-01 2.445730359514307277e-08 2.475002141224596164e-13 6.533053156599295924e-16 2.951887938254540911e-18
2.050000000000000000e+02 9.999774916561370297e-01 2.453767749647862846e-08 4.730577308041682126e-14 5.468793235690613875e-17 1.809306713079441907e-20
2.100000000000000000e+02 9.999929830713942813e-01 2.463281476097759923e-08 2.831092461974384965e-19 1.083550266904153226e-17 1.147038415017874749e-20
2.150000000000000000e+02 9.999268986467354514e-01 2.514068958483152283e-08 5.135617081234088626e-15 2.097537481533724935e-18 2.189375504526836703e-19
2.200000000000000000e+02 9.999043248904782022e-01 2.527853762125015653e-08 2.081089361018614452e-15 2.045322223087644494e-17 7.533393246678816559e-19
2.250000000000000000e+02 9.999666437678845776e-01 2.699052011614910087e-08 4.168313930755124643e-13 2.619196010806853215e-15 5.748875163531566848e-18
2.300000000000000000e+02 9.999960624671864196e-01 3.029799190070066842e-08 1.703679127819753661e-12 5.204347650793110776e-16 3.130733736387957713e-18
2.350000000000000000e+02 9.999381771898713245e-01 3.377433114720312109e-08 9.529142497108683222e-13 1.702743962399278448e-15 2.874792944975393259e-19
2.400000000000000000e+02 9.999005628386533617e-01 3.509542521758006375e-08 3.231163680407324232e-13 6.745533267324553769e-16 2.182190515964287383e-18
2.450000000000000000e+02 9.999542186657611742e-01 3.491505934667274559e-08 1.494049266563744387e-13 3.246909052567294482e-16 1.043629873841116946e-18
2.500000000000000000e+02 9.999997781888252391e-01 3.510319207340242108e-08 8.208617503418860165e-15 8.823238560715831908e-18 7.303902265798136743e-20
2.550000000000000000e+02 9.999509709760855403e-01 3.550518178374952833e-08 8.379055078434550715e-15 6.156784247713121930e-19 5.728297052848070897e-20
2.600000000000000000e+02 9.999001136794518629e-01 3.591058158222723910e-08 5.475875464767444768e-15 1.228479390839017102e-17 4.576343110913534418e-19
2.650000000000000000e+02 9.999427296810985411e-01 3.688748370867547195e-08 8.814131207566199164e-14 1.001487197011307316e-15 5.819345737770100571e-18
2.700000000000000000e+02 9.999973215264633675e-01 4.043482836652054894e-08 1.292469117123451250e-12 2.516805105455954959e-15 6.939200994599160992e-20
2.750000000000000000e+02 9.999620726568108076e-01 4.448052627362269847e-08 1.510582805899607439e-12 6.167172770190459895e-16 1.931954415013946300e-18
2.800000000000000000e+02 9.999027400228255313e-01 4.724011646769236732e-08 4.158792043576190554e-13 8.740096587033892057e-16 2.523976988358979796e-18
2.850000000000000000e+02 9.999300072527295136e-01 4.702561437784228963e-08 3.192651113692505322e-13 8.326018972235768415e-16 3.721136460030102041e-18
2.900000000000000000e+02 9.999943177014242179e-01 4.722610508078716285e-08 4.702403514307722696e-14 3.610691026133879397e-17 8.994745066781741551e-20
2.950000000000000000e+02 9.999747716591507185e-01 4.741844999838616335e-08 1.825019173971343891e-15 1.419787444243172440e-17 1.172907477213951624e-20
3.000000000000000000e+02 9.999079838326978553e-01 4.820754889649397918e-08 7.280134986952443480e-15 4.080779081439964656e-18 2.595231599382298056e-19
3.050000000000000000e+02 9.999202395297169810e-01 4.856764031939840249e-08 2.666064847479723999e-15 1.115454360386239725e-16 1.861559570012487239e-18
3.100000000000000000e+02 9.999871118340967202e-01 5.183589664398913266e-08 7.091922902417499554e-13 3.354425503870745989e-15 3.295027815341854649e-18
3.150000000000000000e+02 9.999829266623545543e-01 5.628931106656747745e-08 1.753852497790027326e-12 5.773005059452897212e-17 4.395097130609769274e-18
3.200000000000000000e+02 9.999159604261431689e-01 6.041004735281581942e-08 7.160580795979393542e-13 1.411517164359128243e-15 1.630207346308440609e-18
3.250000000000000000e+02 9.999106623233500191e-01 6.086745713305123567e-08 4.734134626110259537e-13 1.078078482201215022e-15 3.953933199760463943e-18
3.300000000000000000e+02 9.999780377775775442e-01 6.079691332575889285e-08 1.498043434830339057e-13 2.666584151094999754e-16 1.741171598073048932e-19
3.350000000000000000e+02 9.999923975692642797e-01 6.091385545331010529e-08 3.631213244551061921e-15 2.301833658409198560e-17 7.255291392909711492e-20
3.400000000000000000e+02 9.999261127017632367e-01 6.181673942738191818e-08 1.223306358556884619e-14 1.039360050522199655e-18 1.252398950834319514e-19
3.450000000000000000e+02 9.999046924989232199e-01 6.211336503185216670e-08 6.329624513006514244e-15 8.454573803558893193e-19 2.414771674553638049e-19
3.500000000000000000e+02 9.999677481559274828e-01 6.447527447908585966e-08 2.445772542419251422e-13 2.050391027386277404e-15 6.586102895495515254e-18
3.550000000000000000e+02 9.999958356272539151e-01 6.923660379173019495e-08 1.537826707657802472e-12 1.617947305322732545e-15 1.170873386941369785e-18
3.600000000000000000e+02 9.999370245099499233e-01 7.424735279164458546e-08 1.233713104194264505e-12 1.039482741143133586e-15 4.308025322856668711e-19
3.650000000000000000e+02 9.999006979195134148e-01 7.620158770844978788e-08 5.419196892104009935e-13 8.876328655540192482e-16 2.059985445850378008e-18
3.700000000000000000e+02 9.999550041631960484e-01 7.572613733122991123e-08 3.454340715953591349e-13 8.628318496628123738e-16 2.257330174644710088e-18
3.750000000000000000e+02 9.999995149183484866e-01 7.590582583696597923e-08 3.825287818857828530e-14 2.626788406032941691e-17 2.094341062890249145e-19
3.800000000000000000e+02 9.999500627210710091e-01 7.654267761775104683e-08 6.596078201146554910e-15 8.536525261746696232e-18 3.691660271605965127e-20
3.850000000000000000e+02 9.999000125116352944e-01 7.731070990035025646e-08 9.086767927058647229e-15 5.751533657726342752e-18 5.687908351136494422e-20
3.900000000000000000e+02 9.999437877984210798e-01 7.849598633068712110e-08 3.748042079484086387e-14 5.232378563571783796e-16 3.517229379305767835e-18
3.950000000000000000e+02 9.999976968293217139e-01 8.323813027585686189e-08 1.019474758891949461e-12 3.411477559109666353e-15 1.129925436467048136e-18
4.000000000000000000e+02 9.999609687575009564e-01 8.867581211683964439e-08 1.655132052772905918e-12 6.362103911123925005e-17 3.300375120180225297e-18
4.050000000000000000e+02 9.999023363396273290e-01 9.250214898567982401e-08 6.460237424800974684e-13 9.954576619506067315e-16 1.631948143309081779e-18
4.100000000000000000e+02 9.999308273467729657e-01 9.204951355019791455e-08 5.857589308078436990e-13 1.475959104821154573e-15 4.594200065806395940e-18
4.150000000000000000e+02 9.999944536926114180e-01 9.214055377534015549e-08 1.342142407170428414e-13 1.954707387147571601e-16 1.436332844413969563e-19
4.200000000000000000e+02 9.999738962352221483e-01 9.240684624455666155e-08 8.582487560968394209e-16 3.616917812179662480e-17 2.142767986910215651e-20
4.250000000000000000e+02 9.999074750631434805e-01 9.368757072801465391e-08 1.104157689931703540e-14 4.302482292623660617e-18 2.080283087599169008e-20
4.300000000000000000e+02 9.999210144740987571e-01 9.409944030468210115e-08 4.974608965053995141e-15 2.643661758096394082e-17 4.917122359459205079e-19
4.350000000000000000e+02 9.999879535509249573e-01 9.814719048593020190e-08 4.801421965665306653e-13 3.082368946874033570e-15 6.497293548693941008e-18
4.400000000000000000e+02 9.999821802813508853e-01 1.038090337733661219e-07 1.670751647021062977e-12 7.039537423391141326e-16 2.981527401628327463e-18
4.450000000000000000e+02 9.999150809989241218e-01 1.091750227225211524e-07 9.715070095630359222e-13 1.120870051481315119e-15 4.109942260039638093e-19
4.500000000000000000e+02 9.999112605192734815e-01 1.097169349637477358e-07 7.366756798223458156e-13 1.393614390917947912e-15 2.891035562501812239e-18
4.550000000000000000e+02 9.999785689792437537e-01 1.093572552294764485e-07 3.281654281223582529e-13 7.756735279585009426e-16 1.387234638385500529e-18
4.600000000000000000e+02 9.999917134788883777e-01 1.094634465591364231e-07 2.530118406056404021e-14 3.184145737994382540e-17 2.566255107971503017e-19
4.650000000000000000e+02 9.999253074288544374e-01 1.107883327019400803e-07 8.969831880762272063e-15 1.553052203012039874e-18 5.418160224766820110e-20
4.700000000000000000e+02 9.999050488934680958e-01 1.112761480582501687e-07 8.950070162390752502e-15 4.413787820982380420e-18 3.246978375994588222e-21
4.750000000000000000e+02 9.999688081436857168e-01 1.139406722315758852e-07 1.371881223483133325e-13 1.334487876586448293e-15 6.376229843933082016e-18
4.800000000000000000e+02 9.999956406228650563e-01 1.197094773020913757e-07 1.288101525801541857e-12 2.786909569906680750e-15 1.434746398781637802e-19
4.850000000000000000e+02 9.999358956058557180e-01 1.258744880974703869e-07 1.422062923639688733e-12 3.818521363777235742e-16 1.086895900489890873e-18
4.900000000000000000e+02 9.999008507305032767e-01 1.283577670242659509e-07 7.625070413471021765e-13 9.345291268352036253e-16 8.074025657822443788e-19
4.950000000000000000e+02 9.999558121958141976e-01 1.274718629352532755e-07 6.167155701425788451e-13 1.662957543947101390e-15 4.736690977818412477e-18
5.000000000000000000e+02 9.999991712421996137e-01 1.275747603682119244e-07 1.080645451537345808e-13 1.249345808865161704e-16 3.155010804771528349e-19
5.050000000000000000e+02 9.999490993365890423e-01 1.284380434939894814e-07 1.440108692483357287e-15 3.390922472374517261e-17 4.457744473360137442e-20
5.100000000000000000e+02 9.998999168950459815e-01 1.296328524075776951e-07 7.387481331323099249e-15 6.364566775429219853e-18 3.183437200421260772e-20
5.150000000000000000e+02 9.999447967573504847e-01 1.307968452101785171e-07 1.899343848577015378e-14 2.173521414087581889e-16 1.854975659398755773e-18
5.200000000000000000e+02 9.999980735651026187e-01 1.362570381702109855e-07 7.504509987452079758e-13 3.649773077301719003e-15 4.079844176185592549e-18
5.250000000000000000e+02 9.999599064988617947e-01 1.426251637674931693e-07 1.648118960567358592e-12 1.441225546006145113e-16 3.000197291573222988e-18
5.300000000000000000e+02 9.999019443119669948e-01 1.472991172257791751e-07 8.503533272589900727e-13 9.069428136162158835e-16 4.008824996898771718e-19
5.350000000000000000e+02 9.999316853515594072e-01 1.465319790647039813e-07 8.843864573632131505e-13 2.044457292696189104e-15 4.892156254997887810e-18
5.400000000000000000e+02 9.999945510947990668e-01 1.464092505580032873e-07 2.827896065253103098e-13 6.213226105932702690e-16 6.959363866424201844e-19
5.450000000000000000e+02 9.999729375662871345e-01 1.467284177158116810e-07 1.548854847236910380e-14 5.036612168903865831e-17 5.543688377275445360e-20
5.500000000000000000e+02 9.999069684161149274e-01 1.485329538165255326e-07 5.853579747212107183e-15 2.983166049472745762e-18 3.442012156421885490e-20
5.550000000000000000e+02 9.999217573583067953e-01 1.489077458866613048e-07 5.933304808024564020e-15 7.175248495541697486e-18 7.890618855515760946e-20
5.600000000000000000e+02 9.999887614494622490e-01 1.532704956844006007e-07 3.080541598959232642e-13 2.362125179140316018e-15 8.484540251768896350e-18
5.650000000000000000e+02 9.999814779469781145e-01 1.596338466812106133e-07 1.459250450913637672e-12 1.775728738896147127e-15 8.367441332434208868e-19
5.700000000000000000e+02 9.999142210909234274e-01 1.658840351323925992e-07 1.146775372199787076e-12 6.594460547732957895e-16 3.380374984694591313e-19
5.750000000000000000e+02 9.999118921293655982e-01 1.664342717066941433e-07 9.750947489808064060e-13 1.428451851945325698e-15 1.415160192663377420e-18
5.800000000000000000e+02 9.999791074075972119e-01 1.656742085168197123e-07 5.724335912108213542e-13 1.617650487719664312e-15 4.434682169614947207e-18
5.850000000000000000e+02 9.999909438579899223e-01 1.657360290173675059e-07 8.163716824612290954e-14 7.358734577992007990e-17 4.623845952781208342e-19
5.900000000000000000e+02 9.999244791714559932e-01 1.674697458946293216e-07 1.390420231188453248e-15 1.853736176202313022e-17 6.814305586563666215e-20
5.950000000000000000e+02 9.999053989306034840e-01 1.681544399109876033e-07 4.027995475754623556e-15 5.574129698297743482e-18 5.192874265848871294e-20
6.000000000000000000e+02 9.999698131967433845e-01 1.707403247953957703e-07 7.779335073289476305e-14 7.164297685058530030e-16 5.430369905154006921e-18
6.050000000000000000e+02 9.999954688296684990e-01 1.769827023757422751e-07 9.951233738261493601e-13 3.513367084909619285e-15 1.329136447968741140e-18
6.100000000000000000e+02 9.999348037670646727e-01 1.838262678569353284e-07 1.463051887376576403e-12 6.882928553836661171e-17 2.306584963826824910e-18
6.150000000000000000e+02 9.999010261378944442e-01 1.866875290415698849e-07 9.242823362823850007e-13 7.884831361522955069e-16 4.077548876103415716e-19
6.200000000000000000e+02 9.999566581375913810e-01 1.853079974773455198e-07 9.182072483112918065e-13 2.502412198599068988e-15 8.112754966676322207e-18
6.250000000000000000e+02 9.999987694872729538e-01 1.852748438068486547e-07 2.284335368690946848e-13 4.311835008514917755e-16 4.494321121334328934e-19
6.300000000000000000e+02 9.999480801756964743e-01 1.863317368136908973e-07 1.037647857719818577e-14 5.976811298286510295e-17 2.851134860344470395e-20
6.350000000000000000e+02 9.998998304279943516e-01 1.879735218004772859e-07 1.453678720604038704e-15 7.879339088782166037e-18 8.411954429849712160e-20
6.400000000000000000e+02 9.999457544234565676e-01 1.888771884636966973e-07 1.177587083497176907e-14 7.130136457985762036e-17 1.282569572645525800e-18
6.450000000000000000e+02 9.999984367767761340e-01 1.945161022310056765e-07 5.155931676027387988e-13 3.213383453829517706e-15 6.878606755018860106e-18
6.500000000000000000e+02 9.999588935143944868e-01 2.012748470666463075e-07 1.482776043852811731e-12 8.173424203823302561e-16 1.880300941038827466e-18
6.550000000000000000e+02 9.999015725286852785e-01 2.065098885234545608e-07 9.688357709792294563e-13 6.673030016308315441e-16 5.970891067629382351e-19
6.600000000000000000e+02 9.999325889489990571e-01 2.053725059545073726e-07 1.144945772753424175e-12 2.259682030505555807e-15 4.961216217541099707e-18
6.650000000000000000e+02 9.999946351641674225e-01 2.049548682140462272e-07 4.867658274538463000e-13 1.393651727368478310e-15 2.383741417029941170e-18
6.700000000000000000e+02 9.999719036810038597e-01 2.052970445464853447e-07 6.336456637885173007e-14 5.818496025149009916e-17 2.264273240757905278e-19
6.750000000000000000e+02 9.999064640896505596e-01 2.076073338548049553e-07 3.722298920514134382e-17 1.025518022389906087e-17 3.494449921822445208e-20
6.800000000000000000e+02 9.999224730806091088e-01 2.078472918456192146e-07 1.959625936974851150e-15 4.081784887785213892e-18 1.854964698535699772e-19
6.850000000000000000e+02 9.999895215203278287e-01 2.120301926807875990e-07 1.917312292815519358e-13 1.515098375589721651e-15 7.877181023544966572e-18
6.900000000000000000e+02 9.999808172355759694e-01 2.185287893529840532e-07 1.157773343732483941e-12 2.764729410314419022e-15 1.080109995543002057e-19
6.950000000000000000e+02 9.999133926870608091e-01 2.252345135904691542e-07 1.188228258911670594e-12 2.814800889242458393e-16 1.760253970786362451e-18
7.000000000000000000e+02 9.999125605817976714e-01 2.257125501366663438e-07 1.121136872331241320e-12 1.137880402723018856e-15 9.031213671054583106e-19
7.050000000000000000e+02 9.999796740391455607e-01 2.244777184065382172e-07 8.459478337880865849e-13 2.623041119753446569e-15 8.204240830701178937e-18
7.100000000000000000e+02 9.999901072266502711e-01 2.244647571611514962e-07 1.831831208733790857e-13 2.485058857047689446e-16 5.823500628139247459e-19
7.150000000000000000e+02 9.999236272196690978e-01 2.265542415165400463e-07 7.157035322629286108e-15 4.647613913302799621e-17 3.776923898957563319e-20
7.200000000000000000e+02 9.999057498236620933e-01 2.274139554734171131e-07 3.661049461260359517e-16 7.864642421208178915e-18 5.668500193204148264e-20
7.250000000000000000e+02 9.999707563799283827e-01 2.295396646168140788e-07 4.822316079511777210e-14 3.161662953999194894e-16 3.658816973999517728e-18
7.300000000000000000e+02 9.999953085197209601e-01 2.356820475561065287e-07 7.036177794862181040e-13 3.540224198614211795e-15 3.899313798726121150e-18
7.350000000000000000e+02 9.999337596548296681e-01 2.426772203012296657e-07 1.338667277970281010e-12 2.695121604789324644e-16 3.094149569258093318e-18
7.400000000000000000e+02 9.999012284393931083e-01 2.457366105442205878e-07 9.757458073751433071e-13 5.427133121790797406e-16 1.023163914853953189e-18
7.450000000000000000e+02 9.999575544853582798e-01 2.438204983681936040e-07 1.182991056117407951e-12 3.026895999489200997e-15 9.599571254635905887e-18
7.500000000000000000e+02 9.999983349918071251e-01 2.436076565200848631e-07 3.967666280039073085e-13 1.053219903084755375e-15 1.082113511853073212e-18
7.550000000000000000e+02 9.999470092478727201e-01 2.448040830182718866e-07 5.174188377624922580e-14 6.279680352403460336e-17 2.214402780332569289e-19
7.600000000000000000e+02 9.998997580709665378e-01 2.468666472425703833e-07 2.909556841483244345e-15 1.518618332186459929e-17 3.821455093664632033e-20
7.650000000000000000e+02 9.999466628298315785e-01 2.472831306672233638e-07 8.707894284295381156e-15 2.153688040965098944e-17 9.132491823288798765e-19
7.700000000000000000e+02 9.999987711448091732e-01 2.525462644543855523e-07 3.324356708027181290e-13 2.371190225318776463e-15 7.800396431638370796e-18
7.750000000000000000e+02 9.999579332143839761e-01 2.591268460075965211e-07 1.192160635411089664e-12 1.744604275432868103e-15 7.307557302491999863e-19
7.800000000000000000e+02 9.999012291383461148e-01 2.645982442557321737e-07 9.619922196664715809e-13 4.333640332455600530e-16 1.303478180996508782e-18
7.850000000000000000e+02 9.999335428182363206e-01 2.630631389209405710e-07 1.296115677222222798e-12 1.967179019920717041e-15 3.652578910188314946e-18
7.900000000000000000e+02 9.999947309114192162e-01 2.623002235270359976e-07 7.199464798707075954e-13 2.416305770506481818e-15 5.341968733823065155e-18
7.950000000000000000e+02 9.999708078567829395e-01 2.626308072231018401e-07 1.544614900259837423e-13 1.201333514230349679e-16 6.918839027548796928e-19
8.000000000000000000e+02 9.999059638502911795e-01 2.653797190615562643e-07 9.029608791201897266e-15 2.826701809195161733e-17 3.764657455546672719e-20
8.050000000000000000e+02 9.999231698080176534e-01 2.653873078801962935e-07 3.688432917179663042e-15 5.769418467401629370e-18 2.658086071220887739e-19
8.100000000000000000e+02 9.999902221826737492e-01 2.689087221119505051e-07 1.212603934254247132e-13 8.201049080707528539e-16 5.505296936024857594e-18
8.150000000000000000e+02 9.999801915518944373e-01 2.749678077723735762e-07 8.228507919472504555e-13 3.246256953788189915e-15 9.828129371498058687e-19
8.200000000000000000e+02 9.999126061428688095e-01 2.816728580034081940e-07 1.079058011748703830e-12 2.044238101433301159e-16 2.472647388124029688e-18
8.250000000000000000e+02 9.999132672892629969e-01 2.820053516432854111e-07 1.127518491694839844e-12 6.648538264223665489e-16 6.255923912230625403e-19
8.300000000000000000e+02 9.999802869450187259e-01 2.802647525588865022e-07 1.093577478646391094e-12 3.432192327883637494e-15 1.038716754708318871e-17
8.350000000000000000e+02 9.999892259844836984e-01 2.801543662153904590e-07 3.284450566791176159e-13 6.755541060510673767e-16 7.179239758356761933e-19
8.400000000000000000e+02 9.999227537764580065e-01 2.825117527469954007e-07 4.271519667144627410e-14 5.879224329488817759e-17 1.067473521349844674e-19
8.450000000000000000e+02 9.999061105556418250e-01 2.834993208399386087e-07 1.272430212803747668e-14 2.044974707822805425e-17 1.268780321541059648e-19
8.500000000000000000e+02 9.999716348183760317e-01 2.848173243984026475e-07 3.679979845433311989e-14 1.249199747424268280e-16 1.822631499906952800e-18
8.550000000000000000e+02 9.999951457587773485e-01 2.902971650877319521e-07 4.515948977113658281e-13 2.964677129912354014e-15 5.830007201880371200e-18
8.600000000000000000e+02 9.999327704811099560e-01 2.969132904900996686e-07 1.076759399812091873e-12 8.776765859575376275e-16 2.132423038482711353e-18
8.650000000000000000e+02 9.999014609015161037e-01 2.999822511478419542e-07 8.960672429826227301e-13 3.666431848271832517e-16 1.115792301965016125e-18
8.700000000000000000e+02 9.999585096672610751e-01 2.975317409580280952e-07 1.343579416774022313e-12 2.941606983928073555e-15 7.282274329789890162e-18
8.750000000000000000e+02 9.999978940524902882e-01 2.971161531804207947e-07 5.949032124881374062e-13 1.969562653043851275e-15 2.854811658894425225e-18
8.800000000000000000e+02 9.999458947514078266e-01 2.983830082993876681e-07 1.338112241526403888e-13 5.924005549257879308e-17 7.698495907746277917e-19
8.850000000000000000e+02 9.998997056578583509e-01 3.007965046063511467e-07 2.402764689492200495e-14 2.626936601437559818e-17 1.181147667664509253e-19
8.900000000000000000e+02 9.999475280278677936e-01 3.005323470534411571e-07 1.535896369182050709e-14 1.401402501269089346e-17 4.577214185708975962e-19
8.950000000000000000e+02 9.999990620559026100e-01 3.048989115894909426e-07 2.051479275093090125e-13 1.498040975000173159e-15 6.878218765156774973e-18
9.000000000000000000e+02 9.999570245597030338e-01 3.107541626849751725e-07 8.402019788395796675e-13 2.479318765491892689e-15 6.312762930155802635e-20
9.050000000000000000e+02 9.999009211730111035e-01 3.161299876448183547e-07 8.280704790673345117e-13 3.633956434052022535e-16 1.079562618253971966e-18
9.100000000000000000e+02 9.999345480004617759e-01 3.142034592765851576e-07 1.291789614875988937e-12 1.269291096303322424e-15 1.166446047763011286e-18
9.150000000000000000e+02 9.999948611034152890e-01 3.130799478356893907e-07 9.411236102521776787e-13 3.388416706178274742e-15 8.879212869125873781e-18
9.200000000000000000e+02 9.999696674179541223e-01 3.133648338836542615e-07 2.856243385650110718e-13 3.423266281105816430e-16 1.205052100637617442e-18
9.250000000000000000e+02 9.999054707730712366e-01 3.164430737842666116e-07 4.395710597394124849e-14 4.083370910694852806e-17 1.094048785209728947e-19
9.300000000000000000e+02 9.999238583480585252e-01 3.161308747409266187e-07 2.630404579921430982e-14 1.986545780251496019e-17 2.351744044641372912e-19
9.350000000000000000e+02 9.999908550548173292e-01 3.185654991475781312e-07 8.454011622729960753e-14 4.021278731995427969e-16 3.418045243475620432e-18
9.400000000000000000e+02 9.999795906783712773e-01 3.236525222350659957e-07 5.129218234553220384e-13 3.088998514677005018e-15 2.544248091470714178e-18
9.450000000000000000e+02 9.999118693758446419e-01 3.299138074635685987e-07 8.475655903262982060e-13 4.749418952636527333e-16 1.536218081422695522e-18
9.500000000000000000e+02 9.999140113408244712e-01 3.300450658095961152e-07 9.871897718435119308e-13 2.815452185850486745e-16 4.558455275670630228e-19
9.550000000000000000e+02 9.999809597264723848e-01 3.278134847787397585e-07 1.258205511241424687e-12 3.662183440210009024e-15 9.936301268501350305e-18
9.600000000000000000e+02 9.999883245509673113e-01 3.275946023689225020e-07 5.026449722075831612e-13 1.392335912956136539e-15 1.294760654256762688e-18
9.650000000000000000e+02 9.999218636630485824e-01 3.301067406158736481e-07 1.129185765157235510e-13 4.213415928226505872e-17 2.254657857121047274e-19
9.700000000000000000e+02 9.999064910989903243e-01 3.311553297316384778e-07 5.131246379790013044e-14 3.651191484085097416e-17 1.817074022449079578e-19
9.750000000000000000e+02 9.999724498913022952e-01 3.313842634546621918e-07 4.081793200687729238e-14 6.556023601401602575e-17 9.102923148275542068e-19
9.800000000000000000e+02 9.999949654207574978e-01 3.356996606217838637e-07 2.619719767850452834e-13 2.128400601968885909e-15 6.203713504514876607e-18
9.850000000000000000e+02 9.999318394955939437e-01 3.414486191947347772e-07 7.429763233007688005e-13 1.574999786354846707e-15 4.686415375109131632e-19
9.900000000000000000e+02 9.999017254323169235e-01 3.443492326405183769e-07 7.055857021774933546e-13 4.002863781838835397e-16 7.828572780968348475e-19
9.950000000000000000e+02 9.999595270973892225e-01 3.414125940560199774e-07 1.355582586242231130e-12 2.218116148685649404e-15 3.238435988282197127e-18
1.000000000000000000e+03 9.999974718302393484e-01 3.407941085754002763e-07 7.924636899101120311e-13 2.964708368822907025e-15 5.907627148607755081e-18
1.005000000000000000e+03 9.999447483106947976e-01 3.420557344760416919e-07 2.501833789420439458e-13 1.205404019300919344e-16 1.172010613395661775e-18
1.010000000000000000e+03 9.998996793067811417e-01 3.447147019308626605e-07 6.902631088180393429e-14 2.913877027297269770e-17 1.249839187156131679e-19
1.015000000000000000e+03 9.999483596555611697e-01 3.436289234745755913e-07 4.300955784347261805e-14 2.440738789797319378e-17 1.856367436837939343e-19
1.020000000000000000e+03 9.999992965975511572e-01 3.466584218257637364e-07 1.274268826735635567e-13 8.661051955900282811e-16 5.309386248911946464e-18
1.025000000000000000e+03 9.999561622097739022e-01 3.513103812555898025e-07 5.014242018188509156e-13 2.716689155029229395e-15 7.247167228966130260e-19
1.030000000000000000e+03 9.999006539926497128e-01 3.562810725286747494e-07 6.053951798843529506e-13 5.152495749355639858e-16 7.072243182666611885e-19
1.035000000000000000e+03 9.999356015577486323e-01 3.540055334165421900e-07 1.129623321023356557e-12 5.119479883372662325e-16 1.332571586283419535e-19
1.040000000000000000e+03 9.999950444038856467e-01 3.525414705630033094e-07 1.105354836810418839e-12 3.914872730331919489e-15 1.140693592359648084e-17
1.045000000000000000e+03 9.999685022505770959e-01 3.527522942106317249e-07 4.412246249432623531e-13 8.005199323124822920e-16 1.432158683539951977e-18
1.050000000000000000e+03 9.999049888721304180e-01 3.560204271094094936e-07 1.043059961608953389e-13 3.112910304646696910e-17 3.490084012325373316e-20
1.055000000000000000e+03 9.999245512763904609e-01 3.553212902360376444e-07 7.943966029643403464e-14 4.227678792864120439e-17 8.465227558348262235e-20
1.060000000000000000e+03 9.999914155296873997e-01 3.563393650423990276e-07 7.245140519372186244e-14 2.253330131169716689e-16 2.482619769114724672e-18
1.065000000000000000e+03 9.999790015636547125e-01 3.600107404102443574e-07 2.716835993309989667e-13 2.482634063551751889e-15 4.172456264776629825e-18
1.070000000000000000e+03 9.999111872755244157e-01 3.654358165939821570e-07 5.578173743612534325e-13 9.446522818665920839e-16 5.731365222950217252e-19
1.075000000000000000e+03 9.999147894456802410e-01 3.653354833293006685e-07 7.383963001346013786e-13 2.334212842776261850e-16 1.357430846512506446e-18
1.080000000000000000e+03 9.999817002428366131e-01 3.626715031828860637e-07 1.299353484481322601e-12 3.138662945700714246e-15 7.434002989018546946e-18
1.085000000000000000e+03 9.999874273988338391e-01 3.623465035912989096e-07 6.812303908212331912e-13 2.272146608799359097e-15 3.000894691687877413e-18
1.090000000000000000e+03 9.999209638050082782e-01 3.648875252512206570e-07 2.082360127311962235e-13 2.646470626999451731e-17 2.709063141852778612e-19
1.095000000000000000e+03 9.999069015103098090e-01 3.659193226830409755e-07 1.154796420336722741e-13 3.721252610788158617e-17 3.244309975452020783e-20
1.100000000000000000e+03 9.999732071545728296e-01 3.648713399285468428e-07 6.449345650718035476e-14 5.942707219617310253e-17 8.523384633833964316e-19
1.105000000000000000e+03 9.999947522491213769e-01 3.676259658610299992e-07 1.394261878773832952e-13 1.390103582207812225e-15 5.672899599423733981e-18
1.110000000000000000e+03 9.999309657887076597e-01 3.721034245163273920e-07 4.183207478016347486e-13 2.026327186841907430e-15 5.179807220224827641e-20
1.115000000000000000e+03 9.999020224117740607e-01 3.746846636363270875e-07 4.596524487634437097e-13 6.592305908068577389e-16 1.021834855505150027e-18
1.120000000000000000e+03 9.999606046536893000e-01 3.713531533673887379e-07 1.214166415305740511e-12 1.167225730077193803e-15 7.929999924951383037e-19
1.125000000000000000e+03 9.999970903581412163e-01 3.705535317956850060e-07 9.545542454673035234e-13 3.682470493108897644e-15 9.289579911468107359e-18
1.130000000000000000e+03 9.999435839012532634e-01 3.717367409663034963e-07 3.828764056487287294e-13 3.318610219352703498e-16 1.037495558150009710e-18
1.135000000000000000e+03 9.998996847953239842e-01 3.745125701621223594e-07 1.312405721598987251e-13 1.678916593676092666e-17 4.629162002025592883e-22
1.140000000000000000e+03 9.999491701891496387e-01 3.725320693290365682e-07 1.007492238668745985e-13 4.301946897125559985e-17 1.991163328557695129e-19
1.145000000000000000e+03 9.999994644479851535e-01 3.739049373103726135e-07 8.795891164107874381e-14 5.367505073351151555e-16 4.032856970666021321e-18
1.150000000000000000e+03 9.999553369875943121e-01 3.769861125899912911e-07 2.370277404819056392e-13 2.448314982410712019e-15 2.358121380851513620e-18
1.155000000000000000e+03 9.999004308878557401e-01 3.812897815776894878e-07 3.583418087642584853e-13 8.129959254537870502e-16 9.440590841407094137e-19
1.160000000000000000e+03 9.999366966210563312e-01 3.787423198451249096e-07 8.535722022722603209e-13 1.070938549591843632e-16 1.542769649494865451e-18
1.165000000000000000e+03 9.999952937972067524e-01 3.769894769530728377e-07 1.177307189565157526e-12 3.714037746197412274e-15 1.107068102349013380e-17
1.170000000000000000e+03 9.999673331568001977e-01 3.771074313794292739e-07 5.986858855789801564e-13 1.455448294033405504e-15 1.718627668592838079e-18
1.175000000000000000e+03 9.999045226537582876e-01 3.804111879943921369e-07 1.782210311014322848e-13 7.057075268057934520e-18 7.504482272066461515e-20
1.180000000000000000e+03 9.999252618584278940e-01 3.792874735553524886e-07 1.620814705049808417e-13 5.190990126032998066e-17 1.503984437143757225e-20
1.185000000000000000e+03 9.999919031179437257e-01 3.786865145781217103e-07 8.171250124538780382e-14 1.709677966627265014e-16 2.068348698327095529e-18
1.190000000000000000e+03 9.999784092910958266e-01 3.806271807226611694e-07 1.171969606455890857e-13 1.780900481941272815e-15 5.114026249538257327e-18
1.195000000000000000e+03 9.999105613749946775e-01 3.849059215843998970e-07 2.862680021710832505e-13 1.370676473685187645e-15 3.763729957502804577e-19
1.200000000000000000e+03 9.999155961511096979e-01 3.845727879553109228e-07 4.516843395867969814e-13 5.829624437331278078e-16 2.524732937569833583e-18
1.205000000000000000e+03 9.999825097717472966e-01 3.815728785787440020e-07 1.206792129075020232e-12 2.040866444838218254e-15 3.908902393745334467e-18
1.210000000000000000e+03 9.999865571224633154e-01 3.811568382005903433e-07 8.363785646965003612e-13 3.035941868611121869e-15 5.923812023829362813e-18
1.215000000000000000e+03 9.999200625411212018e-01 3.836017057400178101e-07 3.100593294272166043e-13 7.585523425344555385e-17 5.347293537116104289e-19
1.220000000000000000e+03 9.999073509929830017e-01 3.845385930792028803e-07 1.945174671591985133e-13 1.665800857845340182e-17 1.014623933899756279e-19
1.225000000000000000e+03 9.999739159336711314e-01 3.821389481318268625e-07 1.148937783490214904e-13 6.148322673489878487e-17 8.960955935980778083e-19
1.230000000000000000e+03 9.999944919382290909e-01 3.830787607541929100e-07 7.356803579042184276e-14 9.333877205024724314e-16 4.965526608739028145e-18
1.235000000000000000e+03 9.999301444492244562e-01 3.859977388160209955e-07 1.711914937669253246e-13 2.074329826865080524e-15 5.739871619046413943e-19
1.240000000000000000e+03 9.999023506822733998e-01 3.881472150412148767e-07 2.278386850771205514e-13 1.020905317033319860e-15 1.149594244143875034e-18
1.245000000000000000e+03 9.999617346226872261e-01 3.845480411027761984e-07 9.564744070559816676e-13 3.005489428095523381e-16 6.256264011409626948e-19
1.250000000000000000e+03 9.999967667827284190e-01 3.836068377283924233e-07 1.051125091527775831e-12 3.794939185307420121e-15 1.109670189220037412e-17
1.255000000000000000e+03 9.999424166376801315e-01 3.846487737026599824e-07 5.104305827522579468e-13 7.195575077593787047e-16 7.054485544742846678e-19
1.260000000000000000e+03 9.998997269678261413e-01 3.874047279527451831e-07 1.971121341494912743e-13 2.856489666853417495e-18 2.288094664142303217e-19
1.265000000000000000e+03 9.999499739385849795e-01 3.845342857577423825e-07 1.909215790025288816e-13 5.722851826237723315e-17 2.998439268000505921e-19
1.270000000000000000e+03 9.999995586276470005e-01 3.840827511896434860e-07 7.675293230242179682e-14 4.004846047823440669e-16 3.177939969303682271e-18
1.275000000000000000e+03 9.999545366218637321e-01 3.853682472740371378e-07 7.662927919265917712e-14 1.922107028553366885e-15 3.139905625954015459e-18
1.280000000000000000e+03 9.999002528672338297e-01 3.888101484343883596e-07 1.528462475277509752e-13 1.102665843780950945e-15 8.242714592883442663e-19
1.285000000000000000e+03 9.999378228431927695e-01 3.860969852173733950e-07 5.386701563417621738e-13 2.884387170465074262e-16 3.047851512514291763e-18
1.290000000000000000e+03 9.999956154184189705e-01 3.841320969697591464e-07 1.141881580417345255e-12 2.803657157319801691e-15 7.524307858724405829e-18
1.295000000000000000e+03 9.999661801871094768e-01 3.841493937427984795e-07 7.356516823264146768e-13 2.129837496923975315e-15 2.601313944897539491e-18
1.300000000000000000e+03 9.999040766305531402e-01 3.873360115251612828e-07 2.493912524169087852e-13 5.033216180484921906e-18 5.759019510159763144e-19
1.305000000000000000e+03 9.999260028891628904e-01 3.857870945065903506e-07 2.643434249642953432e-13 3.540121865462903588e-17 1.895693690461660260e-19
1.310000000000000000e+03 9.999923215302731760e-01 3.835127937185348112e-07 1.153675050849810503e-13 1.361023478130932274e-16 1.529116275834893023e-18
1.315000000000000000e+03 9.999777981740513022e-01 3.835655178481788537e-07 4.094270084322486961e-14 1.269862638839172845e-15 4.706653899770786845e-18
1.320000000000000000e+03 9.999099898122861818e-01 3.864940422002636953e-07 9.417635094118230669e-14 1.566703936100714265e-15 1.708024139908969839e-19
1.325000000000000000e+03 9.999164242758502574e-01 3.859553523137851789e-07 2.037515627235002317e-13 1.161622175283239259e-15 2.127515856622151117e-18
1.330000000000000000e+03 9.999833826844900520e-01 3.827448335563894800e-07 1.003939953036898938e-12 8.488207305844606571e-16 9.690113135611093708e-19
1.335000000000000000e+03 9.999857326896950394e-01 3.822622055493415648e-07 9.439228660182906751e-13 3.374637802291930784e-15 8.583951417542278285e-18
1.340000000000000000e+03 9.999191688522907073e-01 3.844990132399828585e-07 4.001905562429285269e-13 2.404791855317464484e-16 9.650068688453453338e-19
1.345000000000000000e+03 9.999078470297578791e-01 3.852736712925501291e-07 2.742267283206284807e-13 3.902947630067197956e-19 5.638388613044881108e-19
1.350000000000000000e+03 9.999745886414372897e-01 3.815706454700883620e-07 1.983162583219386407e-13 6.003923549505423406e-17 6.141935035908175813e-19
1.355000000000000000e+03 9.999941721682399365e-01 3.806089536697191781e-07 4.726638591343825896e-14 7.187423278524663016e-16 4.169310314163375913e-18
1.360000000000000000e+03 9.999293670074513862e-01 3.818236996879753915e-07 3.528984872277017259e-14 1.802359013647847586e-15 8.309185902345596938e-19
1.365000000000000000e+03 9.999027076864390740e-01 3.834741108989693136e-07 6.744702798862560801e-14 1.303859990546181901e-15 4.388018472642270772e-19
1.370000000000000000e+03 9.999629041763203885e-01 3.797601978148697104e-07 6.488480172643006940e-13 4.888679453102886199e-17 1.701552202265892454e-18
1.375000000000000000e+03 9.999965119621618825e-01 3.787284939955660938e-07 1.064839588620257104e-12 3.196292454247780174e-15 9.778490320698159360e-18
1.380000000000000000e+03 9.999412615325656839e-01 3.795819524707339564e-07 6.161102743264294569e-13 1.203981775079769189e-15 6.271739933783521205e-19
1.385000000000000000e+03 9.998998092350548372e-01 3.821883663499187454e-07 2.539987006070989566e-13 1.824816005392125826e-17 6.312889047414345184e-19
1.390000000000000000e+03 9.999507858521508030e-01 3.785138501253394446e-07 3.093628964339737553e-13 5.536816911278524542e-17 1.827814596696209931e-19
1.395000000000000000e+03 9.999995760665708611e-01 3.762396047004116820e-07 9.034240486238481724e-14 3.082867730789333980e-16 2.472056155788144282e-18
1.400000000000000000e+03 9.999537466893516635e-01 3.756678492092589147e-07 1.297954052303494609e-14 1.443271673568405576e-15 2.659492851996452192e-18
1.405000000000000000e+03 9.999001186421793141e-01 3.781333346261759181e-07 3.223498764154880853e-14 1.252465865843624588e-15 1.747000680425099169e-19
1.410000000000000000e+03 9.999389672168108589e-01 3.753806979789811499e-07 2.640385969802430836e-13 9.630196742839005449e-16 2.891031630111881868e-18
1.415000000000000000e+03 9.999960079101913868e-01 3.732969649492629279e-07 1.008418165467546806e-12 1.539794545118168297e-15 3.011501059063131484e-18
1.420000000000000000e+03 9.999650610921584359e-01 3.732158600262371830e-07 8.354190649901044016e-13 2.575766240208043457e-15 3.920496040165787917e-18
1.425000000000000000e+03 9.999036548566410110e-01 3.761488479969345282e-07 3.058494313892433446e-13 6.393751570195462698e-17 8.981339332626070276e-19
1.430000000000000000e+03 9.999267855410054473e-01 3.742151746643975448e-07 3.738645680755448239e-13 1.485958837492794091e-17 3.327353546242141091e-19
1.435000000000000000e+03 9.999926784581758543e-01 3.703687994576223460e-07 1.812693260987452427e-13 8.848597240722608184e-17 8.904468894351289423e-19
1.440000000000000000e+03 9.999771529132945869e-01 3.685504718871896834e-07 1.710457727842888298e-14 1.012929084431748229e-15 3.665299624172513076e-18
1.445000000000000000e+03 9.999094675589208503e-01 3.700463563865093640e-07 7.388658077559930938e-15 1.500050508586033975e-15 1.211925810349236313e-19
1.450000000000000000e+03 9.999172655398201881e-01 3.693531292779924315e-07 4.919733949706696203e-14 1.671363738005337712e-15 6.798367685934102293e-19
1.455000000000000000e+03 9.999843067556563048e-01 3.660753291733219493e-07 7.398457692908902965e-13 1.051512803528445372e-16 6.541605029256157352e-19
1.460000000000000000e+03 9.999849679670702596e-01 3.655551655088886958e-07 9.884200911191316615e-13 3.115085451227108173e-15 8.961619118268459854e-18
1.465000000000000000e+03 9.999182915632128799e-01 3.674945514451125931e-07 4.687114657192266629e-13 5.075673304944882580e-16 9.326618706818002322e-19
1.470000000000000000e+03 9.999083946720815907e-01 3.680598783993264923e-07 3.447534437640372196e-13 3.598654580982702839e-17 7.534762216282337221e-19
1.475000000000000000e+03 9.999752397814051230e-01 3.632230666332056180e-07 3.182518570696692363e-13 6.104753287071621065e-17 1.656853030302083457e-19
1.480000000000000000e+03 9.999937835688423871e-01 3.604508319180392678e-07 4.687143319092362584e-14 5.825917938966504639e-16 3.306418969862050554e-18
1.485000000000000000e+03 9.999286221642369465e-01 3.599694452056941808e-07 2.308700687321917904e-15 1.433892943786549284e-15 1.198814705972329206e-18
1.490000000000000000e+03 9.999030897226159897e-01 3.611003621988883789e-07 3.055657581303662933e-15 1.383760728250611302e-15 3.003994413298882938e-20
1.495000000000000000e+03 9.999640963659724990e-01 3.574376475856915631e-07 3.638465873370217496e-13 5.145054367967182614e-16 3.374480843023074012e-18
1.500000000000000000e+03 9.999963295336868896e-01 3.563712784169662996e-07 9.950571641058253331e-13 2.094889858430371146e-15 5.858520249694373986e-18
1.505000000000000000e+03 9.999401323032013345e-01 3.570072046254442717e-07 6.919540356745259873e-13 1.619790216610818863e-15 1.164720924707268937e-18
1.510000000000000000e+03 9.998999332124700601e-01 3.593545827642027566e-07 2.967841647056148056e-13 8.836561234413503349e-17 4.925252236047461566e-19
1.515000000000000000e+03 9.999516202288341038e-01 3.550385985732541950e-07 4.487906370617543332e-13 4.807319880622449671e-17 5.374280215299710230e-20
1.520000000000000000e+03 9.999995179249778765e-01 3.511146394253701177e-07 1.340000791272147153e-13 1.881259482596779842e-16 1.725574564478486728e-18
1.525000000000000000e+03 9.999529517330929540e-01 3.487946270536019830e-07 1.156636267200455865e-14 1.166971618325664237e-15 2.545451368319739526e-18
1.530000000000000000e+03 9.999000248086242770e-01 3.502553915698645739e-07 3.796598486381742414e-15 1.225844973729038692e-15 2.217858145443779476e-19
1.535000000000000000e+03 9.999401151592497428e-01 3.475975360320893381e-07 8.513945063971423209e-14 1.768185862030987087e-15 1.941935847993758730e-18
1.540000000000000000e+03 9.999964624043349293e-01 3.454958261842025242e-07 8.072446458903485721e-13 4.602325694197247815e-16 6.466495480958764079e-19
1.545000000000000000e+03 9.999639899855364833e-01 3.453261040681835960e-07 8.888271418339499365e-13 2.598846223199786977e-15 5.206201204099307636e-18
1.550000000000000000e+03 9.999032605211920499e-01 3.478966609608782443e-07 3.452686927002485866e-13 1.911957713688152741e-16 4.879021588372437093e-19
1.555000000000000000e+03 9.999276183635761317e-01 3.456596212387171129e-07 4.821992409036497753e-13 4.910275213605194288e-17 4.953651474077575811e-19
1.560000000000000000e+03 9.999929850242837981e-01 3.404904382822507019e-07 2.889590546749627633e-13 5.611012137228826003e-17 3.879879887454871526e-19
1.565000000000000000e+03 9.999764597836596769e-01 3.369929374373387959e-07 1.809233700704704968e-14 8.716949690347837795e-16 3.289034856274663579e-18
1.570000000000000000e+03 9.999089869120444396e-01 3.371008716715548297e-07 1.167482091768131582e-14 1.278418552270137015e-15 8.197933819919506901e-19
1.575000000000000000e+03 9.999181112735090471e-01 3.363201715432596899e-07 2.343828408047595643e-15 1.872072534104452762e-15 1.519911687098802333e-20
1.580000000000000000e+03 9.999852640794923975e-01 3.331246906257082415e-07 4.729713550845668662e-13 1.242820094129891777e-16 3.104856072114330407e-18
1.585000000000000000e+03 9.999842706403901937e-01 3.325959445185104291e-07 9.652860593685837631e-13 2.328026546978650027e-15 6.807678764335750025e-18
1.590000000000000000e+03 9.999174386106387535e-01 3.341769389038935298e-07 5.159315001910068898e-13 7.937770139440873906e-16 5.924364912482146829e-19
1.595000000000000000e+03 9.999089960631374341e-01 3.345122997300956787e-07 4.047701650379014876e-13 1.605273340593720473e-16 5.011386907307862525e-19
1.600000000000000000e+03 9.999758847571268428e-01 3.288193683935790331e-07 4.745433377174412902e-13 7.873922003326123879e-17 5.858245134564189800e-20
1.605000000000000000e+03 9.999933205166454675e-01 3.244987048176058955e-07 7.008139387601771452e-14 3.971713607338540825e-16 2.516275337355935212e-18
1.610000000000000000e+03 9.999278967164753062e-01 3.224832072288936071e-07 3.201194025859445973e-14 1.158676840881506606e-15 2.063996934784626949e-18
1.615000000000000000e+03 9.999034923001310915e-01 3.231186941089860599e-07 2.102058478651106899e-14 1.263674555971177162e-15 5.654619105025319505e-19
1.620000000000000000e+03 9.999652915272408960e-01 3.196720372054147878e-07 1.562183491549694432e-13 1.420096851724389312e-15 4.648143445060280963e-18
1.625000000000000000e+03 9.999962155573565159e-01 3.186257940539038311e-07 8.570666875627974766e-13 9.316544499945158883e-16 2.016496167981665145e-18
1.630000000000000000e+03 9.999390403409014194e-01 3.190335435769539044e-07 7.372850601296428274e-13 1.798077236900021117e-15 2.635021928602113348e-18
1.635000000000000000e+03 9.999000985250432461e-01 3.210417561613149751e-07 3.292268999615150276e-13 2.098993561544192081e-16 8.649889601753576934e-20
1.640000000000000000e+03 9.999524894703408773e-01 3.163118018893390400e-07 6.020939855728289057e-13 8.269801020747581057e-17 7.223162094458518216e-19
1.645000000000000000e+03 9.999993896006414973e-01 3.110674122280984299e-07 2.198554823238354818e-13 7.458823578421433445e-17 9.576808615140829099e-19
1.650000000000000000e+03 9.999521364821873926e-01 3.072709197253939038e-07 3.068237749725215714e-14 1.033521004745822208e-15 3.308429834176125667e-18
1.655000000000000000e+03 9.998999662105197972e-01 3.077846713161057316e-07 4.139776462115854081e-14 1.082203239901497425e-15 8.329363930539807176e-19
1.660000000000000000e+03 9.999412517557452196e-01 3.053503571186137187e-07 1.674512655006355362e-14 2.300198332040181349e-15 1.139583069717846724e-18
1.665000000000000000e+03 9.999969631773394374e-01 3.033311251169634527e-07 5.801077137323835288e-13 8.077001975829606965e-18 1.539253270223966232e-18
1.670000000000000000e+03 9.999629762919490794e-01 3.030874959582179479e-07 8.929803854984215533e-13 2.166641531507447084e-15 5.976893579380976175e-18
1.675000000000000000e+03 9.999028956359824472e-01 3.052217392706858272e-07 3.737754704021250083e-13 3.505490695218124542e-16 3.425854126419162514e-20
1.680000000000000000e+03 9.999285065318487264e-01 3.027986793476159265e-07 5.870449899996937084e-13 2.014561966438073938e-16 1.199399501131987282e-18
1.685000000000000000e+03 9.999932549197898535e-01 2.966818742574192970e-07 4.454059503001603900e-13 8.079888131632967391e-17 1.170581162975962227e-19
1.690000000000000000e+03 9.999757077603987909e-01 2.918563098021357266e-07 2.950469033764286325e-14 6.717306364019016312e-16 3.394154624140405867e-18
1.695000000000000000e+03 9.999085381958250363e-01 2.907436224055947698e-07 6.481869654656329093e-14 1.049742081045577932e-15 1.337213817683967272e-18
1.700000000000000000e+03 9.999189531616142768e-01 2.899490058893541704e-07 3.682015868336481142e-14 1.722671136060695706e-15 1.475511033457804452e-19
1.705000000000000000e+03 9.999862325491056803e-01 2.869798431453672178e-07 2.529786393531766597e-13 8.244782709000682583e-16 5.668601169965334728e-18
1.710000000000000000e+03 9.999836416092318103e-01 2.864682066917105048e-07 8.802158335347098855e-13 1.309910374963941909e-15 3.794509933412566692e-18
1.715000000000000000e+03 9.999166164234193355e-01 2.876608937464574526e-07 5.479330249133549494e-13 9.876471242839603341e-16 7.732775466000308574e-19
1.720000000000000000e+03 9.999096502301147993e-01 2.877741557737363537e-07 4.595014630731366515e-13 3.691926324712028389e-16 3.737272213535681392e-19
1.725000000000000000e+03 9.999765385744883162e-01 2.815871757044538418e-07 6.626539507401403174e-13 1.387715388563758014e-16 6.416929314791041732e-19
1.730000000000000000e+03 9.999927816891941434e-01 2.761277410102825924e-07 1.278649975424809645e-13 1.731793469440679327e-16 1.729890383787195980e-18
1.735000000000000000e+03 9.999271766430195552e-01 2.728808019316389254e-07 7.472649438092632853e-14 1.014955672430230005e-15 2.377071094369042084e-18
1.740000000000000000e+03 9.999039105644863534e-01 2.730837271548262683e-07 8.077717084198633491e-14 1.049676157791283370e-15 8.448920855525095190e-19
1.745000000000000000e+03 9.999664689338922940e-01 2.700020506943070114e-07 4.715440550844703915e-14 2.285020114730980861e-15 4.104681198990480195e-18
1.750000000000000000e+03 9.999961588074585128e-01 2.690257262732087054e-07 6.772923086753977143e-13 1.624649326794968489e-16 7.697981143651703552e-19
1.755000000000000000e+03 9.999379939011769913e-01 2.692123339852630125e-07 7.536515465128999794e-13 1.658604429533434492e-15 4.240572337585897088e-18
1.760000000000000000e+03 9.999003027880745131e-01 2.708355313445195308e-07 3.593134560315989098e-13 3.464659908780291267e-16 6.020372111897670925e-20
1.765000000000000000e+03 9.999534030384599204e-01 2.659655005372262795e-07 7.628923321129300484e-13 2.292927051600412216e-16 2.229772940413418448e-18
1.770000000000000000e+03 9.999992003806056351e-01 2.598555730511424536e-07 3.611192674044460498e-13 5.246849074193465106e-17 3.192496238708622736e-19
1.775000000000000000e+03 9.999512870797311326e-01 2.549939841073326088e-07 4.291514507702514094e-14 8.756009351571815196e-16 3.492879835881935116e-18
1.780000000000000000e+03 9.998999364578866622e-01 2.546976067669844382e-07 1.019947579912750133e-13 9.136321231992122177e-16 7.598868613719719474e-19
1.785000000000000000e+03 9.999423629968856586e-01 2.525962416988517808e-07 3.331257860612351236e-14 2.353254969353420435e-15 4.066127183095994960e-19
1.790000000000000000e+03 9.999974889443036252e-01 2.507524274783538182e-07 3.680215348712071492e-13 2.990900154927100889e-16 4.158549852946137666e-18
1.795000000000000000e+03 9.999620240851008202e-01 2.504530773000027256e-07 8.488446399219182887e-13 1.435752250825430030e-15 5.288645932812368880e-18
1.800000000000000000e+03 9.999025608547015276e-01 2.521152762642610711e-07 3.993663796596956687e-13 4.810241155533742137e-16 5.427876074866077969e-20
1.805000000000000000e+03 9.999294514214025487e-01 2.496499254122166915e-07 6.890240977278416581e-13 4.938710897359438766e-16 2.010744248695814923e-18
1.810000000000000000e+03 9.999935032997839812e-01 2.430522906316491891e-07 6.503879507492139390e-13 1.824679945134861847e-16 1.960766446349544491e-19
1.815000000000000000e+03 9.999748894706124158e-01 2.373771607983171642e-07 5.774277136467319453e-14 3.708104860472113883e-16 2.797786506960068822e-18
1.820000000000000000e+03 9.999081106120776274e-01 2.353190662436387758e-07 1.193000284601251748e-13 8.932926645445086365e-16 9.075789517452027204e-19
1.825000000000000000e+03 9.999197839390674414e-01 2.345805789322144508e-07 1.024387042904022006e-13 1.374685495342909436e-15 2.177416409598617954e-19
1.830000000000000000e+03 9.999871877258358355e-01 2.319644209770182395e-07 1.071733793231669198e-13 1.789667549705574822e-15 5.908430230514512749e-18
1.835000000000000000e+03 9.999830749523919149e-01 2.314913388430840002e-07 7.469737114255799484e-13 4.453112960912782232e-16 1.548685658104430770e-18
1.840000000000000000e+03 9.999158294806381742e-01 2.322973245358388025e-07 5.690690990737682482e-13 1.011221071446584430e-15 1.286376707189739265e-18
1.845000000000000000e+03 9.999103531389046395e-01 2.322225129214620807e-07 5.139030176595835839e-13 6.079668502968831393e-16 3.063552383380628262e-19
1.850000000000000000e+03 9.999772145829398662e-01 2.259561827432478666e-07 8.723644246722167177e-13 2.826760735971968608e-16 1.739077292218285840e-18
1.855000000000000000e+03 9.999921702812337720e-01 2.198763921395111924e-07 2.391211970577137961e-13 3.481413047801609674e-17 8.518319272194782802e-19
1.860000000000000000e+03 9.999264482675785937e-01 2.158148703192011985e-07 9.590434899336740252e-14 9.020821556673919687e-16 1.773477380988236882e-18
1.865000000000000000e+03 9.999043397772147124e-01 2.156788153121346577e-07 1.369628361100853736e-13 8.554591584891208928e-16 4.721052977997046068e-19
1.870000000000000000e+03 9.999676085543051096e-01 2.130810304261077363e-07 2.256992075255631835e-14 2.710687657161758436e-15 2.058675789676061952e-18
1.875000000000000000e+03 9.999961417138781838e-01 2.122171662201573563e-07 4.863361900264521773e-13 3.207889899119299210e-17 2.272115477016362817e-18
1.880000000000000000e+03 9.999369975440465241e-01 2.122067151875806482e-07 7.401158847452800784e-13 1.253373674031139201e-15 4.223935872001453734e-18
1.885000000000000000e+03 9.999005417587637501e-01 2.134337581154667898e-07 3.916268877327570214e-13 4.466097135538837810e-16 1.094176132239118140e-19
1.890000000000000000e+03 9.999543666776463668e-01 2.087206373242794304e-07 9.229967792406932364e-13 5.396063044148781818e-16 3.269939514485190092e-18
1.895000000000000000e+03 9.999989627364842537e-01 2.022825242410009171e-07 5.641866513540138097e-13 1.723572018453218351e-16 4.690586960361807789e-20
1.900000000000000000e+03 9.999503922628899533e-01 1.968694321899527165e-07 4.831532879335833188e-14 5.919915801818074838e-16 2.464723027540286301e-18
1.905000000000000000e+03 9.998999285591867459e-01 1.959658005920857562e-07 1.477362743132845206e-13 7.716420918883327056e-16 3.349703627992086379e-19
1.910000000000000000e+03 9.999434369287475421e-01 1.942749353582529159e-07 8.577981929235126081e-14 2.006851119648702545e-15 9.646222390495935750e-20
1.915000000000000000e+03 9.999980146831292105e-01 1.926855434818601483e-07 2.006624814805898675e-13 1.080192811507358764e-15 6.193037988753889576e-18
1.920000000000000000e+03 9.999611318463991205e-01 1.923523599158339456e-07 7.599650241549113087e-13 6.798341948215538245e-16 2.859257813083803446e-18
1.925000000000000000e+03 9.999022554272020136e-01 1.935450970460631718e-07 4.243293013783600446e-13 5.315670765704651891e-16 1.306618432916383989e-19
1.930000000000000000e+03 9.999304505059037895e-01 1.911941595569181069e-07 7.852865412887842712e-13 8.787507543616580872e-16 1.795795395519921370e-18
1.935000000000000000e+03 9.999937455227880800e-01 1.846312978447501135e-07 8.927806609956235607e-13 3.588407162082749759e-16 9.839853748728877927e-19
1.940000000000000000e+03 9.999740019134518709e-01 1.786672342466725341e-07 1.265335658842262119e-13 9.326844641810440377e-17 1.417641047635371429e-18
1.945000000000000000e+03 9.999076932012002095e-01 1.760221292066910253e-07 1.449559070356473307e-13 7.813061658899121819e-16 6.187047984804093379e-19
1.950000000000000000e+03 9.999205980295978735e-01 1.753972278631597880e-07 1.510303096909085917e-13 1.034505275724676208e-15 5.252190261425956693e-19
1.955000000000000000e+03 9.999881049283670942e-01 1.732323249410191239e-07 3.613906439206283732e-14 2.526058694780364665e-15 4.169765789568355618e-18
1.960000000000000000e+03 9.999825584636822251e-01 1.728157477399314669e-07 5.846672725499362761e-13 2.446154709468261932e-17 9.263934771119265565e-19
1.965000000000000000e+03 9.999150800345685264e-01 1.732674736761654982e-07 5.764763658144320399e-13 8.592317893639107203e-16 1.431510314908600076e-18
1.970000000000000000e+03 9.999110980019129125e-01 1.730587897933161198e-07 5.654238290320630321e-13 7.960052906804113167e-16 1.067189009654058758e-19
1.975000000000000000e+03 9.999779233920172983e-01 1.671439758439028094e-07 1.086392994682976013e-12 5.585234437172320225e-16 3.003822747231791770e-18
1.980000000000000000e+03 9.999914938319577340e-01 1.610211772758719373e-07 4.198751812912900342e-13 9.783058449900518467e-17 1.437777140337503997e-19
1.985000000000000000e+03 9.999256994191717540e-01 1.566380740732418072e-07 9.162929992596622107e-14 7.005773730886735631e-16 1.387964691032031539e-18
1.990000000000000000e+03 9.999047758109650408e-01 1.562771825341716556e-07 1.615965240813791766e-13 7.185260207349887945e-16 5.621617151805633304e-19
1.995000000000000000e+03 9.999686926896764749e-01 1.542396051816012764e-07 4.509745627240859788e-14 2.592327524474246011e-15 4.330516357175771711e-19
2.000000000000000000e+03 9.999961418975557015e-01 1.535220103827743474e-07 3.119229084880198039e-13 4.694653704327024927e-16 4.753570722806318221e-18
2.005000000000000000e+03 9.999360519009535819e-01 1.533555071975946269e-07 6.923538027888660377e-13 7.376772997271820022e-16 2.494659187056015075e-18
2.010000000000000000e+03 9.999008096424234493e-01 1.542074102934535363e-07 4.217219722632442399e-13 4.713246032487280942e-16 1.298010939146956780e-19
2.015000000000000000e+03 9.999553820052677899e-01 1.499450406483276965e-07 1.068795013224194807e-12 1.003635502731111096e-15 2.942369768894637294e-18
2.020000000000000000e+03 9.999986913211672546e-01 1.437478948189498714e-07 8.215230314606856386e-13 4.079765406476984930e-16 4.785728066867666835e-19
2.025000000000000000e+03 9.999494443637804153e-01 1.383507802794440989e-07 7.316058305564055893e-14 2.462280605287206740e-16 1.266645885968224582e-18
2.030000000000000000e+03 9.998999356124583793e-01 1.370899352382417752e-07 1.632470494323006541e-13 6.443471613675349761e-16 6.053913973451035982e-19
2.035000000000000000e+03 9.999444646300712503e-01 1.358456341835114682e-07 1.266152892742138096e-13 1.521881982306747053e-15 5.561565461750768822e-19
2.040000000000000000e+03 9.999985137978024685e-01 1.345694875022199281e-07 9.052758776782547401e-14 1.902661829576052841e-15 6.379273390420770187e-18
2.045000000000000000e+03 9.999602926831924199e-01 1.342292955304219993e-07 6.333343140564058082e-13 1.590032895352081042e-16 7.108310994402637232e-19
2.050000000000000000e+03 9.999019772945073603e-01 1.349915577505144724e-07 4.416604959400555274e-13 4.870328464627981164e-16 3.879259604719231904e-19
2.055000000000000000e+03 9.999314976032928071e-01 1.329089989803573975e-07 8.644465512948529453e-13 1.248632595350986368e-15 8.556899064782171776e-19
2.060000000000000000e+03 9.999939959131139977e-01 1.268987174344826744e-07 1.149278672367902979e-12 6.099893042279787160e-16 2.782543449397950984e-18
2.065000000000000000e+03 9.999730467833243264e-01 1.212346241703496805e-07 2.635543892910093329e-13 1.572818822153612743e-17 2.910660571660285801e-19
2.070000000000000000e+03 9.999072758039242448e-01 1.184110434159056951e-07 1.414024004290926023e-13 6.359416783429417865e-16 1.150646733521679422e-18
2.075000000000000000e+03 9.999213920641245590e-01 1.179372720711181434e-07 1.590772910411224016e-13 8.138736345037538203e-16 1.235125105472518800e-18
2.080000000000000000e+03 9.999889612895925817e-01 1.162834587375726299e-07 1.929557948957944203e-14 2.748153718487298489e-15 2.188949998419517766e-18
2.085000000000000000e+03 9.999820747701144708e-01 1.159390159649222433e-07 4.150178151660876620e-13 1.135083087958726347e-16 2.381650194476162918e-18
2.090000000000000000e+03 9.999143680524974487e-01 1.160983337046555914e-07 5.603340342406284908e-13 5.957036086224524699e-16 1.531721761020918285e-18
2.095000000000000000e+03 9.999118757836731319e-01 1.158217310593181342e-07 6.012806806269093693e-13 8.636561451016954316e-16 5.767315262394429231e-19
2.100000000000000000e+03 9.999786720758789826e-01 1.106676902217591904e-07 1.280307248281004033e-12 9.929886474335708478e-16 4.149945666861190547e-18
2.105000000000000000e+03 9.999907636507497921e-01 1.050830133330429882e-07 6.714370764335531178e-13 3.604636857322701155e-16 1.009088575652638643e-19
2.110000000000000000e+03 9.999249204814780745e-01 1.009011874668308812e-07 8.817204271631342222e-14 3.987186140387867933e-16 1.525131973874594726e-18
2.115000000000000000e+03 9.999052156298342542e-01 1.004387411046961215e-07 1.560036877178686396e-13 5.969271594818038162e-16 1.159598437973814462e-18
2.120000000000000000e+03 9.999697073868192287e-01 9.898581860134189425e-08 7.389329123705161214e-14 2.129491921357024036e-15 3.087649777921396456e-20
2.125000000000000000e+03 9.999961341442127338e-01 9.843773599303192942e-08 1.734969312133598605e-13 1.158151788411001983e-15 6.432350239470191204e-18
2.130000000000000000e+03 9.999351537607910068e-01 9.817291947655498912e-08 6.065073959874439061e-13 2.923589512657049616e-16 1.090304572722289252e-18
2.135000000000000000e+03 9.999010995324807416e-01 9.869805122031483243e-08 4.364634350719944340e-13 4.132024832707777341e-16 8.168774641292104957e-19
2.140000000000000000e+03 9.999564464533122754e-01 9.515058809459678896e-08 1.179851931806260958e-12 1.531981158658544481e-15 1.855438324153347228e-18
2.145000000000000000e+03 9.999984017808429826e-01 8.974285747001434302e-08 1.108443511784575889e-12 6.866764024659737712e-16 1.918265422797821213e-18
2.150000000000000000e+03 9.999484400010477669e-01 8.492893313896367029e-08 1.548429263076365835e-13 1.963819582252943795e-17 6.095843328913843387e-19
2.155000000000000000e+03 9.998999514897422003e-01 8.358449965247798878e-08 1.604255535268516135e-13 4.967862805127094087e-16 1.019256021525547706e-18
2.160000000000000000e+03 9.999454409240748909e-01 8.277573700410634797e-08 1.316708078698506121e-13 1.139712528213958635e-15 9.765891444226252181e-19
2.165000000000000000e+03 9.999989603842024399e-01 8.184537462755512622e-08 3.313592698806219885e-14 2.391018187203701754e-15 4.889121202696583359e-18
2.170000000000000000e+03 9.999594950503437607e-01 8.153084452390780506e-08 4.814909847156780147e-13 2.995423669678109661e-18 1.117078736845150048e-18
2.175000000000000000e+03 9.999017233251312753e-01 8.193467922461646071e-08 4.380583158596054565e-13 3.714430373244016059e-16 1.240949741166189268e-18
2.180000000000000000e+03 9.999325833556003129e-01 8.025530785675925610e-08 9.068703545843595086e-13 1.479472896154797336e-15 5.827932089554035067e-19
2.185000000000000000e+03 9.999942666427590332e-01 7.527181574859454136e-08 1.386719733350221691e-12 9.551162693885372558e-16 5.066874327683639466e-18
2.190000000000000000e+03 9.999720303965300428e-01 7.046858819834542536e-08 4.830342020087881386e-13 2.105862614056631554e-16 1.985260956439009971e-20
2.195000000000000000e+03 9.999068499592456138e-01 6.788669787827433183e-08 1.349871885589906136e-13 4.251267402078276861e-16 1.395799482544759553e-18
2.200000000000000000e+03 9.999221652736611787e-01 6.757687248044765817e-08 1.369325570655761173e-13 6.823935418488124649e-16 1.446422362066570493e-18
2.205000000000000000e+03 9.999897376073310085e-01 6.644791057680131783e-08 2.733727303277404557e-14 2.505592409488304698e-15 8.477693132932073293e-19
2.210000000000000000e+03 9.999816029150150332e-01 6.618898792686359607e-08 2.594458503110236944e-13 5.458520676887786621e-16 5.071644476582547587e-18
2.215000000000000000e+03 9.999136913573306584e-01 6.614461278532988899e-08 5.100780156979177573e-13 3.177265705342520190e-16 1.804730728432915833e-18
2.220000000000000000e+03 9.999126758658277714e-01 6.586838869526138114e-08 6.028003820696055629e-13 7.842407829242939225e-16 1.879640473460999934e-18
2.225000000000000000e+03 9.999794637113043061e-01 6.182692329524003090e-08 1.425192524345625164e-12 1.555710520273701301e-15 4.525172692177793164e-18
2.230000000000000000e+03 9.999899939070149291e-01 5.731103259251247684e-08 9.728701364555672983e-13 7.007803904043573292e-16 1.060029586718183533e-18
2.235000000000000000e+03 9.999241052381415695e-01 5.383354746062844337e-08 1.261430955358406589e-13 1.194894961940068867e-16 1.249369137030522200e-18
2.240000000000000000e+03 9.999056576957426890e-01 5.338986544002454055e-08 1.474478662952311668e-13 4.380500923019653165e-16 1.147895503323677795e-18
2.245000000000000000e+03 9.999706435308869379e-01 5.248962133818240783e-08 8.340050237970143607e-14 1.642939108931748220e-15 1.258073320247785153e-19
2.250000000000000000e+03 9.999960926060015298e-01 5.212083997813358897e-08 7.941211086939725305e-14 1.730828807903918854e-15 6.450573745840372161e-18
2.255000000000000000e+03 9.999342964854456284e-01 5.183056561550012378e-08 4.855195627473113370e-13 4.417948266282667617e-17 9.872569789463689580e-19
2.260000000000000000e+03 9.999014039571911816e-01 5.209877951117351241e-08 4.207773976350661061e-13 2.976996207361144654e-16 1.725612289231933948e-18
2.265000000000000000e+03 9.999575535505393908e-01 4.947586242130301918e-08 1.232055613176732488e-12 1.977096795755389049e-15 9.475062887230789104e-19
2.270000000000000000e+03 9.999981095137352449e-01 4.533618940853432738e-08 1.385702760977912974e-12 9.608497624770617659e-16 4.203676278727112367e-18
2.275000000000000000e+03 9.999473804169773938e-01 4.161852532039722127e-08 3.198951714131020933e-13 6.023555791009109661e-17 2.281775353181778440e-19
2.280000000000000000e+03 9.998999714401096695e-01 4.046168129869800573e-08 1.692171215622723025e-13 3.275512768577997601e-16 6.881537223451229677e-19
2.285000000000000000e+03 9.999463648774065128e-01 4.002992345201088073e-08 1.093280059083811065e-13 9.334477823107990256e-16 8.421666736180691607e-19
2.290000000000000000e+03 9.999993313780607407e-01 3.944626457498493624e-08 1.251930727078898081e-14 2.433518271162214242e-15 2.776939001281972599e-18
2.295000000000000000e+03 9.999587238521248089e-01 3.919478438222540272e-08 3.234942882984818468e-13 1.691420224501040586e-16 3.187636285546126616e-18
2.300000000000000000e+03 9.999014896624349724e-01 3.934050294244078109e-08 4.020546795956893273e-13 2.318770578314199121e-16 1.741464338495018067e-18
2.305000000000000000e+03 9.999336959416675885e-01 3.816462989603896037e-08 8.914929281693620486e-13 1.484008595763121641e-15 1.194301589050868654e-18
2.310000000000000000e+03 9.999945668620109362e-01 3.459739920140941343e-08 1.568105202691649677e-12 1.415104844703250618e-15 6.412273669553196968e-18
2.315000000000000000e+03 9.999709631916104957e-01 3.113556812965833386e-08 7.724080211436368378e-13 5.769666524556676905e-16 3.836468712218151749e-19
2.320000000000000000e+03 9.999064096443852634e-01 2.918727963982998894e-08 1.623357319782815652e-13 2.073736932889023017e-16 7.545238755554328101e-19
2.325000000000000000e+03 9.999229197142434078e-01 2.902760772844496377e-08 1.210671363071948753e-13 5.395477211427004977e-16 1.014916378039734700e-18
2.330000000000000000e+03 9.999904198399445221e-01 2.838738577572393837e-08 3.611185249272006460e-14 2.080504700108969425e-15 1.855226376919794688e-19
2.335000000000000000e+03 9.999811202467995264e-01 2.822314646881815565e-08 1.356159380954085168e-13 1.036353459432968690e-15 6.604304616465675781e-18
2.340000000000000000e+03 9.999130459655968250e-01 2.808600816156597279e-08 4.230504283220874379e-13 1.119305190924643704e-16 1.400493799988454594e-18
2.345000000000000000e+03 9.999134868262803399e-01 2.787172729303517279e-08 5.552227156098361835e-13 5.850030703965813603e-16 2.496846263114119434e-18
2.350000000000000000e+03 9.999802972540318136e-01 2.520595760138558103e-08 1.493473368444098494e-12 2.138140950615701101e-15 3.544256421404537064e-18
2.355000000000000000e+03 9.999892004871113738e-01 2.219129548276420621e-08 1.281688822549278610e-12 9.772184899864260774e-16 2.886461051317928880e-18
2.360000000000000000e+03 9.999232514082136980e-01 1.985404503629580988e-08 2.370159758015132069e-13 2.162203474961399952e-17 4.674166227306045097e-19
2.365000000000000000e+03 9.999061022427586654e-01 1.953469738506281424e-08 1.728249809010662355e-13 2.479413760724582650e-16 5.403757579099849716e-19
2.370000000000000000e+03 9.999714975577241871e-01 1.910012393245916654e-08 7.324880323847028943e-14 1.340536085863332334e-15 4.061747171886632506e-19
2.375000000000000000e+03 9.999959930040576150e-01 1.890341044930994930e-08 2.701316433613388868e-14 1.972268217781049766e-15 4.912081595416447402e-18
2.380000000000000000e+03 9.999334707416898116e-01 1.867130495714312744e-08 3.436967819283626712e-13 2.304420577489572074e-17 1.242386466927806459e-18
2.385000000000000000e+03 9.999017155030759385e-01 1.876740298680653671e-08 3.672631598645441045e-13 1.699116749556463726e-16 1.481714905019263621e-18
2.390000000000000000e+03 9.999586934372033387e-01 1.720311572108302137e-08 1.205209190427309598e-12 2.186198401903388242e-15 7.957150654648137220e-19
2.395000000000000000e+03 9.999978285117137045e-01 1.469894784216046247e-08 1.607776626517727297e-12 1.250380138776075197e-15 6.377461235388725444e-18
2.400000000000000000e+03 9.999462713814337711e-01 1.248905818293883297e-08 5.656235108167764877e-13 3.498676958387459290e-16 4.622530001910583315e-21
2.405000000000000000e+03 9.998999925419927992e-01 1.176256586787015908e-08 2.194333103317512278e-13 1.846432853982223875e-16 1.478256241439714254e-19
2.410000000000000000e+03 9.999472399750928275e-01 1.160669951875924312e-08 9.365502702422925784e-14 8.064988640613740466e-16 1.032746051099556349e-18
2.415000000000000000e+03 9.999996083823069482e-01 1.133598893597324889e-08 9.576169500580127179e-15 2.189718767594746767e-15 1.118395657239105627e-18
2.420000000000000000e+03 9.999579618885283683e-01 1.118575957710513239e-08 1.825307331359813879e-13 4.903736699321601795e-16 4.338018872099768463e-18
2.425000000000000000e+03 9.999012721679764182e-01 1.119518201434177370e-08 3.325936493057413506e-13 1.166508538490537153e-16 1.045839258343505380e-18
2.430000000000000000e+03 9.999348219245777214e-01 1.057603282262713067e-08 8.064390113590747696e-13 1.250486005144569472e-15 2.018826625100342393e-18
2.435000000000000000e+03 9.999949021219323164e-01 8.696258880586791059e-09 1.661113491877898195e-12 1.964846119270943307e-15 5.782166278799471084e-18
2.440000000000000000e+03 9.999698588608134653e-01 6.932965424569881887e-09 1.089664343509922446e-12 9.111233793385477090e-16 1.115476364559462640e-18
2.445000000000000000e+03 9.999059517731574420e-01 5.945194162108039334e-09 2.488124800240677396e-13 8.610851015131062634e-17 1.210953981316173738e-19
2.450000000000000000e+03 9.999236602815837482e-01 5.896351321456572724e-09 1.538144065358192723e-13 3.312442378839945730e-16 9.115091074898793365e-19
2.455000000000000000e+03 9.999910001622153155e-01 5.660427994260607163e-09 3.642611564716960448e-14 1.754577964626519106e-15 1.153524619376252286e-19
2.460000000000000000e+03 9.999806044163590535e-01 5.592026406047029280e-09 5.368030702575717288e-14 1.350082537607827402e-15 5.664889582476123621e-18
2.465000000000000000e+03 9.999124265990195770e-01 5.487562153280225544e-09 3.102688841858833706e-13 2.489171040835761274e-17 5.188606080719686986e-19
2.470000000000000000e+03 9.999142972894636827e-01 5.382295932107859046e-09 4.577904073689911347e-13 3.360426626214406965e-16 1.808328310157861559e-18
2.475000000000000000e+03 9.999811677035950197e-01 4.242221631541752042e-09 1.466635093503350629e-12 2.569485514105035614e-15 1.977959484872067887e-18
2.480000000000000000e+03 9.999883997497852617e-01 3.025843045431641647e-09 1.543437886659886135e-12 1.141777479711328823e-15 4.902963043608341375e-18
2.485000000000000000e+03 9.999223608128423590e-01 2.157840856224955896e-09 4.234126999098453445e-13 1.596109729374681562e-16 3.384581351461040492e-20
2.490000000000000000e+03 9.999065513666244298e-01 2.043351265546326460e-09 2.577458037606899042e-13 9.876721092509923954e-17 2.162607640007223694e-19
2.495000000000000000e+03 9.999722717864967247e-01 1.940269470221193759e-09 6.578103979232748256e-14 1.206489250366471590e-15 1.132709854638539905e-18
2.500000000000000000e+03 9.999958146085542454e-01 1.888446506881170086e-09 5.411580756113249316e-15 1.914295925910311080e-15 2.818354792217932927e-18
2.505000000000000000e+03 9.999326654680854576e-01 1.801213196885356263e-09 2.056493911606670880e-13 1.677150340034023113e-16 1.689387813751443971e-18
2.510000000000000000e+03 9.999020274735077596e-01 1.817833011806036253e-09 2.829842883316005288e-13 7.630856538759020371e-17 5.880666404114209283e-19
2.515000000000000000e+03 9.999598535935469990e-01 1.355371007799485326e-09 1.092204363599058911e-12 2.065143359637056589e-15 1.923966912521498465e-18
2.520000000000000000e+03 9.999975703801287086e-01 7.120140239479469733e-10 1.734435268112293148e-12 1.610944561582935067e-15 7.141298716180929912e-18
2.525000000000000000e+03 9.999451226830612383e-01 2.837381228493880167e-10 8.543249247101802829e-13 7.016481842475500582e-16 2.627788322815630162e-19
2.530000000000000000e+03 9.999000139480842542e-01 1.791658594153478396e-10 3.227505497941390878e-13 1.278032568325285979e-16 5.447216061009907372e-20
2.535000000000000000e+03 9.999480740083612762e-01 1.653765292477454351e-10 1.256622391198828497e-13 6.230780588812618339e-16 1.974486776204222937e-18
2.540000000000000000e+03 9.999997790559020938e-01 1.400175837712072187e-10 1.025854269430584811e-14 1.935130797696609978e-15 2.990315422632395009e-19
2.545000000000000000e+03 9.999571914251242921e-01 1.236384563590708963e-10 7.966284773205688377e-14 7.784816171858454975e-16 4.205657087435360652e-18
2.550000000000000000e+03 9.999010669141624730e-01 1.308877445280498626e-10 2.427300274777812870e-13 5.872179065496031467e-17 4.414677903030107006e-19
2.555000000000000000e+03 9.999359472071335242e-01 6.621440046915829999e-11 6.579450654599260896e-13 8.516156999957709234e-16 2.910532545915687084e-18
2.560000000000000000e+03 9.999952740754757263e-01 2.905736045434934227e-12 1.646613930945440253e-12 2.493790509719721021e-15 3.695767673194759647e-18
2.565000000000000000e+03 9.999687332489850533e-01 1.419035393528292406e-10 1.373444446117299019e-12 1.059339082613512687e-15 2.361869344125403436e-18
2.570000000000000000e+03 9.999054764039458920e-01 3.472464408202501085e-10 3.925223353364936224e-13 1.180591146916098678e-16 2.005132742155263953e-20
2.575000000000000000e+03 9.999243944573650289e-01 3.481289905365926475e-10 2.606608763346192872e-13 1.121695687160070322e-16 1.275136519830782710e-18
2.580000000000000000e+03 9.999914775399524336e-01 3.914288816275295399e-10 3.634483855472965125e-14 1.624256849372401655e-15 4.093902953469465342e-19
2.585000000000000000e+03 9.999800352642751466e-01 4.078186344725796255e-10 1.345762362832622381e-14 1.424645530522317233e-15 3.708817827478320531e-18
2.590000000000000000e+03 9.999118273015643599e-01 4.649289434936022796e-10 1.951922446655105491e-13 5.443347353105133621e-17 8.050348295844888943e-19
2.595000000000000000e+03 9.999150968175485321e-01 4.955030383775884114e-10 3.281072810419958809e-13 1.245491883678546958e-16 1.191459227382613124e-18
2.600000000000000000e+03 9.999820665217458160e-01 9.021668291526983645e-10 1.342184460860997751e-12 2.677579774422224918e-15 1.450551707966018392e-18
2.605000000000000000e+03 9.999876073128697307e-01 1.621510329481424695e-09 1.707016432931429469e-12 1.269128780649375505e-15 6.290527712911346022e-18
2.610000000000000000e+03 9.999214391766840793e-01 2.416981180634488419e-09 6.527781153414785884e-13 4.259814506703660661e-16 1.748115988568662559e-19
2.615000000000000000e+03 9.999070088856217842e-01 2.555213349489778188e-09 4.011823968785815884e-13 7.054938323306347456e-17 2.338657026572143192e-19
2.620000000000000000e+03 9.999729743233503054e-01 2.615966942889864276e-09 9.327260402642231022e-14 1.078617306732403091e-15 1.973810965256287233e-18
2.625000000000000000e+03 9.999955418431596410e-01 2.661472061158396125e-09 3.454879176824873899e-16 1.770713484218684250e-15 1.310806290399980744e-18
2.630000000000000000e+03 9.999318689689007389e-01 2.798511616628917092e-09 9.863738891342962782e-14 3.682201998151751746e-16 2.965094984053173579e-18
2.635000000000000000e+03 9.999023345337898494e-01 2.828384848208829722e-09 1.888968072089158974e-13 4.851355792970442232e-17 7.071444352311408460e-19
2.640000000000000000e+03 9.999610197054197291e-01 3.412101505258816354e-09 9.052740527332552146e-13 1.628261229921830127e-15 3.854002883730264711e-18
2.645000000000000000e+03 9.999973435825091350e-01 4.693805867793412536e-09 1.741800925680763423e-12 2.050348817108579933e-15 5.945857595454747993e-18
2.650000000000000000e+03 9.999439472959349429e-01 6.161501476559378895e-09 1.123342925460641666e-12 8.957789408333370082e-16 1.238412051692950030e-18
2.655000000000000000e+03 9.999000368938020245e-01 6.802322239018467266e-09 4.637216141007704722e-13 1.725662582522416320e-16 1.127120730999677695e-19
2.660000000000000000e+03 9.999488786261054862e-01 6.777584763668979652e-09 2.318776912154462036e-13 3.520114462946977569e-16 2.601261709957978941e-18
2.665000000000000000e+03 9.999998379923499270e-01 6.902007191699820927e-09 1.089881397863681381e-14 1.856286459776975495e-15 6.616996056401305906e-20
2.670000000000000000e+03 9.999563957744798115e-01 7.039232404353505165e-09 2.589767762784048265e-14 9.236898236017180715e-16 4.050282700487476040e-18
2.675000000000000000e+03 9.999008706797485324e-01 7.179088339150056534e-09 1.556189779292635540e-13 6.769147163304591063e-17 1.040329219356803615e-18
2.680000000000000000e+03 9.999370580366849781e-01 7.608140055267377127e-09 4.722122818195145267e-13 4.215266328259431099e-16 3.382789272185380668e-18
2.685000000000000000e+03 9.999956804406580080e-01 9.335300851054800528e-09 1.524471298102889749e-12 2.820534096120719851e-15 1.727860117746286738e-18
2.690000000000000000e+03 9.999676031000223064e-01 1.141159208670801874e-08 1.562257418231507979e-12 1.031444728332166598e-15 4.283398083966270859e-18
2.695000000000000000e+03 9.999049866413010079e-01 1.292951515895779273e-08 5.616719447748567659e-13 2.568726765279565030e-16 5.953657851377714514e-20
2.700000000000000000e+03 9.999251317996817878e-01 1.290317003166037208e-08 4.357742225095296559e-13 3.929675315296118816e-18 1.293250211299750585e-18
2.705000000000000000e+03 9.999918578376403300e-01 1.307338382812328114e-08 5.579427359906776389e-14 1.579066562207428319e-15 9.094151886339697859e-19
2.710000000000000000e+03 9.999793964289351855e-01 1.314872679682997895e-08 4.384485868022388357e-15 1.375191509485316865e-15 2.534454621825080103e-18
2.715000000000000000e+03 9.999112421261399097e-01 1.348629232159920912e-08 1.050071379630138681e-13 1.588651599765100294e-16 2.139613552134842433e-18
2.720000000000000000e+03 9.999158767633458123e-01 1.365592096283504933e-08 1.972840954690376299e-13 2.284632182058339544e-17 1.220913321547501709e-18
2.725000000000000000e+03 9.999829822119578049e-01 1.549581155593679163e-08 1.136785711230390644e-12 2.375666752187889154e-15 2.320822957332191071e-18
2.730000000000000000e+03 9.999868369532642909e-01 1.811826210907277472e-08 1.740143524683735399e-12 1.476086371760652494e-15 6.542006847419170807e-18
2.735000000000000000e+03 9.999204955617823076e-01 2.062274078777442493e-08 8.676687107477627112e-13 6.258657781179386323e-16 4.684549288253530672e-19
2.740000000000000000e+03 9.999074799818102877e-01 2.102496539089842275e-08 5.729126992744294915e-13 1.761517411450623400e-16 2.030381702103567066e-19
2.745000000000000000e+03 9.999736185825444101e-01 2.106617339596037797e-08 1.811798790983168269e-13 8.252847783724744413e-16 2.405616866097790751e-18
2.750000000000000000e+03 9.999951653993676137e-01 2.114451252283266002e-08 4.274991760008126156e-17 1.759856124003999280e-15 6.016009175898993270e-19
2.755000000000000000e+03 9.999310700208505764e-01 2.156672786823198442e-08 4.120445064350024280e-14 5.234654186617379432e-16 4.012047984096575299e-18
2.760000000000000000e+03 9.999026332748407464e-01 2.169449360808856321e-08 1.112867174917130849e-13 9.253611944307995779e-17 1.433930313666557401e-18
2.765000000000000000e+03 9.999621766377981835e-01 2.317071422027203064e-08 6.754449475808317685e-13 1.009590043210426334e-15 4.633607106398576200e-18
2.770000000000000000e+03 9.999971529245123003e-01 2.627461142948004261e-08 1.629076934251368718e-12 2.466410201735511091e-15 3.564100037306103662e-18
2.775000000000000000e+03 9.999427602956129091e-01 2.958654748284815376e-08 1.306911337834445617e-12 8.444106597461721002e-16 2.718322269081129288e-18
2.780000000000000000e+03 9.999000644731251830e-01 3.101899349843727477e-08 6.041896871713141439e-13 2.648289573911106661e-16 7.168648017932735748e-20
2.785000000000000000e+03 9.999496685260763629e-01 3.082632495179356355e-08 4.100959171095413123e-13 1.012128426675206927e-16 2.157189685753040077e-18
2.790000000000000000e+03 9.999997870782335596e-01 3.098779497060181916e-08 1.912329765972093984e-14 1.930164624474774976e-15 2.374713846764869414e-19
2.795000000000000000e+03 9.999555606727238422e-01 3.127974733347818317e-08 1.671069567891582107e-14 9.413814413282465824e-16 3.794435068463865417e-18
2.800000000000000000e+03 9.999006813837267860e-01 3.167442057248583672e-08 9.422978008744703129e-14 1.298716963979623934e-16 1.589121354829152566e-18
2.805000000000000000e+03 9.999381420371313833e-01 3.248095364990211551e-08 2.879344114407296313e-13 1.074977208897087357e-16 2.422951563803880753e-18
2.810000000000000000e+03 9.999961151789024116e-01 3.581703477117662046e-08 1.314451756494519640e-12 2.774406962297193927e-15 1.104567670778654985e-18
2.815000000000000000e+03 9.999664848172229448e-01 3.969616700255923448e-08 1.615051943599089804e-12 9.816305231465614841e-16 6.152987831789309476e-18
2.820000000000000000e+03 9.999044882550437441e-01 4.252616582987590721e-08 7.066169012395478183e-13 3.799788188601796892e-16 2.917465770503986721e-20
2.825000000000000000e+03 9.999258831441517614e-01 4.238719356238767716e-08 6.421667886706968893e-13 8.423239434016568016e-17 7.898340166607272873e-19
2.830000000000000000e+03 9.999921534305151738e-01 4.252206868594477426e-08 1.163250337834003464e-13 1.429479845620143019e-15 1.809711500469934473e-18
2.835000000000000000e+03 9.999786765525534582e-01 4.261650896049028983e-08 9.568432323228410429e-15 1.388999734837369755e-15 1.953293430129273380e-18
2.840000000000000000e+03 9.999106657697277578e-01 4.332943131059465890e-08 5.829866815849582674e-14 2.793793311139123608e-16 2.471077813127765376e-18
2.845000000000000000e+03 9.999166310385503298e-01 4.361690686301633577e-08 9.731586786805395881e-14 6.007144847055841769e-17 1.020089164520901153e-18
2.850000000000000000e+03 9.999839010783392323e-01 4.664789158097139862e-08 8.835790299763409814e-13 1.729130747903997580e-15 3.401393865891945230e-18
2.855000000000000000e+03 9.999860996812210967e-01 5.097405293463617217e-08 1.639082030624318929e-12 1.795907007369618031e-15 5.452775270614630396e-18
2.860000000000000000e+03 9.999195415561220601e-01 5.508472418049824564e-08 1.007969956597585060e-12 6.217940779417258665e-16 6.860240637881215067e-19
2.865000000000000000e+03 9.999079706390200384e-01 5.572592722613272216e-08 7.248216082164607047e-13 3.334123580924992242e-16 1.237077528636898722e-19
2.870000000000000000e+03 9.999742223457966928e-01 5.556764621175274235e-08 3.349772473567035391e-13 4.676212208119225350e-16 2.534362252976187797e-18
2.875000000000000000e+03 9.999946828450584357e-01 5.560503093061285486e-08 4.759936938131568897e-16 1.939263268978094283e-15 2.595282335683949795e-19
2.880000000000000000e+03 9.999302588596069574e-01 5.634539684913137854e-08 3.388551495702643710e-14 5.913867549820552129e-16 3.328950822543171534e-18
2.885000000000000000e+03 9.999029226336866305e-01 5.663951050174218870e-08 6.922402176970691683e-14 1.870937811049357357e-16 1.351444991262115715e-18
2.890000000000000000e+03 9.999633094848840997e-01 5.876691957445014475e-08 4.442352121972982393e-13 4.216044732342424154e-16 3.307090370423076203e-18
2.895000000000000000e+03 9.999969992534506469e-01 6.343022904334924348e-08 1.418671461816228078e-12 2.670656460201289042e-15 1.479805289680783742e-18
2.900000000000000000e+03 9.999415776658239219e-01 6.837635252553973527e-08 1.360246350961714489e-12 6.511732176547690872e-16 3.896282154060598331e-18
2.905000000000000000e+03 9.999001012184426385e-01 7.056875336705409661e-08 6.990143823595471480e-13 3.125163763355711538e-16 3.648948730781866975e-20
2.910000000000000000e+03 9.999504603020479276e-01 7.006219814078395573e-08 6.282889380879476345e-13 2.069430671150436619e-17 1.240388063308867768e-18
2.915000000000000000e+03 9.999996353359685841e-01 7.014499150021881844e-08 5.031026447442610957e-14 1.962539443332741528e-15 9.836645775080786043e-19
2.920000000000000000e+03 9.999546753731772819e-01 7.057192434038124252e-08 3.294580958292941414e-14 9.471658111872839123e-16 2.728918833004391910e-18
2.925000000000000000e+03 9.999004984010800845e-01 7.131794515939840824e-08 6.996401251439156760e-14 2.165302495204824131e-16 1.145957986224025716e-18
2.930000000000000000e+03 9.999391891809966681e-01 7.233933202127377185e-08 1.420221467306452823e-13 1.084666761573509988e-17 8.076795565015427048e-19
2.935000000000000000e+03 9.999965688673954078e-01 7.695982830357739613e-08 1.051651135322369810e-12 2.303540294206838523e-15 1.904206799121330130e-18
2.940000000000000000e+03 9.999653932851284566e-01 8.235081646829016036e-08 1.524763535321672040e-12 1.070283147668017447e-15 6.411092527837502658e-18
2.945000000000000000e+03 9.999039890712597689e-01 8.637728688261631002e-08 7.807609649475960775e-13 3.794759341264942680e-16 2.668993489334542751e-21
2.950000000000000000e+03 9.999266596093725479e-01 8.604003598853164347e-08 8.259019737398730083e-13 3.046743538618767798e-16 2.748774880965480181e-19
2.955000000000000000e+03 9.999923823445080462e-01 8.598568912823198365e-08 2.305096621833702171e-13 1.076397538448277218e-15 3.022706670774676065e-18
2.960000000000000000e+03 9.999778700322154990e-01 8.605012170824392056e-08 1.347065194556276404e-14 1.583198515435198824e-15 1.154927619851067999e-18
2.965000000000000000e+03 9.999100941046661362e-01 8.719747570091634835e-08 5.550657416392191965e-14 3.694798849639637113e-16 1.628054496409709992e-18
2.970000000000000000e+03 9.999173566997240359e-01 8.755890156585932308e-08 4.665267350753175066e-14 2.088690226965177829e-16 8.978856509004564597e-19
2.975000000000000000e+03 9.999848081129949495e-01 9.142833011512241424e-08 6.238301457478555078e-13 9.526666740864702428e-16 3.684795145396460256e-18
2.980000000000000000e+03 9.999854030074646349e-01 9.710851700492709250e-08 1.429108817943481415e-12 2.113306320565056225e-15 3.278322219932701063e-18
2.985000000000000000e+03 9.999185902682300453e-01 1.025873992305741296e-07 1.034777057173821881e-12 4.340052507972526036e-16 9.026294580018914295e-19
2.990000000000000000e+03 9.999084869645660234e-01 1.034108418662052776e-07 8.106575859709975543e-13 4.162797463055294753e-16 6.020470801494229517e-20
2.995000000000000000e+03 9.999748064417521842e-01 1.028943076304837300e-07 5.359464237952694066e-13 1.624616321372909096e-16 2.516027496693552682e-18
3.000000000000000000e+03 9.999940987220605759e-01 1.028182375920981331e-07 8.129211928163859053e-15 2.165939997904175496e-15 3.236457310869603348e-19
3.005000000000000000e+03 9.999294279609490799e-01 1.038764795803794055e-07 5.766252586171548866e-14 6.087677890866508617e-16 1.931116770980943285e-18
3.010000000000000000e+03 9.999032041021921335e-01 1.043821745366459530e-07 6.472615501632289243e-14 2.945244250364179544e-16 1.040469043199778738e-18
3.015000000000000000e+03 9.999644046540500097e-01 1.068515634180291022e-07 2.502871951086230853e-13 6.697377631518508490e-17 1.518169638245478747e-18
3.020000000000000000e+03 9.999968793771939479e-01 1.126722178419887844e-07 1.149715265689803892e-12 2.499044262866652391e-15 7.724655583535283832e-19
3.025000000000000000e+03 9.999404150900953470e-01 1.189045311407695282e-07 1.275512951661108897e-12 5.208059922165923600e-16 4.012630712397651250e-18
3.030000000000000000e+03 9.999001525464767948e-01 1.217545981362486029e-07 7.155809563259687572e-13 2.562837477055784446e-16 1.809892436346346812e-21
3.035000000000000000e+03 9.999512710472154842e-01 1.208122862793150058e-07 8.364092418821070627e-13 1.677028688692991583e-16 5.970513498004321814e-19
3.040000000000000000e+03 9.999993982703581086e-01 1.207124797173833511e-07 1.209499368339028343e-13 1.752576748636373231e-15 2.269740274006472492e-18
3.045000000000000000e+03 9.999537333574141096e-01 1.212360328095705310e-07 4.932388233300475688e-14 1.072533317322268741e-15 1.473318730680835128e-18
3.050000000000000000e+03 9.999003227084098944e-01 1.223934036940960488e-07 7.648317254376889287e-14 2.991630782218420456e-16 9.333814303056479486e-19
3.055000000000000000e+03 9.999401926391633388e-01 1.234351368366354691e-07 5.502457753190644615e-14 1.400521733011657363e-16 7.780400735525533530e-19
3.060000000000000000e+03 9.999970292633922897e-01 1.288984631251935136e-07 7.776400735916389259e-13 1.536229950392897426e-15 3.121083440274272613e-18
3.065000000000000000e+03 9.999643408469973682e-01 1.353789292372918246e-07 1.319516993597634075e-12 1.319961690492841587e-15 4.483449085880204802e-18
3.070000000000000000e+03 9.999034982131973504e-01 1.403861702973713030e-07 7.603153185813809278e-13 2.463806433718782157e-16 1.061497270975388164e-19
3.075000000000000000e+03 9.999274714931781771e-01 1.397731237467216806e-07 9.374617687075176690e-13 5.139989255533356020e-16 3.909170107423914084e-20
3.080000000000000000e+03 9.999925669377419668e-01 1.394002643711065175e-07 3.951433065250255486e-13 6.009092345221621755e-16 3.723194449134256480e-18
3.085000000000000000e+03 9.999769773028348574e-01 1.393842107382601460e-07 1.050308225697624552e-14 1.913521103504388531e-15 4.059330867123297903e-19
3.090000000000000000e+03 9.999095245306072188e-01 1.409818703296200554e-07 7.789040811047147438e-14 4.196398190004740701e-16 1.414086915049074270e-18
3.095000000000000000e+03 9.999180542865162558e-01 1.413547726567064747e-07 4.163130804931690127e-14 3.974882490011260258e-16 1.905861303503041489e-18
3.100000000000000000e+03 9.999856880178890073e-01 1.456291558187897120e-07 3.955226619839109259e-13 3.216177409391577423e-16 3.039844331695230909e-18
3.105000000000000000e+03 9.999847504185589431e-01 1.521923594936777702e-07 1.155812253235057519e-12 2.224342696424674984e-15 1.170243332647267822e-18
3.110000000000000000e+03 9.999176552714740263e-01 1.586900755754284786e-07 9.451367612250730435e-13 2.204560810314710117e-16 1.442602403159140671e-18
3.115000000000000000e+03 9.999090344697149080e-01 1.596155370388714597e-07 8.050814222339922979e-13 3.525297682038190113e-16 1.546417083714632812e-19
3.120000000000000000e+03 9.999753930586772199e-01 1.586172143936427124e-07 7.470140635493192867e-13 7.681824774512732583e-17 2.084124549045344011e-18
3.125000000000000000e+03 9.999934241540503477e-01 1.583675656391937096e-07 3.876135425038794706e-14 2.202477434850650008e-15 1.146753386848276117e-18
3.130000000000000000e+03 9.999285725325214313e-01 1.597102003715853101e-07 8.250391955141552398e-14 6.646320468155782049e-16 1.611353330696348009e-18
3.135000000000000000e+03 9.999034816902618861e-01 1.604446390113169350e-07 8.146799054885236143e-14 3.821936623070492427e-16 1.556096952780025806e-18
3.140000000000000000e+03 9.999654509264520597e-01 1.629066152455407403e-07 1.166036439465871275e-13 4.121305772036934142e-17 9.932589789155469461e-19
3.145000000000000000e+03 9.999967861947217651e-01 1.693767263157612638e-07 8.673065662126946632e-13 1.938444347343836312e-15 1.429936517683680258e-18
3.150000000000000000e+03 9.999392868149036273e-01 1.764400257683880508e-07 1.083065558350905276e-12 5.951103236260475300e-16 3.325336375284511561e-18
3.155000000000000000e+03 9.999002241438241789e-01 1.797887023302095215e-07 6.478315690437436031e-13 1.232065591944267190e-16 2.021536814619536437e-19
3.160000000000000000e+03 9.999521167791824983e-01 1.783229049921994362e-07 9.851687893032648814e-13 4.515746180584797145e-16 2.677987440537808196e-19
3.165000000000000000e+03 9.999990967307343936e-01 1.779608117850210999e-07 2.412060282744154237e-13 1.259109222632799019e-15 3.437761102483938214e-18
3.170000000000000000e+03 9.999527326841505248e-01 1.785302725873016018e-07 4.768935497771432527e-14 1.363673570079172918e-15 8.174351548425756620e-19
3.175000000000000000e+03 9.999001568362179126e-01 1.801157941752730240e-07 9.277433333103820992e-14 3.654602359144811702e-16 1.503828216743034903e-18
3.180000000000000000e+03 9.999411493801408923e-01 1.809698849126824092e-07 2.362381049348927210e-14 4.040091907151258590e-16 2.346512195951663449e-18
3.185000000000000000e+03 9.999974820761339256e-01 1.867554957767865224e-07 5.301036659336561333e-13 7.428972973977155018e-16 3.428430045700182285e-18
3.190000000000000000e+03 9.999633364296119931e-01 1.938074296094605648e-07 1.051515932914587912e-12 1.584394653499934885e-15 1.865748121094982346e-18
3.195000000000000000e+03 9.999030252783922545e-01 1.995023692579039272e-07 6.536961073817217210e-13 7.930854802456807552e-17 6.616727117239928143e-19
3.200000000000000000e+03 9.999283272016294966e-01 1.985522384384224865e-07 9.505727710556163547e-13 5.733865982295457201e-16 1.003213776056297387e-19
3.205000000000000000e+03 9.999927321625533549e-01 1.977678264299642525e-07 5.905207690008506305e-13 2.148549061659121949e-16 3.243869712196846595e-18
3.210000000000000000e+03 9.999760046936135849e-01 1.976282681467621105e-07 1.042627444364896102e-14 2.186699517203877691e-15 2.704021816115922262e-19
3.215000000000000000e+03 9.999089561254098646e-01 1.996474290204267641e-07 9.674773059240132837e-14 4.617163336128742869e-16 1.915208898937193503e-18
3.220000000000000000e+03 9.999187278462352557e-01 1.999569472656457993e-07 5.897701953002390890e-14 5.483550203440749067e-16 3.043096366999275292e-18
3.225000000000000000e+03 9.999865263201185295e-01 2.041610442229022241e-07 2.231276560878091775e-13 3.808352401065867547e-17 1.788148748013392312e-18
3.230000000000000000e+03 9.999841410677677844e-01 2.110550213924526550e-07 8.708312726665188119e-13 1.985130264667704498e-15 4.443134346571982729e-19
3.235000000000000000e+03 9.999167495552145901e-01 2.181425283219608546e-07 7.714510735585738903e-13 1.544632199627071543e-16 2.411675518411695424e-18
3.240000000000000000e+03 9.999096174062852560e-01 2.190772372919145889e-07 7.133976297403436988e-13 1.896221607351921768e-16 7.134788936164841242e-19
3.245000000000000000e+03 9.999760038320519850e-01 2.175179668440482795e-07 9.253978248242875634e-13 2.597352232153273626e-16 1.198977982488449132e-18
3.250000000000000000e+03 9.999926760096576883e-01 2.170558374883589361e-07 1.118375779450072698e-13 1.888151268183121095e-15 2.391951374740857376e-18
3.255000000000000000e+03 9.999276907490142197e-01 2.186214013714653542e-07 8.304174418857229620e-14 8.342294101522290101e-16 1.806165415492849472e-18
3.260000000000000000e+03 9.999037616225000535e-01 2.195719546886402421e-07 9.366518284298178960e-14 4.436210718210776126e-16 1.942957558665218871e-18
3.265000000000000000e+03 9.999664403617632980e-01 2.216698030581238499e-07 4.426576586199769144e-14 2.841497345388054296e-16 1.420985118644026863e-18
3.270000000000000000e+03 9.999967090858961072e-01 2.282203206877277130e-07 6.110942368431351857e-13 1.172891897906520601e-15 2.394245163687726026e-18
3.275000000000000000e+03 9.999382046253656453e-01 2.355911472941999922e-07 8.382484957926032990e-13 8.436968708936557070e-16 2.521084382683870117e-18
3.280000000000000000e+03 9.999003213632395859e-01 2.392408930470568892e-07 5.183348408724952676e-13 1.376669847140278228e-17 8.650902060645191555e-19
3.285000000000000000e+03 9.999530109198999650e-01 2.372048564727048077e-07 1.043378713181893292e-12 7.013657241500552049e-16 5.508519796108068109e-20
3.290000000000000000e+03 9.999987553298527176e-01 2.365327123081350273e-07 4.091426474202410431e-13 6.485107272547801499e-16 3.689533335264134013e-18
3.295000000000000000e+03 9.999516759759380369e-01 2.370933516131317012e-07 2.880513101205442429e-14 1.723940855167095736e-15 4.501880337144363639e-19
3.300000000000000000e+03 9.999000046278772036e-01 2.390793916358292608e-07 9.479336166206957643e-14 4.258614446747834319e-16 1.541560945934129526e-18
3.305000000000000000e+03 9.999420604813061830e-01 2.395446589039467276e-07 2.459624831430713555e-14 6.622886824201891676e-16 3.244348588575033808e-18
3.310000000000000000e+03 9.999979119393749283e-01 2.451004518871344376e-07 3.342977027075828587e-13 2.059127817852114763e-16 2.423354481103757236e-18
3.315000000000000000e+03 9.999623848996074260e-01 2.521545976403718281e-07 7.786581258132616874e-13 1.656337158893306966e-15 3.216461449165748961e-19
3.320000000000000000e+03 9.999025795322352694e-01 2.581946995101323259e-07 4.966426756532358202e-13 8.583024808124742469e-18 1.467126323711581266e-18
3.325000000000000000e+03 9.999292323119276515e-01 2.568698352386343609e-07 8.705248256136805395e-13 4.700614371059569053e-16 3.994056182498884178e-19
3.330000000000000000e+03 9.999929035070561634e-01 2.556231363065830482e-07 7.855256890100354957e-13 1.150974992337099023e-16 1.945785857744944052e-18
3.335000000000000000e+03 9.999749638866111123e-01 2.553317949653984366e-07 3.700586079810967355e-14 2.173932576749641162e-15 7.511973783819816389e-19
3.340000000000000000e+03 9.999083895931083488e-01 2.577034225657400920e-07 8.921231031537109659e-14 5.454830848226440291e-16 1.648286085532885967e-18
3.345000000000000000e+03 9.999193846089272641e-01 2.578698942318589158e-07 6.907955850679607591e-14 6.272688259477762928e-16 2.648046205937861985e-18
3.350000000000000000e+03 9.999873104802684542e-01 2.615314085483543719e-07 1.126483464237983174e-13 1.301261418577912565e-16 8.425997835759567728e-19
3.355000000000000000e+03 9.999835697371086685e-01 2.681716875072017177e-07 6.174282182306084337e-13 1.435897621793223578e-15 9.823557105484048626e-19
3.360000000000000000e+03 9.999158845564989351e-01 2.753774716798128205e-07 5.667419093854467479e-13 2.952643726315311581e-16 2.897546451625289584e-18
3.365000000000000000e+03 9.999102382460952620e-01 2.762283205585144934e-07 5.679815224950233046e-13 6.922336625541382079e-17 1.449010442514316500e-18
3.370000000000000000e+03 9.999766579035772596e-01 2.740776152085190312e-07 1.036396531449048739e-12 6.082772216935543033e-16 3.724716177867532642e-19
3.375000000000000000e+03 9.999918756195043112e-01 2.733897567910792775e-07 2.419948509999883911e-13 1.262498530536450435e-15 3.170171899499398091e-18
3.380000000000000000e+03 9.999267837067072895e-01 2.750975837853521028e-07 5.400369041191898308e-14 1.111056381164568350e-15 1.196922637405936374e-18
3.385000000000000000e+03 9.999040518047273007e-01 2.762237879579462412e-07 8.131765834271965438e-14 5.044665204360505828e-16 1.260714011376946644e-18
3.390000000000000000e+03 9.999673689775473440e-01 2.776278429398733555e-07 1.597261968594887784e-14 6.213528656926977807e-16 2.127338005654664142e-18
3.395000000000000000e+03 9.999966345750397334e-01 2.836809409703016835e-07 4.068258260379591042e-13 4.986001920842800860e-16 2.465987740288915050e-18
3.400000000000000000e+03 9.999371770043417040e-01 2.908123239638073487e-07 6.001436251674489198e-13 1.090366034505985650e-15 1.549012200004386089e-18
3.405000000000000000e+03 9.999004486899857325e-01 2.945476687970690263e-07 3.678294013953084579e-13 2.657190224396066311e-17 1.322978081967320515e-18
3.410000000000000000e+03 9.999539629508960026e-01 2.919394478343891389e-07 1.006856649848040598e-12 7.985666168994954083e-16 1.243775173371661529e-19
3.415000000000000000e+03 9.999984004903686996e-01 2.909435332776823755e-07 6.085236750601255061e-13 1.972701671515753910e-16 2.857902309092438044e-18
3.420000000000000000e+03 9.999505700916688777e-01 2.914446353403203148e-07 1.609541139441136374e-14 1.949685663909914852e-15 2.813411355390018588e-19
3.425000000000000000e+03 9.998998708399287061e-01 2.937634020743305397e-07 7.025283981052053020e-14 5.038552712081643696e-16 7.306893484028601642e-19
3.430000000000000000e+03 9.999429310411941385e-01 2.936653187102312152e-07 2.902484869882550614e-14 8.143965830140958244e-16 2.910380179479027828e-18
3.435000000000000000e+03 9.999983035463488878e-01 2.984598389318955719e-07 1.991566361093593520e-13 6.967047625043812016e-17 1.134669970998538418e-18
3.440000000000000000e+03 9.999614866372315003e-01 3.049459952693155729e-07 5.465347221503194677e-13 1.428096079899482544e-15 1.354848909114952838e-20
3.445000000000000000e+03 9.999021691635221476e-01 3.109698249463311836e-07 3.361502301418110970e-13 9.696252655778838327e-17 1.558625654693556802e-18
3.450000000000000000e+03 9.999301889370751928e-01 3.092623687246168522e-07 7.292317999209271504e-13 3.349621353578230506e-16 1.010837252711935815e-18
3.455000000000000000e+03 9.999931048095493935e-01 3.075457019631562348e-07 9.461567351492353103e-13 3.529408959350518278e-16 7.253475703722393137e-19
3.460000000000000000e+03 9.999738709972316730e-01 3.070926781205567227e-07 1.190420636723910367e-13 1.764822462684421579e-15 1.673815885883750643e-18
3.465000000000000000e+03 9.999078270487129494e-01 3.097166447783716614e-07 5.286611785407549175e-14 6.967561440585356385e-16 6.913226112993720066e-19
3.470000000000000000e+03 9.999200343761998067e-01 3.096642059381753221e-07 5.391389023833400237e-14 6.713641610837039475e-16 1.548191808443548018e-18
3.475000000000000000e+03 9.999880309257210831e-01 3.123591292120710991e-07 5.409592882805395630e-14 4.498929970450054933e-16 1.309827827904712780e-18
3.480000000000000000e+03 9.999830270933476317e-01 3.181829913675271771e-07 4.208452062625612187e-13 7.972295112040388225e-16 1.464733403580613053e-18
3.485000000000000000e+03 9.999150693256453337e-01 3.250332156374254944e-07 3.832171928647562486e-13 5.496753878028495511e-16 1.976932232677984919e-18
3.490000000000000000e+03 9.999108973409267520e-01 3.257186823978515518e-07 4.136339643569818938e-13 1.229482929927333119e-16 1.743297803990701675e-18
3.495000000000000000e+03 9.999773701319154551e-01 3.229950604711184488e-07 1.062947636573115527e-12 9.481926311677325071e-16 1.735879369778415364e-19
3.500000000000000000e+03 9.999910471261217459e-01 3.220932728041511682e-07 4.304373827253787927e-13 5.664905775460709122e-16 3.019074991248819942e-18
3.505000000000000000e+03 9.999258551834450115e-01 3.238535787364123904e-07 1.702343748709989255e-14 1.386007888631879912e-15 3.101377797347737368e-19
3.510000000000000000e+03 9.999043611124025510e-01 3.250926336814575178e-07 4.414856783686043361e-14 6.035395047561926094e-16 5.339457535103447583e-19
3.515000000000000000e+03 9.999682370878163473e-01 3.255321917806319013e-07 8.104085936801493501e-15 8.787852526521576551e-16 3.291555075721749768e-18
3.520000000000000000e+03 9.999965472767363694e-01 3.305562998747059750e-07 2.632188575469949761e-13 1.524086022871925195e-16 1.564375710687825940e-18
3.525000000000000000e+03 9.999362084971165077e-01 3.369254295341802451e-07 4.116694799112328216e-13 1.149521155366881043e-15 4.121531123485274112e-19
3.530000000000000000e+03 9.999006093195748068e-01 3.405337051409958727e-07 2.377035768960936830e-13 1.800599908736174649e-16 9.825059905111416592e-19
3.535000000000000000e+03 9.999549774336031760e-01 3.373973056415845317e-07 8.962642281536012207e-13 7.679541819439116557e-16 1.114876912174009413e-18
3.540000000000000000e+03 9.999980582526906137e-01 3.360952309998790435e-07 8.109593867883062608e-13 1.253132648621184416e-16 1.525164083370126160e-18
3.545000000000000000e+03 9.999494255312861846e-01 3.364957762561270459e-07 4.787184863639448649e-14 1.852038869819506477e-15 8.712336341944032164e-19
3.550000000000000000e+03 9.998997606370212399e-01 3.390482181854697252e-07 2.878997276719932902e-14 6.120382575202371417e-16 2.975363731894033257e-19
3.555000000000000000e+03 9.999437697298263483e-01 3.382562404948400147e-07 2.012353491899448765e-14 8.706722160547760568e-16 2.901342852068728864e-18
3.560000000000000000e+03 9.999986428590313947e-01 3.418298308179702970e-07 1.191887660902869886e-13 2.668801587436049323e-16 8.483178424757198619e-19
3.565000000000000000e+03 9.999606374264389252e-01 3.472291644671026231e-07 3.775071050716568014e-13 9.796620228072469834e-16 3.232197508796120526e-19
3.570000000000000000e+03 9.999018006637028222e-01 3.528873944768780689e-07 2.113219090422505880e-13 2.959045513808010810e-16 8.524987037345920448e-19
3.575000000000000000e+03 9.999311953907913386e-01 3.508234796005475587e-07 5.703268310647891341e-13 3.456604194650167241e-16 2.409380457352405632e-18
3.580000000000000000e+03 9.999933561284081174e-01 3.486692271498224596e-07 1.044355424572916299e-12 8.105012930107083726e-16 1.381875668433058073e-19
3.585000000000000000e+03 9.999727453335075511e-01 3.480624405321416908e-07 2.765306455264071222e-13 1.068028159522470997e-15 2.627406610212431031e-18
3.590000000000000000e+03 9.999072716882377865e-01 3.508192756342212443e-07 1.106655628176303666e-14 8.831436935775503860e-16 2.040500280299725512e-19
3.595000000000000000e+03 9.999206886448994691e-01 3.504843875517407228e-07 2.043367551019508567e-14 7.653356240058189406e-16 1.441660377803655848e-18
3.600000000000000000e+03 9.999886818360799179e-01 3.518776438559439702e-07 3.034191778880341497e-14 7.774603937473410888e-16 2.906695358496084473e-18
3.605000000000000000e+03 9.999825003141454838e-01 3.563979751113557702e-07 2.860862662804947031e-13 3.339935549894074525e-16 1.303978703832882269e-18
3.610000000000000000e+03 9.999143098803070506e-01 3.624570098474044578e-07 2.539677988541297999e-13 7.491567549387270256e-16 5.422906570329379796e-19
3.615000000000000000e+03 9.999115927902497702e-01 3.629173134868843488e-07 2.891417017167454963e-13 3.680476010362566320e-16 1.859933848471268973e-18
3.620000000000000000e+03 9.999781496703444850e-01 3.596857579842730114e-07 1.008081287757923052e-12 1.160797129049217676e-15 8.694333146553969704e-19
3.625000000000000000e+03 9.999902155451153574e-01 3.586022102327171321e-07 6.597094382713583425e-13 1.200730606955575809e-16 2.147432431750818012e-18
3.630000000000000000e+03 9.999249112297221576e-01 3.603253630341881146e-07 1.390991840283195200e-14 1.497563789530906949e-15 1.295567915822080002e-19
3.635000000000000000e+03 9.999046985807392707e-01 3.616004225595593924e-07 6.471690967373174315e-15 7.542635056936381102e-16 5.486155281828658415e-19
3.640000000000000000e+03 9.999690492519994756e-01 3.608896747894194929e-07 5.729583533286401300e-15 9.982413653410971214e-16 4.480536656372631691e-18
3.645000000000000000e+03 9.999964310751882079e-01 3.644510342835060069e-07 1.745389350813110137e-13 1.729179770932479609e-16 7.908267566690966345e-19
3.650000000000000000e+03 9.999352993328082251e-01 3.696062383132089586e-07 2.888625304734501112e-13 9.653331283069124867e-16 2.541876311293152787e-20
3.655000000000000000e+03 9.999008048727030529e-01 3.728965983615707355e-07 1.539352226295429484e-13 3.954423031364974523e-16 5.742113703266518616e-19
3.660000000000000000e+03 9.999560534950466817e-01 3.693206517426953826e-07 7.462751060962376346e-13 7.532896397472998722e-16 3.369586435849032513e-18
3.665000000000000000e+03 9.999977520376492901e-01 3.677557079007935960e-07 9.818870915487703132e-13 4.706984250922709145e-16 4.808752678638858019e-19
3.670000000000000000e+03 9.999482555874051881e-01 3.680268360373080472e-07 1.600566555642314919e-13 1.392033771308942279e-15 1.845026105217725412e-18
3.675000000000000000e+03 9.998996790469497631e-01 3.706943763498027809e-07 1.320563472148419950e-15 7.281684783379464294e-16 4.092478078635065429e-19
3.680000000000000000e+03 9.999445879977804097e-01 3.691350487334831697e-07 5.631190485972285869e-15 9.453145773142155021e-16 3.498164550420279716e-18
3.685000000000000000e+03 9.999989182637532004e-01 3.711439284338880561e-07 8.116650143617263145e-14 5.801614810151421791e-16 1.645775302915924669e-18
3.690000000000000000e+03 9.999598287045430300e-01 3.750382723570598902e-07 2.699597229244857392e-13 5.273138626573574159e-16 9.250725746637823743e-19
3.695000000000000000e+03 9.999014783540188800e-01 3.800229681734811395e-07 1.400108485191523404e-13 4.879066715309724165e-16 4.774519155421118113e-19
3.700000000000000000e+03 9.999322462217006269e-01 3.776640059527867886e-07 4.316643543504593827e-13 5.857134019759140301e-16 4.507812921411046392e-18
3.705000000000000000e+03 9.999936719254870487e-01 3.751395651552601001e-07 1.064390859979167047e-12 1.288422340181569859e-15 3.198148727506423170e-19
3.710000000000000000e+03 9.999716078745558567e-01 3.744008308886465748e-07 5.075838601834078439e-13 3.809745320658787785e-16 2.759717167008403165e-18
3.715000000000000000e+03 9.999067273980803972e-01 3.771640138759694679e-07 4.851832928230497485e-15 1.015198863951485150e-15 1.333798731984112721e-19
3.720000000000000000e+03 9.999213596027923812e-01 3.765035255678524679e-07 1.810855105881593574e-15 9.691236692874345541e-16 1.847377163517193811e-18
3.725000000000000000e+03 9.999892616156070835e-01 3.763804529171317375e-07 2.840289793369192079e-14 9.711755607583242441e-16 4.047145672961024425e-18
3.730000000000000000e+03 9.999819740355428976e-01 3.792333225181213405e-07 2.027035084854100046e-13 1.872853514216953848e-16 9.980719355450910071e-19
3.735000000000000000e+03 9.999136087569311382e-01 3.841415710664445783e-07 1.851580834301445599e-13 7.762680084137820130e-16 1.201582772683318974e-19
3.740000000000000000e+03 9.999123205263270586e-01 3.843456471733082972e-07 2.135552092302605201e-13 6.853106498206905046e-16 2.191270380950532713e-18
3.745000000000000000e+03 9.999789990923138028e-01 3.807130213760946186e-07 8.907090663240479063e-13 1.254461123957673028e-15 2.408332305906022861e-18
3.750000000000000000e+03 9.999894046746788945e-01 3.794935400251659268e-07 8.944763056442889485e-13 1.445847202145847727e-16 1.059430522365712605e-18
3.755000000000000000e+03 9.999239596168195687e-01 3.810972230856470245e-07 8.796074185285401871e-14 1.331285008238531279e-15 3.578285381693109199e-19
3.760000000000000000e+03 9.999050725894149672e-01 3.823273369097345422e-07 9.161857444986952050e-15 9.129381072929198173e-16 5.288097419923444870e-19
3.765000000000000000e+03 9.999698138178022555e-01 3.803828177840313481e-07 1.315706450197057379e-14 1.074046718936885259e-15 4.645936046023374930e-18
3.770000000000000000e+03 9.999962704438943861e-01 3.821874216030092914e-07 1.273026490354424923e-13 4.000125869907927442e-16 9.209102521755956107e-19
3.775000000000000000e+03 9.999344453790020015e-01 3.857900597622160090e-07 2.223296838098689760e-13 6.478406207887903795e-16 6.258750791628954308e-19
3.780000000000000000e+03 9.999010352620285591e-01 3.886093016881438493e-07 1.196831905478187326e-13 5.548076214107410304e-16 6.953385609345089233e-19
3.785000000000000000e+03 9.999571847968462546e-01 3.847226094711651551e-07 5.917204702799588903e-13 8.939555799924433460e-16 5.874783812579634156e-18
3.790000000000000000e+03 9.999975005933451344e-01 3.829572990459565454e-07 1.088783971461660213e-12 1.076175782745796472e-15 2.049848103570118689e-19
3.795000000000000000e+03 9.999470753141306290e-01 3.830820274860578998e-07 3.665329699029413433e-13 7.352836418247825185e-16 2.029796899488840924e-18
3.800000000000000000e+03 9.998996304374866417e-01 3.857394704010049798e-07 2.739121106762634459e-14 7.937656983675610848e-16 2.409357709624206531e-19
3.805000000000000000e+03 9.999453990793673031e-01 3.834045786419917236e-07 1.782736731777406063e-14 1.164444101008537463e-15 3.446768295471107882e-18
3.810000000000000000e+03 9.999991215395551691e-01 3.836529052603809196e-07 7.276410829133782062e-14 8.078730655331441399e-16 2.632430871429014362e-18
3.815000000000000000e+03 9.999590481645931339e-01 3.857655343129723132e-07 2.062967801569642750e-13 2.729283003493819491e-16 1.253974169247870452e-18
3.820000000000000000e+03 9.999012040851659178e-01 3.898356115529133188e-07 1.164686272043722607e-13 5.749950110055212436e-16 6.474180549226379454e-19
3.825000000000000000e+03 9.999333325705581643e-01 3.872757523427347364e-07 3.330348947246770974e-13 9.678096936983184663e-16 5.624249351103739234e-18
3.830000000000000000e+03 9.999940597588026225e-01 3.844776699163018463e-07 1.005491229497978445e-12 1.629332484455031159e-15 1.373441377523014807e-18
3.835000000000000000e+03 9.999704795705429694e-01 3.836373364136105133e-07 7.822221038887929256e-13 3.388966694861832913e-17 1.788884308070118291e-18
3.840000000000000000e+03 9.999061983500782125e-01 3.862844580121219550e-07 7.392716350000939353e-14 9.953133354850224369e-16 6.875765848788234592e-21
3.845000000000000000e+03 9.999220590768056471e-01 3.852821732407734174e-07 4.446020779783637651e-14 1.246608250384992990e-15 1.475763495871579827e-18
3.850000000000000000e+03 9.999897729707000193e-01 3.835677629523217573e-07 4.787934799933893224e-14 1.067478884316333841e-15 4.219175362468726638e-18
3.855000000000000000e+03 9.999814315897631589e-01 3.845480510746850223e-07 1.536411074072739397e-13 2.981084273579647200e-16 8.229581463725774991e-19
3.860000000000000000e+03 9.999129648242094381e-01 3.880537889098349483e-07 1.604606547763129941e-13 6.412425774805873877e-16 4.255821728148255359e-19
3.865000000000000000e+03 9.999130745911992690e-01 3.880021692375436800e-07 1.827966563731756720e-13 8.985729798925494348e-16 1.971401876853340693e-18
3.870000000000000000e+03 9.999799141153394855e-01 3.841106170312987454e-07 7.376438689659032144e-13 1.328191405551721957e-15 4.530468905599175982e-18
3.875000000000000000e+03 9.999886350679209057e-01 3.828082263528975848e-07 1.088999630876152020e-12 6.345303154229939432e-16 3.526538598979589049e-19
3.880000000000000000e+03 9.999230092005050308e-01 3.842223800497276497e-07 2.612512612144578743e-13 9.098990448838432180e-16 5.392467308989366820e-19
3.885000000000000000e+03 9.999054901075570267e-01 3.853325516135626216e-07 9.114948948013407367e-14 9.875636949403581152e-16 1.618579897277812530e-19
3.890000000000000000e+03 9.999705421542821604e-01 3.821808808247573713e-07 5.437316677388340028e-14 1.279202974345759211e-15 4.151741020942302640e-18
3.895000000000000000e+03 9.999960517479223876e-01 3.821019032998403275e-07 1.082415959130921575e-13 6.152884547605043608e-16 1.515672928159644959e-18
3.900000000000000000e+03 9.999336384341989126e-01 3.839585621593815607e-07 1.882285279139288474e-13 3.822041913648123573e-16 9.640243208967044308e-19
3.905000000000000000e+03 9.999012987136175479e-01 3.862026156978110077e-07 1.188842044751018121e-13 5.860408172952300539e-16 6.396429972455920494e-19
3.910000000000000000e+03 9.999583600130155236e-01 3.821662914569661016e-07 4.568357365747406906e-13 1.199257417553437593e-15 6.973885677244494186e-18
3.915000000000000000e+03 9.999973163561813871e-01 3.802765592638550771e-07 1.109439034711047288e-12 1.683883487546227075e-15 8.112545379513729759e-19
3.920000000000000000e+03 9.999459003020427783e-01 3.802482188510772397e-07 6.462689040504110414e-13 1.817966292238565247e-16 1.297908603840466245e-18
3.925000000000000000e+03 9.998996180675305823e-01 3.827758875938820628e-07 1.354931034345336815e-13 7.485242203770994864e-16 1.096677063316467402e-21
3.930000000000000000e+03 9.999462168393755679e-01 3.797251254033231261e-07 9.995843191179009335e-14 1.549587284536339605e-15 2.589194076531512419e-18
3.935000000000000000e+03 9.999992485111282026e-01 3.781817851420431691e-07 8.947712101628223599e-14 9.175605666128905718e-16 3.315639402697354104e-18
3.940000000000000000e+03 9.999582807655814642e-01 3.784045962915277197e-07 1.648967237763886480e-13 2.673819727667770874e-16 8.152304173050550665e-19
3.945000000000000000e+03 9.999009771373361666e-01 3.814053446777933525e-07 1.193906225802898036e-13 5.411343494348925732e-16 4.856965860559286702e-19
3.950000000000000000e+03 9.999344428208101210e-01 3.787645203559461901e-07 2.735424560018587085e-13 1.282633818690267650e-15 4.348405658784516383e-18
3.955000000000000000e+03 9.999945196304883543e-01 3.758121297164807338e-07 8.807296465029977566e-13 1.788796254047201257e-15 3.440941065700024667e-18
3.960000000000000000e+03 9.999693795831192666e-01 3.749044060988414892e-07 1.046848542342518760e-12 2.003732712594804984e-16 6.530405239532546552e-19
3.965000000000000000e+03 9.999056885979931142e-01 3.773265414316178710e-07 2.351740912128470652e-13 7.906882523220236660e-16 1.826512225127115324e-19
3.970000000000000000e+03 9.999227975483944153e-01 3.759979250686329313e-07 1.857728236797687404e-13 1.459311947843456318e-15 6.251716327614082535e-19
3.975000000000000000e+03 9.999902225959471647e-01 3.727625561069558742e-07 1.024186459101488168e-13 1.251686603770641978e-15 4.648505444643583369e-18
3.980000000000000000e+03 9.999808564264328625e-01 3.718432196052639660e-07 1.241628733169771653e-13 4.766083708575108999e-16 7.259739739669695059e-19
3.985000000000000000e+03 9.999123734016432952e-01 3.738249596444440910e-07 1.537619862592131569e-13 4.561680866111533656e-16 3.965761950116387383e-19
3.990000000000000000e+03 9.999138475763627021e-01 3.735480634788136641e-07 1.767902316157337923e-13 8.964169775703137676e-16 8.157364447371658949e-19
3.995000000000000000e+03 9.999808839417039241e-01 3.695657547119562819e-07 5.754712372400482719e-13 1.464150116877211982e-15 6.875062610392609907e-18
4.000000000000000000e+03 9.999879222710073012e-01 3.682359580559666656e-07 1.199467128688054528e-12 1.358593758226575375e-15 4.953943016286183690e-19
4.005000000000000000e+03 9.999220692009725964e-01 3.694062025081138999e-07 5.186699874303212851e-13 4.090544319232776972e-16 7.800498299903249290e-19
4.010000000000000000e+03 9.999059560732410645e-01 3.703364936647699891e-07 2.684193864219540275e-13 8.959828316671450119e-16 1.451435842916126370e-19
4.015000000000000000e+03 9.999712476615421064e-01 3.661127566206539481e-07 1.623820591581362686e-13 1.720458813548266742e-15 4.311509074168575172e-18
4.020000000000000000e+03 9.999957643881620672e-01 3.642007570635593790e-07 1.104944665686415184e-13 7.169555579995934306e-16 1.977650264608768253e-18
4.025000000000000000e+03 9.999328669020139948e-01 3.642817390041020601e-07 1.624204811611070423e-13 2.881138675193994264e-16 5.316694991234585268e-19
4.030000000000000000e+03 9.999015919461352597e-01 3.659018981024463225e-07 1.276333345488779830e-13 5.070415910541918658e-16 2.059244548745671481e-19
4.035000000000000000e+03 9.999595636832443457e-01 3.618972158983687955e-07 3.511807418641349828e-13 1.522134140938118702e-15 6.339362002913984787e-18
4.040000000000000000e+03 9.999972044101440583e-01 3.599676457904320819e-07 1.038029320116834962e-12 2.072942259928681948e-15 2.261155768968157372e-18
4.045000000000000000e+03 9.999447454155909742e-01 3.597886275648704602e-07 9.441044200151855829e-13 3.814999388577189268e-18 5.172666477146783940e-19
4.050000000000000000e+03 9.998996437474108046e-01 3.620828973709835406e-07 3.254935280558989416e-13 5.824684712950184731e-16 2.464918646601857756e-19
4.055000000000000000e+03 9.999470546649349423e-01 3.584413234992737310e-07 2.845171066255180655e-13 1.963176516062237417e-15 1.852852569309544908e-18
4.060000000000000000e+03 9.999992993341976222e-01 3.552407251656492897e-07 1.369295390362519998e-13 1.066949091599806640e-15 4.100121026305077643e-18
4.065000000000000000e+03 9.999575099908732945e-01 3.536444527686738088e-07 1.304386440170112887e-13 3.933693556080326747e-16 3.529150784047548029e-19
4.070000000000000000e+03 9.999007943318332092e-01 3.555192082504791127e-07 1.249629046567797018e-13 4.466044419357441518e-16 1.788061413181634694e-19
4.075000000000000000e+03 9.999355634584811137e-01 3.529317819585580429e-07 2.381611956073765096e-13 1.341933647079930216e-15 1.939867393219623831e-18
4.080000000000000000e+03 9.999950440223434045e-01 3.499596754273004649e-07 7.131660569902675025e-13 1.816952365767934831e-15 6.250625080061122540e-18
4.085000000000000000e+03 9.999683236842726863e-01 3.490199051931979027e-07 1.238985907828624534e-12 7.942778963689396598e-16 3.202084792691576993e-19
4.090000000000000000e+03 9.999052017225353861e-01 3.511289956842205644e-07 4.692149241794075423e-13 4.765803652459096170e-16 6.569343300444247000e-19
4.095000000000000000e+03 9.999235832992312556e-01 3.495230259911323997e-07 4.324670249715992638e-13 1.445171557295966144e-15 1.725435349900658454e-19
4.100000000000000000e+03 9.999906205518970248e-01 3.449753328146359127e-07 2.131876301322036299e-13 1.702576898420190779e-15 6.009243822633576082e-18
4.105000000000000000e+03 9.999802335151738442e-01 3.423084828627708709e-07 1.075447019313533627e-13 5.650811259929755075e-16 9.806478055592994486e-19
4.110000000000000000e+03 9.999118266621118689e-01 3.427853344023083329e-07 1.430231320118954136e-13 3.393548191553412393e-16 3.426323326960476269e-19
4.115000000000000000e+03 9.999146312163683659e-01 3.423376498165507480e-07 1.722582859349106785e-13 7.056171069589077266e-16 6.503320710685459455e-20
4.120000000000000000e+03 9.999818921454626253e-01 3.384464039843532848e-07 4.249821709356770560e-13 1.641586132947621592e-15 8.672243622741586419e-18
4.125000000000000000e+03 9.999872755383077960e-01 3.371444387152098634e-07 1.197392253590785886e-12 1.988655661783941339e-15 1.494868613770558795e-18
4.130000000000000000e+03 9.999211484527488203e-01 3.380349246774169137e-07 8.070707104321960127e-13 7.276310082514782350e-17 8.622717928819122464e-19
4.135000000000000000e+03 9.999064729372292293e-01 3.387471638306875058e-07 5.205441912124929305e-13 6.373276982343183373e-16 4.512416744230167792e-19
4.140000000000000000e+03 9.999719446633805742e-01 3.336843454787765254e-07 3.617884561030713709e-13 2.316425014800755591e-15 4.914259933775181314e-18
4.145000000000000000e+03 9.999954016547010216e-01 3.301600338964752666e-07 1.359075112408761137e-13 7.988697881668989084e-16 2.572489768521119367e-18
4.150000000000000000e+03 9.999321167877563976e-01 3.286017210780687110e-07 1.310649987520178398e-13 3.430579274240347909e-16 3.780178838796237682e-19
4.155000000000000000e+03 9.999019104937370006e-01 3.296054764859236363e-07 1.267336501038245135e-13 3.998554763225943126e-16 3.330917003972874264e-19
4.160000000000000000e+03 9.999607774150008899e-01 3.258181062989552498e-07 2.722696609719820479e-13 1.657832291998356194e-15 4.907470979549461834e-18
4.165000000000000000e+03 9.999971621428941360e-01 3.239374182535419272e-07 8.872911121317012500e-13 2.156610378591452254e-15 4.403376780771421841e-18
4.170000000000000000e+03 9.999436235479362001e-01 3.236192476660917843e-07 1.186357429365604953e-12 2.868886458777028750e-16 1.393338431342383749e-19
4.175000000000000000e+03 9.998997076299183107e-01 3.256004193959752918e-07 5.622380542755705913e-13 3.627068461472716801e-16 4.753450211966989484e-19
4.180000000000000000e+03 9.999479244001628908e-01 3.215506667240291500e-07 5.731236805362544958e-13 2.166523211141807691e-15 1.438806641713323521e-18
4.185000000000000000e+03 9.999992783962095011e-01 3.169784522363000831e-07 2.276124345475347279e-13 1.469067781019956161e-15 5.490437666266951766e-18
4.190000000000000000e+03 9.999567193039486934e-01 3.138047304635804139e-07 9.870092660085448356e-14 4.815342790056802479e-16 7.105629040772286728e-19
4.195000000000000000e+03 9.999006503584542127e-01 3.145976776089726057e-07 1.179627044716923501e-13 3.704875749630204431e-16 5.354757960161180657e-19
4.200000000000000000e+03 9.999366801215247014e-01 3.121979112996296421e-07 2.087526468451058646e-13 1.110936224135246881e-15 6.034956956095414235e-19
4.205000000000000000e+03 9.999956185979780310e-01 3.093465166476504062e-07 5.304880414829931653e-13 1.781997564543827583e-15 8.707134571834924902e-18
4.210000000000000000e+03 9.999673229397175733e-01 3.084105671636184285e-07 1.307461706433791151e-12 1.516772987290862174e-15 7.158995296775506807e-19
4.215000000000000000e+03 9.999047405050416337e-01 3.101451511849082393e-07 7.224172505086967839e-13 2.063137105283180370e-16 6.781428290714591648e-19
4.220000000000000000e+03 9.999244217399781975e-01 3.083428032073415129e-07 7.499517120032489912e-13 1.136682919416094654e-15 1.349581729205037665e-19
4.225000000000000000e+03 9.999909793970218619e-01 3.028110609661325858e-07 3.970442622861477395e-13 2.415520683735097952e-15 7.211211150593891764e-18
4.230000000000000000e+03 9.999795506352191499e-01 2.987113176243622450e-07 1.060785473706392445e-13 5.742831230650271112e-16 1.579770926555734472e-18
4.235000000000000000e+03 9.999113143552540439e-01 2.978397679253445056e-07 1.188362975197685411e-13 3.314357292695701180e-16 7.290997545571414644e-19
4.240000000000000000e+03 9.999154170862183388e-01 2.972908408648015944e-07 1.541987473334102253e-13 4.636415039765669673e-16 5.016242211398041000e-19
4.245000000000000000e+03 9.999829180085894054e-01 2.936706595069165190e-07 2.989544511534262679e-13 1.742148613963321569e-15 8.627061179568584930e-18
4.250000000000000000e+03 9.999866971427128215e-01 2.924498999797589924e-07 1.079473902159120601e-12 2.274094639186063369e-15 2.948526512149950452e-18
4.255000000000000000e+03 9.999202546516383627e-01 2.930461686342028065e-07 1.051281920272254904e-12 6.995639930700003148e-17 5.169747322753761222e-19
4.260000000000000000e+03 9.999070404131152889e-01 2.935276605391100446e-07 7.920919901343431062e-13 3.191004983262034186e-16 4.340137888899008391e-19
4.265000000000000000e+03 9.999726473041454788e-01 2.879386946477885073e-07 6.524224705518023042e-13 2.797680182555802148e-15 4.546580388704608844e-18
4.270000000000000000e+03 9.999949612232997831e-01 2.831701039479401579e-07 1.930206004326683582e-13 1.075675815176510312e-15 3.817805115186230430e-18
4.275000000000000000e+03 9.999313729534118345e-01 2.802607838671485812e-07 9.374334218956054067e-14 4.261582913174021183e-16 7.612192689744425440e-19
4.280000000000000000e+03 9.999022491542619573e-01 2.807073561941812654e-07 1.091977494912700447e-13 3.424718961110100797e-16 9.040405604010253473e-19
4.285000000000000000e+03 9.999619812888332904e-01 2.773086963551273718e-07 2.119032335942484182e-13 1.492905588717057603e-15 3.167270581324113535e-18
4.290000000000000000e+03 9.999971796026312365e-01 2.755643837409479251e-07 6.858657514307930009e-13 1.988489703232899259e-15 6.716474379204174527e-18
4.295000000000000000e+03 9.999425445563284720e-01 2.751290424900545860e-07 1.305823661169090100e-12 8.731001473124438831e-16 1.553001357327171810e-19
4.300000000000000000e+03 9.998998081408686511e-01 2.767467543668758213e-07 7.846835952028491421e-13 2.038147061528112451e-16 2.392489081169096792e-19
4.305000000000000000e+03 9.999488354714130001e-01 2.725164554985361826e-07 9.275929501667824873e-13 1.968951012991086021e-15 1.068798466975089707e-18
4.310000000000000000e+03 9.999991938952964565e-01 2.669826998869166806e-07 3.735323210728912320e-13 2.198914660963206283e-15 7.291440838769976196e-18
4.315000000000000000e+03 9.999558935831938111e-01 2.626194138617594025e-07 7.516082389380668312e-14 4.660537436654176104e-16 1.106875277820492928e-18
4.320000000000000000e+03 9.999005383056123186e-01 2.624688525540155692e-07 9.610595748470106419e-14 3.526248565662684497e-16 9.366671589968368724e-19
4.325000000000000000e+03 9.999377787247079041e-01 2.603748142949649707e-07 1.735274714192949454e-13 7.294460946429953407e-16 4.424709917113894124e-19
4.330000000000000000e+03 9.999962234429836672e-01 2.577786065312148022e-07 3.592468089617739429e-13 1.703435368547383218e-15 9.415959961521975919e-18
4.335000000000000000e+03 9.999663828767454410e-01 2.568832948508841339e-07 1.230548836948882816e-12 2.022272516275528883e-15 1.324317404004352762e-18
4.340000000000000000e+03 9.999043066754155218e-01 2.582127513687691418e-07 9.246695878839031870e-13 1.185896970959674343e-16 2.393851099427420737e-19
4.345000000000000000e+03 9.999253149684804720e-01 2.563217798492417474e-07 1.068686356695293457e-12 6.351217240986136472e-16 2.997320290115448229e-19
4.350000000000000000e+03 9.999913132136214466e-01 2.502261517008545409e-07 6.546333821896032037e-13 3.142986042144050322e-15 7.031558160118768853e-18
4.355000000000000000e+03 9.999787993567103017e-01 2.451391538385186066e-07 1.280929755644079030e-13 6.847066185762480160e-16 2.024283615039093975e-18
4.360000000000000000e+03 9.999108247481164335e-01 2.431966215055954275e-07 8.486334322003256889e-14 3.836892382231689748e-16 8.048267789923405805e-19
4.365000000000000000e+03 9.999161973445085394e-01 2.426203770726237338e-07 1.207658345631910290e-13 3.139185159999297144e-16 8.977153675958775504e-19
4.370000000000000000e+03 9.999839381399879823e-01 2.394317528332717025e-07 2.025395477425820082e-13 1.641583556121730521e-15 6.223443039508344443e-18
4.375000000000000000e+03 9.999861823746987177e-01 2.383417522497142908e-07 8.700883370219781915e-13 2.154199303050101016e-15 4.383745220679362000e-18
4.380000000000000000e+03 9.999193937329412529e-01 2.386534036117350220e-07 1.180968056571866209e-12 3.860680702423247407e-16 2.473793994512037513e-19
4.385000000000000000e+03 9.999076554275095896e-01 2.389172629376380420e-07 1.009822949748665249e-12 1.080304761214867836e-16 1.807946079292547209e-19
4.390000000000000000e+03 9.999733685123428639e-01 2.331705424975245449e-07 1.001666907046641314e-12 2.854907142464449787e-15 3.011280244111714871e-18
4.395000000000000000e+03 9.999944452714057963e-01 2.276379482430987337e-07 2.919902848923274726e-13 1.701616480463098893e-15 5.683472337099944367e-18
4.400000000000000000e+03 9.999306204736114756e-01 2.237890353682221505e-07 5.941296243494170960e-14 4.364021807395322035e-16 7.236917159323805703e-19
4.405000000000000000e+03 9.999026025268390461e-01 2.237805376807181325e-07 8.003474705785195193e-14 3.538509948585652657e-16 7.799886959896961453e-19
4.410000000000000000e+03 9.999631554119077226e-01 2.209089017600674604e-07 1.622839615402557239e-13 1.089381104248638546e-15 1.312808854730629223e-18
4.415000000000000000e+03 9.999972404739756460e-01 2.193802138413275200e-07 4.712431811558692678e-13 1.691370348743635910e-15 8.229424507487463924e-18
4.420000000000000000e+03 9.999415144954482138e-01 2.188616550744453127e-07 1.266386865810262534e-12 1.448072590147353703e-15 6.278653570936093346e-19
4.425000000000000000e+03 9.998999420525266357e-01 2.200974055096310068e-07 9.276964672486548253e-13 1.952514805732675837e-16 8.946280829952151416e-21
4.430000000000000000e+03 9.999497941780127741e-01 2.159419961261836638e-07 1.277152203184512399e-12 1.376770796976474570e-15 9.140401920109539800e-19
4.435000000000000000e+03 9.999990571681180995e-01 2.099447997338073834e-07 5.779602374955918996e-13 3.082059935561020762e-15 8.621114969248283594e-18
4.440000000000000000e+03 9.999550204119628249e-01 2.048881026097603848e-07 6.966830908945055642e-14 4.489504941907216369e-16 7.732329143708539813e-19
4.445000000000000000e+03 9.999004503484559825e-01 2.040111726502455957e-07 6.703901613406730015e-14 3.763176712761092198e-16 5.609343972717923684e-19
4.450000000000000000e+03 9.999388466246412754e-01 2.023097577376373534e-07 1.307963265970364647e-13 4.065651828170389551e-16 4.043818903111936426e-19
4.455000000000000000e+03 9.999968347147830672e-01 2.000838273135752379e-07 2.196902959602727055e-13 1.547093680211479200e-15 7.951356410281830405e-18
4.460000000000000000e+03 9.999655031948290196e-01 1.992668800714654618e-07 1.024896016295265326e-12 2.100932037104612295e-15 2.036928633937740139e-18
4.465000000000000000e+03 9.999039007458703221e-01 2.001939811627655696e-07 1.015750278266838097e-12 2.465426863869409463e-16 2.328412839445823291e-20
4.470000000000000000e+03 9.999262615535264853e-01 1.983397574561953024e-07 1.306151597523469065e-12 1.791644635509676290e-16 6.077151674666527971e-19
4.475000000000000000e+03 9.999916365776772009e-01 1.921574185876519760e-07 9.637949191180906146e-13 3.513333625473446287e-15 5.531530806709884864e-18
4.480000000000000000e+03 9.999779756864923819e-01 1.866174820672043725e-07 1.831468927840712561e-13 1.099273897523005059e-15 2.751506455667675989e-18
4.485000000000000000e+03 9.999103457228496472e-01 1.839745691236489726e-07 5.181640103637436830e-14 4.161954235215006939e-16 3.678364469371896235e-19
4.490000000000000000e+03 9.999169654904828120e-01 1.834387747060905358e-07 8.049241425345482459e-14 3.057069422770885172e-16 5.347602337723037892e-19
4.495000000000000000e+03 9.999849283070659789e-01 1.808051766803134506e-07 1.348907949191119025e-13 1.315049147156534790e-15 2.999932840157722552e-18
4.500000000000000000e+03 9.999857201446864519e-01 1.798883561774561257e-07 6.149777834842311947e-13 1.750636576594903211e-15 5.467098948591288043e-18
4.505000000000000000e+03 9.999185693931338381e-01 1.799506567283198411e-07 1.157207819955263572e-12 8.282966652346668694e-16 4.605618177802589952e-19
4.510000000000000000e+03 9.999083122983878358e-01 1.800326748227866723e-07 1.109294265275886111e-12 1.286060588095563142e-16 7.719759001775301779e-20
4.515000000000000000e+03 9.999741190887319053e-01 1.745226005814874420e-07 1.349534669570987133e-12 2.350854460659425707e-15 1.482705764688172802e-18
4.520000000000000000e+03 9.999938602560006773e-01 1.687749673325487220e-07 4.387412438264568711e-13 2.606673833711873280e-15 7.752129036055790786e-18
4.525000000000000000e+03 9.999298459546046569e-01 1.644811884575001462e-07 3.899571406353948913e-14 3.847910967979155560e-16 3.503136360417905903e-19
4.530000000000000000e+03 9.999029655913765913e-01 1.641503550642891537e-07 5.014427094014842501e-14 3.929821562332783025e-16 2.785602470776108568e-19
4.535000000000000000e+03 9.999642814812369496e-01 1.618945236878165330e-07 1.192190539666483009e-13 6.424494596203948228e-16 3.045856070171990640e-19
4.540000000000000000e+03 9.999973235402179750e-01 1.606440181840121686e-07 2.799696791242478958e-13 1.369594105403178610e-15 8.130764660218136245e-18
4.545000000000000000e+03 9.999405352599524122e-01 1.600884409006000572e-07 1.077101330903193710e-12 1.721120325443311618e-15 1.394669116612625969e-18
4.550000000000000000e+03 9.999001046974193008e-01 1.609555258707600867e-07 9.473928988093943976e-13 3.369716922319511996e-16 3.292870055825113754e-20
4.555000000000000000e+03 9.999508032080071107e-01 1.571370097223226377e-07 1.539802029673057835e-12 6.329282774034535092e-16 1.030266767597663975e-18
4.560000000000000000e+03 9.999988818492654419e-01 1.512195641754186773e-07 8.298054766154424261e-13 3.749537617081274031e-15 8.530092188048784137e-18
4.565000000000000000e+03 9.999540910977217090e-01 1.460271354187186421e-07 9.088560021979723581e-14 6.185856087398856804e-16 9.273189059176635830e-19
4.570000000000000000e+03 9.999003785310994763e-01 1.446976761294130345e-07 4.126625504719808700e-14 3.980653933345428729e-16 2.646971576042964755e-19
4.575000000000000000e+03 9.999398737319734609e-01 1.434331809980202254e-07 8.661426476074927128e-14 2.743772262126292331e-16 5.066890616615292705e-19
4.580000000000000000e+03 9.999974265502472592e-01 1.416598791273777646e-07 1.221269150151540932e-13 1.279360320086376806e-15 5.327901733939774472e-18
4.585000000000000000e+03 9.999646780261797208e-01 1.409581780263683684e-07 7.412355372246632889e-13 1.770088723133682467e-15 3.036052441884314017e-18
4.590000000000000000e+03 9.999035219616674297e-01 1.415194755974186779e-07 9.688262898061628873e-13 4.948425435448814779e-16 6.634399920322273227e-20
4.595000000000000000e+03 9.999272565853739581e-01 1.398324773446123247e-07 1.396007208045696048e-12 1.300294069711087310e-17 7.507462579773634467e-19
4.600000000000000000e+03 9.999919635493780268e-01 1.340578706500243598e-07 1.281459402925150693e-12 3.258074646670221332e-15 3.538214919495509497e-18
4.605000000000000000e+03 9.999770803326937241e-01 1.286392718262311896e-07 2.777873549383863521e-13 1.853651751220573059e-15 4.983092908445136562e-18
4.610000000000000000e+03 9.999098659006703249e-01 1.257239606684118919e-07 2.966597248555844083e-14 3.941967626310249321e-16 3.907138111719654414e-19
4.615000000000000000e+03 9.999177170352130384e-01 1.252813761316711751e-07 4.506825679064204815e-14 3.765316626763449479e-16 4.020710566056274956e-19
4.620000000000000000e+03 9.999858653225125460e-01 1.232745611540301814e-07 9.104351468689718218e-14 8.732891179855907237e-16 1.131344478016654593e-18
4.625000000000000000e+03 9.999852941118153593e-01 1.225613420309833316e-07 3.676673713035977137e-13 1.262905553727594632e-15 6.071625191799998408e-18
4.630000000000000000e+03 9.999177828723141426e-01 1.224346380004521911e-07 9.874890608698644332e-13 1.143799617963819484e-15 6.965884388212614898e-19
4.635000000000000000e+03 9.999090031193740291e-01 1.223873427553589345e-07 1.059777343790021360e-12 3.756647906768307743e-16 5.060432760979373446e-20
4.640000000000000000e+03 9.999749069380694522e-01 1.175012477778520975e-07 1.625125929219473178e-12 1.446039601571757231e-15 7.338104219026743506e-19
4.645000000000000000e+03 9.999932164092447673e-01 1.121079281131166086e-07 6.305997172639160065e-13 3.473957477513627386e-15 9.297349020982935655e-18
4.650000000000000000e+03 9.999290386801095165e-01 1.079009990167916383e-07 3.943963153319176475e-14 3.891903464724530621e-16 5.507166456605492148e-19
4.655000000000000000e+03 9.999033342675203162e-01 1.073970605561292866e-07 2.901751210905334213e-14 4.084027514314377002e-16 5.121149400978912175e-19
4.660000000000000000e+03 9.999653442947398219e-01 1.057851620422229870e-07 8.206241506103358143e-14 3.474912998677858423e-16 6.592870407473737272e-19
4.665000000000000000e+03 9.999974044680014496e-01 1.048501364632771857e-07 1.380150538883966503e-13 1.066918109120829051e-15 6.569136734487235317e-18
4.670000000000000000e+03 9.999396046374984248e-01 1.043138816285223842e-07 7.897519289995632029e-13 1.583830064783496266e-15 2.011948487195191173e-18
4.675000000000000000e+03 9.999002903150927546e-01 1.048547101555346268e-07 8.387740771270699027e-13 5.329754023581300462e-16 2.518700970887472791e-20
4.680000000000000000e+03 9.999518613883774387e-01 1.016178559344323682e-07 1.649707513436884253e-12 9.938711037004620884e-17 1.015498377426080790e-18
4.685000000000000000e+03 9.999986829266941379e-01 9.632194761418422550e-08 1.102939783452708683e-12 3.837163534025250699e-15 6.749880535164540355e-18
4.690000000000000000e+03 9.999531013206104380e-01 9.156228024472194622e-08 1.434366577607947817e-13 1.088289740318051192e-15 2.710258411788283951e-18
4.695000000000000000e+03 9.999003155585031166e-01 9.008416152328216108e-08 2.589548170448795095e-14 3.955425255314885791e-16 7.134872442500966321e-19
4.700000000000000000e+03 9.999408534418652295e-01 8.925206296694915918e-08 4.931349890556609342e-14 3.136345400532709894e-16 9.175632875013085014e-19
4.705000000000000000e+03 9.999979730890007357e-01 8.797021639721840575e-08 6.578582831278440587e-14 9.281414906742489398e-16 3.001330857540638586e-18
4.710000000000000000e+03 9.999638967025603620e-01 8.741608265595482105e-08 4.478676884998520077e-13 1.228032389431552277e-15 4.210442806346309034e-18
4.715000000000000000e+03 9.999031684010709631e-01 8.767959250468640080e-08 8.007436366059286866e-13 7.018953729877354131e-16 4.564940047588330622e-20
4.720000000000000000e+03 9.999282919780736467e-01 8.628080342932033367e-08 1.312587648790648838e-12 2.321538425697749285e-16 6.178313805382964889e-19
4.725000000000000000e+03 9.999923067106603058e-01 8.138345656971970193e-08 1.553682112728158170e-12 2.399362641022974233e-15 1.813945893349693301e-18
4.730000000000000000e+03 9.999761186023699011e-01 7.664955719534221803e-08 4.132709920030116949e-13 2.733733963379572442e-15 8.151491458253253276e-18
4.735000000000000000e+03 9.999093756546492129e-01 7.390720049910010761e-08 2.291889842093741409e-14 3.615668638487903319e-16 7.937771057688034972e-19
4.740000000000000000e+03 9.999184500162122680e-01 7.358934731093588150e-08 2.281426013374294389e-14 4.252246291247036446e-16 7.830785263030233447e-19
4.745000000000000000e+03 9.999867288772262830e-01 7.222023786350978315e-08 6.387012309459076502e-14 4.969582458139998451e-16 9.195552254016138650e-19
4.750000000000000000e+03 9.999848841831723290e-01 7.172362216438264464e-08 1.731116377971438269e-13 8.474994435385701582e-16 6.106892690786118582e-18
4.755000000000000000e+03 9.999170330086214475e-01 7.148975866022347946e-08 7.227741800321061478e-13 1.170306938156198796e-15 5.780039824195455315e-19
4.760000000000000000e+03 9.999097183389686894e-01 7.137449606083148464e-08 8.766155667791922300e-13 7.061215404105119174e-16 1.110005713870478643e-19
4.765000000000000000e+03 9.999757364768618872e-01 6.745818703981320642e-08 1.768362217368244686e-12 5.387992264214955407e-16 6.002943020667495360e-19
4.770000000000000000e+03 9.999925270114476961e-01 6.295936518844177761e-08 8.547265250117777791e-13 3.895734878166042568e-15 9.200116781013847679e-18
4.775000000000000000e+03 9.999281914753647138e-01 5.935981478986385849e-08 6.242284823032850748e-14 5.783056895395684257e-16 1.066438250717858004e-18
4.780000000000000000e+03 9.999037058929640676e-01 5.883377539456954652e-08 2.083846076142444501e-14 3.925989646671818999e-16 9.252328436171260438e-19
4.785000000000000000e+03 9.999663330651540338e-01 5.782933099581214091e-08 5.206785795521863828e-14 2.749161074207620273e-16 1.199228440074155232e-18
4.790000000000000000e+03 9.999974577672747778e-01 5.721510954084706536e-08 5.450243159342295634e-14 7.865836350458840849e-16 4.536067707287659412e-18
4.795000000000000000e+03 9.999387167614445238e-01 5.675987909885348090e-08 4.804991120817271315e-13 1.146964846865809198e-15 2.237422335435957602e-18
4.800000000000000000e+03 9.999004925152151779e-01 5.704100220692990584e-08 6.376316690010536924e-13 6.519156312376701519e-16 1.366130053898958723e-20
4.805000000000000000e+03 9.999529637148671934e-01 5.458887851658406069e-08 1.579774893085962225e-12 4.466546197705775568e-17 7.555725142061497948e-19
4.810000000000000000e+03 9.999984757275628411e-01 5.040785094438249248e-08 1.360752016341137962e-12 3.212285480076994802e-15 4.031081663824178474e-18
4.815000000000000000e+03 9.999520514290543005e-01 4.660997444656903458e-08 2.284445044338280907e-13 1.779260549901905485e-15 4.955354397176509733e-18
4.820000000000000000e+03 9.999002555074801846e-01 4.528868630090984608e-08 2.279272361524963608e-14 3.907586428250570495e-16 8.786848818327996778e-19
4.825000000000000000e+03 9.999417833358237306e-01 4.483560602996606566e-08 2.510805188693390461e-14 3.988936239106008367e-16 9.233980524124878935e-19
4.830000000000000000e+03 9.999984504962130538e-01 4.403456999129826392e-08 4.080654163228866647e-14 5.908484045958005086e-16 1.702251476083522087e-18
4.835000000000000000e+03 9.999631448606430828e-01 4.365075167454169041e-08 2.078743558502223501e-13 7.129773193598785132e-16 4.834373728881019877e-18
4.840000000000000000e+03 9.999028372176135271e-01 4.371064758529049891e-08 5.646859771318552615e-13 7.424203865808802832e-16 5.318146287863758214e-20
4.845000000000000000e+03 9.999293570423698485e-01 4.269662495490367275e-08 1.080448370574764847e-12 7.126893234906491325e-16 5.985502680682237255e-19
4.850000000000000000e+03 9.999926762752657794e-01 3.907942431624123803e-08 1.730222467208003955e-12 1.272200137185388090e-15 8.505893152567056738e-19
4.855000000000000000e+03 9.999751000108408894e-01 3.553343561392905101e-08 5.851874123315240234e-13 3.370217101911913557e-15 9.634286315775851485e-18
4.860000000000000000e+03 9.999088679420522485e-01 3.338650894441237636e-08 3.128247181413761503e-14 4.034907867193088649e-16 5.765127479725634466e-19
4.865000000000000000e+03 9.999191653115441225e-01 3.320051332892767004e-08 1.676053720577067894e-14 4.076876211153446074e-16 7.344673579838468212e-19
4.870000000000000000e+03 9.999875032095260075e-01 3.241736569007795281e-08 4.639772195525542108e-14 3.135755539064734904e-16 1.077447936270110709e-18
4.875000000000000000e+03 9.999844682263852036e-01 3.212854221864597352e-08 5.449623971778342378e-14 5.587154461142621501e-16 5.301329336983372187e-18
4.880000000000000000e+03 9.999163165592929170e-01 3.188418856387419045e-08 4.378946892212343600e-13 9.185423239550828400e-16 3.746810828533876664e-19
4.885000000000000000e+03 9.999104474921329810e-01 3.176249812990353711e-08 6.153667489298618146e-13 9.235927675738912011e-16 3.902808723694352679e-19
4.890000000000000000e+03 9.999766082500627373e-01 2.908735306371714789e-08 1.748802007263194395e-12 4.804782605222847510e-17 7.065922040547060276e-19
4.895000000000000000e+03 9.999918074882242491e-01 2.594665841453967222e-08 1.089408180363157229e-12 3.616281870760296373e-15 6.913675070185561328e-18
4.900000000000000000e+03 9.999273012274512151e-01 2.341801435877161389e-08 1.075166587136066431e-13 9.764715110420107019e-16 1.446526882388459820e-18
4.905000000000000000e+03 9.999040795620185440e-01 2.300854943170874097e-08 2.584043127081425894e-14 3.920440878296910146e-16 5.590113164530616680e-19
4.910000000000000000e+03 9.999672424193314368e-01 2.251421906244031679e-08 3.134616645163108130e-14 3.407236013395771626e-16 9.096026506573021083e-19
4.915000000000000000e+03 9.999974587922993985e-01 2.219122813040662817e-08 2.123475752347459466e-14 5.388822448546887469e-16 2.923635740878757135e-18
4.920000000000000000e+03 9.999378628717308093e-01 2.187732531275350452e-08 2.227993685105597469e-13 6.418484184967004667e-16 2.086683181298554364e-18
4.925000000000000000e+03 9.999007048283794497e-01 2.198260847555492195e-08 4.058078959489076018e-13 6.129919512994735804e-16 1.129122334577626856e-19
4.930000000000000000e+03 9.999541016543156413e-01 2.045433464742421650e-08 1.350606441647247918e-12 4.771185679464217228e-16 5.632373191915696358e-19
4.935000000000000000e+03 9.999982748686029321e-01 1.778897223423588298e-08 1.564286049712291733e-12 2.083649033160527063e-15 1.670157151869614234e-18
4.940000000000000000e+03 9.999509463633996509e-01 1.539643908114448448e-08 3.457097031887149482e-13 2.433550819188829835e-15 6.116528836776832722e-18
4.945000000000000000e+03 9.999001943770922107e-01 1.451146308512836669e-08 3.155016795535058324e-14 4.280186205142691262e-16 3.770610379049428840e-19
4.950000000000000000e+03 9.999426655178360601e-01 1.434076106098460113e-08 1.751133078778381319e-14 4.164333204493608472e-16 4.777042766966112196e-19
4.955000000000000000e+03 9.999988388494287506e-01 1.396078890213753127e-08 3.313933273168105306e-14 3.755450940781384322e-16 1.297589045661884906e-18
4.960000000000000000e+03 9.999624057939071609e-01 1.375566308652095729e-08 5.875470196218160551e-14 3.678685301779072329e-16 4.205415108562203053e-18
4.965000000000000000e+03 9.999025250189017555e-01 1.372422309926001513e-08 3.287080198334851176e-13 5.990778032107987457e-16 1.297993667245525029e-19
4.970000000000000000e+03 9.999304392745698156e-01 1.315408800055566664e-08 7.650270961973344672e-13 1.180987075610303246e-15 7.748492563694694495e-19
4.975000000000000000e+03 9.999930793219995451e-01 1.111563686574231341e-08 1.778502699000767929e-12 3.609944163600969959e-16 7.080998730747202251e-19
4.980000000000000000e+03 9.999740375941961190e-01 9.156436389043016260e-09 7.838213956295059979e-13 3.447784085185174686e-15 8.052744048532573712e-18
4.985000000000000000e+03 9.999083388355847202e-01 7.967472844161837478e-09 5.436447888134173527e-14 5.685211459822700822e-16 3.106640250668159691e-19
4.990000000000000000e+03 9.999198666824946624e-01 7.895754808860207442e-09 2.779962950214108777e-14 3.758378328132943879e-16 3.254214872816798696e-19
4.995000000000000000e+03 9.999881784564057519e-01 7.589960355977938569e-09 3.457978669837078133e-14 3.116434036855617490e-16 9.594787705360790534e-19
5.000000000000000000e+03 9.999840238516951585e-01 7.476608100447634276e-09 8.314338809261101939e-15 3.736886728537819848e-16 3.717901889694738126e-18
5.005000000000000000e+03 9.999156287125562370e-01 7.324162206940770307e-09 2.036687542374494692e-13 5.398543056608115240e-16 3.915542578498911136e-19
5.010000000000000000e+03 9.999111800405149353e-01 7.249642660166140529e-09 3.501302680904128712e-13 9.019794186821897352e-16 5.862758251196234841e-19
5.015000000000000000e+03 9.999775188191771802e-01 5.984760908334993830e-09 1.574634698477226745e-12 1.763137765943647641e-16 8.896998464584990300e-19
5.020000000000000000e+03 9.999910743585627149e-01 4.547549708020605420e-09 1.307353018040240668e-12 2.698827986363774927e-15 3.549437406892224884e-18
5.025000000000000000e+03 9.999263690648526604e-01 3.456427565458114993e-09 1.765916437611015045e-13 1.456801619820504395e-15 2.548947053904022121e-18
5.030000000000000000e+03 9.999044562795085245e-01 3.277429353199399492e-09 4.516145311889966256e-14 4.654500500319820885e-16 2.414174218068674980e-19
5.035000000000000000e+03 9.999680729757977060e-01 3.145583396899664257e-09 2.355931514109687922e-14 3.923577591706054381e-16 5.540207800255246654e-19
5.040000000000000000e+03 9.999973856649255755e-01 3.051317716728146998e-09 1.846897391055659118e-14 3.636817599472693853e-16 2.013621486822671108e-18
5.045000000000000000e+03 9.999370322747025419e-01 2.930279333845326974e-09 6.244779837991086215e-14 2.662161834330134146e-16 1.808803858673686743e-18
5.050000000000000000e+03 9.999009213010089381e-01 2.952862947285621074e-09 2.064860312498560034e-13 4.351178072230889259e-16 1.379995412977499211e-19
5.055000000000000000e+03 9.999552637392004062e-01 2.406518306267601635e-09 1.022496323131556752e-12 1.140026226457497434e-15 6.283751309069497002e-19
5.060000000000000000e+03 9.999980932070502426e-01 1.527682007068561970e-09 1.681254736178275886e-12 9.126494669515498264e-16 5.362797114924215286e-19
5.065000000000000000e+03 9.999497952564498915e-01 8.600829560619484524e-10 4.946722082767259006e-13 2.750577769056640514e-15 6.272201395801333322e-18
5.070000000000000000e+03 9.999001304193410045e-01 6.404181673088755790e-10 5.443947416356870528e-14 5.281755166503440048e-16 4.258190381969066653e-19
5.075000000000000000e+03 9.999435065662946043e-01 6.221792005931559862e-10 3.029021531620722168e-14 3.634014357424764129e-16 4.663146818945921918e-19
5.080000000000000000e+03 9.999991237646311815e-01 5.611501081048226601e-10 3.096776428361968329e-14 3.201960255978047916e-16 1.280877923487950368e-18
5.085000000000000000e+03 9.999616618862959827e-01 5.256329199722866099e-10 2.559975820696877160e-15 1.983605478782664045e-16 2.876110874526924909e-18
5.090000000000000000e+03 9.999022283295198044e-01 5.231644543372875786e-10 1.497423537217619620e-13 3.580681306725714285e-16 1.609342164496513625e-19
5.095000000000000000e+03 9.999315253247287316e-01 4.094804776987050410e-10 4.482631244788276323e-13 1.382646409289263293e-15 7.696800327570991230e-19
5.100000000000000000e+03 9.999935192005184881e-01 1.144580878153980053e-10 1.692228601931280887e-12 4.183027879882433240e-17 1.006349800210203876e-18
5.105000000000000000e+03 9.999729470073648319e-01 8.174591655894039256e-13 9.941430427055002825e-13 2.890104335852176631e-15 4.853389082228347705e-18
5.110000000000000000e+03 9.999077877626253441e-01 4.151278933165207751e-11 9.634076120221903238e-14 8.159152698500918915e-16 1.224146896555561196e-18
5.115000000000000000e+03 9.999205605500363081e-01 4.375582437243892296e-11 5.987999586049643047e-14 4.350358238429357796e-16 3.818097318251698190e-19
5.120000000000000000e+03 9.999887515678372862e-01 6.208284302957280566e-11 2.989597509405277724e-14 3.624132663286102453e-16 9.267138199446417024e-19
5.125000000000000000e+03 9.999835301640688234e-01 7.028253080936026178e-11 9.777425942123777584e-15 2.608049762047134272e-16 2.349696647301513614e-18
5.130000000000000000e+03 9.999149637348063724e-01 1.076698047912718408e-10 6.232208074030147804e-14 2.136036238735440223e-16 7.481310008147411419e-19
5.135000000000000000e+03 9.999119062359035359e-01 1.194686238573119480e-10 1.454223613906374055e-13 6.617532952990148204e-16 4.926532659291799341e-19
5.140000000000000000e+03 9.999784609402798674e-01 3.124388862325732020e-10 1.288910020254662960e-12 8.019812204087786935e-16 1.203546566886211737e-18
5.145000000000000000e+03 9.999903440797310861e-01 7.734813682400363516e-10 1.479944366499686597e-12 1.505979860761803069e-15 1.026126386792198170e-18
5.150000000000000000e+03 9.999254001792656776e-01 1.358464832079687043e-09 2.753054344380913585e-13 1.803469905262018290e-15 4.485858374899036831e-18
5.155000000000000000e+03 9.999048389102278556e-01 1.489104834323963780e-09 8.506707609776154418e-14 6.288797051280461558e-16 8.169299252904508730e-19
5.160000000000000000e+03 9.999688314007790790e-01 1.537288927180171652e-09 3.566857573352468441e-14 3.468512564528684760e-16 8.668700285619735378e-19
5.165000000000000000e+03 9.999972209963952086e-01 1.583045108518726484e-09 2.486914285704001277e-14 3.025093332288023419e-16 1.676590769149091655e-18
5.170000000000000000e+03 9.999362133550631082e-01 1.691147115143986262e-09 4.763405921681209095e-15 8.490146129036733608e-17 1.883206448443911209e-18
5.175000000000000000e+03 9.999011370786716757e-01 1.724934637797422082e-09 8.057876091114196106e-14 2.154641267017746758e-16 1.990687671584726297e-19
5.180000000000000000e+03 9.999564364345721046e-01 2.128226386691299520e-09 6.739969126107811033e-13 1.671994100167794491e-15 9.291361133817846776e-19
5.185000000000000000e+03 9.999979408547005066e-01 3.150211977447461822e-09 1.693288092817159643e-12 1.725308417229251808e-16 5.486762643512650206e-19
5.190000000000000000e+03 9.999486107632767906e-01 4.375124853836508741e-09 6.722283688296485686e-13 2.560840476595651760e-15 5.696479704213840477e-18
5.195000000000000000e+03 9.999000642226454350e-01 4.979937979634251512e-09 9.910662688920211442e-14 6.613597116456445245e-16 1.206412559538299078e-18
5.200000000000000000e+03 9.999443170575342821e-01 4.963617495974921249e-09 7.099926138854215591e-14 3.581494028517801661e-16 7.094325098244126421e-19
5.205000000000000000e+03 9.999992976205451800e-01 5.088844718972209800e-09 3.033573139446030174e-14 3.575850431417992009e-16 1.217311473199519093e-18
5.210000000000000000e+03 9.999608960292322157e-01 5.195972238670633331e-09 1.042568327382054215e-14 1.334829998361543087e-16 2.266361355542343941e-18
5.215000000000000000e+03 9.999019440730526620e-01 5.339783568638246804e-09 5.428954678758040838e-14 1.405004657665277406e-16 3.455498124070466838e-19
5.220000000000000000e+03 9.999326020500988177e-01 5.644781361518805225e-09 1.994431787451448362e-13 1.234785985670314465e-15 5.459113782744726904e-19
5.225000000000000000e+03 9.999939951956861028e-01 7.106009708919297320e-09 1.492138369650055112e-12 3.848859812356188806e-16 1.374372736305480993e-18
5.230000000000000000e+03 9.999718454245141164e-01 8.932429136888780809e-09 1.195343299890437263e-12 1.908116033836943176e-15 2.081771548820556488e-18
5.235000000000000000e+03 9.999072174413656811e-01 1.036124668540321042e-08 1.663681700759053734e-13 1.032409347197031329e-15 2.466422849093210479e-18
5.240000000000000000e+03 9.999212555045756678e-01 1.037812040519855290e-08 1.227000884657993238e-13 6.587648738947448233e-16 5.935986515531330472e-19
5.245000000000000000e+03 9.999892266498241478e-01 1.053923015329281975e-08 4.052452326667440406e-14 3.364883736265356439e-16 1.099010464420503447e-18
5.250000000000000000e+03 9.999829693888876436e-01 1.059887237609435804e-08 2.637348567437755731e-14 2.216879847014157304e-16 2.077493846935503720e-18
5.255000000000000000e+03 9.999143156359047158e-01 1.090965233317586990e-08 1.617867128249011797e-14 3.927509391795616834e-17 1.318844591133438518e-18
5.260000000000000000e+03 9.999126179314697938e-01 1.102822916041478357e-08 3.377342234456804425e-14 3.446159901076557975e-16 4.358012736907443473e-19
5.265000000000000000e+03 9.999794240624332309e-01 1.259731857988993490e-08 9.549633636491418085e-13 1.563328170145730060e-15 1.708403690862367197e-18
5.270000000000000000e+03 9.999896318228552738e-01 1.498140112327182069e-08 1.581730668379493918e-12 5.106290456967388636e-16 1.920797722446625192e-19
5.275000000000000000e+03 9.999244033696681466e-01 1.733309345959485300e-08 4.093250849137278528e-13 1.841088876936906264e-15 5.247122942470215304e-18
5.280000000000000000e+03 9.999052319153204360e-01 1.781122871671658060e-08 1.566091491703129708e-13 8.323744949783687770e-16 1.390051045263832120e-18
5.285000000000000000e+03 9.999695299501721868e-01 1.784013854014572781e-08 7.870888953041010926e-14 2.758116187244421328e-16 1.078532113203178728e-18
5.290000000000000000e+03 9.999969532976089592e-01 1.792124027484528964e-08 2.763468859760521989e-14 3.437503874254297614e-16 1.545660240207738176e-18
5.295000000000000000e+03 9.999353946073219479e-01 1.827502205087316965e-08 1.878340967110419673e-14 4.172754821352241458e-17 2.260049813279301320e-18
5.300000000000000000e+03 9.999013489185215597e-01 1.840639969155141168e-08 3.443338906828094131e-14 5.723641367564953826e-17 4.991593007050227510e-19
5.305000000000000000e+03 9.999576051584968539e-01 1.963666680054105428e-08 3.757207807377833348e-13 1.821036818615251598e-15 1.301454368297141043e-18
5.310000000000000000e+03 9.999978243424602065e-01 2.250468325151052887e-08 1.599698401450361467e-12 1.043711318607194248e-16 1.067596781125963454e-18
5.315000000000000000e+03 9.999474081105621526e-01 2.562254885193577783e-08 8.679487099969902569e-13 1.926036201849332861e-15 3.954089586578593816e-18
5.320000000000000000e+03 9.998999985490134579e-01 2.712856608145735683e-08 1.760025843559663235e-13 7.603381651663184837e-16 1.435630775106050379e-18
5.325000000000000000e+03 9.999451107571331043e-01 2.695668395338821330e-08 1.514187891935857944e-13 5.550924179605327286e-16 3.445661964080888705e-19
5.330000000000000000e+03 9.999993602568385542e-01 2.711964645802601233e-08 3.759508437658971991e-14 3.620533223192711083e-16 1.086949031271689017e-18
5.335000000000000000e+03 9.999600929507262981e-01 2.732692558917804226e-08 3.934463507945952732e-14 1.184832675389178688e-16 2.553637874868345579e-18
5.340000000000000000e+03 9.999016700089442544e-01 2.772050224834910121e-08 3.349470134746631632e-14 2.365466064091417979e-17 6.462063355513833562e-19
5.345000000000000000e+03 9.999336575534929494e-01 2.835816110373827234e-08 5.318912356432931138e-14 8.555914031052615256e-16 4.113609883473785539e-19
5.350000000000000000e+03 9.999945024907546109e-01 3.143301440926528205e-08 1.219140669428182257e-12 1.135116909131255842e-15 1.735874529259313074e-18
5.355000000000000000e+03 9.999707502835675221e-01 3.511992707346274338e-08 1.361150090634276361e-12 8.905902885640645865e-16 4.960571320274615817e-19
5.360000000000000000e+03 9.999066335299566788e-01 3.796997831754980788e-08 2.731182912544233307e-13 1.103172907729387347e-15 2.448772821154998499e-18
5.365000000000000000e+03 9.999219616021360890e-01 3.792829754129236757e-08 2.287189712632469468e-13 1.023119432378602838e-15 6.060172834269772049e-19
5.370000000000000000e+03 9.999896147128389812e-01 3.804102827597516485e-08 7.987203464538592995e-14 2.273270888028558201e-16 1.204913511997396849e-18
5.375000000000000000e+03 9.999823282399104007e-01 3.807362056265418053e-08 3.375437329772591563e-14 2.689369301143828575e-16 2.234040072875983018e-18
5.380000000000000000e+03 9.999136787800836368e-01 3.871860638166973495e-08 3.353410311339354529e-14 3.210886860750970374e-18 1.476443270146871550e-18
5.385000000000000000e+03 9.999133092818108803e-01 3.894397337487920902e-08 8.357499794595697603e-15 1.078726457473507684e-16 5.238234756664671296e-19
5.390000000000000000e+03 9.999803951128939383e-01 4.168314082748279988e-08 6.366563086510529066e-13 2.073714583428410290e-15 2.137061146317167033e-18
5.395000000000000000e+03 9.999889503013873471e-01 4.584130197421072235e-08 1.594862744584286470e-12 5.819735899373739476e-17 4.803632302488298855e-19
5.400000000000000000e+03 9.999233903195412498e-01 4.989530693154886510e-08 5.765223040617289998e-13 1.539186843307650040e-15 3.677342246450016007e-18
5.405000000000000000e+03 9.999056409055308015e-01 5.071498127354680719e-08 2.695040578868679825e-13 9.835272456741839316e-16 1.364085519758591464e-18
5.410000000000000000e+03 9.999701854791119837e-01 5.052679435587969528e-08 1.656182098254007840e-13 3.691969729862270572e-16 5.685489215263551344e-19
5.415000000000000000e+03 9.999965779372593788e-01 5.053437933299115695e-08 2.847055850930954434e-14 3.993382155232616173e-16 1.276211836610099817e-18
5.420000000000000000e+03 9.999345655259391785e-01 5.112864416541807652e-08 5.602612694084928338e-14 4.970909400175080882e-17 2.162522841385318774e-18
5.425000000000000000e+03 9.999015555707609915e-01 5.142902070725075601e-08 4.347576531437465821e-14 3.521674596254255062e-18 6.248218929865052582e-19
5.430000000000000000e+03 9.999587554452543658e-01 5.328276032569849928e-08 1.696293269595396714e-13 1.569919281082707461e-15 1.460035328506729761e-18
5.435000000000000000e+03 9.999977460314610767e-01 5.777655663901250063e-08 1.417064636749668701e-12 6.151371943413221327e-16 1.605042426624707821e-18
5.440000000000000000e+03 9.999462039997715213e-01 6.262031961815104607e-08 1.059826943489817559e-12 1.103661356229428700e-15 1.564067278898250853e-18
5.445000000000000000e+03 9.998999379579855962e-01 6.501712785684110231e-08 2.908551319748553831e-13 7.621333900793968800e-16 9.920237502699723896e-19
5.450000000000000000e+03 9.999459034631369425e-01 6.453882124523590935e-08 2.829094738517883935e-13 1.022649688694571496e-15 9.347135289528739383e-20
5.455000000000000000e+03 9.999993190470746196e-01 6.459053988455115440e-08 6.733219776658028387e-14 2.566691307625509114e-16 1.242082051236893321e-18
5.460000000000000000e+03 9.999592403551116337e-01 6.484439850585295578e-08 5.363241539094664881e-14 1.537793469912969565e-16 2.480055870215749825e-18
5.465000000000000000e+03 9.999014050532661901e-01 6.556780311905352009e-08 5.358344982391529126e-14 7.436644638824691210e-18 5.813615473593242080e-19
5.470000000000000000e+03 9.999346821189596390e-01 6.641134570187411094e-08 3.198111076836776650e-15 4.601147029618696167e-16 5.840879136792587922e-19
5.475000000000000000e+03 9.999950324934938628e-01 7.081338278426036410e-08 9.225460578888668229e-13 1.875893475449327247e-15 2.083004668117727939e-18
5.480000000000000000e+03 9.999696779653709511e-01 7.611343706218534571e-08 1.462685919809364685e-12 2.065758117128094691e-16 6.525902757510442097e-20
5.485000000000000000e+03 9.999060440725768828e-01 8.029173734252432220e-08 4.157809775547767850e-13 9.817735447378821589e-16 1.595721168811531429e-18
5.490000000000000000e+03 9.999226894860679948e-01 8.011097866763874889e-08 3.847774224771161258e-13 1.403915513253323276e-15 1.443999971114880913e-18
5.495000000000000000e+03 9.999899327786027081e-01 7.999221719083403377e-08 1.620956225381148947e-13 1.884000970141614948e-16 1.124731705191891478e-18
5.500000000000000000e+03 9.999815989858936716e-01 7.991952796213005563e-08 2.695672396265247145e-14 3.701707499145549462e-16 1.682229809997179869e-18
5.505000000000000000e+03 9.999130483849827389e-01 8.093072157939734215e-08 6.809229764317188953e-14 2.929405478653444320e-17 9.853831923324713812e-19
5.510000000000000000e+03 9.999139772408117688e-01 8.124293101664330685e-08 3.289564823186732203e-14 2.197197349695835852e-17 6.324017384427918774e-19
5.515000000000000000e+03 9.999813595070783379e-01 8.483930656733297465e-08 3.808201509410700874e-13 2.128746360488971876e-15 2.088707497343758677e-18
5.520000000000000000e+03 9.999883087181768992e-01 9.046182529406124544e-08 1.513068034984626972e-12 2.161598852845681284e-16 1.061852749479312188e-18
5.525000000000000000e+03 9.999223746794069223e-01 9.600558601261229404e-08 7.597020026386869967e-13 1.022776243786085369e-15 1.420430500447235508e-18
5.530000000000000000e+03 9.999060720430338334e-01 9.711918313121753968e-08 4.227909457367199601e-13 9.995304302181573283e-16 1.571195116318406663e-18
5.535000000000000000e+03 9.999708180551217795e-01 9.653466596302346813e-08 3.056503241070784217e-13 8.005352845566076616e-16 3.447614964762293838e-20
5.540000000000000000e+03 9.999960975603056079e-01 9.636712900072771714e-08 4.270677662688672252e-14 3.570817579606926046e-16 1.093074062551498628e-18
5.545000000000000000e+03 9.999337174030344944e-01 9.717530285962311787e-08 7.500733230637003717e-14 7.380176076178160523e-17 1.556679569401752945e-18
5.550000000000000000e+03 9.999017579866592564e-01 9.769493145255513557e-08 6.891330209491043534e-14 2.652070601135043995e-17 4.363343994935776085e-19
5.555000000000000000e+03 9.999598740345000403e-01 9.990567526835556919e-08 6.115600617474483372e-14 1.102341668333812938e-15 1.421839837345797183e-18
5.560000000000000000e+03 9.999977038562350984e-01 1.056593888402482510e-07 1.175192987557680168e-12 1.364287796578907005e-15 2.046784730261240194e-18
5.565000000000000000e+03 9.999450153147132481e-01 1.119095412828795073e-07 1.214494145779139653e-12 4.056065053763619743e-16 1.533086753036431762e-19
5.570000000000000000e+03 9.998998882655208975e-01 1.151033546037286976e-07 4.360610290875520213e-13 6.473290630944134767e-16 8.894592649888084674e-19
5.575000000000000000e+03 9.999467117083928880e-01 1.141870808644260155e-07 4.679071702016497248e-13 1.670110613245084769e-15 1.335479197769016085e-18
5.580000000000000000e+03 9.999991883150719518e-01 1.139922960581039929e-07 1.362140151363318732e-13 1.100925246464123219e-16 1.731813088120689942e-18
5.585000000000000000e+03 9.999583298695384759e-01 1.142335706985779999e-07 4.140736351058821903e-14 2.549937455705691340e-16 1.666573072556580638e-18
5.590000000000000000e+03 9.999011494526597321e-01 1.153358918417024064e-07 7.572590091204014967e-14 4.226369345929208138e-17 3.981630208706651660e-19
5.595000000000000000e+03 9.999356689524330211e-01 1.162295035360746582e-07 1.305018279291163558e-14 2.097692304870501139e-16 1.255795880355235203e-18
5.600000000000000000e+03 9.999955734732458579e-01 1.215541690716408906e-07 6.473147364772302534e-13 2.263799347068287926e-15 2.276881924706182244e-18
5.605000000000000000e+03 9.999686425011673485e-01 1.280747048458949836e-07 1.474731766830101206e-12 3.544678657488038393e-17 5.574232303067271304e-19
5.610000000000000000e+03 9.999054587608736666e-01 1.333730249561223142e-07 5.768963134313237699e-13 7.132805837693333236e-16 1.109264220544613716e-18
5.615000000000000000e+03 9.999234494226740821e-01 1.329731792680596927e-07 5.823618158821643056e-13 1.638520555718414194e-15 3.414606015910227905e-18
5.620000000000000000e+03 9.999902024731064376e-01 1.324638317125549623e-07 2.956307293008879194e-13 4.521944763808129979e-16 7.477274677196980658e-19
5.625000000000000000e+03 9.999807800617643849e-01 1.322159060675942092e-07 2.196447935688990012e-14 4.304189400941175099e-16 8.996254810013804564e-19
5.630000000000000000e+03 9.999124208779915923e-01 1.335931297035501605e-07 8.252897823372717742e-14 6.094455748038846489e-17 8.134646910914436796e-19
5.635000000000000000e+03 9.999146218419341370e-01 1.339545829524393186e-07 6.316602653035119265e-14 4.856887398247336349e-17 1.075387725916819476e-18
5.640000000000000000e+03 9.999823022701667119e-01 1.380164153254774457e-07 2.076214200832355789e-13 1.780909808347075701e-15 1.624825317520666791e-18
5.645000000000000000e+03 9.999877119765450129e-01 1.446615915645878263e-07 1.344391066649216811e-12 7.794850008277989651e-16 1.605320011669211943e-18
5.650000000000000000e+03 9.999213709951590978e-01 1.513547774957562669e-07 9.252722274017720477e-13 4.945365537892663154e-16 2.763478619336210781e-19
5.655000000000000000e+03 9.999065313574279079e-01 1.526799487626720239e-07 5.975927215867284020e-13 8.542863600775763726e-16 2.114567707983191890e-18
5.660000000000000000e+03 9.999714492864915094e-01 1.515533652605703975e-07 4.971040828455514356e-13 1.587685089579055603e-15 2.684778864553152940e-19
5.665000000000000000e+03 9.999955218833519455e-01 1.511261058366746440e-07 9.184249899353963420e-14 1.894692413097798437e-16 1.582054616584147640e-18
5.670000000000000000e+03 9.999328439442750627e-01 1.521025314334294209e-07 6.029533769587559156e-14 1.387875384934383314e-16 1.433599183791112035e-18
5.675000000000000000e+03 9.999019593204760969e-01 1.528660345225647789e-07 7.878568075198316574e-14 7.275415747483821128e-17 6.666741219342955680e-19
5.680000000000000000e+03 9.999609498672227259e-01 1.551283545316040169e-07 2.601977565630565566e-14 6.540493758892081165e-16 1.543439588731774293e-18
5.685000000000000000e+03 9.999976914475952050e-01 1.616644872124883567e-07 9.103877004158470859e-13 1.966047318242644067e-15 2.381566851976481551e-18
5.690000000000000000e+03 9.999438578280116507e-01 1.688786362287523013e-07 1.294277940217272192e-12 4.480828066548787560e-17 2.378176774771734913e-19
5.695000000000000000e+03 9.998998559043413836e-01 1.727042168614970922e-07 5.865769550874546698e-13 4.517095973895222697e-16 1.017491436764888736e-18
5.700000000000000000e+03 9.999475513387289238e-01 1.712492293045255075e-07 6.917238562246127744e-13 2.274846726120835736e-15 3.535994864107948940e-18
5.705000000000000000e+03 9.999989881367057354e-01 1.706982974753487785e-07 2.549581330850778108e-13 1.432126816254051731e-16 1.919903024466164068e-18
5.710000000000000000e+03 9.999573576472787773e-01 1.708677749053629903e-07 1.873958603244922181e-14 3.867708659952120417e-16 1.112492694081781865e-18
5.715000000000000000e+03 9.999009047828059105e-01 1.723622723581807982e-07 7.558269237319619725e-14 8.536062368269579938e-17 8.278857517023010372e-19
5.720000000000000000e+03 9.999366146783210674e-01 1.731355336945353814e-07 3.803126406842486357e-14 1.297148023702251232e-16 2.209486178829954669e-18
5.725000000000000000e+03 9.999961114767519366e-01 1.788970337145550928e-07 4.243098942573076136e-13 2.186758986282375290e-15 2.168320410288062605e-18
5.730000000000000000e+03 9.999676544140747581e-01 1.861367121588619113e-07 1.384137421741975002e-12 3.120344194871171096e-16 1.392905054899707141e-18
5.735000000000000000e+03 9.999048880999740208e-01 1.922530368463488020e-07 7.224270794293529684e-13 4.024679562581063183e-16 8.223685915998841290e-19
5.740000000000000000e+03 9.999242503160631346e-01 1.915635890246186142e-07 7.923653840439333257e-13 1.612433756543383649e-15 4.677139957980166073e-18
5.745000000000000000e+03 9.999904482084912560e-01 1.905417829437751376e-07 4.769407598576842419e-13 1.173730727688479096e-15 1.653107155582726193e-19
5.750000000000000000e+03 9.999798762038021316e-01 1.900634528298980509e-07 4.702301969067846642e-14 3.546171093946310595e-16 1.193434880230059075e-18
5.755000000000000000e+03 9.999117941234072493e-01 1.917738734110621211e-07 6.531440522824259965e-14 1.019915844663406560e-16 1.485656335568546752e-18
5.760000000000000000e+03 9.999152462266799324e-01 1.921330025745242349e-07 6.946535097397599979e-14 1.043958799509650546e-16 1.821938009011859779e-18
5.765000000000000000e+03 9.999832091604715645e-01 1.962248944848742808e-07 1.113412839782008113e-13 1.252736682532171843e-15 1.223815224413386536e-18
5.770000000000000000e+03 9.999871602546505089e-01 2.033606149623509969e-07 1.111371994360570241e-12 1.407860371190846965e-15 2.112331441829638313e-18
5.775000000000000000e+03 9.999203935653048214e-01 2.107673954514857935e-07 1.030878767278888807e-12 1.287501710040282052e-16 6.810307804180533908e-20
5.780000000000000000e+03 9.999070240465167680e-01 2.121981893363922555e-07 7.573188534538196340e-13 5.928452442494272749e-16 1.892294493531989928e-18
5.785000000000000000e+03 9.999721005181109179e-01 2.104294291042775964e-07 7.217801735990202718e-13 2.540653055808281693e-15 1.539295070315970649e-18
5.790000000000000000e+03 9.999948668697252741e-01 2.096823000499367621e-07 1.926984563544305873e-13 3.383388335848323262e-17 2.525179229713302417e-18
5.795000000000000000e+03 9.999319416826745188e-01 2.107660043217601664e-07 2.764966558785175771e-14 2.651004924764077525e-16 1.769032531078159423e-18
5.800000000000000000e+03 9.999021647221716380e-01 2.117700164528301149e-07 6.321734511439791940e-14 1.163356372609822501e-16 1.327748221327076436e-18
5.805000000000000000e+03 9.999619748703856281e-01 2.137670698378884820e-07 2.733524504049554774e-14 3.655684770359524445e-16 1.816447829302441150e-18
5.810000000000000000e+03 9.999976986217178343e-01 2.205407561191061774e-07 6.577705088306691374e-13 2.178449450041703752e-15 2.488591723253652688e-18
5.815000000000000000e+03 9.999427449313108562e-01 2.281948647352524403e-07 1.269747430249932428e-12 5.714646020619906825e-17 7.667368008303862805e-19
5.820000000000000000e+03 9.998998472532073523e-01 2.324343891762149711e-07 7.044005986759944869e-13 2.452517013370659182e-16 6.273364334730651379e-19
5.825000000000000000e+03 9.999484361239971975e-01 2.303804124766678585e-07 9.197742010745126935e-13 2.590826396106933758e-15 5.084018330784539002e-18
5.830000000000000000e+03 9.999987426346123032e-01 2.293984552782840291e-07 4.215196463520231895e-13 6.114446620922980281e-16 1.285294032795465263e-18
5.835000000000000000e+03 9.999563246701125285e-01 2.294419941136610769e-07 1.992059210686776245e-14 4.499025780542826658e-16 1.182287264637551682e-18
5.840000000000000000e+03 9.999006737915817622e-01 2.313044341812542019e-07 5.355579920432823366e-14 1.321973344245567304e-16 1.380364991923886773e-18
5.845000000000000000e+03 9.999375195653565918e-01 2.317878742582485172e-07 4.740953547167616542e-14 1.414889110983267061e-16 2.534530777333523351e-18
5.850000000000000000e+03 9.999966313920344296e-01 2.374631766873757766e-07 2.659879190218600176e-13 1.764345604456493933e-15 1.788789063908201565e-18
5.855000000000000000e+03 9.999667198638981791e-01 2.448590696430874723e-07 1.197131499975357678e-12 7.993278286905860637e-16 1.958784890769082780e-18
5.860000000000000000e+03 9.999043425282453379e-01 2.514275596809315944e-07 8.112175893399232936e-13 1.553368197987992575e-16 2.925481914201891429e-19
5.865000000000000000e+03 9.999250987843998351e-01 2.503969048857173237e-07 9.689666082731532387e-13 1.318967651325293068e-15 3.891148039488703387e-18
5.870000000000000000e+03 9.999906951473956918e-01 2.487879553583371688e-07 6.871701344336000373e-13 2.290436776240079077e-15 3.812090763185152816e-19
5.875000000000000000e+03 9.999788980194127541e-01 2.480435678466245302e-07 1.278370357674870645e-13 1.543074563049814370e-16 2.387426628589526666e-18
5.880000000000000000e+03 9.999111674892743329e-01 2.500241337980198841e-07 3.349572596137867210e-14 1.851096947465659555e-16 1.812915480763286650e-18
5.885000000000000000e+03 9.999158564205408162e-01 2.503202101121095767e-07 4.959223936758136421e-14 1.442650813108934783e-16 1.958467856520444209e-18
5.890000000000000000e+03 9.999840676962963304e-01 2.540020516179210700e-07 6.991529064616815632e-14 7.716114987204899516e-16 1.230473039875316394e-18
5.895000000000000000e+03 9.999866489728419516e-01 2.610555041409632554e-07 8.476124994836557160e-13 1.804524336052271810e-15 2.516387063653300209e-18
5.900000000000000000e+03 9.999194553022716647e-01 2.686854280849390256e-07 1.040276966517085666e-12 5.554144378924299196e-19 6.676109008457648735e-20
5.905000000000000000e+03 9.999075538372408367e-01 2.701063099738188300e-07 8.574892735833635359e-13 3.071357414915442047e-16 8.341579416467157984e-19
5.910000000000000000e+03 9.999727910455935564e-01 2.676496881397502431e-07 9.446949543186747547e-13 3.328552021643686410e-15 4.063892082369074406e-18
5.915000000000000000e+03 9.999941533578919906e-01 2.665520690708669609e-07 3.478353660835804808e-13 1.575088470441297617e-16 2.764925277302523517e-18
5.920000000000000000e+03 9.999310101914624660e-01 2.676717742969640772e-07 1.350060906109559533e-14 4.037825225461539000e-16 1.402076400377043081e-18
5.925000000000000000e+03 9.999023809297938881e-01 2.688851804151242364e-07 3.712933468141187340e-14 1.706117470275515553e-16 1.362800375740940101e-18
5.930000000000000000e+03 9.999629444899759134e-01 2.703171337491872255e-07 3.476508963032723402e-14 2.365991776098151958e-16 1.968786349828608098e-18
5.935000000000000000e+03 9.999977121847665185e-01 2.767659442824220798e-07 4.443388541496496852e-13 1.981880779231025518e-15 2.232874158937296110e-18
5.940000000000000000e+03 9.999416865497100515e-01 2.843030562918215308e-07 1.132878536095424580e-12 3.238471657204890923e-16 9.230186652326576425e-19
5.945000000000000000e+03 9.998998680036128572e-01 2.887096101599808173e-07 7.514763156607214782e-13 9.482963236618262488e-17 8.419874974980744732e-20
5.950000000000000000e+03 9.999493765142820623e-01 2.860441604292396519e-07 1.103592212221351216e-12 2.472543750390336517e-15 5.589702524762932315e-18
5.955000000000000000e+03 9.999984779498694021e-01 2.845972230832135017e-07 6.182643973083794783e-13 1.618219395189369615e-15 4.444465184830548690e-19
5.960000000000000000e+03 9.999552365932605769e-01 2.844702392505523713e-07 7.886283036768136537e-14 3.561305727805822697e-16 1.376841988587190456e-18
5.965000000000000000e+03 9.999004601012803084e-01 2.866408863113380926e-07 3.166980337427763433e-14 1.996353724968354556e-16 1.100401175316726286e-18
5.970000000000000000e+03 9.999383874846836662e-01 2.866815202419125353e-07 3.719920730108045165e-14 1.647748143085659647e-16 2.031581525242093943e-18
5.975000000000000000e+03 9.999971180779727575e-01 2.917571292187436924e-07 1.682734235535285963e-13 1.224185463115334095e-15 1.395562207468576284e-18
5.980000000000000000e+03 9.999658401298250343e-01 2.987370570985330185e-07 9.415433678994167704e-13 1.228581416672603712e-15 2.071377343661638571e-18
5.985000000000000000e+03 9.999038315578447911e-01 3.053631738017959334e-07 8.108251136838082399e-13 3.168664801630703704e-17 4.168957084001495478e-22
5.990000000000000000e+03 9.999259984003825430e-01 3.039672907986185072e-07 1.063126639183341034e-12 8.606734182911099643e-16 2.127522787872366298e-18
5.995000000000000000e+03 9.999909671274144207e-01 3.017499509230532967e-07 8.937136561145587934e-13 3.490771272952229393e-15 2.532484241361850782e-18
6.000000000000000000e+03 9.999778610534044709e-01 3.007264674394162505e-07 2.735041817285545657e-13 7.206096570605744141e-18 3.107772610434535626e-18
6.005000000000000000e+03 9.999105418022073977e-01 3.028892683381400782e-07 2.102262753185063006e-14 3.073755884827029947e-16 1.076899225533465548e-18
6.010000000000000000e+03 9.999164608718200675e-01 3.030582174091987640e-07 2.705079871937495426e-14 1.893666366419371076e-16 1.407593975189250601e-18
6.015000000000000000e+03 9.999848680098287756e-01 3.059242622152632371e-07 5.839259420519172489e-14 4.504816068989192310e-16 1.684177763385291635e-18
6.020000000000000000e+03 9.999861691779760031e-01 3.123345187002613239e-07 5.906891677460881956e-13 1.839816218321647421e-15 2.536291730330550971e-18
6.025000000000000000e+03 9.999185667029472091e-01 3.196877615977409371e-07 9.392878871265676581e-13 7.808884059560735280e-17 2.309566998654417509e-19
6.030000000000000000e+03 9.999081224857588879e-01 3.209885446213664593e-07 8.623896065484226712e-13 9.152437737643313041e-17 8.611564975688860330e-20
6.035000000000000000e+03 9.999735364742290411e-01 3.178576135331833502e-07 1.120863083409291874e-12 3.630888476530665071e-15 7.232553508868389620e-18
6.040000000000000000e+03 9.999934052781043192e-01 3.164111842795567318e-07 5.413011044682305021e-13 8.005980066660115146e-16 1.804833038915677002e-18
6.045000000000000000e+03 9.999300520464107223e-01 3.174914315977092449e-07 5.449405770979979958e-14 4.489094900922173711e-16 6.290110148535293031e-19
6.050000000000000000e+03 9.999026156963797263e-01 3.188585576426070423e-07 3.006852695806449986e-14 2.539516759461519393e-16 8.077201731865203450e-19
6.055000000000000000e+03 9.999638579652644355e-01 3.194695872153487287e-07 3.739277519048326195e-14 1.944550841526800948e-16 2.275101631919970780e-18
6.060000000000000000e+03 9.999977169563253332e-01 3.250639946596311525e-07 2.845426934969702340e-13 1.530531741298010790e-15 1.673582752437959838e-18
6.065000000000000000e+03 9.999406883524006862e-01 3.319452770933380258e-07 9.043308410082057827e-13 6.581109854659141475e-16 8.612511256458392971e-19
6.070000000000000000e+03 9.998999226219741354e-01 3.362680746454041998e-07 7.059404124846936799e-13 3.505226134330443750e-17 4.913268712781036935e-20
6.075000000000000000e+03 9.999503785889627405e-01 3.330304127033526251e-07 1.195042459703456974e-12 1.946246473783786977e-15 5.378214460925306038e-18
6.080000000000000000e+03 9.999982200706780677e-01 3.311283997648101789e-07 8.144766135371787099e-13 2.982126272352101680e-15 8.044410955344220954e-19
6.085000000000000000e+03 9.999541032364052118e-01 3.307999061672901724e-07 2.106616331592779190e-13 1.406339386586060862e-16 1.871942982933587341e-18
6.090000000000000000e+03 9.999002678224687690e-01 3.331891473528546133e-07 3.955533320026911988e-14 2.864684927184171686e-16 6.022644137060913692e-19
6.095000000000000000e+03 9.999392256023094117e-01 3.326648027782532013e-07 2.857257747958169684e-14 1.928417388097404623e-16 1.974314045312194725e-18
6.100000000000000000e+03 9.999975574447652615e-01 3.366821670949220529e-07 1.170939725585522957e-13 7.585372200986427208e-16 1.268643845836643653e-18
6.105000000000000000e+03 9.999650115459008948e-01 3.427168851099848102e-07 6.614019835340259320e-13 1.422741536379166941e-15 1.833630553524590816e-18
6.110000000000000000e+03 9.999033630119875671e-01 3.490139223209044268e-07 7.126000927031615015e-13 3.155959602771011520e-17 1.919776081912456441e-19
6.115000000000000000e+03 9.999269491553356426e-01 3.472628206748198329e-07 1.041147690609321576e-12 3.994283830978126577e-16 8.892223862825345222e-19
6.120000000000000000e+03 9.999912846995041571e-01 3.444712673862586214e-07 1.057117505353482848e-12 4.330328056777400507e-15 6.068440220499460223e-18
6.125000000000000000e+03 9.999767844326176158e-01 3.431798799468974611e-07 4.695127397074812605e-13 1.943742776843276155e-16 2.752026341804874185e-18
6.130000000000000000e+03 9.999099191891490657e-01 3.454202293581887025e-07 5.908456101192671072e-14 4.049912982627296046e-16 5.354392167207228492e-19
6.135000000000000000e+03 9.999170697883746906e-01 3.454015187861636344e-07 3.650744079349829096e-14 2.822058897458864601e-16 1.392819538540519370e-18
6.140000000000000000e+03 9.999856035023984013e-01 3.471165373675325046e-07 6.057992897177294048e-14 2.836416559369579615e-16 2.354996144760534221e-18
6.145000000000000000e+03 9.999857082712245715e-01 3.523849310429558761e-07 3.731038850640326314e-13 1.568439426422798607e-15 1.983943859742597177e-18
6.150000000000000000e+03 9.999177350096047912e-01 3.589971705532252524e-07 7.450094989848855954e-13 2.633329264979120598e-16 5.515300168807475586e-19
6.155000000000000000e+03 9.999087294835357076e-01 3.600866117243075400e-07 7.614461506738060099e-13 4.404869774193572109e-18 3.907500808737895858e-20
6.160000000000000000e+03 9.999743473504160152e-01 3.563543102751321323e-07 1.207938476583045906e-12 3.296431078157708053e-15 8.981595634713947726e-18
6.165000000000000000e+03 9.999926476379412676e-01 3.545933834932399284e-07 7.414565688518817433e-13 1.985283976746601016e-15 7.334611064128232354e-19
6.170000000000000000e+03 9.999290725389552437e-01 3.555615384431626181e-07 1.673485731462242035e-13 3.338577282177734251e-16 1.071870778207920387e-18
6.175000000000000000e+03 9.999028770999860427e-01 3.570083075466584328e-07 6.899041616194452841e-14 3.493847433323784205e-16 8.073752552889570180e-19
6.180000000000000000e+03 9.999647183463097333e-01 3.566101270623084309e-07 4.556265684268535044e-14 1.951535202159181896e-16 3.048290515706904525e-18
6.185000000000000000e+03 9.999976969088828493e-01 3.609003082576341381e-07 1.796028375702231702e-13 1.032980157083135177e-15 1.102314018064355443e-18
6.190000000000000000e+03 9.999397513219210332e-01 3.666532348829894391e-07 6.301629152690053545e-13 8.976326286992901217e-16 9.460734096446424331e-19
6.195000000000000000e+03 9.999000139525013875e-01 3.706616605118641258e-07 5.738662265823861106e-13 6.097278565833315643e-17 2.310282894971860809e-19
6.200000000000000000e+03 9.999514433569847149e-01 3.669423241453264902e-07 1.163830514012951501e-12 1.199167943129260632e-15 4.224231076895823453e-18
6.205000000000000000e+03 9.999979927197156782e-01 3.646382464896194590e-07 9.736587112257662096e-13 4.262787254657316942e-15 3.091161869232575228e-18
6.210000000000000000e+03 9.999529376781544077e-01 3.640942769354520958e-07 4.019494980691676229e-13 5.355239992543486753e-18 2.890639125010907135e-18
6.215000000000000000e+03 9.999001011146481099e-01 3.665917625882047602e-07 9.709332617430574661e-14 3.562305386313172316e-16 8.634653732420013459e-19
6.220000000000000000e+03 9.999400438289671733e-01 3.654235996142427020e-07 5.408776394952656987e-14 2.756259313785736749e-16 2.905457409014347443e-18
6.225000000000000000e+03 9.999979374322000014e-01 3.680196781793757760e-07 9.683656085070290005e-14 4.528760122055346945e-16 1.421194077380272764e-18
6.230000000000000000e+03 9.999642258373269144e-01 3.726699949803198211e-07 4.047949863314230929e-13 1.347802768206473086e-15 1.445248735143223979e-18
6.235000000000000000e+03 9.999029424060184024e-01 3.782930881576535966e-07 5.383251732285748769e-13 1.121631938926390670e-16 3.601060790746213185e-19
6.240000000000000000e+03 9.999279472523638912e-01 3.762335378148703061e-07 9.002914124615822481e-13 8.712614994756343029e-17 3.193213411603349768e-19
6.245000000000000000e+03 9.999916634396686099e-01 3.729545839279435092e-07 1.141678389018191985e-12 4.446776980532801192e-15 8.866500730117510250e-18
6.250000000000000000e+03 9.999756892141001829e-01 3.714306859613843883e-07 6.807208399560900094e-13 9.220023790880002335e-16 1.746294284214119864e-18
6.255000000000000000e+03 9.999093028096931457e-01 3.736372944985365740e-07 1.584787088835444618e-13 4.002652513038353303e-16 1.003931788113134409e-18
6.260000000000000000e+03 9.999176942933634127e-01 3.733813719965175560e-07 1.044350877386732736e-13 4.153128316083211541e-16 1.970898696852245909e-18
6.265000000000000000e+03 9.999862712650622321e-01 3.737111055489292976e-07 7.456928764422660322e-14 2.241224989444437854e-16 2.832160661186274229e-18
6.270000000000000000e+03 9.999852510178799392e-01 3.774451987412449175e-07 2.142839071020660363e-13 1.155232915257570882e-15 1.151684611954872217e-18
6.275000000000000000e+03 9.999169636641251913e-01 3.829277871355572680e-07 5.028471369459672964e-13 4.477196220655632306e-16 8.025576470992560489e-19
6.280000000000000000e+03 9.999093719976426264e-01 3.837437742969189284e-07 5.770811835241126434e-13 5.176346794676053308e-17 1.409972845682376057e-19
6.285000000000000000e+03 9.999752281523437425e-01 3.795373160582985519e-07 1.180518080091100580e-12 2.427649749041546188e-15 7.771749023195887137e-18
6.290000000000000000e+03 9.999919044722592743e-01 3.775263660121296369e-07 9.097514229056750695e-13 3.420920044903092355e-15 1.014654307202335780e-18
6.295000000000000000e+03 9.999280791616280695e-01 3.783199349613932355e-07 3.386815186820589015e-13 1.279333091742856193e-16 2.521288722922502273e-18
6.300000000000000000e+03 9.999031728032428123e-01 3.797627198706878481e-07 1.628567537373108746e-13 4.018576574200673513e-16 1.194093890764951251e-18
6.305000000000000000e+03 9.999655322606458840e-01 3.782531800872157898e-07 8.232171256234921895e-14 2.578310547090109039e-16 3.705359271908274912e-18
6.310000000000000000e+03 9.999976363367690801e-01 3.809086584079270869e-07 1.207774770499722910e-13 6.439108667050757979e-16 7.977862651267709670e-19
6.315000000000000000e+03 9.999388717323622888e-01 3.851680106501290031e-07 3.679271870187200971e-13 9.613112520439066635e-16 1.237067403433992983e-18
6.320000000000000000e+03 9.999001429883461745e-01 3.886714946004606690e-07 3.899137702448583021e-13 1.394335692258967622e-16 2.140871912422357892e-19
6.325000000000000000e+03 9.999525664412587389e-01 3.846069147749619610e-07 1.010944690235203166e-12 4.984394929809355219e-16 2.223779769554878393e-18
6.330000000000000000e+03 9.999978154560524857e-01 3.819920514310684307e-07 1.063399034134147099e-12 4.953198309746507842e-15 6.431899288273285117e-18
6.335000000000000000e+03 9.999517551016300354e-01 3.812380247226586758e-07 6.141730247453833936e-13 2.215073388401950625e-16 3.296438558648174577e-18
6.340000000000000000e+03 9.998999637472592017e-01 3.837242653076475121e-07 2.024915975430014484e-13 3.636792315449866128e-16 1.192921562734981165e-18
6.345000000000000000e+03 9.999408540613993202e-01 3.818864309708685890e-07 1.393592534375061969e-13 4.319872208256919849e-16 3.345738423697173875e-18
6.350000000000000000e+03 9.999982488416389037e-01 3.828264231018709474e-07 9.758236685873505114e-14 3.044385498735002744e-16 1.704752204827738187e-18
6.355000000000000000e+03 9.999634708272070460e-01 3.857814525900011473e-07 2.091273054453064656e-13 1.087996933698738525e-15 1.138061444552046700e-18
6.360000000000000000e+03 9.999025725344381499e-01 3.904560063960923338e-07 3.341691451391309309e-13 2.163908088770490111e-16 2.905313881646217765e-19
6.365000000000000000e+03 9.999289852575896642e-01 3.881695723376169536e-07 6.735755610523214495e-13 8.480573548283230874e-18 4.355882720093341483e-20
6.370000000000000000e+03 9.999921126351020151e-01 3.845349577316247593e-07 1.126404492269458882e-12 3.755296346095155055e-15 9.318337867212751620e-18
6.375000000000000000e+03 9.999745966234259154e-01 3.828360164677191059e-07 8.627379374616613481e-13 2.133216547698118286e-15 8.080226382128982211e-19
6.380000000000000000e+03 9.999086965124193149e-01 3.849021562545199519e-07 3.025481759588302793e-13 2.831601716314909337e-16 1.436159867513693306e-18
6.385000000000000000e+03 9.999183454844380314e-01 3.843779014194295537e-07 2.345759530909195252e-13 5.074795470407362224e-16 1.714060474875308661e-18
6.390000000000000000e+03 9.999868722819751365e-01 3.832115045133366990e-07 1.109034145579339323e-13 2.524161509720628759e-16 3.100452993641202954e-18
6.395000000000000000e+03 9.999847807157721258e-01 3.851594846672385808e-07 1.169346271985285662e-13 7.703653586193508095e-16 5.460704674217052300e-19
6.400000000000000000e+03 9.999162520806854637e-01 3.892315467705217268e-07 2.714588742973354579e-13 5.545941870457034262e-16 9.028414409203267964e-19
6.405000000000000000e+03 9.999100450707011367e-01 3.897464924547924632e-07 3.590346756113217214e-13 1.930206183447200631e-16 1.186968442113566310e-19
6.410000000000000000e+03 9.999761767605025442e-01 3.852371820139852772e-07 1.040434753254130303e-12 1.345801000815830595e-15 4.590290679811458061e-18
6.415000000000000000e+03 9.999911969255012023e-01 3.830652588142049203e-07 1.012109068469299696e-12 4.589802819083242693e-15 3.014214697525285582e-18
6.420000000000000000e+03 9.999270808891362883e-01 3.836385781306340165e-07 5.291986484988500879e-13 3.453174146269841311e-17 3.000453997504297992e-18
6.425000000000000000e+03 9.999035093332965252e-01 3.849944663144294918e-07 2.965015157776276117e-13 3.647088708067643700e-16 9.493647140410983646e-19
6.430000000000000000e+03 9.999663094227591031e-01 3.823692424124424231e-07 1.696515581308047994e-13 4.077986338206914424e-16 3.677301250310725915e-18
6.435000000000000000e+03 9.999975209875119342e-01 3.832085122643569219e-07 9.553936263497094582e-14 4.214055327039859150e-16 7.979310733309392412e-19
6.440000000000000000e+03 9.999380415333530836e-01 3.857470573064999189e-07 1.671601663212023749e-13 8.591930322685567999e-16 1.423638239814758283e-18
6.445000000000000000e+03 9.999003088214329926e-01 3.886094514987114040e-07 2.053625117106265819e-13 2.275017822471103961e-16 1.268955809426558431e-19
6.450000000000000000e+03 9.999537382547117881e-01 3.843714313564159493e-07 7.714309334916711811e-13 7.900645918152715197e-17 5.187801044740628093e-19
6.455000000000000000e+03 9.999977021246981845e-01 3.815665443685464226e-07 1.064654397376206753e-12 4.738233340790156878e-15 8.928523527652244828e-18
6.460000000000000000e+03 9.999505714628811326e-01 3.806279277930036126e-07 7.977485702478584819e-13 9.341497703389307803e-16 2.197960811577203899e-18
6.465000000000000000e+03 9.998998586976223235e-01 3.829869849764661809e-07 3.314667233498911799e-13 3.061468566017997476e-16 8.342052404715099380e-19
6.470000000000000000e+03 9.999416692185197908e-01 3.805123913204507240e-07 2.891868180684292609e-13 5.855493419174965674e-16 2.365480888928511157e-18
6.475000000000000000e+03 9.999984859894283096e-01 3.797119291714094646e-07 1.188048494898631471e-13 2.824721495473466232e-16 2.231154690256133431e-18
6.480000000000000000e+03 9.999627314617103302e-01 3.808158051870922875e-07 8.995361314125784874e-14 7.781603299556192247e-16 9.107733128650910562e-19
6.485000000000000000e+03 9.999022533019799042e-01 3.843581280158668536e-07 1.538366277372696660e-13 2.966239154276529955e-16 1.867066726045026166e-19
6.490000000000000000e+03 9.999300526139849321e-01 3.819542602789285818e-07 4.201379889483505551e-13 1.552544363914057808e-16 6.247728861755541980e-20
6.495000000000000000e+03 9.999926344449170390e-01 3.781284951792534055e-07 1.012404386353535866e-12 2.509240134560162813e-15 7.481918049525615839e-18
6.500000000000000000e+03 9.999735263395718166e-01 3.763294451600240922e-07 9.766860673235196665e-13 3.454741523093306160e-15 9.685422232725039735e-19
6.505000000000000000e+03 9.999081044290756282e-01 3.781636869085537143e-07 4.536219717832712207e-13 1.533146880953764630e-16 1.258515584245300887e-18
6.510000000000000000e+03 9.999190334698226934e-01 3.773649916590254994e-07 4.048208640365417351e-13 4.654056940928588579e-16 7.127139034828285454e-19
6.515000000000000000e+03 9.999874113831556111e-01 3.747273393682298952e-07 1.853141514841300072e-13 3.742614771136476030e-16 3.727662629028072230e-18
6.520000000000000000e+03 9.999842804646185135e-01 3.748004892866443881e-07 6.960720864075651479e-14 5.157909850943760309e-16 3.325677410371999735e-19
6.525000000000000000e+03 9.999155957875751621e-01 3.773107407138097717e-07 1.015493153368387571e-13 5.581088088100250460e-16 7.710927247404786783e-19
6.530000000000000000e+03 9.999107420338489982e-01 3.775317235306566882e-07 1.663664074042070255e-13 3.608845845724456445e-16 1.103413038632072560e-19
6.535000000000000000e+03 9.999771844443242630e-01 3.729201991746829304e-07 8.182972168845413807e-13 4.479610500489200200e-16 1.706806808285490090e-18
6.540000000000000000e+03 9.999905416205623343e-01 3.706923136327817523e-07 1.028830602000153733e-12 4.992502432592624622e-15 5.866906000711463285e-18
6.545000000000000000e+03 9.999260873661315330e-01 3.710214605031275107e-07 6.895399622417263709e-13 2.679021451200298539e-16 2.018009243672077214e-18
6.550000000000000000e+03 9.999038914563038727e-01 3.722186405789138499e-07 4.362998704860698411e-13 2.619610501339882506e-16 6.116742798251212191e-19
6.555000000000000000e+03 9.999670619177625230e-01 3.685750557604931702e-07 3.163392418758322997e-13 5.970506446269125646e-16 3.367172204210554264e-18
6.560000000000000000e+03 9.999973391045974269e-01 3.675828697866518244e-07 9.456014931394633956e-14 3.502262724241335743e-16 1.098043660888068953e-18
6.565000000000000000e+03 9.999372490835842786e-01 3.683298456613570621e-07 5.259135486501220017e-14 6.661895641415672461e-16 1.108032854921837833e-18
6.570000000000000000e+03 9.999005087673261682e-01 3.704771610391733062e-07 6.832201881803110931e-14 2.889618473045409047e-16 7.035578361719973005e-20
6.575000000000000000e+03 9.999549446395042951e-01 3.662580777811379773e-07 5.040924699462533519e-13 4.828731567387875292e-17 2.870944932232359244e-20
6.580000000000000000e+03 9.999976597512146848e-01 3.634013260199512563e-07 9.774113164144564758e-13 3.673049842771084582e-15 9.091828608345948865e-18
6.585000000000000000e+03 9.999494021792543208e-01 3.623218537936992824e-07 9.102849882176475268e-13 2.009576825522463748e-15 8.273923314753130052e-19
6.590000000000000000e+03 9.998997878262086969e-01 3.644532650573974899e-07 4.474508148316580549e-13 2.526818863700878533e-16 6.534837688983980518e-19
6.595000000000000000e+03 9.999425021969045035e-01 3.614346268711799773e-07 4.841451529710226726e-13 6.032979453342004658e-16 1.242048097299793555e-18
6.600000000000000000e+03 9.999986471650340603e-01 3.589693680483957317e-07 1.686848155782215805e-13 3.641999264054691954e-16 3.269949688632091798e-18
6.605000000000000000e+03 9.999619910011658952e-01 3.582348919289684622e-07 3.855813045440979791e-14 5.344877880456497019e-16 5.975334198090288809e-19
6.610000000000000000e+03 9.999019818063878962e-01 3.605641733075424603e-07 3.824260988088630103e-14 3.277331254525317169e-16 1.020239825123123778e-19
6.615000000000000000e+03 9.999311364884055919e-01 3.581690449288924977e-07 2.041744292884953758e-13 4.361133842665147465e-16 4.553961521991750796e-19
6.620000000000000000e+03 9.999932236164258414e-01 3.543340462205164348e-07 8.236655698837476920e-13 1.187542878128001951e-15 4.483912644723494666e-18
6.625000000000000000e+03 9.999724949747902381e-01 3.525202123465086958e-07 1.001344922356658189e-12 4.351130838268472411e-15 2.897882977462772049e-18
6.630000000000000000e+03 9.999075305533817737e-01 3.540550714136543589e-07 5.691289418088874223e-13 1.734912013198336065e-16 1.249483177964156354e-18
6.635000000000000000e+03 9.999197664638714844e-01 3.530049904248242862e-07 5.761554327646028696e-13 2.891773807592936843e-16 7.324231282672168193e-19
6.640000000000000000e+03 9.999878969399685902e-01 3.490572426080565552e-07 3.098454732111636133e-13 5.623736068739307450e-16 4.684660017552477619e-18
6.645000000000000000e+03 9.999837344384261417e-01 3.473388170732192043e-07 5.488592445846962744e-14 4.093639242422946564e-16 4.360928174409269326e-19
6.650000000000000000e+03 9.999149868910227612e-01 3.482761515588992912e-07 1.779155097767842098e-14 4.801582489849366972e-16 4.271272547261401773e-19
6.655000000000000000e+03 9.999114550956035297e-01 3.482403951198557480e-07 4.468489853672831327e-14 4.871035274633023117e-16 2.871434352929670759e-19
6.660000000000000000e+03 9.999782364354605768e-01 3.437388025410695340e-07 5.647662747236137301e-13 2.693053095444047125e-17 2.740770622765366866e-19
6.665000000000000000e+03 9.999899494041107895e-01 3.415651312202146700e-07 9.597293167569212403e-13 4.422749885632622617e-15 7.992187396034057298e-18
6.670000000000000000e+03 9.999251080536873948e-01 3.416501078280202966e-07 7.797839825733501521e-13 8.878608301926233097e-16 8.568781123725613862e-19
6.675000000000000000e+03 9.999043217096277303e-01 3.426365479825254731e-07 5.443351535309031508e-13 2.069494316363138323e-16 1.191710255067604309e-18
6.680000000000000000e+03 9.999678032756583734e-01 3.381683635610886079e-07 5.126473449884026934e-13 6.954633170925436381e-16 2.980117664683936054e-18
6.685000000000000000e+03 9.999970823304727974e-01 3.354988399848291443e-07 1.169472730572880144e-13 3.877817006112203765e-16 1.910298169180223278e-18
6.690000000000000000e+03 9.999364801513762613e-01 3.345453702744099034e-07 1.767011259875622571e-14 4.766035787249205739e-16 4.748236877154923589e-19
6.695000000000000000e+03 9.999007386487056559e-01 3.359673675203230101e-07 5.184926760650360808e-15 3.053075610606011235e-16 8.266133671345040001e-20
6.700000000000000000e+03 9.999561679718648177e-01 3.319623618077186583e-07 2.714284874029579624e-13 3.474499418460987655e-16 4.725285711879547286e-19
6.705000000000000000e+03 9.999976879617936687e-01 3.291954688869037221e-07 8.207899482709131754e-13 2.175401656868162553e-15 6.873583283569576243e-18
6.710000000000000000e+03 9.999482609061081106e-01 3.280328862594737137e-07 9.308473349170424010e-13 3.052843623195963720e-15 7.637999148697375390e-19
6.715000000000000000e+03 9.998997516521700435e-01 3.298611660443680736e-07 5.173291827102294577e-13 3.123217268058982986e-16 1.134769939505118466e-18
6.720000000000000000e+03 9.999433647789847113e-01 3.264464261873222566e-07 6.881147723542398018e-13 4.201389768286106856e-16 1.117263659899343052e-18
6.725000000000000000e+03 9.999987348388642561e-01 3.225473991965203005e-07 2.597468408529319530e-13 5.193412675589021165e-16 4.557913167434469154e-18
6.730000000000000000e+03 9.999612323452952145e-01 3.201556165243021265e-07 2.982072149152779053e-14 4.113003819851255030e-16 2.834989046456668721e-19
6.735000000000000000e+03 9.999017526746049045e-01 3.212970917483239968e-07 9.487883065447719684e-16 3.097477842157155320e-16 1.445786656651958391e-19
6.740000000000000000e+03 9.999322228431369863e-01 3.190395561374973835e-07 7.114492439667629273e-14 7.168603939470273838e-16 1.106877231035068541e-18
6.745000000000000000e+03 9.999938678042172846e-01 3.153777771542022870e-07 6.004246121847724114e-13 2.672508038559286932e-16 1.682486073909423220e-18
6.750000000000000000e+03 9.999715148553618427e-01 3.136361272511869597e-07 9.383065688866878660e-13 4.412640074165727368e-15 5.423667101763175996e-18
6.755000000000000000e+03 9.999069783447636084e-01 3.148334970267071081e-07 6.191145206759630891e-13 4.538379569969619071e-16 1.389435294507035987e-18
6.760000000000000000e+03 9.999205500484238396e-01 3.135850240670244925e-07 7.085769163490329800e-13 1.251001821364214962e-16 1.916478481397087015e-18
6.765000000000000000e+03 9.999883402881418748e-01 3.086127054212706459e-07 4.861082165255295968e-13 7.155034642772967745e-16 4.726072057958413072e-18
6.770000000000000000e+03 9.999831291025614854e-01 3.053520586102023951e-07 5.996794621571225977e-14 4.124827592220896627e-16 8.797738955984951918e-19
6.775000000000000000e+03 9.999144148223951811e-01 3.048447003546332907e-07 1.207106116164443652e-14 3.709124163965203670e-16 2.731623699265365593e-19
6.780000000000000000e+03 9.999121760355625943e-01 3.046116352488731304e-07 9.060854612908579521e-15 5.275575622901203836e-16 7.513040683164818052e-19
6.785000000000000000e+03 9.999793130532094176e-01 3.004244803394207512e-07 3.343362114215044607e-13 1.452317876087371235e-16 5.426921407303426563e-20
6.790000000000000000e+03 9.999894245562389594e-01 2.984089130863939833e-07 8.230857165445074088e-13 3.102879961064456613e-15 7.870341389241623361e-18
6.795000000000000000e+03 9.999241514549700449e-01 2.982727840632489270e-07 7.835881414837623454e-13 1.714868735718697277e-15 2.185851148954727949e-19
6.800000000000000000e+03 9.999048001347757841e-01 2.990217398040188096e-07 5.938864237493653795e-13 3.412508537845102167e-16 1.819915864805235817e-18
6.805000000000000000e+03 9.999685473801750435e-01 2.940046550604256997e-07 7.331082586138276311e-13 5.835550000238773141e-16 1.993569574231998565e-18
6.810000000000000000e+03 9.999967464181052090e-01 2.899690768838803414e-07 1.716083924239968074e-13 4.894154332318883915e-16 3.275522337894477942e-18
6.815000000000000000e+03 9.999357191124640387e-01 2.875602472617898903e-07 3.168174229455950632e-14 3.579282629572179110e-16 1.447470527269262793e-19
6.820000000000000000e+03 9.999009932131850409e-01 2.883067908880893436e-07 1.211278004320999766e-14 2.796087433441003490e-16 3.229370072475265562e-19
6.825000000000000000e+03 9.999573886164234704e-01 2.846950223550869546e-07 1.178791373710429317e-13 7.875149216337633302e-16 1.083746683100846953e-18
6.830000000000000000e+03 9.999977789849023857e-01 2.821495118890620818e-07 6.274637837018163429e-13 8.275435589757364757e-16 3.597282220559960534e-18
6.835000000000000000e+03 9.999471585320526268e-01 2.809694445556159225e-07 8.647569397389225463e-13 3.606193814988329232e-15 1.756939865885168544e-18
6.840000000000000000e+03 9.998997492501203732e-01 2.824497725975165341e-07 5.248268332247796972e-13 5.514622993242904153e-16 1.174679853864792019e-18
6.845000000000000000e+03 9.999442666111493239e-01 2.788316067395894832e-07 8.621117865473345849e-13 1.448343969331106998e-16 1.529869179342437107e-18
6.850000000000000000e+03 9.999987555741303158e-01 2.738658993242055163e-07 4.025646852679881529e-13 6.763713105482462444e-16 5.158214577218252017e-18
6.855000000000000000e+03 9.999604393934118374e-01 2.701512508380011426e-07 3.723408391644983508e-14 3.943742697776355992e-16 1.578430541319811079e-19
6.860000000000000000e+03 9.999015586159901714e-01 2.702311254453422459e-07 2.604976863362145444e-14 2.617896627281250859e-16 4.059373609075446248e-19
6.865000000000000000e+03 9.999332976511799975e-01 2.682278347350088610e-07 3.190971684414482068e-14 8.780829845176307028e-16 1.659716170646861720e-18
6.870000000000000000e+03 9.999945485131117584e-01 2.649057577090442079e-07 3.871455990882685494e-13 4.439066493851822945e-18 1.675765652838982330e-19
6.875000000000000000e+03 9.999705931562962169e-01 2.633159252792217040e-07 8.089767030881375193e-13 3.597019230292088730e-15 6.314243350779498171e-18
6.880000000000000000e+03 9.999064503959567141e-01 2.641688254198550034e-07 5.969014559327576999e-13 9.508377331091839291e-16 8.459528840780510175e-19
6.885000000000000000e+03 9.999213866662658434e-01 2.628015013587907052e-07 7.761176675329633649e-13 1.991391369115297328e-16 2.559202546703796682e-18
6.890000000000000000e+03 9.999887548770491907e-01 2.571904876153765915e-07 7.028016959114266388e-13 7.004099673380777024e-16 3.136979962418297549e-18
6.895000000000000000e+03 9.999824543170680036e-01 2.527820319563224585e-07 8.497347648188414877e-14 4.688989782579050898e-16 1.629515004174867106e-18
6.900000000000000000e+03 9.999138673049016157e-01 2.510854734475334542e-07 5.119670816554216275e-14 2.805850568224712239e-16 4.408258498844778794e-19
6.905000000000000000e+03 9.999128969324323490e-01 2.507270237294239278e-07 4.081027095728211566e-14 4.788135293905478961e-16 1.162506927809225845e-18
6.910000000000000000e+03 9.999803913112678133e-01 2.470325495203157076e-07 1.677753127203019545e-13 6.277511181038588141e-16 5.688040927116313880e-19
6.915000000000000000e+03 9.999889645032012941e-01 2.452623658791711938e-07 6.492078433301781567e-13 1.582604801136552772e-15 5.359709570160050976e-18
6.920000000000000000e+03 9.999232244617815013e-01 2.449478573974911628e-07 7.113065780655796837e-13 2.401515172868513319e-15 1.315760270225018846e-19
6.925000000000000000e+03 9.999053242365946170e-01 2.454594110774973834e-07 5.789266740206273808e-13 7.247903773662035903e-16 1.290208429520155314e-18
6.930000000000000000e+03 9.999693073298269175e-01 2.402284166108189096e-07 9.449658135545843641e-13 2.846335348728385871e-16 9.705479521355059897e-19
6.935000000000000000e+03 9.999963316740257957e-01 2.352679082747888402e-07 2.738400465544163179e-13 6.045916056436483126e-16 4.526837042072593007e-18
6.940000000000000000e+03 9.999349502463776851e-01 2.317817746188853157e-07 5.747311512613696024e-14 3.232653001426659712e-16 1.744561687172595248e-19
6.945000000000000000e+03 9.999012666552239414e-01 2.319548078006906393e-07 6.058181439226886712e-14 2.317710128230681549e-16 5.429025316377861704e-19
6.950000000000000000e+03 9.999585865826533526e-01 2.288814911331787563e-07 5.563405614401064825e-14 1.145760061930294607e-15 1.521463023123953777e-18
6.955000000000000000e+03 9.999979182607648953e-01 2.266666736529279945e-07 4.341947363053264261e-13 9.116729181983348255e-17 9.932079690273537009e-19
6.960000000000000000e+03 9.999461024400144726e-01 2.255358809824110768e-07 7.380990249679587650e-13 3.409697337202242730e-15 2.803248591876174504e-18
6.965000000000000000e+03 9.998997782745189244e-01 2.266558568338852971e-07 4.753787078440701389e-13 9.235893340427001408e-16 4.134956912656749488e-19
6.970000000000000000e+03 9.999452143982341390e-01 2.230559864741792988e-07 9.775446827213975666e-13 4.410263767744503850e-17 2.199009495444174961e-18
6.975000000000000000e+03 9.999987196162875014e-01 2.174939981161715957e-07 5.995928617024643100e-13 7.282860576774573837e-16 4.346731381075673459e-18
6.980000000000000000e+03 9.999595983231174268e-01 2.129154859872309391e-07 4.829020020758106414e-14 4.268871687357437921e-16 2.571886274462690624e-19
6.985000000000000000e+03 9.999013911443364044e-01 2.121481537039802798e-07 7.928290513598033876e-14 2.095241758252094595e-16 4.960497638064589413e-19
6.990000000000000000e+03 9.999343480738603906e-01 2.104896384124193209e-07 6.213673988039207101e-14 8.677590208922140123e-16 1.677172200827625517e-18
6.995000000000000000e+03 9.999952425921878607e-01 2.076431488309845939e-07 2.193508721482284422e-13 3.367210213151274593e-16 2.506703642614200976e-19
7.000000000000000000e+03 9.999697314739831588e-01 2.062697814444976449e-07 6.455185332688647641e-13 2.265279960240144256e-15 4.984953575803653925e-18
7.005000000000000000e+03 9.999059482208360050e-01 2.068007611085185326e-07 5.186717890464751155e-13 1.466728919034511431e-15 1.009485408371965202e-19
7.010000000000000000e+03 9.999222754008059155e-01 2.054132445492058922e-07 7.743243750047612136e-13 6.602976515473615420e-16 2.094161427036898554e-18
7.015000000000000000e+03 9.999891552170383502e-01 1.996157095797012316e-07 9.375239966509903749e-13 4.673064564212157925e-16 1.283597961196485262e-18
7.020000000000000000e+03 9.999817042171188497e-01 1.945637341617232948e-07 1.448253689062571664e-13 5.301616382736102729e-16 2.527978425098273011e-18
7.025000000000000000e+03 9.999133314369141878e-01 1.920381753440757301e-07 9.551490776764930160e-14 2.343127701188330694e-16 4.413490469316066666e-19
7.030000000000000000e+03 9.999136108692930902e-01 1.916286989557074775e-07 9.979023697260510581e-14 3.771630579466438157e-16 9.543928200315384108e-19
7.035000000000000000e+03 9.999814468444448989e-01 1.885624286534672928e-07 8.025338075425061996e-14 1.171662742653766040e-15 1.564253231566529040e-18
7.040000000000000000e+03 9.999885600807699726e-01 1.871005137503994674e-07 4.711239376995737482e-13 4.521459435065918416e-16 2.198165836527388739e-18
7.045000000000000000e+03 9.999223319046174341e-01 1.866651198211586243e-07 5.920770723085210610e-13 2.628209336105178238e-15 9.355144305744176763e-19
7.050000000000000000e+03 9.999058891544135852e-01 1.869638151363368314e-07 5.137662869182579899e-13 1.260832100249608247e-15 3.129430028702903250e-19
7.055000000000000000e+03 9.999700943525080543e-01 1.818841178937079999e-07 1.117805662346547273e-12 2.226603227114917911e-17 1.731986184611049436e-18
7.060000000000000000e+03 9.999958430578290702e-01 1.765291563311102501e-07 4.379108481339189941e-13 6.696097583724335125e-16 4.711960215373008146e-18
7.065000000000000000e+03 9.999341590223623788e-01 1.724437325958372397e-07 7.165645215165485096e-14 3.356877731523428502e-16 1.813947379796807416e-19
7.070000000000000000e+03 9.999015532040479437e-01 1.721859638780962417e-07 1.141327336730538230e-13 1.858782919859231488e-16 3.393261740399939951e-19
7.075000000000000000e+03 9.999597432126594576e-01 1.697472889566669664e-07 6.419833549177365144e-14 1.274279394384109057e-15 1.937523111618332110e-18
7.080000000000000000e+03 9.999980856402891360e-01 1.679411123901491632e-07 2.716604336129579664e-13 9.378555904306599487e-17 8.042223688399893935e-20
7.085000000000000000e+03 9.999450960867122262e-01 1.669215157520809294e-07 5.855877650541450640e-13 2.558315350503002340e-15 3.505963657422724687e-18
7.090000000000000000e+03 9.998998351126766604e-01 1.676992081040668767e-07 3.909999754481907661e-13 1.275982495607513836e-15 1.656750799148284866e-20
7.095000000000000000e+03 9.999462113300646715e-01 1.643486591149422041e-07 1.023284043156478695e-12 3.879577897256185485e-16 3.464463027053497767e-18
7.100000000000000000e+03 9.999986401427196636e-01 1.587208400809430351e-07 8.409386444283055445e-13 5.995278644527097919e-16 2.497262620275338455e-18
7.105000000000000000e+03 9.999586987648070302e-01 1.538208858732080565e-07 7.278506326762142547e-14 4.507014405444674029e-16 8.373430967727934321e-19
7.110000000000000000e+03 9.999012414024162076e-01 1.524892618390158370e-07 1.268602301505139520e-13 1.706900634873731987e-16 2.028892501934605245e-19
7.115000000000000000e+03 9.999353635629358861e-01 1.512288600579889398e-07 1.173116936640226182e-13 7.208884255297336593e-16 1.290425049794302233e-18
7.120000000000000000e+03 9.999959241818423550e-01 1.489515072287020797e-07 1.141429871833831549e-13 9.518465113057869735e-16 1.331315501956522319e-18
7.125000000000000000e+03 9.999689258085424637e-01 1.478391284831528000e-07 4.798803384269132942e-13 9.857063387065308708e-16 2.870383787145178564e-18
7.130000000000000000e+03 9.999054721576358107e-01 1.480964059021449787e-07 4.135228597371145434e-13 1.761767155220977639e-15 2.349404488367119296e-19
7.135000000000000000e+03 9.999232120579722993e-01 1.467958019178254786e-07 7.178259403403893464e-13 1.443368578794951940e-15 1.393489880891223518e-18
7.140000000000000000e+03 9.999895557130926704e-01 1.412894231244254487e-07 1.161399266994298508e-12 1.472806923867294817e-16 1.170856730987999391e-18
7.145000000000000000e+03 9.999808777901464385e-01 1.361613775815330526e-07 2.629900072431779767e-13 5.622589126611336041e-16 3.452133572096401039e-18
7.150000000000000000e+03 9.999127948139745481e-01 1.332398547079238731e-07 1.196548277562215474e-13 2.227578148150781787e-16 1.447202726844051045e-19
7.155000000000000000e+03 9.999143125740231897e-01 1.328470863354508743e-07 1.462638873406866975e-13 2.764920284034840829e-16 3.949899111214317308e-19
7.160000000000000000e+03 9.999824559706851357e-01 1.304889241314090226e-07 5.990981392278134923e-14 1.508040953134025824e-15 2.708382401583778295e-18
7.165000000000000000e+03 9.999881963347372338e-01 1.293691999571690208e-07 3.157008653739049959e-13 4.280592747254240126e-17 3.812331784041407968e-19
7.170000000000000000e+03 9.999214762987569394e-01 1.288800407017402603e-07 4.598786297185352490e-13 2.296532784878634300e-15 2.224788918367903035e-18
7.175000000000000000e+03 9.999064880267398703e-01 1.290092958571030295e-07 4.240578840981790936e-13 1.724407593530186265e-15 1.100685272006812803e-21
7.180000000000000000e+03 9.999709168915741353e-01 1.244437245451587731e-07 1.230432916001946776e-12 1.254120849933590188e-16 4.453503112131324810e-18
7.185000000000000000e+03 9.999952898941711910e-01 1.192642614583541138e-07 6.680076008398106932e-13 6.255579466456889100e-16 3.566262462101151364e-18
7.190000000000000000e+03 9.999333333152317094e-01 1.151145633596548466e-07 7.760122645732145950e-14 3.413072085408204438e-16 2.943376814046286904e-19
7.195000000000000000e+03 9.999018477296947038e-01 1.145955823666856930e-07 1.479869717660723215e-13 1.553554348428497940e-16 5.692782935169735658e-20
7.200000000000000000e+03 9.999608427403516853e-01 1.128280551542610023e-07 1.037358877904898435e-13 1.161353835478179010e-15 2.470475688060187823e-18
7.205000000000000000e+03 9.999982570872520959e-01 1.114711314113131027e-07 1.570081668672493383e-13 6.061579875165437348e-16 6.668569230016717186e-19
7.210000000000000000e+03 9.999441388870883296e-01 1.106155833595937546e-07 4.377345772773645004e-13 1.451583576615253406e-15 3.415304962799839698e-18
7.215000000000000000e+03 9.998999151550811426e-01 1.110950512333248235e-07 2.987296342509111157e-13 1.438984914786694641e-15 3.234681021009981364e-19
7.220000000000000000e+03 9.999472568594588440e-01 1.082124911018127225e-07 1.004752460300302733e-12 1.247337395449430176e-15 4.510426461120261185e-18
7.225000000000000000e+03 9.999985322407858312e-01 1.030600761136608188e-07 1.103299070748218370e-12 3.314606144612553864e-16 1.011817780949096092e-18
7.230000000000000000e+03 9.999577346938773870e-01 9.841433442473040842e-08 1.393769761192145755e-13 4.383841443964652792e-16 2.118100230645592544e-18
7.235000000000000000e+03 9.999011010089506879e-01 9.684436214129534578e-08 1.528730623770332302e-13 1.461675985325704153e-16 4.116821845299719246e-20
7.240000000000000000e+03 9.999363367330253993e-01 9.599107250908550107e-08 1.562460129447769551e-13 5.306650650414461641e-16 1.148321791903922720e-18
7.245000000000000000e+03 9.999965669048648254e-01 9.432583294093149246e-08 6.786665087051896705e-14 1.476092981105679422e-15 2.482460227669380625e-18
7.250000000000000000e+03 9.999681670202307249e-01 9.349660098611905095e-08 3.351758304402302250e-13 2.290972371600329674e-16 1.243217498343367434e-18
7.255000000000000000e+03 9.999050214237018563e-01 9.354907623772159380e-08 3.098793071306058998e-13 1.702784103620568123e-15 7.916177421827834290e-19
7.260000000000000000e+03 9.999241894995646307e-01 9.243849791416349783e-08 6.305793289100341255e-13 2.259307635096013500e-15 8.143104562526799907e-19
7.265000000000000000e+03 9.999899694917351312e-01 8.768314680859472970e-08 1.344727137000278735e-12 3.110785784681847445e-17 3.187716165239534023e-18
7.270000000000000000e+03 9.999799790725537596e-01 8.305593801162057683e-08 4.588908668482852894e-13 5.435227800048067237e-16 3.914609252189656452e-18
7.275000000000000000e+03 9.999122465954692895e-01 8.020522087759453112e-08 1.254648431737616169e-13 2.142951101115414997e-16 3.880235433150481451e-22
7.280000000000000000e+03 9.999149989400746286e-01 7.988261802181901817e-08 1.616710420584084312e-13 2.148675581775392946e-16 2.721949152024198727e-19
7.285000000000000000e+03 9.999833976670409186e-01 7.824847943212594557e-08 7.714834604230707669e-14 1.525627826939401815e-15 3.435612875461883561e-18
7.290000000000000000e+03 9.999878538288379248e-01 7.747436805037358633e-08 1.980044654208393822e-13 2.939487742188645552e-16 2.886272750306252153e-19
7.295000000000000000e+03 9.999206578158467140e-01 7.700370202360917413e-08 3.405759807302243724e-13 1.587717015757033559e-15 2.520326983854599843e-18
7.300000000000000000e+03 9.999071125066011367e-01 7.701848642115774951e-08 3.344594349766242491e-13 1.888690355265926061e-15 1.282336400623189256e-19
7.305000000000000000e+03 9.999717799516160133e-01 7.329462909615099767e-08 1.273305642672865705e-12 8.151825781955412186e-16 6.757906622839558151e-18
7.310000000000000000e+03 9.999946851904740752e-01 6.884615913547995622e-08 9.509121958067226842e-13 4.637962061181957942e-16 1.789613743300426511e-18
7.315000000000000000e+03 9.999324644228477776e-01 6.517481663739535721e-08 1.045196698853724917e-13 3.087972262087656144e-16 7.611517657355320277e-19
7.320000000000000000e+03 9.999021463135275845e-01 6.457528680953126435e-08 1.618361002979622963e-13 1.356284485703871746e-16 1.389389644399757571e-19
7.325000000000000000e+03 9.999618735749675746e-01 6.345053862259974432e-08 1.359414627745270639e-13 9.130157975234030978e-16 2.757709054895819095e-18
7.330000000000000000e+03 9.999984067377968300e-01 6.254314154016863505e-08 9.149255496149461132e-14 1.215733637019695798e-15 1.795732811245960637e-18
7.335000000000000000e+03 9.999432264299638051e-01 6.189308013182147054e-08 3.126532975102156612e-13 5.654681378435896850e-16 2.129543445746776162e-18
7.340000000000000000e+03 9.999000131662805213e-01 6.213861743508715389e-08 2.189937375635691588e-13 1.335695537885596794e-15 4.646617605172789704e-19
7.345000000000000000e+03 9.999483467879941578e-01 5.990895788656877933e-08 9.371696955051160638e-13 2.386950412780740794e-15 3.937664545692826450e-18
7.350000000000000000e+03 9.999984117007956197e-01 5.573398815334597536e-08 1.352631882753526515e-12 1.124273602002768366e-16 1.411761645332064499e-18
7.355000000000000000e+03 9.999567050063128404e-01 5.189697562980512099e-08 2.809668384179796946e-13 3.977623468915404411e-16 3.249304128087789772e-18
7.360000000000000000e+03 9.999009628496198232e-01 5.042791884366196158e-08 1.668162833841041336e-13 1.229178433749469317e-16 1.829277670406001613e-19
7.365000000000000000e+03 9.999372640097221598e-01 4.994404332740338460e-08 1.619037262889325319e-13 3.871316843627930026e-16 1.283485579812519158e-18
7.370000000000000000e+03 9.999971460985053184e-01 4.887886577239390324e-08 6.146290279107383571e-14 1.672932790000126849e-15 3.142695829838459410e-18
7.375000000000000000e+03 9.999674416848076675e-01 4.833259257835118046e-08 2.221024051321246320e-13 1.405266521786450354e-16 3.429265530800454870e-19
7.380000000000000000e+03 9.999045942835876888e-01 4.826457327222153501e-08 2.250927373823059598e-13 1.342257508864524556e-15 7.977774965774663058e-19
7.385000000000000000e+03 9.999251982130997751e-01 4.743059551469168533e-08 5.344564635067917999e-13 2.738194267526499069e-15 3.843227156263888049e-19
7.390000000000000000e+03 9.999904073770498059e-01 4.382689817237187301e-08 1.462247042223304959e-12 4.112863409309999258e-16 6.123631919223993734e-18
7.395000000000000000e+03 9.999790169028652809e-01 4.023191262312532408e-08 7.339138435219429603e-13 4.679217873810117634e-16 3.041594221532896295e-18
7.400000000000000000e+03 9.999116784295331017e-01 3.790940988349854962e-08 1.406571232341936153e-13 1.818550637081347200e-16 4.122316246535582592e-20
7.405000000000000000e+03 9.999156694214820229e-01 3.769058808331178917e-08 1.581332196320046470e-13 1.931205000834785469e-16 4.436345095098951115e-19
7.410000000000000000e+03 9.999842552978157606e-01 3.672947856553837974e-08 1.003159090224756760e-13 1.296025188105132398e-15 3.345998155656014254e-18
7.415000000000000000e+03 9.999875103348925265e-01 3.627447751261768347e-08 1.202803667198578314e-13 8.520054848266189620e-16 9.766727897988706269e-19
7.420000000000000000e+03 9.999198744393155147e-01 3.589586670563663516e-08 2.454620672157157022e-13 8.473137893345690689e-16 1.481600489424473912e-18
7.425000000000000000e+03 9.999077533817520846e-01 3.585493741722560845e-08 2.592615935896540968e-13 1.666926007984855192e-15 3.479310880770925369e-19
7.430000000000000000e+03 9.999726847652096184e-01 3.323514896155113370e-08 1.247157521909870017e-12 2.013486279244028861e-15 6.715565104347028504e-18
7.435000000000000000e+03 9.999940446194486299e-01 3.000670810521782210e-08 1.253667846725109580e-12 2.673071046435071774e-16 6.847374186262438291e-19
7.440000000000000000e+03 9.999315478243910871e-01 2.731302017883766692e-08 1.922892355336597063e-13 2.482932488936539319e-16 1.209134601899504955e-18
7.445000000000000000e+03 9.999024467173529551e-01 2.680787665463812953e-08 1.794699838233716396e-13 1.115968204281472154e-16 1.873718537356472167e-19
7.450000000000000000e+03 9.999628292276445674e-01 2.623369537348418353e-08 1.427974751277399953e-13 6.730729308433996661e-16 2.333460400861592053e-18
7.455000000000000000e+03 9.999985091157113093e-01 2.573533918859423228e-08 6.360356060591649263e-14 1.578044875088071991e-15 2.635447214648848572e-18
7.460000000000000000e+03 9.999423510005882587e-01 2.531967410843124825e-08 2.149494498259344394e-13 1.919190308744802171e-16 5.557534556478393665e-19
7.465000000000000000e+03 9.999001237315263690e-01 2.540968681722587080e-08 1.594865237998039193e-13 1.031510947276765478e-15 3.495046050125307148e-19
7.470000000000000000e+03 9.999494736340575063e-01 2.396519911337910258e-08 8.374111964565063337e-13 3.348940198802844714e-15 2.172679853086854609e-18
7.475000000000000000e+03 9.999982937612766909e-01 2.118504846123290477e-08 1.550345158262066336e-12 2.058060964563666520e-16 4.176096887688360288e-18
7.480000000000000000e+03 9.999556136677855145e-01 1.863748413018382438e-08 5.148702329962711073e-13 3.517840025003944187e-16 2.954243491661387008e-18
7.485000000000000000e+03 9.999008217324106829e-01 1.759042323806610725e-08 1.974772171633827089e-13 8.861896740310586607e-17 1.294422321452573991e-19
7.490000000000000000e+03 9.999381459966014685e-01 1.739410223487104571e-08 1.496657642751441448e-13 3.255716014815387523e-16 1.073062558711616426e-18
7.495000000000000000e+03 9.999976408551752849e-01 1.686160813323349471e-08 7.096044792090107120e-14 1.538875553222629606e-15 3.299122603333984507e-18
7.500000000000000000e+03 9.999667333242542311e-01 1.657698126485470296e-08 1.405826497663322890e-13 5.157932187679011846e-16 2.580175237630593404e-19
7.505000000000000000e+03 9.999041883297061784e-01 1.648281919056631087e-08 1.624912391831950931e-13 8.760808087099300875e-16 5.725408256067319693e-19
7.510000000000000000e+03 9.999262270165713007e-01 1.598452900740628001e-08 4.418378846725912046e-13 2.643178949336822268e-15 6.736953394344624968e-19
7.515000000000000000e+03 9.999908770846830386e-01 1.383821148055839768e-08 1.497394719784472197e-12 1.378148385864723307e-15 8.424375194254781839e-18
7.520000000000000000e+03 9.999780042455220785e-01 1.171129907412400621e-08 1.062295149882307562e-12 3.581647289954056767e-16 1.122412510345979486e-18
7.525000000000000000e+03 9.999110851502309716e-01 1.032223586634702744e-08 2.034052207017865051e-13 1.262597528063229723e-16 9.708359913002938976e-20
7.530000000000000000e+03 9.999163262294554766e-01 1.021743659461076609e-08 1.719948115001530920e-13 1.833419327071707834e-16 2.675971059577305036e-19
7.535000000000000000e+03 9.999850179193235933e-01 9.814546695402009000e-09 1.107575007412845731e-13 9.970857846800188539e-16 2.763738002330219340e-18
7.540000000000000000e+03 9.999871427745369301e-01 9.624191259750596218e-09 7.506518246450656856e-14 1.315722096796668209e-15 1.666946581974244646e-18
7.545000000000000000e+03 9.999191223120224015e-01 9.408815292219984940e-09 1.728957258190205913e-13 3.787951661943485697e-16 4.856318881399127910e-19
7.550000000000000000e+03 9.999084012632326601e-01 9.367653289694059375e-09 2.001024636932839494e-13 1.171571790717433196e-15 8.992251297831098617e-19
7.555000000000000000e+03 9.999736287737831519e-01 8.024620719222387615e-09 1.160027009290973360e-12 3.320668686341365099e-15 4.850594912909166301e-18
7.560000000000000000e+03 9.999933852603336559e-01 6.394198742405964699e-09 1.528181271497543193e-12 2.037925657582550357e-16 1.664821975265861660e-18
7.565000000000000000e+03 9.999305835585342583e-01 5.087116877692405006e-09 3.685423459647586243e-13 1.972229228943685708e-16 1.386334618787478800e-18
7.570000000000000000e+03 9.999027486914029428e-01 4.829066983191548948e-09 2.352904450775782874e-13 7.562810315487027205e-17 9.443269888058418129e-21
7.575000000000000000e+03 9.999637088464172763e-01 4.656902952982960141e-09 1.346859289871828397e-13 5.364581930135612429e-16 1.559266887532389041e-18
7.580000000000000000e+03 9.999985412722796063e-01 4.488403292870971753e-09 5.602661164724869767e-14 1.585296279952610979e-15 2.966231078041142629e-18
7.585000000000000000e+03 9.999415023577565842e-01 4.322494864437566081e-09 1.405115937634333144e-13 3.095258809920378245e-16 9.787210315053355818e-20
7.590000000000000000e+03 9.999002417486586580e-01 4.343427255117945240e-09 1.166109453738453433e-13 6.885222479188387790e-16 5.215662180606270098e-19
7.595000000000000000e+03 9.999506272258640305e-01 3.749178625003558995e-09 7.185842325705061747e-13 3.695810703416642042e-15 9.607758655326271644e-19
7.600000000000000000e+03 9.999981919339943071e-01 2.659853698627304540e-09 1.661821243221137140e-12 7.977482625138895856e-16 8.055213983608884215e-18
7.605000000000000000e+03 9.999544694268144296e-01 1.763693030896294645e-09 8.268448995840677387e-13 3.153397860239518597e-16 1.505686712464355239e-18
7.610000000000000000e+03 9.999006748396176425e-01 1.411381968657454462e-09 2.759704030482028787e-13 4.677518698529205737e-17 3.040855938230778465e-20
7.615000000000000000e+03 9.999389875347979295e-01 1.383725465300067315e-09 1.591606696953872491e-13 3.202164707396331738e-16 5.115513093841932884e-19
7.620000000000000000e+03 9.999980356879460963e-01 1.265571083342209055e-09 7.860319233586074306e-14 1.249703209290301866e-15 3.249744815925440811e-18
7.625000000000000000e+03 9.999660238860695882e-01 1.201623169849917477e-09 8.458370990386732000e-14 9.778335390964390240e-16 9.706198737004931999e-19
7.630000000000000000e+03 9.999038008301427416e-01 1.179861108721763879e-09 1.158031983945352523e-13 5.172092440287320842e-16 6.337338328405990452e-19
7.635000000000000000e+03 9.999272638715993589e-01 1.040757303741591028e-09 3.550276251748646335e-13 2.017178528803072828e-15 1.621268669125434608e-18
7.640000000000000000e+03 9.999913827109865316e-01 5.356471844044832896e-10 1.445198242864980497e-12 2.707162951918560067e-15 8.814110386307690238e-18
7.645000000000000000e+03 9.999769571509801169e-01 1.774405162802829360e-10 1.391873377946555611e-12 2.778317788483050313e-16 3.297041755638436183e-19
7.650000000000000000e+03 9.999104651846737468e-01 3.706108541450566432e-11 3.399393826539053949e-13 7.660923947182130204e-17 5.591008707626468701e-19
7.655000000000000000e+03 9.999169743099860508e-01 3.188890443177808848e-11 2.443688821722937190e-13 1.606866945306417217e-16 2.554979495676681139e-20
7.660000000000000000e+03 9.999856811052558747e-01 1.804298570653330955e-11 1.107707537889224501e-13 7.895177746437208966e-16 2.476464010940291778e-18
7.665000000000000000e+03 9.999867292035198307e-01 1.285399479097532238e-11 5.051423254658006783e-14 1.463050324874109948e-15 2.211460371782905848e-18
7.670000000000000000e+03 9.999183962158347816e-01 2.504912241567624953e-11 1.154613713811736075e-13 2.850734118184508439e-16 2.952357648595575554e-19
7.675000000000000000e+03 9.999090473013327873e-01 3.014261006326366479e-11 1.506496610495236763e-13 6.469708232894291702e-16 1.386875644849499587e-18
7.680000000000000000e+03 9.999746058910257140e-01 2.990049093234134394e-11 1.024560425940875004e-12 4.200781697847989901e-15 2.726152330095142340e-18
7.685000000000000000e+03 9.999927242516397641e-01 2.315125284566772357e-10 1.722308869901652419e-12 4.511009247339806260e-16 5.152732113702223245e-18
7.690000000000000000e+03 9.999295762265375531e-01 5.920101744809270634e-10 6.287573566056056999e-13 1.848811977855986992e-16 1.520059073280098541e-18
7.695000000000000000e+03 9.999030540649658239e-01 6.969888051778470792e-10 3.541049902152188229e-13 3.961074424387542281e-17 2.551400897018046673e-19
7.700000000000000000e+03 9.999645173211465510e-01 7.353987653840692055e-10 1.443875002587706606e-13 5.087214932687935051e-16 1.223855346933085610e-18
7.705000000000000000e+03 9.999984846591896126e-01 7.838014867387206403e-10 5.351637728399688466e-14 1.362164337578586164e-15 3.026925524032480618e-18
7.710000000000000000e+03 9.999406687306010566e-01 8.678168356185768000e-10 8.342617118603428333e-14 6.559193687519541387e-16 6.323153501890211611e-19
7.715000000000000000e+03 9.999003629273542915e-01 9.079687051992143937e-10 8.226833639849057053e-14 4.607265611870848148e-16 6.704622835776271109e-19
7.720000000000000000e+03 9.999517954364458561e-01 1.153014716646242805e-09 5.891770510438406752e-13 3.264573975036128043e-15 9.092956802949615844e-19
7.725000000000000000e+03 9.999981170206846404e-01 1.904014036321534981e-09 1.665237251374667053e-12 1.850868403991003051e-15 1.066825098303920523e-17
7.730000000000000000e+03 9.999532850845427312e-01 2.870040956209382683e-09 1.167117894031611352e-12 2.911417971068832527e-16 4.478728335812594316e-19
7.735000000000000000e+03 9.999005219284712309e-01 3.411600141761013229e-09 4.160403555424969488e-13 1.696210044304160855e-17 4.804899247348307551e-19
7.740000000000000000e+03 9.999397974749533180e-01 3.407694078257364773e-09 2.335384077762020710e-13 3.223424629341948879e-16 1.467962712514847362e-19
7.745000000000000000e+03 9.999983217022926363e-01 3.544015260350038339e-09 8.014746339742870504e-14 1.010448712962842951e-15 3.266627794916184510e-18
7.750000000000000000e+03 9.999652953480998585e-01 3.641523701428344871e-09 4.707847795186497222e-14 1.225467126735974898e-15 1.794449192722044667e-18
7.755000000000000000e+03 9.999034291169826005e-01 3.787989577865544860e-09 7.711726381900703951e-14 3.758484657164793809e-16 5.548962468233558683e-19
7.760000000000000000e+03 9.999282967275137102e-01 3.991597100498277114e-09 2.713196740569507538e-13 1.161807990405864011e-15 2.037529447064679937e-18
7.765000000000000000e+03 9.999919245060846507e-01 5.173074583715363133e-09 1.313460870619250910e-12 3.925742283990692852e-15 6.898179516260603413e-18
7.770000000000000000e+03 9.999758934532160248e-01 6.723371898470987556e-09 1.656065739129315983e-12 3.234288712039503608e-16 2.311197106032051901e-18
7.775000000000000000e+03 9.999098206198777650e-01 8.028586690300113764e-09 5.459542274864297224e-13 6.420532509229547180e-17 1.371163302967979490e-18
7.780000000000000000e+03 9.999176210692171107e-01 8.085128901027006601e-09 3.978753235495098105e-13 1.293507332597686644e-16 2.455154490283497490e-19
7.785000000000000000e+03 9.999862472755663978e-01 8.252274697220292566e-09 1.213356537931079403e-13 7.276256621040385108e-16 2.660515998946461727e-18
7.790000000000000000e+03 9.999862506336587575e-01 8.332052707574904826e-09 3.562421585523621930e-14 1.328851575656424965e-15 2.586320744119445377e-18
7.795000000000000000e+03 9.999176901661059880e-01 8.623605862277179346e-09 6.770606840739359294e-14 4.529764857015798145e-16 2.987654100414859223e-19
7.800000000000000000e+03 9.999096838836457612e-01 8.708259748987185373e-09 1.044457663749716564e-13 3.213810377975003704e-16 1.050602207492873458e-18
7.805000000000000000e+03 9.999756069611155374e-01 1.000193791423953462e-08 8.564266904996267276e-13 4.268999870797974390e-15 1.373523070119718281e-18
7.810000000000000000e+03 9.999920774844975879e-01 1.210669718793773458e-08 1.794422518705336671e-12 1.085482029740874249e-15 9.411582666518172633e-18
7.815000000000000000e+03 9.999285345565943617e-01 1.426361441475523689e-08 9.293952809624529151e-13 2.053625693081806996e-16 1.329624926142692409e-18
7.820000000000000000e+03 9.999033665932371973e-01 1.480002051101005694e-08 5.339638605098734081e-13 2.689701286120610756e-17 9.060550587964752538e-19
7.825000000000000000e+03 9.999652649898194134e-01 1.483292706992504085e-08 2.099754976088704142e-13 5.307382929272738222e-16 1.198184433013013961e-18
7.830000000000000000e+03 9.999983265537076838e-01 1.495988260126217033e-08 4.880616908775924000e-14 1.125260777586687654e-15 3.126309749300704403e-18
7.835000000000000000e+03 9.999398379085051580e-01 1.527645656730885661e-08 4.080898890460751006e-14 9.328241758040489206e-16 9.704534957994583249e-19
7.840000000000000000e+03 9.999004842517532632e-01 1.541943007153208994e-08 5.120890959173013543e-14 4.065203143781510946e-16 3.418017164189291811e-19
7.845000000000000000e+03 9.999529650220202459e-01 1.641463193515044311e-08 4.556793580090671900e-13 2.263622604199908688e-15 1.354400695062970548e-18
7.850000000000000000e+03 9.999980763739770850e-01 1.899670575130026768e-08 1.557966706108219498e-12 3.065245519033018522e-15 1.027688312222199661e-17
7.855000000000000000e+03 9.999520764340414924e-01 2.186769556596526319e-08 1.461852541744345640e-12 2.877513076323396536e-16 5.565228384785525123e-19
7.860000000000000000e+03 9.999003652604634418e-01 2.341124889011654355e-08 6.014447131588273497e-13 1.688381317579676301e-17 9.840532558837750357e-19
7.865000000000000000e+03 9.999405880996156126e-01 2.327386866745734819e-08 3.958935434507152787e-13 3.075020065864680110e-16 2.159571986534991440e-20
7.870000000000000000e+03 9.999984972141400252e-01 2.347781728555971931e-08 8.572526889679590668e-14 9.228813683378486451e-16 3.397561230434318589e-18
7.875000000000000000e+03 9.999645312544952480e-01 2.366121631235858165e-08 2.282286951472723332e-14 1.190440567232915530e-15 1.959544271092680962e-18
7.880000000000000000e+03 9.999030709614563639e-01 2.406083021386318475e-08 4.326915061575463432e-14 4.212688640112451407e-16 1.644028617554165915e-19
7.885000000000000000e+03 9.999293143833164477e-01 2.455042981531651909e-08 1.896782263123592668e-13 4.596150012363767416e-16 1.425544736486403777e-18
7.890000000000000000e+03 9.999924989142158216e-01 2.732017452988411002e-08 1.121719554628147959e-12 4.537799435481395071e-15 3.845125885019837678e-18
7.895000000000000000e+03 9.999748313611700468e-01 3.074800339832604075e-08 1.793671808046369115e-12 5.850299836758728761e-16 5.900001071689893047e-18
7.900000000000000000e+03 9.999091569448024241e-01 3.356167367498498947e-08 7.813847231829389015e-13 9.107032806004497989e-17 1.452405399068677337e-18
7.905000000000000000e+03 9.999182758140265914e-01 3.362205818078341342e-08 6.206364957155457884e-13 1.179101011684902405e-16 6.157253070632554719e-19
7.910000000000000000e+03 9.999867255056861248e-01 3.374361032021829342e-08 1.710592509245244341e-13 7.579589830784320419e-16 2.626716987663336560e-18
7.915000000000000000e+03 9.999856925424772669e-01 3.379390757120737321e-08 2.372642410483021459e-14 1.111764664518254767e-15 2.679082672387575296e-18
7.920000000000000000e+03 9.999169980410934633e-01 3.439743781601238776e-08 2.995563588279546679e-14 6.689136479005842489e-16 1.815150619584347309e-19
7.925000000000000000e+03 9.999103052808329117e-01 3.457901407181977070e-08 6.079152318449289027e-14 2.788866179379110353e-16 2.822494323854913546e-19
7.930000000000000000e+03 9.999766203963623701e-01 3.700404313264781014e-08 6.734181073448346196e-13 3.503569661903809214e-15 1.199056244555967873e-18
7.935000000000000000e+03 9.999914584390957595e-01 4.091580924629363874e-08 1.726519405248352596e-12 2.000325806807909718e-15 1.146009175642120312e-17
7.940000000000000000e+03 9.999274706389590373e-01 4.483732494097154523e-08 1.198619304329094766e-12 2.244794254825485391e-16 4.950095277015275054e-19
7.945000000000000000e+03 9.999036915592418584e-01 4.582058645700900757e-08 7.406797396983573631e-13 4.880370549721217306e-17 1.036808954197435436e-18
7.950000000000000000e+03 9.999659669344213020e-01 4.562840226597596785e-08 3.545445073090097408e-13 5.419342363367541289e-16 7.968643306669227308e-19
7.955000000000000000e+03 9.999980609650224173e-01 4.568231556465722574e-08 4.480271151112459535e-14 1.022521810733926177e-15 3.398963138343809734e-18
7.960000000000000000e+03 9.999389983399430415e-01 4.619447657903073289e-08 1.322368314169943730e-14 9.911387830272856643e-16 7.914228798062062148e-19
7.965000000000000000e+03 9.999006043574439895e-01 4.651215278176880919e-08 2.447290299568786856e-14 4.738398345565985952e-16 2.848644835376160019e-20
7.970000000000000000e+03 9.999541225052631654e-01 4.809512149775002131e-08 3.258328245869635887e-13 1.148692532997928483e-15 1.753098522336061409e-18
7.975000000000000000e+03 9.999980734258052673e-01 5.234110924790774050e-08 1.358288880480915721e-12 3.993118905637774212e-15 7.218123058265435632e-18
7.980000000000000000e+03 9.999508609534516479e-01 5.699127026281980217e-08 1.636679946164585664e-12 3.394737579116356924e-16 1.794468908312453126e-18
7.985000000000000000e+03 9.999002092763803473e-01 5.954660345812122345e-08 7.872559079710907085e-13 4.205499507923153856e-17 7.547096290741355449e-19
7.990000000000000000e+03 9.999413742352283307e-01 5.912119747590726507e-08 6.337821083146708350e-13 2.923463809669636278e-16 1.425968971669843111e-19
7.995000000000000000e+03 9.999985678074263529e-01 5.919765130811524543e-08 1.144311063439589182e-13 9.546147896914396900e-16 3.489997590288224785e-18
8.000000000000000000e+03 9.999637180688131233e-01 5.937858784215073792e-08 8.484408820419540253e-15 1.013037152800719210e-15 1.555753228605371891e-18
8.005000000000000000e+03 9.999027249009904139e-01 6.009642508453732003e-08 1.715011070018171924e-14 5.342250080620951634e-16 4.222073610766041236e-20
8.010000000000000000e+03 9.999303073117231655e-01 6.077893341766624170e-08 1.145375028858827616e-13 1.560197671807486686e-16 6.415968592596392865e-19
8.015000000000000000e+03 9.999930988289950085e-01 6.490125229018469401e-08 8.977244234966918961e-13 4.283536995138863118e-15 1.587995674358039573e-18
8.020000000000000000e+03 9.999737880629711029e-01 7.001026658803524786e-08 1.769415766215509847e-12 1.086214198257495980e-15 8.622359874002935083e-18
8.025000000000000000e+03 9.999084824823211148e-01 7.425942024578002153e-08 9.821376766548131495e-13 1.235425937512419956e-16 6.069023329195183055e-19
8.030000000000000000e+03 9.999189489440286627e-01 7.425172754488776948e-08 8.654016283755609632e-13 1.474071497722125763e-16 9.320238123599752229e-19
8.035000000000000000e+03 9.999871308696868244e-01 7.410558877968537384e-08 2.814221943770101549e-13 7.919461949220556863e-16 1.903221811084806891e-18
8.040000000000000000e+03 9.999850459352371823e-01 7.400701891668661850e-08 1.387064805428400562e-14 9.976608355061070966e-16 2.601062318637355154e-18
8.045000000000000000e+03 9.999163141906963759e-01 7.492971804651467472e-08 6.525524940154004856e-15 7.688926078285428968e-16 2.961756232710031029e-19
8.050000000000000000e+03 9.999109081783447150e-01 7.520819714308110402e-08 2.521887002460260926e-14 4.330275895610146320e-16 2.082883268033172188e-20
8.055000000000000000e+03 9.999776329209298931e-01 7.849929705075508677e-08 4.941321253822574586e-13 2.253365493662294044e-15 1.847400589884105799e-18
8.060000000000000000e+03 9.999908772433468984e-01 8.396419797132171457e-08 1.530965169810253620e-12 2.916184174698283605e-15 9.904102832473188337e-18
8.065000000000000000e+03 9.999263988621571730e-01 8.946482215846038622e-08 1.361156436067817742e-12 2.181215600705350586e-16 2.024624938923145377e-19
8.070000000000000000e+03 9.999040351771366630e-01 9.085815271923678601e-08 9.175151990590775780e-13 8.754918685092375433e-17 6.653853468028186329e-19
8.075000000000000000e+03 9.999666418981587590e-01 9.023929670095002541e-08 5.719171286930094460e-13 5.288162216618952141e-16 3.118883869513028956e-19
8.080000000000000000e+03 9.999976889782286049e-01 9.007072989162949263e-08 5.286802998850604509e-14 1.058145474199541531e-15 3.789603281095154876e-18
8.085000000000000000e+03 9.999381401128839553e-01 9.072161186783763990e-08 1.411227342683379733e-15 8.773300050712552402e-16 6.883329937017329908e-19
8.090000000000000000e+03 9.999007237722296049e-01 9.126710165159738112e-08 7.309461734047730442e-15 5.570355764127712745e-16 1.541989215179444689e-19
8.095000000000000000e+03 9.999552550900845382e-01 9.321426393589711056e-08 2.096648837224156160e-13 3.619852123153301916e-16 1.805023366674019938e-18
8.100000000000000000e+03 9.999981074683469418e-01 9.881254866527113916e-08 1.101275284811508756e-12 4.257713882283266784e-15 3.525583814909631342e-18
8.105000000000000000e+03 9.999496564188190550e-01 1.049620172211143436e-07 1.643307067242313606e-12 5.001827719906245935e-16 4.288408942265686693e-18
8.110000000000000000e+03 9.999000600593429544e-01 1.084438188785491139e-07 9.155894058123540050e-13 6.455448585938722948e-17 3.828421903894110746e-19
8.115000000000000000e+03 9.999421720613853592e-01 1.075932042835799354e-07 8.991003093235129069e-13 3.082416868544802955e-16 1.055739312698163424e-18
8.120000000000000000e+03 9.999985458763894774e-01 1.073596170273171072e-07 1.851628065922141665e-13 1.006497406257608523e-15 3.277635201003940006e-18
8.125000000000000000e+03 9.999628461802317902e-01 1.074431773036120230e-07 1.570594910111572395e-15 8.833161283367765445e-16 1.357732565437372015e-18
8.130000000000000000e+03 9.999023904667977414e-01 1.085161301909364982e-07 3.856088649467954494e-15 6.000916339141051135e-16 2.712572157839112031e-19
8.135000000000000000e+03 9.999312684119590067e-01 1.092698467383632347e-07 5.443080318309827832e-14 2.444955037701956280e-16 2.938868034307341828e-19
8.140000000000000000e+03 9.999937140334134167e-01 1.143894284241246667e-07 6.718402931872886393e-13 3.281136265546256779e-15 9.676655425143956075e-19
8.145000000000000000e+03 9.999727784732596048e-01 1.208369663538548109e-07 1.587073573639476578e-12 1.736689379387699909e-15 9.306815412723533841e-18
8.150000000000000000e+03 9.999078075868962356e-01 1.263242846666612893e-07 1.084409102777645341e-12 1.213090444473479793e-16 1.881943717564117075e-19
8.155000000000000000e+03 9.999196509499674868e-01 1.261704461901560916e-07 1.064920199984602025e-12 2.016778984881393127e-16 1.495673605909848468e-18
8.160000000000000000e+03 9.999874833407689234e-01 1.255617726602868950e-07 4.547157438756097508e-13 7.834872277851242518e-16 8.859860121158698978e-19
8.165000000000000000e+03 9.999843079062848972e-01 1.252020352966904749e-07 1.067382476243185572e-14 1.032132915363805036e-15 2.850292911637442553e-18
8.170000000000000000e+03 9.999156339498458390e-01 1.264215869827085927e-07 2.718044699219534870e-16 7.217466213832616421e-16 5.750664732758184416e-19
8.175000000000000000e+03 9.999114920402855100e-01 1.267794677593682664e-07 4.740671939178635880e-15 6.112191491061696688e-16 2.045510691641634248e-19
8.180000000000000000e+03 9.999786304210702692e-01 1.305892248397902837e-07 3.355741129347079527e-13 1.042038300551387127e-15 2.222308878263433029e-18
8.185000000000000000e+03 9.999903399787898328e-01 1.372176682616500838e-07 1.247846882252684868e-12 3.493312416389135064e-15 6.165826458697491841e-18
8.190000000000000000e+03 9.999253347103119749e-01 1.439788053924031030e-07 1.367091043200188618e-12 2.080698945872358687e-16 1.775650712896800428e-18
8.195000000000000000e+03 9.999044038696601744e-01 1.457000528308654617e-07 1.006591499548328803e-12 1.054113730367649171e-16 6.061352583905339599e-19
8.200000000000000000e+03 9.999673108382288733e-01 1.444902578947948038e-07 8.246539471232837149e-13 5.200010354997671282e-16 6.333277827779478829e-19
8.205000000000000000e+03 9.999972185669168123e-01 1.439689039747601448e-07 8.823869486326795056e-14 1.132763028683891817e-15 4.098254776867199706e-18
8.210000000000000000e+03 9.999372557139357687e-01 1.446846568800661182e-07 2.552860941610653263e-15 7.394558819107522030e-16 9.415013398579509860e-19
8.215000000000000000e+03 9.999008449788014952e-01 1.454862106331027367e-07 3.577921435846152033e-15 5.764854958335878872e-16 3.098123492066992476e-19
8.220000000000000000e+03 9.999563515809750669e-01 1.475314457667642131e-07 1.172590780687180890e-13 1.063015679989805407e-16 1.240517324472197591e-18
8.225000000000000000e+03 9.999981736713146052e-01 1.540511630472416908e-07 8.298518703157573895e-13 3.751548597735413298e-15 1.134412078039434023e-18
8.230000000000000000e+03 9.999484795420925387e-01 1.612929577100052410e-07 1.478098615571297521e-12 8.021766049043432895e-16 7.227309218573550856e-18
8.235000000000000000e+03 9.998999246615827285e-01 1.655336812126760626e-07 9.392358315564705797e-13 5.665205082924263996e-17 6.082697299240458880e-19
8.240000000000000000e+03 9.999429976876799131e-01 1.641510120935066297e-07 1.123727253380720411e-12 3.572013094396743444e-16 2.478824902808492302e-18
8.245000000000000000e+03 9.999984496750711216e-01 1.634575088699101646e-07 3.074350549025393665e-13 1.005977888777450402e-15 2.502462750275161132e-18
8.250000000000000000e+03 9.999619105456393209e-01 1.633514000979976223e-07 2.858608873352897997e-16 8.869030615893694564e-16 1.931578893443601379e-18
8.255000000000000000e+03 9.999020682847329367e-01 1.647822275721950575e-07 4.858160015010493465e-15 5.764358247602816555e-16 3.352486585111393404e-19
8.260000000000000000e+03 9.999321936038877423e-01 1.654677981966286318e-07 1.660621897898472701e-14 5.201547918870822001e-16 1.320765755809432522e-19
8.265000000000000000e+03 9.999943318171941042e-01 1.711383609521934798e-07 4.706732974770947286e-13 1.963741491971791324e-15 1.260471595705767131e-18
8.270000000000000000e+03 9.999718141550472117e-01 1.784658400790002815e-07 1.289575877617929992e-12 2.337378305292358595e-15 8.044260088331124355e-18
8.275000000000000000e+03 9.999071436988894446e-01 1.848920282566837604e-07 1.050952124112448627e-12 7.902153333239316663e-17 7.386133449951497701e-19
8.280000000000000000e+03 9.999203913367583629e-01 1.845170743839605521e-07 1.157390168148285755e-12 2.316744430081838643e-16 1.780708519534002323e-18
8.285000000000000000e+03 9.999878062885075858e-01 1.832976390057152410e-07 6.696402893702029862e-13 7.491020074847606053e-16 2.742381674802294405e-19
8.290000000000000000e+03 9.999834817185581093e-01 1.825849321126990918e-07 2.333241289356264681e-14 1.124194484748923730e-15 3.753189718212242179e-18
8.295000000000000000e+03 9.999149540128338121e-01 1.840493074843314915e-07 7.790372202338477191e-15 6.062084009892072543e-16 6.026943235540685305e-19
8.300000000000000000e+03 9.999120592474249891e-01 1.844530399841618374e-07 1.470063623308633514e-15 6.803388122699329019e-16 2.386569762677505804e-19
8.305000000000000000e+03 9.999795988842477001e-01 1.883811112083341096e-07 2.099881772716093693e-13 2.914664195967454822e-16 1.661792133566845005e-18
8.310000000000000000e+03 9.999898482431464064e-01 1.956806069495534912e-07 9.334400585912896299e-13 3.494955158203359408e-15 2.651160260742690811e-18
8.315000000000000000e+03 9.999242935175033375e-01 2.032815680223021141e-07 1.212073193277536012e-12 2.575416505247904456e-16 4.055474808773512546e-18
8.320000000000000000e+03 9.999048035141901991e-01 2.052151738880062012e-07 9.729453058208706998e-13 7.887487771957642261e-17 6.753374028371409804e-19
8.325000000000000000e+03 9.999679952026340191e-01 2.033023749437221649e-07 1.055276605948408639e-12 5.385131175492218427e-16 1.668753781125297203e-18
8.330000000000000000e+03 9.999966639214864506e-01 2.023329598651215206e-07 1.641995167636536902e-13 1.146865919725889159e-15 3.945537763159131260e-18
8.335000000000000000e+03 9.999363405288120843e-01 2.030294585508090927e-07 9.674132965493064432e-15 6.884918383842870778e-16 1.264053721053495310e-18
8.340000000000000000e+03 9.999009722757051799e-01 2.040865580913900684e-07 1.090931437185016258e-14 5.225033109423523383e-16 1.982609629136315860e-19
8.345000000000000000e+03 9.999574032200749807e-01 2.059450727915650794e-07 5.459233286304719025e-14 2.849310570275104634e-16 3.885416979908015720e-19
8.350000000000000000e+03 9.999982633333180937e-01 2.128719615242290015e-07 5.837736593178584376e-13 2.695852732602580825e-15 4.945524529938975004e-19
8.355000000000000000e+03 9.999473447156497219e-01 2.207083507682377793e-07 1.184679651509321241e-12 1.205495964539811583e-15 8.234621708034125810e-18
8.360000000000000000e+03 9.998998103713687691e-01 2.254783783056659446e-07 8.425838308866909262e-13 2.159520513748077068e-17 8.382628490065019253e-19
8.365000000000000000e+03 9.999438656598103048e-01 2.234972898218192337e-07 1.244476564489594343e-12 3.958183855454888214e-16 2.873968863313084871e-18
8.370000000000000000e+03 9.999983019433492659e-01 2.222427511829583063e-07 4.755375905112549249e-13 9.523429379566566617e-16 1.288560718382421140e-18
8.375000000000000000e+03 9.999609109187933553e-01 2.218683935563744994e-07 5.412335091547697766e-15 9.672700888699867507e-16 3.022201651426603979e-18
8.380000000000000000e+03 9.999017600294508590e-01 2.236238498129563347e-07 1.464092306773822605e-14 4.951900124848038409e-16 1.567906714907918150e-19
8.385000000000000000e+03 9.999330822375583905e-01 2.240975665955995680e-07 1.522181197040978402e-15 7.437094823440593606e-16 2.642365380866444263e-20
8.390000000000000000e+03 9.999949377680467100e-01 2.298198573818938966e-07 3.117416476042836901e-13 8.445919040312269763e-16 1.431762084545731318e-18
8.395000000000000000e+03 9.999709025141580998e-01 2.374920718702164900e-07 9.454517323769935635e-13 2.656224846007542925e-15 5.258576847177620255e-18
8.400000000000000000e+03 9.999065023622085713e-01 2.444859581984573739e-07 8.873871033107009996e-13 4.266915051690367574e-17 1.296114010770548939e-18
8.405000000000000000e+03 9.999211775765358690e-01 2.438277276601643438e-07 1.111219468246324233e-12 1.995110059359980611e-16 9.768121793274185439e-19
8.410000000000000000e+03 9.999881246290531767e-01 2.419093513076778378e-07 8.862452454011474850e-13 7.264213456208987445e-16 5.564963604779450326e-19
8.415000000000000000e+03 9.999825764306503606e-01 2.407848553799295861e-07 6.390293603308204891e-14 1.153651148608823393e-15 4.677843795459759496e-18
8.420000000000000000e+03 9.999142726230404454e-01 2.424168251531345505e-07 1.928676527358801953e-14 5.187358287631240677e-16 3.715089599111077528e-19
8.425000000000000000e+03 9.999126149596533342e-01 2.428198971464178473e-07 9.396011489217980034e-15 6.199646839177211617e-16 1.057800291633299283e-19
8.430000000000000000e+03 9.999805253846004716e-01 2.464488287638002839e-07 1.222297075000820092e-13 1.268213691008399050e-16 7.063790253248695283e-19
8.435000000000000000e+03 9.999893989806666328e-01 2.538658241035515530e-07 6.437400571618673411e-13 2.914443547558014246e-15 6.555618820278222030e-19
8.440000000000000000e+03 9.999232892704094100e-01 2.618217872226921832e-07 9.400101901959232401e-13 4.214259288034979532e-16 4.804319413570224116e-18
8.445000000000000000e+03 9.999052387565517952e-01 2.638339833525053571e-07 8.204507450180184299e-13 3.201545998988097754e-17 4.545897309538986594e-19
8.450000000000000000e+03 9.999687150630888199e-01 2.611674616731808675e-07 1.206033004753193842e-12 5.632805403780212145e-16 2.533168999665084486e-18
8.455000000000000000e+03 9.999960443430198076e-01 2.597015362000577367e-07 2.866144047057980345e-13 1.078439054101346223e-15 2.958144414060325023e-18
8.460000000000000000e+03 9.999353930603368523e-01 2.602941729298079217e-07 1.569543670264120403e-14 7.216901512030005261e-16 1.389621603048939536e-18
8.465000000000000000e+03 9.999011114360119024e-01 2.615770055757577074e-07 2.050541309666635415e-14 4.380610094840977163e-16 4.509526033222899610e-20
8.470000000000000000e+03 9.999584044128659865e-01 2.629721652232051428e-07 2.040901506511470488e-14 6.193988628383574056e-16 1.560052948320947324e-21
8.475000000000000000e+03 9.999983643813851186e-01 2.697530518134773598e-07 3.902005240215553402e-13 1.521957871036539931e-15 7.704108273353865324e-19
8.480000000000000000e+03 9.999462629993032259e-01 2.776383968159905081e-07 8.389662676605463610e-13 1.584404779723856081e-15 6.128988209074051322e-18
8.485000000000000000e+03 9.998997240038133283e-01 2.826706638589181948e-07 6.499304132641212924e-13 2.932942931079660370e-18 7.123066268185667623e-19
8.490000000000000000e+03 9.999447874967005712e-01 2.800720322568305061e-07 1.226953314788310782e-12 3.722547758786959043e-16 1.713596037578620181e-18
8.495000000000000000e+03 9.999981281571037606e-01 2.782136838765885412e-07 6.679914913117035102e-13 8.904038929801890224e-16 4.210056300924342888e-19
8.500000000000000000e+03 9.999598517015952925e-01 2.775171546027929149e-07 2.319471283731467691e-14 1.006764051233036803e-15 3.772827915239512562e-18
8.505000000000000000e+03 9.999014682369823381e-01 2.795309997119134440e-07 2.278059499422931716e-14 4.117357758541584056e-16 2.402470245154708595e-20
8.510000000000000000e+03 9.999339371853324110e-01 2.796590212029989630e-07 1.492387498185798630e-15 7.897456025752094732e-16 1.604515072728338987e-19
8.515000000000000000e+03 9.999955167335341510e-01 2.849256915372692238e-07 2.009817366563613117e-13 2.548792236308783093e-16 1.131729568959558660e-18
8.520000000000000000e+03 9.999700462434658599e-01 2.923765875386031931e-07 6.267087445017026477e-13 2.546878967448573635e-15 2.124766507895909708e-18
8.525000000000000000e+03 9.999058942675299599e-01 2.995294002807239010e-07 6.410010312193327075e-13 8.111103657064784732e-17 1.595555952299630168e-18
8.530000000000000000e+03 9.999220142611825457e-01 2.985476301933083393e-07 9.383927037994369954e-13 1.301344321791490417e-16 9.080906537371751577e-20
8.535000000000000000e+03 9.999884627693624850e-01 2.959082956411141720e-07 1.058113761508010489e-12 7.205533829583853056e-16 1.821323915562298085e-18
8.540000000000000000e+03 9.999816061227049246e-01 2.943549183175681481e-07 1.443753612172723191e-13 1.076698138702014244e-15 4.429560423717584120e-18
8.545000000000000000e+03 9.999135895910449268e-01 2.960608277571662995e-07 2.421760478051542480e-14 4.911390757116357596e-16 2.159843490662352173e-19
8.550000000000000000e+03 9.999131667150207292e-01 2.964086384608506961e-07 1.729564723484300862e-14 5.007484718303495663e-16 9.566335565694317903e-20
8.555000000000000000e+03 9.999813990772000727e-01 2.993430597378421531e-07 6.933953492741040744e-14 3.692189252023302089e-16 1.503162524081610330e-19
8.560000000000000000e+03 9.999889846024053730e-01 3.063113038184866231e-07 4.190056146491168523e-13 1.989930544088707758e-15 1.600934363877793054e-19
8.565000000000000000e+03 9.999223335702940307e-01 3.141150212820033681e-07 6.268880073580173443e-13 6.881446066909981294e-16 3.960708771340304503e-18
8.570000000000000000e+03 9.999057124702992461e-01 3.160701358459599788e-07 5.921120019397745153e-13 3.593606416030972781e-17 8.248248543220556707e-19
8.575000000000000000e+03 9.999694872635068732e-01 3.126636468573394715e-07 1.239162576167344316e-12 5.441086299442256905e-16 2.679004997221428920e-18
8.580000000000000000e+03 9.999953827629904923e-01 3.107049220201873463e-07 4.501361421714991068e-13 9.782115188088962531e-16 1.395278335503397097e-18
8.585000000000000000e+03 9.999344148714917058e-01 3.111195721893918341e-07 2.019114131390398261e-14 7.512154216331285836e-16 1.517359766418371466e-18
8.590000000000000000e+03 9.999012691967890110e-01 3.125723851453805743e-07 2.256607688770002537e-14 3.664656840329769349e-16 1.940019953731871216e-20
8.595000000000000000e+03 9.999593532291464193e-01 3.132629163947880579e-07 6.924069567824924113e-15 8.471126382321535324e-16 1.964683338429736565e-19
8.600000000000000000e+03 9.999984621305910704e-01 3.193557610067684262e-07 2.590466569387580967e-13 6.479597667437832674e-16 9.815744689884916928e-19
8.605000000000000000e+03 9.999452412995935013e-01 3.267428846753497507e-07 5.227229837306833778e-13 1.778576819810180721e-15 2.846562439690144496e-18
8.610000000000000000e+03 9.998996712765954031e-01 3.317589311715088070e-07 4.169969865109615058e-13 5.758827947310936532e-17 1.067349316103931070e-18
8.615000000000000000e+03 9.999457705064367374e-01 3.285739183682384235e-07 1.078413509401088453e-12 2.916888410312430771e-16 4.009312445149628603e-19
8.620000000000000000e+03 9.999979544988656377e-01 3.261291619132021519e-07 8.523461020334236763e-13 8.492570143897004860e-16 7.646077165914876256e-19
8.625000000000000000e+03 9.999587414801786034e-01 3.250893510004937503e-07 6.651781262621263575e-14 9.379468704486081947e-16 3.683278420517525991e-18
8.630000000000000000e+03 9.999011960036198188e-01 3.272701196065201123e-07 2.097033835135267733e-14 3.515693008075502421e-16 4.986237868249107672e-20
8.635000000000000000e+03 9.999347646432357184e-01 3.269423483467148138e-07 5.407298043174989704e-15 6.878996914250975901e-16 4.421749741338477815e-19
8.640000000000000000e+03 9.999960539269853177e-01 3.312855837785435725e-07 1.340097890832618910e-13 2.099761324893703639e-16 5.835464005147201009e-19
8.645000000000000000e+03 9.999692430732811665e-01 3.379677071059562995e-07 3.866169461813336055e-13 2.042799626864626628e-15 2.823397704103057931e-19
8.650000000000000000e+03 9.999053284186230073e-01 3.448685074806590377e-07 3.825224136633103305e-13 2.307069309183148694e-16 2.237906219805402722e-18
8.655000000000000000e+03 9.999229025314633201e-01 3.435521923829386586e-07 6.905666697216020363e-13 1.208506362367247679e-16 8.481942298320898107e-19
8.660000000000000000e+03 9.999888424832901190e-01 3.402349991127977351e-07 1.147077779863051491e-12 6.940844621187730228e-16 3.262134809071257878e-18
8.665000000000000000e+03 9.999805887875619081e-01 3.382802300303343901e-07 2.722084502895028869e-13 9.445613756080522682e-16 2.782013331110294620e-18
8.670000000000000000e+03 9.999129061549820729e-01 3.399613707064200531e-07 1.983972855310248631e-14 4.804873561780017761e-16 4.878946119826023787e-19
8.675000000000000000e+03 9.999137237749483598e-01 3.401974746691010616e-07 1.690197700213437670e-14 4.052043494545545151e-16 2.727947281470356933e-19
8.680000000000000000e+03 9.999822120825191396e-01 3.421024499994667593e-07 4.331151804255410928e-14 7.016771307967190631e-16 5.803201731825721025e-20
8.685000000000000000e+03 9.999885934326708803e-01 3.480945361735608945e-07 2.748808482446796464e-13 1.088278511695978448e-15 4.701799630490176156e-19
8.690000000000000000e+03 9.999214347970472039e-01 3.552589702010813224e-07 3.527319023370328583e-13 9.641822255830697889e-16 2.929246381175108094e-18
8.695000000000000000e+03 9.999062254145711925e-01 3.570347407276887086e-07 3.541160957266387752e-13 1.627447597997404250e-16 2.273281762064462861e-18
8.700000000000000000e+03 9.999703237967824121e-01 3.529642531003255746e-07 1.149676489176988933e-12 4.638324780547858898e-16 1.914816430040711141e-18
8.705000000000000000e+03 9.999947039611881694e-01 3.505665531885986999e-07 6.371002104447934346e-13 9.020355437121119713e-16 3.685120940556528077e-19
8.710000000000000000e+03 9.999334103064941859e-01 3.507492331385633251e-07 3.429506456680291710e-14 6.975765174589977940e-16 2.112531365995832640e-18
8.715000000000000000e+03 9.999014526365594957e-01 3.522972577346570338e-07 1.457598079322380838e-14 3.151285847996026698e-16 1.843607740139840661e-19
8.720000000000000000e+03 9.999602515842475059e-01 3.521014412835175669e-07 5.087612781921683451e-15 8.682263802238372805e-16 4.166428639471970817e-19
8.725000000000000000e+03 9.999985403124147521e-01 3.570265236457851203e-07 1.844179761654514672e-13 2.784082673294690175e-16 7.690169941001463566e-19
8.730000000000000000e+03 9.999442818812290801e-01 3.634139169979709500e-07 2.963390830158486041e-13 1.688033706515643252e-15 8.146668528990636072e-19
8.735000000000000000e+03 9.998996563193758291e-01 3.681487840599042419e-07 2.092606281914655253e-13 2.088798755706045171e-16 1.907718404654073323e-18
8.740000000000000000e+03 9.999468169560815634e-01 3.644583359473816464e-07 8.445577107966914126e-13 2.497694993480125806e-16 1.804636976586848453e-19
8.745000000000000000e+03 9.999978056822924621e-01 3.614994501269870913e-07 9.936519182481178658e-13 8.089809247460648011e-16 2.181340790277609100e-18
8.750000000000000000e+03 9.999575922951551288e-01 3.601313378717600778e-07 1.517722224791380941e-13 7.926092418717080969e-16 3.022368887697799966e-18
8.755000000000000000e+03 9.999009466198871543e-01 3.623732742454294903e-07 1.099560188933789828e-14 2.993970719981252902e-16 2.972013001394179018e-19
8.760000000000000000e+03 9.999355735954575941e-01 3.615151523460601947e-07 7.601441818407562370e-15 5.558564140597521299e-16 5.726590091165866349e-19
8.765000000000000000e+03 9.999965360880059828e-01 3.645519744871592794e-07 1.007883351697114415e-13 4.710962267999794187e-16 1.448850794373849352e-19
8.770000000000000000e+03 9.999684858738143722e-01 3.699861341568743646e-07 2.458863550036808442e-13 1.356674632058988266e-15 7.203112736593312631e-20
8.775000000000000000e+03 9.999048114642313800e-01 3.762559342228536569e-07 1.791006067399814615e-13 4.570605346132050091e-16 2.680160873361832717e-18
8.780000000000000000e+03 9.999238398489198598e-01 3.746278244287844972e-07 4.394142640183481549e-13 2.839322983349571948e-16 2.773799021253806680e-18
8.785000000000000000e+03 9.999892809371171420e-01 3.707341285200569784e-07 1.134981716659036711e-12 6.147937010595826851e-16 3.422289770213612251e-18
8.790000000000000000e+03 9.999795449425946670e-01 3.684462144544846050e-07 4.450563357499465696e-13 8.375832660360532291e-16 9.260460836287107314e-19
8.795000000000000000e+03 9.999122247344821579e-01 3.700104513133530732e-07 1.717897121252996187e-14 4.270656753632193635e-16 1.252783586764292383e-18
8.800000000000000000e+03 9.999142963067029211e-01 3.700838497356916594e-07 1.172589497087281149e-14 3.641482433851319436e-16 5.219487837739826257e-19
8.805000000000000000e+03 9.999829601696682557e-01 3.707179726454252115e-07 3.657303213260221607e-14 8.856307543828104313e-16 1.170948506789950065e-19
8.810000000000000000e+03 9.999882104904984637e-01 3.752954390123683263e-07 2.029136750083526529e-13 5.152434081349051784e-16 7.114121333403126921e-19
8.815000000000000000e+03 9.999205975089900944e-01 3.813946880669736922e-07 1.736659432714814553e-13 1.123094019444500657e-15 1.981088175812278126e-18
8.820000000000000000e+03 9.999067761081483763e-01 3.828946666228591078e-07 1.704380598228818948e-13 4.219521514998406702e-16 3.273145349969765815e-18
8.825000000000000000e+03 9.999712306049894917e-01 3.782917515737579701e-07 9.659385163419726023e-13 3.922534934056622897e-16 5.408162052081841025e-19
8.830000000000000000e+03 9.999940325817473497e-01 3.755504331712898947e-07 8.197018514344338614e-13 8.527320355381522147e-16 8.036532272108660799e-19
8.835000000000000000e+03 9.999323860484279347e-01 3.754734195143294975e-07 7.925906285347694351e-14 5.624248972056489598e-16 2.959518940209241693e-18
8.840000000000000000e+03 9.999016685108356173e-01 3.770323438318426399e-07 7.248158066891694937e-15 2.624260960274373113e-16 5.356247887656334122e-19
8.845000000000000000e+03 9.999611050861426653e-01 3.758464972152159500e-07 1.223848868114096980e-14 7.611081167257760143e-16 3.685767343748939074e-19
8.850000000000000000e+03 9.999985823142861774e-01 3.792331679676449221e-07 1.512026545531955798e-13 3.384116053982644325e-16 3.478406922968548397e-19
8.855000000000000000e+03 9.999433821665466571e-01 3.842096626063290689e-07 1.816697978109511586e-13 1.346998055207852179e-15 2.010259732416750632e-19
8.860000000000000000e+03 9.998996813438015829e-01 3.884338929275635737e-07 7.691199856818061743e-14 4.178319617971037023e-16 1.918674568402594563e-18
8.865000000000000000e+03 9.999479237544064425e-01 3.843644253166537313e-07 5.918756677206052540e-13 3.886977927946387478e-16 1.144949742515102599e-18
8.870000000000000000e+03 9.999977028217170716e-01 3.810080268030112499e-07 1.063849657438730393e-12 7.296189637333546409e-16 3.382629425997368952e-18
8.875000000000000000e+03 9.999564186788052478e-01 3.793601909746804199e-07 2.910350693396457039e-13 6.598647545645711342e-16 2.063467838940995386e-18
8.880000000000000000e+03 9.999007231817017560e-01 3.815555274202745182e-07 8.248574617207414056e-15 2.298153928837733327e-16 6.554504074962516353e-19
8.885000000000000000e+03 9.999363750181005095e-01 3.801368158432740815e-07 1.576451881939631102e-14 4.944421789687153403e-16 4.658402377590731101e-19
8.890000000000000000e+03 9.999969525919321089e-01 3.816067191860443251e-07 9.205381856716670988e-14 7.399110694764409368e-16 2.615393894160419499e-20
8.895000000000000000e+03 9.999677631122451116e-01 3.854274916653148748e-07 1.919949694252529830e-13 7.700225394078120514e-16 3.389900043548517926e-19
8.900000000000000000e+03 9.999043472255521037e-01 3.907499420216511445e-07 7.044381053936031528e-14 6.683690604324761526e-16 1.908137398440753289e-18
8.905000000000000000e+03 9.999248201274383296e-01 3.888672568329786717e-07 2.496961829150128447e-13 6.533576100170329535e-16 4.009510294801974729e-18
8.910000000000000000e+03 9.999897890935388611e-01 3.845459469759081603e-07 1.028477767288443953e-12 5.195410474233904301e-16 1.900650615980012508e-18
8.915000000000000000e+03 9.999784960233226716e-01 3.820243559454098923e-07 6.466904761499115258e-13 7.865967581240343299e-16 1.024480431801884407e-19
8.920000000000000000e+03 9.999115486128214991e-01 3.833956928378377116e-07 3.949155811862131200e-14 3.184718368665441414e-16 1.889977882067114201e-18
8.925000000000000000e+03 9.999148944760162250e-01 3.832679598566885121e-07 2.061607562608693389e-14 3.518282994276819557e-16 6.402044667316326934e-19
8.930000000000000000e+03 9.999836431239708112e-01 3.825071705472263832e-07 4.801315440244720628e-14 8.839954557580277808e-16 2.240704631160967271e-19
8.935000000000000000e+03 9.999878186089000698e-01 3.853637378838023905e-07 1.794780347426030071e-13 3.611978059431176587e-16 4.812845638393001755e-19
8.940000000000000000e+03 9.999198221306341283e-01 3.900695953270796664e-07 1.054670558926972755e-13 1.089518044685648355e-15 8.169612611715757270e-19
8.945000000000000000e+03 9.999073609127284712e-01 3.912315366838766172e-07 7.917394515923289421e-14 7.314849437240156153e-16 2.593963951058772921e-18
8.950000000000000000e+03 9.999722069507424038e-01 3.862733637172856586e-07 7.384142862979201030e-13 4.719901701712310087e-16 8.518475189970753520e-20
8.955000000000000000e+03 9.999933910894772682e-01 3.833125276641553219e-07 9.653828890895359155e-13 7.868326552193564055e-16 2.233643494883264578e-18
8.960000000000000000e+03 9.999313505329864293e-01 3.829758164878305953e-07 1.773220211802922834e-13 4.209296925137693448e-16 2.931525711096251627e-18
8.965000000000000000e+03 9.999019226216587786e-01 3.844622063625320053e-07 2.340693603357429011e-14 1.913278471239098859e-16 7.384764322351800713e-19
8.970000000000000000e+03 9.999619225268832068e-01 3.822717056090676553e-07 3.782782193528456093e-14 6.807065464632877761e-16 3.123663070944062861e-19
8.975000000000000000e+03 9.999985725388869096e-01 3.838950996660629280e-07 1.439772454794867666e-13 5.707012631973279485e-16 6.900824608680233242e-20
8.980000000000000000e+03 9.999425349090923509e-01 3.871782274263536939e-07 1.610270724472485081e-13 9.176923614178111237e-16 6.670106091366087919e-20
8.985000000000000000e+03 9.998997464887474651e-01 3.907152723794875909e-07 3.757425898736229791e-14 6.013625809710146101e-16 9.362970611126139628e-19
8.990000000000000000e+03 9.999490826254322506e-01 3.864307014213636353e-07 3.832276820582248764e-13 7.913321028639598110e-16 3.313137161670544591e-18
8.995000000000000000e+03 9.999976615616530395e-01 3.828245419634853044e-07 1.049220587876725821e-12 6.165036639522601794e-16 3.145844126441525129e-18
9.000000000000000000e+03 9.999552365323741698e-01 3.809716849309539246e-07 4.823647161525170402e-13 6.006545006073456738e-16 8.506535984886052240e-19
9.005000000000000000e+03 9.999005282376336456e-01 3.830219021615896553e-07 3.717032706868611154e-14 1.420887365435714188e-16 7.228743351685356072e-19
9.010000000000000000e+03 9.999371809134788291e-01 3.810614813286626251e-07 5.231607374936362890e-14 5.231535094273179358e-16 4.258297802592101849e-19
9.015000000000000000e+03 9.999972963648160462e-01 3.808517838974069313e-07 1.050237485339497025e-13 8.504291335777507957e-16 1.405904249621483663e-19
9.020000000000000000e+03 9.999670597033185615e-01 3.828439001309552821e-07 1.908118493830025827e-13 4.742968786339449587e-16 2.884087201696082316e-19
9.025000000000000000e+03 9.999039364534045848e-01 3.869907758209078094e-07 5.797946338313554048e-14 7.751750525907404112e-16 6.222269679019833165e-19
9.030000000000000000e+03 9.999258341847155895e-01 3.849415520670880498e-07 1.564624288427950490e-13 1.128045678779016521e-15 4.178790438845452357e-18
9.035000000000000000e+03 9.999903706776999135e-01 3.803761729279122119e-07 8.556020296821292025e-13 5.287162864628105318e-16 2.575567408940232514e-19
9.040000000000000000e+03 9.999774626665370869e-01 3.777387294629444162e-07 8.467203633288580546e-13 7.525751306857403991e-16 5.542084426878286960e-19
9.045000000000000000e+03 9.999108815948609674e-01 3.788633680876619616e-07 1.120980047912671106e-13 2.010172418085105767e-16 1.694656007711440667e-18
9.050000000000000000e+03 9.999155275614224347e-01 3.785148253342499465e-07 7.226913384645059359e-14 3.283992846887766750e-16 7.194033830889565049e-19
9.055000000000000000e+03 9.999842647442488408e-01 3.763643465552438138e-07 8.646492699919711114e-14 8.295077137182054156e-16 3.908526143777463933e-19
9.060000000000000000e+03 9.999873998157838839e-01 3.773569115485336697e-07 1.788736847774811056e-13 4.828228426515800226e-16 1.295302138538097455e-19
9.065000000000000000e+03 9.999191049423481470e-01 3.804681071977023937e-07 1.244030178272027116e-13 8.964411507941228227e-16 7.467399107626993299e-20
9.070000000000000000e+03 9.999079743132651688e-01 3.812677062941857811e-07 8.084055501495360355e-14 9.573573463194806249e-16 1.289060810304575167e-18
9.075000000000000000e+03 9.999732454219300015e-01 3.761642907728809822e-07 5.216137494259259311e-13 8.251000798330855345e-16 2.141694829874441365e-18
9.080000000000000000e+03 9.999927978578347920e-01 3.731226880540827412e-07 1.044470561498187356e-12 6.768759504723612381e-16 3.200946132232187864e-18
9.085000000000000000e+03 9.999303132699797203e-01 3.725511127564967665e-07 3.381812045158852338e-13 3.490016438891451053e-16 1.608775370371594128e-18
9.090000000000000000e+03 9.999022192827685673e-01 3.738920213238321776e-07 8.854589817657940023e-14 1.138427999189861354e-16 6.657670909609622258e-19
9.095000000000000000e+03 9.999627150850294299e-01 3.707735247327696874e-07 1.029799369207532159e-13 7.299680479144985450e-16 6.079235185095538323e-19
9.100000000000000000e+03 9.999984977357063709e-01 3.705765113763021920e-07 1.546475423910770270e-13 7.303104234565594724e-16 4.418239407514855537e-20
9.105000000000000000e+03 9.999417287472639471e-01 3.720403712685403186e-07 1.913020277224312415e-13 5.963922689217077043e-16 1.360071725565910154e-19
9.110000000000000000e+03 9.998998498466474816e-01 3.747790821725806106e-07 7.387889840158869584e-14 6.884679295370627967e-16 2.884109260713812924e-19
9.115000000000000000e+03 9.999502807678403160e-01 3.704688512226626436e-07 2.567339129439914600e-13 1.387866468166694605e-15 6.253000709159763234e-18
9.120000000000000000e+03 9.999976906847145575e-01 3.667782017614182898e-07 9.537390411451819843e-13 5.567792359974628326e-16 1.601605230801168355e-18
9.125000000000000000e+03 9.999540618655260449e-01 3.648108538965741238e-07 7.032167218857266225e-13 5.970068752966989509e-16 7.537667229039689724e-20
9.130000000000000000e+03 9.999003634990626388e-01 3.666354997903822032e-07 1.193497827231768301e-13 6.560439414193333194e-17 5.549194976899053334e-19
9.135000000000000000e+03 9.999380032715927680e-01 3.642018791268621153e-07 1.465094360470464772e-13 5.916843292428626348e-16 1.064264621703632353e-18
9.140000000000000000e+03 9.999975644804129926e-01 3.623578373065968752e-07 1.459425334530500115e-13 8.452406316580519991e-16 2.407569984612864089e-19
9.145000000000000000e+03 9.999663582302436016e-01 3.624786740239019543e-07 2.047076653260134457e-13 4.694228044423139265e-16 1.545625248794364708e-19
9.150000000000000000e+03 9.999035768316223427e-01 3.653282225403273053e-07 1.104541375963246389e-13 7.522380919264984377e-16 1.777850445635496148e-19
9.155000000000000000e+03 9.999268704490251736e-01 3.632231505931070124e-07 1.557382422736138445e-13 1.508877567034036647e-15 3.964951661029752761e-18
9.160000000000000000e+03 9.999910218298957432e-01 3.586178861778636035e-07 6.559471701666490135e-13 7.783687597981195400e-16 4.440573937309783602e-19
9.165000000000000000e+03 9.999764630054249759e-01 3.559875302021873338e-07 1.005799443907672315e-12 6.777657736834896959e-16 1.814113356535346241e-18
9.170000000000000000e+03 9.999102276521764088e-01 3.568362183077447547e-07 2.476108801068305833e-13 1.353316810807724642e-16 1.004954961007242803e-18
9.175000000000000000e+03 9.999162031842890874e-01 3.562704007715483042e-07 1.916207451125844929e-13 2.846225729337118884e-16 1.361770704734311900e-18
9.180000000000000000e+03 9.999848324790311382e-01 3.528640678179061649e-07 1.690657960319803505e-13 8.902990312625630714e-16 5.703137805289770151e-19
9.185000000000000000e+03 9.999869368582824380e-01 3.520272122738471359e-07 1.850465609435913320e-13 6.362372720405181626e-16 4.763801194223542988e-20
9.190000000000000000e+03 9.999184384086206023e-01 3.534881990927612804e-07 1.833069182494298064e-13 6.681605729179307077e-16 1.895153815770189228e-19
9.195000000000000000e+03 9.999086093487400406e-01 3.539380048831916892e-07 1.430597469023002707e-13 1.002025437367657211e-15 6.641719488760113745e-19
9.200000000000000000e+03 9.999743325385593851e-01 3.489166113764980638e-07 3.564958070669093639e-13 1.438213110146385749e-15 5.913319116232871900e-18
9.205000000000000000e+03 9.999922655932829141e-01 3.459346602928492978e-07 1.038151736860968411e-12 5.681167736104139609e-16 2.795966547655121733e-18
9.210000000000000000e+03 9.999292841024223222e-01 3.451722153825693668e-07 5.478244705393559873e-13 3.565907150371416043e-16 2.588815459310384246e-19
9.215000000000000000e+03 9.999025609220449917e-01 3.463128138426307272e-07 2.165629227704121670e-13 6.410676044286635149e-17 8.118357425819942044e-19
9.220000000000000000e+03 9.999634953684437555e-01 3.424285772775050957e-07 2.323085441006892530e-13 8.985884574987839269e-16 1.348566113658666236e-18
9.225000000000000000e+03 9.999983481435295030e-01 3.405263806628895099e-07 1.859085527435099059e-13 7.517293508479945185e-16 1.029358762762072076e-19
9.230000000000000000e+03 9.999409491187263299e-01 3.402152581256910228e-07 2.259412824318054236e-13 4.915201538930415049e-16 3.131655209934520133e-19
9.235000000000000000e+03 9.998999876689247390e-01 3.421162101271213930e-07 1.456964392371792140e-13 6.706139850151867925e-16 3.623391911685172546e-19
9.240000000000000000e+03 9.999515018637381569e-01 3.379796273545237175e-07 2.161490609865731118e-13 1.956091294056045849e-15 8.000224258358415114e-18
9.245000000000000000e+03 9.999977913600107682e-01 3.343744010524347002e-07 7.975379743861153550e-13 6.808897745971198091e-16 2.442280199167944718e-19
9.250000000000000000e+03 9.999529095319733552e-01 3.323883808319731517e-07 9.116316894601829724e-13 5.783080344411829477e-16 6.981664692044229962e-19
9.255000000000000000e+03 9.999002296458718853e-01 3.339306001857325464e-07 2.596146528480727159e-13 3.371596992291200153e-17 6.733401355276391811e-19
9.260000000000000000e+03 9.999388530986471624e-01 3.311381947020726279e-07 3.194512472930841929e-13 6.401369974386022980e-16 2.559693670981575280e-18
9.265000000000000000e+03 9.999977583807693193e-01 3.278574229100661128e-07 2.280113410965495162e-13 9.053029420359657869e-16 2.602353386918019222e-19
9.270000000000000000e+03 9.999656403987922104e-01 3.262423108167113947e-07 2.091326925557409043e-13 5.913773868775151197e-16 1.444325552548483504e-19
9.275000000000000000e+03 9.999032632249336139e-01 3.277889175473080504e-07 1.818080864528819544e-13 6.536993428237744219e-16 3.518350808111018309e-19
9.280000000000000000e+03 9.999279158575726800e-01 3.257493756683190253e-07 2.116838948157104800e-13 1.617886755767881681e-15 3.211426841443614586e-18
9.285000000000000000e+03 9.999917314636534993e-01 3.213140710363568318e-07 4.684199176352394158e-13 1.306809178715340981e-15 2.877494405762727769e-18
9.290000000000000000e+03 9.999755111660599827e-01 3.188075919022751957e-07 1.085869055898509387e-12 5.586607924758478848e-16 2.965555632367414019e-18
9.295000000000000000e+03 9.999095905959178854e-01 3.193749784316789983e-07 4.340788565898118948e-13 1.417865473037484786e-16 5.988600661291685513e-19
9.300000000000000000e+03 9.999169266827419023e-01 3.186202480416321226e-07 3.839330366880600260e-13 2.491443038825207491e-16 2.566190163067014417e-18
9.305000000000000000e+03 9.999853567442494873e-01 3.142078822550901121e-07 3.139662586434484997e-13 1.138606127131289454e-15 8.319736164146334569e-19
9.310000000000000000e+03 9.999864147003272308e-01 3.117499552253603861e-07 1.973579091008669570e-13 6.687044801000931185e-16 8.881231831624680884e-20
9.315000000000000000e+03 9.999178118256915049e-01 3.116567207602731487e-07 2.345249459248734817e-13 5.342203554096733816e-16 3.987966210639246445e-19
9.320000000000000000e+03 9.999092581927890855e-01 3.118011528757059351e-07 2.183359623942506823e-13 8.748045472763036059e-16 4.477323768492241232e-19
9.325000000000000000e+03 9.999754498951894943e-01 3.070883215127003904e-07 2.599010669649106584e-13 2.118619462847383773e-15 8.670218837822690495e-18
9.330000000000000000e+03 9.999918002752065105e-01 3.042974953579189176e-07 9.444401955235264003e-13 5.716054478346127716e-16 1.407655836101504882e-18
9.335000000000000000e+03 9.999282724219660246e-01 3.034009496774033020e-07 7.664825983717079575e-13 3.850005483743455158e-16 7.144589112388353663e-20
9.340000000000000000e+03 9.999029478482781563e-01 3.043090535556596046e-07 3.976722761953979736e-13 6.713401272241338925e-17 1.192962858545607159e-18
9.345000000000000000e+03 9.999642763526174205e-01 2.998937640984140742e-07 4.404641942832224341e-13 1.093565828164737094e-15 2.370076583084279724e-18
9.350000000000000000e+03 9.999981183173048960e-01 2.965610793729353187e-07 2.492524421846742567e-13 7.751620858688043425e-16 9.648058963849106546e-20
9.355000000000000000e+03 9.999401795235323132e-01 2.946863373354472825e-07 2.348252072920758950e-13 5.583563385058083371e-16 2.548185380441139361e-19
9.360000000000000000e+03 9.999001547413575164e-01 2.957823899063335678e-07 2.101252264321603172e-13 6.036551114857443015e-16 3.409161143724097223e-19
9.365000000000000000e+03 9.999527273891085644e-01 2.920100140988382398e-07 2.354906326107702184e-13 2.236513221583231551e-15 6.883623841371318563e-18
9.370000000000000000e+03 9.999979571167422199e-01 2.886527933077400937e-07 6.112208830159141830e-13 1.065006869599481805e-15 6.896902647809312892e-19
9.375000000000000000e+03 9.999517920003448967e-01 2.867406016756050676e-07 1.056720651312899348e-12 4.964001788091584616e-16 2.182788677041488275e-18
9.380000000000000000e+03 9.999001262242633858e-01 2.879696158825237172e-07 4.376183586889873408e-13 5.175805841208055373e-17 8.748965180858376819e-19
9.385000000000000000e+03 9.999397395623162987e-01 2.849711062150911314e-07 5.686673034985058704e-13 6.484560469759859416e-16 4.000738736145063143e-18
9.390000000000000000e+03 9.999978836965037754e-01 2.805836510905577723e-07 3.649936550402496497e-13 1.191168613958981126e-15 4.341341054415648910e-19
9.395000000000000000e+03 9.999648886505508871e-01 2.775327381018583624e-07 2.010247346582530085e-13 6.514835009986033892e-16 9.722070894751254345e-20
9.400000000000000000e+03 9.999029881824555988e-01 2.778863053329776502e-07 2.322070685838606945e-13 5.680877630673097499e-16 2.570203968387371219e-19
9.405000000000000000e+03 9.999289568755126423e-01 2.760298346681690736e-07 2.757383925702181277e-13 1.418289603804303893e-15 1.702313920709486230e-18
9.410000000000000000e+03 9.999924822692313198e-01 2.719639305657561986e-07 3.208855105175934473e-13 1.982684792410400418e-15 6.395629308951755767e-18
9.415000000000000000e+03 9.999746161041223047e-01 2.696838348917819639e-07 1.062441239232694959e-12 4.720880379506386694e-16 2.886011751947962521e-18
9.420000000000000000e+03 9.999089737564547109e-01 2.699862843661134388e-07 6.331766283182277617e-13 1.839672006579340018e-16 3.828928090228851948e-19
9.425000000000000000e+03 9.999177007011118556e-01 2.690946184818777907e-07 6.247466621800329990e-13 2.553488002815772608e-16 3.045861269115448029e-18
9.430000000000000000e+03 9.999858500406546558e-01 2.640197131584775572e-07 5.297043840985134275e-13 1.503989169481596468e-15 1.565241810145796066e-18
9.435000000000000000e+03 9.999858218300884394e-01 2.603011499734093172e-07 2.286435234223122566e-13 6.311854312546878468e-16 2.904885844415147901e-20
9.440000000000000000e+03 9.999172122817542308e-01 2.588924608461056455e-07 2.493137763551519970e-13 5.376356895637657201e-16 1.838112714949549459e-19
9.445000000000000000e+03 9.999099128192464603e-01 2.587994886992680068e-07 2.658668219880959867e-13 6.851843221188396016e-16 1.406648507516944540e-19
9.450000000000000000e+03 9.999765756667019501e-01 2.546009766455127549e-07 2.240184364014051619e-13 2.576968233016600223e-15 8.886373791717552406e-18
9.455000000000000000e+03 9.999914007438713837e-01 2.521154461603241806e-07 7.799623999921601743e-13 7.874821630156377808e-16 3.080990008928027458e-19
9.460000000000000000e+03 9.999272864220215551e-01 2.511489379814514422e-07 9.386775815762700553e-13 3.645027352385967071e-16 6.287696898726011936e-19
9.465000000000000000e+03 9.999033781836587087e-01 2.518165281713182826e-07 5.955615500625557609e-13 1.116302781839492096e-16 9.917908870251038778e-19
9.470000000000000000e+03 9.999650704048734795e-01 2.471587322786947545e-07 7.193349189687808281e-13 1.216671442376795550e-15 3.624443478453785951e-18
9.475000000000000000e+03 9.999978075434257097e-01 2.428017493278052664e-07 3.584443732803052254e-13 1.015539133651151675e-15 1.590015625870991603e-19
9.480000000000000000e+03 9.999394029624985025e-01 2.397217152568986931e-07 2.140151967288083323e-13 6.459389858456722869e-16 4.631132339537265552e-20
9.485000000000000000e+03 9.999003449074856942e-01 2.401120920917043554e-07 2.394941242309310273e-13 5.592807977683946809e-16 8.027157709212136553e-20
9.490000000000000000e+03 9.999539380369965036e-01 2.368658465361612103e-07 2.744293709971996739e-13 2.096507091472406073e-15 3.975114719477680300e-18
9.495000000000000000e+03 9.999981745194033156e-01 2.339002136114985768e-07 4.278268424766930760e-13 1.644982007793127492e-15 3.298796904315197048e-18
9.500000000000000000e+03 9.999507183698091994e-01 2.321452651750002895e-07 1.095557457097772255e-12 3.797487531246625011e-16 2.786364854966608901e-18
9.505000000000000000e+03 9.999000516473077749e-01 2.330564123062774836e-07 6.105864709724383226e-13 8.900915074889199392e-17 5.322114933749459340e-19
9.510000000000000000e+03 9.999406693199968110e-01 2.300315358445106275e-07 8.602614237044508086e-13 6.363063415561578518e-16 4.359326304165942557e-18
9.515000000000000000e+03 9.999979497318770560e-01 2.249687532837761130e-07 5.626959605955692189e-13 1.704398167253212144e-15 1.118481358811780069e-18
9.520000000000000000e+03 9.999640877065436584e-01 2.209170568485609254e-07 1.964875321608575676e-13 5.913778247184729515e-16 1.516839017968397346e-20
9.525000000000000000e+03 9.999027426539288665e-01 2.202917745324430038e-07 2.428244122095504942e-13 5.506038948654469557e-16 4.029676709260429614e-20
9.530000000000000000e+03 9.999299805809372943e-01 2.187170248124209510e-07 3.083363847940570591e-13 1.044853811891270071e-15 3.846886339654174565e-19
9.535000000000000000e+03 9.999932522171318672e-01 2.151925250402060177e-07 2.248403908973443220e-13 2.544350812600236088e-15 9.253974009793617818e-18
9.540000000000000000e+03 9.999737809430593316e-01 2.132216924130959529e-07 9.343978660367885396e-13 5.256085734174627219e-16 1.510152390359260691e-18
9.545000000000000000e+03 9.999083797105002835e-01 2.132947127787169534e-07 7.911160355737902894e-13 2.014404848376179988e-16 1.136923388687114663e-19
9.550000000000000000e+03 9.999185249776723072e-01 2.123372907378783232e-07 8.620837177992189181e-13 3.013754346486949578e-16 2.026899270167202422e-18
9.555000000000000000e+03 9.999863259757153511e-01 2.070075423622188195e-07 8.057364805846760214e-13 1.823667841665328664e-15 3.277749931391135568e-18
9.560000000000000000e+03 9.999851512164494860e-01 2.025046156028391509e-07 2.970446786225032850e-13 7.309411521820629149e-16 2.934476044195798008e-20
9.565000000000000000e+03 9.999166258234229998e-01 2.001390841650990332e-07 2.259787768263153956e-13 6.115559588071531300e-16 1.155667177058329778e-20
9.570000000000000000e+03 9.999105657364919519e-01 1.998901245578283424e-07 2.673110127174350847e-13 5.617012114015796377e-16 2.143738246712296654e-20
9.575000000000000000e+03 9.999776863502974900e-01 1.963704357097002866e-07 2.246567848889169653e-13 2.598857935566102133e-15 7.290982972037624754e-18
9.580000000000000000e+03 9.999910589652449833e-01 1.942800360284791947e-07 5.765641979827983217e-13 1.212547901416407580e-15 8.431638044458978239e-19
9.585000000000000000e+03 9.999263324457040580e-01 1.933113833042224339e-07 1.012493104114272403e-12 2.783487506068373700e-16 1.150321555161387548e-18
9.590000000000000000e+03 9.999038479624332565e-01 1.937532173424897197e-07 7.570582700845664729e-13 1.534579926661955879e-16 2.509831469007978335e-19
9.595000000000000000e+03 9.999658883762979622e-01 1.891723052647632717e-07 1.032544570156746822e-12 1.222738765274360351e-15 5.242611579691373355e-18
9.600000000000000000e+03 9.999974198446048845e-01 1.842895086250788225e-07 5.211030301659349787e-13 1.571294504418110082e-15 5.973717390908562319e-19
9.605000000000000000e+03 9.999386034739032869e-01 1.804744385053280038e-07 1.825233979125439219e-13 6.297186482691091613e-16 2.563205625603808637e-20
9.610000000000000000e+03 9.999005517013473954e-01 1.803133175899786374e-07 2.297167554308984340e-13 5.691287330090707486e-16 6.272788558411269312e-20
9.615000000000000000e+03 9.999551152301715540e-01 1.777077271732080282e-07 2.967921372982873957e-13 1.626846678524983743e-15 1.692955113114694690e-18
9.620000000000000000e+03 9.999984244355747398e-01 1.752465158431565490e-07 2.748355976527846427e-13 2.214774151315522133e-15 6.790506250340907925e-18
9.625000000000000000e+03 9.999496936739930009e-01 1.737197695017915880e-07 1.009970480278731292e-12 3.187872058128551052e-16 1.957217943456818772e-18
9.630000000000000000e+03 9.999000032834618468e-01 1.743330084851259504e-07 7.276438214604847725e-13 1.030177058988311867e-16 1.173727317385922795e-19
9.635000000000000000e+03 9.999416460570695886e-01 1.714742849211811678e-07 1.134053351471711743e-12 6.260597089341522951e-16 3.763925414201189476e-18
9.640000000000000000e+03 9.999979687027954478e-01 1.662301646226556264e-07 8.117884911904627210e-13 2.263839491730857673e-15 2.562623815693773259e-18
9.645000000000000000e+03 9.999632258794528550e-01 1.617046385217861010e-07 2.200176586385858165e-13 5.411810719763316034e-16 5.144374818486994437e-21
9.650000000000000000e+03 9.999025168649159356e-01 1.603977799044891479e-07 2.189839414033308816e-13 5.889126650760808538e-16 9.732945961123035349e-20
9.655000000000000000e+03 9.999309757231528151e-01 1.591710842887512586e-07 2.935945836290773466e-13 7.151224011881348002e-16 5.918895368484027358e-20
9.660000000000000000e+03 9.999940163830284279e-01 1.563155952010403003e-07 1.759730257017381333e-13 2.741650117879447093e-15 9.959117013535114225e-18
9.665000000000000000e+03 9.999730028956483885e-01 1.547135666102037583e-07 7.269895159811920681e-13 7.684195538012248329e-16 4.075971814956816392e-19
9.670000000000000000e+03 9.999078100764938748e-01 1.546094722740890321e-07 8.586129341606748894e-13 1.614657913205365227e-16 3.777318092885613075e-19
9.675000000000000000e+03 9.999193963273149688e-01 1.536694038604931252e-07 1.031951974727737408e-12 3.432059373740276909e-16 6.386251515386826183e-19
9.680000000000000000e+03 9.999867982615689987e-01 1.485226768661963813e-07 1.108916866147122413e-12 1.945275025673505811e-15 5.852126840020150651e-18
9.685000000000000000e+03 9.999844008581740828e-01 1.437814361245476473e-07 4.155458975458027697e-13 1.159193873398545211e-15 3.178298140106285665e-19
9.690000000000000000e+03 9.999160387435025443e-01 1.409026608082992542e-07 1.849126744033389035e-13 6.473255677334577825e-16 1.074831878019831954e-19
9.695000000000000000e+03 9.999112107191674426e-01 1.405818293922037529e-07 2.303344239552240028e-13 5.597870957253444886e-16 1.512125566775758436e-19
9.700000000000000000e+03 9.999787585918794575e-01 1.378457051589173215e-07 2.337671188014730860e-13 2.187581201798305978e-15 5.072486797792039092e-18
9.705000000000000000e+03 9.999907609176569290e-01 1.362093219533934438e-07 3.732361772523295509e-13 1.707249643026028375e-15 3.318716171998077792e-18
9.710000000000000000e+03 9.999254145163953833e-01 1.353076150741916583e-07 9.602557174030082077e-13 1.794545862466548844e-16 1.574692803774876691e-18
9.715000000000000000e+03 9.999043513838150599e-01 1.355575948718446713e-07 8.314989888825839892e-13 1.499306786924695365e-16 1.426103312795584683e-19
9.720000000000000000e+03 9.999667388679192026e-01 1.313780217119609147e-07 1.321326580333697170e-12 1.127430360014110744e-15 6.666911189608962781e-18
9.725000000000000000e+03 9.999969636060133116e-01 1.265143605144237812e-07 7.318696115380075966e-13 2.314900110582321922e-15 1.624309868846774670e-18
9.730000000000000000e+03 9.999377675407210564e-01 1.225006910156998718e-07 1.692881458572169301e-13 5.302721383852216906e-16 7.688682788637683814e-20
9.735000000000000000e+03 9.999007690328477471e-01 1.219810007273895556e-07 1.968018461811614781e-13 6.087664401230573509e-16 1.675067147082160881e-19
9.740000000000000000e+03 9.999562425834129797e-01 1.200684510556479289e-07 2.841818053821672665e-13 1.088722640340095870e-15 8.080541171327320000e-19
9.745000000000000000e+03 9.999986837285822494e-01 1.181823118152217868e-07 1.682865730734498293e-13 2.527823923556940894e-15 9.136336101057490621e-18
9.750000000000000000e+03 9.999487186132886007e-01 1.169399967868765075e-07 8.159337472892346023e-13 3.947160076067314620e-16 7.645147429767283913e-19
9.755000000000000000e+03 9.998999776381832794e-01 1.172973079282770620e-07 7.500987822602879341e-13 7.528388761451050935e-17 4.746602957690629136e-19
9.760000000000000000e+03 9.999426702168522363e-01 1.147934068794155244e-07 1.321361124812982642e-12 6.115783485113998207e-16 2.770693711351966474e-18
9.765000000000000000e+03 9.999979548165998100e-01 1.098818785844724387e-07 1.085330119499533121e-12 2.610987644037134407e-15 4.707010036372980619e-18
9.770000000000000000e+03 9.999622960440921471e-01 1.054507886642769144e-07 2.909418962619713738e-13 7.262649793747404477e-16 4.014291980690451307e-20
9.775000000000000000e+03 9.999023012710572811e-01 1.038136026722915106e-07 1.822165390702022374e-13 6.275190161714181814e-16 1.538557827888476589e-19
9.780000000000000000e+03 9.999319337391477935e-01 1.029593981361928429e-07 2.416519198188813660e-13 5.803998341103088211e-16 2.200063173886136737e-19
9.785000000000000000e+03 9.999947489467674311e-01 1.008412482814721147e-07 1.593593116709970521e-13 2.490280262941104060e-15 8.167044464813959791e-18
9.790000000000000000e+03 9.999722737201522937e-01 9.964082094610073710e-08 4.859302836889134515e-13 1.134620776967901431e-15 9.212075514820265598e-19
9.795000000000000000e+03 9.999072653977263414e-01 9.942631187686172495e-08 8.112766445115423706e-13 8.565276183054528900e-17 1.260127277834347605e-18
9.800000000000000000e+03 9.999203088402935924e-01 9.858922762987075916e-08 1.081706682014504864e-12 3.295640791490290976e-16 1.421781293011997521e-19
9.805000000000000000e+03 9.999872797829230109e-01 9.405729397754703676e-08 1.388656167713706949e-12 1.813423203558335402e-15 8.044376741494143027e-18
9.810000000000000000e+03 9.999835738832963949e-01 8.964289422816925205e-08 5.838057128047928945e-13 1.913613058742856854e-15 8.876935484198274560e-19
9.815000000000000000e+03 9.999154388373192592e-01 8.673663118485315099e-08 1.547072095005547823e-13 5.979972022336917653e-16 1.289837860196841634e-19
9.820000000000000000e+03 9.999118434848267567e-01 8.642082436300650474e-08 1.802087809825625214e-13 6.306343126282963604e-16 1.516817262919929379e-19
9.825000000000000000e+03 9.999797710010203122e-01 8.449965954332667949e-08 2.307641059337821559e-13 1.567674092712965371e-15 2.862575086415130341e-18
9.830000000000000000e+03 9.999904879510099764e-01 8.333887213882172682e-08 2.055468618663384522e-13 2.059488472507461187e-15 6.256869596724831420e-18
9.835000000000000000e+03 9.999245341078276672e-01 8.257216713011616229e-08 7.914276153577297128e-13 1.485118817162068630e-16 1.642985096456611760e-18
9.840000000000000000e+03 9.999048812083575211e-01 8.267809864400669936e-08 7.917240442577324818e-13 9.671968045712426612e-17 8.218366365455514101e-19
9.845000000000000000e+03 9.999676276399568353e-01 7.920209361548618441e-08 1.520892828480322452e-12 9.763547221581310703e-16 6.415661529927715654e-18
9.850000000000000000e+03 9.999964509071144203e-01 7.490085568425131376e-08 9.700700622920171491e-13 2.942502743259615355e-15 3.241531225244973376e-18
9.855000000000000000e+03 9.999368852503843774e-01 7.124017031806039781e-08 1.974786741412490732e-13 5.140387143820504458e-16 4.165690220233197860e-20
9.860000000000000000e+03 9.999009918541170716e-01 7.057421602991840465e-08 1.651263346636575626e-13 6.314170699050718787e-16 8.524797762065449519e-20
9.865000000000000000e+03 9.999573072405782970e-01 6.933671983732362747e-08 2.399993257901593337e-13 7.379464960981122581e-16 4.965683754726992371e-19
9.870000000000000000e+03 9.999989271930348478e-01 6.804449088662935631e-08 1.104149339476553442e-13 2.444500973930356287e-15 9.076717452024054656e-18
9.875000000000000000e+03 9.999477897226298762e-01 6.712561582097348369e-08 5.607204247092520739e-13 6.096644843783551356e-16 1.215093338763532761e-19
9.880000000000000000e+03 9.998999706198764548e-01 6.728749477370200050e-08 6.684605751594963052e-13 2.691682421299519827e-17 1.030854889148968478e-18
9.885000000000000000e+03 9.999437389346885752e-01 6.530524661417159308e-08 1.369000953221355200e-12 5.635550820986933710e-16 1.401040294218210692e-18
9.890000000000000000e+03 9.999979232720557221e-01 6.121665123881850700e-08 1.342762557845811426e-12 2.568658830811143490e-15 7.021644442009491622e-18
9.895000000000000000e+03 9.999612961772035291e-01 5.743697162988568907e-08 4.133643972062690548e-13 1.276296508205483523e-15 2.320233654033401077e-19
9.900000000000000000e+03 9.999020874856002772e-01 5.584077279207374088e-08 1.567109160247128360e-13 6.263113650933154073e-16 4.473802718376301753e-20
9.905000000000000000e+03 9.999328495724184585e-01 5.533720717357232820e-08 1.796638678068144258e-13 6.272909395601368897e-16 1.843040918852213437e-19
9.910000000000000000e+03 9.999954251882735567e-01 5.395532506745490153e-08 1.567919111725578041e-13 1.930904437687115311e-15 5.165230504891990522e-18
9.915000000000000000e+03 9.999715806844575727e-01 5.315908797959389899e-08 2.638142336234198630e-13 1.467440446882806820e-15 2.533198532563377453e-18
9.920000000000000000e+03 9.999067451629893855e-01 5.291209260454325708e-08 6.610175319797292379e-13 3.136610553745397663e-17 1.570894070835268959e-18
9.925000000000000000e+03 9.999212542538582493e-01 5.225558329305260538e-08 9.915130581289028256e-13 2.491143488219183533e-16 3.330650546361858470e-19
9.930000000000000000e+03 9.999877817273190583e-01 4.872776458278760797e-08 1.589890735568371939e-12 1.490164178438317681e-15 8.332202099098790031e-18
9.935000000000000000e+03 9.999826782482550414e-01 4.517404941839373462e-08 7.856233310023909186e-13 2.742911506777664089e-15 1.717738978408309785e-18
9.940000000000000000e+03 9.999148164804585459e-01 4.272228299211293664e-08 1.570081300330586744e-13 5.299518958220149708e-16 4.658303394853894064e-20
9.945000000000000000e+03 9.999124622178723332e-01 4.247284014908377543e-08 1.452544699414165412e-13 6.754605043252462890e-16 3.284700092071045163e-20
9.950000000000000000e+03 9.999807058158511897e-01 4.131865932760021111e-08 2.087602317711349367e-13 1.039058676884413584e-15 1.245259169101144831e-18
9.955000000000000000e+03 9.999902184675547590e-01 4.061265660673282087e-08 9.580485203905242971e-14 2.110369150926365445e-15 7.583061832576533517e-18
9.960000000000000000e+03 9.999236902008847849e-01 4.004465473041097728e-08 5.514044205957143736e-13 2.294261882350835758e-16 9.267381018170155360e-19
9.965000000000000000e+03 9.999054292814750777e-01 4.006208989216705508e-08 6.469708064295608775e-13 3.540151794123794956e-17 1.151514837215158327e-18
9.970000000000000000e+03 9.999685572007250833e-01 3.754254661302406972e-08 1.581512921552272701e-12 8.101047714880019170e-16 3.950563795606517946e-18
9.975000000000000000e+03 9.999958966358298840e-01 3.429855860513092510e-08 1.203066578781233102e-12 3.147828995826092278e-15 5.219618023727087152e-18
9.980000000000000000e+03 9.999359510844033627e-01 3.150679615603986028e-08 2.736149342343761186e-13 7.617987913892685554e-16 1.859446593318524844e-19
9.985000000000000000e+03 9.999012167272481877e-01 3.090566339699137289e-08 1.543601245292977617e-13 6.203957905075345210e-16 4.224759267828379127e-21
9.990000000000000000e+03 9.999583010086510182e-01 3.025484245788941261e-08 1.840525798806119461e-13 6.567828321672587441e-16 2.375070152285637452e-19
9.995000000000000000e+03 9.999991295621717402e-01 2.951788884307015064e-08 9.125990063986451748e-14 2.025366016792302568e-15 7.051951312911959396e-18
1.000000000000000000e+04 9.999468999293122939e-01 2.894091441867811217e-08 3.078994341707734863e-13 8.731712002217463626e-16 3.114770995161662214e-19
1.000500000000000000e+04 9.998999778842934116e-01 2.898179786644174691e-08 5.078900393886621442e-13 1.318114638559787999e-18 8.235237077916494905e-19
1.001000000000000000e+04 9.999448461768261076e-01 2.764848863860132037e-08 1.259683000938260160e-12 4.648172909401813109e-16 1.606800869758810408e-19
1.001500000000000000e+04 9.999978892327437974e-01 2.480790878073376271e-08 1.539578966178051521e-12 2.145359935451116251e-15 8.563911173920595527e-18
1.002000000000000000e+04 9.999602294280071080e-01 2.217564279703275571e-08 5.736958487327759588e-13 2.076886018232141055e-15 8.467854661800885879e-19
1.002500000000000000e+04 9.999018690659237096e-01 2.097680763967538196e-08 1.573709166533099404e-13 6.034780739175357629e-16 8.022997311028845779e-21
1.003000000000000000e+04 9.999337222682198600e-01 2.075719367710848037e-08 1.374230228437842618e-13 7.110189367386102477e-16 3.414121895498490108e-20
1.003500000000000000e+04 9.999960233935780707e-01 2.003822343118993248e-08 1.536565491062160518e-13 1.344371665106390404e-15 2.798369377660110423e-18
1.004000000000000000e+04 9.999709078214985558e-01 1.961552982986067492e-08 1.033767964408330999e-13 1.611282981582217016e-15 4.036236271077608970e-18
1.004500000000000000e+04 9.999062479546878546e-01 1.942043407917326533e-08 4.527662091247165040e-13 4.596146699518211437e-17 8.309140080245921740e-19
1.005000000000000000e+04 9.999222225194502878e-01 1.900368856392390986e-08 7.840889042024829387e-13 1.490997972212491547e-16 7.782199148498137524e-19
1.005500000000000000e+04 9.999883128096591633e-01 1.679264444835097926e-08 1.669434924209049032e-12 1.106731046240825694e-15 6.405481563037749466e-18
1.006000000000000000e+04 9.999817261152719183e-01 1.455588769217520762e-08 9.928008069706686196e-13 3.265308346946046592e-15 2.966549005538596197e-18
1.006500000000000000e+04 9.999141654313363770e-01 1.299273198118583144e-08 1.973009549275031662e-13 5.764367120977812768e-16 6.585987453499001809e-20
1.007000000000000000e+04 9.999130678840303377e-01 1.284941338478909239e-08 1.439061512579088033e-13 6.434069265423274933e-16 1.647500811661154084e-20
1.007500000000000000e+04 9.999815503452148535e-01 1.233806382277468260e-08 1.746018163308985583e-13 7.843329468264956337e-16 6.228136525528901204e-19
1.008000000000000000e+04 9.999899297269757570e-01 1.202155316802654100e-08 4.738145590475631588e-14 1.855038945901587608e-15 6.848496944840668549e-18
1.008500000000000000e+04 9.999228795942392001e-01 1.170670995845447695e-08 3.058862660939461146e-13 3.933575225175930758e-16 1.440192552614998035e-19
1.009000000000000000e+04 9.999059871544088152e-01 1.169253839876224264e-08 4.410498475187509250e-13 2.413725411608531602e-17 8.400436859773741441e-19
1.009500000000000000e+04 9.999695265645608400e-01 1.030820621129452090e-08 1.485968290270225649e-12 6.517198222637167332e-16 1.073851405410229840e-18
1.010000000000000000e+04 9.999953174530834543e-01 8.525447029297902296e-09 1.394228226569079422e-12 2.806678647933869484e-15 7.071892057700771149e-18
1.010500000000000000e+04 9.999349642943131666e-01 7.037226860835904657e-09 3.858706141953154005e-13 1.303093231613470077e-15 6.072194075763772103e-19
1.011000000000000000e+04 9.999014422224627996e-01 6.690926533391023016e-09 1.714513848184289465e-13 6.152781310985860894e-16 3.372379973844174587e-20
1.011500000000000000e+04 9.999592211537025044e-01 6.476352288560656456e-09 1.419326441276204639e-13 7.239592523707864282e-16 1.305448911807865398e-19
1.012000000000000000e+04 9.999992674555531202e-01 6.199052884080499766e-09 9.373415927346775596e-14 1.496459139440956385e-15 4.655922370798669786e-18
1.012500000000000000e+04 9.999460394046355560e-01 5.958219222074938278e-09 1.154623079866848188e-13 1.055899657891219712e-15 1.520124172615412428e-18
1.013000000000000000e+04 9.998999952394704849e-01 5.960689816636860278e-09 3.189469714790817309e-13 2.964816964067140010e-17 3.222404447364093502e-19
1.013500000000000000e+04 9.999459831167547552e-01 5.348621227915825784e-09 1.019910204648351507e-12 3.419575899221694341e-16 3.987564097948784027e-19
1.014000000000000000e+04 9.999978667951786582e-01 4.078687895694954485e-09 1.639440431125745371e-12 1.522911946917140826e-15 8.382720836296022367e-18
1.014500000000000000e+04 9.999591038187327641e-01 2.986075382473301244e-09 7.460229834947702632e-13 2.789801637912863956e-15 1.889148553969516733e-18
1.015000000000000000e+04 9.999016420868217514e-01 2.493584345724424314e-09 1.848309328390828347e-13 6.258303068695251070e-16 3.119012407690827828e-20
1.015500000000000000e+04 9.999345552270680892e-01 2.453085285878855661e-09 1.349729128234861033e-13 6.969758655800539520e-16 4.892344768095179891e-21
1.016000000000000000e+04 9.999965265337796838e-01 2.257156994377717860e-09 1.435849692185720390e-13 9.717520109221108483e-16 1.750068955547588757e-18
1.016500000000000000e+04 9.999702374056628207e-01 2.143123886330579754e-09 2.381121241762922783e-14 1.508198319194987404e-15 4.998141101231573699e-18
1.017000000000000000e+04 9.999057717375207099e-01 2.084253291078572059e-09 2.474842138722885265e-13 1.317273083673713149e-16 1.394785925984415990e-19
1.017500000000000000e+04 9.999232025225446296e-01 1.939400653421237566e-09 5.177796438704279222e-13 1.082197640607222447e-16 1.584478315160250458e-18
1.018000000000000000e+04 9.999888786288078091e-01 1.251671762218083844e-09 1.609635915965086908e-12 7.873546740771005938e-16 3.399901102235856977e-18
1.018500000000000000e+04 9.999807329458042515e-01 6.714707724728674798e-10 1.173448689559561447e-12 3.196061266983576823e-15 4.720253479777230800e-18
1.019000000000000000e+04 9.999134832891247715e-01 3.450662109242175839e-10 2.650687714141689650e-13 8.246038084217527419e-16 1.085897883920003772e-19
1.019500000000000000e+04 9.999136642848133194e-01 3.225736748053776230e-10 1.791163674080790359e-13 5.913077248063842015e-16 2.928435597824453296e-20
1.020000000000000000e+04 9.999822980814898621e-01 2.660827796246290594e-10 1.442208792765820448e-13 7.665857233841085423e-16 6.015424662727321222e-19
1.020500000000000000e+04 9.999895996478016524e-01 2.319779373707819014e-10 4.552067899473643185e-14 1.444875623463797833e-15 5.370482381997791707e-18
1.021000000000000000e+04 9.999220974354692260e-01 2.095356155722214107e-10 1.168441268860391395e-13 5.574116394960567408e-16 3.481700068603530933e-19
1.021500000000000000e+04 9.999065467627770154e-01 2.159282444412121339e-10 2.358070524472232787e-13 9.451202707177632267e-17 5.834480853559286891e-19
1.022000000000000000e+04 9.999705312271537361e-01 5.156368916512393716e-11 1.256264108123456942e-12 5.178393334254592424e-16 5.790651456854958699e-20
1.022500000000000000e+04 9.999947306477989795e-01 7.857008167593104927e-12 1.512619935772822683e-12 2.055577797758468074e-15 8.074972016154441890e-18
1.023000000000000000e+04 9.999339288501312151e-01 1.395027571962312213e-10 5.110608131173180753e-13 1.947922041794364645e-15 9.613132280153586176e-19
1.023500000000000000e+04 9.999016690913457017e-01 1.997928491285801329e-10 2.105862790843357780e-13 6.845793393436821172e-16 1.273930158732805351e-20
1.024000000000000000e+04 9.999600707936909805e-01 2.244172811889818313e-10 1.346682636184630235e-13 7.435117819634622711e-16 1.506562722742069215e-19
1.024500000000000000e+04 9.999993211540229021e-01 2.619051698432215315e-10 1.007598337454948134e-13 1.101263220165032742e-15 3.100792384007065291e-18
1.025000000000000000e+04 9.999451965871992698e-01 3.245408279372589041e-10 1.565408383386567704e-14 1.072160243957965436e-15 3.121471522188361132e-18
1.025500000000000000e+04 9.999000190795009901e-01 3.724834057476941492e-10 1.574173637392772246e-13 1.077608269821757261e-16 2.822520791209382428e-19
1.026000000000000000e+04 9.999471387086142915e-01 4.880481890202298834e-10 7.115607373318268416e-13 2.627192745054325200e-16 2.175629922293381518e-18
1.026500000000000000e+04 9.999978679823176009e-01 9.790975013547567064e-10 1.624444222593363354e-12 9.466253264129139909e-16 6.188831206639785325e-18
1.027000000000000000e+04 9.999579315875847252e-01 1.681497161253772129e-09 9.019918838471438141e-13 3.046031352749393317e-15 3.040984085906357416e-18
1.027500000000000000e+04 9.999014054246297967e-01 2.130065711750065592e-09 2.286220453611885037e-13 7.489831066386497067e-16 1.175054312460567736e-21
1.028000000000000000e+04 9.999353560525420237e-01 2.136319265301631260e-09 1.772741606120894389e-13 5.929624400548121558e-16 6.125558039728931427e-20
1.028500000000000000e+04 9.999969236396600847e-01 2.271270013459316056e-09 1.300429505545892151e-13 8.625955699725981902e-16 1.365857034249670384e-18
1.029000000000000000e+04 9.999695514087350023e-01 2.369342474257513968e-09 1.581546351898466835e-14 1.232782563752381984e-15 5.219538454914582741e-18
1.029500000000000000e+04 9.999053142188810694e-01 2.523107113197880388e-09 9.866712537061542749e-14 2.466973337069012078e-16 1.171092725417673385e-19
1.030000000000000000e+04 9.999241829233018741e-01 2.649582553458682283e-09 2.651411184503262659e-13 1.828468637358965976e-16 2.181522575932567270e-18
1.030500000000000000e+04 9.999894811615951395e-01 3.563895542549975785e-09 1.424088067503762075e-12 5.957203134180579683e-16 8.915469752340389097e-19
1.031000000000000000e+04 9.999797164160667551e-01 4.833721580363890544e-09 1.301074954667120692e-12 2.532979324425233298e-15 6.476975245938255769e-18
1.031500000000000000e+04 9.999127715627608159e-01 5.977228759834132404e-09 3.417304099922674095e-13 1.221184624981389205e-15 1.300153403154444755e-19
1.032000000000000000e+04 9.999142578051215535e-01 6.064212078464690591e-09 2.412554114196847537e-13 6.465901683393829008e-16 6.502480561659495739e-20
1.032500000000000000e+04 9.999829493426672933e-01 6.230551603885856962e-09 1.360775622151163952e-13 7.904141647882044534e-16 4.912573787775494675e-19
1.033000000000000000e+04 9.999892084791391911e-01 6.338442697245136921e-09 6.482865291387916777e-14 1.087935179173878200e-15 4.231440202280251225e-18
1.033500000000000000e+04 9.999213378488055470e-01 6.626647213393939676e-09 2.002242729818483216e-14 6.409975610950341997e-16 1.065710446908744255e-18
1.034000000000000000e+04 9.999071011089182281e-01 6.695870185884789870e-09 8.679481021850918890e-14 2.278712069125504424e-16 4.046761800871647116e-19
1.034500000000000000e+04 9.999715633919383784e-01 7.730088026225369562e-09 9.466865062145619757e-13 4.343189097643226021e-16 1.119947674246703104e-18
1.035000000000000000e+04 9.999941529269006368e-01 9.551545336145828128e-09 1.540898584831109852e-12 1.214553725246327640e-15 7.468445947752062978e-18
1.035500000000000000e+04 9.999328530366237144e-01 1.147525030787813158e-08 6.256870283981084756e-13 2.377062395759292010e-15 1.077946709554568830e-18
1.036000000000000000e+04 9.999019001924845940e-01 1.204266626625321828e-08 2.595986128161911839e-13 8.593471239703386881e-16 3.542522920199804496e-20
1.036500000000000000e+04 9.999608587810612237e-01 1.208286986035158843e-08 1.726897358647057769e-13 6.268997391452479475e-16 1.306840934174446881e-19
1.037000000000000000e+04 9.999992761132345809e-01 1.225567656561286299e-08 1.023443806452361583e-13 9.427887525382417184e-16 2.352212451233174040e-18
1.037500000000000000e+04 9.999443592484288379e-01 1.256210315597936031e-08 4.950672406492569798e-15 9.330252151024939077e-16 3.639009319530359810e-18
1.038000000000000000e+04 9.999000468016607801e-01 1.273326930992666076e-08 6.223116278481333813e-14 2.010570417545528933e-16 3.117636909832637240e-19
1.038500000000000000e+04 9.999483004719055268e-01 1.351249663952236373e-08 4.102566266861358671e-13 2.965143424678636480e-16 3.529778162732510144e-18
1.039000000000000000e+04 9.999979018155249477e-01 1.580301921132983209e-08 1.499897361998472875e-12 5.937194319430601732e-16 2.916724802617712924e-18
1.039500000000000000e+04 9.999567282496850673e-01 1.839742538582339072e-08 1.020159096475179899e-12 2.679824528717272135e-15 3.907975659640998640e-18
1.040000000000000000e+04 9.999011607461356643e-01 1.992847807249317087e-08 2.753798167650561545e-13 9.520210822700078383e-16 6.996020429048581179e-20
1.040500000000000000e+04 9.999361360203008475e-01 1.983444669356290619e-08 2.565920132925536030e-13 5.573838359868931910e-16 1.516822094997711345e-19
1.041000000000000000e+04 9.999972107493328988e-01 2.007648622603958617e-08 1.248489744465805588e-13 8.651244461593509406e-16 9.319386439453222544e-19
1.041500000000000000e+04 9.999688329201351644e-01 2.026554776569712017e-08 4.787815822082122361e-14 9.422500684296566663e-16 4.412506071847348494e-18
1.042000000000000000e+04 9.999048732469951739e-01 2.069241867989697702e-08 3.254476684511493573e-14 3.359985979934942176e-16 1.991201798200906431e-19
1.042500000000000000e+04 9.999251530447273995e-01 2.105529758914848341e-08 8.595690368153511963e-14 3.657835339925556028e-16 1.632583534541027820e-18
1.043000000000000000e+04 9.999901184956214717e-01 2.351155871497346362e-08 1.153336796360966501e-12 5.296772618383819252e-16 1.521497613239501876e-19
1.043500000000000000e+04 9.999786951583164996e-01 2.666108013327723818e-08 1.360819354182008163e-12 1.567685415022712564e-15 7.068389176288266486e-18
1.044000000000000000e+04 9.999120354170234481e-01 2.937468239626058909e-08 4.110221061653398048e-13 1.575108370245898956e-15 2.698164210145387980e-19
1.044500000000000000e+04 9.999148568941469417e-01 2.953514929821119451e-08 3.162297955795242309e-13 8.945756014874566350e-16 2.642830216075122834e-19
1.045000000000000000e+04 9.999835113857861169e-01 2.967236578092041089e-08 1.651926156689113263e-13 6.836374110243059821e-16 1.983137006913138062e-19
1.045500000000000000e+04 9.999887402808135262e-01 2.976231388644369550e-08 8.102689977140349491e-14 9.159029108193328484e-16 3.351970459444763816e-18
1.046000000000000000e+04 9.999205945951220587e-01 3.035438744476372863e-08 1.349587475498354403e-14 6.165149729864936022e-16 1.293388469090701230e-18
1.046500000000000000e+04 9.999076448791722749e-01 3.051494339884915099e-08 2.196372310882779263e-14 3.674110483650553503e-16 6.027565832356631266e-20
1.047000000000000000e+04 9.999726124554028095e-01 3.261804756959476960e-08 6.259277696656595183e-13 4.359917408569856441e-16 2.882871204923977948e-18
1.047500000000000000e+04 9.999935991814522529e-01 3.626584346176895289e-08 1.478800049025475163e-12 6.043860028708263297e-16 5.055392458917078435e-18
1.048000000000000000e+04 9.999317487333452270e-01 3.999639801718864513e-08 7.149421880989394809e-13 2.336801852839927746e-15 1.200463992349967385e-18
1.048500000000000000e+04 9.999021401756551519e-01 4.111262804094473174e-08 3.082005524609603722e-13 1.082015962162141441e-15 2.046568548694578240e-19
1.049000000000000000e+04 9.999615990774176622e-01 4.094000332640249744e-08 2.551574854733871114e-13 4.860441331019926259e-16 8.390897914512557222e-20
1.049500000000000000e+04 9.999991241208184833e-01 4.105357967580354259e-08 1.001452488757405722e-13 9.314892574779365578e-16 1.745729374506309804e-18
1.050000000000000000e+04 9.999435155086611182e-01 4.152067196194214102e-08 4.873738732796469253e-14 7.338059343842098807e-16 2.848644747748113073e-18
1.050500000000000000e+04 9.999000771536256105e-01 4.187945369375210766e-08 4.143738120252087388e-14 2.698067450952016416e-16 1.534147755609326025e-19
1.051000000000000000e+04 9.999494554258238077e-01 4.319117102332367194e-08 1.792257509876142007e-13 4.651352493891081544e-16 3.103125159103626684e-18
1.051500000000000000e+04 9.999979735351245402e-01 4.716129687543931843e-08 1.292127623624218413e-12 4.994775561226246304e-16 4.830644143329134755e-19
1.052000000000000000e+04 9.999555114629967711e-01 5.157794830489933990e-08 1.090656147211871139e-12 1.840552257491798891e-15 4.201951835747358200e-18
1.052500000000000000e+04 9.999009122218526224e-01 5.422976460479912088e-08 3.167547648290166909e-13 1.127241588876036170e-15 2.108686714360572406e-19
1.053000000000000000e+04 9.999369091566390200e-01 5.388721056053708143e-08 3.593916558445891522e-13 7.727053837262781935e-16 2.497305412561830179e-19
1.053500000000000000e+04 9.999973913250542745e-01 5.400483753765359798e-08 1.441196420991643568e-13 7.733431939508504715e-16 4.396043718232087331e-19
1.054000000000000000e+04 9.999680673916447882e-01 5.415057618682569972e-08 8.176623340870055951e-14 7.742098908511257282e-16 3.160896418356938109e-18
1.054500000000000000e+04 9.999044471595784911e-01 5.488824365040173578e-08 4.056305483381885693e-14 3.669080614247243426e-16 3.154200799606826672e-19
1.055000000000000000e+04 9.999261037282767273e-01 5.542081088017987706e-08 6.182799642375950706e-15 5.863379348295210992e-16 4.813721802540920626e-19
1.055500000000000000e+04 9.999907848363491780e-01 5.922202321064656884e-08 8.523119971269738073e-13 5.535915889205675034e-16 1.657459425969941125e-18
1.056000000000000000e+04 9.999776874083969869e-01 6.411306520645635052e-08 1.350896604940680213e-12 7.128486933489480219e-16 5.679984333216968668e-18
1.056500000000000000e+04 9.999112831198424534e-01 6.835790233764935324e-08 4.658565598882159202e-13 1.670480122608103188e-15 4.875482521300197248e-19
1.057000000000000000e+04 9.999154713106854775e-01 6.853495525428051513e-08 3.934052705839407346e-13 1.281959147237313840e-15 4.580000983015920223e-19
1.057500000000000000e+04 9.999839979141504909e-01 6.839617933694161986e-08 2.391568149210674229e-13 4.656261000034916434e-16 9.259869771373243787e-20
1.058000000000000000e+04 9.999881841230245927e-01 6.830596135675430995e-08 8.242605987553741203e-14 9.063615559616866387e-16 2.454258720078908599e-18
1.058500000000000000e+04 9.999198616696327591e-01 6.916905750591876082e-08 6.227348084025046076e-14 5.196348180947125189e-16 1.362877157763876959e-18
1.059000000000000000e+04 9.999081749301399480e-01 6.943339929280284078e-08 3.297470426804489737e-14 4.545232568813296654e-16 1.602281274420388351e-19
1.059500000000000000e+04 9.999736657455288169e-01 7.237631673722709712e-08 3.552032234785264559e-13 5.464205953533544689e-16 4.172517154395598416e-18
1.060000000000000000e+04 9.999930813108901528e-01 7.764793699463680374e-08 1.341534285693682597e-12 3.765613440611056922e-16 1.940201305356046485e-18
1.060500000000000000e+04 9.999306304594728356e-01 8.304271821500316111e-08 7.753637214590926064e-13 1.807880356255523839e-15 1.631003757130537148e-18
1.061000000000000000e+04 9.999023949644683107e-01 8.468898417843055393e-08 3.530286749608309015e-13 1.222686105015366878e-15 2.805615039892304451e-19
1.061500000000000000e+04 9.999623096307913572e-01 8.409123779665986595e-08 3.729874772189449769e-13 5.629240189091633870e-16 1.997877759212821240e-19
1.062000000000000000e+04 9.999988639969799031e-01 8.395723661266354751e-08 1.075202928317802681e-13 8.760808798023487980e-16 1.007052176815345074e-18
1.062500000000000000e+04 9.999426547271808019e-01 8.448569994638848223e-08 9.908844649140581731e-14 5.868317169290696099e-16 2.273816317210179860e-18
1.063000000000000000e+04 9.999001104608924440e-01 8.507699601448206654e-08 7.244752879619822044e-14 2.936524783906068996e-16 4.258050579003104334e-19
1.063500000000000000e+04 9.999505910923398577e-01 8.673360259751919602e-08 4.924489059023755291e-14 7.194998706198194322e-16 1.703411439703354014e-18
1.064000000000000000e+04 9.999980840635909196e-01 9.211338837053214439e-08 1.040468061028743969e-12 5.761851537428248030e-16 4.732107996692388442e-19
1.064500000000000000e+04 9.999542997279148304e-01 9.812140234578293464e-08 1.113863744247835705e-12 9.068229653248807971e-16 3.929642157817871592e-18
1.065000000000000000e+04 9.999006660116276368e-01 1.018289427673417379e-07 3.524438898661278099e-13 1.145583123562428598e-15 1.997272749423987355e-19
1.065500000000000000e+04 9.999376910369460747e-01 1.011013938820923782e-07 4.729561502738584125e-13 1.282242810547500029e-15 3.691002921893815891e-19
1.066000000000000000e+04 9.999974760651736405e-01 1.008789957652831981e-07 2.025808922138800551e-13 5.206413884715334435e-16 1.993871747620452560e-19
1.066500000000000000e+04 9.999672436909147200e-01 1.008479827970848090e-07 9.093766185894807912e-14 7.591570197948407848e-16 2.538890288514782628e-18
1.067000000000000000e+04 9.999040350366710239e-01 1.019068791593912570e-07 8.719903617593489575e-14 3.435073311117629948e-16 8.806486298754963794e-19
1.067500000000000000e+04 9.999270280718387527e-01 1.025169910256573141e-07 1.186482885834602627e-14 7.508796934878697466e-16 9.594622608470264441e-20
1.068000000000000000e+04 9.999914708399900709e-01 1.073448725113938241e-07 5.742214676986224328e-13 6.353783186027973612e-16 4.369426739221626734e-18
1.068500000000000000e+04 9.999767096264773336e-01 1.136822497091617138e-07 1.279721066966186155e-12 2.649244320289548480e-16 3.039845652669542447e-18
1.069000000000000000e+04 9.999105252732906068e-01 1.192863947372490865e-07 5.082739370805856689e-13 1.414860913653414940e-15 7.131291739570595667e-19
1.069500000000000000e+04 9.999161112082393110e-01 1.194082684757204631e-07 4.688665729420082022e-13 1.621197100153271656e-15 4.146708251453673117e-19
1.070000000000000000e+04 9.999844279937749603e-01 1.187745433166690110e-07 3.563447853453860132e-13 3.663237530338791889e-16 3.868102451281924459e-19
1.070500000000000000e+04 9.999875349261987401e-01 1.183575212059852470e-07 7.612372487866632638e-14 9.112230893797731801e-16 1.635416981696477535e-18
1.071000000000000000e+04 9.999191337757367126e-01 1.194351075589915070e-07 1.169654075732850669e-13 4.179758049794724151e-16 1.834122107521907181e-18
1.071500000000000000e+04 9.999086906024517996e-01 1.197989937577441609e-07 8.295384812066507671e-14 4.628827911925096218e-16 9.376328569968439279e-19
1.072000000000000000e+04 9.999747094831250571e-01 1.232728525640063250e-07 1.707242680138930826e-13 7.522398016276738719e-16 4.317423991614061594e-18
1.072500000000000000e+04 9.999926072111178232e-01 1.298187439466441014e-07 1.154333831799943417e-12 4.628273047435500573e-16 1.958449526896344220e-19
1.073000000000000000e+04 9.999295142642961043e-01 1.365910428038445394e-07 8.107337577176580863e-13 1.028504957052131265e-15 2.376607245945316631e-18
1.073500000000000000e+04 9.999026710964791231e-01 1.386926800257796467e-07 3.968260186215903683e-13 1.161940605085664568e-15 2.028473495461890506e-19
1.074000000000000000e+04 9.999630108492105762e-01 1.374917890307297996e-07 5.127245175220137712e-13 1.039399468070531211e-15 6.918685661458400720e-19
1.074500000000000000e+04 9.999985017548277400e-01 1.369478293081321152e-07 1.444483358263801735e-13 6.499854849405993274e-16 4.070363521704366528e-19
1.075000000000000000e+04 9.999417682448297207e-01 1.374321987255355600e-07 1.181208263567629081e-13 5.485569577643021656e-16 2.595118125031873732e-18
1.075500000000000000e+04 9.999001486971379471e-01 1.382770824162742834e-07 1.160765782175696237e-13 2.794093545138657058e-16 1.033714870467492582e-18
1.076000000000000000e+04 9.999516964544877817e-01 1.400516920805219001e-07 1.259908770232815711e-14 9.604506494959199902e-16 5.877101113248181302e-19
1.076500000000000000e+04 9.999982298014122861e-01 1.464443754672938575e-07 7.864753687509554678e-13 6.979028693818837350e-16 2.748925414148323093e-18
1.077000000000000000e+04 9.999531109931468764e-01 1.536715999906096929e-07 1.095086743775577643e-12 2.622472022818371959e-16 3.254945207053729549e-18
1.077500000000000000e+04 9.999004295938898057e-01 1.582757287283412643e-07 3.870084850993964718e-13 9.518238793292992609e-16 1.578632269217778485e-19
1.078000000000000000e+04 9.999384974199668763e-01 1.570503334331284285e-07 5.881318651314732754e-13 1.916019513344861363e-15 6.459166186000401726e-19
1.078500000000000000e+04 9.999974820825073829e-01 1.563084634478791375e-07 3.076474004383361740e-13 2.679434516641592142e-16 3.462081295206014253e-19
1.079000000000000000e+04 9.999663548987667294e-01 1.559825688877573607e-07 7.374199927212441949e-14 8.068956568427176914e-16 2.422789235262516144e-18
1.079500000000000000e+04 9.999036368208954473e-01 1.573444272662502715e-07 1.292760379244318200e-13 2.963507239743616472e-16 1.347005718217837330e-18
1.080000000000000000e+04 9.999279219801697760e-01 1.579236912547880094e-07 6.037444736507716559e-14 7.965604017821748329e-16 4.967409772301702826e-19
1.080500000000000000e+04 9.999921642731227633e-01 1.633668517149426310e-07 3.566544839184175707e-13 7.597782454287708622e-16 6.087287723080719578e-18
1.081000000000000000e+04 9.999757751793524330e-01 1.707240206931438761e-07 1.161020190317509990e-12 2.596335950692599996e-16 8.955655902457560872e-19
1.081500000000000000e+04 9.999097739135792695e-01 1.773999006564530437e-07 5.433828308302538742e-13 9.101614639551577886e-16 1.013387291249991254e-18
1.082000000000000000e+04 9.999167861504382193e-01 1.773881907262521645e-07 5.427511039382364954e-13 1.701467543273488240e-15 2.777361962261641857e-19
1.082500000000000000e+04 9.999848244534785824e-01 1.760870709074313690e-07 5.059327581880799563e-13 6.659277383587020831e-16 9.972004218053615884e-19
1.083000000000000000e+04 9.999867938961701785e-01 1.752278250242978412e-07 8.564745498431048162e-14 7.751795525079321815e-16 9.473843384463409432e-19
1.083500000000000000e+04 9.999184066871121823e-01 1.764451120045072992e-07 1.381981172638135259e-13 3.655351172157681513e-16 2.051219273358258219e-18
1.084000000000000000e+04 9.999091938036537286e-01 1.768884538138704072e-07 1.268525380282639342e-13 4.095560526669792368e-16 1.371629617284689847e-18
1.084500000000000000e+04 9.999757298150487861e-01 1.805327133772955108e-07 7.677176412373576932e-14 9.932909570406061018e-16 3.081804768381386653e-18
1.085000000000000000e+04 9.999921800363424929e-01 1.878876911547472670e-07 9.456309968968647004e-13 6.630709164318371494e-16 1.048069008746149147e-18
1.085500000000000000e+04 9.999284164766294447e-01 1.956325752529640429e-07 8.246810128115393769e-13 3.504151458745224914e-16 2.849619118618583607e-18
1.086000000000000000e+04 9.999029749954528867e-01 1.980693038141305205e-07 4.427481338552595001e-13 8.806988807439466140e-16 2.035715064842959686e-19
1.086500000000000000e+04 9.999637238657569371e-01 1.961360522657576263e-07 6.590665998212387107e-13 1.863507932416258234e-15 1.495374470742544632e-18
1.087000000000000000e+04 9.999980501546231748e-01 1.950612859685801142e-07 2.286992715826973822e-13 3.162515499265955840e-16 2.596384622257410474e-19
1.087500000000000000e+04 9.999408499610028533e-01 1.954008574547876078e-07 9.643857239578494132e-14 5.896553406479554102e-16 2.653708918454369920e-18
1.088000000000000000e+04 9.999001953809818488e-01 1.964946178620159284e-07 1.374978628446416647e-13 2.512935005023970602e-16 1.047103422506120539e-18
1.088500000000000000e+04 9.999527628101176902e-01 1.981424356351749109e-07 3.291201328075922412e-14 1.091238541041696175e-15 1.371643581304970500e-19
1.089000000000000000e+04 9.999984028100841194e-01 2.050606191953097371e-07 5.639535209152531411e-13 7.845546853163307016e-16 5.455064831074213710e-18
1.089500000000000000e+04 9.999519612752297837e-01 2.130266857884742653e-07 1.039124897425044632e-12 8.176065875451263052e-17 2.114394578994651034e-18
1.090000000000000000e+04 9.999002110166963497e-01 2.182918305375875113e-07 4.230123695119668685e-13 6.129389805772921997e-16 2.517168753171869128e-19
1.090500000000000000e+04 9.999393428270961781e-01 2.164898034235661856e-07 6.975423911338785857e-13 2.367944471250280993e-15 1.039730114734316219e-18
1.091000000000000000e+04 9.999974314853158353e-01 2.151003401217127876e-07 4.550069546196991656e-13 3.144066661922718727e-16 8.456051016938785415e-19
1.091500000000000000e+04 9.999653988293678575e-01 2.143891189427941308e-07 5.501026132739473241e-14 7.774794068346158163e-16 1.795585626139933465e-18
1.092000000000000000e+04 9.999032533041897208e-01 2.160086346394878602e-07 1.377374453124495798e-13 2.594034945425269358e-16 1.038478860363014671e-18
1.092500000000000000e+04 9.999287844559452409e-01 2.164430517364293448e-07 1.035218246032702922e-13 7.242877425368743106e-16 8.630593391286780546e-19
1.093000000000000000e+04 9.999928509318355419e-01 2.220348244962715078e-07 2.143465880032792116e-13 9.132470366992727928e-16 5.459822053103694157e-18
1.093500000000000000e+04 9.999748932107686006e-01 2.298927265126858203e-07 1.009715983317690983e-12 5.013506611479006231e-16 3.185994139135231491e-19
1.094000000000000000e+04 9.999090415118686570e-01 2.372644699511097716e-07 5.717471564732563063e-13 3.902452944598350780e-16 1.181994611954220940e-18
1.094500000000000000e+04 9.999175041592495150e-01 2.370441336051413489e-07 6.131003781801325157e-13 1.431123638332959026e-15 2.764079565888165149e-19
1.095000000000000000e+04 9.999852119474581524e-01 2.349631389655671965e-07 6.693204168934961683e-13 1.467788493247461888e-15 1.719957852137652377e-18
1.095500000000000000e+04 9.999859684409391214e-01 2.335886450919128396e-07 1.403017277018043274e-13 4.689196151183339730e-16 3.888415841182928716e-19
1.096000000000000000e+04 9.999176774787108535e-01 2.348599962837826250e-07 1.156161030833340212e-13 3.729641973607735282e-16 1.535243939250389471e-18
1.096500000000000000e+04 9.999096888841839670e-01 2.353490588328565511e-07 1.346810238166509845e-13 3.398234067529218479e-16 1.028481422596558272e-18
1.097000000000000000e+04 9.999767138902316832e-01 2.387849105963729702e-07 5.124477048157168600e-14 1.181242621511490393e-15 1.297793285374416914e-18
1.097500000000000000e+04 9.999917978490865389e-01 2.464113679980248583e-07 7.410508740240190243e-13 7.945192545855953691e-16 3.556614956241423756e-18
1.098000000000000000e+04 9.999273524652116940e-01 2.546422983497136794e-07 8.151244799440939860e-13 2.586771094788108078e-17 2.270324480160399901e-18
1.098500000000000000e+04 9.999033122523784956e-01 2.572632644139508746e-07 4.878246342545080827e-13 4.875289254869746365e-16 2.901797192015822661e-19
1.099000000000000000e+04 9.999644686819399997e-01 2.545277698301421015e-07 7.955128544168754145e-13 2.727972344268203718e-15 2.116704796532132292e-18
1.099500000000000000e+04 9.999975276671529967e-01 2.528529569020364812e-07 3.664740442898320974e-13 1.227750265363473414e-16 6.287704062799103954e-19
1.100000000000000000e+04 9.999398967319025333e-01 2.529618711528982027e-07 5.793997235534814624e-14 6.226173375709227706e-16 1.755182380263649396e-18
1.100500000000000000e+04 9.999002553066246302e-01 2.542745151066133171e-07 1.240562071119486885e-13 2.332587655380179712e-16 5.914120633175015758e-19
1.101000000000000000e+04 9.999537843817648541e-01 2.555557965411038009e-07 6.589704767911782967e-14 1.069452322504961569e-15 4.521368095000403851e-19
1.101500000000000000e+04 9.999985913867034393e-01 2.624668907517947746e-07 3.926831335356201302e-13 8.289570567706780773e-16 6.582103574921303768e-18
1.102000000000000000e+04 9.999508633587586015e-01 2.706269818002756590e-07 9.482186801094070134e-13 2.643059949212994207e-16 7.020378151407636216e-19
1.102500000000000000e+04 9.999000181339570137e-01 2.762653952808724686e-07 4.553296301727558106e-13 2.794139387649986806e-16 3.016886345551589094e-19
1.103000000000000000e+04 9.999402392263214701e-01 2.738507508030158756e-07 7.916333887916805605e-13 2.381108096685407733e-15 1.301065590842927143e-18
1.103500000000000000e+04 9.999973495028703363e-01 2.717463217454095110e-07 6.273258741679728840e-13 8.899062762428674930e-16 1.652022177561599830e-18
1.104000000000000000e+04 9.999643781799157916e-01 2.705955701969687488e-07 7.456790707874075964e-14 5.887693594005733098e-16 6.728302942292693484e-19
1.104500000000000000e+04 9.999028859931015090e-01 2.724047868872277586e-07 1.116984879870355956e-13 2.500644608786034478e-16 6.202488493936338566e-19
1.105000000000000000e+04 9.999296176500996891e-01 2.725857103307027690e-07 1.117548640481288821e-13 5.930567773818141463e-16 1.230553198654141965e-18
1.105500000000000000e+04 9.999935157391340868e-01 2.778473276289885164e-07 1.403716274987579034e-13 1.062084079694788679e-15 3.267279984931742205e-18
1.106000000000000000e+04 9.999740678357923462e-01 2.856428202186463826e-07 8.400920747111284707e-13 7.253606714106809030e-16 1.256757283928372125e-18
1.106500000000000000e+04 9.999083399776041992e-01 2.932812382952616372e-07 5.854957539079431623e-13 7.143068160020396160e-17 9.571408591081503268e-19
1.107000000000000000e+04 9.999182708635037109e-01 2.927914142351683323e-07 6.707815262562163026e-13 9.101474891131539584e-16 5.935383011056569135e-19
1.107500000000000000e+04 9.999856148370447340e-01 2.898862612950363983e-07 8.227731616125898396e-13 2.574185439047235254e-15 2.362194237415520524e-18
1.108000000000000000e+04 9.999850715723971328e-01 2.879717084726713364e-07 2.603489079574255592e-13 1.450703912939607897e-16 2.650607816843610198e-19
1.108500000000000000e+04 9.999169446421309893e-01 2.892088111126408320e-07 7.254364906012675606e-14 4.071200841624591109e-16 1.044835702905938318e-18
1.109000000000000000e+04 9.999101822925162697e-01 2.896996277769294601e-07 1.065689626554468601e-13 2.982506541596864757e-16 8.846329440932147991e-19
1.109500000000000000e+04 9.999776507936551928e-01 2.925649008052624248e-07 6.047103995705911609e-14 1.242115606218443157e-15 3.407113803821875279e-19
1.110000000000000000e+04 9.999914537103824497e-01 2.999034458206993630e-07 5.596525302201744660e-13 7.934281099616023945e-16 5.663691063230826842e-18
1.110500000000000000e+04 9.999263354079589439e-01 3.080965490190888812e-07 7.743219647983294083e-13 7.382106064205628537e-17 9.353845871038291624e-19
1.111000000000000000e+04 9.999036869922918180e-01 3.107381354784128374e-07 5.202635819796226705e-13 1.572217020096572086e-16 4.648541127687276345e-19
1.111500000000000000e+04 9.999652624540762424e-01 3.071964059247358126e-07 9.043381811820673095e-13 3.232490053169762417e-15 2.162445286300260399e-18
1.112000000000000000e+04 9.999969569054825147e-01 3.049082828476742672e-07 5.463949752175750588e-13 3.599471168918667217e-16 1.423051819118020576e-18
1.112500000000000000e+04 9.999389085490326678e-01 3.047232821180993013e-07 4.821652979556111302e-14 5.631961099414351351e-16 7.544493996415070952e-19
1.113000000000000000e+04 9.999003341344947504e-01 3.062025523865223842e-07 9.145054494986845812e-14 2.348295050237236133e-16 6.101863537394863411e-19
1.113500000000000000e+04 9.999547586928475562e-01 3.069048001154839658e-07 8.152935468186234612e-14 9.289782213350426423e-16 1.359345646969455573e-18
1.114000000000000000e+04 9.999987809757304724e-01 3.132805878248382177e-07 2.770695707695762111e-13 8.609812777248773308e-16 5.556597322226661916e-18
1.114500000000000000e+04 9.999498257389839440e-01 3.210758560982729905e-07 8.243389305108572624e-13 5.422393133535634118e-16 1.883931838888567492e-19
1.115000000000000000e+04 9.998998578984568120e-01 3.267759932212422944e-07 4.708230597961575712e-13 8.709067952616490604e-17 3.532736341941648476e-19
1.115500000000000000e+04 9.999411948987244614e-01 3.237619562369446392e-07 8.562627420246032234e-13 1.916723986923924251e-15 1.527425372156181658e-18
1.116000000000000000e+04 9.999972623247728176e-01 3.209399341887123093e-07 7.969346211420533137e-13 1.968439530932878290e-15 2.676271172522345454e-18
1.116500000000000000e+04 9.999633003071782822e-01 3.193357711468389431e-07 1.673100928352227827e-13 2.892355247665666997e-16 1.255650062435009741e-19
1.117000000000000000e+04 9.999025368959644222e-01 3.212504933471830652e-07 7.816540456273577317e-14 2.620473463805672998e-16 8.192270260153669843e-19
1.117500000000000000e+04 9.999304266554849274e-01 3.210848069054913270e-07 8.826245702914276872e-14 4.829568390946263502e-16 1.831453655604959246e-18
1.118000000000000000e+04 9.999941438931464477e-01 3.255692003419288103e-07 1.143949421987495409e-13 1.153035660583172809e-15 1.234267081893012763e-18
1.118500000000000000e+04 9.999732977611618390e-01 3.327480492798461086e-07 6.659186762260844203e-13 7.693999716211171911e-16 3.241250215336086594e-18
1.119000000000000000e+04 9.999076797155751484e-01 3.402100460627117338e-07 5.710480975900506736e-13 2.542470263459194046e-17 6.715829822812391799e-19
1.119500000000000000e+04 9.999190888377043063e-01 3.394143052581465709e-07 6.995335119538870768e-13 3.769813253255573955e-16 1.446355057357084639e-18
1.120000000000000000e+04 9.999860551166444012e-01 3.357120985301979111e-07 9.412347089996734729e-13 3.560095131463213616e-15 2.788777607381200832e-18
1.120500000000000000e+04 9.999841208095338052e-01 3.332815705908535578e-07 4.444591436318158297e-13 6.910714270621681908e-17 9.007494349560437470e-19
1.121000000000000000e+04 9.999162081171296679e-01 3.344013255823659808e-07 5.387300995281587149e-14 4.146947958969500980e-16 1.006931743421044607e-18
1.121500000000000000e+04 9.999106820580582200e-01 3.348441689275601358e-07 7.250280866846174125e-14 3.036093783025143922e-16 1.325155486775298554e-18
1.122000000000000000e+04 9.999785323166870965e-01 3.368261564709351893e-07 7.659858189828258315e-14 1.161604998191095272e-15 4.797081496587956312e-19
1.122500000000000000e+04 9.999911362235008871e-01 3.433479616713215500e-07 4.124194295626142538e-13 7.109060548367731113e-16 6.161585805015529348e-18
1.123000000000000000e+04 9.999253752464948297e-01 3.509898412616033735e-07 6.946239631382047676e-13 3.084340807823876306e-16 2.010845837148302421e-19
1.123500000000000000e+04 9.999041013876722728e-01 3.534942765527597492e-07 5.231538383974888858e-13 2.041258418097514139e-17 9.222852101281421742e-19
1.124000000000000000e+04 9.999661179824830270e-01 3.492103453004243974e-07 9.676846119045299329e-13 3.123348562606013066e-15 1.871300375764956091e-18
1.124500000000000000e+04 9.999963626891354984e-01 3.463510491061248850e-07 7.397412174994725839e-13 1.161701116513377897e-15 2.516196530777350746e-18
1.125000000000000000e+04 9.999378885149564633e-01 3.458363706283877960e-07 1.114868285908392643e-13 3.886122312498959793e-16 3.580604709291316039e-19
1.125500000000000000e+04 9.999004378854285946e-01 3.474130033648025847e-07 7.533772668975121357e-14 2.471319233247443472e-16 9.423854006131238521e-19
1.126000000000000000e+04 9.999556866933203558e-01 3.473703405361508739e-07 7.776221052611546528e-14 7.616959295813441960e-16 1.984953185991338054e-18
1.126500000000000000e+04 9.999989553144547072e-01 3.527353413887219032e-07 2.093701365917257981e-13 8.942971654988461278e-16 3.363927385216055514e-18
1.127000000000000000e+04 9.999488519045556245e-01 3.596447926024365949e-07 6.737593120648775076e-13 6.759670039102540994e-16 1.499646364706523621e-18
1.127500000000000000e+04 9.998997357601948632e-01 3.651009347472711076e-07 4.543071718965664151e-13 7.274841757838157726e-17 6.584104007829853219e-19
1.128000000000000000e+04 9.999422136000195582e-01 3.615529252830803442e-07 8.746534822144337306e-13 1.185977765004718772e-15 2.044613851948507375e-18
1.128500000000000000e+04 9.999971948815639111e-01 3.580745392905979233e-07 9.320748477357332844e-13 3.226642274187523254e-15 3.637583944436588222e-18
1.129000000000000000e+04 9.999621765941348883e-01 3.560432739905890622e-07 3.437594456062602136e-13 4.991348157149322586e-17 5.718117943605672120e-19
1.129500000000000000e+04 9.999022082600889094e-01 3.579709215835464888e-07 7.751908637839601016e-14 2.720907579744611423e-16 1.009227710862468014e-18
1.130000000000000000e+04 9.999312190903165698e-01 3.573901689458048504e-07 6.657039079512957873e-14 4.506179494464646726e-16 2.080384132505458741e-18
1.130500000000000000e+04 9.999947219642999485e-01 3.607221305966744801e-07 1.142574123502514361e-13 1.146502807245130559e-15 2.537146769964649585e-19
1.131000000000000000e+04 9.999725763713508409e-01 3.667908222512924754e-07 5.009044692350244719e-13 6.419471775450150892e-16 5.302088592868099171e-18
1.131500000000000000e+04 9.999070687930327050e-01 3.736593461906555049e-07 5.171972745259258471e-13 1.597416484404937590e-16 6.558375395214180884e-19
1.132000000000000000e+04 9.999199572022641203e-01 3.725534979560566925e-07 6.822084802890202070e-13 6.141773228817813558e-17 2.439591433529696522e-18
1.132500000000000000e+04 9.999865505685419098e-01 3.681509387852385443e-07 1.003086618266676093e-12 3.999365797082094339e-15 2.908017681638885563e-18
1.133000000000000000e+04 9.999831366687090828e-01 3.652738749386263374e-07 6.653274272509495720e-13 4.609251813665291104e-16 2.124081424263145351e-18
1.133500000000000000e+04 9.999154692238498843e-01 3.662053179108103999e-07 1.027001045753057196e-13 3.558249780720566087e-16 7.894175351747867440e-19
1.134000000000000000e+04 9.999111971370656660e-01 3.665500998803200171e-07 7.688521801780358461e-14 3.399986266292512439e-16 1.445556855356197597e-18
1.134500000000000000e+04 9.999793534966210373e-01 3.674135433639132734e-07 9.016559366192756941e-14 1.004251163875841149e-15 9.091326197604429721e-19
1.135000000000000000e+04 9.999908304602801445e-01 3.726689464924853400e-07 3.025812902150266369e-13 6.313802310524039256e-16 5.141967588905317106e-18
1.135500000000000000e+04 9.999244778709279746e-01 3.793032275428935068e-07 5.763612138387471635e-13 4.920127301695732279e-16 5.842405333948102859e-19
1.136000000000000000e+04 9.999045553720723456e-01 3.815353539675988145e-07 4.832084874833225497e-13 8.240476439038295820e-17 1.295655741677170014e-18
1.136500000000000000e+04 9.999670425785474048e-01 3.766385391570263663e-07 9.709367591673798352e-13 2.446082875528190472e-15 1.816063236506907596e-18
1.137000000000000000e+04 9.999957699267835176e-01 3.733009491387038577e-07 9.074371250744191689e-13 2.376946900206270822e-15 3.693824078501459369e-18
1.137500000000000000e+04 9.999368425392370918e-01 3.724503569706639151e-07 2.666996328393513153e-13 1.633893763141357153e-16 2.927173218633886685e-19
1.138000000000000000e+04 9.999005723883078733e-01 3.740452235379088293e-07 1.123802655481228781e-13 2.496037174148979068e-16 7.542689507785604591e-19
1.138500000000000000e+04 9.999565726182522152e-01 3.731537854814009533e-07 7.994310044124641446e-14 6.683270718851151590e-16 1.880251515479759871e-18
1.139000000000000000e+04 9.999990976965396072e-01 3.771278084127329821e-07 1.759016221996380880e-13 9.094246591732724335e-16 1.381636881197834129e-18
1.139500000000000000e+04 9.999479400574631249e-01 3.827162641444010407e-07 5.102331543614584528e-13 5.927098420324077766e-16 3.510204119039529279e-18
1.140000000000000000e+04 9.998996552153501804e-01 3.876561184642340010e-07 3.976980328623463532e-13 1.638566023855816762e-16 8.422357319270729302e-19
1.140500000000000000e+04 9.999432940745432985e-01 3.836902181502420058e-07 8.338324083924539968e-13 5.199390197863664118e-16 2.665975445435464868e-18
1.141000000000000000e+04 9.999971687753963501e-01 3.796751898401795912e-07 1.005066413645664159e-12 4.183040585252533427e-15 4.099695867623673797e-18
1.141500000000000000e+04 9.999610214542474784e-01 3.772798948848814367e-07 5.802882451687025377e-13 8.033234967747940731e-17 1.390603949460986228e-18
1.142000000000000000e+04 9.999019023030379927e-01 3.791279774110581024e-07 1.417008790587558663e-13 2.555418379919178059e-16 5.784346677863088310e-19
1.142500000000000000e+04 9.999320044920860795e-01 3.780956921125386708e-07 9.296445188715667455e-14 4.989757024932834009e-16 1.707782878094082681e-18
1.143000000000000000e+04 9.999952388491093469e-01 3.800049452048619653e-07 1.262600921296478310e-13 1.059359893701673731e-15 1.852901027601828874e-19
1.143500000000000000e+04 9.999718923080067601e-01 3.845759079896285043e-07 3.577545208794219447e-13 4.614735660400734944e-16 5.894914418688024270e-18
1.144000000000000000e+04 9.999065123095377539e-01 3.904965665372739447e-07 4.237595916945396547e-13 3.057799294267376138e-16 5.525397017078343446e-19
1.144500000000000000e+04 9.999208715256506785e-01 3.891123992126161640e-07 6.103671470485809255e-13 4.411400975166199806e-17 2.506348228976971509e-18
1.145000000000000000e+04 9.999871132875038926e-01 3.841688438659460449e-07 9.951459306058017247e-13 3.698393383171134768e-15 2.788771659603216367e-18
1.145500000000000000e+04 9.999821408903990516e-01 3.809533672930648942e-07 8.760081577529364499e-13 1.343631087938290236e-15 3.381052233378675563e-18
1.146000000000000000e+04 9.999147304909710154e-01 3.816433322410873199e-07 2.367817256444480778e-13 2.320923931178152557e-16 2.343853090564314112e-19
1.146500000000000000e+04 9.999117366773128124e-01 3.818458781359507709e-07 1.552790796000915557e-13 3.664043916727096824e-16 8.968455235729607884e-19
1.147000000000000000e+04 9.999801129129124444e-01 3.814541296862295792e-07 1.128370623256436630e-13 8.854035816060751444e-16 1.313996554170784535e-18
1.147500000000000000e+04 9.999905191806326421e-01 3.851128275459976198e-07 2.271800690135376395e-13 5.945321215357562168e-16 3.282154363307210808e-18
1.148000000000000000e+04 9.999236446636302622e-01 3.903807629438646325e-07 4.326555659803318920e-13 4.919026676928743997e-16 1.244383062419250367e-18
1.148500000000000000e+04 9.999050465811812893e-01 3.922408468720011182e-07 3.997864644374362577e-13 2.303711407211187333e-16 9.082435030561756608e-19
1.149000000000000000e+04 9.999680373475726691e-01 3.869173975072026477e-07 9.078345629626075111e-13 1.510847474168848408e-15 2.372997362542543489e-18
1.149500000000000000e+04 9.999952015420212614e-01 3.832370154361087374e-07 1.011564646227165453e-12 3.602887568830627404e-15 4.552596026444731805e-18
1.150000000000000000e+04 9.999357788115790235e-01 3.820734689762630300e-07 4.942010483129533820e-13 1.986577506899363854e-17 3.625843222638796757e-19
1.150500000000000000e+04 9.999007427352275545e-01 3.836059535515510777e-07 2.198572192149312109e-13 2.236711532487116652e-16 2.319946783627665490e-19
1.151000000000000000e+04 9.999574236573147701e-01 3.818344276600055217e-07 1.266511971168719023e-13 7.000755488024876898e-16 1.878351385512858091e-18
1.151500000000000000e+04 9.999991922335064176e-01 3.841657912344898052e-07 1.640194873469968038e-13 8.877395675525729289e-16 3.083758777126449423e-19
1.152000000000000000e+04 9.999470832998027525e-01 3.881230368461069936e-07 3.536948891277803483e-13 3.848728031196248185e-16 4.247461256743049719e-18
1.152500000000000000e+04 9.998996175363491501e-01 3.923305763748786158e-07 3.068780053775535755e-13 2.439286014072676622e-16 4.980585395779209380e-19
1.153000000000000000e+04 9.999444299752258125e-01 3.881065378568250025e-07 7.325435660950765490e-13 1.672148171586555770e-16 2.925945887175488474e-18
1.153500000000000000e+04 9.999972005341991599e-01 3.837233078108342295e-07 9.999410098285633200e-13 4.442366534242799510e-15 3.836972189662541298e-18
1.154000000000000000e+04 9.999598510782495842e-01 3.810579518953808774e-07 8.240200505663813144e-13 5.114165795344625721e-16 2.030899187422795271e-18
1.154500000000000000e+04 9.999016209595565918e-01 3.827425112378455821e-07 2.756643462439801340e-13 2.034384160926525442e-16 1.031899217636723582e-19
1.155000000000000000e+04 9.999327935802361234e-01 3.812596896219519385e-07 2.021444925897754945e-13 5.738094737650075322e-16 1.426742669553323063e-18
1.155500000000000000e+04 9.999956865449305399e-01 3.816046335283790999e-07 1.503617861757889023e-13 9.758204269819890339e-16 6.062736707818511425e-19
1.156000000000000000e+04 9.999712304351916492e-01 3.844306795504379915e-07 2.456457838889804066e-13 3.374365463559110326e-16 4.457334777124515135e-18
1.156500000000000000e+04 9.999060120063808510e-01 3.891415437460696256e-07 3.053521436031978899e-13 3.397588946722463633e-16 3.320024533509283639e-19
1.157000000000000000e+04 9.999218240646436939e-01 3.875453854237019084e-07 4.918472464471552629e-13 2.214774761119155808e-16 1.478889298050814595e-18
1.157500000000000000e+04 9.999877486682272609e-01 3.822705679267449282e-07 9.166937686358815480e-13 2.795991779770449736e-15 2.813327704353804999e-18
1.158000000000000000e+04 9.999811546084761416e-01 3.788543853033219219e-07 1.024898526690618799e-12 2.491785588076186188e-15 4.177537262318631793e-18
1.158500000000000000e+04 9.999139954002872477e-01 3.792717123967629882e-07 4.362209494063210807e-13 9.601793220141107676e-17 6.135559352508411527e-20
1.159000000000000000e+04 9.999123092431114745e-01 3.792999553047185780e-07 3.144251362000500985e-13 3.399987850169983498e-16 3.985924634348859081e-19
1.159500000000000000e+04 9.999808127601326202e-01 3.776279338823578675e-07 1.696948525927738553e-13 9.010450908963236938e-16 2.033827027123299566e-18
1.160000000000000000e+04 9.999901842048737333e-01 3.795075685923942570e-07 1.796716915568837575e-13 5.854935610430236297e-16 1.450801067721294087e-18
1.160500000000000000e+04 9.999228724330860851e-01 3.831788325397518592e-07 2.874509292117687433e-13 3.354914861012956105e-16 1.755896858396736500e-18
1.161000000000000000e+04 9.999055705276919115e-01 3.846100617759659405e-07 2.885795705987961488e-13 3.217499317746315650e-16 2.579503166104566057e-19
1.161500000000000000e+04 9.999690969745923530e-01 3.790891372442965125e-07 7.850839447413058655e-13 7.027460434074580102e-16 3.461946560834807209e-18
1.162000000000000000e+04 9.999946766258243080e-01 3.752328639615210588e-07 1.027299309280628487e-12 4.370413689027566507e-15 4.641246131308947078e-18
1.162500000000000000e+04 9.999347070468627141e-01 3.738062814729370800e-07 7.396091905489037792e-13 9.759247602859310620e-17 8.098867042634119774e-19
1.163000000000000000e+04 9.999009527961706389e-01 3.752028956029888232e-07 3.837610464781983916e-13 1.680832404506642249e-16 7.570290834883029199e-20
1.163500000000000000e+04 9.999582494016240330e-01 3.725975022256008519e-07 2.488333320310900477e-13 8.201009476984477044e-16 2.568895507872102044e-18
1.164000000000000000e+04 9.999992250301036334e-01 3.731846369599574137e-07 1.676739845273923105e-13 8.595410165530261006e-16 5.478994839886521938e-20
1.164500000000000000e+04 9.999462702901971145e-01 3.753522073255015745e-07 2.242416197188630221e-13 1.973372385731978286e-16 3.585460595389944982e-18
1.165000000000000000e+04 9.998996217035938106e-01 3.786839472760824194e-07 2.017265516936407097e-13 2.381443546139939065e-16 3.137023272544846334e-19
1.165500000000000000e+04 9.999456102299323357e-01 3.743924420025301638e-07 5.859950713689195616e-13 1.608253699528440030e-16 2.750213542429094260e-18
1.166000000000000000e+04 9.999973003193567411e-01 3.698441775040838584e-07 9.171847272528601609e-13 3.901085124128353410e-15 3.163432961756649749e-18
1.166500000000000000e+04 9.999586820185472069e-01 3.670260048086298847e-07 1.010806737459967514e-12 1.303966885489558927e-15 2.549331617099813945e-18
1.167000000000000000e+04 9.999013656552706575e-01 3.684793864659103908e-07 4.512636074150293661e-13 1.340765580507373541e-16 1.175076218770924956e-19
1.167500000000000000e+04 9.999335974143087613e-01 3.665874969294137553e-07 3.976010688442645142e-13 5.903540412638242750e-16 1.515168050884529812e-18
1.168000000000000000e+04 9.999960607064375395e-01 3.653680684167345736e-07 1.986608560729816053e-13 1.002672176241489752e-15 1.222499767254512848e-18
1.168500000000000000e+04 9.999705731341278492e-01 3.663633442658744441e-07 1.675335571271387341e-13 2.968906895190836226e-16 2.377834780084085913e-18
1.169000000000000000e+04 9.999055661868059275e-01 3.697152869128742517e-07 1.873779273622811079e-13 2.496298452813981272e-16 7.514107744830265360e-19
1.169500000000000000e+04 9.999228043202542660e-01 3.680010728009528568e-07 3.512308406219857076e-13 3.971638406911559241e-16 5.749532199487888242e-19
1.170000000000000000e+04 9.999884549224452579e-01 3.626377015408240204e-07 7.810342808078289503e-13 1.674275633987165370e-15 3.304693920712560381e-18
1.170500000000000000e+04 9.999801966252256369e-01 3.591769514436652914e-07 1.073483313788253509e-12 3.511771660307507412e-15 4.305321482675854186e-18
1.171000000000000000e+04 9.999132680342980306e-01 3.593150861276313805e-07 6.485226890411194558e-13 3.440495017349439886e-17 4.697867840030337010e-19
1.171500000000000000e+04 9.999129220863406386e-01 3.591547809328722835e-07 5.250952585425090979e-13 2.458161039465410265e-16 2.796652278096598978e-19
1.172000000000000000e+04 9.999814586961790486e-01 3.562930950103336167e-07 2.849868664397325020e-13 1.054841023435961979e-15 2.936838409875705469e-18
1.172500000000000000e+04 9.999898078347712049e-01 3.563744581298391187e-07 1.534153960155068471e-13 5.901270557769516934e-16 3.662141251073416704e-19
1.173000000000000000e+04 9.999221537729019449e-01 3.583655527525955073e-07 1.669703883212709119e-13 1.466269457089851010e-16 2.472768755935137049e-18
1.173500000000000000e+04 9.999061209846010767e-01 3.593555861742307455e-07 1.769374667021919414e-13 2.852484568227307492e-16 5.072514739557332138e-19
1.174000000000000000e+04 9.999702100085845480e-01 3.538898253351461102e-07 6.235511025779365837e-13 2.686727752974488087e-16 4.289436309241337093e-18
1.174500000000000000e+04 9.999942089741838958e-01 3.500418169437041289e-07 9.509328386936946185e-13 4.375181166350820187e-15 3.886887101884662964e-18
1.175000000000000000e+04 9.999336376214212896e-01 3.484251275872620331e-07 9.335144922236281087e-13 4.652313493293115647e-16 1.619940540030272676e-18
1.175500000000000000e+04 9.999012048358784099e-01 3.496274971803637688e-07 5.613692778498462729e-13 1.094452266702066727e-16 2.070839156241085967e-19
1.176000000000000000e+04 9.999590611626218983e-01 3.463111628088131418e-07 4.519951614431797585e-13 9.131101545168413646e-16 3.073931519126007663e-18
1.176500000000000000e+04 9.999991852055768460e-01 3.452114688792984276e-07 1.898668209925828782e-13 9.103981426209405626e-16 2.694020841825426735e-19
1.177000000000000000e+04 9.999454862561202306e-01 3.455952466774082842e-07 1.343691725854583433e-13 1.106999100877047376e-16 2.821778824440743238e-18
1.177500000000000000e+04 9.998996645447048026e-01 3.479885771054271280e-07 1.085292072611020702e-13 1.547718647824995931e-16 9.152376218823094943e-19
1.178000000000000000e+04 9.999468198197174473e-01 3.438336557284747510e-07 4.237311773953691711e-13 3.385095218853910134e-16 2.127613051749045770e-18
1.178500000000000000e+04 9.999974711519962201e-01 3.393404541403569318e-07 7.740269121022638739e-13 2.793089330176429447e-15 2.717611709168626694e-18
1.179000000000000000e+04 9.999575298238170262e-01 3.365007363611888234e-07 1.088748013652059276e-12 2.233224206841384429e-15 3.148870477436789703e-18
1.179500000000000000e+04 9.999011371333990095e-01 3.376777021381211287e-07 6.168212415857391818e-13 9.219813316074484335e-17 2.679711585173475978e-19
1.180000000000000000e+04 9.999344265180927227e-01 3.354586217038591151e-07 6.458690776590047186e-13 4.849350025595245445e-16 1.295167151739474720e-18
1.180500000000000000e+04 9.999963609884892080e-01 3.328175501530911913e-07 2.882190086213854418e-13 1.188043188423069507e-15 1.972500901060798327e-18
1.181000000000000000e+04 9.999699017368686160e-01 3.320640226452881770e-07 1.196234935568880839e-13 3.076727897808280321e-16 1.168442418275541077e-18
1.181500000000000000e+04 9.999051699361947154e-01 3.340304174532915987e-07 9.577337549094553644e-14 1.130287616164330255e-16 1.712791589601888617e-18
1.182000000000000000e+04 9.999237998782842807e-01 3.323081845671179588e-07 2.216726624400012850e-13 4.269115439542597908e-16 5.298536249275136576e-19
1.182500000000000000e+04 9.999892231526764652e-01 3.271104935466235644e-07 6.134106887655602874e-13 7.457298429748384723e-16 3.909080589575480643e-18
1.183000000000000000e+04 9.999792819678396949e-01 3.237667625804120690e-07 1.009798023312590597e-12 4.015848347532210638e-15 3.846373969445430528e-18
1.183500000000000000e+04 9.999125526754941706e-01 3.236443595179468712e-07 8.088809562938107137e-13 1.281632812479053246e-16 8.681621301477042603e-19
1.184000000000000000e+04 9.999135805007862698e-01 3.233028868454738541e-07 7.313127734337739275e-13 1.209520912792474039e-16 1.839806001352683237e-19
1.184500000000000000e+04 9.999820594784369909e-01 3.194525035803369399e-07 4.679304926496561053e-13 1.234559923075812158e-15 3.425323848462624663e-18
1.185000000000000000e+04 9.999893742035272926e-01 3.178807755641447387e-07 1.455026440341561016e-13 6.497742079947393796e-16 3.242238311159648790e-20
1.185500000000000000e+04 9.999214777797568177e-01 3.182600887483311036e-07 8.877143995156600043e-14 3.323463333185976938e-17 2.959569821439809575e-18
1.186000000000000000e+04 9.999066905485451962e-01 3.188372989534740262e-07 9.246234024905424209e-14 1.584066793218297403e-16 1.378748761148956262e-18
1.186500000000000000e+04 9.999713596751053091e-01 3.136798515352232077e-07 4.541094903730822853e-13 2.152445264839072389e-16 3.763631646905123430e-18
1.187000000000000000e+04 9.999938060946297336e-01 3.100251071753146073e-07 8.011429924827917837e-13 3.624060125226744599e-15 2.804334103878018032e-18
1.187500000000000000e+04 9.999325806704695285e-01 3.083085786730401667e-07 1.018294266471993602e-12 1.064106311953458747e-15 2.385604983759405180e-18
1.188000000000000000e+04 9.999014992696299009e-01 3.092794116531836421e-07 6.974462977532087350e-13 9.982534857950768222e-17 2.092959533908905824e-19
1.188500000000000000e+04 9.999598711136419293e-01 3.054443384801209067e-07 7.095662851523609040e-13 8.513519810091809383e-16 2.470391735512479099e-18
1.189000000000000000e+04 9.999990657219613999e-01 3.028696972423967661e-07 2.412914479618681214e-13 1.120345886353248584e-15 8.133957400561741890e-19
1.189500000000000000e+04 9.999447142941420008e-01 3.016379295590323729e-07 8.405048153344749800e-14 1.107789622831808278e-16 2.290489255107733492e-18
1.190000000000000000e+04 9.998997410723338142e-01 3.031119733714814159e-07 4.845602900472189222e-14 5.917165844017187706e-17 1.461427938413946894e-18
1.190500000000000000e+04 9.999480409573890949e-01 2.992905943131834568e-07 2.802113047431214040e-13 4.849418062520789615e-16 1.021230617149196066e-18
1.191000000000000000e+04 9.999977087030860190e-01 2.950692681424867701e-07 6.000216136901204687e-13 1.554944111619842476e-15 2.831687609585538692e-18
1.191500000000000000e+04 9.999564078088467589e-01 2.923427203233222196e-07 1.037331388500650824e-12 2.969179685714204212e-15 3.653136149487789139e-18
1.192000000000000000e+04 9.999009353334832317e-01 2.932241682148207966e-07 7.180748605713943419e-13 1.313707764523709363e-16 2.151372615212079133e-19
1.192500000000000000e+04 9.999352900021353241e-01 2.907961087050091332e-07 8.872603266511183213e-13 2.717232733821236979e-16 5.504847611211468874e-19
1.193000000000000000e+04 9.999965911306236688e-01 2.870080656368639518e-07 4.314440449137256274e-13 1.458479193283751782e-15 2.935358900349275631e-18
1.193500000000000000e+04 9.999691980422185100e-01 2.847475677438502200e-07 9.448455805536851074e-14 3.564548123655928191e-16 6.972442197651752652e-19
1.194000000000000000e+04 9.999048156465913939e-01 2.854232080773609097e-07 4.578057709553788267e-14 1.951701466331580099e-17 1.951525992447003881e-18
1.194500000000000000e+04 9.999247974664655647e-01 2.838049830335889960e-07 1.313742057821255917e-13 3.062192085151015969e-16 8.639768524477023091e-19
1.195000000000000000e+04 9.999900380018013069e-01 2.790152107560882454e-07 4.450794747444917723e-13 2.498231160735982433e-16 3.838348141239770649e-18
1.195500000000000000e+04 9.999784208089322890e-01 2.759413990743751181e-07 8.523874982856779111e-13 3.804145703126362345e-15 3.032065399326420341e-18
1.196000000000000000e+04 9.999118533844292278e-01 2.756006806656697313e-07 8.663606526866572120e-13 4.037219620007731454e-16 9.118434659144064913e-19
1.196500000000000000e+04 9.999142873380612029e-01 2.751080674408903459e-07 8.718803640685558010e-13 5.630047766728290808e-17 4.134684331955098071e-20
1.197000000000000000e+04 9.999826263567148654e-01 2.705653015843321053e-07 7.048630535371694307e-13 1.267265715554458148e-15 3.283524599474895494e-18
1.197500000000000000e+04 9.999888705097107477e-01 2.676373449959024620e-07 1.597273858261048355e-13 8.463198369318504879e-16 4.772833104369101659e-20
1.198000000000000000e+04 9.999208310931523291e-01 2.666170304809576034e-07 5.444759383969475678e-14 1.796345165866298967e-17 2.355245299129329894e-18
1.198500000000000000e+04 9.999072713102199472e-01 2.668427497641580711e-07 5.067613736778807622e-14 3.922099735136789881e-17 1.651417521419310052e-18
1.199000000000000000e+04 9.999725251647348934e-01 2.622229258856024842e-07 3.086316085099241642e-13 3.641789747100759374e-16 1.950177754197541503e-18
1.199500000000000000e+04 9.999934687243270393e-01 2.589299383467217567e-07 6.131193132951817118e-13 2.420759420802680980e-15 2.084260054522634179e-18
1.200000000000000000e+04 9.999315452487491651e-01 2.572138869340640205e-07 9.702070442004532313e-13 1.709739286051904780e-15 2.692833333132134706e-18
1.200500000000000000e+04 9.999018345771011340e-01 2.579401721102089200e-07 7.467543190317488973e-13 1.949664169741745035e-16 1.118064103556159948e-19
1.201000000000000000e+04 9.999606913569082378e-01 2.538340716421495884e-07 9.702434040532242375e-13 5.898759255143740677e-16 1.225677878360934348e-18
1.201500000000000000e+04 9.999988639738385254e-01 2.501330892820855948e-07 3.355967601602268451e-13 1.471255519765546581e-15 1.795082814135722152e-18
1.202000000000000000e+04 9.999439368111919801e-01 2.476005688362873444e-07 6.224743481715575034e-14 1.490564149106479488e-16 1.481616075583349242e-18
1.202500000000000000e+04 9.998998449955582846e-01 2.482500822821838341e-07 2.834907891417883973e-14 1.188105746844771991e-17 1.154594107032997606e-18
1.203000000000000000e+04 9.999492545395731735e-01 2.449310788091969414e-07 1.818132409434200440e-13 4.809382239571984638e-16 2.857003013820399491e-19
1.203500000000000000e+04 9.999980016469637301e-01 2.411744943117732186e-07 4.290769182306770523e-13 5.995886042389074929e-16 3.172593011465363640e-18
1.204000000000000000e+04 9.999553260907714236e-01 2.386878298270079118e-07 8.743460189518116012e-13 3.223324340566909853e-15 3.526739980060544146e-18
1.204500000000000000e+04 9.999007593346759259e-01 2.392816917824269938e-07 7.207236300860376868e-13 2.824498955629931204e-16 1.077193923718397724e-19
1.205000000000000000e+04 9.999361948042019277e-01 2.367910738597588689e-07 1.058124385865799330e-12 6.884751139393938573e-17 2.135111585021705946e-20
1.205500000000000000e+04 9.999967587796350088e-01 2.322401314217465643e-07 6.280300683650446025e-13 1.630558952989381109e-15 3.863579208980700982e-18
1.206000000000000000e+04 9.999684457554797179e-01 2.288528930332731484e-07 8.713577152064935166e-14 4.917952892674945134e-16 2.761252551174240055e-19
1.206500000000000000e+04 9.999044937873949879e-01 2.284427913337717041e-07 3.590947854038444442e-14 4.843390804569937165e-18 1.258654313192559550e-18
1.207000000000000000e+04 9.999257840872094460e-01 2.270277305822916214e-07 9.151378389859182323e-14 1.426229010955906921e-16 1.423661843982086571e-18
1.207500000000000000e+04 9.999908788243055957e-01 2.228529586139662172e-07 3.048691083605472248e-13 1.752136295183963286e-16 2.819094266796253832e-18
1.208000000000000000e+04 9.999776178350102684e-01 2.201790961238312207e-07 6.434286595103252632e-13 2.961165831306915245e-15 2.132203505834436374e-18
1.208500000000000000e+04 9.999111736340547951e-01 2.196818697783216835e-07 8.040199001703495107e-13 8.014650255831184807e-16 7.838833895262943007e-19
1.209000000000000000e+04 9.999150427319561940e-01 2.190885106951911013e-07 9.045142050659508861e-13 1.611206511727556021e-16 1.558010672880478215e-19
1.209500000000000000e+04 9.999831722782481780e-01 2.142211376795606803e-07 9.609507002830632454e-13 1.033211236496348693e-15 2.629590532618698423e-18
1.210000000000000000e+04 9.999882880281104613e-01 2.103596925944570200e-07 2.071262345715936990e-13 1.214202237456575061e-15 5.144943758195757214e-19
1.210500000000000000e+04 9.999201991013758617e-01 2.082756430288508227e-07 5.048532875133995727e-14 5.561607641334348255e-17 1.223635645494910347e-18
1.211000000000000000e+04 9.999078555900935417e-01 2.082340514288899548e-07 4.862968869283064218e-14 5.973131691567203175e-19 1.402483829365876349e-18
1.211500000000000000e+04 9.999736833027540461e-01 2.043345392050441027e-07 2.093861455376033154e-13 5.040582236779716495e-16 4.640637043625466588e-19
1.212000000000000000e+04 9.999931908763847188e-01 2.015388639135477397e-07 4.276638427777524510e-13 1.208676434716123276e-15 1.992252897097304237e-18
1.212500000000000000e+04 9.999305386641741400e-01 1.999251062461776316e-07 8.074299273667362781e-13 2.162124472897916528e-15 2.358061996221546024e-18
1.213000000000000000e+04 9.999022073815282408e-01 2.004179366270595442e-07 6.925951551100404341e-13 4.170757464732842114e-16 1.264764326819463718e-19
1.213500000000000000e+04 9.999615329518459772e-01 1.963242260380480889e-07 1.175763737729491292e-12 2.326744770822261421e-16 3.305520696969595089e-19
1.214000000000000000e+04 9.999985820908445788e-01 1.919521023217973160e-07 4.828036042434452067e-13 1.802701489532081252e-15 3.125984701523721126e-18
1.214500000000000000e+04 9.999431369836530026e-01 1.885520706870528244e-07 5.499718749227167235e-14 2.218273290293688134e-16 6.081677676171138856e-19
1.215000000000000000e+04 9.998999693622718787e-01 1.885356548238750438e-07 3.907002711752695821e-14 2.646348840209271164e-17 7.468518222572614339e-19
1.215500000000000000e+04 9.999504417481468455e-01 1.858410301729682895e-07 1.365627246564001177e-13 3.549198906235757872e-16 1.150619197148286598e-18
1.216000000000000000e+04 9.999983325652029853e-01 1.826994011457004790e-07 2.902335105126404923e-13 1.340634443102744057e-16 3.057747783119715842e-18
1.216500000000000000e+04 9.999542909652691103e-01 1.805600348259227035e-07 6.481858069518927291e-13 2.889590494751249667e-15 2.540145625159821311e-18
1.217000000000000000e+04 9.999006073823061280e-01 1.808991627528862041e-07 6.241774846474968751e-13 5.236207942783720053e-16 1.251431220687249226e-19
1.217500000000000000e+04 9.999371450870501166e-01 1.785083959394036665e-07 1.114653528549456764e-12 6.078764321144617902e-17 2.380115992813005340e-19
1.218000000000000000e+04 9.999968750078858104e-01 1.736550080995941122e-07 8.615968142160202715e-13 1.513338064584175252e-15 4.015419144244496296e-18
1.218500000000000000e+04 9.999676317866788011e-01 1.696261694813692381e-07 1.011639984765179247e-13 7.806377236482884318e-16 8.543964909410916767e-20
1.219000000000000000e+04 9.999041938389061634e-01 1.684257272367674582e-07 5.067550979283665604e-14 4.483912290606676369e-17 8.526057731995089400e-19
1.219500000000000000e+04 9.999267481565349280e-01 1.672871267640385562e-07 9.237195711906413606e-14 5.112617028871569954e-17 2.523204302514556772e-18
1.220000000000000000e+04 9.999917213360739465e-01 1.638792174915630516e-07 2.109232475205573219e-13 3.327737022604008605e-16 1.399684951315907180e-18
1.220500000000000000e+04 9.999768720507909991e-01 1.616999495062877911e-07 4.339997485992304450e-13 1.815327260481308056e-15 1.505203996306673480e-18
1.221000000000000000e+04 9.999105160313586094e-01 1.611216686286862948e-07 6.443216249797112084e-13 1.185714762215032896e-15 7.595156167023175168e-19
1.221500000000000000e+04 9.999158440527826652e-01 1.604926244649683263e-07 8.219752899872969662e-13 4.963424101228934407e-16 6.581722882145152141e-19
1.222000000000000000e+04 9.999837109025918602e-01 1.557084975250136094e-07 1.190399842631523340e-12 5.750988161248840307e-16 1.536972820562592431e-18
1.222500000000000000e+04 9.999876228669855038e-01 1.514247636912678581e-07 3.029519971890824861e-13 1.655212686612209468e-15 1.745949042803904378e-18
1.223000000000000000e+04 9.999195672408602853e-01 1.487063867578133049e-07 5.752077846608964580e-14 1.059632143770005889e-16 7.729945167750671924e-19
1.223500000000000000e+04 9.999084366582304817e-01 1.484935125134606087e-07 6.840951037974116400e-14 4.278086995728809325e-17 1.495646283976201548e-18
1.224000000000000000e+04 9.999748104657887326e-01 1.454317325602105535e-07 1.615872988634636354e-13 5.231551938270121343e-16 5.853848913581495935e-19
1.224500000000000000e+04 9.999929603950143964e-01 1.432225868405921271e-07 2.790555969486817867e-13 3.606579916552474060e-16 2.211730536199969213e-18
1.225000000000000000e+04 9.999295660198778135e-01 1.418055445512429073e-07 5.812811963872608150e-13 2.236559509060863744e-15 1.609421888532669622e-18
1.225500000000000000e+04 9.999026126823107319e-01 1.420969153869450994e-07 5.530567100112717164e-13 7.226874187928927205e-16 3.675240749967558424e-19
1.226000000000000000e+04 9.999624050177108314e-01 1.383102932679998247e-07 1.281169470349354905e-12 1.551404869077243082e-17 8.858949161608132235e-20
1.226500000000000000e+04 9.999982268992579915e-01 1.337882322023307613e-07 6.830244355575908865e-13 1.879393717355462615e-15 4.119886058953453449e-18
1.227000000000000000e+04 9.999423001280624002e-01 1.300340087966420978e-07 5.624030619655086392e-14 3.864543589351604480e-16 1.701660296620893109e-19
1.227500000000000000e+04 9.999001072753586072e-01 1.295580736648573109e-07 6.261489876681946203e-14 7.778526403743857199e-17 9.179704533820754898e-19
1.228000000000000000e+04 9.999515856598526486e-01 1.275490646157439770e-07 1.322183825210243183e-13 2.188888540156731696e-16 3.119242274708085855e-18
1.228500000000000000e+04 9.999986793508697236e-01 1.251154119716029604e-07 2.000474059521568264e-13 1.122150637574047696e-16 2.152794057257636917e-18
1.229000000000000000e+04 9.999533045966154665e-01 1.234017009032895727e-07 4.193362540380263660e-13 2.101561158081705996e-15 1.279329207581522373e-18
1.229500000000000000e+04 9.999004769950073923e-01 1.235392573284471743e-07 4.605880187685400000e-13 7.752887643206879595e-16 3.335021886465282809e-19
1.230000000000000000e+04 9.999381418824851986e-01 1.214114728414999090e-07 1.048107328627194998e-12 3.988298413129212648e-16 9.354991144835096074e-19
1.230500000000000000e+04 9.999969535383855801e-01 1.167514988248364399e-07 1.102122596206066286e-12 1.055132485246168183e-15 2.931639302060423585e-18
1.231000000000000000e+04 9.999667473136597540e-01 1.126278182527623699e-07 1.509963848259441911e-13 1.211900710329771765e-15 4.955313170863928213e-19
1.231500000000000000e+04 9.999039052992887422e-01 1.109958987002423069e-07 7.101453822647904592e-14 1.009735031134737090e-16 1.041377719605598949e-18
1.232000000000000000e+04 9.999276805197306883e-01 1.101715987108942250e-07 1.103848952133338015e-13 6.692533147738921742e-17 3.419245440924955117e-18
1.232500000000000000e+04 9.999925396060116434e-01 1.076124186149014822e-07 1.658629699907309424e-13 5.061205735324756715e-16 4.361882091955950710e-19
1.233000000000000000e+04 9.999761770130018990e-01 1.059778437760289652e-07 2.672786992882047265e-13 7.787613373195336839e-16 1.391727012395928565e-18
1.233500000000000000e+04 9.999098821621688060e-01 1.054005478023260617e-07 4.382452828893399280e-13 1.401930695244417860e-15 9.378652382686873638e-19
1.234000000000000000e+04 9.999166861010851948e-01 1.048072669440619532e-07 6.534733530616629848e-13 1.012262403785465969e-15 1.391052104228594339e-18
1.234500000000000000e+04 9.999842555287377088e-01 1.005181625213519215e-07 1.350611017903931175e-12 1.280881520928374942e-16 3.915397169089873505e-19
1.235000000000000000e+04 9.999868763765640267e-01 9.636544493194946820e-08 4.602000177677826062e-13 1.946711169216038927e-15 3.186532677872697294e-18
1.235500000000000000e+04 9.999189222403703781e-01 9.349748026367100765e-08 6.348056227557743535e-14 1.862190554775426132e-16 7.864646489998678109e-19
1.236000000000000000e+04 9.999090093985345540e-01 9.321055376899678760e-08 8.912185602102475567e-14 1.173883733250957198e-16 1.637222733736764911e-18
1.236500000000000000e+04 9.999758845669675100e-01 9.102636242255080333e-08 1.530364773546586547e-13 4.399042778138665812e-16 1.873789160395484419e-18
1.237000000000000000e+04 9.999927599868603245e-01 8.943795280259390083e-08 1.857582744802800552e-13 2.674496789211199377e-17 2.133929235620543113e-18
1.237500000000000000e+04 9.999286299882939044e-01 8.829660045060137584e-08 3.553352438443628694e-13 1.898930547938200966e-15 9.173215024032337629e-19
1.238000000000000000e+04 9.999030442223121318e-01 8.843377062435162082e-08 3.725489608194330123e-13 1.003975194725505074e-15 8.067424743377342805e-19
1.238500000000000000e+04 9.999633139703021367e-01 8.523340778756789949e-08 1.269147533493991851e-12 1.942854674588827949e-16 3.927472966543735402e-19
1.239000000000000000e+04 9.999978095104942177e-01 8.110096883535831445e-08 9.226174002822490037e-13 1.550502331312644258e-15 3.904160914554310885e-18
1.239500000000000000e+04 9.999414149027919807e-01 7.754009707594330577e-08 7.528997850214671240e-14 6.933942871903686724e-16 1.777957111085913024e-20
1.240000000000000000e+04 9.999002526153821790e-01 7.683953739798815112e-08 8.430824382958294341e-14 1.417121138816605185e-16 9.761846321740783042e-19
1.240500000000000000e+04 9.999526726754327521e-01 7.550887229118143612e-08 1.444116258932279013e-13 1.591522227436943456e-16 4.234039331645970922e-18
1.241000000000000000e+04 9.999990170205035334e-01 7.381020520821104780e-08 1.591370917200309271e-13 3.222163550830227325e-16 8.998223424835050428e-19
1.241500000000000000e+04 9.999523650768492589e-01 7.256465597938050274e-08 2.389451360673096756e-13 1.168438299435907084e-15 5.287686450862537374e-19
1.242000000000000000e+04 9.999003651626728884e-01 7.256797102768967155e-08 2.803002092483234252e-13 9.329020256665112051e-16 6.319871725847453076e-19
1.242500000000000000e+04 9.999391829870756254e-01 7.085035947063668596e-08 8.855806420884434718e-13 1.089216644991207938e-15 1.671558647993510438e-18
1.243000000000000000e+04 9.999970097025521198e-01 6.686994237574552662e-08 1.313005365998871023e-12 4.366651088502111178e-16 1.208771464810593775e-18
1.243500000000000000e+04 9.999657885523477452e-01 6.321002031167910178e-08 2.576800366192298473e-13 1.637532786930673462e-15 1.273960610379744137e-18
1.244000000000000000e+04 9.999036186663592396e-01 6.153681453273315728e-08 8.694448727268427413e-14 1.661708648639329948e-16 8.967028097337426085e-19
1.244500000000000000e+04 9.999285752616927647e-01 6.102395019488304588e-08 1.229856178878249212e-13 1.425940466053966062e-16 2.999189499086490904e-18
1.245000000000000000e+04 9.999933082137659746e-01 5.931732991363725558e-08 1.576793193555593184e-13 5.712022607471822085e-16 6.161795878958018221e-19
1.245500000000000000e+04 9.999755214797857450e-01 5.822846423770453618e-08 1.659207188736333353e-13 1.527302246430345266e-16 1.475438581145389450e-18
1.246000000000000000e+04 9.999092725805464044e-01 5.773370538919499105e-08 2.439402473005024944e-13 1.356390868973466919e-15 1.047024512550283457e-18
1.246500000000000000e+04 9.999175615064641587e-01 5.724442590980483125e-08 4.514721675271537515e-13 1.539523238551318307e-15 1.963515715985123581e-18
1.247000000000000000e+04 9.999848180219941263e-01 5.382857816892294979e-08 1.414548239569381587e-12 2.843363702203809421e-17 5.497557217014911334e-20
1.247500000000000000e+04 9.999860551619239590e-01 5.035096159392644259e-08 6.814698440754197737e-13 1.865826169993591775e-15 3.706706481641146367e-18
1.248000000000000000e+04 9.999182532334474072e-01 4.783009167520034761e-08 7.340832723560093721e-14 3.502826274274099705e-16 4.263331951913325539e-19
1.248500000000000000e+04 9.999095708552016015e-01 4.755791345914662023e-08 1.010232282138134223e-13 1.894479025496033123e-16 1.135648525000471534e-18
1.249000000000000000e+04 9.999768869114801229e-01 4.620883873267432266e-08 1.616696069019628740e-13 3.360642693776853341e-16 3.306011398075998405e-18
1.249500000000000000e+04 9.999925686664400404e-01 4.521727637161602778e-08 1.469887171561577402e-13 1.099078685229477462e-16 1.402301096310975336e-18
1.250000000000000000e+04 9.999277308061358394e-01 4.440902047654887946e-08 1.818770914354772745e-13 1.289369968970060728e-15 4.553391698244055852e-19
1.250500000000000000e+04 9.999034949557089602e-01 4.444771685272551572e-08 2.030400494376179201e-13 1.136163262811145389e-15 1.053137355999188143e-18
1.251000000000000000e+04 9.999642630110878727e-01 4.207082882504838388e-08 1.153266739861520806e-12 8.879534712509124444e-16 1.357252119286364013e-18
1.251500000000000000e+04 9.999973445276263417e-01 3.883574947391591390e-08 1.174186825903656704e-12 8.953123452989462548e-16 2.414304749540231915e-18
1.252000000000000000e+04 9.999404742223654274e-01 3.600016293072342561e-08 1.357624181748888476e-13 1.094045550123187840e-15 1.320010132700660893e-19
1.252500000000000000e+04 9.999004006940126477e-01 3.531710232854769275e-08 1.033481732103075440e-13 2.218210807970054022e-16 4.785429703674045977e-19
1.253000000000000000e+04 9.999536936667250409e-01 3.458840700747185543e-08 1.512722464144150965e-13 1.778294471501176797e-16 3.909132710983092990e-18
1.253500000000000000e+04 9.999993197931494882e-01 3.358328585584511264e-08 1.541859763063183143e-13 5.335164865162311694e-16 2.423588932038787656e-19
1.254000000000000000e+04 9.999514667434005188e-01 3.280949993100851140e-08 1.330389855650906077e-13 4.225665849006171387e-16 3.828976532054039881e-19
1.254500000000000000e+04 9.999002686145875840e-01 3.275344555501852574e-08 1.311367735572533667e-13 9.246797588564649771e-16 6.411024599296047591e-19
1.255000000000000000e+04 9.999402631653284690e-01 3.156122695116993703e-08 6.772540149954881523e-13 1.943301758220890995e-15 2.387209398379452298e-18
1.255500000000000000e+04 9.999970592406725034e-01 2.869201848947493804e-08 1.460055732036213665e-12 2.475082494841178262e-17 8.621823197386285352e-20
1.256000000000000000e+04 9.999647571274172808e-01 2.601430376531551432e-08 4.385277781801708165e-13 1.823359579344539997e-15 2.086411310486707073e-18
1.256500000000000000e+04 9.999033262937673250e-01 2.468628977959333507e-08 1.054056416512737165e-13 2.665455159633786620e-16 3.143944105905185098e-19
1.257000000000000000e+04 9.999294302801613465e-01 2.444077324270379878e-08 1.235224824747663637e-13 2.190570567367800236e-16 1.836762767796753066e-18
1.257500000000000000e+04 9.999940043869370854e-01 2.351176908830111831e-08 1.664365725404406614e-13 5.219716823386577030e-16 2.063808438176391768e-18
1.258000000000000000e+04 9.999748904079867051e-01 2.292088548452851189e-08 1.279029240447858615e-13 4.804388018166433686e-18 1.184437641468146586e-18
1.258500000000000000e+04 9.999086869174474979e-01 2.258353851810116925e-08 1.048894009444908201e-13 1.071150233727043180e-15 7.057580095515156344e-19
1.259000000000000000e+04 9.999184612877263234e-01 2.225396684201755040e-08 2.704436325366935618e-13 1.857612772925260437e-15 2.003793968445832960e-18
1.259500000000000000e+04 9.999854078599498264e-01 2.002116742726855302e-08 1.377002544727249011e-12 5.284970956540044821e-16 1.091607146063148753e-18
1.260000000000000000e+04 9.999851706589049094e-01 1.770230796954206920e-08 9.522183002685212686e-13 1.357828077525561626e-15 2.937232017950093709e-18
1.260500000000000000e+04 9.999175526423894622e-01 1.599202912610740456e-08 1.098278660735906533e-13 6.143861770244160816e-16 3.211732208697113703e-20
1.261000000000000000e+04 9.999101206168908851e-01 1.580668153833202926e-08 1.138535210929488481e-13 2.752445975123796654e-16 4.680295399131088878e-19
1.261500000000000000e+04 9.999778037478779247e-01 1.517104960562373952e-08 1.678750438937806957e-13 2.703763353934935686e-16 4.512554390287601163e-18
1.262000000000000000e+04 9.999923635141132472e-01 1.469679278467571415e-08 1.460467793915092936e-13 3.674025041176189018e-16 4.403015925326813322e-19
1.262500000000000000e+04 9.999268664608313983e-01 1.425388299311319089e-08 8.545700680123033783e-14 6.543349839979856383e-16 1.702565482109183209e-19
1.263000000000000000e+04 9.999039575804059554e-01 1.425155537852306079e-08 8.387665343891254703e-14 1.049666381644313125e-15 7.417514554509868180e-19
1.263500000000000000e+04 9.999652518917201416e-01 1.287018039933618263e-08 9.700830159021966509e-13 1.966362563593334984e-15 3.108431978267704180e-18
1.264000000000000000e+04 9.999968489251434001e-01 1.096098618327163721e-08 1.400779869411271062e-12 2.395407443791971418e-16 6.938320423330278421e-19
1.264500000000000000e+04 9.999394758578286080e-01 9.317718720944336314e-09 2.647719774863290958e-13 1.419252176261820036e-15 9.204552115311141022e-19
1.265000000000000000e+04 9.999005487667498304e-01 8.879605501446253253e-09 1.354730990822597455e-13 3.383293188532210114e-16 1.147828543475879800e-19
1.265500000000000000e+04 9.999546447497580370e-01 8.613683286390572944e-09 1.471815809631844263e-13 2.266285403328182595e-16 3.426853501450010905e-18
1.266000000000000000e+04 9.999995632493848818e-01 8.195960087139194283e-09 1.647762709789157314e-13 6.119738829543101758e-16 7.996490261080277794e-19
1.266500000000000000e+04 9.999506007971804555e-01 7.859399694860723007e-09 9.792007532109990546e-14 6.128223724534898047e-17 4.806671372477083695e-19
1.267000000000000000e+04 9.999001841460073425e-01 7.820212993642301341e-09 4.105930225851085782e-14 7.570738589064935253e-16 2.675025369943546191e-19
1.267500000000000000e+04 9.999413745546618104e-01 7.223269493136703231e-09 4.764898473851709480e-13 2.638718140051768948e-15 3.271502180185665002e-18
1.268000000000000000e+04 9.999971170376733554e-01 5.802811441114355746e-09 1.519541537533912067e-12 1.845964806701208959e-16 3.701384748718124462e-19
1.268500000000000000e+04 9.999636600223297256e-01 4.536732341519249119e-09 6.944434746986649329e-13 1.600446900359015695e-15 2.644263161893343157e-18
1.269000000000000000e+04 9.999030230479580839e-01 3.901495016294781721e-09 1.482989344571110801e-13 4.214015937943025400e-16 6.219452234956926573e-20
1.269500000000000000e+04 9.999302475342268792e-01 3.841678326829383748e-09 1.279590804074701149e-13 2.984428404037895530e-16 1.323847762170689363e-18
1.270000000000000000e+04 9.999946098806011818e-01 3.543034923812850893e-09 1.742122099040179838e-13 4.187068154925942185e-16 3.964861230570290839e-18
1.270500000000000000e+04 9.999742662555790584e-01 3.358467950176066275e-09 1.316399176958071667e-13 1.805266951824966106e-16 5.701372415162085579e-19
1.271000000000000000e+04 9.999081240788622038e-01 3.241912764133171626e-09 3.677239436052906885e-14 6.763662396677009918e-16 1.627169273872937268e-19
1.271500000000000000e+04 9.999193755261326366e-01 3.107569566488597827e-09 1.471793803216989114e-13 1.812989290389728873e-15 1.643959075301449235e-18
1.272000000000000000e+04 9.999860314019655139e-01 2.270408093909578373e-09 1.253478257191230189e-12 1.617765043264928997e-15 3.149671622955048037e-18
1.272500000000000000e+04 9.999842382765579130e-01 1.487947254854291607e-09 1.238637365877438978e-12 6.291194909583941625e-16 1.518646628614314838e-18
1.273000000000000000e+04 9.999168167805309038e-01 9.758501039341925131e-10 2.020041259212752656e-13 9.030110270741863600e-16 2.420523065232791990e-19
1.273500000000000000e+04 9.999106609961017078e-01 9.260244540625814064e-10 1.540806903710496759e-13 4.213331556643518419e-16 2.728910739978286723e-19
1.274000000000000000e+04 9.999786273833340955e-01 8.135737935632054366e-10 1.657352661678778454e-13 2.496106721802984440e-16 5.256754916393991400e-18
1.274500000000000000e+04 9.999921216074810770e-01 7.286260501565900233e-10 1.588726124802411191e-13 5.667720932211183187e-16 1.788607335256613304e-19
1.275000000000000000e+04 9.999260330436398059e-01 6.570180075535580188e-10 5.935934108516516863e-14 2.206690902974108022e-16 2.093638985830553898e-19
1.275500000000000000e+04 9.999044250980121396e-01 6.670759713312934019e-10 2.907317041742002387e-14 7.796527503620942115e-16 2.274945865325664436e-19
1.276000000000000000e+04 9.999662769613807400e-01 3.705440847604171071e-10 7.646292924206320403e-13 3.064838988708503851e-15 5.205592198672639427e-18
1.276500000000000000e+04 9.999963407004496263e-01 9.705487090551725039e-11 1.563481791293575437e-12 6.654287774934212563e-18 3.395832170676425926e-21
1.277000000000000000e+04 9.999384226300426226e-01 4.527215910563353932e-12 4.763629871672230886e-13 1.470754804796939915e-15 1.956318244672403311e-18
1.277500000000000000e+04 9.999006963415275617e-01 3.272488138781759635e-12 2.053885847384342896e-13 4.925113673716431999e-16 1.736217374499743593e-19
1.278000000000000000e+04 9.999555276346424604e-01 1.050642194797747907e-11 1.482430956504439244e-13 2.880886228829583590e-16 3.439953534249494525e-18
1.278500000000000000e+04 9.999997263658167990e-01 1.861926558137324200e-11 1.725052740571684031e-13 5.508903863940123697e-16 2.244289725896269594e-18
1.279000000000000000e+04 9.999497561352336250e-01 5.049955129923496413e-11 1.073444525131140898e-13 7.177936944546834808e-17 5.947648462443552429e-19
1.279500000000000000e+04 9.999001089668478892e-01 1.004503302429058223e-10 1.137023694896381513e-14 5.141873359374772371e-16 2.175989622540939642e-20
1.280000000000000000e+04 9.999425072622316613e-01 1.142498048333771740e-10 3.216406337427322944e-13 2.874463972884839725e-15 4.130236282723458167e-18
1.280500000000000000e+04 9.999971959491268381e-01 3.554562403786821798e-10 1.483200668295218041e-12 1.053058213945465063e-15 1.979456112286462451e-18
1.281000000000000000e+04 9.999625090529407068e-01 8.009764296618900056e-10 1.000785798734913908e-12 1.015254158506004455e-15 2.373447365376378250e-18
1.281500000000000000e+04 9.999027067076997621e-01 1.135244563781755347e-09 2.406108241569995010e-13 6.019996181961048553e-16 1.460797114476877353e-19
1.282000000000000000e+04 9.999310330133834857e-01 1.149211315856927031e-09 1.689250005973421227e-13 4.473771152056444132e-16 1.375956048807047944e-18
1.282500000000000000e+04 9.999951124601741403e-01 1.274327950603921516e-09 1.739747934296289001e-13 3.235040939123197999e-16 5.123735156968304619e-18
1.283000000000000000e+04 9.999736304772127715e-01 1.368593637956551015e-09 1.475865426060879770e-13 4.301664128606034084e-16 1.986494467477998371e-19
1.283500000000000000e+04 9.999075825163482589e-01 1.521160570909677200e-09 2.738396453995545315e-14 3.386843873191366395e-16 3.324174598160668587e-20
1.284000000000000000e+04 9.999202940741601653e-01 1.592422905431011747e-09 9.066590648195388732e-14 1.414515054538683669e-15 1.260156029511350936e-18
1.284500000000000000e+04 9.999866914181463340e-01 2.246416231743889197e-09 1.073296381898702271e-12 2.969481921897820202e-15 5.337247922524365103e-18
1.285000000000000000e+04 9.999832761848495011e-01 3.237097378342029198e-09 1.492277887590044518e-12 8.017509816378131252e-17 3.195919090989298203e-19
1.285500000000000000e+04 9.999160460999970690e-01 4.199038051386248628e-09 3.683386126545802155e-13 1.073454425307763345e-15 6.488640463796174731e-19
1.286000000000000000e+04 9.999111969638886377e-01 4.305354381977513700e-09 2.513853197401943903e-13 6.430817448760611467e-16 2.006282059339532167e-19
1.286500000000000000e+04 9.999793567803786365e-01 4.474355075877452025e-09 1.674697061417556361e-13 2.673600899602900765e-16 5.161853451959199625e-18
1.287000000000000000e+04 9.999918219387461393e-01 4.613203745121824046e-09 1.644031290393817510e-13 6.014193966873424436e-16 9.139524329668205553e-19
1.287500000000000000e+04 9.999252252094412707e-01 4.893213216725310421e-09 7.477675133666345190e-14 8.376323292574828139e-17 5.241393025144802535e-19
1.288000000000000000e+04 9.999048913651658044e-01 4.960669209542168755e-09 2.677953854675494489e-14 4.528852994618830766e-16 4.530853776611489553e-20
1.288500000000000000e+04 9.999673314721074791e-01 5.745463938880234339e-09 5.756860528015684296e-13 3.741760657921846291e-15 6.583278736636926826e-18
1.289000000000000000e+04 9.999958374385422566e-01 7.271227109353544779e-09 1.630622505811983436e-12 4.787727374444470225e-16 8.221822043180618818e-19
1.289500000000000000e+04 9.999373221860041738e-01 8.946007019656307869e-09 7.569232742809851091e-13 1.168188030694374416e-15 2.080871312466807061e-18
1.290000000000000000e+04 9.999008452401769720e-01 9.520237927810849426e-09 3.319292187246310751e-13 6.413429087100294567e-16 1.534268766987196483e-19
1.290500000000000000e+04 9.999563495247643097e-01 9.577835252653522013e-09 1.859228394320994110e-13 4.165749778286594446e-16 3.200128337848369407e-18
1.291000000000000000e+04 9.999997932293200886e-01 9.808805774102900355e-09 1.687927963253869553e-13 4.260730967262258856e-16 3.629203680401415447e-18
1.291500000000000000e+04 9.999489203345932609e-01 1.011207517209317670e-08 1.272417964075368031e-13 2.759306998242375021e-16 5.229842955168754817e-19
1.292000000000000000e+04 9.999000410392309135e-01 1.031490127642523841e-08 2.199934845967489296e-14 3.076374725890740980e-16 1.256902047366631962e-19
1.292500000000000000e+04 9.999436500850009679e-01 1.089669648334246754e-08 2.264825983028398741e-13 2.536023283779295276e-15 4.124893339672653415e-18
1.293000000000000000e+04 9.999973058148929894e-01 1.286917279344443296e-08 1.359337061116131139e-12 2.416270807882815627e-15 4.291493618533600154e-18
1.293500000000000000e+04 9.999613199444891132e-01 1.516937323156601443e-08 1.307156538907041569e-12 3.552158240033201421e-16 1.166085622786592644e-18
1.294000000000000000e+04 9.999023780779219273e-01 1.665378112423758587e-08 3.939057042555519580e-13 7.305343412097263509e-16 1.207566829419732909e-19
1.294500000000000000e+04 9.999317963689821065e-01 1.660939899401801659e-08 2.790784015215045719e-13 7.222679565982296041e-16 1.034544861314315250e-18
1.295000000000000000e+04 9.999955068322138318e-01 1.691084265784539980e-08 1.733094867928474168e-13 2.752845285263852787e-16 5.317209511859915589e-18
1.295500000000000000e+04 9.999729651033021360e-01 1.713102383350296943e-08 1.512212180237871791e-13 5.631117240377409384e-16 2.483923200547873364e-19
1.296000000000000000e+04 9.999070605063870021e-01 1.758320500032990132e-08 4.776920704180818158e-14 1.698328820786824455e-16 2.266896464567432123e-19
1.296500000000000000e+04 9.999212072779580796e-01 1.784345049095241695e-08 8.461359376776238037e-14 8.389970016585654331e-16 8.044006772047838281e-19
1.297000000000000000e+04 9.999873869239236379e-01 1.995762623324118174e-08 8.703258879200938898e-13 4.069256305916952249e-15 6.927547152509426183e-18
1.297500000000000000e+04 9.999823038498807382e-01 2.279668572328076638e-08 1.661167810335666002e-12 9.358870427749720608e-17 5.436769028910388614e-20
1.298000000000000000e+04 9.999152451006584341e-01 2.537197291542708397e-08 6.003808578323451179e-13 1.009622170984934876e-15 7.290871573046613824e-19
1.298500000000000000e+04 9.999117358185759530e-01 2.562486931528074488e-08 4.204243774216152085e-13 8.782872036859770643e-16 1.967030918125499614e-20
1.299000000000000000e+04 9.999799976207376373e-01 2.580429059166154691e-08 1.984312991535132341e-13 3.556120090562965036e-16 4.543845260298061721e-18
1.299500000000000000e+04 9.999914471493451806e-01 2.597766625674928730e-08 1.527096723384759009e-13 5.066763088392805709e-16 1.924697826815363958e-18
1.300000000000000000e+04 9.999244367344904960e-01 2.656567711324855061e-08 9.715640195052834001e-14 1.768192492447571356e-16 5.691979265062069421e-19
1.300500000000000000e+04 9.999053515996261243e-01 2.672413984626280199e-08 4.961427713621758174e-14 2.142065401033289858e-16 6.227403708261866379e-20
1.301000000000000000e+04 9.999684060687717979e-01 2.849199240314224294e-08 4.262489161537514840e-13 3.704282880328752840e-15 6.347850517111360847e-18
1.301500000000000000e+04 9.999953549294515742e-01 3.182095311241228925e-08 1.586275936259648588e-12 1.608476991777972186e-15 2.764994454730595947e-18
1.302000000000000000e+04 9.999361863480830115e-01 3.531878620982997765e-08 1.060541972778469313e-12 6.369769526577012872e-16 1.174724818568804317e-18
1.302500000000000000e+04 9.999009993956583520e-01 3.654139220840832937e-08 5.130950183274480894e-13 7.105851733575464889e-16 8.677618091513231348e-20
1.303000000000000000e+04 9.999571226282387704e-01 3.641387482488339028e-08 2.911792150838547767e-13 6.919654110417324564e-16 2.332503832895353401e-18
1.303500000000000000e+04 9.999997542734806455e-01 3.664111232184436899e-08 1.582272224906058812e-13 3.257621031374536072e-16 4.434792626403971754e-18
1.304000000000000000e+04 9.999480807455390918e-01 3.709767127831372168e-08 1.310758663669324603e-13 4.602102601450892602e-16 1.901500666921019177e-19
1.304500000000000000e+04 9.998999793663913005e-01 3.750442334231339899e-08 4.474960312620828552e-14 2.102859018817173080e-16 1.682569270336963940e-19
1.305000000000000000e+04 9.999447912647473347e-01 3.855506674707107330e-08 1.816671252892098160e-13 1.767814180125053645e-15 2.772509339646775528e-18
1.305500000000000000e+04 9.999974527395075752e-01 4.217942432346108346e-08 1.170332967703098143e-12 3.779261810740042516e-15 6.578032471728186095e-18
1.306000000000000000e+04 9.999601110395015535e-01 4.630894147540536689e-08 1.548264728177947346e-12 6.732784498807836236e-18 1.196423305635452703e-19
1.306500000000000000e+04 9.999020408060351750e-01 4.901259357267718514e-08 5.935499212915711827e-13 7.281435982677641792e-16 1.962570557089415272e-19
1.307000000000000000e+04 9.999325502389158071e-01 4.876952086536754960e-08 4.713841464459715748e-13 1.082706718295932644e-15 3.905792455547713367e-19
1.307500000000000000e+04 9.999957950020590403e-01 4.898175840133771372e-08 1.911083616398022081e-13 3.075497707866664717e-16 5.455875503266598291e-18
1.308000000000000000e+04 9.999722542293981720e-01 4.916137809298214910e-08 1.321629365282414729e-13 5.353336650171619593e-16 5.524818274063964265e-19
1.308500000000000000e+04 9.999065564274959295e-01 4.992334735189113387e-08 6.805734888867064158e-14 1.738804825324162068e-16 2.272372801345708370e-19
1.309000000000000000e+04 9.999221066655085144e-01 5.033012615758652442e-08 9.973935353737258755e-14 3.347802479312956420e-16 2.283229334753025280e-19
1.309500000000000000e+04 9.999881132702750364e-01 5.374849945950335282e-08 6.745940467525799652e-13 4.467379347847385301e-15 7.577235176507790742e-18
1.310000000000000000e+04 9.999813404814326123e-01 5.834492378907651375e-08 1.704605051144036744e-12 7.994321128220217679e-16 1.163990345570056350e-18
1.310500000000000000e+04 9.999144218777614723e-01 6.252544887200604238e-08 8.572270707365483539e-13 7.168075014705473282e-16 6.846165548824634733e-19
1.311000000000000000e+04 9.999122865867162702e-01 6.288625384549664391e-08 6.468664612021681863e-13 1.005214529690171321e-15 2.151865307679776970e-19
1.311500000000000000e+04 9.999805618524996165e-01 6.280109059178114676e-08 2.845426707415467737e-13 5.856950065201576871e-16 4.161498794672653030e-18
1.312000000000000000e+04 9.999909849055576005e-01 6.281187291310918589e-08 1.279414509576228522e-13 3.897529334513754096e-16 2.643931441441436632e-18
1.312500000000000000e+04 9.999236611036549371e-01 6.364265616676922570e-08 1.018044697456497325e-13 3.382159924836460094e-16 2.160521580926281828e-19
1.313000000000000000e+04 9.999058028132885578e-01 6.391234108183943960e-08 6.971050930702700270e-14 1.413162498981242658e-16 5.849898956097240379e-20
1.313500000000000000e+04 9.999694894390331878e-01 6.647662573518633271e-08 3.215027810068317537e-13 2.970611753310086437e-15 4.688569805030407861e-18
1.314000000000000000e+04 9.999949059642179172e-01 7.145446523038379496e-08 1.435512886746426810e-12 3.002806039339263023e-15 5.098374260995283907e-18
1.314500000000000000e+04 9.999350301302161181e-01 7.666752394074883021e-08 1.318531917950396585e-12 1.611452742865312003e-16 2.766785591539010215e-19
1.315000000000000000e+04 9.999011644038301450e-01 7.854030548851114649e-08 7.189713015150490034e-13 6.453417858411738459e-16 3.725019563850710425e-19
1.315500000000000000e+04 9.999578632532697409e-01 7.800138791885190378e-08 4.763034008928432676e-13 1.123161044971788462e-15 1.377668343039668690e-18
1.316000000000000000e+04 9.999996069536671861e-01 7.799530871418174234e-08 1.561521879141611857e-13 3.082691753554602097e-16 5.077303550007930187e-18
1.316500000000000000e+04 9.999472255594453740e-01 7.847411934544692919e-08 1.094096460343236393e-13 5.056812324419019129e-16 7.647769521423669015e-20
1.317000000000000000e+04 9.998999241959773965e-01 7.911912340729399748e-08 5.729868871720379935e-14 2.205019270405492469e-16 9.456663623881815863e-20
1.317500000000000000e+04 9.999459192761197546e-01 8.049028848517033485e-08 1.646380349099571190e-13 9.003783806027934125e-16 9.752011539204674417e-19
1.318000000000000000e+04 9.999976386685597296e-01 8.554523206705861629e-08 9.474192706515597870e-13 4.599426684014860720e-15 8.150198360364028466e-18
1.318500000000000000e+04 9.999589018030028420e-01 9.131518152033643128e-08 1.663301655151108467e-12 2.277530250225394331e-16 3.678164199758642953e-19
1.319000000000000000e+04 9.999017009410900991e-01 9.519197661411796018e-08 7.971268432945423113e-13 5.793080853164247210e-16 5.291929907362652122e-19
1.319500000000000000e+04 9.999333092749013163e-01 9.461473687545427662e-08 7.259548801959407112e-13 1.376993787157200519e-15 1.528421283253846331e-19
1.320000000000000000e+04 9.999959860395929434e-01 9.447932325668458862e-08 2.485364459297059708e-13 4.693825446422074843e-16 6.062055642877553893e-18
1.320500000000000000e+04 9.999714853131645986e-01 9.445137632803732229e-08 9.623538912833748884e-14 4.295024213739872264e-16 1.176525175555949276e-18
1.321000000000000000e+04 9.999060689949819114e-01 9.551079978477810304e-08 7.032735479624926135e-14 2.661161416329541317e-16 1.564040781091933145e-19
1.321500000000000000e+04 9.999229855564016889e-01 9.599961670619644431e-08 1.090004658195134534e-13 8.239209750374951576e-17 5.501508081876092432e-20
1.322000000000000000e+04 9.999888624641958268e-01 1.004531465919166885e-07 5.069278793004171161e-13 4.010684031609385097e-15 7.104460675582391777e-18
1.322500000000000000e+04 9.999804035180470674e-01 1.065603059779402388e-07 1.606807232237792101e-12 1.971388561708359676e-15 3.345383835845383842e-18
1.323000000000000000e+04 9.999135873680485842e-01 1.121946374290881768e-07 1.074846079134942561e-12 3.421057377203878476e-16 6.051275392280265639e-19
1.323500000000000000e+04 9.999128591946622180e-01 1.126002294330600726e-07 8.853549168560147609e-13 9.234461339231409203e-16 7.567890310017739200e-19
1.324000000000000000e+04 9.999810667786180884e-01 1.119976541181503332e-07 4.377721488096678537e-13 1.003786313395803189e-15 3.888508413847372951e-18
1.324500000000000000e+04 9.999904288022487542e-01 1.116582814241511725e-07 1.053638732414681982e-13 3.409312756288123352e-16 3.462994713016087485e-18
1.325000000000000000e+04 9.999228921071878773e-01 1.126481093651220907e-07 8.215786768640436965e-14 4.277562481454015286e-16 7.625475467704833035e-20
1.325500000000000000e+04 9.999062441178844240e-01 1.130345645810372314e-07 7.093959985904337487e-14 2.073409313658639087e-16 2.631479886205269690e-19
1.326000000000000000e+04 9.999705690219898857e-01 1.161344837583121269e-07 2.532164036464605340e-13 1.862419982330770799e-15 2.641910715112441893e-18
1.326500000000000000e+04 9.999944993972751384e-01 1.224635709392720088e-07 1.204543633261362271e-12 4.103707576704343670e-15 7.088630620993042709e-18
1.327000000000000000e+04 9.999338704504764364e-01 1.291336207306406625e-07 1.461050989608173475e-12 2.332658422225441608e-17 1.459839881934825639e-21
1.327500000000000000e+04 9.999013468794752946e-01 1.315899368576746542e-07 8.974781359241177010e-13 4.622858655416511447e-16 6.493596785204343767e-19
1.328000000000000000e+04 9.999585905939797348e-01 1.304437958469013105e-07 7.231525933070573898e-13 1.587170516830392991e-15 7.013996151053342966e-19
1.328500000000000000e+04 9.999993558305820818e-01 1.299938362402074860e-07 1.816400529165138844e-13 4.034517098796543052e-16 6.142019364040962226e-18
1.329000000000000000e+04 9.999463447832643848e-01 1.303600300313431442e-07 7.046776545012522541e-14 4.353685808218782560e-16 5.374077114994651772e-19
1.329500000000000000e+04 9.998998771074240066e-01 1.312571356691042356e-07 5.146167365499219187e-14 2.791132695294950226e-16 2.658327186138576743e-19
1.330000000000000000e+04 9.999470235939413865e-01 1.327633443259442466e-07 1.523218715012232854e-13 2.689352604713028310e-16 5.581211695959770957e-20
1.330500000000000000e+04 9.999978612509144993e-01 1.389043515259940801e-07 7.238833358803408285e-13 4.555548732157040623e-15 8.417287429718246307e-18
1.331000000000000000e+04 9.999577112614538299e-01 1.459822721965852005e-07 1.617132449617492982e-12 9.848696972252602795e-16 1.645576598260679642e-18
1.331500000000000000e+04 9.999013662770979138e-01 1.508792921227464670e-07 9.466479133957679579e-13 3.594833902821420753e-16 5.900400480130807422e-19
1.332000000000000000e+04 9.999340889146102196e-01 1.498504556267381714e-07 9.905754153115226655e-13 1.426215847831037283e-15 3.457573764090266509e-19
1.332500000000000000e+04 9.999960953253461682e-01 1.491413675013768073e-07 3.581805909626672855e-13 8.082533235563690245e-16 6.400048937248069996e-18
1.333000000000000000e+04 9.999706501080525278e-01 1.487522916272317133e-07 6.059442901039249280e-14 3.605185428546527874e-16 2.066065841359069864e-18
1.333500000000000000e+04 9.999055974309783990e-01 1.500730114626068689e-07 5.330104973088908041e-14 3.438453481756648437e-16 3.088680016682620613e-19
1.334000000000000000e+04 9.999238395927600997e-01 1.505631928353632201e-07 9.860403419825891795e-14 1.021175642897714338e-16 4.698143818814684552e-19
1.334500000000000000e+04 9.999896236718668341e-01 1.556912205985648501e-07 3.771421556262222915e-13 2.914747779108139387e-15 5.428854578385833613e-18
1.335000000000000000e+04 9.999795073108426191e-01 1.629307880958677086e-07 1.384153905567414181e-12 3.129708563754283308e-15 5.482141889249305139e-18
1.335500000000000000e+04 9.999127543671301188e-01 1.697422205080062527e-07 1.188011193150762360e-12 9.612210053901983216e-17 2.763894512502944001e-19
1.336000000000000000e+04 9.999134634744608618e-01 1.701131569992732686e-07 1.071997241413284139e-12 6.396867299576191819e-16 9.165900936448145380e-19
1.336500000000000000e+04 9.999815337296114048e-01 1.687868439435204563e-07 6.463357512110400976e-13 1.549112348243746357e-15 2.966371501638291453e-18
1.337000000000000000e+04 9.999897787417680872e-01 1.679372828189966273e-07 1.042579603907383597e-13 3.904864012440698544e-16 4.844324173777814764e-18
1.337500000000000000e+04 9.999221243510121315e-01 1.689884795946192148e-07 4.828172679792401028e-14 4.084623061327217392e-16 2.946395560014164882e-19
1.338000000000000000e+04 9.999066768881139655e-01 1.694819876105826290e-07 5.316033273044081475e-14 3.146210607697958914e-16 5.542589140241993690e-19
1.338500000000000000e+04 9.999716318241659296e-01 1.728036611358602776e-07 2.073536233203264043e-13 8.261849531297173311e-16 1.024780919107728499e-18
1.339000000000000000e+04 9.999941395073028705e-01 1.800694958654530203e-07 9.349558000244144351e-13 4.468178973425917352e-15 8.069521959571790860e-18
1.339500000000000000e+04 9.999327247505935823e-01 1.878146189477362265e-07 1.442775945977891546e-12 3.340579882228880401e-16 2.195488606537125893e-19
1.340000000000000000e+04 9.999015536979460883e-01 1.907298173825474876e-07 9.921145521027437068e-13 2.578835405246485754e-16 4.194099743096298344e-19
1.340500000000000000e+04 9.999593251827305629e-01 1.888296377829103934e-07 9.838551519166873770e-13 1.866296317553449908e-15 3.660435866958273164e-19
1.341000000000000000e+04 9.999990121066117954e-01 1.877657106725450027e-07 2.488881285103613467e-13 6.313269198621973475e-16 7.341019198955802868e-18
1.341500000000000000e+04 9.999454310056691275e-01 1.878910009636522033e-07 3.290225603497614390e-14 3.559685119511766646e-16 9.783280911126661370e-19
1.342000000000000000e+04 9.998998409615758032e-01 1.890307309843181882e-07 3.294604560562894518e-14 3.201516762430215684e-16 4.545098924923865653e-19
1.342500000000000000e+04 9.999480954111035214e-01 1.904652630532157247e-07 1.307983825794767576e-13 3.562143388545597232e-17 1.094206418675249534e-19
1.343000000000000000e+04 9.999981139694550381e-01 1.972532989915814972e-07 5.281523698298886118e-13 3.701365888987509238e-15 7.135098291141947705e-18
1.343500000000000000e+04 9.999565565058594618e-01 2.051951298847999462e-07 1.414851703582633078e-12 1.961266551901356974e-15 2.888317343094550794e-18
1.344000000000000000e+04 9.999010455613510651e-01 2.108715796296084227e-07 9.904997144621500680e-13 1.963624113566974404e-16 2.188215348670596845e-19
1.344500000000000000e+04 9.999349040031728642e-01 2.093039788216397256e-07 1.196064431848597235e-12 1.151660797794427854e-15 6.404013673027910985e-19
1.345000000000000000e+04 9.999961433374930930e-01 2.078503066381799772e-07 5.160778857619068827e-13 1.313795104564041014e-15 5.542013571750913558e-18
1.345500000000000000e+04 9.999697452052618285e-01 2.069743418235979317e-07 4.503736555179394465e-14 3.837805569110837743e-16 2.829247259018375331e-18
1.346000000000000000e+04 9.999051415539391696e-01 2.084969569027845930e-07 2.823837897186230628e-14 3.540100100283800657e-16 3.523040752212943478e-19
1.346500000000000000e+04 9.999246671161470257e-01 2.088990846436371064e-07 7.067222129605251891e-14 2.668706628043110466e-16 7.204698528229253677e-19
1.347000000000000000e+04 9.999903838846629922e-01 2.142789282901312435e-07 2.852392550077629652e-13 1.636740208701169322e-15 2.979826602860080618e-18
1.347500000000000000e+04 9.999786620606146981e-01 2.221751300852472332e-07 1.082573923667484679e-12 3.791226227397938917e-15 6.501777024113550407e-18
1.348000000000000000e+04 9.999119364101993757e-01 2.297907958521148209e-07 1.156057364093217023e-12 1.241792569697948404e-16 1.546764327003547445e-20
1.348500000000000000e+04 9.999141081218227978e-01 2.300421540650356320e-07 1.147349487055025763e-12 2.892851841746805985e-16 5.550267004020725978e-19
1.349000000000000000e+04 9.999819864120554902e-01 2.278520760330316434e-07 8.743049137009582363e-13 2.031159137488454441e-15 1.537313510346000186e-18
1.349500000000000000e+04 9.999890407956700811e-01 2.263767613152694442e-07 1.399672265487535727e-13 5.264548829953015185e-16 6.431116798557673887e-18
1.350000000000000000e+04 9.999213536753099874e-01 2.273844021909471887e-07 1.801351403966159955e-14 3.399112630777594637e-16 3.347186108940495865e-19
1.350500000000000000e+04 9.999071047255169153e-01 2.279603493193078430e-07 2.797195280761872550e-14 3.700850803445918111e-16 4.177631858970622450e-19
1.351000000000000000e+04 9.999726652538855065e-01 2.311634675954290531e-07 1.712746303520935103e-13 1.941828047636340455e-16 1.303247959676437713e-19
1.351500000000000000e+04 9.999938256810592119e-01 2.388702813527435699e-07 6.732550887838278229e-13 3.986478098241822699e-15 7.588030005937180548e-18
1.352000000000000000e+04 9.999316095687293959e-01 2.472215164074478944e-07 1.261958927672192622e-12 9.623131586096293756e-16 8.749166401430303984e-19
1.352500000000000000e+04 9.999017912162007082e-01 2.504294812606689597e-07 9.648736778104513547e-13 1.571660804109364684e-16 5.327844304336362429e-20
1.353000000000000000e+04 9.999600871904094079e-01 2.476915051642508816e-07 1.194627209631075240e-12 1.774161357595079011e-15 6.046831634994172049e-19
1.353500000000000000e+04 9.999985926744178188e-01 2.459022969011153282e-07 3.605228580346738225e-13 1.000185419103140511e-15 7.631336574877657420e-18
1.354000000000000000e+04 9.999444798970577031e-01 2.456764645960820176e-07 1.541571167114771638e-14 3.494665684496768701e-16 9.871950315741598190e-19
1.354500000000000000e+04 9.998998197061148563e-01 2.470251709467786584e-07 1.441843735302005827e-14 3.144754582098975691e-16 2.673140971981801287e-19
1.355000000000000000e+04 9.999491283171173528e-01 2.481787406963117176e-07 9.861032363917061756e-14 1.290751295180398175e-16 3.701242732752764562e-19
1.355500000000000000e+04 9.999983865222380475e-01 2.551169588714870537e-07 3.783030673053611881e-13 2.418500489938110770e-15 4.726914501592047364e-18
1.356000000000000000e+04 9.999554514029690422e-01 2.634072532934893347e-07 1.103045497594909621e-12 2.728117199722815139e-15 3.624769632024048856e-18
1.356500000000000000e+04 9.999007476553720686e-01 2.695611100022269451e-07 9.057532745174969509e-13 1.886923660421393259e-16 5.691498302285369377e-23
1.357000000000000000e+04 9.999357673568814997e-01 2.674079620046441783e-07 1.280959874711367841e-12 6.535955453807414716e-16 9.367822892811381991e-19
1.357500000000000000e+04 9.999961540546363770e-01 2.651110980761432150e-07 7.000208351553819576e-13 1.869074741674949856e-15 3.612857022531269965e-18
1.358000000000000000e+04 9.999687721615542202e-01 2.636638486775245573e-07 6.387533073915862580e-14 4.730624558181191559e-16 3.664972114864358484e-18
1.358500000000000000e+04 9.999047017808011528e-01 2.653092038241959385e-07 9.733249180548629382e-15 3.115146172995728419e-16 1.552006626357192187e-19
1.359000000000000000e+04 9.999254693627362967e-01 2.655336020430459094e-07 3.806131833431513707e-14 4.066529985005063833e-16 4.170259468861170133e-19
1.359500000000000000e+04 9.999911287330395249e-01 2.707164846460531872e-07 2.245622174329106613e-13 6.299439293436880589e-16 8.717558546141351773e-19
1.360000000000000000e+04 9.999778730847109776e-01 2.787375442766501236e-07 7.649290042584356345e-13 3.713148868208097922e-15 6.190827898900683039e-18
1.360500000000000000e+04 9.999111466347377908e-01 2.867247279987402644e-07 9.811188601388316353e-13 4.166212943694151281e-16 3.137732998800778255e-19
1.361000000000000000e+04 9.999147997219817174e-01 2.867782893328530497e-07 1.080675459928187031e-12 6.999857163414012141e-17 1.929889145769071600e-19
1.361500000000000000e+04 9.999824490044257885e-01 2.836637022252214243e-07 1.071271616582716581e-12 2.208489319118689175e-15 6.257988565115378813e-19
1.362000000000000000e+04 9.999882266050843516e-01 2.815052571808001729e-07 2.182674935771007031e-13 7.372210716863860010e-16 7.513615476637561475e-18
1.362500000000000000e+04 9.999205774221316956e-01 2.823662078414690114e-07 6.398091531705746362e-15 3.012924215712582974e-16 2.796809756971591159e-19
1.363000000000000000e+04 9.999075332187087328e-01 2.829868936959620540e-07 9.768336011596837897e-15 3.453191372260312857e-16 1.091681810495790302e-19
1.363500000000000000e+04 9.999736580004692232e-01 2.857350690788735602e-07 1.381406300553690794e-13 3.566413482059301690e-17 9.122381738323172297e-20
1.364000000000000000e+04 9.999935524116490004e-01 2.933480680422740339e-07 4.586536833738551619e-13 2.912649382041269317e-15 5.753629542703123304e-18
1.364500000000000000e+04 9.999305392569021178e-01 3.017918443886996839e-07 9.641021701434085029e-13 1.611346208039669345e-15 1.886524517078301182e-18
1.365000000000000000e+04 9.999020645687827225e-01 3.051051969172604499e-07 8.142583590533903885e-13 2.353888131465026539e-16 3.681839826481889797e-20
1.365500000000000000e+04 9.999608946275547749e-01 3.015169280493841809e-07 1.297645314791926181e-12 1.292941632766733953e-15 1.308297299530669373e-18
1.366000000000000000e+04 9.999981187706128427e-01 2.989623854845765849e-07 5.052371738482935331e-13 1.473945655809947958e-15 6.342531807696613550e-18
1.366500000000000000e+04 9.999434904101099919e-01 2.983049515818756137e-07 2.875376068245437537e-14 4.074725839994746688e-16 1.488430352781139719e-18
1.367000000000000000e+04 9.998998180484105491e-01 2.998067806771610209e-07 6.792874010950210121e-15 2.768859040871535270e-16 1.533421652073761300e-19
1.367500000000000000e+04 9.999501188038673050e-01 3.004873814748597347e-07 6.395983817076640236e-14 3.339208665188023837e-16 5.384453358844211441e-19
1.368000000000000000e+04 9.999986654483975501e-01 3.070637813006342298e-07 2.795000884767351809e-13 1.202046180389676556e-15 2.227370340983158941e-18
1.368500000000000000e+04 9.999544055745237525e-01 3.151606370697388751e-07 7.562191294474175271e-13 2.970790185495066491e-15 4.037591281834601266e-18
1.369000000000000000e+04 9.999004807223378366e-01 3.214592693616802791e-07 7.104699681067187255e-13 3.426875320168351237e-16 1.430440413037227955e-19
1.369500000000000000e+04 9.999366884594415028e-01 3.187211774137154215e-07 1.215643193633494644e-12 1.815107408025422480e-16 1.031471395664576349e-18
1.370000000000000000e+04 9.999961530866808834e-01 3.155641519794842546e-07 8.748485006882944388e-13 2.264788489722061961e-15 1.621409145497839252e-18
1.370500000000000000e+04 9.999677372038219270e-01 3.135133864699972547e-07 1.217356711552586782e-13 5.744993936150093111e-16 5.307296728856454585e-18
1.371000000000000000e+04 9.999042790321990282e-01 3.151893555627188160e-07 7.118658173629259439e-15 2.642854062314322258e-16 2.506809397160205487e-19
1.371500000000000000e+04 9.999262504143016095e-01 3.151550497529347447e-07 1.559933527069578403e-14 4.260855662963364540e-16 1.889995917974843228e-19
1.372000000000000000e+04 9.999918434440644432e-01 3.197060070735650396e-07 1.858490070677516094e-13 1.276454703192826661e-16 6.208406633175276667e-20
1.372500000000000000e+04 9.999771404185903156e-01 3.273098306959045375e-07 4.923038064049255251e-13 2.990665186067750273e-15 5.087180964912712059e-18
1.373000000000000000e+04 9.999103967051559128e-01 3.352153128429317671e-07 7.101977783872600495e-13 8.193534979333062609e-16 8.575979626908993491e-19
1.373500000000000000e+04 9.999155419817546964e-01 3.350112796305456867e-07 8.849068516780922936e-13 1.278773322915557147e-16 3.793221264119415737e-20
1.374000000000000000e+04 9.999829441437106947e-01 3.309955587589865387e-07 1.188516251138585764e-12 1.935248649636670672e-15 6.950866496103260658e-19
1.374500000000000000e+04 9.999873523841573686e-01 3.281628525385704586e-07 3.336984255609943876e-13 1.027126445045268425e-15 7.595169700457080723e-18
1.375000000000000000e+04 9.999197945272093602e-01 3.287863980233132365e-07 1.913711918395341961e-14 3.152217890942355742e-16 7.177994276573554559e-19
1.375500000000000000e+04 9.999079694969726928e-01 3.294045677966047033e-07 7.742780245443832787e-15 2.792987750990886666e-16 2.840806193848096110e-19
1.376000000000000000e+04 9.999746008850186607e-01 3.313968188860020358e-07 1.079623672865589221e-13 1.794482724490431872e-16 6.479999498676681254e-19
1.376500000000000000e+04 9.999933096173324598e-01 3.383884616526029701e-07 3.131940838747161132e-13 1.700611443578531196e-15 3.393159612857663866e-18
1.377000000000000000e+04 9.999295249014251707e-01 3.464109692771618437e-07 6.277354236960975839e-13 1.987774761102975738e-15 2.691323976184646255e-18
1.377500000000000000e+04 9.999023771138163541e-01 3.496420706312047610e-07 5.795970470091110854e-13 4.676176543085311936e-16 1.684681984358455864e-19
1.378000000000000000e+04 9.999617616503712059e-01 3.452639588597921953e-07 1.262335012220847142e-12 6.247605998356117508e-16 1.724064753265736821e-18
1.378500000000000000e+04 9.999976143193927136e-01 3.419797716522035230e-07 6.602782933881980605e-13 1.938511160140411528e-15 3.914387160878773776e-18
1.379000000000000000e+04 9.999424647221188955e-01 3.408500814267574475e-07 7.352048968268569797e-14 4.583118434569979395e-16 3.186274182698526005e-18
1.379500000000000000e+04 9.998998410281259019e-01 3.424322462028603387e-07 1.383180646626710001e-14 2.378204013886618912e-16 4.949566285436805278e-19
1.380000000000000000e+04 9.999510666120697833e-01 3.424843083107700260e-07 3.881953147914925577e-14 4.549020156785051695e-16 6.399208801172780775e-19
1.380500000000000000e+04 9.999989350009095279e-01 3.482173145711140042e-07 2.252975756880030800e-13 4.081227830751136741e-16 6.468640396204292370e-19
1.381000000000000000e+04 9.999534237083028687e-01 3.555986476985710971e-07 4.526997376966703489e-13 2.635548356147630409e-15 4.165015293966659937e-18
1.381500000000000000e+04 9.999002515189855389e-01 3.617098704071121777e-07 4.594899167562281999e-13 5.710922641020942240e-16 2.434426100500484262e-19
1.382000000000000000e+04 9.999376724218637102e-01 3.584378911326081942e-07 1.015647101818219284e-12 5.358236503577674888e-18 7.273300135451688794e-19
1.382500000000000000e+04 9.999961656170675006e-01 3.544856396462272197e-07 1.002725651989778947e-12 2.292219722073673191e-15 5.256227393496344536e-19
1.383000000000000000e+04 9.999666506288948931e-01 3.518571523013207156e-07 2.140874535873108541e-13 6.766045878948445572e-16 7.234212829836120111e-18
1.383500000000000000e+04 9.999038745759674107e-01 3.534682025627638633e-07 2.104299409651412941e-14 2.401278863871122640e-16 6.264126823613716792e-19
1.384000000000000000e+04 9.999270169037595135e-01 3.531116165797753142e-07 1.308972380787501711e-14 3.484961971529922038e-16 3.260979653987780139e-19
1.384500000000000000e+04 9.999925139067864510e-01 3.566499624050143907e-07 1.612909369339720283e-13 7.481912782002011013e-17 3.549773541720928321e-19
1.385000000000000000e+04 9.999764587904029778e-01 3.633311310019627191e-07 3.058137290385050357e-13 1.967726979160044455e-15 3.781222481851583253e-18
1.385500000000000000e+04 9.999096959147890651e-01 3.707200151204218553e-07 4.192619714887158931e-13 1.131639808872353134e-15 1.004560200319136578e-18
1.386000000000000000e+04 9.999163352425117779e-01 3.702265451005028028e-07 6.149580173775020875e-13 4.684505635400863284e-16 1.943838429370466849e-20
1.386500000000000000e+04 9.999834909361801083e-01 3.654136741430311226e-07 1.195523771550247594e-12 1.280183500993147864e-15 1.234197288531755437e-18
1.387000000000000000e+04 9.999864376321725423e-01 3.619823189838293577e-07 4.715396063306343608e-13 1.383977606316738121e-15 6.306935338914709782e-18
1.387500000000000000e+04 9.999190054825338736e-01 3.623007752071995722e-07 5.282997998144995260e-14 3.346604864179325222e-16 1.416307034708253167e-18
1.388000000000000000e+04 9.999084216218254717e-01 3.628650357042614759e-07 2.311478731166480253e-14 2.275822139688150643e-16 5.998419344131837311e-19
1.388500000000000000e+04 9.999754876237337831e-01 3.638654034698194128e-07 8.627265354389169059e-14 3.702973687555663036e-16 9.829524735564236993e-19
1.389000000000000000e+04 9.999930832825398852e-01 3.697626078672589070e-07 2.378296114102880795e-13 7.575702948859408184e-16 1.548617186113561719e-18
1.389500000000000000e+04 9.999285735135770015e-01 3.768929062014301409e-07 3.373984855550317490e-13 1.954306042730324824e-15 2.733457878180465006e-18
1.390000000000000000e+04 9.999027300786534900e-01 3.798727618619830088e-07 3.285046875361684961e-13 7.417736656603192277e-16 1.791663922540123742e-19
1.390500000000000000e+04 9.999626971720518842e-01 3.748336568294925918e-07 1.097497312315712179e-12 1.096416725553015899e-16 1.406390744771407554e-18
1.391000000000000000e+04 9.999971040586737026e-01 3.709267926267032234e-07 7.974798501757462593e-13 2.213142924548847462e-15 1.557822366143532150e-18
1.391500000000000000e+04 9.999414079004227407e-01 3.693303559106183372e-07 1.435610074455680494e-13 4.529665707620826951e-16 4.952006954898544028e-18
1.392000000000000000e+04 9.998998935367160446e-01 3.709112048571463129e-07 3.257423603929655191e-14 2.078387223431223125e-16 6.864964595554297998e-19
1.392500000000000000e+04 9.999519747910022849e-01 3.702320053706095461e-07 3.378994736546835582e-14 4.324729600282457210e-16 4.812836906974836501e-19
1.393000000000000000e+04 9.999991782524221273e-01 3.747153507558657089e-07 2.025589658247246429e-13 1.115576431044083763e-16 2.619842060162943516e-19
1.393500000000000000e+04 9.999525052355111576e-01 3.809236735094167138e-07 2.491697778039907233e-13 1.922252931589239073e-15 3.691859355740079609e-18
1.394000000000000000e+04 9.999000648420541815e-01 3.865441927619096088e-07 2.247431586268218162e-13 7.517299668321738219e-16 1.608996920300995961e-19
1.394500000000000000e+04 9.999387193521014350e-01 3.828384210683192905e-07 7.380856697850867466e-13 2.639218341925040033e-16 3.912311428966686742e-19
1.395000000000000000e+04 9.999962143125771252e-01 3.782292853488018875e-07 1.054639205465531254e-12 1.871242678849955897e-15 6.149922622484417563e-19
1.395500000000000000e+04 9.999655259249560224e-01 3.751060122141770597e-07 3.306834389352949059e-13 8.234140780309009815e-16 7.512542589007510992e-18
1.396000000000000000e+04 9.999034898182831421e-01 3.765640649025872476e-07 4.627622295678780046e-14 2.219599624321209039e-16 6.465636328857231733e-19
1.396500000000000000e+04 9.999277774669543817e-01 3.758467872488511450e-07 3.351954480579540005e-14 2.626486787801966877e-16 3.358089146793429765e-19
1.397000000000000000e+04 9.999931277828750797e-01 3.780832013963581350e-07 1.477906786525467111e-13 2.305591414734020065e-16 7.772247420299208814e-19
1.397500000000000000e+04 9.999758179501547772e-01 3.834182163310901594e-07 2.159264626252978673e-13 1.035088119428144836e-15 2.479682460838644390e-18
1.398000000000000000e+04 9.999090504915072453e-01 3.899094526780046104e-07 1.857469447024902650e-13 1.220138766824153445e-15 7.601889315395045266e-19
1.398500000000000000e+04 9.999171763491567777e-01 3.891283389298753079e-07 3.490469033076345439e-13 9.499098465234029347e-16 2.670097603143417581e-19
1.399000000000000000e+04 9.999841032135315944e-01 3.836921339894463685e-07 1.090613498229247370e-12 5.315779495730930571e-16 1.587128486910379544e-18
1.399500000000000000e+04 9.999855036097947680e-01 3.797967401939108615e-07 6.117439541597490629e-13 1.729811555402621506e-15 3.783367776706082621e-18
1.400000000000000000e+04 9.999182121525009848e-01 3.797738874014802599e-07 1.005397521973050181e-13 2.991234187303825507e-16 1.846772236527772346e-18
1.400500000000000000e+04 9.999088978647735493e-01 3.802352564135530554e-07 5.223993297955083787e-14 2.063873822223874377e-16 4.517807706743653334e-19
1.401000000000000000e+04 9.999763153866407794e-01 3.800969745640391375e-07 8.196478124378818819e-14 4.409804365625853835e-16 6.863650113097770861e-19
1.401500000000000000e+04 9.999928564345866855e-01 3.845254480160786650e-07 2.160720483635440284e-13 2.640157008152628805e-16 6.815648422121314297e-19
1.402000000000000000e+04 9.999276875592284508e-01 3.903747397291539721e-07 1.545473114893164533e-13 1.576855529663743074e-15 2.087746307969108340e-18
1.402500000000000000e+04 9.999031224247367788e-01 3.929680379450936643e-07 1.320277847054347513e-13 9.253038358265110349e-16 2.033644746499405678e-19
1.403000000000000000e+04 9.999637039027943208e-01 3.874550068191597858e-07 8.492521212094701432e-13 4.887552788622755308e-17 7.885256314254144878e-19
1.403500000000000000e+04 9.999966115678042833e-01 3.830910422213153551e-07 8.906219583031875025e-13 2.129524512659338776e-15 3.646792754927565908e-19
1.404000000000000000e+04 9.999403274135290065e-01 3.810803390290957213e-07 2.314686161744409195e-13 4.256099798659637869e-16 5.360909596556762478e-18
1.404500000000000000e+04 9.998999798410738160e-01 3.825790418504238756e-07 5.834713245323736752e-14 1.691590655215677551e-16 4.733161829261346960e-19
1.405000000000000000e+04 9.999528494795207889e-01 3.811304518880304739e-07 5.612730933335298053e-14 3.384457134739578377e-16 1.827401860839665563e-19
1.405500000000000000e+04 9.999993783839438155e-01 3.840727661309052352e-07 1.984042895763510890e-13 1.431342779322203310e-16 5.536555737907645076e-19
1.406000000000000000e+04 9.999516443710367852e-01 3.887555689642595130e-07 1.638352148874471396e-13 1.146196858229507151e-15 2.508334462643177600e-18
1.406500000000000000e+04 9.998999231634582152e-01 3.936349046215845535e-07 6.832134256077915861e-14 8.005542044567440295e-16 1.181886892463059310e-19
1.407000000000000000e+04 9.999398242258032976e-01 3.896383939851636203e-07 4.619770881454626548e-13 8.821155179761896167e-16 5.365601611357381295e-19
1.407500000000000000e+04 9.999963173748770418e-01 3.845686309898984097e-07 1.019148527246444335e-12 1.135712599330866087e-15 1.400424784572427298e-18
1.408000000000000000e+04 9.999643786877834284e-01 3.810824764581876003e-07 4.589906358863839940e-13 1.053559253407860220e-15 5.365635235555750659e-18
1.408500000000000000e+04 9.999031260824563505e-01 3.823170433938707096e-07 7.795230237950418253e-14 1.730969938825668094e-16 5.740194696258548414e-19
1.409000000000000000e+04 9.999285419831134281e-01 3.812314820650694506e-07 7.626337021974116263e-14 2.299341272638692470e-16 2.200561403209206969e-19
1.409500000000000000e+04 9.999936755414036149e-01 3.819972460934271732e-07 1.486956943614855692e-13 3.569080661899000092e-16 8.127099243021223611e-19
1.410000000000000000e+04 9.999752034048174920e-01 3.856843629170747277e-07 2.034907176446758526e-13 4.403343824833860943e-16 1.282266483683127745e-18
1.410500000000000000e+04 9.999084631832740877e-01 3.909809792592544203e-07 6.093640903036023952e-14 1.076627494010905056e-15 5.560802517451776479e-19
1.411000000000000000e+04 9.999180588502062372e-01 3.899487191186551080e-07 1.600705723030937556e-13 1.360658181613994462e-15 8.086895126111719527e-19
1.411500000000000000e+04 9.999847882044136105e-01 3.841165699834727193e-07 9.017509063939930280e-13 7.041492872353627487e-17 1.514666020400961397e-18
1.412000000000000000e+04 9.999845716888527969e-01 3.799357514634824444e-07 7.330649542812724202e-13 1.916018506800119247e-15 1.250951767031290265e-18
1.412500000000000000e+04 9.999174175175549184e-01 3.795711732078953134e-07 1.581258837361516369e-13 2.073086535487934393e-16 2.397067674758480841e-18
1.413000000000000000e+04 9.999094059722807293e-01 3.798900381544081518e-07 9.255872763955366328e-14 1.844219169101996116e-16 4.265739382760168972e-19
1.413500000000000000e+04 9.999770850819571510e-01 3.785714222142907639e-07 1.053885809472685890e-13 3.886582501112713039e-16 3.244299642498726604e-19
1.414000000000000000e+04 9.999926104157784712e-01 3.812925765669335203e-07 2.238325903373115888e-13 1.492087429238791897e-16 5.386087573149064266e-19
1.414500000000000000e+04 9.999268648226444789e-01 3.855872559420467461e-07 9.822351498938530377e-14 1.054289953821702159e-15 1.309004499851996757e-18
1.415000000000000000e+04 9.999035509246604336e-01 3.877022099276952366e-07 3.795312978670189081e-14 9.392701014855942536e-16 3.751599485743975724e-19
1.415500000000000000e+04 9.999647779845528550e-01 3.819457486455180222e-07 5.853520825998189253e-13 5.381086439764905734e-16 4.836332946839084700e-19
1.416000000000000000e+04 9.999961573332127873e-01 3.773302379017874506e-07 9.218797056053047382e-13 1.646619293833220537e-15 6.007933713227994920e-19
1.416500000000000000e+04 9.999392324901917872e-01 3.749992405739978114e-07 3.319538106960423672e-13 4.699360578799599036e-16 4.552361996133421197e-18
1.417000000000000000e+04 9.999001031649726867e-01 3.763454150930308952e-07 9.031925159538355700e-14 1.038003986559596033e-16 6.777683839674303619e-19
1.417500000000000000e+04 9.999536993856242839e-01 3.741595476021660003e-07 1.107809853850642898e-13 2.795681269982462705e-16 1.945813601093632352e-19
1.418000000000000000e+04 9.999995200606600632e-01 3.754139616330170698e-07 2.066222112524583039e-13 2.554586103016830578e-16 8.354177724008197480e-19
1.418500000000000000e+04 9.999508305538907793e-01 3.783565790530065667e-07 1.749040607776207031e-13 5.648538864559425804e-16 1.214928396439619117e-18
1.419000000000000000e+04 9.998998264760194932e-01 3.823151538287536504e-07 2.005660893090401736e-14 7.103675130740222287e-16 2.098729109386350149e-19
1.419500000000000000e+04 9.999409772279229669e-01 3.782032860695549513e-07 2.599871879334640253e-13 1.607119619308444339e-15 1.053988438996252564e-18
1.420000000000000000e+04 9.999964869159042591e-01 3.729072037228091471e-07 9.056111431304016034e-13 4.102918037089030366e-16 2.022608575667567321e-18
1.420500000000000000e+04 9.999632254298903566e-01 3.692245386177145171e-07 5.855878704228254811e-13 1.322802000352097369e-15 2.380250939155203833e-18
1.421000000000000000e+04 9.999027844125835118e-01 3.701900794335810020e-07 1.164640921400121942e-13 8.814048291166862913e-17 1.208210729793664182e-18
1.421500000000000000e+04 9.999293207155419694e-01 3.687625048414388294e-07 1.418717936909342412e-13 2.376660870286683185e-16 4.852601041440543131e-19
1.422000000000000000e+04 9.999941513124386283e-01 3.680272149589832266e-07 1.734325235256015932e-13 3.620586530285586543e-16 6.866130816922677871e-19
1.422500000000000000e+04 9.999745974961388173e-01 3.699168052226398279e-07 2.319623845912679628e-13 2.090138830144465767e-16 5.914285057696584025e-19
1.423000000000000000e+04 9.999079331104403501e-01 3.738293646012959064e-07 5.382182495888073031e-14 7.958009944957874751e-16 6.043060006454991012e-19
1.423500000000000000e+04 9.999189735145507241e-01 3.726133030074908584e-07 8.894567997497706442e-14 1.531212100226693877e-15 1.333510458667262657e-18
1.424000000000000000e+04 9.999855458119084606e-01 3.666465147457458837e-07 6.773317508560513598e-13 1.773715629584010329e-16 1.194806542680565944e-18
1.424500000000000000e+04 9.999836616598173356e-01 3.623831600093383475e-07 8.164132485885553361e-13 1.795673557549968815e-15 1.882018127010896862e-19
1.425000000000000000e+04 9.999166253590383580e-01 3.617114416063815303e-07 2.266347989614469567e-13 1.368473950301192968e-16 3.287847555943280061e-18
1.425500000000000000e+04 9.999099524796173366e-01 3.618634260272530991e-07 1.466562632194575704e-13 1.294486849690338600e-16 1.199554839689638934e-18
1.426000000000000000e+04 9.999778012975641950e-01 3.594332225235033375e-07 1.667848176244750982e-13 3.224335250739381100e-16 3.459997475806781530e-19
1.426500000000000000e+04 9.999923263812739993e-01 3.603690983943132663e-07 2.414233831981672345e-13 2.044047204346297852e-16 6.942452697359309861e-19
1.427000000000000000e+04 9.999260986276488072e-01 3.629752266909808698e-07 1.431212473922698663e-13 5.922882484219991554e-16 9.065495708903075670e-19
1.427500000000000000e+04 9.999040104319331101e-01 3.645680999012554712e-07 5.401818172544479269e-14 7.927449996467040352e-16 6.405560435960493248e-19
1.428000000000000000e+04 9.999659092676141947e-01 3.588240269041919738e-07 3.718736182013213946e-13 1.409302382130082225e-15 6.839075843573226468e-19
1.428500000000000000e+04 9.999957570185297184e-01 3.541811002797474860e-07 8.858258742855068068e-13 9.254914284354013994e-16 1.580464662269603968e-18
1.429000000000000000e+04 9.999381333717302089e-01 3.516543169118398500e-07 4.407576001433167757e-13 6.467937155349954336e-16 3.282283994510731774e-18
1.429500000000000000e+04 9.999002653717730116e-01 3.527956262045248381e-07 1.333140890415189274e-13 2.977691256875378377e-17 1.468085036966617435e-18
1.430000000000000000e+04 9.999545350085551343e-01 3.499736334531264689e-07 2.021009949212524925e-13 3.006632618752955694e-16 3.535519856361512237e-19
1.430500000000000000e+04 9.999995907538655748e-01 3.495532561653099764e-07 2.309426190397106397e-13 2.916651042973939430e-16 8.578666887818666768e-19
1.431000000000000000e+04 9.999500492868153012e-01 3.507007602192485370e-07 2.346708037415062912e-13 2.709558552929252310e-16 6.625110584256151137e-19
1.431500000000000000e+04 9.998997723529982062e-01 3.536418187208492971e-07 6.927989774239696838e-14 5.378107818747266732e-16 3.905677106847217166e-19
1.432000000000000000e+04 9.999421645606866305e-01 3.496076259746673980e-07 1.729890276814780869e-13 2.139599691569266360e-15 1.492935245026254041e-18
1.432500000000000000e+04 9.999967278634743773e-01 3.443361141183903877e-07 7.410275742524933166e-13 7.024975336638904844e-17 2.004663017395537910e-18
1.433000000000000000e+04 9.999620822921659880e-01 3.406394870328284594e-07 6.956196372559665846e-13 1.490473666646088510e-15 4.593826722089051163e-19
1.433500000000000000e+04 9.999024654112540489e-01 3.413189098631112751e-07 1.672603907705464874e-13 1.704026492640863939e-17 2.045320372718951378e-18
1.434000000000000000e+04 9.999301234263948679e-01 3.396093457292209491e-07 2.341296103133377124e-13 2.343142981719563738e-16 1.000684189882231585e-18
1.434500000000000000e+04 9.999945534166185812e-01 3.374845490987502899e-07 2.348285490463778748e-13 3.117343995667169503e-16 6.408302384217352434e-19
1.435000000000000000e+04 9.999739808296631560e-01 3.375959037363727710e-07 2.655395511200089513e-13 1.978818927989401981e-16 6.776209456650688281e-19
1.435500000000000000e+04 9.999074559280486385e-01 3.400576053688872259e-07 1.327022208221147464e-13 5.036655584882096739e-16 7.776992343883931805e-19
1.436000000000000000e+04 9.999199090641749388e-01 3.387475502045169446e-07 1.312670731955707310e-13 1.413057963151718917e-15 1.560942538362547299e-18
1.436500000000000000e+04 9.999863685673189284e-01 3.329199394787261702e-07 4.703549306623806968e-13 8.796320479651051750e-16 1.072813803746008302e-18
1.437000000000000000e+04 9.999827901373673500e-01 3.287801053005114809e-07 8.475100394164834844e-13 1.338109708880752924e-15 7.293318557458569279e-19
1.437500000000000000e+04 9.999158399240186679e-01 3.278652205473418995e-07 3.088980980723795184e-13 1.846795270268883749e-16 3.428185751557191791e-18
1.438000000000000000e+04 9.999105421676671712e-01 3.278453167870850540e-07 2.210082819929307240e-13 6.221743378247121275e-17 2.081243209772004070e-18
1.438500000000000000e+04 9.999784719018256496e-01 3.244772347697620783e-07 2.743525020849731217e-13 3.442014012296290438e-16 3.443554027492240731e-19
1.439000000000000000e+04 9.999919868978323079e-01 3.237196728953162780e-07 2.626432432261704430e-13 2.420517245159470045e-16 8.680216157071537873e-19
1.439500000000000000e+04 9.999253784218963270e-01 3.246563093415418440e-07 2.351852521242078556e-13 3.049418427999799339e-16 8.863707991008840365e-19
1.440000000000000000e+04 9.999044943139512309e-01 3.257308861627926686e-07 1.483508433768415302e-13 5.631336205192502183e-16 8.443556658930305447e-19
1.440500000000000000e+04 9.999670821366790641e-01 3.202594457936310492e-07 2.512502596254479268e-13 2.313456924927807876e-15 1.322146816233600516e-18
1.441000000000000000e+04 9.999954201312074575e-01 3.158106996084908551e-07 7.903166374608509781e-13 2.933306146175841094e-16 2.277145429882288466e-18
1.441500000000000000e+04 9.999370405492465919e-01 3.132287854797516721e-07 5.502404882237754273e-13 9.027494800942915788e-16 1.735237855519725920e-18
1.442000000000000000e+04 9.999004667735935659e-01 3.141357031367381790e-07 1.940675220982333820e-13 3.943447557310769479e-18 1.777575914025350453e-18
1.442500000000000000e+04 9.999553677575359067e-01 3.108401436767717400e-07 3.334540678516919360e-13 3.658975939811203979e-16 2.938069376929267691e-19
1.443000000000000000e+04 9.999995818515637902e-01 3.089171943967281319e-07 2.836545177335319395e-13 2.527930494290532964e-16 8.068104173988808361e-19
1.443500000000000000e+04 9.999492833011486281e-01 3.083822194550929241e-07 2.928083210670437454e-13 1.980335736676627247e-16 8.531581161379920023e-19
1.444000000000000000e+04 9.998997562188616239e-01 3.102969874304565272e-07 1.737257276828903810e-13 3.587908356724991944e-16 5.201584109958513105e-19
1.444500000000000000e+04 9.999433695594907023e-01 3.065333292491090397e-07 1.977767763408764818e-13 2.281171430198669184e-15 1.749738507008372884e-18
1.445000000000000000e+04 9.999970375190198046e-01 3.015328437854999911e-07 5.617806085846818389e-13 3.479464968910492306e-16 1.618394250604170876e-18
1.445500000000000000e+04 9.999609638037040282e-01 2.980020579612535325e-07 7.722906415948070684e-13 1.402069190256460722e-15 1.440704309588280917e-20
1.446000000000000000e+04 9.999021691479583751e-01 2.984059360394909109e-07 2.352501863986417194e-13 3.184841793890878228e-17 1.914427795903769784e-18
1.446500000000000000e+04 9.999309585813077605e-01 2.965046931039661129e-07 3.569809227584678567e-13 2.060394727857653930e-16 1.528562116072998950e-18
1.447000000000000000e+04 9.999948845211118487e-01 2.932332115684199224e-07 3.444682434562515657e-13 3.288573802232971486e-16 5.811765641629665690e-19
1.447500000000000000e+04 9.999733338933055604e-01 2.917548690044298058e-07 2.853157913839335505e-13 2.256430099016700212e-16 1.004202956025067763e-18
1.448000000000000000e+04 9.999070242572328793e-01 2.928270734525174845e-07 2.428604086219372454e-13 2.897776524661092298e-16 7.507735261949434509e-19
1.448500000000000000e+04 9.999208530820924423e-01 2.915236800631584965e-07 2.429356288091938542e-13 1.085141672951257638e-15 1.458707775690893631e-18
1.449000000000000000e+04 9.999872422852499332e-01 2.860996512199746207e-07 3.218411214182885737e-13 1.923528246819720907e-15 1.482577113417054514e-18
1.449500000000000000e+04 9.999819692021235662e-01 2.822732231615214447e-07 8.192675207741290164e-13 7.013477554967215111e-16 1.695906799925542159e-18
1.450000000000000000e+04 9.999150655844110114e-01 2.811995659335955988e-07 4.025683505029167519e-13 3.742810367065226810e-16 2.129835103909440869e-18
1.450500000000000000e+04 9.999111776752865888e-01 2.810233441095673298e-07 3.195096746633112201e-13 6.033549047289697640e-17 2.284484094742164064e-18
1.451000000000000000e+04 9.999791073561883348e-01 2.769804530017593782e-07 4.312202936281095773e-13 4.671379751385996106e-16 7.655770012238934072e-20
1.451500000000000000e+04 9.999915774660320666e-01 2.747827177379162426e-07 2.969897388176587095e-13 2.019078143095223363e-16 8.950196523006866496e-19
1.452000000000000000e+04 9.999246906784623468e-01 2.742219896434252769e-07 3.173470364321989512e-13 1.907827776874273939e-16 8.024001376357593338e-19
1.452500000000000000e+04 9.999049950222921312e-01 2.748248476796144782e-07 2.664523156057271708e-13 3.437914629611109857e-16 7.505807892698275412e-19
1.453000000000000000e+04 9.999682768453674875e-01 2.698685089115367376e-07 2.301266650301805442e-13 2.892754249094261801e-15 2.237235763220318268e-18
1.453500000000000000e+04 9.999951492292754596e-01 2.658144227834547297e-07 6.543137431452588829e-13 9.254244916965347773e-17 2.228287495449725360e-18
1.454000000000000000e+04 9.999359639506462116e-01 2.633192105166204271e-07 6.454502137382629851e-13 1.078890216314644810e-15 3.510098131192151984e-19
1.454500000000000000e+04 9.999007060748823505e-01 2.639861102143001240e-07 2.738786878946124989e-13 7.966455259949308782e-17 1.232275548081843126e-18
1.455000000000000000e+04 9.999562089951454791e-01 2.604277394651847910e-07 5.035710610429386695e-13 4.233481844352163145e-16 7.443862823964828572e-19
1.455500000000000000e+04 9.999994894207306917e-01 2.573162392573721715e-07 3.798118473687819226e-13 2.465094914289513501e-16 8.672715867474738082e-19
1.456000000000000000e+04 9.999485140352445400e-01 2.553705566342517014e-07 3.185753646882178979e-13 2.084973699348497439e-16 9.548772852961282373e-19
1.456500000000000000e+04 9.998997718148537883e-01 2.563366585205446052e-07 2.806476643405967035e-13 2.264077780322187366e-16 3.961932579443825204e-19
1.457000000000000000e+04 9.999445740497887591e-01 2.530167687256993957e-07 2.926922918860018032e-13 2.015909417294992564e-15 2.052598380469339428e-18
1.457500000000000000e+04 9.999974058389142773e-01 2.485099238395297492e-07 4.030613707385618660e-13 1.193845087877005659e-15 1.450919073957019773e-18
1.458000000000000000e+04 9.999598817233279480e-01 2.453054813556713412e-07 7.986709891164496890e-13 1.017778516593378545e-15 5.342999661767417798e-19
1.458500000000000000e+04 9.999018951151829038e-01 2.454680532142307443e-07 3.173272181717482774e-13 1.610934003804970981e-16 1.042387265999715206e-18
1.459000000000000000e+04 9.999318327071078372e-01 2.434891880060806753e-07 5.075651185919801661e-13 2.173192854529374603e-16 2.647745525931419027e-18
1.459500000000000000e+04 9.999951513928699853e-01 2.394216960003293044e-07 5.071326509108265216e-13 4.801102153095055198e-16 3.614231097981070857e-19
1.460000000000000000e+04 9.999726387586425069e-01 2.366941957876489573e-07 2.964604460825989258e-13 1.916459442086343219e-16 8.713770111794350529e-19
1.460500000000000000e+04 9.999066283874777916e-01 2.365610466765263313e-07 3.317160675549826872e-13 1.785463156067377320e-16 4.250350789400156051e-19
1.461000000000000000e+04 9.999217929948749362e-01 2.353623705585906793e-07 3.618174492158297595e-13 6.946326802420691862e-16 1.218712578878259476e-18
1.461500000000000000e+04 9.999881473108966912e-01 2.305752358900891578e-07 2.493773175077181647e-13 2.891193652197562643e-15 2.267521090666271199e-18
1.462000000000000000e+04 9.999812054356996827e-01 2.272204944196372590e-07 7.339251831077008686e-13 1.903255024194305538e-16 2.105240317913172620e-18
1.462500000000000000e+04 9.999143065048011758e-01 2.260827961534306230e-07 4.946022806933837206e-13 6.132002674513076947e-16 5.713433039916395350e-19
1.463000000000000000e+04 9.999118593020835943e-01 2.257847477768170016e-07 4.356015655381525252e-13 1.983644853918430025e-16 2.200564525055388752e-18
1.463500000000000000e+04 9.999797198275633958e-01 2.213960017378343428e-07 6.315479622075368296e-13 6.325330214825850807e-16 1.837368063183187955e-19
1.464000000000000000e+04 9.999910878084268262e-01 2.181475238646892357e-07 3.639991701167355100e-13 1.541079056571441452e-16 8.697921386181335191e-19
1.464500000000000000e+04 9.999240200944738977e-01 2.164001574341058075e-07 3.538736055181533640e-13 1.745124783338099998e-16 5.285132808664241237e-19
1.465000000000000000e+04 9.999055047628395698e-01 2.166126697937158752e-07 3.563969009128872614e-13 1.958875374863056100e-16 4.280419169565775637e-19
1.465500000000000000e+04 9.999694711447710826e-01 2.123736463607475266e-07 2.813204795745959362e-13 2.946060122136232540e-15 3.116794926922274204e-18
1.466000000000000000e+04 9.999949397825264041e-01 2.088784358965751259e-07 5.032516216223482524e-13 4.910857634404417433e-16 1.798872966295869102e-18
1.466500000000000000e+04 9.999349121948082342e-01 2.065999316989461489e-07 7.046897634544337099e-13 1.019501784765072267e-15 6.892106200578391253e-20
1.467000000000000000e+04 9.999009804431612247e-01 2.070431737841143890e-07 3.624051534408498057e-13 2.517657842540292319e-16 6.872894765282895540e-19
1.467500000000000000e+04 9.999570691723289606e-01 2.034636839024068158e-07 7.011683863005427827e-13 4.833734876664621412e-16 2.669383399134882824e-18
1.468000000000000000e+04 9.999993145346736112e-01 1.995882093599136074e-07 5.291051753428954402e-13 3.788225520647412569e-16 9.192820366115820738e-19
1.468500000000000000e+04 9.999477232522882009e-01 1.966379049381585379e-07 3.123268017215873845e-13 1.937969659815543490e-16 6.570485565482487440e-19
1.469000000000000000e+04 9.998998118289657011e-01 1.968107566517395912e-07 3.499465980523007029e-13 1.540465786108069312e-16 1.947835632769430570e-19
1.469500000000000000e+04 9.999457597688148347e-01 1.940690529693573880e-07 3.981620473883833686e-13 1.491256710239570252e-15 2.499195682794522358e-18
1.470000000000000000e+04 9.999978163860401281e-01 1.902371953253438503e-07 2.893953828326674945e-13 2.280986950662186973e-15 1.760562590242204230e-18
1.470500000000000000e+04 9.999588441391731308e-01 1.874879690869446873e-07 7.625885416062362875e-13 4.867261085671302420e-16 1.439989957742172989e-18
1.471000000000000000e+04 9.999016422522337688e-01 1.874612617351489284e-07 3.982790856518448811e-13 3.506000738201721890e-16 5.004444025309626291e-19
1.471500000000000000e+04 9.999327499269857755e-01 1.855333763267114192e-07 6.697274543808708614e-13 3.674563596457733740e-16 4.427299081306388228e-18
1.472000000000000000e+04 9.999953643040560003e-01 1.810954761127810614e-07 7.159431304929769321e-13 7.368693091896073402e-16 5.698198806046388536e-20
1.472500000000000000e+04 9.999718806687480921e-01 1.775780488950615607e-07 3.234477026472807668e-13 1.160893141418354496e-16 5.896381293690144474e-19
1.473000000000000000e+04 9.999062571907280095e-01 1.765298568932727011e-07 3.700968435154147325e-13 1.419232498423670808e-16 2.617583531703707532e-19
1.473500000000000000e+04 9.999227170992879277e-01 1.755180656466719569e-07 4.353176751207590574e-13 3.758939813249762526e-16 1.170150626137438985e-18
1.474000000000000000e+04 9.999890602204449808e-01 1.715495081971380904e-07 2.446557755130623839e-13 3.402028494715524193e-15 2.958240788805669457e-18
1.474500000000000000e+04 9.999804994538723513e-01 1.687821991177625831e-07 6.041585864955612212e-13 1.030315790403755395e-16 1.927507095043051938e-18
1.475000000000000000e+04 9.999135663299385524e-01 1.676763216021292774e-07 5.618398670049958367e-13 7.461813164063108042e-16 4.685461089284003546e-20
1.475500000000000000e+04 9.999125849933802046e-01 1.673055995876676246e-07 5.484405340522825715e-13 4.683061009224954446e-16 2.158506361887275814e-18
1.476000000000000000e+04 9.999803222419111348e-01 1.629373554951397160e-07 8.573143623261562643e-13 7.917912432851005699e-16 1.337076734939456619e-18
1.476500000000000000e+04 9.999905127470013477e-01 1.591248306703036348e-07 4.821653826913532446e-13 2.179094480221134827e-16 1.079579514276624984e-18
1.477000000000000000e+04 9.999233509423297583e-01 1.566115847109400572e-07 3.429100461051448888e-13 1.718631860719965091e-16 5.001484730387879295e-19
1.477500000000000000e+04 9.999060162313821998e-01 1.565394526521497457e-07 3.904447908543639352e-13 1.295961775449682996e-16 3.849638252298266823e-19
1.478000000000000000e+04 9.999706420674430163e-01 1.531589639975356936e-07 3.583838784383985097e-13 2.505301399500594691e-15 3.575340763097474073e-18
1.478500000000000000e+04 9.999947806970325148e-01 1.503387798299607330e-07 3.630106310144957080e-13 1.370186808479641657e-15 1.574454618533674788e-18
1.479000000000000000e+04 9.999338919376669077e-01 1.483856883369193944e-07 7.060749095432492092e-13 7.024372341316771715e-16 8.606509955449964508e-19
1.479500000000000000e+04 9.999012856930578064e-01 1.486394251022572236e-07 4.373807415776495567e-13 4.389436162320499917e-16 5.185483861638729124e-19
1.480000000000000000e+04 9.999579570855426924e-01 1.452916863706784268e-07 9.014657607677933974e-13 6.265839987336975851e-16 5.326772018788167515e-18
1.480500000000000000e+04 9.999990631503142824e-01 1.411463497718373401e-07 7.285315554901415257e-13 6.722621746694840489e-16 6.892619708125965271e-19
1.481000000000000000e+04 9.999468946517857670e-01 1.376927468347659441e-07 3.017314380546165122e-13 1.283245044671470002e-16 5.300219005707159134e-19
1.481500000000000000e+04 9.998998686413222980e-01 1.372902491404777512e-07 3.689144480371834418e-13 1.244006018300228244e-16 3.472123903098950031e-19
1.482000000000000000e+04 9.999469097982907062e-01 1.352058517070854113e-07 4.627512913165628366e-13 9.246159194751224920e-16 2.766509599959442502e-18
1.482500000000000000e+04 9.999982478313073075e-01 1.321738282452895325e-07 2.291875873377121283e-13 3.162748371732115168e-15 2.340336503558238846e-18
1.483000000000000000e+04 9.999578548829357594e-01 1.299693179960964812e-07 6.629644057338252153e-13 9.243936680316167406e-17 2.075177245393303719e-18
1.483500000000000000e+04 9.999014090117732678e-01 1.298169815114125408e-07 4.538371535054760058e-13 4.904804229646256205e-16 3.761075779688066953e-19
1.484000000000000000e+04 9.999337116975481887e-01 1.280720417265922738e-07 8.130874854878565890e-13 6.891699308388479910e-16 5.344903487596058003e-18
1.484500000000000000e+04 9.999955361916047503e-01 1.237258369226084756e-07 9.501148640339305714e-13 1.021822515825469423e-15 1.602531816492985600e-19
1.485000000000000000e+04 9.999710493266303901e-01 1.199510232503323197e-07 3.958089189748164102e-13 9.622410919348956528e-17 9.371696428576601200e-19
1.485500000000000000e+04 9.999058991732993062e-01 1.183571560927154215e-07 3.607668459532543105e-13 1.331912272637917752e-16 5.638524796894407680e-19
1.486000000000000000e+04 9.999236155474813259e-01 1.175871087252949376e-07 4.414110937067568005e-13 1.945251228077007114e-16 1.318788927524690316e-18
1.486500000000000000e+04 9.999899557620434143e-01 1.145491342555754218e-07 2.802770477220179576e-13 3.293250886525844204e-15 3.274622364058566985e-18
1.487000000000000000e+04 9.999798460180925330e-01 1.124355153585213486e-07 4.519207122931986514e-13 5.499523492364940343e-16 1.605435422682179737e-18
1.487500000000000000e+04 9.999128479275969372e-01 1.114514156689599599e-07 5.789397825800713161e-13 6.688552869900188255e-16 2.588959974328817098e-19
1.488000000000000000e+04 9.999133504719933674e-01 1.110655030746415827e-07 6.269305389301328192e-13 7.505858622769735311e-16 1.629455328467843984e-18
1.488500000000000000e+04 9.999809273243404073e-01 1.070905586753523396e-07 1.078062138729478747e-12 9.636324658634719528e-16 3.542968155309621310e-18
1.489000000000000000e+04 9.999898526237788188e-01 1.032504328776301664e-07 6.572585036089518650e-13 4.634945493216342827e-16 1.389739600246409845e-18
1.489500000000000000e+04 9.999226685106424872e-01 1.004619818209521283e-07 3.124905742448583097e-13 1.376841789849205716e-16 7.500351887208654969e-19
1.490000000000000000e+04 9.999065233503471317e-01 1.002233758934593730e-07 3.735898682782515876e-13 1.164437782948204388e-16 7.050278450545822258e-19
1.490500000000000000e+04 9.999717677295285601e-01 9.776501471863795945e-08 4.161145611027483999e-13 1.794194676755670705e-15 3.388931423971619506e-18
1.491000000000000000e+04 9.999946554269512067e-01 9.567895365161575698e-08 2.538595329282143824e-13 2.367841659589072821e-15 1.744602309820326241e-18
1.491500000000000000e+04 9.999329074174337917e-01 9.413289579671122562e-08 6.377236430231550386e-13 2.848306448060143386e-16 1.527511692093236735e-18
1.492000000000000000e+04 9.999016165660887800e-01 9.424391015639425539e-08 4.720074292639151726e-13 5.289832342433305148e-16 2.958751151527315205e-19
1.492500000000000000e+04 9.999588792832272421e-01 9.137093012555230787e-08 1.068193601816078845e-12 9.217974251971284322e-16 6.898916188918674691e-18
1.493000000000000000e+04 9.999987455856268470e-01 8.747355644832904358e-08 9.588797616836364641e-13 1.059108744313626322e-15 2.525674445455845608e-19
1.493500000000000000e+04 9.999460153246818583e-01 8.406436007821850295e-08 3.251229216101164139e-13 6.252792730341887569e-17 8.142149277675702303e-19
1.494000000000000000e+04 9.998999351170357874e-01 8.334589284867864226e-08 3.528493845453684636e-13 1.107864114280699192e-16 6.563075071058026190e-19
1.494500000000000000e+04 9.999480098979642850e-01 8.193116171480276218e-08 4.633298112378268921e-13 4.954928418767780651e-16 2.395262975621933746e-18
1.495000000000000000e+04 9.999986758145097410e-01 7.975490639157879687e-08 2.147556926205572709e-13 3.498974474872539917e-15 2.839508655793986254e-18
1.495500000000000000e+04 9.999569133681293076e-01 7.814126151022536225e-08 5.141606087868798863e-13 8.740821921432810139e-17 2.017209984888416094e-18
1.496000000000000000e+04 9.999011934771093735e-01 7.793312918310895396e-08 4.605378334169162748e-13 4.933868831822122215e-16 1.910230043224599793e-19
1.496500000000000000e+04 9.999347167178461726e-01 7.649407098440927605e-08 9.002640974346581494e-13 1.076001496014553673e-15 4.225533312587848967e-18
1.497000000000000000e+04 9.999956816688393424e-01 7.269806177758490431e-08 1.176794362170877205e-12 1.282337276612301277e-15 1.537237186857421410e-18
1.497500000000000000e+04 9.999701397562555938e-01 6.921986699765799466e-08 5.310995758161916775e-13 2.247742083108992470e-16 1.687529755537131976e-18
1.498000000000000000e+04 9.999055435650877621e-01 6.749350788990415048e-08 3.316373615737178395e-13 1.178760416636512481e-16 7.766115013237132622e-19
1.498500000000000000e+04 9.999244812463401466e-01 6.698477492105554168e-08 3.942750627565678480e-13 1.382909045969652784e-16 1.219107813844896204e-18
1.499000000000000000e+04 9.999908088723088451e-01 6.490620865360462166e-08 3.225801199996757752e-13 2.682054412297192796e-15 3.279300450959926128e-18
1.499500000000000000e+04 9.999792346863405346e-01 6.345906974274897535e-08 3.041955319494520933e-13 1.366277417887178709e-15 1.503567676449476893e-18
1.500000000000000000e+04 9.999121532071927332e-01 6.267605693793243641e-08 5.304257637050119879e-13 4.145355128492973995e-16 4.217306038106966555e-19
1.500500000000000000e+04 9.999141495166650184e-01 6.233334342576977304e-08 6.412753295058973532e-13 8.753634740192822598e-16 5.997676744844783443e-19
1.501000000000000000e+04 9.999815467281090164e-01 5.909996133614402319e-08 1.255444023069365147e-12 1.207134067892032327e-15 6.343294000279541627e-18
1.501500000000000000e+04 9.999891132183547082e-01 5.576798649370814413e-08 8.752633649959796036e-13 8.634604594299807937e-16 1.226467200714414826e-18
1.502000000000000000e+04 9.999219604135998196e-01 5.321755645338557965e-08 3.029903088310027125e-13 7.988396174424650706e-17 6.992825165962198901e-19
1.502500000000000000e+04 9.999070219456326347e-01 5.293072855491495297e-08 3.363028881679967533e-13 1.168465614735885902e-16 7.769303359843727931e-19
1.503000000000000000e+04 9.999728290024231248e-01 5.137054836443209280e-08 4.282866324815897489e-13 1.100607426122377906e-15 2.752176920728238097e-18
1.503500000000000000e+04 9.999945435287630469e-01 5.001449600229682215e-08 1.859092336342299486e-13 3.063825388590151312e-15 2.109800063331560508e-18
1.504000000000000000e+04 9.999319602197144219e-01 4.892704117947787916e-08 5.064440876142611355e-13 1.850335560414944946e-17 1.386172555883602875e-18
1.504500000000000000e+04 9.999019670927086212e-01 4.894922971851325423e-08 4.472547326025583328e-13 4.614016552456650526e-16 5.566254633053925099e-20
1.505000000000000000e+04 9.999598396543363243e-01 4.676332416274424251e-08 1.162388963269615693e-12 1.323743247502378117e-15 6.673270402244658142e-18
1.505500000000000000e+04 9.999983756863646267e-01 4.360947106886617895e-08 1.186857742597648311e-12 1.437620147082033933e-15 3.718541267922842518e-19
1.506000000000000000e+04 9.999450768451939586e-01 4.078587945987706014e-08 4.102212135904240127e-13 7.644346282376102234e-17 1.100919013252230752e-18
1.506500000000000000e+04 9.999000053624027551e-01 4.002728716783377552e-08 3.327545660625071361e-13 9.523612957863778879e-17 5.517841093335937137e-19
1.507000000000000000e+04 9.999490496920042659e-01 3.922351136080860027e-08 4.112081901084015618e-13 2.765997618242636137e-16 1.592193777150237194e-18
1.507500000000000000e+04 9.999990749664198209e-01 3.788184573834100603e-08 2.274256979512364062e-13 3.220538886429145647e-15 3.056494950074698532e-18
1.508000000000000000e+04 9.999560148407365956e-01 3.686027370478794315e-08 3.450225937083899080e-13 5.252773802466083776e-16 1.540480571181809811e-18
1.508500000000000000e+04 9.999009935234339785e-01 3.666786495331713684e-08 4.077762429614563131e-13 3.645011026744302168e-16 8.975196257696783459e-20
1.509000000000000000e+04 9.999357609969037330e-01 3.563593331175560220e-08 9.004527879092389836e-13 1.316687646016160460e-15 2.047730310715041797e-18
1.509500000000000000e+04 9.999958159792482482e-01 3.280636799732855165e-08 1.357350240610100555e-12 1.520024832664414305e-15 4.564850343635662735e-18
1.510000000000000000e+04 9.999691526670940744e-01 3.014806065714543761e-08 7.229696620207711200e-13 5.264622138490907660e-16 1.885697926849036229e-18
1.510500000000000000e+04 9.999051813325527949e-01 2.870651609111390292e-08 3.181519280619000787e-13 8.798918011434580797e-17 4.746089911809334571e-19
1.511000000000000000e+04 9.999253105886934945e-01 2.843984655293778334e-08 3.333009764524045140e-13 1.460763963341670777e-16 8.436522841049008353e-19
1.511500000000000000e+04 9.999915966102410625e-01 2.725976866234261052e-08 3.451663261223375589e-13 1.877516650788738631e-15 3.141716527225443781e-18
1.512000000000000000e+04 9.999786509121280087e-01 2.643677727964911749e-08 1.861102975676678086e-13 2.188547628533034327e-15 1.684597349509766183e-18
1.512500000000000000e+04 9.999114830485086314e-01 2.592028274286080576e-08 4.206126125112483291e-13 1.445032873400885080e-16 4.942674719446305973e-19
1.513000000000000000e+04 9.999149743632045340e-01 2.567246783765530636e-08 5.771184791526813358e-13 7.434394954160162500e-16 1.097905471575907163e-20
1.513500000000000000e+04 9.999821902598247103e-01 2.347515602446398593e-08 1.352416150214408411e-12 1.533431956956303844e-15 8.704826322560284241e-18
1.514000000000000000e+04 9.999883052317023457e-01 2.113820439571594167e-08 1.103185886030849600e-12 1.314152384069789647e-15 6.416856588425486517e-19
1.514500000000000000e+04 9.999212176779145311e-01 1.931248876379703242e-08 3.449468137909943096e-13 4.291180469856466694e-17 4.304196151636248950e-19
1.515000000000000000e+04 9.999075102809111826e-01 1.908393237366719719e-08 3.162984307541084826e-13 1.042301939590844612e-16 4.774791771197516427e-19
1.515500000000000000e+04 9.999738110086943133e-01 1.830946084348994055e-08 3.956659497365658495e-13 6.325487883966716804e-16 2.243179241827815725e-18
1.516000000000000000e+04 9.999944224540890936e-01 1.761341114709009258e-08 1.573765456248768337e-13 3.202267232162084305e-15 2.393453628254104510e-18
1.516500000000000000e+04 9.999310493281776679e-01 1.700452597624781329e-08 3.395752749233414525e-13 8.817029371360282785e-17 8.820579488150205527e-19
1.517000000000000000e+04 9.999023310198208447e-01 1.699381457251334771e-08 3.628936809541513982e-13 2.849374725925788551e-16 1.960637316877430594e-19
1.517500000000000000e+04 9.999608391400144347e-01 1.565699987689795141e-08 1.155475874107713530e-12 1.650649267629758394e-15 5.194036887152841901e-18
1.518000000000000000e+04 9.999979697863717876e-01 1.367762853755919366e-08 1.372615677651869341e-12 1.735228690209804298e-15 2.012410533340997439e-18
1.518500000000000000e+04 9.999440759485965780e-01 1.192366001993945394e-08 5.583102691369639406e-13 2.256660673819985322e-16 1.297200897884576830e-18
1.519000000000000000e+04 9.999000753559138532e-01 1.139069780719469340e-08 3.371473456472476999e-13 7.570085755379567512e-17 2.754449368399908978e-19
1.519500000000000000e+04 9.999500235855381947e-01 1.107180860106067386e-08 3.429104594705136755e-13 2.263729765098853194e-16 1.263665113005431899e-18
1.520000000000000000e+04 9.999994209123495015e-01 1.046446880259207548e-08 2.456258106563175502e-13 2.538199814338662543e-15 2.977756425233887425e-18
1.520500000000000000e+04 9.999551510318639425e-01 9.991246744305741608e-09 1.914098505197535444e-13 1.213062382518440609e-15 1.148861773547087508e-18
1.521000000000000000e+04 9.999008070240553714e-01 9.883851271946669087e-09 3.055144253318432205e-13 2.063507217656869612e-16 2.874242683239707132e-19
1.521500000000000000e+04 9.999368380843144388e-01 9.326826870927338593e-09 8.035582252383768991e-13 1.232869920433997811e-15 5.035732641001448121e-19
1.522000000000000000e+04 9.999959539561954491e-01 7.802897285116824593e-09 1.456881366145288556e-12 1.753048204605272429e-15 8.120836107368908930e-18
1.522500000000000000e+04 9.999680943181658010e-01 6.409823618399347296e-09 9.398045935984859172e-13 9.420024427233910876e-16 1.303927714569172931e-18
1.523000000000000000e+04 9.999048060041568764e-01 5.634865203277207409e-09 3.439165898362514423e-13 5.891644962500254622e-17 2.758414657646377416e-19
1.523500000000000000e+04 9.999261039425295650e-01 5.553385898004818779e-09 3.019705838902518741e-13 1.514213721721519495e-16 8.050456317274541613e-19
1.524000000000000000e+04 9.999922998934110963e-01 5.123595036537298085e-09 3.379910887924653939e-13 1.198648659309344889e-15 2.924587992995425058e-18
1.524500000000000000e+04 9.999780774492836866e-01 4.828250213788419847e-09 1.134173783274677010e-13 2.660799469335113185e-15 1.865486300352735415e-18
1.525000000000000000e+04 9.999108373607827893e-01 4.627049128870289776e-09 2.755683463157041927e-13 4.482202179720788075e-17 6.007506545239233993e-19
1.525500000000000000e+04 9.999158162174706099e-01 4.512302348039591610e-09 4.450666029107645621e-13 4.186846399858288378e-16 2.440439368320754456e-19
1.526000000000000000e+04 9.999828652142158658e-01 3.565986064255133530e-09 1.344533298280904636e-12 1.840400616940718104e-15 9.055656294262500509e-18
1.526500000000000000e+04 9.999874434213158469e-01 2.620139604651929232e-09 1.297767203475806706e-12 1.696306530104923412e-15 6.946763495943422608e-19
1.527000000000000000e+04 9.999204354814782425e-01 1.934099939705160479e-09 4.429005798469646019e-13 7.578058166315427784e-17 7.548320904442724070e-19
1.527500000000000000e+04 9.999079893700055788e-01 1.848220939273453874e-09 3.388623940521286280e-13 7.653493205119928907e-17 4.349249236912248661e-19
1.528000000000000000e+04 9.999747043273357061e-01 1.667413116690467302e-09 3.421025057317113263e-13 4.329945823068468398e-16 2.212977147179973253e-18
1.528500000000000000e+04 9.999942694164015711e-01 1.497778646021959348e-09 1.563492527641666494e-13 2.818989104136199126e-15 2.423111448804561215e-18
1.529000000000000000e+04 9.999301714381070294e-01 1.354838891214325195e-09 1.776121538287853928e-13 4.876253013012136935e-16 5.593998408026137379e-19
1.529500000000000000e+04 9.999027022872435388e-01 1.364568010780945766e-09 2.409051358985350167e-13 1.381864805118852849e-16 4.917062227067749690e-19
1.530000000000000000e+04 9.999618756119089680e-01 9.717762733239908173e-10 1.041335896932187380e-12 1.683491080427404514e-15 3.073430153593020286e-18
1.530500000000000000e+04 9.999975455415185399e-01 4.971885801925215300e-10 1.480484718547668983e-12 1.928599758183444106e-15 5.173924382886930517e-18
1.531000000000000000e+04 9.999430147009029657e-01 1.963442438432077191e-10 7.410859799877027237e-13 5.052342186815674577e-16 1.549542234533459720e-18
1.531500000000000000e+04 9.999001433735781319e-01 1.195170943476927631e-10 3.770927438943881830e-13 6.345156906603769761e-17 4.512010424887811213e-19
1.532000000000000000e+04 9.999509313838128577e-01 1.037235889016554134e-10 3.011806349940004950e-13 2.374834866460867438e-16 1.671516697010014963e-18
1.532500000000000000e+04 9.999996921226753654e-01 5.733954897706397212e-11 2.530625178654945937e-13 1.798270241269160334e-15 2.698299288408072563e-18
1.533000000000000000e+04 9.999543110793743805e-01 4.533386694585739349e-11 8.427510605957444029e-14 1.825731567139011631e-15 9.417571657876396112e-19
1.533500000000000000e+04 9.999006320954999527e-01 8.606245214624755323e-11 1.827737735114347148e-13 1.506022607842392493e-16 4.256564335713367314e-19
1.534000000000000000e+04 9.999379394366659790e-01 2.875400957914710184e-11 6.277324718733019222e-13 8.252931238356284605e-16 2.536902383648395737e-20
1.534500000000000000e+04 9.999961090040825340e-01 4.355902043657657540e-11 1.454146793427962781e-12 1.951834523368672310e-15 1.008017284116513761e-17
1.535000000000000000e+04 9.999669759465340535e-01 2.449705005039496418e-10 1.134614360301656292e-12 1.356490551613095890e-15 5.938754975692883383e-19
1.535500000000000000e+04 9.999044142056818796e-01 4.476698684076058274e-10 4.088182483117364042e-13 5.605050455330186855e-17 6.543899180027623706e-19
1.536000000000000000e+04 9.999268657972614216e-01 4.623889154825199576e-10 3.271611220031960644e-13 1.200069439853241447e-16 1.110695285365029581e-18
1.536500000000000000e+04 9.999929049570495110e-01 5.598833032497034770e-10 3.091359717161937226e-13 8.106105977982591011e-16 2.635496558062033214e-18
1.537000000000000000e+04 9.999774958643522504e-01 6.461456777368411596e-10 8.732982373329010265e-14 2.639895795548643422e-15 1.729222426187521744e-18
1.537500000000000000e+04 9.999102152600563009e-01 7.892721022582725063e-10 1.349307889814075352e-13 2.028380390989318070e-16 5.815425775292984919e-19
1.538000000000000000e+04 9.999166658680360698e-01 8.269722484913819840e-10 2.798345911575486674e-13 1.117252066124402629e-16 6.362403517084648710e-19
1.538500000000000000e+04 9.999835758117991968e-01 1.246293630018885034e-09 1.229061414832960351e-12 1.943496488600956336e-15 6.715485507410121352e-18
1.539000000000000000e+04 9.999865454941666565e-01 1.963859643890282045e-09 1.418874615177857312e-12 1.927767691167411378e-15 2.205735053257096717e-18
1.539500000000000000e+04 9.999196134535530689e-01 2.724081163884499056e-09 5.725480952811460783e-13 2.011052833289091935e-16 1.544657568626637151e-18
1.540000000000000000e+04 9.999084630083928671e-01 2.835312178373947373e-09 4.050686696155891757e-13 5.494872319234348382e-17 7.059121726494548912e-19
1.540500000000000000e+04 9.999755058255229700e-01 2.994906386069755335e-09 3.017306799517234761e-13 3.959206351410785199e-16 2.339709739303005889e-18
1.541000000000000000e+04 9.999940631581865080e-01 3.163289995427811424e-09 1.657713945542134827e-13 2.193892798638256598e-15 2.181833656893656961e-18
1.541500000000000000e+04 9.999293214622656523e-01 3.440604805477578197e-09 5.974821930476798865e-14 1.022617507758606053e-15 5.091063391559525628e-19
1.542000000000000000e+04 9.999030755232632961e-01 3.517409369071954267e-09 1.183574670545711714e-13 1.587081973909132557e-16 4.868576608762308697e-19
1.542500000000000000e+04 9.999629439116206608e-01 4.084232181746254643e-09 8.414712414599458890e-13 1.327944553312198968e-15 9.943452505878298701e-19
1.543000000000000000e+04 9.999971207010160956e-01 5.316201455912476865e-09 1.489352232257394294e-12 2.015885812055753050e-15 8.345918306244257559e-18
1.543500000000000000e+04 9.999419002181747507e-01 6.719174855586918443e-09 9.113291789358841300e-13 8.451565449136604973e-16 1.465170887514309785e-18
1.544000000000000000e+04 9.999002101529825826e-01 7.272708297320008103e-09 4.412709065546534519e-13 7.492501886668555765e-17 7.826108868400058792e-19
1.544500000000000000e+04 9.999517784763978234e-01 7.340453916895332572e-09 3.155634043009365649e-13 2.129477964500828753e-16 1.870074391763011665e-18
1.545000000000000000e+04 9.999998715128972648e-01 7.623338890121058379e-09 2.443233889377956064e-13 1.277442545510916062e-15 2.394480789761393014e-18
1.545500000000000000e+04 9.999534825989802034e-01 7.946025967145041691e-09 3.810783585759697462e-14 2.107077613260803835e-15 8.151439640139257975e-19
1.546000000000000000e+04 9.999004673584643843e-01 8.187421997130872407e-09 7.667947326804522454e-14 2.670410592187078730e-16 2.812907947399217079e-19
1.546500000000000000e+04 9.999390549509536985e-01 8.605857970303182530e-09 4.156735937806410635e-13 3.116363858922678806e-16 1.728172127795851806e-19
1.547000000000000000e+04 9.999962921424214723e-01 1.026490098060891558e-08 1.348484501269851182e-12 2.017555714441306987e-15 9.158022368978886418e-18
1.547500000000000000e+04 9.999658128341964991e-01 1.224710207232587342e-08 1.261827683370597418e-12 1.650418628954227958e-15 4.914048477121788268e-19
1.548000000000000000e+04 9.999040058701750278e-01 1.364084203549993212e-08 4.897212090405688678e-13 9.853301205926271768e-17 9.793944037135818966e-19
1.548500000000000000e+04 9.999276045484251085e-01 1.363948591226549032e-08 4.081850019589963775e-13 6.802173172504310356e-17 9.902812388466565279e-19
1.549000000000000000e+04 9.999934044519072085e-01 1.398818344467862370e-08 2.795490492129392751e-13 6.717597983182378199e-16 2.428687057491669915e-18
1.549500000000000000e+04 9.999768880508654867e-01 1.427007219540821909e-08 9.439621650412597289e-14 2.259842144365087336e-15 1.333880078797469072e-18
1.550000000000000000e+04 9.999096153453366220e-01 1.476353023718290824e-08 3.654917222893605249e-14 5.515679363166809174e-16 4.455986749143629217e-19
1.550500000000000000e+04 9.999175143588492354e-01 1.495123121334594732e-08 1.280951447347604157e-13 5.179788996106201317e-17 6.850066916282885410e-19
1.551000000000000000e+04 9.999843227936825452e-01 1.673695290695266096e-08 1.027834774048039923e-12 1.699704277208438595e-15 3.111087373534145978e-18
1.551500000000000000e+04 9.999856308145026462e-01 1.924399510688444579e-08 1.442426364084510573e-12 1.981045387881593869e-15 4.717495228319584114e-18
1.552000000000000000e+04 9.999187555797522942e-01 2.162370911064809471e-08 6.918741680853825342e-13 3.977859698628434532e-16 1.675125930100520915e-18
1.552500000000000000e+04 9.999089375058928253e-01 2.195182609279951134e-08 4.926560855476170772e-13 7.230769515538924814e-17 7.231235462931129753e-19
1.553000000000000000e+04 9.999762190638940007e-01 2.216285426077104502e-08 3.036459133643475852e-13 3.661454220206984969e-16 2.188617745652130193e-18
1.553500000000000000e+04 9.999937855311868962e-01 2.244190967041155366e-08 1.703317024413836317e-13 1.656351813078348495e-15 1.831177536424315834e-18
1.554000000000000000e+04 9.999284931744664151e-01 2.306167301239323680e-08 8.397379790588210218e-15 1.438441061180277481e-15 6.201310533656387255e-19
1.554500000000000000e+04 9.999034465221012802e-01 2.324187058908862651e-08 3.227780493111227960e-14 3.850376419574934741e-16 2.742204221324975314e-19
1.555000000000000000e+04 9.999640360878171430e-01 2.469873822518186363e-08 6.000142562734446112e-13 7.191738695077905364e-16 9.545694266352060282e-21
1.555500000000000000e+04 9.999967118517258946e-01 2.769242599471488586e-08 1.399066845529490883e-12 1.980270421706813034e-15 9.552062780818604134e-18
1.556000000000000000e+04 9.999407439986431889e-01 3.089773617424956487e-08 1.022113297158473502e-12 1.138090436165565891e-15 8.383823568146098191e-19
1.556500000000000000e+04 9.999002787757355071e-01 3.218490851353772290e-08 5.026362179357740791e-13 1.210812188712017873e-16 6.754930205615582255e-19
1.557000000000000000e+04 9.999525755648316361e-01 3.210066033747828958e-08 3.909863230386408002e-13 1.297750575350082300e-16 1.279666978347002814e-18
1.557500000000000000e+04 9.999999477197756281e-01 3.244551382594254662e-08 2.263222362678068069e-13 1.040610377349963481e-15 2.308534397104749673e-18
1.558000000000000000e+04 9.999526527994511138e-01 3.294470903591175322e-08 4.522451563121184013e-14 2.017727790130306170e-15 7.743847917387792041e-19
1.558500000000000000e+04 9.999003121855274401e-01 3.342407276438131043e-08 1.681279346409984755e-14 5.174922641086621584e-16 1.102050989301693097e-19
1.559000000000000000e+04 9.999401736535363794e-01 3.424462407944658097e-08 2.201207234640534758e-13 1.144147136456874150e-17 6.944382384350390784e-19
1.559500000000000000e+04 9.999965111420606734e-01 3.751380677111561293e-08 1.160919661425300202e-12 1.838286392953333116e-15 5.995713333080283380e-18
1.560000000000000000e+04 9.999646231467335111e-01 4.130572080334548543e-08 1.293758628571489162e-12 1.747582994845402336e-15 1.573455805031614077e-18
1.560500000000000000e+04 9.999035841116068468e-01 4.398972333423030702e-08 5.525973613839092720e-13 1.855769550378135851e-16 7.734932080157958992e-19
1.561000000000000000e+04 9.999283318653323649e-01 4.384764226975131534e-08 5.194322801730764184e-13 5.359089049498315551e-17 5.401071915937459775e-19
1.561500000000000000e+04 9.999937980910673652e-01 4.414676594974528679e-08 2.736303321083885111e-13 6.104168042878414707e-16 2.509526923387782861e-18
1.562000000000000000e+04 9.999762376029032174e-01 4.441350548629697500e-08 1.123893519193163711e-13 1.812101088529517718e-15 1.033335810492104660e-18
1.562500000000000000e+04 9.999090360021988255e-01 4.523762369791001104e-08 8.353273345598765483e-16 9.199839249107854478e-16 3.402422447196701763e-19
1.563000000000000000e+04 9.999183536966962382e-01 4.555064745524225018e-08 2.985669962720461878e-14 3.322050265641957911e-16 5.700198645858608240e-19
1.563500000000000000e+04 9.999851032134124962e-01 4.858525030558535511e-08 7.819088458734449162e-13 1.138874466338054320e-15 5.594532770486496191e-19
1.564000000000000000e+04 9.999847190284022469e-01 5.285070858532839441e-08 1.367902891109680391e-12 1.869709005813100970e-15 6.969885976529148675e-18
1.564500000000000000e+04 9.999178697289672346e-01 5.687788500921599763e-08 7.603537534317534800e-13 6.045757141006543298e-16 9.197770044256899161e-19
1.565000000000000000e+04 9.999094211180320491e-01 5.740702119233929435e-08 5.680062762687515657e-13 1.537774774821946863e-16 6.365472124371526956e-19
1.565500000000000000e+04 9.999768541360322116e-01 5.737397918925710240e-08 3.605847299841659420e-13 2.558263937244458530e-16 1.827419071210629497e-18
1.566000000000000000e+04 9.999934228099810474e-01 5.751947243015335264e-08 1.630788262063320801e-13 1.374957060669908469e-15 1.683366129224021976e-18
1.566500000000000000e+04 9.999276798490090989e-01 5.837543437410154853e-08 2.000865643068134099e-14 1.582038528203851514e-15 6.742390238762341084e-19
1.567000000000000000e+04 9.999038126533347226e-01 5.868207117768721178e-08 3.517697603891798719e-15 7.267670364867724744e-16 1.276848589131284912e-19
1.567500000000000000e+04 9.999651418585413509e-01 6.087647424950191330e-08 3.696856856097556292e-13 1.777369530368199558e-16 5.798033848883696916e-19
1.568000000000000000e+04 9.999963331908362507e-01 6.553368529226182826e-08 1.230511963464257624e-12 1.786943761183099582e-15 8.032525643883819587e-18
1.568500000000000000e+04 9.999395609445914657e-01 7.048170740019898471e-08 1.045616363076707922e-12 1.286464492287403744e-15 5.483273555527382908e-19
1.569000000000000000e+04 9.999003542870862349e-01 7.252790319733373377e-08 5.326200125216278786e-13 1.971318428767499341e-16 4.429309175317074692e-19
1.569500000000000000e+04 9.999533378706487730e-01 7.206286898664880472e-08 5.081796611245811709e-13 5.396229549268592483e-17 7.222252062102264735e-19
1.570000000000000000e+04 9.999999159887267286e-01 7.219472328480701330e-08 2.154236864568497068e-13 9.467280565155042109e-16 2.570125348861103187e-18
1.570500000000000000e+04 9.999518094865262885e-01 7.269275096297078793e-08 7.941352066170867880e-14 1.729995308717655091e-15 7.859003941046118353e-19
1.571000000000000000e+04 9.999001668924525354e-01 7.342787309851657900e-08 1.241916302939943850e-14 7.874456710178529248e-16 4.664579816067474009e-20
1.571500000000000000e+04 9.999412844835469105e-01 7.453198280531364590e-08 8.429720032049226532e-14 1.464888689680648906e-16 1.424288970637691707e-18
1.572000000000000000e+04 9.999967698096368096e-01 7.923702039715178219e-08 9.286494818969154091e-13 1.388310193581780575e-15 2.481502845189373361e-18
1.572500000000000000e+04 9.999634265701873304e-01 8.470851113919346089e-08 1.229898742209530117e-12 1.639985231828445198e-15 3.827002698780461220e-18
1.573000000000000000e+04 9.999031547874263071e-01 8.866277030754531901e-08 5.695069345506634061e-13 2.908348683721563296e-16 5.069101810778438027e-19
1.573500000000000000e+04 9.999290617164303674e-01 8.825469890611915473e-08 6.238791678356934876e-13 1.417806115595460578e-16 8.377846614594930805e-19
1.574000000000000000e+04 9.999940927932553514e-01 8.820988168299768376e-08 3.096027909320891453e-13 4.720978318485589755e-16 2.659452511767190126e-18
1.574500000000000000e+04 9.999755309805730130e-01 8.824582976411265353e-08 1.205926191487673360e-13 1.531588685541189884e-15 1.076507752693895745e-18
1.575000000000000000e+04 9.999084756971963195e-01 8.935454188349300170e-08 2.238210427790048594e-14 1.149739821968943626e-15 2.183765701954257710e-19
1.575500000000000000e+04 9.999191774949505174e-01 8.974825578111303421e-08 1.923646216718155125e-15 8.427076928606836360e-16 5.688012770397283132e-19
1.576000000000000000e+04 9.999859104686668054e-01 9.380239231097419802e-08 5.394727684719166661e-13 4.946835150675357054e-16 8.666769078203692952e-20
1.576500000000000000e+04 9.999838286285446243e-01 9.963967983332566232e-08 1.217720567971878014e-12 1.625755913727237577e-15 7.754172623618245027e-18
1.577000000000000000e+04 9.999169668703821179e-01 1.051981392019392205e-07 7.567571800538547149e-13 7.446905199111809503e-16 1.995858661259307931e-19
1.577500000000000000e+04 9.999099232601919018e-01 1.058796957456500629e-07 6.026453910377748656e-13 2.964171204473271444e-16 9.715002269900968820e-19
1.578000000000000000e+04 9.999774269801301463e-01 1.053294457956521166e-07 4.654430160549059268e-13 1.053126402969235074e-16 1.438271330990759726e-18
1.578500000000000000e+04 9.999929666802958028e-01 1.051059247897783017e-07 1.493374813839086796e-13 1.276965480051613933e-15 2.001177758430669999e-18
1.579000000000000000e+04 9.999268748736941381e-01 1.060707230844669577e-07 6.715807305156200706e-14 1.484553148516110885e-15 4.912000215554764526e-19
1.579500000000000000e+04 9.999041731494072716e-01 1.065115834845179507e-07 2.769552820807280663e-14 1.027373609493880361e-15 7.108649658353082797e-20
1.580000000000000000e+04 9.999662492860603713e-01 1.092190892456166968e-07 1.941402838641016249e-13 2.747026181713476772e-17 1.874235381130192140e-18
1.580500000000000000e+04 9.999959953891642828e-01 1.152942705251015453e-07 1.019252278211765234e-12 1.421521443281231249e-15 4.785593780999031667e-18
1.581000000000000000e+04 9.999383681793064804e-01 1.217742892636048375e-07 9.831585759079733064e-13 1.246543770645276042e-15 1.327944997729556303e-18
1.581500000000000000e+04 9.999004431063073239e-01 1.245281326558691693e-07 5.154968743225029175e-13 2.782906861905087516e-16 4.837065085195596679e-19
1.582000000000000000e+04 9.999540838961464839e-01 1.234813054592884356e-07 6.340276249389422343e-13 9.665491085969290457e-17 1.033785394973554305e-18
1.582500000000000000e+04 9.999997785983544274e-01 1.231467463517277208e-07 2.313529280254716463e-13 7.928940502393923771e-16 2.923341419321299183e-18
1.583000000000000000e+04 9.999509419453993520e-01 1.234625963232426375e-07 1.083658958131251533e-13 1.480850151191762506e-15 7.329480596314907632e-19
1.583500000000000000e+04 9.999000328353233602e-01 1.244488756896268308e-07 4.898434124266725004e-14 9.676404346405594749e-16 1.210215660069156246e-20
1.584000000000000000e+04 9.999423771473046063e-01 1.256832624325592637e-07 2.600717905919692152e-14 6.933693201236290860e-16 1.987562331275243653e-18
1.584500000000000000e+04 9.999970675238629703e-01 1.315218637406138825e-07 6.945462397980807640e-13 7.909386646514200498e-16 3.549935510338527222e-19
1.585000000000000000e+04 9.999622428722002576e-01 1.383947771735041919e-07 1.095464455254360306e-12 1.380944618390132175e-15 5.876480228407646259e-18
1.585500000000000000e+04 9.999027258447429345e-01 1.434860377508048631e-07 5.318782007945535501e-13 3.705238136031250522e-16 4.170827769939135686e-19
1.586000000000000000e+04 9.999298091170982783e-01 1.426977609410829077e-07 6.900880361804568077e-13 3.585180549918071974e-16 1.918414336911721123e-18
1.586500000000000000e+04 9.999943022253077185e-01 1.420505244715183599e-07 3.929654672815978019e-13 2.409705449113049659e-16 2.262363508257211724e-18
1.587000000000000000e+04 9.999747584514815379e-01 1.416575965261998167e-07 1.104956564246168230e-13 1.445956695127890263e-15 1.411998630447814454e-18
1.587500000000000000e+04 9.999079331894650258e-01 1.429807236872556692e-07 7.334103813002358439e-14 1.191794543188839018e-15 7.611879062311930995e-20
1.588000000000000000e+04 9.999199815162034266e-01 1.433951912083868332e-07 3.161956675556360815e-14 1.340558902193404905e-15 7.145817725950496733e-19
1.588500000000000000e+04 9.999867346578674709e-01 1.481455651102705265e-07 3.414027007599539447e-13 9.189692023692515234e-17 1.066891290886203807e-18
1.589000000000000000e+04 9.999829755522076091e-01 1.552271943333275089e-07 1.028926726361598728e-12 1.287562750532639336e-15 6.404372557918349400e-18
1.589500000000000000e+04 9.999160601194904130e-01 1.620697853961015201e-07 6.873082663244837321e-13 7.624623717231327735e-16 3.004362967343494010e-20
1.590000000000000000e+04 9.999104535637192148e-01 1.628290958205159809e-07 5.861445590369027192e-13 4.602907966189033926e-16 1.268394565169906459e-18
1.590500000000000000e+04 9.999779580991396966e-01 1.615360293384341290e-07 5.956163095786568051e-13 5.453157007778639025e-17 1.058019351335802230e-18
1.591000000000000000e+04 9.999924148770387156e-01 1.607423863569504522e-07 1.460390796041511535e-13 1.150459697808634747e-15 2.624341070463427245e-18
1.591500000000000000e+04 9.999260722356997366e-01 1.616785450880411524e-07 1.118956281740481863e-13 1.309115917748005056e-15 2.106706560004088826e-19
1.592000000000000000e+04 9.999045292354051817e-01 1.622454335462891517e-07 7.817180620471548821e-14 1.170793519999868454e-15 9.879137083769659014e-20
1.592500000000000000e+04 9.999673456425876017e-01 1.651890355870639300e-07 9.404646918121437455e-14 3.904302372512166133e-16 2.733488224215265193e-18
1.593000000000000000e+04 9.999957046369358782e-01 1.723087477727030467e-07 8.049951461240492795e-13 9.374565004387893746e-16 1.667897149196963638e-18
1.593500000000000000e+04 9.999371837293654641e-01 1.799780211156877554e-07 8.625386153024614449e-13 1.046798473575459445e-15 2.497897740013256629e-18
1.594000000000000000e+04 9.999005523036500476e-01 1.833201221077936997e-07 4.558727076828597886e-13 3.280132512880925012e-16 3.922476195878013849e-19
1.594500000000000000e+04 9.999548338382981960e-01 1.815357787025671442e-07 7.359360341945343988e-13 3.371675296901994477e-16 1.914049430108195382e-18
1.595000000000000000e+04 9.999995447548004623e-01 1.805291243657008249e-07 2.897662768315812954e-13 4.935397517112766269e-16 2.788652864341389204e-18
1.595500000000000000e+04 9.999500416659221624e-01 1.804967887103978277e-07 1.099593196090756635e-13 1.392557935285850128e-15 6.130712699398346971e-19
1.596000000000000000e+04 9.998999123848409942e-01 1.817066504643467189e-07 9.628724914904712289e-14 1.020504786253642016e-15 3.554404242279799179e-20
1.596500000000000000e+04 9.999434429190762197e-01 1.828978684759858752e-07 3.275002066484876699e-14 1.392789308895954476e-15 2.077284409341847940e-18
1.597000000000000000e+04 9.999973990975411509e-01 1.894648118052187808e-07 4.953032308069562954e-13 2.840269612781600735e-16 2.897620729698989386e-19
1.597500000000000000e+04 9.999610904256722721e-01 1.973364140258364709e-07 9.304222835520742317e-13 1.053782659020111152e-15 5.907908205319334510e-18
1.598000000000000000e+04 9.999023065146041001e-01 2.033339030513594242e-07 4.538029212001667454e-13 3.854151795382692985e-16 1.729726261367655533e-19
1.598500000000000000e+04 9.999305887472053067e-01 2.020732344849207118e-07 7.046887095744512609e-13 6.615586655636060021e-16 2.491760015348445992e-18
1.599000000000000000e+04 9.999944457572007561e-01 2.006251316647947453e-07 5.146514496656725818e-13 5.876389370213250586e-17 1.278372366682631638e-18
1.599500000000000000e+04 9.999739147599912004e-01 1.996443660605210220e-07 9.197671730141719560e-14 1.390622485140681559e-15 1.781629336481245812e-18
1.600000000000000000e+04 9.999074076471632377e-01 2.010932557570688216e-07 1.175651694718922042e-13 1.114179577886825803e-15 5.330163229530841679e-20
1.600500000000000000e+04 9.999207640220242332e-01 2.014596112340019809e-07 8.431677433647110099e-14 1.608355820055819532e-15 8.361118913289254888e-19
1.601000000000000000e+04 9.999875632397964287e-01 2.065173134462478132e-07 2.099838956031091447e-13 1.538855981249749543e-16 2.438925768465017359e-18
1.601500000000000000e+04 9.999821718795217640e-01 2.144024147977337597e-07 8.407075587240258862e-13 9.027601677466904818e-16 3.469291680220942976e-18
1.602000000000000000e+04 9.999151636411974797e-01 2.221745626322868963e-07 5.810052387187042629e-13 6.534525817492040262e-16 3.093419113323398697e-19
1.602500000000000000e+04 9.999110208992935123e-01 2.229208234145409234e-07 5.296454585308629665e-13 5.824083008661711887e-16 8.342894102368903834e-19
1.603000000000000000e+04 9.999784708431538327e-01 2.207259669087659225e-07 7.220753813316507119e-13 2.462428765754726781e-16 1.213365434750352566e-18
1.603500000000000000e+04 9.999917713843214928e-01 2.192168918607222423e-07 1.759286248178699677e-13 8.433536593240916693e-16 2.900231882038631286e-18
1.604000000000000000e+04 9.999252669125848758e-01 2.199903028449151103e-07 1.248068056579585774e-13 1.207068572420724577e-15 9.478835378711101894e-20
1.604500000000000000e+04 9.999048840705201391e-01 2.206598591235967547e-07 1.201639638765349967e-13 1.148887306454966091e-15 1.835773386562557441e-19
1.605000000000000000e+04 9.999684183828528861e-01 2.235356755540814769e-07 6.280730391784079826e-14 1.102238757591745476e-15 2.825656322857939901e-18
1.605500000000000000e+04 9.999954620033832953e-01 2.312309561500554206e-07 6.205833164566735227e-13 4.667421555383279251e-16 1.719464744344720447e-19
1.606000000000000000e+04 9.999360251752503759e-01 2.396446679792037922e-07 7.247162757198468964e-13 7.701058544661716736e-16 3.067008985953090677e-18
1.606500000000000000e+04 9.999006888296526618e-01 2.434026646077438612e-07 3.759472689470915502e-13 3.183084043775748230e-16 5.126775310893042003e-20
1.607000000000000000e+04 9.999556077786284636e-01 2.407834431229348267e-07 7.935662428389535250e-13 7.603204233214464024e-16 2.819570203531651763e-18
1.607500000000000000e+04 9.999992299157883791e-01 2.389664127803106627e-07 3.956733858507100584e-13 1.636127881093663063e-16 1.885464499401728061e-18
1.608000000000000000e+04 9.999491028693500150e-01 2.384526223668112208e-07 8.492301181416193377e-14 1.393813478261671461e-15 5.977840844001359207e-19
1.608500000000000000e+04 9.998998087706851834e-01 2.398375985242638736e-07 1.243856353597727740e-13 9.842273501833548463e-16 9.364990601410270047e-20
1.609000000000000000e+04 9.999444753206540026e-01 2.408091577483396954e-07 7.041058210675805698e-14 1.913427963307135642e-15 1.690234797561844206e-18
1.609500000000000000e+04 9.999977550389034242e-01 2.476326061969205801e-07 3.523984518088341821e-13 9.679946959496241215e-17 1.740148749405001060e-18
1.610000000000000000e+04 9.999599847777390638e-01 2.560102849784641896e-07 7.741117755677411842e-13 7.348206622429693522e-16 3.880253173647519018e-18
1.610500000000000000e+04 9.999019064473350094e-01 2.626092764694551611e-07 3.643101166836384664e-13 3.253618947083913339e-16 9.183788980339746949e-21
1.611000000000000000e+04 9.999314135742402021e-01 2.608159307514232383e-07 6.752859341904329217e-13 9.515258423109980593e-16 1.967163206214935711e-18
1.611500000000000000e+04 9.999945468655385694e-01 2.584450215468076042e-07 6.536990241855439274e-13 1.277677987313412263e-16 7.946116195706859086e-19
1.612000000000000000e+04 9.999729995101201974e-01 2.567738056367555103e-07 9.128768328151040569e-14 1.169006009733919945e-15 1.979082970888738763e-18
1.612500000000000000e+04 9.999068986694544803e-01 2.582497828727292035e-07 1.291914254220130360e-13 1.024479886594077121e-15 1.051446802881662626e-19
1.613000000000000000e+04 9.999215259029214931e-01 2.584973908320868396e-07 1.217053099215996632e-13 1.584744761083397430e-15 6.933170254036978252e-19
1.613500000000000000e+04 9.999883819541347529e-01 2.634438803133697662e-07 1.450653839562958233e-13 6.609386536347316379e-16 3.512747938358287401e-18
1.614000000000000000e+04 9.999814247967316883e-01 2.716173245861635551e-07 6.825776976598733220e-13 5.351592223979608860e-16 8.377789931361054988e-19
1.614500000000000000e+04 9.999142915313924407e-01 2.798891619179615548e-07 4.752250764782003000e-13 4.683417950531494107e-16 1.069362031195137541e-18
1.615000000000000000e+04 9.999116324595113126e-01 2.805276241654319353e-07 4.590683123684449783e-13 6.107131643032694104e-16 1.876239142527659715e-19
1.615500000000000000e+04 9.999789893779326144e-01 2.773507618498135311e-07 8.189427211156705112e-13 7.211778072191363462e-16 2.709705523765502050e-18
1.616000000000000000e+04 9.999910461590479915e-01 2.750510319215315586e-07 2.580840367831773730e-13 4.064033533809123889e-16 2.323663151229240204e-18
1.616500000000000000e+04 9.999244551269251824e-01 2.755448187383780472e-07 1.009238859177508707e-13 1.199513781692180548e-15 1.959393144152518650e-19
1.617000000000000000e+04 9.999052425103702735e-01 2.762808465003174619e-07 1.294144632912598270e-13 1.043974742718063258e-15 1.712897436555586067e-19
1.617500000000000000e+04 9.999694561125475056e-01 2.787872076394351808e-07 7.373113536389958803e-14 1.814329376366285546e-15 2.531149647468888466e-18
1.618000000000000000e+04 9.999952631958042293e-01 2.865364327923976788e-07 4.843323015329716948e-13 1.712257937758348906e-16 6.961561380224433546e-19
1.618500000000000000e+04 9.999349082946970002e-01 2.951865086679193836e-07 6.065168856892055573e-13 5.091520794094239380e-16 2.949308984919359953e-18
1.619000000000000000e+04 9.999008587774450563e-01 2.991546305077862353e-07 3.043812988292184915e-13 2.499341032003162498e-16 1.424410967481649844e-19
1.619500000000000000e+04 9.999564238956457629e-01 2.956699659789521137e-07 8.035156315081464848e-13 1.248124089557123340e-15 3.569559227517009796e-18
1.620000000000000000e+04 9.999988545499227666e-01 2.929828281894056811e-07 5.396795121556245766e-13 4.457467795678549909e-17 8.326360561860346608e-19
1.620500000000000000e+04 9.999481228761689655e-01 2.919012158322797775e-07 5.920639524561958622e-14 1.299577707287300742e-15 9.120442940063769969e-19
1.621000000000000000e+04 9.998997258108661690e-01 2.933966215539229050e-07 1.198604710868398819e-13 9.220810863053796019e-16 6.687093963020677581e-20
1.621500000000000000e+04 9.999454706051442709e-01 2.939864610578147906e-07 1.017272113647350551e-13 2.059038989884905007e-15 1.096263156919820160e-18
1.622000000000000000e+04 9.999981222149636473e-01 3.005719599256548729e-07 2.688890815868677425e-13 3.136022148335564660e-16 3.463456894035704528e-18
1.622500000000000000e+04 9.999589373885391375e-01 3.089170881439017534e-07 6.520802487487787842e-13 4.706281884918380193e-16 1.593499309978628064e-18
1.623000000000000000e+04 9.999015348604809450e-01 3.157680418553019100e-07 2.931045793663592959e-13 2.182912188142966215e-16 4.479957672053948242e-19
1.623500000000000000e+04 9.999322936282827312e-01 3.134218989115494480e-07 6.237306927115696623e-13 1.121749549933334368e-15 1.045697738003280774e-18
1.624000000000000000e+04 9.999946311337399862e-01 3.100909036260498195e-07 7.830347316788290810e-13 5.622820298851623301e-16 1.960928734389211830e-18
1.624500000000000000e+04 9.999720171902857224e-01 3.076931819523426172e-07 1.404407328489450954e-13 7.357554326422926420e-16 1.979123976879135098e-18
1.625000000000000000e+04 9.999064062205159642e-01 3.090975036927245909e-07 1.067380735194302416e-13 9.775443787544106251e-16 1.024469800656260623e-19
1.625500000000000000e+04 9.999222705900919772e-01 3.091612733679803969e-07 1.222529210640717695e-13 1.380084653131788527e-15 3.259084385412703541e-19
1.626000000000000000e+04 9.999891759415895365e-01 3.135880004584412189e-07 1.289006108215003746e-13 1.360494127169063967e-15 3.942825482066393824e-18
1.626500000000000000e+04 9.999807358840877569e-01 3.215078634861168162e-07 5.675322791404231794e-13 2.597279080688756172e-16 1.817075402878952240e-19
1.627000000000000000e+04 9.999134567099079440e-01 3.298123224731181065e-07 3.990923694637497078e-13 2.841621182890978889e-16 1.975260142924572804e-18
1.627500000000000000e+04 9.999122929921717695e-01 3.302574043927835775e-07 4.019507236470645041e-13 5.372195735941114793e-16 1.792707038582045716e-19
1.628000000000000000e+04 9.999795365705528294e-01 3.261023832531382881e-07 8.701189289646460985e-13 1.370975932763856605e-15 5.096667100105851772e-18
1.628500000000000000e+04 9.999902543532428467e-01 3.230124788927255781e-07 3.979474851826016125e-13 7.683898537924378816e-17 1.213884599743131632e-18
1.629000000000000000e+04 9.999236345321410591e-01 3.231389342860231919e-07 6.433602864603984938e-14 1.177261707518995585e-15 4.564555010175506392e-19
1.629500000000000000e+04 9.999056107112741509e-01 3.238961232861114244e-07 1.061924562979905656e-13 9.496401276642717654e-16 6.561345269291410576e-20
1.630000000000000000e+04 9.999704494571612923e-01 3.257624754525505974e-07 9.533572041251095656e-14 2.215270326807011868e-15 2.197412498334390704e-18
1.630500000000000000e+04 9.999950988003761809e-01 3.330405017485472492e-07 3.979917853913851759e-13 1.565472076595454512e-16 2.425456334278793068e-18
1.631000000000000000e+04 9.999338458341079372e-01 3.414006721823942802e-07 5.272863442113975265e-13 3.213690953436237664e-16 2.309904605474788360e-18
1.631500000000000000e+04 9.999010667487485682e-01 3.453616299816873598e-07 2.626767010325575941e-13 1.555474928923300277e-16 7.344624502460598121e-19
1.632000000000000000e+04 9.999572968245779014e-01 3.410516289845421051e-07 7.763810617235860599e-13 1.634071571877834139e-15 3.694219362047069116e-18
1.632500000000000000e+04 9.999984424187494669e-01 3.375156855968193998e-07 6.984544861736999822e-13 3.304098725017969285e-16 8.747842812594029456e-19
1.633000000000000000e+04 9.999471022706025725e-01 3.358351554165044924e-07 7.362695666615276145e-14 9.873109505240145531e-16 1.500450862367951001e-18
1.633500000000000000e+04 9.998996675599196582e-01 3.373666260644354896e-07 9.413177028347461233e-14 8.659423678370081761e-16 2.729579672315139277e-20
1.634000000000000000e+04 9.999464279919166865e-01 3.374428685695434818e-07 1.060143679331694114e-13 1.874252903552332071e-15 6.628002621671658681e-19
1.634500000000000000e+04 9.999984848682236249e-01 3.433201510877284712e-07 2.327585511210612950e-13 8.169107382197541863e-16 4.402464631160880417e-18
1.635000000000000000e+04 9.999579546528145624e-01 3.510975537592351548e-07 5.702066090669574273e-13 2.783554126418900332e-16 4.346784033035874584e-19
1.635500000000000000e+04 9.999011997641287230e-01 3.578382430940806501e-07 2.572035068285570595e-13 1.137236824102937499e-16 1.019797348700058321e-18
1.636000000000000000e+04 9.999332350212918330e-01 3.549653125083395666e-07 5.740430390722121354e-13 1.117730205906508547e-15 4.221589824259645523e-19
1.636500000000000000e+04 9.999947240313945551e-01 3.507221109227716530e-07 8.764871580225775813e-13 1.290948472898240732e-15 4.572949312815625682e-18
1.637000000000000000e+04 9.999709768310472979e-01 3.476305288945951769e-07 2.616185540165690025e-13 2.645910787047145317e-16 1.683037048649744842e-18
1.637500000000000000e+04 9.999059305283113375e-01 3.488741771116621676e-07 7.540985454707916995e-14 9.422784496693953787e-16 9.930301712521657026e-20
1.638000000000000000e+04 9.999230037326850562e-01 3.487009623347062218e-07 9.383977840458707749e-14 1.172539246864608291e-15 7.194539018742561562e-20
1.638500000000000000e+04 9.999899308933404285e-01 3.522478915968479164e-07 1.372494608608030680e-13 1.924807820280654435e-15 3.632449566593608969e-18
1.639000000000000000e+04 9.999801009130516727e-01 3.593967651759552857e-07 4.920431249117531756e-13 1.388019620241686905e-16 1.289569423829310771e-18
1.639500000000000000e+04 9.999126699273396257e-01 3.672708978863208274e-07 3.625487609431411221e-13 1.596998534107758956e-16 2.045481978400196417e-18
1.640000000000000000e+04 9.999130042418081787e-01 3.674584409409164796e-07 3.746762693802861729e-13 4.049951535939317178e-16 6.402852930699943303e-19
1.640500000000000000e+04 9.999801319805947664e-01 3.624122509998319568e-07 8.714984488328057326e-13 1.981888361401998157e-15 6.503454666951605324e-18
1.641000000000000000e+04 9.999894150690916694e-01 3.586056296858163518e-07 5.809520345304297074e-13 1.186689665043027010e-16 5.052618722246125071e-19
1.641500000000000000e+04 9.999228043162484703e-01 3.583143782608416087e-07 5.817780448755439906e-14 1.013072699166994457e-15 7.546304464632867083e-19
1.642000000000000000e+04 9.999059956164967344e-01 3.590430930667884561e-07 7.724796508810848601e-14 8.962519421832691561e-16 2.015497044041833304e-20
1.642500000000000000e+04 9.999713917467538682e-01 3.600554978527041306e-07 1.078648458412523504e-13 2.214960394626163483e-15 1.823368791856580707e-18
1.643000000000000000e+04 9.999949549964561868e-01 3.663836521411122896e-07 3.504085073948179318e-13 4.045041807437324433e-16 3.949871476222936637e-18
1.643500000000000000e+04 9.999328464705977693e-01 3.739570029968550485e-07 4.848683750444347086e-13 2.110583516678563655e-16 1.172234163474793910e-18
1.644000000000000000e+04 9.999013153767836171e-01 3.777037989988315881e-07 2.559365769020671439e-13 7.952514005357035577e-17 9.951087359390069285e-19
1.644500000000000000e+04 9.999582363568073617e-01 3.726785384603284889e-07 7.290119835482759676e-13 1.789703335656088577e-15 2.757765458981147653e-18
1.645000000000000000e+04 9.999980185353840589e-01 3.683911217316432588e-07 8.397432479766099689e-13 1.019913590820096036e-15 2.774176007507461744e-18
1.645500000000000000e+04 9.999460448303738591e-01 3.661374782757924239e-07 1.643099119066809097e-13 5.256126716073301149e-16 1.763740425201660704e-18
1.646000000000000000e+04 9.998996379201031681e-01 3.676284361851920624e-07 7.914178139101985247e-14 7.985319357028867294e-16 5.788767854333014576e-20
1.646500000000000000e+04 9.999473496523288985e-01 3.671018977345757685e-07 9.074804841100338786e-14 1.577233049484497183e-15 5.050994499489807212e-19
1.647000000000000000e+04 9.999988258781659090e-01 3.718690841862344539e-07 2.250328430977087416e-13 1.355009254044160157e-15 4.275865809610157083e-18
1.647500000000000000e+04 9.999570373282756774e-01 3.785972748650914514e-07 5.175289910735431704e-13 1.610643864773278193e-16 3.861049414979143821e-19
1.648000000000000000e+04 9.999009073098514833e-01 3.848850791643941037e-07 2.549276774791703335e-13 5.082062869524943862e-17 9.388915109142867655e-19
1.648500000000000000e+04 9.999342393042662813e-01 3.815599567778455848e-07 5.412230026921231245e-13 9.665009483058950290e-16 4.128549857297683416e-19
1.649000000000000000e+04 9.999948487134052710e-01 3.765316421113121711e-07 9.151835766321376001e-13 2.077742869035615168e-15 7.143741641879925348e-18
1.649500000000000000e+04 9.999698912754921842e-01 3.728421303740006674e-07 4.531500679717679234e-13 4.404081139145518349e-17 9.207507854681208678e-19
1.650000000000000000e+04 9.999054719717451745e-01 3.738540579580153618e-07 7.558841921664577631e-14 8.456038476774381600e-16 1.206963184569568382e-19
1.650500000000000000e+04 9.999237327369130401e-01 3.734082732310263722e-07 7.186731432990111776e-14 1.068358900415013283e-15 4.513791960843339478e-20
1.651000000000000000e+04 9.999906341597283310e-01 3.757971851759416301e-07 1.519018259452100138e-13 2.150294616428739549e-15 2.789424920488859014e-18
1.651500000000000000e+04 9.999795101323598612e-01 3.817316058798443200e-07 4.419066350791789545e-13 1.896211481640627434e-16 2.651471218636533885e-18
1.652000000000000000e+04 9.999119389090852517e-01 3.887575025484919361e-07 3.555607851058477966e-13 1.056578160916217508e-16 1.101033596845195790e-18
1.652500000000000000e+04 9.999137646706502958e-01 3.886542784019172756e-07 3.762010033962289342e-13 2.801804245636724263e-16 1.084754227274056115e-18
1.653000000000000000e+04 9.999807901912046715e-01 3.828806325288304235e-07 8.293252524081767594e-13 2.345066955894917158e-15 5.732812007909298500e-18
1.653500000000000000e+04 9.999885497276054247e-01 3.784942464238042994e-07 7.730576127405184897e-13 6.328215690897050118e-16 1.047486740991388083e-18
1.654000000000000000e+04 9.999219652071257292e-01 3.777756765660546188e-07 1.236125486710734819e-13 6.879574767834975598e-16 8.381581692352642550e-19
1.654500000000000000e+04 9.999064043801382251e-01 3.784272841652779679e-07 8.391498923209763024e-14 8.377881558812980372e-16 1.095664382684508563e-20
1.655000000000000000e+04 9.999722794475658372e-01 3.784479496324488253e-07 1.135064335024542178e-13 1.966625996651134095e-15 1.300598603864404074e-18
1.655500000000000000e+04 9.999948146901856960e-01 3.834391997429810945e-07 3.248439842752866033e-13 7.761271102698025380e-16 4.349529569402529607e-18
1.656000000000000000e+04 9.999319141001450362e-01 3.898037503552557898e-07 4.614565860876837005e-13 1.475905609541628581e-16 2.122851664860713705e-19
1.656500000000000000e+04 9.999016050450867388e-01 3.931590982118100300e-07 2.723062236792722297e-13 4.767146418492255472e-17 7.256742447436027096e-19
1.657000000000000000e+04 9.999592465413510434e-01 3.875928535371130330e-07 6.763054679263607368e-13 1.690237525989289636e-15 1.502179850353768951e-18
1.657500000000000000e+04 9.999976070126115335e-01 3.827166234566589744e-07 9.308780761787635408e-13 1.894853269848801217e-15 5.945729547906563005e-18
1.658000000000000000e+04 9.999449572247905982e-01 3.799679634968792177e-07 3.423673925410528602e-13 1.481379610806612933e-16 1.185587344333551803e-18
1.658500000000000000e+04 9.998996402618073320e-01 3.813470778761916807e-07 1.116932949348108273e-13 6.833894735341058723e-16 4.938257044417809498e-20
1.659000000000000000e+04 9.999482404955837289e-01 3.801797587958479400e-07 8.915630431621518897e-14 1.378676965869145158e-15 4.122342725813403833e-19
1.659500000000000000e+04 9.999991281302550439e-01 3.835401897601766033e-07 2.292324499858959489e-13 1.697508065602291357e-15 3.477769838924282207e-18
1.660000000000000000e+04 9.999561804338166215e-01 3.888369887419291940e-07 4.752609299224983749e-13 1.200069928462737738e-16 1.054490927180920848e-18
1.660500000000000000e+04 9.999006613022113354e-01 3.943785771640520588e-07 2.694830529864599442e-13 3.499278375842373465e-17 5.137481300540804530e-19
1.661000000000000000e+04 9.999353032152823451e-01 3.907222457338613368e-07 5.261039264624795505e-13 7.546553329883201570e-16 1.277698541775966677e-18
1.661500000000000000e+04 9.999950240682813352e-01 3.851039955137357663e-07 8.919755609351726600e-13 2.645912283026285810e-15 8.149071633528420910e-18
1.662000000000000000e+04 9.999687760811151183e-01 3.809646017990060259e-07 6.838405781103682057e-13 2.738912145267516219e-16 2.353458561670738615e-19
1.662500000000000000e+04 9.999050309743773290e-01 3.816974800464198944e-07 1.422327889477374094e-13 6.517874218691403978e-16 1.384711314686806690e-19
1.663000000000000000e+04 9.999244661577125770e-01 3.809652187735702764e-07 1.029085913022979943e-13 1.033175573468228514e-15 8.640310222671825204e-20
1.663500000000000000e+04 9.999912756723529084e-01 3.820244735645336441e-07 1.692832497719474256e-13 2.067254161464247577e-15 1.862267153874361564e-18
1.664000000000000000e+04 9.999789490999800856e-01 3.864169090698335777e-07 4.006773658927430860e-13 3.657450761705046881e-16 3.303502166699264207e-18
1.664500000000000000e+04 9.999112677573575025e-01 3.922585387540126199e-07 3.565563863535373464e-13 9.031227366286989842e-17 2.793741318347620940e-19
1.665000000000000000e+04 9.999145694556705877e-01 3.918673509349145710e-07 3.907725339578605102e-13 2.072033895627337351e-16 1.501361525516426545e-18
1.665500000000000000e+04 9.999815195846707416e-01 3.855949204226995174e-07 7.563373971073236494e-13 2.363438912766699477e-15 3.584232374147973937e-18
1.666000000000000000e+04 9.999876802244889173e-01 3.808151785219618418e-07 9.291396145855178058e-13 1.468193773665607671e-15 3.218981126430524277e-18
1.666500000000000000e+04 9.999211193849518731e-01 3.796993320441235385e-07 2.771795813539688350e-13 3.277422875162788933e-16 6.615467460763518469e-19
1.667000000000000000e+04 9.999068437757644423e-01 3.802318222810293879e-07 1.612929495983967938e-13 7.070647527283529741e-16 6.124346364894244141e-20
1.667500000000000000e+04 9.999731123629079788e-01 3.792114363418991714e-07 1.355688897759387969e-13 1.724719896648589690e-15 7.498352840446260504e-19
1.668000000000000000e+04 9.999946589315000800e-01 3.826058119067438013e-07 3.068626466285300964e-13 1.093464418872022598e-15 3.759721627154412017e-18
1.668500000000000000e+04 9.999310475204091775e-01 3.874533244586764731e-07 4.352329739576188950e-13 1.018780293378516901e-16 3.555266820349894000e-19
1.669000000000000000e+04 9.999019338207311147e-01 3.902847014983798175e-07 2.906928385930683577e-13 5.090252541606729895e-17 5.344650542634818517e-19
1.669500000000000000e+04 9.999603252763022976e-01 3.844045283072173562e-07 6.262649150298007458e-13 1.416900145110962538e-15 1.200730593499436643e-18
1.670000000000000000e+04 9.999972290271476050e-01 3.791527258132588208e-07 9.484311580558795590e-13 2.633004505319874781e-15 8.714765334030718997e-18
1.670500000000000000e+04 9.999438484441350861e-01 3.760300897473895446e-07 5.825468916845311220e-13 9.254219603094606667e-17 2.989769510484959095e-19
1.671000000000000000e+04 9.998996770927215394e-01 3.772380127127014065e-07 2.134509607812928065e-13 5.144519471894211741e-16 9.061986339635328461e-20
1.671500000000000000e+04 9.999491077535799244e-01 3.754474102478051187e-07 1.443703374270208875e-13 1.330741501681369782e-15 2.609216423566730893e-19
1.672000000000000000e+04 9.999993758539885702e-01 3.772356526391379339e-07 2.384842262193036281e-13 1.777586746209649915e-15 2.580618889005369292e-18
1.672500000000000000e+04 9.999553737022536248e-01 3.808541032305655777e-07 4.270782646818549080e-13 1.514524286835271607e-16 2.122895338738428295e-18
1.673000000000000000e+04 9.999004629173712244e-01 3.854296335459583914e-07 2.792933390625852963e-13 4.109592262144486446e-17 4.148750583515553217e-19
1.673500000000000000e+04 9.999364187968061701e-01 3.816016577122476165e-07 5.178593176286585198e-13 5.689863639581813456e-16 2.563527413496884602e-18
1.674000000000000000e+04 9.999952631735189446e-01 3.756410782195631559e-07 8.129203749948252218e-13 2.820940624295162965e-15 7.030762280266747045e-18
1.674500000000000000e+04 9.999676481948531759e-01 3.712372098821176025e-07 8.994437651261510260e-13 9.129374938968792522e-16 1.001391514688984324e-18
1.675000000000000000e+04 9.999046079278461896e-01 3.716703784751870057e-07 2.847530941957275070e-13 4.097517685267454901e-16 3.172564547636410358e-19
1.675500000000000000e+04 9.999252130465713373e-01 3.706623518566658461e-07 2.209473817911833302e-13 9.450518022701846177e-16 2.316084956812838835e-19
1.676000000000000000e+04 9.999918486668699646e-01 3.703415733087694576e-07 2.016084238820451677e-13 1.888948983959188994e-15 1.264715387710481762e-18
1.676500000000000000e+04 9.999783999098740273e-01 3.730104788057187198e-07 3.570080282057943848e-13 5.728558699339450852e-16 3.332734440638086017e-18
1.677000000000000000e+04 9.999106566331087409e-01 3.774428389055378785e-07 3.448084799568164595e-13 7.387409003780081782e-17 2.764073161739569938e-19
1.677500000000000000e+04 9.999154107937310298e-01 3.768022189535035972e-07 3.975095584040145000e-13 1.816013177554424223e-16 1.670387060321523098e-18
1.678000000000000000e+04 9.999823216525830505e-01 3.703075614226019745e-07 6.676095998548432230e-13 2.087902686842195097e-15 1.733435116350880069e-18
1.678500000000000000e+04 9.999868270760449152e-01 3.653535865353532619e-07 1.007030749772095616e-12 2.295259940450348225e-15 6.563046633508351947e-18
1.679000000000000000e+04 9.999202702879778082e-01 3.639053936952369120e-07 4.975038187300411716e-13 1.228947013642261989e-16 4.859941419499241015e-19
1.679500000000000000e+04 9.999073196293712940e-01 3.642883814682771803e-07 3.181129038635855545e-13 4.919477205566452547e-16 4.000952686963303334e-19
1.680000000000000000e+04 9.999738936080454499e-01 3.622707612842683154e-07 2.067961018952784951e-13 1.650535940281167713e-15 4.269439719944758247e-19
1.680500000000000000e+04 9.999944684624518798e-01 3.639578501937816243e-07 2.899721003058231985e-13 1.251201147110172638e-15 2.908691585486158152e-18
1.681000000000000000e+04 9.999302405619305834e-01 3.671217911184180710e-07 3.915244893094665235e-13 7.014322962232926915e-17 1.274555539758892091e-18
1.681500000000000000e+04 9.999022976088949299e-01 3.693507016000580554e-07 2.921057213555493651e-13 5.736996149535535504e-17 5.129856765297146243e-19
1.682000000000000000e+04 9.999614644009455766e-01 3.634194284965582926e-07 5.797538779470868451e-13 1.095959668425534237e-15 1.930437847014089290e-18
1.682500000000000000e+04 9.999969011021685450e-01 3.580381821576583663e-07 8.859398280629676752e-13 2.978886279370735964e-15 9.456454279964331535e-18
1.683000000000000000e+04 9.999427290074762720e-01 3.546933722227274835e-07 8.272497898473194771e-13 4.292157676656748652e-16 2.070992496648918440e-19
1.683500000000000000e+04 9.998997498056323430e-01 3.556878091994913704e-07 3.762586975199362842e-13 3.403766448243070031e-16 3.837342878414437626e-19
1.684000000000000000e+04 9.999499604324362245e-01 3.533469233824200028e-07 2.870223919967222224e-13 1.314633816659531547e-15 1.691799174554647605e-19
1.684500000000000000e+04 9.999995558198064849e-01 3.535421631596266272e-07 2.578125863566840419e-13 1.720054549617831388e-15 1.954598143121875585e-18
1.685000000000000000e+04 9.999546025054034670e-01 3.553929197557916257e-07 3.659519278940680993e-13 2.337814352204954606e-16 2.893131506883173924e-18
1.685500000000000000e+04 9.999003106442148070e-01 3.588729973008801344e-07 2.690891208049414239e-13 3.931724003130518193e-17 4.484150604707702243e-19
1.686000000000000000e+04 9.999375739396002549e-01 3.550580039134629485e-07 5.018877332969860552e-13 4.433933311922366308e-16 2.993888041231219981e-18
1.686500000000000000e+04 9.999955723008426833e-01 3.490354770605572026e-07 6.955715864782890058e-13 2.603708626583865569e-15 4.499876748874769669e-18
1.687000000000000000e+04 9.999665244769152528e-01 3.445735540077111190e-07 1.039971327682772523e-12 1.690061120382785968e-15 3.730986652272373071e-18
1.687500000000000000e+04 9.999042031148371867e-01 3.447134248434350166e-07 4.774277151025323589e-13 2.283604980397353145e-16 6.249223581811793738e-19
1.688000000000000000e+04 9.999259822474815262e-01 3.434662340570185407e-07 4.271914897044339805e-13 7.186061548629625919e-16 5.647485603334824518e-19
1.688500000000000000e+04 9.999923501367173895e-01 3.418401869506633343e-07 2.702248155993739474e-13 1.837002597468941360e-15 1.062332549844734282e-18
1.689000000000000000e+04 9.999778427479897314e-01 3.427653114928007799e-07 3.083385409353342880e-13 7.204479559788705533e-16 3.046124105268836050e-18
1.689500000000000000e+04 9.999101018094230797e-01 3.456929518303002132e-07 3.101850536689658009e-13 4.218546786556538256e-17 5.112023290453600969e-19
1.690000000000000000e+04 9.999162784800670334e-01 3.448712962908086785e-07 3.813242304401982116e-13 1.628403318692470729e-16 1.135321527268463563e-18
1.690500000000000000e+04 9.999831908726740659e-01 3.384567239945802622e-07 5.772901399231419327e-13 1.665055511695054518e-15 1.184494923108397588e-18
1.691000000000000000e+04 9.999860077329424390e-01 3.335622535592773765e-07 9.823056089836947711e-13 2.790713786678900371e-15 9.404993527089401562e-18
1.691500000000000000e+04 9.999194222826586209e-01 3.318743690412207918e-07 7.286145955732642851e-13 1.929016473569962200e-16 3.416315733378669710e-19
1.692000000000000000e+04 9.999078363354725330e-01 3.320933038743417347e-07 5.271746751336083866e-13 2.659813466937003275e-16 8.452250019902652139e-19
1.692500000000000000e+04 9.999746293690062737e-01 3.292127153552355295e-07 3.519020273332468449e-13 1.704065158443477626e-15 3.482825143711399655e-19
1.693000000000000000e+04 9.999942252658829966e-01 3.292397295177162502e-07 2.774771933676638738e-13 1.283435562486266539e-15 2.330171491203289731e-18
1.693500000000000000e+04 9.999294827072223724e-01 3.307094223660630187e-07 3.283169078662151831e-13 6.695543835913802402e-17 1.740113648881613915e-18
1.694000000000000000e+04 9.999026905125659725e-01 3.323143660147905696e-07 2.684390014996658727e-13 4.309781039716310386e-17 3.084381651154306454e-19
1.694500000000000000e+04 9.999626502414911133e-01 3.266080051332280127e-07 5.338156749704225060e-13 8.193352268977279595e-16 2.679151535997721981e-18
1.695000000000000000e+04 9.999966338562780166e-01 3.213563036975973794e-07 7.568481971794204593e-13 2.864108205996922416e-15 7.705885653283306833e-18
1.695500000000000000e+04 9.999416100497483528e-01 3.179584676268902695e-07 1.005580292910937159e-12 1.004828013146192219e-15 1.188860231350484488e-18
1.696000000000000000e+04 9.998998585220358892e-01 3.187177657472991357e-07 5.605212170219391385e-13 2.377580661156427342e-16 6.073804262610894939e-19
1.696500000000000000e+04 9.999508086763527759e-01 3.159513058731012756e-07 5.165240929753488346e-13 1.162500940824595402e-15 2.410101450640797252e-19
1.697000000000000000e+04 9.999996583236168135e-01 3.146778936784560690e-07 3.010755969702264399e-13 1.732492881506031857e-15 1.663696333427334103e-18
1.697500000000000000e+04 9.999538491677193441e-01 3.148360976551907401e-07 2.952862635242323214e-13 3.254049481339188306e-16 2.722120557911848252e-18
1.698000000000000000e+04 9.999002004719939052e-01 3.171896927857331641e-07 2.360616022413395945e-13 2.088178661990263030e-17 2.664042853770653241e-19
1.698500000000000000e+04 9.999387532501724518e-01 3.135790254718098881e-07 4.683091991400896049e-13 3.520719202463785852e-16 2.074134875200965900e-18
1.699000000000000000e+04 9.999959504843580760e-01 3.077844474951753074e-07 5.644319378381629423e-13 2.138060000054642696e-15 2.133517677995964806e-18
1.699500000000000000e+04 9.999654203146017828e-01 3.034751024535498619e-07 1.061499163459434385e-12 2.264975805310008868e-15 6.838556106657890795e-18
1.700000000000000000e+04 9.999038166553289031e-01 3.033533642224931620e-07 6.659066810026938375e-13 1.962553283798438930e-16 5.828690502216740798e-19
1.700500000000000000e+04 9.999267817301323857e-01 3.019289309834458439e-07 6.833002005326329670e-13 3.942790354813241671e-16 8.570885123781754282e-19
1.701000000000000000e+04 9.999927810675396378e-01 2.991912625649437579e-07 3.940604119768637730e-13 1.967567902625455828e-15 9.764892704023332942e-19
1.701500000000000000e+04 9.999772575349236137e-01 2.985135941632301361e-07 2.605710673756386856e-13 7.838888943911900935e-16 2.544020492597489994e-18
1.702000000000000000e+04 9.999095960633623825e-01 2.999769611278251110e-07 2.559156528764580743e-13 1.287079595639648667e-17 5.100608560604827541e-19
1.702500000000000000e+04 9.999171607304181419e-01 2.990621186472031439e-07 3.394547535168237027e-13 1.169920312738968234e-16 2.902203253536266997e-19
1.703000000000000000e+04 9.999841151226244174e-01 2.930294977724925648e-07 4.965693312904203656e-13 1.240518091895866099e-15 1.883067328222922567e-18
1.703500000000000000e+04 9.999852352517298870e-01 2.884240189651355997e-07 8.580920068251196149e-13 2.807231350259249488e-15 9.720382418345466434e-18
1.704000000000000000e+04 9.999185802630264908e-01 2.866082803382577945e-07 8.996279097001886897e-13 4.968033473922009695e-16 1.646893559291476632e-19
1.704500000000000000e+04 9.999083964654567058e-01 2.866667343867159856e-07 7.317997644540859964e-13 1.433939717807896442e-16 8.188874866539692264e-19
1.705000000000000000e+04 9.999753284909779216e-01 2.831381477799558601e-07 5.721238769355826456e-13 1.691561919079944099e-15 3.798958752235944846e-19
1.705500000000000000e+04 9.999939139642839425e-01 2.817038979831289497e-07 2.805950244062782832e-13 1.336085454095014838e-15 2.081710426352834649e-18
1.706000000000000000e+04 9.999287600824693367e-01 2.816238328640606724e-07 2.545375403155478028e-13 9.900277932594468356e-17 1.428830524183862054e-18
1.706500000000000000e+04 9.999031053730125240e-01 2.826373780017752881e-07 2.244535605006851779e-13 1.413516396681388893e-17 1.381385508210743055e-19
1.707000000000000000e+04 9.999638646337960513e-01 2.774192965634032693e-07 4.858262978962771940e-13 6.051210527672020463e-16 2.763655685578939328e-18
1.707500000000000000e+04 9.999964312907283492e-01 2.725472494064886913e-07 5.913140800528658523e-13 2.410148751200294224e-15 4.529031761764984332e-18
1.708000000000000000e+04 9.999405023536765968e-01 2.692692842070642170e-07 1.060122788121727936e-12 1.535284237346142539e-15 2.736653943214115409e-18
1.708500000000000000e+04 9.999000020404150701e-01 2.697936211755835660e-07 7.085573773139762312e-13 2.520363495421208887e-16 3.750706440402134278e-19
1.709000000000000000e+04 9.999516630258785677e-01 2.667700821738561384e-07 7.949622308231878830e-13 8.097076084210938465e-16 5.919363843176972813e-19
1.709500000000000000e+04 9.999996779134295855e-01 2.642859035400511148e-07 3.840127893246516721e-13 1.935869505803411966e-15 1.537201605027484758e-18
1.710000000000000000e+04 9.999530945337172794e-01 2.629825424557743993e-07 2.253092027685618162e-13 3.890125405346662761e-16 1.905328580036052252e-18
1.710500000000000000e+04 9.999001263119372540e-01 2.642760289307608563e-07 1.887001488863318188e-13 2.379221717853436432e-18 1.851125901444276922e-19
1.711000000000000000e+04 9.999399392626312499e-01 2.610468326867536350e-07 4.165138088017047021e-13 2.524389949431437371e-16 8.131934764132831408e-19
1.711500000000000000e+04 9.999963896756393078e-01 2.557540533818143769e-07 4.446835999724992613e-13 1.607887849695208773e-15 1.228953760746041222e-18
1.712000000000000000e+04 9.999643484053583053e-01 2.517956368157491784e-07 9.536717370646357271e-13 2.420466461968421652e-15 8.196732670379579615e-18
1.712500000000000000e+04 9.999034484447573146e-01 2.514656900185232312e-07 7.878519060165711964e-13 3.117986175944728584e-16 1.826291117837060416e-19
1.713000000000000000e+04 9.999276179446832113e-01 2.499480794153760680e-07 9.220899398430901866e-13 1.226929285501534227e-16 9.599330786166427752e-19
1.713500000000000000e+04 9.999931463975915147e-01 2.463954572078105542e-07 5.781248965662712587e-13 2.126067003759842026e-15 7.830759120111927096e-19
1.714000000000000000e+04 9.999766255869356746e-01 2.444026234421417525e-07 2.251226328919395394e-13 8.337755470948389926e-16 1.991085373652475502e-18
1.714500000000000000e+04 9.999091294211722714e-01 2.445718605258519201e-07 1.942048506452080906e-13 1.243817338155083606e-17 5.690346925690466800e-19
1.715000000000000000e+04 9.999180451783831192e-01 2.436579881286693934e-07 2.807165441203486254e-13 5.216835747867796990e-17 7.872749506457655633e-20
1.715500000000000000e+04 9.999850766111816336e-01 2.382805834971791281e-07 4.325559621802383682e-13 8.873634946402584716e-16 2.918642822648774135e-18
1.716000000000000000e+04 9.999845173951487087e-01 2.341703719835669367e-07 6.656562030604388584e-13 2.421413145991563312e-15 7.143952943573621959e-18
1.716500000000000000e+04 9.999177491838803222e-01 2.323486003494375030e-07 9.527129131948563035e-13 8.560251327625870617e-16 5.422555059519303535e-19
1.717000000000000000e+04 9.999090005300007578e-01 2.322684300462545341e-07 8.665019389978812120e-13 1.944476601500169255e-16 3.878577266485006840e-19
1.717500000000000000e+04 9.999760018903119940e-01 2.283714664036799913e-07 8.388980293499417622e-13 1.431353911530374145e-15 6.381075195268628203e-19
1.718000000000000000e+04 9.999935230055250202e-01 2.258074843942351406e-07 3.140242066086175948e-13 1.556114434476894054e-15 1.967203755368622855e-18
1.718500000000000000e+04 9.999280567605669523e-01 2.244623183529242223e-07 1.835293202084036446e-13 1.501808777463476988e-16 1.072246683210729638e-18
1.719000000000000000e+04 9.999035344401374648e-01 2.249631982708139871e-07 1.729077011922242445e-13 3.776505768367280316e-19 3.731967580753175251e-19
1.719500000000000000e+04 9.999650862973160637e-01 2.204572888143391820e-07 4.358553335912954485e-13 4.220688562031737906e-16 2.166038793000894443e-18
1.720000000000000000e+04 9.999962906328400125e-01 2.161838129498454938e-07 4.275075399078712210e-13 1.826939480651844992e-15 1.807394284426136638e-18
1.720500000000000000e+04 9.999394154899235998e-01 2.131891128889926831e-07 9.701060196259040115e-13 1.776951357042307601e-15 4.498744433435985794e-18
1.721000000000000000e+04 9.999001778889311520e-01 2.134996771339088868e-07 7.677110424534369646e-13 3.568320215332610707e-16 1.498724661785272514e-19
1.721500000000000000e+04 9.999525336452442792e-01 2.104194355900185501e-07 1.057104950186706174e-12 3.653028166744581723e-16 1.318176089108219476e-18
1.722000000000000000e+04 9.999996138351495700e-01 2.070934260842516380e-07 5.161635714288819025e-13 2.256748897774811963e-15 1.343084371044219362e-18
1.722500000000000000e+04 9.999523196151191007e-01 2.046927709336899282e-07 1.679616927039082058e-13 4.306457726158824625e-16 1.328008031659556090e-18
1.723000000000000000e+04 9.999000806267517305e-01 2.050804510654806783e-07 1.402165164836014501e-13 7.638697281964349051e-18 4.065269804368655840e-19
1.723500000000000000e+04 9.999411138562217527e-01 2.023749389050351139e-07 3.539076345079916504e-13 1.383462476982303473e-16 2.125069969685671306e-19
1.724000000000000000e+04 9.999968754248628189e-01 1.978158899588890183e-07 3.557804625910521574e-13 1.138571046714529707e-15 1.723998880866392437e-18
1.724500000000000000e+04 9.999633178639701914e-01 1.943786578574893005e-07 7.453087751711670963e-13 2.159657548437169241e-15 7.315856512600698804e-18
1.725000000000000000e+04 9.999030981077927649e-01 1.939105879560225617e-07 7.987748969197828008e-13 4.808049377004495969e-16 2.131718205595798864e-19
1.725500000000000000e+04 9.999284953034109913e-01 1.924001049135679236e-07 1.071897494538442745e-12 6.124307491067450510e-17 9.835214067197919019e-19
1.726000000000000000e+04 9.999934547493644077e-01 1.884080079739005637e-07 8.069906057830884765e-13 2.065674180652212777e-15 6.050178452309776893e-19
1.726500000000000000e+04 9.999759310887346153e-01 1.855072392883337887e-07 2.154007618921676091e-13 9.974370073472039920e-16 1.705765673405466601e-18
1.727000000000000000e+04 9.999086901434507402e-01 1.846645641219960903e-07 1.383975534411243044e-13 4.842746710335476366e-17 7.833682681638440725e-19
1.727500000000000000e+04 9.999189199504564529e-01 1.838384382848010730e-07 2.189557713210671895e-13 1.380535107531085250e-17 5.269182758677699333e-19
1.728000000000000000e+04 9.999860532418710646e-01 1.793337607255005136e-07 3.876544078533641956e-13 6.032535108259274577e-16 3.100247546276269545e-18
1.728500000000000000e+04 9.999838562283905885e-01 1.758836996174157439e-07 4.549267469520784519e-13 1.847189530471311290e-15 3.525922999417843178e-18
1.729000000000000000e+04 9.999169336359551297e-01 1.741782096518482899e-07 8.670800503035193507e-13 1.070902771455584450e-15 1.998842897866029445e-18
1.729500000000000000e+04 9.999096468889905331e-01 1.739970590478740856e-07 8.833321462788062017e-13 3.893177480481660273e-16 2.148210581143435199e-19
1.730000000000000000e+04 9.999766617952919878e-01 1.700540378821721062e-07 1.099906470457391345e-12 9.143459098953997105e-16 1.266444832502746382e-18
1.730500000000000000e+04 9.999930455653682770e-01 1.667947978441494457e-07 3.905997012153800487e-13 1.963905017520174039e-15 1.811404555467977212e-18
1.731000000000000000e+04 9.999273562136639093e-01 1.645820843783305196e-07 1.263728435291354775e-13 1.978882836501838375e-16 1.079723428953623606e-18
1.731500000000000000e+04 9.999039701202211416e-01 1.646839709114596674e-07 1.266581309260690182e-13 2.699163394541740980e-17 6.839719688970755096e-19
1.732000000000000000e+04 9.999662925387861057e-01 1.610506571498782487e-07 3.861806895622029385e-13 2.489124554911036186e-16 1.123032068150938611e-18
1.732500000000000000e+04 9.999962026917250668e-01 1.575424613736738259e-07 3.001484334593249391e-13 1.287465020699582857e-15 7.885777676008652475e-19
1.733000000000000000e+04 9.999383571026261297e-01 1.549723649532576186e-07 7.608630490035169578e-13 1.658227907072902334e-15 5.927402977223981580e-18
1.733500000000000000e+04 9.999003824776064864e-01 1.551082533704351220e-07 7.129998440128137204e-13 4.677206234520857143e-16 4.998354441364759686e-19
1.734000000000000000e+04 9.999534295408599727e-01 1.521879959590864273e-07 1.232903093757077176e-12 5.281464143829332467e-17 1.952504173947462467e-18
1.734500000000000000e+04 9.999994701737634495e-01 1.484684299156154290e-07 6.946675758003971275e-13 2.458910807398009955e-15 1.003974551611009732e-18
1.735000000000000000e+04 9.999515071637000707e-01 1.454341918156304268e-07 1.335794847383481238e-13 5.169696289230895572e-16 1.402646598852820800e-18
1.735500000000000000e+04 9.999000552099036598e-01 1.451416215007261128e-07 1.012161825503887611e-13 4.568433027015871094e-17 5.310445783037695661e-19
1.736000000000000000e+04 9.999422597566420823e-01 1.430495738522717269e-07 2.905495621102086642e-13 5.371060221345082847e-17 2.017872192603442186e-19
1.736500000000000000e+04 9.999973880351722411e-01 1.393910480599580702e-07 3.066862099868715290e-13 7.640017049379384178e-16 2.421756183952324762e-18
1.737000000000000000e+04 9.999623337137295565e-01 1.366028231001620849e-07 4.952551654789454586e-13 1.661429730519631069e-15 5.122222947837798231e-18
1.737500000000000000e+04 9.999027649861531586e-01 1.360771672828351323e-07 6.913267986518488947e-13 5.828818779154099859e-16 8.996075317519607499e-19
1.738000000000000000e+04 9.999294157782313563e-01 1.346815438604005544e-07 1.084461009668991504e-12 2.634915935089688525e-16 7.633851437804133605e-19
1.738500000000000000e+04 9.999937178783836478e-01 1.306729953329347735e-07 1.046167679265073742e-12 1.642028635581607256e-15 7.317074768896146241e-19
1.739000000000000000e+04 9.999751623465203965e-01 1.273542541436553171e-07 2.440215594321487147e-13 1.360148462493785654e-15 1.824511612072058223e-18
1.739500000000000000e+04 9.999082658722847627e-01 1.258669138269977065e-07 9.678432607185291845e-14 1.038655092038173138e-16 7.782183239774231605e-19
1.740000000000000000e+04 9.999197747304768846e-01 1.251958608538963757e-07 1.653914418407484919e-13 4.225173787077116831e-17 8.364946235047528294e-19
1.740500000000000000e+04 9.999870203457610351e-01 1.217029742228176280e-07 3.594156152400419274e-13 3.630266934581797500e-16 2.060959031901900584e-18
1.741000000000000000e+04 9.999832481714827637e-01 1.190207511581962945e-07 2.781119174481012319e-13 1.292835240089595261e-15 1.014750825250565676e-18
1.741500000000000000e+04 9.999161374893391629e-01 1.175449009886880301e-07 6.682145759205852301e-13 1.042817371452959053e-15 3.575369984259912543e-18
1.742000000000000000e+04 9.999103318425953679e-01 1.173113287602718483e-07 7.723402568487869429e-13 6.140966400552780209e-16 4.165890175963983633e-19
1.742500000000000000e+04 9.999773208604856300e-01 1.136607225689569658e-07 1.295442399976684809e-12 3.422059868428174589e-16 1.905836795335244260e-18
1.743000000000000000e+04 9.999924801208335268e-01 1.102052365579001654e-07 5.164666235515533220e-13 2.396880614369228691e-15 1.528022101735294034e-18
1.743500000000000000e+04 9.999266427648346722e-01 1.075987425041353755e-07 8.912150027623428517e-14 2.476950589942684265e-16 1.153862381466002173e-18
1.744000000000000000e+04 9.999044057316504031e-01 1.074370448643107372e-07 9.292555855377020086e-14 9.095273220846981356e-17 6.057147455687620315e-19
1.744500000000000000e+04 9.999674610883697579e-01 1.047551247326410291e-07 3.390388312777628240e-13 1.111742779677716487e-16 2.109195032998163704e-19
1.745000000000000000e+04 9.999961526869225459e-01 1.021094800848339749e-07 2.301316664237736451e-13 8.616021630429244888e-16 1.164085960482461049e-18
1.745500000000000000e+04 9.999373324688625164e-01 1.000719915785225151e-07 4.951382389939557793e-13 1.290433727261527808e-15 5.817067800885640238e-18
1.746000000000000000e+04 9.999006113404220741e-01 1.000853650047408564e-07 5.588195278330743768e-13 5.001574638878006774e-16 1.008330772828910516e-18
1.746500000000000000e+04 9.999543578320970738e-01 9.753944755347940323e-08 1.273234090220407763e-12 6.596452330467827162e-17 1.659990027038616495e-18
1.747000000000000000e+04 9.999992556594526905e-01 9.391506728254321426e-08 9.021702590008673098e-13 2.297428532486957574e-15 7.116132119317286141e-19
1.747500000000000000e+04 9.999506430710416449e-01 9.076839857063075439e-08 1.307175632127520886e-13 7.394474413411559171e-16 1.789236678414230373e-18
1.748000000000000000e+04 9.999000420361894292e-01 9.007044943852998643e-08 7.610572188117749532e-14 1.057894884012803466e-16 3.397033164114435694e-19
1.748500000000000000e+04 9.999433620367641495e-01 8.861756691023811610e-08 2.337374209335128089e-13 5.250342762313485974e-17 4.342760417651767811e-19
1.749000000000000000e+04 9.999979041246030986e-01 8.594359295887060576e-08 2.942002115374888426e-13 4.648473449043188980e-16 2.304263410432983041e-18
1.749500000000000000e+04 9.999613967136302684e-01 8.387803539237047623e-08 2.717370667711784776e-13 1.145658462884052439e-15 2.617686056978072954e-18
1.750000000000000000e+04 9.999024481603939751e-01 8.337876584099074648e-08 4.990871892690603779e-13 5.517011162258562883e-16 1.424532705307570947e-18
1.750500000000000000e+04 9.999303787167901358e-01 8.220220663921616978e-08 9.543649508120914473e-13 6.406756430531883994e-16 2.129974186581594659e-19
1.751000000000000000e+04 9.999939498770485935e-01 7.861145290303634385e-08 1.251060175042825805e-12 9.451331940945017237e-16 1.265267887156986542e-18
1.751500000000000000e+04 9.999743127074429694e-01 7.540359894072597701e-08 3.207904343791369508e-13 1.866972902903037234e-15 2.028770184025776990e-18
1.752000000000000000e+04 9.999078447978770878e-01 7.369003176034420735e-08 7.155440206697956491e-14 1.601578843104786815e-16 4.833018031075758733e-19
1.752500000000000000e+04 9.999206017182201700e-01 7.321317947933579531e-08 1.248212245223904810e-13 1.327173409375007155e-16 7.343399115925881498e-19
1.753000000000000000e+04 9.999879526657812212e-01 7.077753481354954021e-08 3.413117076647582553e-13 1.716776856039819930e-16 6.964245067836275344e-19
1.753500000000000000e+04 9.999826844591432895e-01 6.890214234131589932e-08 1.724243473384799868e-13 8.626066162931753894e-16 2.489241634045981352e-19
1.754000000000000000e+04 9.999153636630326858e-01 6.775141161451434746e-08 4.181970987376013347e-13 8.168705110331868120e-16 3.752096121161847355e-18
1.754500000000000000e+04 9.999110498856128570e-01 6.751822182546714807e-08 5.668613568847955326e-13 7.451575036631290782e-16 7.637939658704124664e-19
1.755000000000000000e+04 9.999779911933359688e-01 6.448521702945787799e-08 1.378612436175405668e-12 1.497945820209035743e-17 1.964483019888942221e-18
1.755500000000000000e+04 9.999918306583446270e-01 6.135272363119538115e-08 6.877579356020580261e-13 2.579553390241287365e-15 1.105799324782773422e-18
1.756000000000000000e+04 9.999259029155108669e-01 5.885962852728120541e-08 7.499403790986973509e-14 3.497224516859085553e-16 1.033974172293455192e-18
1.756500000000000000e+04 9.999048362023643666e-01 5.857768506764875519e-08 7.304170458159069974e-14 1.673186254797815553e-16 3.026270596086563234e-19
1.757000000000000000e+04 9.999685719666250305e-01 5.683469473215577215e-08 2.949317532485340412e-13 6.132505859756004273e-17 1.426595787811188194e-19
1.757500000000000000e+04 9.999961214682369093e-01 5.506844124434879441e-08 2.188921908764455555e-13 5.366874446906072901e-16 1.689843631389333583e-18
1.758000000000000000e+04 9.999363442873369090e-01 5.362913229491860714e-08 2.497392370815176638e-13 8.678252571815376500e-16 3.775692950108121706e-18
1.758500000000000000e+04 9.999008594520616411e-01 5.357914444675768040e-08 3.540214468229337840e-13 4.259090577045002824e-16 1.146152014516024275e-18
1.759000000000000000e+04 9.999553231494306971e-01 5.159950447356237591e-08 1.168186337305523900e-12 4.419837468591524758e-16 5.697942414752226397e-19
1.759500000000000000e+04 9.999989831202760193e-01 4.855628702607147923e-08 1.109572623749271195e-12 1.700635133632840004e-15 7.928016153813294340e-19
1.760000000000000000e+04 9.999497174870182192e-01 4.582908802275009518e-08 1.678079031858646150e-13 1.134971181992209412e-15 1.930482848686845716e-18
1.760500000000000000e+04 9.999000340931556430e-01 4.502446785829990159e-08 6.492453509087023839e-14 1.744266940918046394e-16 1.163979765539429980e-19
1.761000000000000000e+04 9.999444094118206117e-01 4.416793518795987800e-08 1.863290139217852243e-13 1.433975014624861479e-16 9.022374655817050890e-19
1.761500000000000000e+04 9.999983984848372920e-01 4.247031787178932571e-08 3.050519925059832026e-13 2.295877170195057260e-16 1.402188191046578835e-18
1.762000000000000000e+04 9.999605035562830757e-01 4.113939788829131279e-08 1.282827025263979866e-13 7.492278640281710299e-16 7.000926618977002069e-19
1.762500000000000000e+04 9.999021465414067444e-01 4.074673832797753974e-08 2.830621713686837257e-13 4.094154484391337662e-16 1.411771723558413400e-18
1.763000000000000000e+04 9.999313808420456917e-01 3.987803635289100516e-08 7.216397628408659711e-13 1.017988659566695119e-15 2.661981256638375043e-19
1.763500000000000000e+04 9.999941661333562326e-01 3.711202613889905349e-08 1.380226381906290266e-12 2.786948205458429538e-16 1.925578488101961566e-18
1.764000000000000000e+04 9.999733811165997244e-01 3.453536532432953598e-08 4.505743960744681754e-13 2.306553921768797395e-15 1.813000795983855337e-18
1.764500000000000000e+04 9.999074167300717741e-01 3.302742022884054556e-08 6.282896072474590703e-14 2.265987182625273065e-16 2.456131851029337434e-19
1.765000000000000000e+04 9.999213963680512185e-01 3.275082309447185413e-08 9.779341141685620647e-14 2.398777043056822835e-16 6.457935775156732675e-19
1.765500000000000000e+04 9.999888264154979112e-01 3.131868289006933004e-08 3.249947548515977901e-13 6.846594029700649822e-17 8.090022043867916343e-20
1.766000000000000000e+04 9.999821519701226347e-01 3.021517181587142683e-08 1.484419371766863594e-13 5.531968031906012585e-16 5.869157857207618891e-19
1.766500000000000000e+04 9.999146140386435677e-01 2.945957914552507972e-08 1.913978748422506971e-13 5.273156902957555344e-16 2.613067812112463994e-18
1.767000000000000000e+04 9.999117941100147400e-01 2.927641175283687047e-08 3.309740391076784921e-13 7.260619956668662724e-16 1.589659223092009183e-18
1.767500000000000000e+04 9.999786833807273734e-01 2.714315223309778178e-08 1.331314500703449541e-12 1.487266183507578856e-16 1.308216189655426061e-18
1.768000000000000000e+04 9.999911064773036040e-01 2.482626357757769925e-08 8.893690241750252884e-13 2.296462781629251525e-15 7.238431693000349778e-19
1.768500000000000000e+04 9.999251264386659344e-01 2.294172107117178619e-08 8.903435172131860246e-14 5.681904467451661044e-16 8.615626271863581886e-19
1.769000000000000000e+04 9.999052586391982134e-01 2.267731653944841727e-08 6.717555593086769105e-14 2.416705857123443888e-16 1.797695538873159226e-19
1.769500000000000000e+04 9.999696091734229242e-01 2.176949950357023725e-08 2.534283918628985982e-13 1.225058351261257965e-16 8.730938631462433382e-19
1.770000000000000000e+04 9.999960870614289510e-01 2.081609507397849418e-08 2.495590004881733584e-13 2.840463836598807876e-16 1.555798555017635887e-18
1.770500000000000000e+04 9.999353927053143964e-01 1.999233084377197026e-08 8.721827469159641416e-14 5.403482914938583099e-16 1.324766752570428657e-18
1.771000000000000000e+04 9.999011215997447577e-01 1.993874087097635571e-08 1.623453259151289728e-13 2.859551674278474769e-16 1.248487502449096178e-18
1.771500000000000000e+04 9.999563272288786164e-01 1.867549523234022002e-08 9.504302571166217057e-13 1.037070839754265839e-15 1.476006484949175842e-20
1.772000000000000000e+04 9.999986685831313560e-01 1.665263481201047358e-08 1.282723058365864149e-12 8.628482591136444918e-16 1.352208217361119857e-18
1.772500000000000000e+04 9.999487255754311299e-01 1.483971577519883355e-08 2.537083126078099183e-13 1.616724313423812506e-15 1.612554276509122395e-18
1.773000000000000000e+04 9.999000261010040358e-01 1.422398583278950164e-08 6.862822537505244836e-14 2.565450978478052161e-16 9.177161275258091782e-20
1.773500000000000000e+04 9.999453952363746012e-01 1.385562924134075429e-08 1.498695378677414905e-13 2.757375893463615487e-16 1.445436209355969527e-18
1.774000000000000000e+04 9.999988461203976886e-01 1.303398641864458657e-08 3.212935217132729633e-13 7.967886100016506717e-17 4.558303958039643176e-19
1.774500000000000000e+04 9.999596473096791227e-01 1.238593052937351298e-08 8.581291331957738682e-14 4.883844697777153103e-16 1.031821026506056952e-19
1.775000000000000000e+04 9.999018590095698489e-01 1.216974059859701481e-08 1.071054126217391478e-13 2.370894909025883354e-16 1.377384264300520438e-18
1.775500000000000000e+04 9.999324164925231795e-01 1.167112048978484663e-08 4.564213614376439895e-13 1.240845646815078848e-15 1.916010722208178978e-18
1.776000000000000000e+04 9.999943821402031974e-01 1.007224692242798827e-08 1.407935337936593330e-12 1.310640140775419998e-19 2.104492393472186047e-18
1.776500000000000000e+04 9.999723722702574813e-01 8.591172845371491337e-09 6.304008107084995442e-13 2.411757513275386393e-15 1.128508178264296122e-18
1.777000000000000000e+04 9.999069739836231596e-01 7.695444940540211117e-09 7.428099471945141747e-14 3.430522781157591918e-16 3.006193006293465458e-19
1.777500000000000000e+04 9.999221578808289435e-01 7.591262759439446164e-09 8.673544130209628911e-14 3.279906514928943274e-16 8.093644099970125499e-19
1.778000000000000000e+04 9.999896212600785095e-01 7.014309133969352313e-09 3.039936426535457269e-13 8.164162219638423547e-17 3.261674152291871242e-19
1.778500000000000000e+04 9.999816343456574552e-01 6.575874748535864077e-09 1.885525202391993781e-13 3.194030163013989941e-16 1.113499323629379011e-18
1.779000000000000000e+04 9.999138894978781833e-01 6.254580273598400572e-09 4.619922888868956291e-14 2.990590893441487726e-16 1.447913988362183816e-18
1.779500000000000000e+04 9.999125567128847036e-01 6.161052882355413696e-09 1.344548613833637814e-13 5.927429769934360266e-16 2.953663438434758922e-18
1.780000000000000000e+04 9.999794056184712066e-01 5.139633499349890470e-09 1.169833923962452896e-12 7.448672516963426420e-16 3.755258722363310488e-19
1.780500000000000000e+04 9.999903215677286017e-01 4.059010539136659552e-09 1.096165334522685663e-12 1.563222791896124688e-15 7.598886363522908887e-19
1.781000000000000000e+04 9.999243071704390085e-01 3.221709625672442745e-09 1.408209920206490694e-13 9.141117116442689974e-16 8.872968733597375371e-19
1.781500000000000000e+04 9.999056727106226949e-01 3.094636068926321266e-09 8.012784689294677686e-14 3.356287917991997493e-16 3.359149522916042029e-19
1.782000000000000000e+04 9.999705620559719010e-01 2.836316338084184990e-09 2.165056533624687089e-13 2.538084314934822270e-16 1.544265625690747260e-18
1.782500000000000000e+04 9.999960264380065578e-01 2.551500400215653277e-09 2.945003647741285351e-13 1.051551242979081313e-16 8.982630931216025014e-19
1.783000000000000000e+04 9.999344755419353747e-01 2.310940377380273424e-09 3.427945124669201226e-14 3.473836142658583589e-16 1.220686312715822764e-19
1.783500000000000000e+04 9.999013927844485616e-01 2.308305822188000517e-09 3.700100363071145558e-14 1.538811107656428997e-16 1.503764980447268745e-18
1.784000000000000000e+04 9.999573687378168207e-01 1.853360901213483239e-09 6.825788110298396660e-13 1.612265740232037760e-15 9.540240356613561688e-19
1.784500000000000000e+04 9.999983300665818975e-01 1.202690444609123792e-09 1.390920752473900033e-12 1.764186987861207110e-16 1.991312101868611856e-18
1.785000000000000000e+04 9.999476678979931643e-01 7.167680204842613781e-10 3.947641947139782051e-13 1.978778462218754581e-15 1.060093638573637315e-18
1.785500000000000000e+04 9.999000150416189614e-01 5.558590882125878704e-10 9.350479482537009539e-14 3.756338661303623866e-16 2.364009553635571885e-19
1.786000000000000000e+04 9.999463181214867102e-01 5.120480610515773903e-10 1.300714319679255869e-13 3.877935295345693461e-16 1.630357222092349966e-18
1.786500000000000000e+04 9.999992242982455037e-01 3.832321117466478735e-10 3.273906612163488846e-13 4.131243526752220688e-17 7.704198940375380797e-20
1.787000000000000000e+04 9.999588181140862675e-01 3.066458222440130600e-10 1.278911523681362600e-13 3.091183144633526084e-16 5.329752610361075594e-19
1.787500000000000000e+04 9.999015846031757970e-01 3.211500733815956911e-10 1.334459742445119698e-14 1.119769352298279262e-16 1.373646181539537289e-18
1.788000000000000000e+04 9.999334780313996474e-01 2.195756756446601056e-10 2.323138843245813801e-13 1.255240945911087693e-15 4.336297864365389121e-18
1.788500000000000000e+04 9.999946122427658679e-01 3.361612674009797377e-11 1.331574115384566710e-12 3.187931079864904038e-16 1.387993380142897791e-18
1.789000000000000000e+04 9.999712963099802732e-01 1.359906449937353003e-11 8.462817406130874681e-13 2.030829110397648680e-15 5.243531620987107363e-19
1.789500000000000000e+04 9.999065119800453205e-01 7.499402320345154055e-11 1.156096738114455019e-13 5.425542162193102941e-16 5.800154613805068782e-19
1.790000000000000000e+04 9.999228893723773881e-01 8.413774857634062370e-11 1.011381308571756988e-13 4.198045741315438208e-16 1.010796636479154873e-18
1.790500000000000000e+04 9.999903220184617192e-01 1.335120933144216124e-10 2.778119352188046109e-13 1.841860609239952293e-16 8.632958835664316730e-19
1.791000000000000000e+04 9.999811133164399068e-01 1.909078846319922862e-10 2.559303220066569572e-13 1.399119103159092752e-16 1.144587732304104107e-18
1.791500000000000000e+04 9.999131900495675795e-01 3.096562697820067589e-10 4.783953560328238035e-15 1.793006043219661280e-16 7.456153263319299074e-19
1.792000000000000000e+04 9.999133295682778311e-01 3.301418004186398969e-10 2.612776546869284937e-14 4.338441477428023225e-16 3.669128350575059664e-18
1.792500000000000000e+04 9.999801630163195343e-01 5.414197111724165681e-10 9.382206060392771136e-13 1.587041405510105261e-15 3.437369542091823672e-20
1.793000000000000000e+04 9.999894935893040016e-01 1.006495124099428703e-09 1.276731128565427933e-12 6.735632825413783618e-16 1.335370890821370051e-18
1.793500000000000000e+04 9.999234434448357467e-01 1.559013896608722835e-09 2.417790732190775935e-13 1.293446811324619464e-15 1.059682793751379221e-18
1.794000000000000000e+04 9.999060807932454997e-01 1.660330472718984259e-09 1.233633820635814326e-13 4.933601988765490247e-16 6.005382549872834234e-19
1.794500000000000000e+04 9.999714262015845234e-01 1.801283800113029867e-09 1.922734618164674011e-13 3.810077195033978300e-16 1.637284794389599759e-18
1.795000000000000000e+04 9.999959173869036322e-01 1.976636730152237652e-09 3.264864573896238342e-13 2.259471722193238455e-17 2.717169135173671223e-19
1.795500000000000000e+04 9.999335886273021945e-01 2.240351424178956718e-09 7.546002482665463472e-14 2.411367513406245408e-16 7.071063060644214588e-20
1.796000000000000000e+04 9.999016686218302752e-01 2.333498459210214178e-09 7.719064569479174714e-16 8.170271140528266549e-17 1.302417342821828548e-18
1.796500000000000000e+04 9.999584433715241749e-01 2.709356771531700808e-09 4.341905806735245056e-13 1.963130873050066648e-15 3.123221576178589289e-18
1.797000000000000000e+04 9.999979861593830677e-01 3.662525852225236707e-09 1.414607616400613802e-12 2.844819312930301805e-17 2.024566069286455680e-18
1.797500000000000000e+04 9.999465503861778570e-01 4.796184887017453832e-09 5.885014208499129720e-13 1.998002276798088634e-15 5.550787381189677454e-19
1.798000000000000000e+04 9.999000004387902374e-01 5.302548201065270801e-09 1.507507010875511988e-13 5.456304821723232187e-16 4.087821689424583651e-19
1.798500000000000000e+04 9.999471820996418403e-01 5.379342803499102017e-09 1.401543241923851182e-13 4.791471322146229898e-16 1.398507131463042737e-18
1.799000000000000000e+04 9.999995144264743896e-01 5.694944739396951216e-09 3.165941868991567946e-13 1.008370209175011155e-16 3.204452048903200540e-19
1.799500000000000000e+04 9.999580040442237472e-01 6.028782443952981223e-09 2.106474608622772427e-13 1.650148069161134242e-16 8.454293734199835908e-19
1.800000000000000000e+04 9.999013227170894247e-01 6.309085768255567235e-09 8.286479820832142287e-15 6.121548942891758077e-17 9.037778807628091551e-19
1.800500000000000000e+04 9.999345564050691193e-01 6.591351405745395140e-09 9.979770338879248737e-14 1.112861113724751027e-15 5.630955428630995555e-18
1.801000000000000000e+04 9.999948684729620396e-01 7.944086153242245283e-09 1.171504069732725840e-12 1.169672474417457264e-15 3.250473532823371065e-19
1.801500000000000000e+04 9.999701680873798182e-01 9.617400638128306021e-09 1.071593894047762510e-12 1.260700349594913112e-15 4.767861466766900899e-19
1.802000000000000000e+04 9.999060295590906922e-01 1.088819259337176186e-08 1.988741718204834761e-13 8.007263176088805242e-16 7.821327425040923575e-19
1.802500000000000000e+04 9.999235977308461587e-01 1.092572741228607442e-08 1.571087245036450027e-13 5.915365204178998330e-16 1.040744223278469229e-18
1.803000000000000000e+04 9.999909199171500562e-01 1.131365022897694312e-08 2.544725466840891291e-13 3.052300416372451863e-16 1.321101898953304839e-18
1.803500000000000000e+04 9.999805702028244925e-01 1.165080029554814085e-08 3.103383410031422240e-13 3.023052812118740194e-17 6.057633339343052702e-19
1.804000000000000000e+04 9.999125150196216394e-01 1.218242064083118971e-08 4.895462012843769754e-14 1.373389137089265790e-16 2.312054433956768369e-19
1.804500000000000000e+04 9.999141048109760899e-01 1.232317866416530795e-08 1.708614122381291202e-14 3.221723963673735585e-16 2.806670417314345149e-18
1.805000000000000000e+04 9.999809571831217436e-01 1.378386845825812932e-08 6.927049539510757514e-13 2.354836646847235777e-15 1.398340465794740946e-18
1.805500000000000000e+04 9.999886424927453277e-01 1.596389301721019295e-08 1.399304951911296463e-12 7.210722904124461939e-17 1.918289123495484853e-18
1.806000000000000000e+04 9.999225381672101065e-01 1.812160275855286556e-08 3.970845957573361022e-13 1.528592420415296428e-15 9.796721882615227865e-19
1.806500000000000000e+04 9.999064878551850999e-01 1.850540241572575743e-08 2.105850689572609422e-13 7.324694411355609841e-16 7.155451728396682076e-19
1.807000000000000000e+04 9.999722038211494857e-01 1.875411071837455430e-08 1.959188949513953292e-13 4.764911144301131504e-16 1.556775791779324204e-18
1.807500000000000000e+04 9.999957403335971717e-01 1.913670941738619620e-08 3.292623773199791967e-13 3.701456470554583459e-17 6.519086173995319279e-20
1.808000000000000000e+04 9.999327262771715574e-01 1.978653423854002972e-08 1.639064162373989873e-13 1.590385190602917438e-16 2.425280564559401767e-19
1.808500000000000000e+04 9.999019457137241496e-01 2.000763261049558350e-08 4.017707148371861065e-14 7.021576860606715853e-17 5.420362289014085776e-19
1.809000000000000000e+04 9.999595441458615230e-01 2.116286382637777254e-08 2.579625868897699423e-13 2.008454649290829506e-15 5.786270926886982401e-18
1.809500000000000000e+04 9.999976545198533406e-01 2.380989633285062883e-08 1.350117525724412602e-12 5.781001219911157342e-16 1.220313528982406385e-18
1.810000000000000000e+04 9.999453838653863391e-01 2.670847629945678847e-08 8.170264896048615330e-13 1.586293762433035668e-15 2.121356499311639018e-19
1.810500000000000000e+04 9.998999843603513238e-01 2.802213117586716761e-08 2.501301602565936444e-13 7.380998239423747119e-16 4.052224222654570443e-19
1.811000000000000000e+04 9.999479963582270647e-01 2.799389774808918175e-08 1.983648937409748230e-13 6.373818362184205963e-16 1.289134055975901502e-18
1.811500000000000000e+04 9.999997035820591407e-01 2.846368450662571306e-08 2.941428205103437494e-13 1.983921552660401964e-16 8.260195040868722509e-19
1.812000000000000000e+04 9.999571921022244458e-01 2.901179834674632119e-08 2.827981364366256495e-13 5.523664999735328952e-17 5.632640389566211951e-19
1.812500000000000000e+04 9.999010732848500060e-01 2.957225208253878074e-08 6.486939058282489024e-14 6.036137115897948665e-17 2.393576713452076191e-19
1.813000000000000000e+04 9.999356417849571965e-01 3.018455359093063157e-08 7.050797679868336484e-14 9.105849300825566575e-16 5.226942187742519653e-18
1.813500000000000000e+04 9.999951595651580538e-01 3.306961494044712256e-08 9.639357153667767511e-13 2.234347458714922485e-15 3.486796964214558810e-19
1.814000000000000000e+04 9.999690060153213489e-01 3.651367218120692300e-08 1.269236081602105414e-12 4.452810296900653477e-16 8.931252411799036520e-19
1.814500000000000000e+04 9.999055289608421715e-01 3.913115752622830611e-08 3.295659486791285365e-13 1.021783290267798170e-15 6.211881217815602079e-19
1.815000000000000000e+04 9.999242931338621077e-01 3.909385481122311962e-08 2.698810667403470496e-13 9.046901984503767028e-16 1.047471485071496139e-18
1.815500000000000000e+04 9.999914132867823158e-01 3.950044056679102228e-08 2.496191154122503935e-13 3.996945293186668663e-16 1.694516507585916567e-18
1.816000000000000000e+04 9.999799874244522657e-01 3.987427734991304526e-08 3.243220419187499509e-13 5.305735241908013073e-18 9.987380209444112667e-20
1.816500000000000000e+04 9.999118632448353861e-01 4.076186296917568091e-08 1.325997965662547044e-13 1.150685430974534507e-16 4.506866801237283835e-20
1.817000000000000000e+04 9.999148754005713347e-01 4.101070179612153209e-08 8.049526335223839615e-14 2.706001939606319890e-16 1.243726488700321670e-18
1.817500000000000000e+04 9.999817860843797090e-01 4.363016387586742771e-08 4.834457811986401953e-13 2.778548911384752190e-15 4.802569798117999089e-18
1.818000000000000000e+04 9.999877889297038580e-01 4.753886420523217490e-08 1.438944561696424867e-12 1.163293142067194858e-16 1.810688408362617508e-18
1.818500000000000000e+04 9.999215985151134189e-01 5.137074719126158728e-08 5.961342831447371171e-13 1.462703697572527288e-15 4.906091981874858639e-19
1.819000000000000000e+04 9.999069010631456145e-01 5.204936657093929167e-08 3.481727797161726921e-13 9.999087224599542103e-16 5.979239765305118149e-19
1.819500000000000000e+04 9.999729035518413189e-01 5.209974441867767991e-08 2.457188520962372608e-13 6.149969768216508027e-16 1.901922435749318887e-18
1.820000000000000000e+04 9.999954799430690322e-01 5.241565813032840132e-08 3.035058243890858690e-13 1.034434284146183717e-16 2.974858674192473991e-19
1.820500000000000000e+04 9.999318818038273049e-01 5.330472621018297908e-08 2.437932443567232152e-13 7.886651670740176618e-17 3.569691244368821679e-19
1.821000000000000000e+04 9.999022219607790474e-01 5.367185339894894663e-08 1.154279596318145157e-13 8.195517195529537686e-17 7.541107042989166492e-20
1.821500000000000000e+04 9.999606619061451873e-01 5.548377680118614131e-08 1.744261276361334119e-13 1.795261591782667496e-15 8.012408743063136787e-18
1.822000000000000000e+04 9.999973504423992354e-01 5.976522198225496823e-08 1.210263430322201728e-12 1.649828190156854499e-15 3.510886474074835806e-19
1.822500000000000000e+04 9.999441832024437149e-01 6.441376694552910991e-08 1.044739865426026987e-12 8.911327191350773729e-16 2.324297475170688516e-19
1.823000000000000000e+04 9.998999711456395545e-01 6.659040640554360554e-08 3.905253944594170531e-13 8.790903514905062248e-16 2.147273547717177977e-19
1.823500000000000000e+04 9.999487745366121283e-01 6.623013547730228970e-08 3.193318632926387823e-13 9.762042905631403709e-16 1.838434371980762142e-18
1.824000000000000000e+04 9.999997855364772814e-01 6.654899592246699262e-08 2.757638284801707935e-13 2.787073686787102724e-16 1.232175705238587187e-18
1.824500000000000000e+04 9.999563692798646430e-01 6.709750921832772047e-08 3.071272919262874565e-13 3.021471459811804848e-18 2.099323667331906661e-19
1.825000000000000000e+04 9.999008369096946680e-01 6.793160920393328046e-08 1.382726201893942532e-13 6.720921155645143908e-17 1.122971579107631556e-19
1.825500000000000000e+04 9.999367242287087176e-01 6.878355848765257797e-08 1.181017852549613563e-13 7.194538421127044828e-16 3.968124234198525004e-18
1.826000000000000000e+04 9.999954902624899056e-01 7.306258850797088446e-08 7.498575221806129248e-13 3.095836156020648093e-15 2.460825524356037218e-18
1.826500000000000000e+04 9.999678305905723708e-01 7.819340224368253129e-08 1.398732029084903618e-12 1.513562014566935460e-17 1.365482875669832519e-18
1.827000000000000000e+04 9.999050155138843321e-01 8.216871591496170531e-08 4.971178616813323040e-13 1.086983755559628456e-15 2.439287945928798417e-19
1.827500000000000000e+04 9.999249882767100583e-01 8.194432099775717141e-08 4.423470206676148619e-13 1.322210281561830002e-15 1.365104490102862374e-18
1.828000000000000000e+04 9.999918076504834552e-01 8.204702113849634897e-08 2.814596051273740594e-13 5.159695280719439437e-16 2.063677107608402937e-18
1.828500000000000000e+04 9.999793499410414288e-01 8.220937056814750551e-08 2.933117586395939203e-13 4.131509058045936789e-17 9.077069947803211381e-20
1.829000000000000000e+04 9.999112332749098275e-01 8.337143868219081972e-08 2.042157147082836877e-13 7.926466909754550575e-17 3.188703097725349371e-19
1.829500000000000000e+04 9.999156356140218582e-01 8.369957635453678276e-08 1.670666647773283988e-13 2.413315544958648651e-16 3.253315466357336305e-19
1.830000000000000000e+04 9.999826441716626046e-01 8.728649407948979058e-08 3.405205657638889163e-13 2.749214404215371682e-15 8.685713937685448148e-18
1.830500000000000000e+04 9.999869525713085405e-01 9.278191341032980381e-08 1.384292471223114292e-12 8.665199904296686021e-16 1.032383771752431385e-18
1.831000000000000000e+04 9.999206352904422834e-01 9.820557218348384883e-08 8.076173483624481824e-13 1.081772895510586568e-15 8.857886800308352556e-20
1.831500000000000000e+04 9.999073291395295104e-01 9.914918853841314814e-08 5.254386657372348057e-13 1.177261811575958108e-15 4.805956785735431757e-19
1.832000000000000000e+04 9.999735397713741536e-01 9.870839922602944925e-08 3.546833897554865593e-13 9.363459290503614158e-16 2.710821861101489735e-18
1.832500000000000000e+04 9.999951263440380878e-01 9.868772005196869409e-08 2.658722947562146961e-13 1.622863901096418341e-16 6.637851225675166081e-19
1.833000000000000000e+04 9.999310480985060812e-01 9.965286166117244939e-08 2.742785004722593039e-13 1.979842829992349516e-17 4.328915387380728887e-19
1.833500000000000000e+04 9.999024967853828993e-01 1.001696773115977813e-07 1.806238767868090093e-13 7.956429200881728215e-17 2.167756032729148502e-19
1.834000000000000000e+04 9.999617859245647500e-01 1.024538629085306373e-07 1.702138817910183103e-13 1.438246260993808086e-15 8.427862867042347002e-18
1.834500000000000000e+04 9.999970856360226312e-01 1.081670311019014236e-07 1.020917562604221791e-12 2.810278663703599622e-15 7.302852372219268204e-19
1.835000000000000000e+04 9.999429660757956917e-01 1.143929412443472555e-07 1.223846098893939615e-12 2.556730984641633560e-16 8.041953124201956267e-19
1.835500000000000000e+04 9.998999668924373196e-01 1.174006998764026238e-07 5.528648585680721929e-13 8.893493473045140205e-16 1.116811200261369429e-19
1.836000000000000000e+04 9.999495336867056938e-01 1.165004636498739350e-07 5.029421944588921995e-13 1.516230455172536605e-15 2.894029057427788791e-18
1.836500000000000000e+04 9.999997611950552923e-01 1.163764777094632483e-07 2.816487006978158284e-13 3.611446747438747452e-16 1.517810307081216024e-18
1.837000000000000000e+04 9.999555236062623864e-01 1.167121468893097844e-07 2.744788162009625997e-13 1.075295679717345114e-17 1.215187872304557707e-19
1.837500000000000000e+04 9.999006149224674012e-01 1.177935082194542106e-07 1.873185580496562046e-13 5.779497863029081544e-17 3.453739792922666044e-19
1.838000000000000000e+04 9.999377943448031214e-01 1.187659587037942622e-07 1.940023647919719554e-13 5.550497146039353911e-16 2.470651605335071014e-18
1.838500000000000000e+04 9.999958609393915232e-01 1.241806360418536401e-07 5.639313623468735207e-13 3.437735148019498247e-15 6.082526906390426678e-18
1.839000000000000000e+04 9.999666627381138539e-01 1.307620905259068474e-07 1.427229980472658794e-12 2.473216373353687173e-16 1.497429161867344356e-18
1.839500000000000000e+04 9.999044970609787253e-01 1.359816690352419671e-07 6.710432389932160890e-13 9.396390212587782458e-16 5.208538990854409647e-20
1.840000000000000000e+04 9.999256973257957259e-01 1.354595227663639743e-07 6.558078030050786562e-13 1.682503202774433311e-15 1.883641781832618849e-18
1.840500000000000000e+04 9.999921152151822756e-01 1.349627088630990597e-07 3.628635506636587187e-13 7.894199562663832848e-16 2.571978865585622232e-18
1.841000000000000000e+04 9.999786464505131534e-01 1.346822540368294784e-07 2.357968383646627460e-13 8.415868252430527180e-17 2.889548604641726279e-19
1.841500000000000000e+04 9.999106235396137965e-01 1.360191246620715457e-07 2.290444677750418910e-13 3.726109877045238366e-17 4.999908492604596145e-19
1.842000000000000000e+04 9.999163814681241158e-01 1.363846266087013876e-07 2.283662198294354125e-13 1.922310017175735735e-16 1.196649759022809063e-19
1.842500000000000000e+04 9.999835227563099727e-01 1.406626892280138352e-07 2.686136811154938469e-13 2.335922458806644209e-15 1.054599097378479677e-17
1.843000000000000000e+04 9.999861505290663644e-01 1.474617844171568819e-07 1.241862408500582648e-12 2.030885305667857343e-15 3.984176806963055321e-19
1.843500000000000000e+04 9.999196619842157796e-01 1.542533377530546978e-07 9.839373099604909055e-13 5.600042972477941117e-16 2.262132627077771556e-19
1.844000000000000000e+04 9.999077815132967340e-01 1.553945348199697944e-07 7.108196040642599177e-13 1.147090221690452034e-15 4.608258140215461892e-19
1.844500000000000000e+04 9.999741314376431323e-01 1.542096209523460893e-07 5.212589599931216658e-13 1.521657078770210905e-15 3.608079988746424470e-18
1.845000000000000000e+04 9.999946758660538393e-01 1.536110286068332306e-07 2.415827338440531210e-13 2.063275747846745585e-16 8.915236842767140765e-19
1.845500000000000000e+04 9.999302181985261218e-01 1.544858553644331209e-07 2.448075064658388245e-13 4.093443352979876444e-18 2.931475931845100155e-19
1.846000000000000000e+04 9.999027712487231767e-01 1.551419402317270067e-07 2.043320745074416223e-13 5.496079875317670104e-17 3.325007709356698729e-19
1.846500000000000000e+04 9.999629046109957953e-01 1.576675206739789928e-07 2.091155214647846415e-13 1.048339703815943492e-15 6.358840612187009196e-18
1.847000000000000000e+04 9.999968673058716728e-01 1.644855197705905367e-07 8.146462422683491995e-13 3.583772757137007381e-15 2.980908788239858304e-18
1.847500000000000000e+04 9.999417515427639902e-01 1.719764869328693275e-07 1.307585012438240985e-12 3.704157383739742542e-17 1.494841172835775030e-18
1.848000000000000000e+04 9.998999787656490668e-01 1.757020935114501275e-07 7.007069325047515997e-13 7.459913596597975921e-16 1.516611810326277064e-19
1.848500000000000000e+04 9.999502929033481369e-01 1.740921433412926402e-07 7.267207754303920089e-13 2.103968646852882801e-15 3.627811635328310057e-18
1.849000000000000000e+04 9.999996384240611436e-01 1.732735692815713196e-07 3.279379122593653350e-13 5.613583049298456373e-16 2.005308718616889892e-18
1.849500000000000000e+04 9.999546451160060689e-01 1.732017187443007424e-07 2.048699816803321347e-13 4.336775250880063140e-17 9.089883397033901200e-20
1.850000000000000000e+04 9.999004093524085368e-01 1.744857879128268003e-07 1.915262945399153019e-13 3.730958119697615740e-17 3.007718424339115298e-19
1.850500000000000000e+04 9.999388438966441139e-01 1.754414961111358728e-07 2.501396271675776895e-13 3.995449090746986824e-16 9.826817031051443159e-19
1.851000000000000000e+04 9.999962675545530644e-01 1.816359286573526006e-07 4.268978407449566318e-13 3.178797157037548460e-15 9.404674688536440406e-18
1.851500000000000000e+04 9.999655220975480763e-01 1.893034105332870362e-07 1.340975502039629516e-12 1.089252214638901381e-15 1.093166150785444853e-18
1.852000000000000000e+04 9.999039831819125368e-01 1.955429239816613479e-07 8.068246567791467424e-13 6.436887604997128542e-16 6.593073028943068212e-20
1.852500000000000000e+04 9.999264346991773023e-01 1.946254752340163700e-07 8.690454872017458916e-13 1.774557051313955246e-15 1.894492580801875836e-18
1.853000000000000000e+04 9.999923538488676433e-01 1.932877207925703634e-07 4.936835795816981967e-13 1.342983481552311365e-15 3.468375814677826494e-18
1.853500000000000000e+04 9.999778702568420385e-01 1.923704546762896874e-07 1.839398483110391700e-13 1.036477959376491149e-16 3.174055778125283525e-19
1.854000000000000000e+04 9.999100325028709157e-01 1.937713673279988211e-07 2.013882650891013887e-13 1.399239426059672973e-17 2.572625848178650809e-19
1.854500000000000000e+04 9.999171110316321665e-01 1.941235411051018079e-07 2.371714681864736937e-13 1.165162773581514425e-16 8.068837128643115030e-20
1.855000000000000000e+04 9.999844105679449591e-01 1.987545253622197493e-07 2.510852195186162959e-13 1.719974559871402645e-15 9.378856837004554842e-18
1.855500000000000000e+04 9.999853960016151788e-01 2.064603358114859471e-07 1.036074066885890705e-12 3.104650733897341603e-15 8.389833804465991702e-19
1.856000000000000000e+04 9.999186936267471237e-01 2.142779528325865813e-07 1.075325170155321156e-12 1.792913646617978283e-16 6.036595686528513167e-19
1.856500000000000000e+04 9.999082673486027195e-01 2.155211741096922595e-07 8.579550942265327799e-13 8.843084966750390850e-16 2.796898795416822304e-19
1.857000000000000000e+04 9.999747005834118685e-01 2.134023252417257679e-07 7.239068511598387794e-13 2.273357184116789792e-15 4.326596330305211672e-18
1.857500000000000000e+04 9.999941312301914298e-01 2.120354299553985840e-07 2.535794399904922351e-13 3.209465364333753039e-16 1.164738143879785631e-18
1.858000000000000000e+04 9.999293858497297904e-01 2.126633216017904422e-07 1.759221705605776578e-13 2.361890826485578635e-17 5.483201772671223867e-20
1.858500000000000000e+04 9.999030480344726080e-01 2.134349809412720185e-07 1.813103346372022218e-13 2.748546829218608675e-17 1.663514489704810612e-19
1.859000000000000000e+04 9.999640062356164316e-01 2.159442965883513414e-07 2.500304260411318967e-13 6.939024344331768649e-16 3.139635617621561677e-18
1.859500000000000000e+04 9.999966976045699951e-01 2.234455161567888086e-07 6.231531042135061727e-13 3.682369128596612582e-15 6.311995452489277230e-18
1.860000000000000000e+04 9.999405584574703187e-01 2.317804368676163987e-07 1.266957584061103137e-12 3.914582007433736407e-16 1.512959217867072039e-18
1.860500000000000000e+04 9.999000142088759757e-01 2.360440224289077519e-07 7.904309162863055743e-13 5.199305536854175835e-16 1.037363855077022091e-19
1.861000000000000000e+04 9.999510717694263251e-01 2.336091584631066629e-07 9.469250125338920229e-13 2.456352926646153555e-15 3.378862618535221069e-18
1.861500000000000000e+04 9.999994313183219186e-01 2.319081692452582232e-07 4.190111616432191184e-13 1.022755982631191721e-15 3.025400795920688105e-18
1.862000000000000000e+04 9.999537266098793564e-01 2.312690928172922646e-07 1.360863231560533888e-13 5.910327923234079413e-17 6.669645906049413488e-20
1.862500000000000000e+04 9.999002228073040621e-01 2.326956371773907102e-07 1.567572000858019694e-13 2.412303221004788241e-17 9.363079298374436087e-20
1.863000000000000000e+04 9.999398663671389409e-01 2.334916457507460468e-07 2.585207192371675815e-13 2.435086518116574107e-16 9.535988145144871660e-20
1.863500000000000000e+04 9.999967019015678638e-01 2.400427786606836238e-07 3.431773546231681236e-13 2.476728383121863204e-15 1.071659346312656720e-17
1.864000000000000000e+04 9.999644254692351408e-01 2.483381018866602248e-07 1.152554755966395887e-12 2.166086929786633065e-15 5.922545429447734799e-19
1.864500000000000000e+04 9.999034843023978381e-01 2.552871538930972466e-07 8.608960338221655001e-13 3.644425127379315944e-16 9.204538181477741054e-20
1.865000000000000000e+04 9.999272137183137232e-01 2.539015277355024755e-07 1.028354968178603581e-12 1.482383902425039604e-15 1.080946506431739913e-18
1.865500000000000000e+04 9.999925456159949322e-01 2.515582608017120774e-07 6.569029401733956747e-13 2.153849342472020093e-15 4.822728517212646539e-18
1.866000000000000000e+04 9.999770197201183208e-01 2.498652028292906900e-07 1.690161582500190442e-13 1.434833203145024595e-16 4.429123941344707712e-19
1.866500000000000000e+04 9.999094587760500863e-01 2.512160418676882502e-07 1.427528984523291508e-13 1.939259253724169900e-17 4.305477223770817276e-20
1.867000000000000000e+04 9.999178245966729994e-01 2.515002075617266861e-07 1.962638307544229170e-13 4.398921982708483843e-17 1.391863995426521255e-19
1.867500000000000000e+04 9.999852944611276051e-01 2.561125471319537667e-07 2.605434488228499341e-13 1.096065310510542038e-15 6.397029707663750024e-18
1.868000000000000000e+04 9.999846972614981899e-01 2.642506961276477963e-07 8.042590581720412017e-13 3.627825411966102156e-15 2.776046400090019600e-18
1.868500000000000000e+04 9.999177455094034883e-01 2.726687100360553320e-07 1.048737037568365325e-12 1.650315032826295619e-16 7.481526254376001831e-19
1.869000000000000000e+04 9.999087945618364559e-01 2.739035811576193890e-07 9.209547692141571283e-13 5.062434427901372129e-16 1.305606030083718710e-20
1.869500000000000000e+04 9.999752705577614753e-01 2.707420511046688966e-07 9.232676500759370577e-13 2.905077505179727284e-15 4.768173640657030592e-18
1.870000000000000000e+04 9.999935011948153374e-01 2.684858061283689256e-07 3.126751124199244257e-13 6.447987127204853220e-16 1.979674782618977759e-18
1.870500000000000000e+04 9.999285459684275068e-01 2.687322781449086527e-07 1.064437759069857268e-13 4.427323958748254302e-17 4.624643839891537376e-20
1.871000000000000000e+04 9.999033312921323802e-01 2.695839145516104269e-07 1.309964491935031110e-13 1.877650994192696286e-17 9.758155697251794868e-20
1.871500000000000000e+04 9.999650796967362032e-01 2.718149280140636910e-07 2.639177027558781108e-13 4.038107381108504125e-16 8.923266378737093888e-19
1.872000000000000000e+04 9.999965734577338505e-01 2.795199286882802401e-07 4.703817115984856580e-13 3.123825034071507781e-15 9.045184175787009595e-18
1.872500000000000000e+04 9.999394039455290484e-01 2.882089277514335101e-07 1.103934343519281238e-12 1.168045786655995831e-15 8.416862195313080374e-19
1.873000000000000000e+04 9.999000801489972279e-01 2.927855520735760626e-07 7.879692084742413810e-13 3.506727893958512477e-16 8.458370098849341682e-20
1.873500000000000000e+04 9.999518886749579893e-01 2.894773204215770211e-07 1.109805451678785967e-12 2.327547100632938854e-15 2.339397080387486930e-18
1.874000000000000000e+04 9.999991589962869964e-01 2.867883523793720214e-07 5.437703045334702645e-13 1.786787628423738788e-15 4.559770610546974373e-18
1.874500000000000000e+04 9.999527641650910459e-01 2.854713813863737693e-07 1.055476382206780809e-13 5.963822432974702424e-17 1.929246401732343078e-19
1.875000000000000000e+04 9.999000582738013509e-01 2.869680954347937178e-07 1.082439240278259151e-13 2.745759533516671196e-17 1.143645937756740363e-19
1.875500000000000000e+04 9.999408574383242820e-01 2.874689253088188794e-07 2.198329428940576615e-13 1.066246714978671267e-16 1.176573750769650640e-19
1.876000000000000000e+04 9.999971521336726843e-01 2.939225299042033728e-07 3.035802145336849549e-13 1.617639152919104195e-15 9.449718781052470655e-18
1.876500000000000000e+04 9.999633854836887936e-01 3.023360408931897588e-07 9.001654365137112996e-13 2.978583161619221612e-15 9.754755654749853512e-19
1.877000000000000000e+04 9.999030107441427839e-01 3.096302077794842505e-07 8.088284975331261186e-13 2.726622056342060801e-16 2.644395881637145220e-19
1.877500000000000000e+04 9.999280453176478956e-01 3.077386813867227996e-07 1.085880765856278923e-12 8.997225442249858614e-16 1.938753477893188205e-19
1.878000000000000000e+04 9.999927150259367847e-01 3.043179484480327130e-07 8.209862223144951944e-13 2.988336045794364277e-15 6.161923186972088420e-18
1.878500000000000000e+04 9.999760982472717386e-01 3.017788160702484520e-07 2.080430225367057590e-13 3.138992062282696210e-16 1.098657927178109620e-18
1.879000000000000000e+04 9.999089012008151034e-01 3.029705058920136240e-07 8.811031988657468424e-14 3.790483510600345704e-17 1.126134413396677358e-19
1.879500000000000000e+04 9.999185247173435487e-01 3.031330992254354966e-07 1.330004607460743335e-13 9.106934193299435574e-18 2.876400106706851882e-19
1.880000000000000000e+04 9.999861602670804261e-01 3.073538177880866921e-07 2.711277438848688979e-13 5.962482526341618646e-16 3.397557339436530820e-18
1.880500000000000000e+04 9.999840570370559512e-01 3.154145936301633712e-07 5.873867583870460833e-13 3.413577948568412422e-15 5.648235459105693456e-18
1.881000000000000000e+04 9.999168319155823381e-01 3.239640100780173311e-07 9.032519965981083127e-13 5.439287244738776779e-16 6.759219453868130066e-19
1.881500000000000000e+04 9.999093689332928525e-01 3.250806559482396634e-07 8.731849871805632569e-13 2.295387256570841674e-16 2.043982663008822443e-19
1.882000000000000000e+04 9.999758641239331336e-01 3.208595735455281968e-07 1.072436660748066515e-12 3.077727826060294943e-15 4.623621407383197721e-18
1.882500000000000000e+04 9.999927997329617346e-01 3.176750272346626259e-07 4.126405623328455676e-13 1.261608019213308034e-15 3.494282754199382689e-18
1.883000000000000000e+04 9.999276949976119155e-01 3.174390637898038591e-07 7.387074733177894567e-14 4.313514260974861811e-17 1.321706853826030975e-19
1.883500000000000000e+04 9.999036263388293433e-01 3.183255266671189560e-07 8.491895129288318924e-14 3.115517152102126005e-17 1.651790591903142444e-19
1.884000000000000000e+04 9.999661152790054741e-01 3.200353591195516582e-07 2.432714183436244449e-13 1.893828242837741696e-16 2.387478923701669025e-19
1.884500000000000000e+04 9.999964867573252203e-01 3.274481828552566910e-07 3.679520296846142308e-13 2.184185877417551859e-15 9.774368654601154469e-18
1.885000000000000000e+04 9.999383020390666399e-01 3.359772995965420817e-07 8.546833514156693984e-13 1.987046028294125506e-15 2.870556285717650543e-19
1.885500000000000000e+04 9.999001822793595062e-01 3.406220117960830465e-07 6.848932748793862171e-13 3.624058208479118469e-16 3.775000991437620182e-19
1.886000000000000000e+04 9.999527591660116732e-01 3.364655794553472818e-07 1.169652581628654693e-12 1.693862426275718871e-15 1.148199605136058291e-18
1.886500000000000000e+04 9.999988440413296598e-01 3.327762375785713612e-07 6.776622011698380811e-13 2.695384636025760945e-15 6.149968523806368800e-18
1.887000000000000000e+04 9.999517573329103071e-01 3.307305459385990246e-07 1.338276284407362537e-13 1.109071545039411577e-16 4.071541420724561577e-19
1.887500000000000000e+04 9.998999188567022633e-01 3.322181060401056913e-07 7.566272489222676784e-14 4.022555155108308325e-17 1.787588813644118085e-19
1.888000000000000000e+04 9.999418153326087300e-01 3.323085699528562008e-07 1.588472185541871383e-13 2.208969709798269390e-17 4.179322250024475198e-19
1.888500000000000000e+04 9.999976035246261885e-01 3.382182650256135616e-07 2.914514018312637102e-13 8.662119404998924524e-16 6.425568205260689391e-18
1.889000000000000000e+04 9.999624096741138723e-01 3.462340959906287247e-07 6.377576712340865570e-13 3.172696772917366437e-15 2.524439786542761623e-18
1.889500000000000000e+04 9.999025718284998421e-01 3.534903770934383371e-07 6.582492140741961924e-13 4.333426591517310856e-16 6.080587173925856452e-19
1.890000000000000000e+04 9.999289368854382687e-01 3.510982611780679303e-07 1.019103281935895746e-12 3.183169926317255348e-16 5.517729427235762808e-20
1.890500000000000000e+04 9.999928870715716345e-01 3.466278190943630211e-07 9.483271095088020243e-13 3.479420427515499901e-15 6.584986161333392596e-18
1.891000000000000000e+04 9.999751138848358423e-01 3.432493417764689600e-07 2.971416859096171854e-13 7.182420043607826023e-16 2.188871327230252354e-18
1.891500000000000000e+04 9.999083588945876233e-01 3.441868064998037230e-07 6.773042208223667177e-14 4.704993059000772818e-17 1.320951404245770821e-19
1.892000000000000000e+04 9.999192160491020553e-01 3.441804674373147484e-07 8.370368730012851613e-14 1.846374735381505373e-17 2.539781540952489038e-19
1.892500000000000000e+04 9.999869937374917805e-01 3.476681871826239862e-07 2.679300850856440198e-13 2.663714879441076427e-16 1.361108153829646031e-18
1.893000000000000000e+04 9.999834723250051738e-01 3.551508220949445231e-07 4.190587065631211772e-13 2.616210614002099488e-15 7.833581182055430228e-18
1.893500000000000000e+04 9.999159649661391036e-01 3.633617832322811587e-07 6.742679781269070570e-13 1.121197444404338844e-15 4.856521453864818325e-19
1.894000000000000000e+04 9.999099934254813693e-01 3.642658387785894116e-07 7.211835357788113107e-13 2.449138629214093620e-16 8.124347787444988250e-19
1.894500000000000000e+04 9.999765015336928853e-01 3.590626615146737938e-07 1.132127766810831834e-12 2.613314386395936563e-15 3.448938733208206001e-18
1.895000000000000000e+04 9.999920448388840422e-01 3.549983509093410475e-07 5.320639985956547648e-13 2.096986692893218354e-15 5.222494628823373331e-18
1.895500000000000000e+04 9.999268311104801965e-01 3.542219958267560262e-07 9.736816114327323543e-14 4.133891372014987491e-17 5.689472002067870920e-20
1.896000000000000000e+04 9.999039392307651486e-01 3.550922090257915226e-07 7.010751021929929028e-14 4.859810478505392861e-17 1.028405871378092776e-19
1.896500000000000000e+04 9.999671053773747653e-01 3.560798183009939232e-07 2.015767558189956141e-13 5.733544391799466495e-17 3.008154946990545436e-19
1.897000000000000000e+04 9.999964249029184016e-01 3.627307853962206334e-07 3.141079777803777005e-13 1.227956255241518072e-15 8.213398693614564411e-18
1.897500000000000000e+04 9.999372626133743447e-01 3.706069978054111447e-07 5.799674795100302885e-13 2.454440005061600670e-15 3.753930951420321606e-19
1.898000000000000000e+04 9.999003244915550814e-01 3.750802705795166700e-07 5.057956813530550282e-13 5.756110464332858245e-16 6.441285768164955989e-19
1.898500000000000000e+04 9.999536944610724065e-01 3.701748438349836693e-07 1.106549024001575843e-12 8.217133689253688868e-16 2.466162427473969208e-19
1.899000000000000000e+04 9.999985107057421940e-01 3.655677413224613353e-07 7.899026092260167023e-13 3.416342285620329249e-15 7.083601801192040790e-18
1.899500000000000000e+04 9.999507090483149563e-01 3.628086963080312990e-07 2.169028092100119967e-13 3.067733860037560675e-16 7.191478604163587010e-19
1.900000000000000000e+04 9.998998074845398820e-01 3.642075115627327186e-07 7.808933691630662690e-14 5.031994652471845059e-17 6.895817834682207340e-20
1.900500000000000000e+04 9.999427410208903133e-01 3.638044706886196054e-07 1.103483819592712557e-13 3.429409237459774915e-18 3.577727182888794232e-19
1.901000000000000000e+04 9.999980394609104817e-01 3.687710540948250187e-07 2.899831275579053695e-13 3.625886137374228890e-16 3.302322353980306410e-18
1.901500000000000000e+04 9.999614999279322625e-01 3.759117459191861911e-07 4.187898062564581227e-13 2.713956634962587326e-15 4.199474429883290978e-18
1.902000000000000000e+04 9.999021750869994118e-01 3.827633094220201438e-07 4.495265006846224187e-13 7.591249999425736718e-16 6.366015822595336065e-19
1.902500000000000000e+04 9.999298914297090057e-01 3.799228510383497828e-07 8.427722951697185640e-13 7.506230766537952133e-17 5.299441217842125625e-19
1.903000000000000000e+04 9.999930852195542119e-01 3.745275705490589116e-07 1.007016460711461701e-12 3.328021632602509015e-15 5.481854491807066237e-18
1.903500000000000000e+04 9.999740785496226136e-01 3.703949919141825656e-07 4.139257318036747302e-13 1.358264066188841156e-15 3.328911655840498570e-18
1.904000000000000000e+04 9.999078312514566580e-01 3.710060967508434204e-07 9.336263937014717202e-14 4.386249563543087341e-17 1.643614633819596603e-20
1.904500000000000000e+04 9.999199050051619242e-01 3.707947062535799310e-07 7.612137610986592038e-14 4.633162599296667994e-17 6.303847235240508341e-20
1.905000000000000000e+04 9.999877815713796858e-01 3.732711567630195786e-07 2.508052031987771761e-13 8.776257744990694999e-17 4.845109258399085491e-19
1.905500000000000000e+04 9.999829346109474493e-01 3.797271829943186571e-07 3.164329426173260762e-13 1.608839457295931965e-15 7.832414008731711193e-18
1.906000000000000000e+04 9.999151536694279585e-01 3.871693051311180653e-07 4.233321156202895377e-13 1.595411859169206883e-15 1.769484387599718420e-19
1.906500000000000000e+04 9.999106677883743410e-01 3.877941938453940677e-07 5.063973711892386365e-13 5.878270268708639742e-16 1.058189721007906575e-18
1.907000000000000000e+04 9.999771987516586913e-01 3.817744356879278708e-07 1.084939531603635011e-12 1.649561299563767107e-15 1.518538735933632847e-18
1.907500000000000000e+04 9.999912570661309008e-01 3.769631000746516382e-07 6.419688018297613337e-13 2.901906117627408691e-15 6.417140442124502273e-18
1.908000000000000000e+04 9.999259542436927939e-01 3.756381314178938595e-07 1.707962248283573785e-13 9.823911925551781400e-17 1.225151460179703703e-19
1.908500000000000000e+04 9.999042762476655355e-01 3.764402019844315802e-07 9.672093063432671423e-14 5.616543857403187090e-17 6.232462539142036522e-21
1.909000000000000000e+04 9.999680451361492306e-01 3.765664642783940284e-07 1.646152837332767375e-13 4.474962513907621884e-18 3.535467779397473089e-19
1.909500000000000000e+04 9.999963716623347931e-01 3.820536187296964957e-07 2.965693188913813711e-13 5.240632079356509930e-16 5.365308185461494071e-18
1.910000000000000000e+04 9.999362906621438452e-01 3.888466751952138835e-07 3.454785927183915280e-13 2.376739150139041268e-15 1.076930429397428504e-18
1.910500000000000000e+04 9.999005085024920136e-01 3.929367503048644554e-07 3.021767168921794608e-13 8.820371424913253430e-16 4.124441054114179073e-19
1.911000000000000000e+04 9.999547003089630515e-01 3.874493982804926628e-07 9.361752531198845883e-13 1.536190211225712533e-16 5.356736726942132991e-20
1.911500000000000000e+04 9.999981830011795969e-01 3.820942442595414219e-07 8.532591718369219925e-13 3.602555594708848710e-15 6.747377420105242399e-18
1.912000000000000000e+04 9.999496252558823794e-01 3.787040054146592544e-07 3.297500659361728065e-13 6.944267956120884280e-16 1.450132817519527291e-18
1.912500000000000000e+04 9.998997266150611019e-01 3.799420674308346066e-07 1.159255904484795320e-13 5.627196414247739740e-17 1.019884947512753609e-20
1.913000000000000000e+04 9.999436381942261587e-01 3.790037676474019446e-07 1.029722372420658531e-13 2.710802757071719452e-17 1.168813900058414868e-19
1.913500000000000000e+04 9.999984426214301170e-01 3.827118752262744651e-07 2.884901496111954775e-13 1.072149828792345495e-16 1.418244421775374866e-18
1.914000000000000000e+04 9.999606524012213393e-01 3.885794021191583756e-07 2.793217732815594698e-13 1.866215340256647841e-15 4.937785507826403998e-18
1.914500000000000000e+04 9.999018256581130304e-01 3.947063733220779161e-07 2.426292831915710022e-13 1.064709811336364821e-15 2.221799254209005566e-19
1.915000000000000000e+04 9.999309071364845813e-01 3.915156099324905326e-07 6.070493154635552179e-13 3.469263953674084731e-16 1.091626396188542624e-18
1.915500000000000000e+04 9.999933294655043436e-01 3.854053245857664154e-07 9.816062860316689605e-13 2.509659394894046071e-15 3.213645801760882185e-18
1.916000000000000000e+04 9.999730070137458071e-01 3.806760560932933519e-07 5.271534953118034585e-13 2.086021342868938884e-15 4.350033195710160619e-18
1.916500000000000000e+04 9.999073179117354826e-01 3.809193964536590195e-07 1.547262600513531586e-13 5.282558936871936595e-17 4.987818748067051577e-20
1.917000000000000000e+04 9.999205992468318538e-01 3.804828661686371097e-07 1.181622650019384655e-13 6.047741705123970600e-17 3.605164146726701642e-21
1.917500000000000000e+04 9.999885124624331434e-01 3.817600814876943878e-07 2.323140419579930820e-13 1.464954717291401397e-17 4.737312708471769601e-19
1.918000000000000000e+04 9.999824304828659471e-01 3.868329476758575148e-07 2.765614620935575268e-13 7.598900498132910194e-16 5.904841405323393333e-18
1.918500000000000000e+04 9.999144032539540872e-01 3.931505464076418771e-07 2.168944486811811944e-13 1.735723267081835221e-15 1.474832468781299859e-19
1.919000000000000000e+04 9.999113885004929925e-01 3.934651550250337308e-07 2.923928474962754527e-13 1.099016302735654972e-15 6.830926604292531712e-19
1.919500000000000000e+04 9.999779659878654803e-01 3.868681117093008895e-07 9.428858630080446677e-13 6.182346471609042361e-16 1.379990360734209590e-19
1.920000000000000000e+04 9.999904579124196946e-01 3.815144104347025388e-07 7.158790606628815783e-13 3.351336182533672172e-15 6.595897859885667498e-18
1.920500000000000000e+04 9.999250659816697473e-01 3.796847431753388068e-07 2.679417492446434112e-13 2.673625224509665353e-16 6.624171220514154627e-19
1.921000000000000000e+04 9.999046433342787532e-01 3.803718756786927552e-07 1.552328784535790012e-13 5.853978298340671544e-17 4.914722415965677856e-20
1.921500000000000000e+04 9.999689328934145971e-01 3.795745451456198129e-07 1.584487263294334496e-13 7.357961505970556912e-18 3.478049594486510575e-19
1.922000000000000000e+04 9.999963083396585795e-01 3.836006149968454124e-07 2.986406661013528961e-13 1.500662473312790963e-16 2.852535646930783233e-18
1.922500000000000000e+04 9.999353860008204364e-01 3.889789901741708010e-07 1.994455546713402987e-13 1.843565913668626872e-15 2.238662012955667510e-18
1.923000000000000000e+04 9.999007336977916438e-01 3.925192977985135380e-07 1.342128136914364904e-13 1.108509784887926512e-15 4.501342369733597527e-20
1.923500000000000000e+04 9.999557763213084982e-01 3.866722788949985825e-07 7.067606203324604924e-13 6.541727476685192141e-17 9.641363251728058757e-19
1.924000000000000000e+04 9.999978827927376024e-01 3.808088754853961235e-07 8.527645166858533548e-13 3.097212941937213175e-15 5.031855492429878450e-18
1.924500000000000000e+04 9.999485143300238521e-01 3.769302740576547424e-07 4.385397145281639652e-13 1.215835165696883406e-15 2.653030536477885250e-18
1.925000000000000000e+04 9.998996779747483243e-01 3.779511119267081746e-07 1.728379430944575451e-13 7.192708144057575408e-17 9.695377307719952180e-20
1.925500000000000000e+04 9.999445130006755500e-01 3.764832397344148252e-07 1.482167903126957875e-13 4.948630360438015110e-17 5.019203170671008146e-20
1.926000000000000000e+04 9.999987962981382594e-01 3.787318962173648003e-07 2.860187198428080725e-13 1.710798281810767186e-17 9.006630974870057192e-19
1.926500000000000000e+04 9.999598578547088668e-01 3.830424780933215471e-07 2.271991033283728534e-13 1.006643047574000840e-15 4.782004738644096174e-18
1.927000000000000000e+04 9.999015259054212512e-01 3.881965952134753101e-07 9.515553390987924705e-14 1.184034010008845006e-15 3.795784863443217061e-21
1.927500000000000000e+04 9.999319774035602126e-01 3.847926854761874097e-07 3.812515293674497055e-13 1.029619583927456855e-15 1.502921656204733696e-18
1.928000000000000000e+04 9.999936346244917562e-01 3.782419552019571941e-07 8.787531743370533939e-13 1.342580624205592320e-15 9.831597109327195605e-19
1.928500000000000000e+04 9.999719157167934469e-01 3.731313015821025492e-07 6.088817834466978164e-13 2.646629575458251916e-15 5.169738635738647312e-18
1.929000000000000000e+04 9.999068186990842655e-01 3.730013931302025055e-07 2.268167849357932895e-13 1.081868553229541948e-16 2.106079925872629636e-19
1.929500000000000000e+04 9.999213070277092053e-01 3.723395534539946024e-07 1.972121575871748282e-13 5.566934258249020660e-17 4.085865494313306363e-20
1.930000000000000000e+04 9.999891780519916118e-01 3.723396033486516784e-07 2.315667602268421858e-13 8.445953356602072731e-19 6.731863907738686383e-19
1.930500000000000000e+04 9.999819426362080987e-01 3.757976177590419486e-07 2.800305581427244331e-13 2.540366175674034311e-16 3.782085939656065009e-18
1.931000000000000000e+04 9.999137148463158598e-01 3.807377443850527361e-07 1.025181454983943817e-13 1.504703414241596573e-15 7.619694434985681032e-19
1.931500000000000000e+04 9.999121490124395217e-01 3.807485541327034479e-07 1.417597538148941043e-13 1.511888468633580775e-15 2.248439136572266094e-19
1.932000000000000000e+04 9.999788066770121109e-01 3.738662926806394074e-07 7.447492519685643504e-13 3.307866459950976406e-17 4.130815787216637911e-19
1.932500000000000000e+04 9.999896681598217096e-01 3.682265221644909848e-07 7.382963424155237190e-13 3.212166751948383967e-15 5.689168892903652099e-18
1.933000000000000000e+04 9.999241693333974501e-01 3.659851786907283578e-07 3.561805516205200943e-13 5.484833498913673242e-16 1.337930869413506597e-18
1.933500000000000000e+04 9.999050455694373785e-01 3.665218613417092938e-07 2.233504810067043185e-13 8.152924118067150568e-17 7.834295518561541201e-20
1.934000000000000000e+04 9.999697704037888712e-01 3.648240494918778863e-07 1.993766852276013047e-13 2.604359958219876561e-17 3.178841402169726982e-19
1.934500000000000000e+04 9.999962151857850756e-01 3.672254878348507349e-07 3.067769203092521860e-13 2.205329109134691825e-17 1.653893265242393463e-18
1.935000000000000000e+04 9.999345433590489662e-01 3.709843853101851350e-07 1.567212059368372933e-13 1.139173075239929844e-15 3.302082455278171052e-18
1.935500000000000000e+04 9.999009971935577390e-01 3.738645281303460371e-07 4.784809267710055314e-14 1.127204796827062578e-15 9.322614065963341859e-20
1.936000000000000000e+04 9.999569158576632200e-01 3.679172339636371404e-07 4.834845266278289048e-13 6.412911469866283583e-16 2.475979972666739908e-18
1.936500000000000000e+04 9.999976280320636013e-01 3.618313909836288861e-07 7.902369808178779475e-13 2.056561171407433385e-15 2.571594834203471121e-18
1.937000000000000000e+04 9.999473863761370040e-01 3.576549016146470961e-07 5.149993001484819760e-13 1.712806873919056530e-15 3.731255545524885982e-18
1.937500000000000000e+04 9.998996623621980717e-01 3.584241028687689840e-07 2.255968889337950229e-13 1.164161472774680380e-16 1.133274275557078733e-19
1.938000000000000000e+04 9.999453735665003729e-01 3.564816756005880373e-07 2.384997635752057591e-13 4.603931938492461364e-17 8.261795284373651296e-20
1.938500000000000000e+04 9.999990857623565210e-01 3.572052944239927005e-07 2.914576895051845374e-13 7.896880934057805733e-19 9.346649785088771490e-19
1.939000000000000000e+04 9.999591023810473489e-01 3.598156036909034800e-07 2.420740501885466046e-13 4.095398451669358092e-16 4.147325075427663840e-18
1.939500000000000000e+04 9.999012752860201303e-01 3.638377049470252299e-07 4.096071128282846502e-14 1.067151225508989003e-15 2.524373539977129190e-19
1.940000000000000000e+04 9.999330913389424813e-01 3.603851568512649530e-07 2.289957780135406134e-13 1.786668784868332530e-15 1.496143077152180105e-18
1.940500000000000000e+04 9.999940090157298789e-01 3.537073902055258385e-07 7.255437165424800997e-13 3.532425056335724425e-16 5.979650062384669946e-21
1.941000000000000000e+04 9.999708215010936208e-01 3.484675095261115523e-07 6.437490765866443242e-13 2.799076176709361017e-15 5.416830519715946753e-18
1.941500000000000000e+04 9.999063335573453726e-01 3.479958766626356365e-07 2.832545588593358245e-13 2.257598445427872363e-16 2.678997403810506605e-19
1.942000000000000000e+04 9.999220364788252713e-01 3.471305321573666874e-07 2.888033538930648235e-13 6.682946813375916921e-17 9.455045824792957700e-21
1.942500000000000000e+04 9.999897736995279063e-01 3.458952064773662963e-07 2.666630946072663441e-13 8.714424541108239730e-18 5.932369303466836756e-19
1.943000000000000000e+04 9.999814511932287875e-01 3.476547574774815950e-07 3.010004704595528096e-13 5.830372672224073443e-17 2.600071316952330160e-18
1.943500000000000000e+04 9.999130854759878950e-01 3.510868683594661947e-07 9.265263176008352562e-14 1.052337365128819150e-15 1.453022993731354595e-18
1.944000000000000000e+04 9.999129402933818467e-01 3.508347041414768323e-07 9.227801961120735541e-14 1.612744673557175375e-15 1.574281518460538779e-20
1.944500000000000000e+04 9.999797170845587946e-01 3.439867393096832671e-07 5.438191873381997913e-13 2.051399835953383660e-16 1.973738065707030180e-18
1.945000000000000000e+04 9.999889062552237418e-01 3.383430402416240499e-07 7.085171903762547012e-13 2.486576773398565876e-15 3.913133427980077199e-18
1.945500000000000000e+04 9.999232684073138255e-01 3.358233614044361183e-07 4.111589827217905939e-13 8.726203520415782388e-16 1.637968070246966496e-18
1.946000000000000000e+04 9.999054867141633496e-01 3.361902409934014765e-07 2.780942450507098635e-13 1.550745413480415011e-16 3.501571132305728814e-20
1.946500000000000000e+04 9.999705627268871133e-01 3.337004178390860387e-07 2.892965462014408879e-13 2.750572583927075802e-17 2.256337687227492929e-19
1.947000000000000000e+04 9.999960729862765740e-01 3.344650140918522747e-07 3.169795272384401571e-13 3.545119673193491367e-18 1.415972158319324078e-18
1.947500000000000000e+04 9.999337528883678328e-01 3.365446350208731680e-07 1.961912555563591885e-13 5.541134730973863292e-16 3.328926655752832160e-18
1.948000000000000000e+04 9.999012940968300400e-01 3.387153963524905704e-07 5.742648147747912595e-14 9.324374842249633701e-16 3.328237998077984000e-19
1.948500000000000000e+04 9.999581065291762716e-01 3.329421675060538933e-07 3.258920843881336424e-13 1.612029516841951535e-15 3.200533753057863034e-18
1.949000000000000000e+04 9.999974312709677404e-01 3.269377101068030652e-07 6.831703731466833800e-13 9.055291395897636355e-16 5.489125092300875191e-19
1.949500000000000000e+04 9.999462524122537666e-01 3.226827630352199928e-07 5.462205731593067471e-13 1.997807636674801447e-15 4.000302594594661300e-18
1.950000000000000000e+04 9.998996795363906953e-01 3.231918113936375741e-07 2.560169862473983702e-13 1.977639152538091608e-16 5.452700033967132022e-20
1.950500000000000000e+04 9.999462292945823227e-01 3.208763592921550831e-07 3.534292004508792510e-13 4.110994842269362400e-17 7.733301870209930849e-20
1.951000000000000000e+04 9.999992995392383843e-01 3.201530676761612817e-07 3.201855281251457212e-13 3.130253923560292268e-18 8.223445001734493358e-19
1.951500000000000000e+04 9.999583685376282061e-01 3.210752607309304836e-07 2.867653470327892343e-13 1.339993287699521222e-16 3.117553462471166412e-18
1.952000000000000000e+04 9.999010704805497696e-01 3.239051080181562396e-07 7.884259219877980444e-14 7.921017344125240190e-16 4.733600324434801367e-19
1.952500000000000000e+04 9.999342346448101271e-01 3.205798231160336364e-07 1.847491918486250032e-13 2.242090262451670501e-15 9.054983582571900900e-19
1.953000000000000000e+04 9.999944536861281597e-01 3.140987439101466227e-07 5.610088730269591705e-13 5.626600225632384816e-18 7.655506529780894819e-19
1.953500000000000000e+04 9.999697403410983121e-01 3.089934591371282982e-07 6.319291454401035911e-13 2.447757383025068420e-15 4.589884150135782384e-18
1.954000000000000000e+04 9.999058624840342357e-01 3.082451396724419534e-07 3.084052874093295154e-13 3.859417946240145334e-16 2.883199256898402067e-19
1.954500000000000000e+04 9.999227949263600479e-01 3.072201896773889419e-07 3.691090932416583470e-13 1.503031554561477702e-16 6.640600208598057018e-20
1.955000000000000000e+04 9.999902989467724934e-01 3.049089716622803127e-07 3.482876668760141337e-13 1.140911314988172640e-17 3.573960322789449084e-19
1.955500000000000000e+04 9.999809352964169618e-01 3.050449559232673535e-07 3.198745415098333696e-13 2.256854652542761333e-17 2.049358583642457911e-18
1.956000000000000000e+04 9.999125084336460967e-01 3.069710921218604522e-07 1.629249412922790635e-13 5.985034778179712213e-16 1.489316502055631386e-18
1.956500000000000000e+04 9.999137515666902676e-01 3.065232389215234211e-07 1.429190066354414952e-13 1.364278796591035982e-15 8.750304453998184067e-20
1.957000000000000000e+04 9.999806865441185355e-01 3.000289590857813059e-07 3.903309530974298629e-13 1.060784185080166302e-15 3.455838069260284640e-18
1.957500000000000000e+04 9.999881868708176968e-01 2.946613806459174107e-07 6.389698590255451427e-13 1.442018789568321835e-15 1.774745791383468491e-18
1.958000000000000000e+04 9.999223680656789126e-01 2.920232487401062808e-07 4.253777332113648402e-13 1.130220033753505349e-15 1.586089897286995085e-18
1.958500000000000000e+04 9.999059688924377687e-01 2.922199085913270835e-07 3.064014958893774878e-13 2.900878270149448546e-16 1.429474768364234222e-19
1.959000000000000000e+04 9.999713178342679587e-01 2.891236797350846680e-07 4.169892403067093308e-13 1.568450589397874002e-17 1.458662138275727163e-19
1.959500000000000000e+04 9.999958646790553241e-01 2.883938959565027949e-07 3.373418814730685382e-13 3.705287559611863363e-18 1.225759256692788670e-18
1.960000000000000000e+04 9.999330010153866244e-01 2.888862340145452882e-07 2.728569507294357400e-13 2.280194645459185513e-16 2.331008047331602413e-18
1.960500000000000000e+04 9.999016179458956044e-01 2.903588615744751205e-07 1.419223566000547797e-13 6.301865992790832029e-16 4.644438657875422054e-19
1.961000000000000000e+04 9.999593312143809642e-01 2.850246769285617897e-07 2.671642136269828480e-13 2.502706673594880761e-15 2.480130763511106157e-18
1.961500000000000000e+04 9.999972986059894042e-01 2.793949444907487114e-07 5.587110379414643769e-13 1.403314582812368489e-16 5.483378080262707007e-20
1.962000000000000000e+04 9.999451235598244558e-01 2.752878744403588662e-07 5.361121012745755905e-13 1.947928240173007849e-15 3.354537074804290955e-18
1.962500000000000000e+04 9.998997281993603492e-01 2.755542748659849868e-07 2.587032534833189077e-13 3.026658766491702726e-16 1.079423517191735574e-19
1.963000000000000000e+04 9.999470900787341687e-01 2.730063389789377732e-07 4.698086197298206839e-13 1.037546450328338937e-16 1.062518588611694455e-19
1.963500000000000000e+04 9.999994304492544339e-01 2.710519644586887351e-07 3.881228190197843990e-13 5.861308185512160954e-18 5.649475742132594624e-19
1.964000000000000000e+04 9.999576367613607353e-01 2.704553232048728408e-07 3.254650087347489504e-13 6.531680920218181520e-17 2.050984884824057688e-18
1.964500000000000000e+04 9.999009057649652643e-01 2.721339820217210823e-07 1.762244213688253512e-13 4.950029671731701102e-16 5.390882102276439663e-19
1.965000000000000000e+04 9.999353908088921550e-01 2.691049273087270714e-07 2.419135431964870768e-13 2.192981179340672594e-15 3.649753613020577209e-19
1.965500000000000000e+04 9.999949622902540858e-01 2.631262242572146984e-07 4.238565573278246227e-13 4.541746171928392563e-16 2.744662322252462546e-18
1.966000000000000000e+04 9.999686861365902901e-01 2.584050848193172388e-07 5.855437028351824132e-13 1.706518423371051788e-15 2.741106494286738741e-18
1.966500000000000000e+04 9.999054054842270167e-01 2.574707600538608062e-07 3.023805497215510679e-13 5.395383789955856950e-16 4.447268102664008574e-19
1.967000000000000000e+04 9.999235882818816590e-01 2.563495348549102407e-07 4.245884370124305634e-13 3.460161446023055899e-16 3.725373138684103242e-19
1.967500000000000000e+04 9.999907575957471817e-01 2.532255710218939747e-07 4.760249727340819634e-13 2.126481090694443334e-18 3.210190938103722091e-19
1.968000000000000000e+04 9.999803748556633787e-01 2.519667555775408722e-07 3.331805116749760882e-13 1.670793318349744165e-17 1.547862166486350682e-18
1.968500000000000000e+04 9.999119739321887801e-01 2.525214448092966081e-07 2.655948583982149690e-13 2.946953346376459512e-16 1.230536893266891650e-18
1.969000000000000000e+04 9.999145711992324381e-01 2.519608500294741531e-07 2.563167737542245159e-13 9.094907067402898562e-16 6.792320127695921991e-19
1.969500000000000000e+04 9.999816983628756484e-01 2.461120112540408119e-07 3.151267420770996395e-13 2.181022549912822215e-15 3.875562583064729319e-18
1.970000000000000000e+04 9.999875197397377624e-01 2.412720781743871530e-07 5.494715672333196932e-13 4.997589716300570591e-16 2.165886048919595845e-19
1.970500000000000000e+04 9.999214735410341115e-01 2.386851644284848071e-07 4.073985662521019002e-13 1.223437587724548919e-15 1.521345965348901502e-18
1.971000000000000000e+04 9.999064924233447282e-01 2.387300722648997777e-07 3.090774687113804847e-13 4.652499773278024332e-16 4.504620978246196848e-19
1.971500000000000000e+04 9.999720459415943896e-01 2.352742546673563360e-07 5.632713862221108408e-13 4.665922882098656681e-17 1.601745392114088281e-19
1.972000000000000000e+04 9.999955768515315091e-01 2.333348721784587017e-07 3.851547423962441478e-13 3.230189865265966889e-18 8.025176333228947283e-19
1.972500000000000000e+04 9.999322716077788664e-01 2.324775533802932744e-07 3.395104579890532765e-13 1.183265500455618418e-16 1.567137688522487684e-18
1.973000000000000000e+04 9.999019612962856129e-01 2.333184618663348461e-07 2.565525848531320327e-13 3.556256740044869838e-16 7.672422529429672577e-19
1.973500000000000000e+04 9.999605695011205553e-01 2.286543752867453896e-07 3.036077534525910090e-13 2.899792550168813537e-15 1.181269902099642089e-18
1.974000000000000000e+04 9.999972291761295429e-01 2.236562879823565289e-07 4.450752217572406375e-13 8.178678357767152929e-17 1.371680974670109110e-18
1.974500000000000000e+04 9.999440102247489914e-01 2.199081590447278467e-07 4.992128667689964302e-13 1.568039033892440385e-15 2.251281296937751197e-18
1.975000000000000000e+04 9.998998060697598111e-01 2.199719107421027411e-07 2.410978010552447127e-13 3.997719429448010763e-16 2.652391250604179704e-19
1.975500000000000000e+04 9.999479654918413951e-01 2.173596698746876722e-07 5.699853592760648010e-13 3.103537169135190185e-16 2.386365711530079409e-19
1.976000000000000000e+04 9.999994762797297376e-01 2.145075255754468692e-07 5.048734335288165607e-13 7.554641824757086882e-18 5.000410570611247450e-19
1.976500000000000000e+04 9.999568870161464895e-01 2.127051829546766434e-07 3.409123892416457164e-13 5.143855988346146541e-17 1.587686506952779546e-18
1.977000000000000000e+04 9.999007736029493776e-01 2.133697285106362245e-07 2.858454059220115402e-13 2.786471579659696062e-16 8.272051184480417179e-19
1.977500000000000000e+04 9.999365424461841290e-01 2.107801448485349270e-07 3.578122667306144457e-13 1.705694953011297247e-15 6.667776221275033473e-19
1.978000000000000000e+04 9.999955216444874617e-01 2.055655354118997972e-07 3.407050030219653374e-13 1.465265681324983628e-15 4.626763885083379191e-18
1.978500000000000000e+04 9.999676696733209580e-01 2.014406051887138123e-07 5.213241897657153889e-13 8.562939804071620069e-16 8.269181949359839169e-19
1.979000000000000000e+04 9.999049625477079983e-01 2.004258283346662468e-07 2.773250648078664913e-13 6.313526916226993093e-16 6.809431225545313004e-19
1.979500000000000000e+04 9.999244206090528442e-01 1.992859545668907698e-07 4.544798888343541406e-13 6.456238930669875795e-16 7.469699402301426230e-19
1.980000000000000000e+04 9.999911574114229706e-01 1.956917667068730037e-07 6.378894955263202133e-13 1.146085470388683433e-17 5.118482344849901151e-19
1.980500000000000000e+04 9.999797522756108670e-01 1.934003972858648670e-07 3.558890641251750127e-13 2.722153381379197938e-18 1.084336367569003111e-18
1.981000000000000000e+04 9.999114700200927297e-01 1.928395554231652713e-07 3.520614510695841597e-13 1.599392892286224921e-16 1.323351678967181264e-18
1.981500000000000000e+04 9.999153876549013997e-01 1.922527038524069766e-07 3.768607661910943701e-13 4.630619451052978632e-16 1.634177226553156347e-18
1.982000000000000000e+04 9.999827312570406246e-01 1.872878561296039385e-07 3.206586239343801661e-13 3.037236197698575538e-15 3.141019543510016308e-18
1.982500000000000000e+04 9.999869089058208704e-01 1.831765412051529438e-07 4.601879542086888064e-13 3.619857356757298770e-17 2.698185103553199242e-19
1.983000000000000000e+04 9.999205900645293799e-01 1.808032201844731467e-07 3.735163680892837118e-13 1.112214311453444067e-15 1.543495248957680666e-18
1.983500000000000000e+04 9.999070558065237257e-01 1.807307866174036885e-07 2.969031893367614158e-13 6.317530756400003863e-16 7.413827114775888345e-19
1.984000000000000000e+04 9.999727586537308088e-01 1.772016282427907725e-07 7.069276278938713196e-13 2.129229129256234770e-16 3.057831272889413510e-19
1.984500000000000000e+04 9.999952009485341131e-01 1.744524313259495619e-07 4.790098620673795081e-13 1.648024599484592356e-17 5.510770927057002728e-19
1.985000000000000000e+04 9.999315473814468502e-01 1.726089003870876928e-07 3.684467814762886458e-13 9.342262022267470778e-17 1.655618116353931644e-18
1.985500000000000000e+04 9.999023164147873288e-01 1.729306586290312623e-07 3.542549176942347017e-13 1.870409248394523196e-16 1.208511186429949077e-18
1.986000000000000000e+04 9.999617993839392538e-01 1.691110308015818353e-07 3.987350066451713714e-13 2.667991041315663797e-15 4.549518708946421664e-19
1.986500000000000000e+04 9.999972152880108878e-01 1.649436973631338081e-07 3.634004615309919517e-13 7.157298352563832716e-16 3.661094193871600412e-18
1.987000000000000000e+04 9.999429213489110513e-01 1.617310339260845153e-07 4.512156703705244123e-13 9.923163741417559995e-16 1.203753393930370579e-18
1.987500000000000000e+04 9.998999100344265756e-01 1.616484609945073063e-07 2.167372593824830983e-13 4.537017049406126234e-16 4.058809346245699888e-19
1.988000000000000000e+04 9.999488640543435780e-01 1.591535479105241495e-07 6.450092026996684542e-13 6.949790244653392490e-16 5.205623935898426533e-19
1.988500000000000000e+04 9.999994400037705011e-01 1.558223051635277823e-07 6.680677727464338928e-13 1.751481287933249254e-17 7.336297416963707711e-19
1.989000000000000000e+04 9.999561005138938308e-01 1.532431332749168752e-07 3.425708433970917581e-13 2.101063252778533743e-17 1.562808066247248082e-18
1.989500000000000000e+04 9.999006654058868460e-01 1.531138711098554474e-07 3.675361424318957339e-13 1.659973056679217517e-16 1.130301797684264140e-18
1.990000000000000000e+04 9.999376726956127337e-01 1.510642851830744026e-07 4.736297581805194237e-13 1.042573863933416070e-15 1.491546607507005460e-18
1.990500000000000000e+04 9.999961129101692103e-01 1.468094964194258609e-07 3.188522046869757015e-13 2.550031736666715799e-15 5.092671043570797088e-18
1.991000000000000000e+04 9.999666978169851062e-01 1.434374516802364475e-07 4.535366115927690821e-13 2.197714662997919900e-16 4.240629390692338435e-21
1.991500000000000000e+04 9.999045336406501283e-01 1.424509569973424464e-07 2.481720924738991579e-13 6.260224980623797361e-16 8.294307762488083275e-19
1.992000000000000000e+04 9.999252938536230539e-01 1.413771768693649833e-07 4.661156202719239063e-13 9.845924676478645223e-16 9.953003959779213474e-19
1.992500000000000000e+04 9.999915094716659292e-01 1.377029592243663313e-07 8.126363078661092180e-13 1.163723918439179129e-16 7.441715793323896426e-19
1.993000000000000000e+04 9.999790540067311495e-01 1.348400289307981306e-07 4.143475787466791023e-13 9.801784804476368149e-18 7.798344893411855015e-19
1.993500000000000000e+04 9.999109836850765820e-01 1.335187604000901585e-07 3.942653568078532914e-13 1.184294029933396499e-16 1.436064865687880482e-18
1.994000000000000000e+04 9.999161904585994742e-01 1.329839410493845281e-07 4.561999929873843192e-13 1.750012472432631043e-16 2.039402771695081124e-18
1.994500000000000000e+04 9.999837611665920445e-01 1.290664794044694452e-07 3.826412163057756705e-13 3.273269301694396868e-15 1.821964418576488696e-18
1.995000000000000000e+04 9.999863524694458938e-01 1.258182432065916834e-07 3.860193650462449316e-13 2.036923735024054580e-16 2.032608860370724709e-18
1.995500000000000000e+04 9.999197225042644188e-01 1.237987597483737871e-07 3.374080237794248736e-13 8.320054013776531011e-16 1.395078437421582706e-18
1.996000000000000000e+04 9.999076558413997340e-01 1.236541827208458981e-07 2.819978245183853637e-13 7.318888092788259873e-16 8.680675939936228252e-19
1.996500000000000000e+04 9.999734680547538446e-01 1.203523277027456621e-07 8.290039917713662890e-13 5.959691413668129014e-16 7.051586886138908144e-19
1.997000000000000000e+04 9.999947340381002414e-01 1.172688791614476037e-07 6.286261774815566117e-13 4.830247800717233418e-17 7.497177588811541385e-19
1.997500000000000000e+04 9.999308114091977062e-01 1.148956787573384003e-07 3.633441443207260608e-13 5.906418508747654234e-17 1.722775447511597977e-18
1.998000000000000000e+04 9.999026760368094902e-01 1.148449181553752379e-07 4.068325536550774241e-13 1.174096719005359242e-16 1.182347940278970401e-18
1.998500000000000000e+04 9.999629990380390909e-01 1.119686446879718269e-07 5.002080688909104416e-13 1.984594048405358139e-15 6.325821895159688437e-19
1.999000000000000000e+04 9.999972431678917362e-01 1.087575045394088061e-07 3.225574414807683538e-13 1.709777109045165003e-15 5.385636456289691753e-18
1.999500000000000000e+04 9.999418637868090487e-01 1.062082286167881506e-07 4.015843090920058362e-13 4.281526430771782982e-16 4.149381185058135076e-19
2.000000000000000000e+04 9.999000363608968600e-01 1.060444061426901878e-07 1.962599164394673712e-13 4.409188174017288259e-16 4.561786319559055081e-19
