0.000000000000000000e+00 2.000000000000000000e+00 0.000000000000000000e+00 0.000000000000000000e+00 2.000000000000000000e+00 0.000000000000000000e+00 0.000000000000000000e+00
5.000000000000000000e+00 1.999999994302006145e+00 9.470540415087946862e-01 5.360859949804019442e-04 1.052945952905094629e+00 1.656393261769098946e-04 -7.017254330403698871e-04
1.000000000000000000e+01 1.999999984987192114e+00 1.993484650527278523e+00 4.153704027457837469e-03 6.515334758405127123e-03 8.801442661138029989e-04 -5.033848592062969453e-03
1.500000000000000000e+01 1.999999979441666298e+00 1.188418664629116606e+00 5.670671044517420524e-03 8.115813152220403559e-01 -6.439889970364992208e-04 -5.026682456971909296e-03
2.000000000000000000e+01 1.999999971854638181e+00 6.192559088301619746e-02 3.353634380502126203e-03 1.938074381531319945e+00 -3.222446113177301636e-03 -1.311888270231667108e-04
2.500000000000000000e+01 1.999999963812911563e+00 7.111572185654069234e-01 4.715849555581568854e-03 1.288842745966461534e+00 -1.402027683027628297e-03 -3.313822591510772776e-03
3.000000000000000000e+01 1.999999954460758733e+00 1.930842316760642330e+00 4.447082137904775911e-03 6.915763860569849875e-02 1.009725187144044781e-03 -5.456808230630639210e-03
3.500000000000000000e+01 1.999999949351010331e+00 1.422017600280148120e+00 9.075206047791680277e-04 5.779823500793200841e-01 6.799853934322631433e-04 -1.587507006669110947e-03
4.000000000000000000e+01 1.999999941576486862e+00 1.175237941729266183e-01 5.941073284785700640e-05 1.882476148566817109e+00 1.036216848859343182e-04 -1.630335809905909057e-04
4.500000000000000000e+01 1.999999933461998891e+00 4.851459040656967425e-01 3.144093712020569714e-04 1.514854030720949041e+00 -2.724008577445427180e-04 -4.200983810445592972e-05
5.000000000000000000e+01 1.999999924729462197e+00 1.824448099909376397e+00 3.582074467711568021e-03 1.755518263189769501e-01 4.568186346550718257e-04 -4.038894601257989048e-03
5.500000000000000000e+01 1.999999919537429172e+00 1.624562266749665085e+00 6.415895122334700114e-03 3.754376543912154585e-01 -1.987196925419182006e-05 -6.396024756532008200e-03
6.000000000000000000e+01 1.999999911854731804e+00 2.864339863241940898e-01 3.839636500340757545e-03 1.713565927286833324e+00 -2.842344558958676774e-03 -9.972936976779490578e-04
6.500000000000000000e+01 1.999999902703561538e+00 3.050215002424703781e-01 3.766936626158754863e-03 1.694978404400169891e+00 -2.115176366658986888e-03 -1.651762198578373992e-03
7.000000000000000000e+01 1.999999892645459854e+00 1.651179753908054160e+00 4.391042869834205914e-03 3.488201408784768476e-01 8.210866598324288810e-04 -5.212131670737954817e-03
7.500000000000000000e+01 1.999999887511222374e+00 1.798364409646243667e+00 1.333669954965195246e-03 2.016354801097564597e-01 1.150383985397895707e-03 -2.484056185140713635e-03
8.000000000000000000e+01 1.999999881201145691e+00 4.424667218950875669e-01 2.231074204672458226e-04 1.557533161676911915e+00 3.894717391663800798e-04 -6.125815304876279553e-04
8.500000000000000000e+01 1.999999872379033095e+00 1.448898107189907358e-01 3.041209236009434556e-04 1.855110064207647236e+00 -5.320887139155767260e-04 2.279652427096778529e-04
9.000000000000000000e+01 1.999999863145128565e+00 1.463542388116994886e+00 2.869863942070155233e-03 5.364574777609953937e-01 -1.668918413845708870e-04 -2.702974833547411998e-03
9.500000000000000000e+01 1.999999856799782094e+00 1.917036428803516213e+00 6.783777355652684769e-03 8.296343085768080605e-02 3.214223631466428836e-04 -7.105202580214035370e-03
1.000000000000000000e+02 1.999999850785946665e+00 6.826328687482241531e-01 4.700212310580362263e-03 1.317366985019336800e+00 -2.170938630466858268e-03 -2.529276661727985348e-03
1.050000000000000000e+02 1.999999840861694134e+00 6.554482687995433210e-02 3.037401927667180389e-03 1.934455017164034896e+00 -2.616269011052130191e-03 -4.211360989098211576e-04
1.100000000000000000e+02 1.999999830743028228e+00 1.220189185921259911e+00 3.996453832405406394e-03 7.798106482094246950e-01 3.637272072922155064e-04 -4.360184427354219308e-03
1.150000000000000000e+02 1.999999823752985240e+00 1.987596864660329921e+00 1.709168473832682134e-03 1.240296262246967998e-02 1.467150359054599385e-03 -3.176322362701808778e-03
1.200000000000000000e+02 1.999999820157296604e+00 8.984412248236469667e-01 4.509663448790542073e-04 1.101558598935379107e+00 7.883537956922485185e-04 -1.239323742300939973e-03
1.250000000000000000e+02 1.999999811389769011e+00 6.275931559416960889e-03 5.181442333927255067e-04 1.993723883609361147e+00 -5.538907141544021978e-04 3.574270175247543579e-05
1.300000000000000000e+02 1.999999802156118056e+00 9.956789644132542083e-01 2.189709913945650684e-03 1.004320841708525203e+00 -8.502682177541178495e-04 -1.339445661853225309e-03
1.350000000000000000e+02 1.999999793552283966e+00 1.997095045314188688e+00 6.693472258904037756e-03 2.904752379310391285e-03 2.958491745762265143e-04 -6.989325574695296785e-03
1.400000000000000000e+02 1.999999789109947024e+00 1.157315841681928470e+00 5.738001685218329512e-03 8.426839516590748369e-01 -1.365265877946320516e-03 -4.372740038328441076e-03
1.450000000000000000e+02 1.999999779204045591e+00 4.907053971277034604e-02 2.689715108759936895e-03 1.950929243925378698e+00 -2.788337172947658038e-03 9.861763008384627147e-05
1.500000000000000000e+02 1.999999769535378391e+00 7.391643300328154531e-01 3.352438455139482645e-03 1.260835444135422811e+00 -2.511998037778565744e-04 -3.101243284221262032e-03
1.550000000000000000e+02 1.999999761252751362e+00 1.945192983528845287e+00 1.943517099705374456e-03 5.480678252686178170e-02 1.557440018756914421e-03 -3.500961921418376411e-03
1.600000000000000000e+02 1.999999758098617075e+00 1.378263619805774942e+00 6.869921368528054397e-04 6.217361431604393474e-01 1.203193816605077800e-03 -1.890190821055402412e-03
1.650000000000000000e+02 1.999999749554596251e+00 1.018817123592998808e-01 9.168584750594804648e-04 1.898118042237858072e+00 -3.349287591771783323e-04 -5.819347584440890970e-04
1.700000000000000000e+02 1.999999740130418591e+00 5.309045143522719279e-01 1.709028888279664473e-03 1.469095231013534564e+00 -1.438133081770175993e-03 -2.709010418971262175e-04
1.750000000000000000e+02 1.999999731490905708e+00 1.845955775012052325e+00 6.170269256628003497e-03 1.540439618914702102e-01 -9.574962033778850986e-05 -6.074525048907139513e-03
1.800000000000000000e+02 1.999999726563718827e+00 1.598818560346211726e+00 6.715017400180807970e-03 4.011811717320988846e-01 -6.141250911818633626e-04 -6.100897823590571700e-03
1.850000000000000000e+02 1.999999717589009629e+00 2.594882021559049012e-01 2.798274754927403477e-03 1.740511521134090023e+00 -2.591418353401265997e-03 -2.068621025112024744e-04
1.900000000000000000e+02 1.999999708743983140e+00 3.211919279673684513e-01 2.604643544709958364e-03 1.678807786661869583e+00 -8.773586201593946065e-04 -1.727290809805610622e-03
1.950000000000000000e+02 1.999999700599642605e+00 1.681073534625444399e+00 1.982130276299804133e-03 3.189261720290577085e-01 1.402522949217992632e-03 -3.384659280376930372e-03
2.000000000000000000e+02 1.999999695929138177e+00 1.769153508528626073e+00 8.731304555882242208e-04 2.308461935534339426e-01 1.532174731700072573e-03 -2.405311340209589921e-03
2.050000000000000000e+02 1.999999689141418013e+00 4.092159627243177611e-01 1.416584230666387278e-03 1.590783732710691067e+00 7.020736618048945487e-05 -1.486797890438099762e-03
2.100000000000000000e+02 1.999999679562475041e+00 1.785249241469045733e-01 1.550706953084480264e-03 1.821474761907656559e+00 -1.797247316655793030e-03 2.465338714853500908e-04
2.150000000000000000e+02 1.999999670438144861e+00 1.499209077918288058e+00 5.340153796794453595e-03 5.007905992013506058e-01 -7.674338358172377774e-04 -4.572726642471033887e-03
2.200000000000000000e+02 1.999999664678075550e+00 1.903286538215175572e+00 7.407486192466504124e-03 9.671313326519871689e-02 -9.400465645791056257e-05 -7.313488338307492197e-03
2.250000000000000000e+02 1.999999656896707334e+00 6.473116320178710081e-01 3.332526731786044239e-03 1.352688031845054040e+00 -2.071589348102549806e-03 -1.260944349901071395e-03
2.300000000000000000e+02 1.999999648241724381e+00 6.455942394010227847e-02 1.920973065586211673e-03 1.935440231451142301e+00 -1.367405428584855028e-03 -5.535747865211848064e-04
2.350000000000000000e+02 1.999999640201733486e+00 1.257277766892016979e+00 1.818174798458150818e-03 7.427218806296628228e-01 1.041832560248583768e-03 -2.860014678652867976e-03
2.400000000000000000e+02 1.999999633743130500e+00 1.979241958208833863e+00 9.639139390684671373e-04 2.075768299194357888e-02 1.693357556132265174e-03 -2.657278952847482670e-03
2.450000000000000000e+02 1.999999627927004697e+00 8.560153060787475399e-01 1.908443467928753806e-03 1.143984329429080349e+00 5.620853772305446899e-04 -2.470536425982620011e-03
2.500000000000000000e+02 1.999999618504513466e+00 2.140207795876575975e-02 1.763978033765820031e-03 1.978597548324581457e+00 -1.847557919850546099e-03 8.357210725070119133e-05
2.550000000000000000e+02 1.999999609724688820e+00 1.038444369672800516e+00 4.400794674024263026e-03 9.615552480149274217e-01 -1.567944137748097152e-03 -2.832858499315425108e-03
2.600000000000000000e+02 1.999999602240700503e+00 1.999100452585840904e+00 7.657576031471273643e-03 8.991577759683418115e-04 7.230582386231141354e-05 -7.729889976442408904e-03
2.650000000000000000e+02 1.999999596356344389e+00 1.121317359921322421e+00 4.164111870346975768e-03 8.786822446823712163e-01 -1.350132817875421233e-03 -2.813987299820964062e-03
2.700000000000000000e+02 1.999999587939118362e+00 2.963235310059691985e-02 1.452796218569221871e-03 1.970367243266955670e+00 -1.606910379183223471e-03 1.541057321795561634e-04
2.750000000000000000e+02 1.999999579894091717e+00 7.733916111015667338e-01 1.492670228440109255e-03 1.226607977394722271e+00 5.629835460093173764e-04 -2.055662376646888358e-03
2.800000000000000000e+02 1.999999571452175218e+00 1.959158949820027251e+00 9.381986921742199639e-04 4.084063041732065302e-02 1.644819848016864467e-03 -2.583027325363741050e-03
2.850000000000000000e+02 1.999999567883967933e+00 1.337244253084854950e+00 2.283390716149581202e-03 6.627553236613056287e-01 1.019641566031552742e-03 -3.303041144373742612e-03
2.900000000000000000e+02 1.999999558751151207e+00 9.646967982641527217e-02 2.312284612005123183e-03 1.903529887981753266e+00 -1.581020492628493592e-03 -7.312731763942521271e-04
2.950000000000000000e+02 1.999999549593624470e+00 5.720608720442859063e-01 3.575740574411124997e-03 1.427938686800947377e+00 -2.315792658681091552e-03 -1.259957167338720272e-03
3.000000000000000000e+02 1.999999541120358160e+00 1.863717619424042571e+00 7.409869253160811242e-03 1.362819311287601087e-01 -1.554120060120647157e-04 -7.254466679593746074e-03
3.050000000000000000e+02 1.999999535980940601e+00 1.570002647791319372e+00 5.096536513542828523e-03 4.299968977336834919e-01 -5.951801225697195144e-04 -4.501365935035196199e-03
3.100000000000000000e+02 1.999999527730871307e+00 2.246450772216423974e-01 1.300373032561365346e-03 1.775354460233390386e+00 -1.540396512796434955e-03 2.400137560737417486e-04
3.150000000000000000e+02 1.999999519558831373e+00 3.431468710822835888e-01 1.083351635795720084e-03 1.656852658380330467e+00 8.049424358187562249e-05 -1.163855783159808803e-03
3.200000000000000000e+02 1.999999511351642889e+00 1.713631605114523948e+00 8.047687820804996220e-04 2.863679163213623813e-01 1.395207114536228029e-03 -2.199985980860267795e-03
3.250000000000000000e+02 1.999999506617928136e+00 1.739795416673936002e+00 2.457826608677259397e-03 2.602041001328653236e-01 1.328755347589512551e-03 -3.786592145139714132e-03
3.300000000000000000e+02 1.999999498862851111e+00 3.860538082533739868e-01 3.080893610213616528e-03 1.613945700966148422e+00 -1.063707083470070373e-03 -2.017196883414543954e-03
3.350000000000000000e+02 1.999999489580873702e+00 2.097719893155521598e-01 3.062603844301117848e-03 1.790227510821516210e+00 -2.841340675658412390e-03 -2.212737248370094450e-04
3.400000000000000000e+02 1.999999480897472814e+00 1.528973575620266923e+00 6.723935410794981693e-03 4.710259160203368323e-01 -7.253801772390407968e-04 -5.998565976686779169e-03
3.450000000000000000e+02 1.999999475409735883e+00 1.887811433796563465e+00 5.910676739798173367e-03 1.121880524760770770e-01 1.774279896467802428e-05 -5.928430401667524920e-03
3.500000000000000000e+02 1.999999467818226240e+00 6.037535998283729555e-01 1.490179535072286504e-03 1.396245879020474367e+00 -1.183738533926739127e-03 -3.064520317668706275e-04
3.550000000000000000e+02 1.999999459317994832e+00 6.768630146240270373e-02 6.854160004941601582e-04 1.932313169075836834e+00 -2.914166344609364959e-04 -3.940105862778214060e-04
3.600000000000000000e+02 1.999999450923768851e+00 1.300372052246123733e+00 6.001498603509644245e-04 6.996274100854147360e-01 1.001910540943557913e-03 -1.602071809064140170e-03
3.650000000000000000e+02 1.999999445335575388e+00 1.969078128785154869e+00 2.393898246399516448e-03 3.092132808294347293e-02 1.409605128204049563e-03 -3.803514907126758285e-03
3.700000000000000000e+02 1.999999440308186882e+00 8.220406226375086556e-01 3.902569727253132111e-03 1.177958829313505706e+00 -4.207286914069880194e-04 -3.481852678673530259e-03
3.750000000000000000e+02 1.999999430635310826e+00 3.679769091155551258e-02 2.987299747575783513e-03 1.963201751576855836e+00 -3.026021574316001272e-03 3.870997363969748943e-05
3.800000000000000000e+02 1.999999421491963192e+00 1.073598503408360605e+00 5.760077473392268693e-03 9.264009301351293635e-01 -1.506063367929680839e-03 -4.254026156989248152e-03
3.850000000000000000e+02 1.999999413924975711e+00 1.999958721939219641e+00 6.415579683953862543e-03 4.070420296048276600e-05 3.470498169023914252e-04 -6.762641718060403463e-03
3.900000000000000000e+02 1.999999408530860778e+00 1.077811489065174433e+00 1.969222051993298195e-03 9.221879318030391515e-01 -6.201449785013979539e-04 -1.349089410844469270e-03
3.950000000000000000e+02 1.999999400071365008e+00 1.177892939968927521e-02 3.888819827234598378e-04 1.988220483199681476e+00 -4.654626452914797929e-04 7.656813456225394754e-05
4.000000000000000000e+02 1.999999391626793299e+00 8.165164399485648206e-01 3.791563830363036433e-04 1.183482964397416515e+00 5.572728779552113933e-04 -9.364419801795983902e-04
4.050000000000000000e+02 1.999999384583202700e+00 1.971245820689643047e+00 2.109505693685163798e-03 2.875357677170960885e-02 1.236257276162758614e-03 -3.345775847997658255e-03
4.100000000000000000e+02 1.999999381406068366e+00 1.301907200074648330e+00 4.595609820028598476e-03 6.980921942801499025e-01 1.926738601940443613e-04 -4.788296628952530727e-03
4.150000000000000000e+02 1.999999372436435108e+00 9.381744836314090397e-02 3.374809558161612297e-03 1.906181937219235456e+00 -2.829719817936209719e-03 -5.451028861667369958e-04
4.200000000000000000e+02 1.999999363211534709e+00 6.047050570934966451e-01 4.741777576755798473e-03 1.395294319464790211e+00 -2.317009645552502595e-03 -2.424781277955462017e-03
4.250000000000000000e+02 1.999999354214000435e+00 1.880018425238017876e+00 6.492584971119264026e-03 1.199809425202529173e-01 3.184254252308994304e-04 -6.811023940620744739e-03
4.300000000000000000e+02 1.999999349602855858e+00 1.535332491653121023e+00 2.617718977093032567e-03 4.646668715967363639e-01 1.946918626612829058e-05 -2.637201810360976714e-03
4.350000000000000000e+02 1.999999341979753487e+00 1.885824372629771872e-01 2.577380553317282176e-04 1.811416918535965426e+00 -4.012909819761569657e-04 1.435391074551301709e-04
4.400000000000000000e+02 1.999999333694239212e+00 3.757978944566322532e-01 2.007471786305587303e-04 1.624201453245851745e+00 1.663187231625249958e-04 -3.670799100378486536e-04
4.450000000000000000e+02 1.999999325488471591e+00 1.745842782808303184e+00 1.675209365661655021e-03 2.541565568758427096e-01 8.435618982499711992e-04 -2.518785459585994209e-03
4.500000000000000000e+02 1.999999321032132071e+00 1.712838636775845691e+00 5.005755988741361975e-03 2.871606985526888312e-01 6.273746033256754305e-04 -5.633144888469947438e-03
4.550000000000000000e+02 1.999999313563584735e+00 3.674038405908955363e-01 4.143035602770471330e-03 1.632595487434516546e+00 -2.300146716155123793e-03 -1.842903348442697124e-03
4.600000000000000000e+02 1.999999305096308078e+00 2.325959288687186322e-01 3.903840620238882390e-03 1.767403390874814351e+00 -2.970830324159226630e-03 -9.330249433046937596e-04
4.650000000000000000e+02 1.999999296307615415e+00 1.556143013985192169e+00 6.122310235109985899e-03 4.438562971616343833e-01 -5.790255516036204664e-05 -6.064422519160668316e-03
4.700000000000000000e+02 1.999999289659993629e+00 1.868705930172951835e+00 3.277333725583103045e-03 1.312933744745616860e-01 5.873405470089405282e-04 -3.864689260112200587e-03
4.750000000000000000e+02 1.999999283422460916e+00 5.565417142299511344e-01 3.154749332480056168e-04 1.443457584320611886e+00 -1.144600603519769138e-04 -2.010300009982109724e-04
4.800000000000000000e+02 1.999999275206484572e+00 8.181394485992944665e-02 1.129685776692878588e-04 1.918185345662116514e+00 -7.842778584406699747e-05 -3.455610738661012854e-05
4.850000000000000000e+02 1.999999266978244261e+00 1.345903426335167907e+00 1.198332206059898831e-03 6.540958561468546151e-01 3.194283402269470573e-04 -1.517776050065253353e-03
4.900000000000000000e+02 1.999999259718233668e+00 1.958255156865135183e+00 5.042431151329549582e-03 4.174411852312196608e-02 7.756122942443006507e-04 -5.818059115597115638e-03
4.950000000000000000e+02 1.999999252382142823e+00 7.931892621360683293e-01 5.121120549125980637e-03 1.206810006079621855e+00 -1.562102500708630699e-03 -3.559033881964637248e-03
5.000000000000000000e+02 1.999999244504659046e+00 4.481381636360216164e-02 3.438361965878983153e-03 1.955185444147423235e+00 -3.316438914887071161e-03 -1.219390573585268087e-04
5.050000000000000000e+02 1.999999236647628686e+00 1.104453320595012888e+00 5.388244491347838651e-03 8.955459322305990844e-01 -6.900430280175394535e-04 -4.698217641313594435e-03
5.100000000000000000e+02 1.999999227455712347e+00 1.999498713252840565e+00 3.788378832824031324e-03 5.005305848982282736e-04 9.537803391031640524e-04 -4.742175553953376609e-03
5.150000000000000000e+02 1.999999222071524585e+00 1.029155802797502517e+00 5.401941278694113741e-04 9.708434357778320534e-01 3.275449648189169053e-04 -8.677555964982288511e-04
5.200000000000000000e+02 1.999999213890422789e+00 3.671262265646958647e-03 1.408118960121815418e-04 1.996327968314788759e+00 -1.189509350492657627e-04 -2.187765097550598733e-05
5.250000000000000000e+02 1.999999205701653349e+00 8.654825101570552404e-01 7.978270342653931251e-04 1.134516712421473672e+00 -2.157911617559363985e-04 -5.820527493849344267e-04
5.300000000000000000e+02 1.999999198036410686e+00 1.980512348430640834e+00 4.700723194862694958e-03 1.948686665685901362e-02 5.968775821403095880e-04 -5.297617828091840883e-03
5.350000000000000000e+02 1.999999192541407567e+00 1.271017729490744097e+00 6.088216761490039888e-03 7.289814802245524472e-01 -7.889394719199720706e-04 -5.299294463459391924e-03
5.400000000000000000e+02 1.999999184397702079e+00 8.554049856573249511e-02 3.450838936153739506e-03 1.914458703184378940e+00 -3.273667694230193801e-03 -1.771885943327175604e-04
5.450000000000000000e+02 1.999999176510748544e+00 6.311484677674951138e-01 4.456429016952325427e-03 1.368850726267655915e+00 -1.426557315709552640e-03 -3.029889225645340106e-03
5.500000000000000000e+02 1.999999168198367094e+00 1.896897351619574623e+00 4.027110325740873922e-03 1.031018342852795672e-01 1.037802010607264194e-03 -5.064930042835553287e-03
5.550000000000000000e+02 1.999999162228936367e+00 1.495314783942922165e+00 8.704305230750984798e-04 5.046843961265022882e-01 8.213786247984809601e-04 -1.691826988361466244e-03
5.600000000000000000e+02 1.999999154387009703e+00 1.597367017492236640e-01 2.798693358309884793e-04 1.840262470655396054e+00 5.453441906989818489e-05 -3.344217725107836970e-04
5.650000000000000000e+02 1.999999146092136471e+00 4.175447534037813879e-01 5.759560691833949878e-04 1.582454410894313934e+00 -6.378145443310559264e-04 6.184026918886175719e-05
5.700000000000000000e+02 1.999999137936309346e+00 1.774442849020674062e+00 4.063589632264034794e-03 2.255563073059381474e-01 1.280524735922180949e-04 -4.191660496159127502e-03
5.750000000000000000e+02 1.999999133329104728e+00 1.688511007380905093e+00 6.824121180702653194e-03 3.114881444418995393e-01 -1.625335751766079993e-04 -6.661606099225939569e-03
5.800000000000000000e+02 1.999999124794094474e+00 3.451973032089897253e-01 3.936212888536400403e-03 1.654801840265791357e+00 -2.851553334718870403e-03 -1.084678234504125481e-03
5.850000000000000000e+02 1.999999115978592368e+00 2.475358806273642298e-01 3.536392934269656611e-03 1.752463254223265876e+00 -2.092251458734819061e-03 -1.444160347572426024e-03
5.900000000000000000e+02 1.999999107557948630e+00 1.584958226817498872e+00 3.934161725541450959e-03 4.150408997954598833e-01 8.259998463088788836e-04 -4.760180626860144662e-03
5.950000000000000000e+02 1.999999102230614945e+00 1.845420834127128984e+00 1.220385084940449468e-03 1.545782872761537474e-01 1.252368401654460357e-03 -2.472772659262903634e-03
6.000000000000000000e+02 1.999999095966479068e+00 5.133194730537645745e-01 4.971805711509981940e-04 1.486679642224586928e+00 4.012147399446586030e-04 -8.984146229681985599e-04
6.050000000000000000e+02 1.999999087479520155e+00 1.074076457238234000e-01 5.936995164063400485e-04 1.892591461258456675e+00 -8.479224630479804698e-04 2.542034438819589046e-04
6.100000000000000000e+02 1.999999078847337186e+00 1.388561882589475216e+00 3.283347472831649530e-03 6.114372159545772289e-01 -5.248732841570602145e-04 -2.758493885389841187e-03
6.150000000000000000e+02 1.999999072587518301e+00 1.947500692049931370e+00 7.160336297852430004e-03 5.249840037382831615e-02 1.691496519199520523e-04 -7.329505786013625762e-03
6.200000000000000000e+02 1.999999066407700532e+00 7.626980409986477971e-01 4.780115844379481845e-03 1.237301045379989084e+00 -2.146283342086733204e-03 -2.633852473229272937e-03
6.250000000000000000e+02 1.999999057177311634e+00 4.384949088426459696e-02 2.832692803400405166e-03 1.956149586462900603e+00 -2.529025376110603882e-03 -3.036875971434633333e-04
6.300000000000000000e+02 1.999999047977236488e+00 1.136962871900703886e+00 3.527438190072277723e-03 8.630361964445147915e-01 3.751318659034396730e-04 -3.902590423958090908e-03
6.350000000000000000e+02 1.999999041487025675e+00 1.997150465517000484e+00 1.500924029508126896e-03 2.848596478631493928e-03 1.521801256811954224e-03 -3.022745794926408845e-03
6.400000000000000000e+02 1.999999037467434571e+00 9.813009130802919922e-01 7.390463290953626536e-04 1.018698144983234410e+00 8.391677820417867270e-04 -1.578234707228926004e-03
6.450000000000000000e+02 1.999999029014911001e+00 7.980258125682888198e-03 8.558312952546773007e-04 1.992018791672601541e+00 -7.964166628081483044e-04 -5.943541581989643537e-05
6.500000000000000000e+02 1.999999020334282118e+00 9.136554412938745484e-01 2.546581870129494517e-03 1.086343600016643096e+00 -1.211638808593220717e-03 -1.334964037771781912e-03
6.550000000000000000e+02 1.999999012211266303e+00 1.987109715340245053e+00 7.019693439980346887e-03 1.288931802632310372e-02 1.269544485606378568e-04 -7.146669043842843010e-03
6.600000000000000000e+02 1.999999007407120777e+00 1.239823687315968481e+00 5.785062174546731772e-03 7.601753413509868551e-01 -1.319234393488809536e-03 -4.465849040892561940e-03
6.650000000000000000e+02 1.999998998372765735e+00 6.801570857106686852e-02 2.498222176558225968e-03 1.931983311254807267e+00 -2.632303238774148790e-03 1.340596091075451214e-04
6.700000000000000000e+02 1.999998989115892467e+00 6.582012413980075083e-01 2.896754005564227113e-03 1.341797769367766957e+00 -2.020288710334491281e-04 -2.694746784412976881e-03
6.750000000000000000e+02 1.999998980403691728e+00 1.914804247697268202e+00 1.641142837620687602e-03 8.519475454260312663e-02 1.570393536307403658e-03 -3.211558210107877918e-03
6.800000000000000000e+02 1.999998977591044946e+00 1.453679502640736310e+00 9.440869354416564409e-04 5.463194968467431911e-01 1.264599552024990104e-03 -2.208708383901113355e-03
6.850000000000000000e+02 1.999998969905212753e+00 1.426228108929958882e-01 1.309156077532557753e-03 1.857376181075560684e+00 -4.946254307594084507e-04 -8.145527101168933103e-04
6.900000000000000000e+02 1.999998961405075049e+00 4.614317183232252706e-01 2.030755245018280811e-03 1.538567265330671452e+00 -1.773108704954278565e-03 -2.576687888858572605e-04
6.950000000000000000e+02 1.999998952541472752e+00 1.798060312645481496e+00 6.435023079898358547e-03 2.019386623378459089e-01 -2.805469855078307853e-04 -6.154498536245465133e-03
7.000000000000000000e+02 1.999998945994299726e+00 1.664332049620645071e+00 6.715815383985826621e-03 3.356669189575264278e-01 -5.599172083828407673e-04 -6.155920759474793440e-03
7.050000000000000000e+02 1.999998937674592803e+00 3.143681774106254490e-01 2.599747077800374992e-03 1.685630783023966073e+00 -2.374865273391303395e-03 -2.249045644080746662e-04
7.100000000000000000e+02 1.999998928554434618e+00 2.612237432597284692e-01 2.181951992148016637e-03 1.738775208246368109e+00 -7.638883144532804736e-04 -1.418086629356990177e-03
7.150000000000000000e+02 1.999998919405669762e+00 1.617700123668982748e+00 1.605101862873407545e-03 3.822988188810719223e-01 1.392175564050062569e-03 -2.997300571308122823e-03
7.200000000000000000e+02 1.999998915287358958e+00 1.819430945465053684e+00 1.058594677234273810e-03 1.805679930538484634e-01 1.576473932135040923e-03 -2.635091840912380089e-03
7.250000000000000000e+02 1.999998909261228919e+00 4.796609011303271108e-01 1.854274710443822201e-03 1.520338031490500619e+00 -1.276021624470735158e-05 -1.841537853798265673e-03
7.300000000000000000e+02 1.999998900240215427e+00 1.382517124209280135e-01 1.862836809506424008e-03 1.861747211372361210e+00 -2.078707680338559745e-03 2.158473177582473357e-04
7.350000000000000000e+02 1.999998890894698400e+00 1.424849743758942022e+00 5.542165806622196059e-03 5.751491708890078547e-01 -9.588627823287469189e-04 -4.583326777544950714e-03
7.400000000000000000e+02 1.999998883989346110e+00 1.936361191675348703e+00 7.353733984504728059e-03 6.363771621430400205e-02 -4.214661699687432693e-05 -7.311611267814335791e-03
7.450000000000000000e+02 1.999998877875707848e+00 7.249721023565059985e-01 3.103257164055451406e-03 1.275026799547206879e+00 -1.812858674407807034e-03 -1.290422517652513789e-03
7.500000000000000000e+02 1.999998868742515645e+00 3.937588960475428557e-02 1.540004376253822352e-03 1.960623003355492333e+00 -1.173580026129817299e-03 -3.664485678547318363e-04
7.550000000000000000e+02 1.999998859373067539e+00 1.175639594180361680e+00 1.399670360128388476e-03 8.243592896050560004e-01 1.035399809008450940e-03 -2.435094581486842245e-03
7.600000000000000000e+02 1.999998852973197794e+00 1.992601788388991269e+00 1.050484576868259291e-03 7.397089130172541070e-03 1.700759647370689862e-03 -2.751268770204836397e-03
7.650000000000000000e+02 1.999998849306164894e+00 9.398442701222831097e-01 2.368221856089209286e-03 1.060154603805711471e+00 5.359125020770249626e-04 -2.904158979996124615e-03
7.700000000000000000e+02 1.999998840389021204e+00 2.011540474399530279e-02 2.089672388667985700e-03 1.979883460454415767e+00 -2.057060848197182941e-03 -3.263634986042689487e-05
7.750000000000000000e+02 1.999998831066137406e+00 9.552842152075174953e-01 4.548777637653023641e-03 1.044714640864265132e+00 -1.749799365902046959e-03 -2.799003277396214934e-03
7.800000000000000000e+02 1.999998822094189777e+00 1.991915400694559413e+00 7.547589537035929996e-03 8.083446593138298233e-03 1.164395290446699712e-04 -7.664054259588418475e-03
7.850000000000000000e+02 1.999998816681742619e+00 1.203248384416231387e+00 3.882347773094209278e-03 7.967504575715631532e-01 -1.072707296082941585e-03 -2.809665783063281571e-03
7.900000000000000000e+02 1.999998807833460290e+00 4.483940067705456667e-02 1.108841551475967272e-03 1.955159432644250739e+00 -1.330946610414290897e-03 2.220795710932595146e-04
7.950000000000000000e+02 1.999998798843779513e+00 6.925095158996162903e-01 1.071844608917302396e-03 1.307489308616177404e+00 5.903917471102269887e-04 -1.662262028041713987e-03
8.000000000000000000e+02 1.999998790810386673e+00 1.932505757836320726e+00 9.182009899798365899e-04 6.749305881093997650e-02 1.608373731647237768e-03 -2.526600558500726942e-03
8.050000000000000000e+02 1.999998786709403120e+00 1.414991195780377575e+00 2.732965533990618610e-03 5.850076168506886942e-01 1.021119014576631805e-03 -3.754110470230093751e-03
8.100000000000000000e+02 1.999998777892248558e+00 1.347892827593901721e-01 2.666879452917432329e-03 1.865209521236799173e+00 -1.712823487935745664e-03 -9.540820689224474788e-04
8.150000000000000000e+02 1.999998768810500982e+00 4.998291814419728030e-01 3.686280668297403206e-03 1.500169613660002454e+00 -2.468726783117500614e-03 -1.217580176653972925e-03
8.200000000000000000e+02 1.999998760397915909e+00 1.817913845884160384e+00 7.248900163611091650e-03 1.820849409779332351e-01 -1.180975333002038882e-04 -7.130829094488704174e-03
8.250000000000000000e+02 1.999998755049291255e+00 1.636689854994223703e+00 4.747765752786629184e-03 3.633089266292494623e-01 -3.218456245003140570e-04 -4.425946702468398601e-03
8.300000000000000000e+02 1.999998746946664241e+00 2.763493315421468033e-01 9.760967269356956395e-04 1.723649442143438515e+00 -1.195648878279634026e-03 2.195254124228729895e-04
8.350000000000000000e+02 1.999998738995549363e+00 2.818679588487172372e-01 6.966145851301803332e-04 1.718130807046542419e+00 1.675171234240742130e-04 -8.641586082643014106e-04
8.400000000000000000e+02 1.999998730936590086e+00 1.653281521297067513e+00 6.920053927471801411e-04 3.467172367020917578e-01 1.322276085070069745e-03 -2.014308540386051689e-03
8.450000000000000000e+02 1.999998724880142964e+00 1.793427806412013492e+00 2.863402988224506701e-03 2.065709456549567613e-01 1.326036178971142648e-03 -4.189466354022845090e-03
8.500000000000000000e+02 1.999998717155994310e+00 4.552827991318192380e-01 3.468690999906617108e-03 1.544715945368154264e+00 -1.125982003243712788e-03 -2.342736340641772379e-03
8.550000000000000000e+02 1.999998708125160007e+00 1.656277941490615635e-01 3.156340063289905101e-03 1.834370941503748575e+00 -2.947910214088888745e-03 -2.084573768512076831e-04
8.600000000000000000e+02 1.999998700088047698e+00 1.455267570469968907e+00 6.523330694240683097e-03 5.447311573082688207e-01 -6.881092419561298358e-04 -5.835249142474521582e-03
8.650000000000000000e+02 1.999998694162627766e+00 1.923322657072609188e+00 5.491430660865727863e-03 7.667606490034738209e-02 2.701044893640790591e-04 -5.761562960558614006e-03
8.700000000000000000e+02 1.999998686713958307e+00 6.794818358608085695e-01 1.159706815335735273e-03 1.320516878814036232e+00 -7.962442077205568892e-04 -3.634905685019928817e-04
8.750000000000000000e+02 1.999998678798204477e+00 4.024859250260820476e-02 3.586444966977716479e-04 1.959750114415230060e+00 -1.292760223852376254e-04 -2.293965939462058680e-04
8.800000000000000000e+02 1.999998670871917739e+00 1.220569284401090693e+00 4.270326676294652619e-04 7.794294147489823077e-01 9.118548021474733641e-04 -1.338915747932715528e-03
8.850000000000000000e+02 1.999998662880046352e+00 1.986237740326178836e+00 2.728360207404306390e-03 1.376095099389766652e-02 1.375120293068963270e-03 -4.103508940503151556e-03
8.900000000000000000e+02 1.999998656320030488e+00 9.062085855886713448e-01 4.316470513324385805e-03 1.093790099303834085e+00 -4.338323476851329522e-04 -3.882666738114422342e-03
8.950000000000000000e+02 1.999998648468765294e+00 3.129643243142745529e-02 3.084372319256675505e-03 1.968702244767128073e+00 -3.075651373296228556e-03 -8.749675750736533023e-06
9.000000000000000000e+02 1.999998640810606743e+00 9.892623010967493968e-01 5.535421558172557224e-03 1.010736368596613088e+00 -1.458052964498678453e-03 -4.077397476429787081e-03
9.050000000000000000e+02 1.999998631391344261e+00 1.995688520217649975e+00 5.934764874937333012e-03 4.310140246020810126e-03 5.707441145338076590e-04 -6.505538061797457722e-03
9.100000000000000000e+02 1.999998627169419452e+00 1.159447072031325687e+00 1.604666140244811676e-03 8.405515842947554050e-01 -2.232291422772268111e-04 -1.381466154629191860e-03
9.150000000000000000e+02 1.999998618840919784e+00 2.446010950095624248e-02 1.322237888340682948e-04 1.975538538662864330e+00 -2.270576974776850282e-04 9.480458574289130612e-05
9.200000000000000000e+02 1.999998609963133278e+00 7.360861391306818824e-01 1.897928405868810951e-04 1.263912500332476485e+00 4.760152993355736776e-04 -6.658376399475831675e-04
9.250000000000000000e+02 1.999998601386961727e+00 1.948153732414999117e+00 2.359377522849479165e-03 5.184489864373338641e-02 1.152572566399845573e-03 -3.511979761020338903e-03
9.300000000000000000e+02 1.999998597057283556e+00 1.381525594988533001e+00 5.019551001486789558e-03 6.184730318274364036e-01 2.003763062953208332e-04 -5.219957066468491197e-03
9.350000000000000000e+02 1.999998589018106010e+00 1.284289874523554531e-01 3.490727549127119970e-03 1.871569631484459650e+00 -2.822220330049559148e-03 -6.685371377868022311e-04
9.400000000000000000e+02 1.999998579801022691e+00 5.295050200239964644e-01 4.510334064492382312e-03 1.470493589879535712e+00 -2.246442629192755159e-03 -2.263921537808985616e-03
9.450000000000000000e+02 1.999998569605755838e+00 1.836710999730200689e+00 5.969998719538125928e-03 1.632876001820119105e-01 5.156094124912970764e-04 -6.485638438485826808e-03
9.500000000000000000e+02 1.999998565449665922e+00 1.603376527672417451e+00 2.196643282283232673e-03 3.966220681667942949e-01 3.923678499450982088e-04 -2.589041521773927275e-03
9.550000000000000000e+02 1.999998557957905598e+00 2.382228237098714396e-01 6.408235657656684455e-05 1.761775764786573273e+00 -1.010165809676504624e-04 3.690368585191705717e-05
9.600000000000000000e+02 1.999998549199051734e+00 3.137205170274915966e-01 4.163037362156822644e-05 1.686278062884432938e+00 1.192541812421631846e-04 -1.609152677364269145e-04
9.650000000000000000e+02 1.999998540115466072e+00 1.688186872550049733e+00 1.844695471881730884e-03 3.118116984594158092e-01 7.067106226840771943e-04 -2.551436988565076829e-03
9.700000000000000000e+02 1.999998535472807815e+00 1.769484666017451469e+00 5.419292131343639990e-03 2.305139004424455462e-01 6.251698658143894395e-04 -6.044492984247066061e-03
9.750000000000000000e+02 1.999998528134208309e+00 4.341657176259791084e-01 4.285969174318953086e-03 1.565832841641056961e+00 -2.246778623434717102e-03 -2.039221683711994054e-03
9.800000000000000000e+02 1.999998518429938921e+00 1.841451377959252289e-01 3.681726635000750515e-03 1.815853411960284713e+00 -2.868361477491858380e-03 -8.133964837801558852e-04
9.850000000000000000e+02 1.999998507959648730e+00 1.483718117720548513e+00 5.584732957155330059e-03 5.162804217746354007e-01 1.228829163934477993e-04 -5.707647409083907095e-03
9.900000000000000000e+02 1.999998501761893088e+00 1.906860535664944178e+00 2.789285051539123084e-03 9.313799775677103487e-02 9.099065354321579603e-04 -3.699223246793223625e-03
9.950000000000000000e+02 1.999998496118305047e+00 6.312896247913706294e-01 1.629022727455055764e-04 1.368708903098670993e+00 2.197969085717961621e-04 -3.827309530538694558e-04
1.000000000000000000e+03 1.999998487165357997e+00 5.276066700162663353e-02 2.340704625473128840e-05 1.947237852114060752e+00 -7.337556889688428034e-05 4.993657231275101425e-05
1.005000000000000000e+03 1.999998477949442188e+00 1.267500860382886785e+00 1.309398614379944084e-03 7.324976497008485188e-01 1.389018401197186965e-04 -1.448332588792711944e-03
1.010000000000000000e+03 1.999998471371447373e+00 1.978905277593317580e+00 5.426340504745150173e-03 2.109322604430078144e-02 7.363655728408469159e-04 -6.162738343757008172e-03
1.015000000000000000e+03 1.999998466098797500e+00 8.765771479984272307e-01 5.291221110875279042e-03 1.123421350471134339e+00 -1.483835208229022755e-03 -3.807418273410296487e-03
1.020000000000000000e+03 1.999998456103707634e+00 3.443115647682312708e-02 3.237952550205557434e-03 1.965567332197826422e+00 -3.178483284289537400e-03 -5.950183685778733688e-05
1.025000000000000000e+03 1.999998446511965344e+00 1.019675291076364454e+00 4.864103953523037267e-03 9.803231881984625362e-01 -5.113282647975648642e-04 -4.352808451587340983e-03
1.030000000000000000e+03 1.999998438705402837e+00 1.998495830630268921e+00 3.238733148861585535e-03 1.502640994296952897e-03 1.212278500859613126e-03 -4.451044568884125925e-03
1.035000000000000000e+03 1.999998434553678317e+00 1.111259027424630785e+00 3.978941076136707777e-04 8.887394401313236658e-01 6.594203302290835246e-04 -1.057347440118921490e-03
1.040000000000000000e+03 1.999998425788166445e+00 1.455076692361183949e-02 1.451953743373482096e-04 1.985447692042502377e+00 -5.646022516380217935e-05 -8.876832712146712234e-05
1.045000000000000000e+03 1.999998416683638203e+00 7.850318181347603064e-01 8.862333349872479529e-04 1.214966631909344175e+00 -4.203785570657793619e-04 -4.658881383875778954e-04
1.050000000000000000e+03 1.999998408814814610e+00 1.960605995949301184e+00 5.042306072352138041e-03 3.939244638373804591e-02 5.020045779909062351e-04 -5.544344168567776586e-03
1.055000000000000000e+03 1.999998404115498785e+00 1.351593501123008911e+00 6.279008336374827283e-03 6.484049366054288610e-01 -7.123069851832873872e-04 -5.566734964130667061e-03
1.060000000000000000e+03 1.999998394717112049e+00 1.155905662581253462e-01 3.278909382324802450e-03 1.884407862261371802e+00 -3.104652219978206937e-03 -1.742909647318495144e-04
1.065000000000000000e+03 1.999998385950434887e+00 5.536851092297351284e-01 3.970324681075835388e-03 1.446313310699588017e+00 -1.235855564206342566e-03 -2.734503095757771611e-03
1.070000000000000000e+03 1.999998377888090983e+00 1.856674922348445111e+00 3.437082864339453901e-03 1.433234896807376590e-01 1.233330952143340663e-03 -4.670447957574670912e-03
1.075000000000000000e+03 1.999998372325243690e+00 1.565299369614969960e+00 7.068066208901602849e-04 4.346990369648504604e-01 1.113123431535096653e-03 -1.819964307001675254e-03
1.080000000000000000e+03 1.999998364247017602e+00 2.080672253190204157e-01 3.833740468237028663e-04 1.791931173345736816e+00 1.650146199980762648e-04 -5.484230845612741382e-04
1.085000000000000000e+03 1.999998355702623298e+00 3.542302721330570225e-01 6.841145740262271485e-04 1.645768118159661064e+00 -8.425176351081005346e-04 1.583684709872042466e-04
1.090000000000000000e+03 1.999998347558121115e+00 1.718955985074825943e+00 4.360415478252813518e-03 2.810423972377387725e-01 -2.944851234804602151e-05 -4.331001720348015734e-03
1.095000000000000000e+03 1.999998342803048113e+00 1.747490985684033049e+00 7.025444330299892085e-03 2.525073919701001368e-01 -1.141392959893317038e-04 -6.911339885395715796e-03
1.100000000000000000e+03 1.999998335173618136e+00 4.085365698628723452e-01 3.793256513445655408e-03 1.591461800316569697e+00 -2.664409753190301756e-03 -1.128881766079085349e-03
1.105000000000000000e+03 1.999998327196871317e+00 1.953331727706660026e-01 3.104684946606515311e-03 1.804665189593832597e+00 -1.879890306545793036e-03 -1.224829807687836513e-03
1.110000000000000000e+03 1.999998318194733615e+00 1.514673743640734482e+00 3.336819098991929654e-03 4.853246099052402895e-01 9.729926821596567759e-04 -4.309847132392534766e-03
1.115000000000000000e+03 1.999998311532770856e+00 1.886672363398274932e+00 1.011496971650544278e-03 1.133259836234273982e-01 1.472590737094908730e-03 -2.484123197676826270e-03
1.120000000000000000e+03 1.999998304765061130e+00 5.878107966035672760e-01 6.857324130875562269e-04 1.412187543788896882e+00 5.367022760848602810e-04 -1.222470316574968303e-03
1.125000000000000000e+03 1.999998296830642897e+00 7.638892148180452535e-02 7.619783434338351508e-04 1.923609411137687353e+00 -1.031225160595434934e-03 2.692110283125799227e-04
1.130000000000000000e+03 1.999998288448513017e+00 1.310837959900711613e+00 3.544589464605186688e-03 6.891603645070860651e-01 -7.398903124979383256e-04 -2.804735111392334199e-03
1.135000000000000000e+03 1.999998280260389505e+00 1.971170610488567343e+00 7.361922303552969997e-03 2.882770590012943140e-02 1.680829734337391679e-04 -7.530041405294134529e-03
1.140000000000000000e+03 1.999998274887109684e+00 8.443565532038922461e-01 4.661084217598963388e-03 1.155641757921620272e+00 -1.960773473619567900e-03 -2.700346982382358357e-03
1.145000000000000000e+03 1.999998266498375976e+00 2.891023457096777993e-02 2.460987086507459166e-03 1.971088068338610944e+00 -2.292597410833026404e-03 -1.684260868773717820e-04
1.150000000000000000e+03 1.999998257290974246e+00 1.052841247829918503e+00 2.960641931501366460e-03 9.471570460632438015e-01 4.966147014650697722e-04 -3.457293235154730495e-03
1.155000000000000000e+03 1.999998247891523695e+00 1.999819949949485753e+00 1.237215422209140322e-03 1.783347412129439855e-04 1.652122612719789845e-03 -2.889374834104083221e-03
1.160000000000000000e+03 1.999998243857935121e+00 1.064510187927108165e+00 9.834514159574240903e-04 9.354880928135043128e-01 9.675056090159469538e-04 -1.950993907650960292e-03
1.165000000000000000e+03 1.999998236066443891e+00 1.682657157816397353e-02 1.114253424888996978e-03 1.983171701531594389e+00 -9.452432544915462340e-04 -1.690472137122051282e-04
1.170000000000000000e+03 1.999998227757287417e+00 8.322683951257878743e-01 2.791628857587546107e-03 1.167729869845799406e+00 -1.468949068261534222e-03 -1.322717003625928280e-03
1.175000000000000000e+03 1.999998218754452051e+00 1.970049242442654558e+00 7.214332334842801439e-03 2.994901371311328026e-02 6.465363644230570975e-05 -7.279023372600889295e-03
1.180000000000000000e+03 1.999998214226334170e+00 1.320525417135975044e+00 5.681452089477249424e-03 6.794728345858289664e-01 -1.158222486962938924e-03 -4.523267097984531165e-03
1.185000000000000000e+03 1.999998205512685479e+00 9.357630445197903657e-02 2.181087498590794909e-03 1.906421938738876332e+00 -2.377812501986700886e-03 1.966873252262591409e-04
1.190000000000000000e+03 1.999998196059659339e+00 5.797217072624947232e-01 2.394792382125737924e-03 1.420276526675215756e+00 -8.102061728693809748e-05 -2.313809642890082320e-03
1.195000000000000000e+03 1.999998187000416872e+00 1.878121235560836988e+00 1.330691395897028867e-03 1.218769895098950340e-01 1.609381579584732644e-03 -2.940111045796427441e-03
1.200000000000000000e+03 1.999998183553992614e+00 1.526115706107209036e+00 1.207366360408495664e-03 4.738825155899816233e-01 1.351016913531397903e-03 -2.558421417138227131e-03
1.205000000000000000e+03 1.999998175936619882e+00 1.895316484846557292e-01 1.671334308678649279e-03 1.810466565754848656e+00 -6.080996546366493252e-04 -1.063272956926350748e-03
1.210000000000000000e+03 1.999998166943885325e+00 3.958183407264699860e-01 2.285399676949683833e-03 1.604179864708040304e+00 -2.051430849168972906e-03 -2.340073184053953362e-04
1.215000000000000000e+03 1.999998157736829096e+00 1.744419410443518226e+00 6.620495477772332660e-03 2.555787859768864356e-01 -4.046133541692540476e-04 -6.215920807178516513e-03
1.220000000000000000e+03 1.999998152617865177e+00 1.725025221396270014e+00 6.618620909820576055e-03 2.749729700136241961e-01 -4.443266792913756866e-04 -6.174333022558061053e-03
1.225000000000000000e+03 1.999998144893020857e+00 3.741387366006646564e-01 2.322548247905635056e-03 1.625859447248584555e+00 -2.115987171208353647e-03 -2.066000329260062756e-04
1.230000000000000000e+03 1.999998135644075914e+00 2.065405864802734026e-01 1.767937551984505003e-03 1.793457588318972951e+00 -6.229152013769514995e-04 -1.145061505778129617e-03
1.235000000000000000e+03 1.999998126215467797e+00 1.550150971785588139e+00 1.272421694806676095e-03 4.498471937887767447e-01 1.355476955131672961e-03 -2.627938008835226623e-03
1.240000000000000000e+03 1.999998121505384585e+00 1.864141388298231172e+00 1.304867008000822797e-03 1.358567726677782361e-01 1.590977395551336840e-03 -2.895883864177037793e-03
1.245000000000000000e+03 1.999998115437418011e+00 5.538799886545822115e-01 2.314904804626727666e-03 1.446118166372497571e+00 -1.027825596355642554e-04 -2.212161834653281634e-03
1.250000000000000000e+03 1.999998106741262660e+00 1.041404082783407709e-01 2.153846740155538914e-03 1.895857738236764511e+00 -2.355903173796056443e-03 2.020166597979174312e-04
1.255000000000000000e+03 1.999998097590952151e+00 1.347376203106323445e+00 5.721545533854888871e-03 6.526219344519748056e-01 -1.134703305913548760e-03 -4.586882195287387415e-03
1.260000000000000000e+03 1.999998089003850898e+00 1.962693859219859283e+00 7.256431880320861165e-03 3.730426993690186960e-02 1.414442589498957564e-05 -7.270616459126215923e-03
1.265000000000000000e+03 1.999998082926182974e+00 8.046185840970169201e-01 2.845660288486196159e-03 1.195379539112727540e+00 -1.568430674358974259e-03 -1.277269897688721682e-03
1.270000000000000000e+03 1.999998073799313714e+00 2.104902189731088641e-02 1.220836875751090018e-03 1.978949092385245523e+00 -1.001749456556584334e-03 -2.191279024373665111e-04
1.275000000000000000e+03 1.999998064802434250e+00 1.092970301040915082e+00 1.080216213767960093e-03 9.070278044420962971e-01 9.519313012364841523e-04 -2.032188195581238147e-03
1.280000000000000000e+03 1.999998058443317905e+00 1.999160924527606520e+00 1.253373374974100932e-03 8.371747353855012912e-04 1.624774646823962283e-03 -2.878188841472241119e-03
1.285000000000000000e+03 1.999998053750714266e+00 1.024198435817868402e+00 2.904660534117818865e-03 9.757996588545251315e-01 4.474075386057951441e-04 -3.352108994402936207e-03
1.290000000000000000e+03 1.999998044143526332e+00 2.582684144540841470e-02 2.438904674838164068e-03 1.974171243826436939e+00 -2.315340618080764020e-03 -1.236051850765607595e-04
1.295000000000000000e+03 1.999998034885600351e+00 8.723294235853906731e-01 4.729208271810158952e-03 1.127668652627135337e+00 -1.959716493060084750e-03 -2.769533105675358459e-03
1.300000000000000000e+03 1.999998026889297176e+00 1.977605872267741649e+00 7.448206182743524056e-03 2.239219612101942328e-02 1.103302731267139089e-04 -7.558577955334155885e-03
1.305000000000000000e+03 1.999998021646736568e+00 1.283766618180176344e+00 3.622830152624416204e-03 7.162314450812031774e-01 -8.628132112133563014e-04 -2.760058556054052759e-03
1.310000000000000000e+03 1.999998013060842350e+00 6.687945324801483626e-02 8.738063474743753114e-04 1.933118601617436871e+00 -1.129123377678955924e-03 2.552752255952914825e-04
1.315000000000000000e+03 1.999998004492624881e+00 6.140228632269814080e-01 8.035067295234830194e-04 1.385975183260833354e+00 4.954874603641935653e-04 -1.299036185077396708e-03
1.320000000000000000e+03 1.999997996586949212e+00 1.899467915195321321e+00 1.066812559465000251e-03 1.005301235624558448e-01 1.439158696474362401e-03 -2.506013426766849368e-03
1.325000000000000000e+03 1.999997993868363855e+00 1.489920067665045922e+00 3.310500342818981177e-03 5.100779684341226750e-01 9.075507106962280197e-04 -4.218093284320285213e-03
1.330000000000000000e+03 1.999997985218596286e+00 1.792794905826252672e-01 3.086216466862339285e-03 1.820718537055336483e+00 -1.942782766510526161e-03 -1.143476119717592217e-03
1.335000000000000000e+03 1.999997975635699810e+00 4.310345895609812850e-01 3.876708543781799514e-03 1.568963428701356966e+00 -2.691385656996705868e-03 -1.185365513423526423e-03
1.340000000000000000e+03 1.999997966611075206e+00 1.766225697308927645e+00 7.150427176366173400e-03 2.337723121251542024e-01 -1.777113123433259197e-04 -6.972758687029926780e-03
1.345000000000000000e+03 1.999997961382441680e+00 1.698875890226100527e+00 4.468298386322052361e-03 3.011221140950555153e-01 -1.631321333504179706e-04 -4.305209191685833818e-03
1.350000000000000000e+03 1.999997953632022485e+00 3.332736510899070859e-01 7.992552488229373153e-04 1.666724345653573636e+00 -9.756276482319235039e-04 1.763292879511384637e-04
1.355000000000000000e+03 1.999997945051333437e+00 2.258848536530593532e-01 5.103052530648500684e-04 1.774113134703064532e+00 9.474852523531461371e-05 -6.050970830908625024e-04
1.360000000000000000e+03 1.999997936637521123e+00 1.588520884455401072e+00 7.930598880794557156e-04 4.114770956764190468e-01 1.074060073252499714e-03 -1.867163455631397221e-03
1.365000000000000000e+03 1.999997932863008199e+00 1.841585044418565964e+00 3.442979100472721380e-03 1.584129320235295457e-01 1.162883490493064973e-03 -4.605906170052897868e-03
1.370000000000000000e+03 1.999997926513773283e+00 5.283889537408035242e-01 3.956962234217452357e-03 1.471609016491737032e+00 -1.328487385733868181e-03 -2.628518567250547142e-03
1.375000000000000000e+03 1.999997917018125237e+00 1.273056181445592350e-01 3.364836199327904832e-03 1.872692342799465504e+00 -3.162680807917339111e-03 -2.021993173102350737e-04
1.380000000000000000e+03 1.999997907625027604e+00 1.378243482143850729e+00 6.432283865350756774e-03 6.217544696119866598e-01 -7.820579946795405126e-04 -5.650270001480866416e-03
1.385000000000000000e+03 1.999997900475931845e+00 1.952287003989375602e+00 5.181393370245692027e-03 4.771094077649522952e-02 3.689522734066921707e-04 -5.550389933591429181e-03
1.390000000000000000e+03 1.999997895447581886e+00 7.576045369350208336e-01 1.005397085035865607e-03 1.242393402913564371e+00 -5.773048557223902462e-04 -4.281366303166252510e-04
1.395000000000000000e+03 1.999997886937571856e+00 1.980013486311531928e-02 2.703171934881848999e-04 1.980197796668591304e+00 -1.555529027262112646e-04 -1.148088848967087402e-04
1.400000000000000000e+03 1.999997878454409461e+00 1.139427384454465786e+00 5.026345002864987099e-04 8.605705387875126622e-01 6.133454217879276676e-04 -1.116024709643599492e-03
1.405000000000000000e+03 1.999997870725629845e+00 1.996570695799871675e+00 3.274964518922003024e-03 3.427219888873115749e-03 1.146298247477168771e-03 -4.421307729514164543e-03
1.410000000000000000e+03 1.999997866876892294e+00 9.910389669488232078e-01 4.859153499812238208e-03 1.008958944976681371e+00 -6.192355016713448632e-04 -4.239963046752846625e-03
1.415000000000000000e+03 1.999997857473933882e+00 3.259183448569410307e-02 3.315655096819124150e-03 1.967406068243729544e+00 -3.266366837043176673e-03 -4.933351526595067862e-05
1.420000000000000000e+03 1.999997848112605503e+00 9.048960271385838583e-01 5.458983747216265142e-03 1.095101866434078364e+00 -1.561102429062360053e-03 -3.897926778210455620e-03
1.425000000000000000e+03 1.999997839812950762e+00 1.984353343962152572e+00 5.593174383927443025e-03 1.564454149406133490e-02 6.122608810749997389e-04 -6.205480908265122164e-03
1.430000000000000000e+03 1.999997835818740910e+00 1.240099654227021064e+00 1.434844271998404058e-03 7.598982273239150986e-01 -2.699775019739864056e-05 -1.407892253996300119e-03
1.435000000000000000e+03 1.999997827769367520e+00 4.422321181794757611e-02 1.382902357712583168e-04 1.955774661866384045e+00 -1.966093180262856320e-04 5.827316729117610635e-05
1.440000000000000000e+03 1.999997819512578934e+00 6.577624993715570634e-01 2.713791597865912713e-04 1.342235366244942663e+00 1.647389627919968380e-04 -4.361642264999103058e-04
1.445000000000000000e+03 1.999997811369340406e+00 1.918504588727740545e+00 2.849144932894339104e-03 8.149326893159818119e-02 8.549249455304278955e-04 -3.704116168422964296e-03
1.450000000000000000e+03 1.999997806890912999e+00 1.458430672738928235e+00 5.591439396633297518e-03 5.415671805430981589e-01 1.559123245427270575e-05 -5.607077020200968744e-03
1.455000000000000000e+03 1.999997798901163026e+00 1.691678748155772127e-01 3.744357864144826683e-03 1.830829970653442107e+00 -2.979733409459278150e-03 -7.646710225418174500e-04
1.460000000000000000e+03 1.999997790138979825e+00 4.575143052702325686e-01 4.453022700115917554e-03 1.542483531628098037e+00 -2.332804751166150502e-03 -2.120264708300499592e-03
1.465000000000000000e+03 1.999997781084001280e+00 1.787469927240336931e+00 5.605383539960671034e-03 2.125279008016597304e-01 5.145223911471549262e-04 -6.119952889103431187e-03
1.470000000000000000e+03 1.999997776083594747e+00 1.667300472714191795e+00 1.978512535950432017e-03 3.326973504392241043e-01 5.475852383187542263e-04 -2.526144844090486875e-03
1.475000000000000000e+03 1.999997768846981216e+00 2.934203547252808852e-01 1.413298913061996243e-04 1.706577461354968017e+00 -1.898508919638351695e-05 -1.223920353776313831e-04
1.480000000000000000e+03 1.999997760649391276e+00 2.567554407073152634e-01 1.615636536953760798e-04 1.743242367362499712e+00 -1.660703080042159234e-04 4.459233884808392259e-06
1.485000000000000000e+03 1.999997752261759798e+00 1.625803364512762306e+00 2.269146809716636719e-03 3.741944353611153518e-01 3.515511375827181902e-04 -2.620745559417461852e-03
1.490000000000000000e+03 1.999997746006074939e+00 1.820675181161047984e+00 5.989605133018492331e-03 1.793226125998048925e-01 4.235005533611051415e-04 -6.413153441157621280e-03
1.495000000000000000e+03 1.999997738360030475e+00 5.048955621974463570e-01 4.555555694425274423e-03 1.495102224086713116e+00 -2.369949024656508273e-03 -2.185654593898148524e-03
1.500000000000000000e+03 1.999997730436984922e+00 1.413374823326989937e-01 3.642679336707259959e-03 1.858660296201749773e+00 -2.917012521001066151e-03 -7.257149131698505248e-04
1.505000000000000000e+03 1.999997722242761622e+00 1.407870453807844591e+00 5.212495193956508122e-03 5.921273167107813373e-01 1.042264199428368670e-04 -5.316769889763641940e-03
1.510000000000000000e+03 1.999997714799249593e+00 1.938737604111478774e+00 2.501669385200762548e-03 6.126015912881034586e-02 1.014121780968395628e-03 -3.515839607208728380e-03
1.515000000000000000e+03 1.999997707975535111e+00 7.088140593343693618e-01 2.729220189829902423e-04 1.291183697236288896e+00 3.354399830215238666e-04 -6.084105971270361689e-04
1.520000000000000000e+03 1.999997699813189866e+00 3.067299797203926551e-02 2.062468335665880589e-04 1.969324750621402886e+00 -3.007482418364794863e-04 9.445262801762059689e-05
1.525000000000000000e+03 1.999997691692005031e+00 1.187335292277099219e+00 1.675955348759364076e-03 8.126624483794243625e-01 -2.497295152408548851e-04 -1.426274798037088830e-03
1.530000000000000000e+03 1.999997684560811395e+00 1.992632388940990262e+00 5.965096572998488528e-03 7.365344746102670329e-03 5.048213065970038856e-04 -6.469967005877035049e-03
1.535000000000000000e+03 1.999997677847584532e+00 9.607910529001227884e-01 5.564845247336629164e-03 1.039206674222566296e+00 -1.578811107588147002e-03 -3.986083414853368312e-03
1.540000000000000000e+03 1.999997669181837967e+00 3.075157182365769598e-02 3.209692913932080290e-03 1.969246146822136501e+00 -3.176976321443293616e-03 -3.276605644534476768e-05
1.545000000000000000e+03 1.999997661165683116e+00 9.347686451842340816e-01 4.501885241711195071e-03 1.065229065619377025e+00 -5.167956262556780813e-04 -3.985139253383726717e-03
1.550000000000000000e+03 1.999997652701816619e+00 1.990550055046824474e+00 2.875917243803936211e-03 9.447647478463459814e-03 1.267103208665972414e-03 -4.143070275941076845e-03
1.555000000000000000e+03 1.999997648098875480e+00 1.192755333353759273e+00 4.949798587424865089e-04 8.072423646712844070e-01 7.834251477482197202e-04 -1.278454932658803535e-03
1.560000000000000000e+03 1.999997639898783763e+00 3.265742132520877555e-02 4.007659133754470828e-04 1.967340268684133919e+00 -2.070124854659999357e-04 -1.938035384685532622e-04
1.565000000000000000e+03 1.999997631492945738e+00 7.062266506342322891e-01 1.215057756939201278e-03 1.293771031158833518e+00 -8.103034134667988411e-04 -4.048046435924020645e-04
1.570000000000000000e+03 1.999997623831969218e+00 1.933922384473793166e+00 5.526424453483482803e-03 6.607528983005327150e-02 2.365181167636065294e-04 -5.762993042124004914e-03
1.575000000000000000e+03 1.999997619119840309e+00 1.429613024048663528e+00 6.540913436417073248e-03 5.703846456474872539e-01 -7.902141530635598942e-04 -5.750749859664058133e-03
1.580000000000000000e+03 1.999997609910064256e+00 1.517816382935774921e-01 3.247954071711038528e-03 1.848216022392741298e+00 -3.050657807607874260e-03 -1.973470403576927529e-04
1.585000000000000000e+03 1.999997601002302616e+00 4.793908115519849300e-01 3.632514799575857663e-03 1.520606840418552208e+00 -1.197969760724249553e-03 -2.434596007086347377e-03
1.590000000000000000e+03 1.999997592544841440e+00 1.810499555015119499e+00 3.009332197675300153e-03 1.894980886808514120e-01 1.252794409482532083e-03 -4.262177758287707605e-03
1.595000000000000000e+03 1.999997589192371805e+00 1.631481897638205503e+00 7.475118226434758744e-04 3.685157427779256478e-01 1.220029653880367899e-03 -1.967592700283052245e-03
1.600000000000000000e+03 1.999997582190824907e+00 2.622330641909574878e-01 7.033323621834363260e-04 1.737764569378432489e+00 9.358292319402881844e-05 -7.969666639420790221e-04
1.605000000000000000e+03 1.999997573587021460e+00 2.956155497316700353e-01 1.002164897428617146e-03 1.704382075425784571e+00 -1.199801368079449204e-03 1.975849002173537833e-04
1.610000000000000000e+03 1.999997564969082431e+00 1.658410123721599128e+00 4.778078202778418028e-03 3.415874930098277695e-01 -3.219836722031125327e-04 -4.456146292919673131e-03
1.615000000000000000e+03 1.999997558501507289e+00 1.801093046195528347e+00 7.258789941900651958e-03 1.989045642113557166e-01 -1.876004019077248263e-04 -7.071241445369688856e-03
1.620000000000000000e+03 1.999997550422443204e+00 4.759626732437481356e-01 3.742375170271654457e-03 1.524034929258225146e+00 -2.564889409349679038e-03 -1.177537840452010272e-03
1.625000000000000000e+03 1.999997541345250429e+00 1.488230677551569403e-01 2.797555072624115669e-03 1.851174525863411580e+00 -1.775596891812939631e-03 -1.022010454129370889e-03
1.630000000000000000e+03 1.999997532554874002e+00 1.440854292660249225e+00 2.867458214597567393e-03 5.591432923555856860e-01 9.815902193189114059e-04 -3.849100894877559905e-03
1.635000000000000000e+03 1.999997527142432396e+00 1.921860476636025661e+00 9.636953351919876455e-04 7.813710308431388862e-02 1.543532333255547961e-03 -2.507280246354633493e-03
1.640000000000000000e+03 1.999997521962837199e+00 6.654225760228742459e-01 1.044534708700747567e-03 1.334574998629777687e+00 5.304741710633341422e-04 -1.575061569578900316e-03
1.645000000000000000e+03 1.999997513113457748e+00 5.205066146144918249e-02 1.095745342122660462e-03 1.947946904536040025e+00 -1.326973975133020726e-03 2.311757489787489434e-04
1.650000000000000000e+03 1.999997504282572613e+00 1.230938165594337219e+00 3.896875579691734450e-03 7.690593917660069057e-01 -1.042541184168668724e-03 -2.854387473294495072e-03
1.655000000000000000e+03 1.999997496965925992e+00 1.987870041885515526e+00 7.552106554031130271e-03 1.212750831741397570e-02 8.884563022560687041e-05 -7.641005421260217874e-03
1.660000000000000000e+03 1.999997491462213173e+00 9.270344875022440423e-01 4.572606976076743629e-03 1.072963057314586299e+00 -1.829258600553111637e-03 -2.743401730140527812e-03
1.665000000000000000e+03 1.999997482151246730e+00 2.082094944324092839e-02 2.179844998055938468e-03 1.979176586259433934e+00 -2.110981532828674467e-03 -6.891701665547793169e-05
1.670000000000000000e+03 1.999997472995961756e+00 9.684638781207435265e-01 2.480290626700010475e-03 1.031533648619724852e+00 5.248284765655539166e-04 -3.005172847772160163e-03
1.675000000000000000e+03 1.999997465614734793e+00 1.995626074834233155e+00 1.086659875599253495e-03 4.371444681393390000e-03 1.679741793450166901e-03 -2.766455569941191593e-03
1.680000000000000000e+03 1.999997462630723533e+00 1.147444336253441888e+00 1.343587393814897613e-03 8.525531803412030873e-01 1.000411667893539181e-03 -2.344053025629567067e-03
1.685000000000000000e+03 1.999997454063840774e+00 3.279011786045259863e-02 1.482875207161692349e-03 1.967207390351745522e+00 -1.161409306775863792e-03 -3.215200487432164924e-04
1.690000000000000000e+03 1.999997445194278356e+00 7.520760343589927288e-01 3.091181888081928879e-03 1.247921465175059641e+00 -1.758368699025856033e-03 -1.332867528830111812e-03
1.695000000000000000e+03 1.999997436611507196e+00 1.946031175812449776e+00 7.352136600443859998e-03 5.396631532299592943e-02 -2.484791031258329978e-05 -7.327343214069889470e-03
1.700000000000000000e+03 1.999997430089565320e+00 1.398883683155838220e+00 5.540823917062883373e-03 6.011138015966588366e-01 -1.011009157327635291e-03 -4.529869422667059074e-03
1.705000000000000000e+03 1.999997421272993181e+00 1.255096118654971948e-01 1.910347596823922921e-03 1.874487864254757996e+00 -2.122324395920258903e-03 2.119219518344558776e-04
1.710000000000000000e+03 1.999997412634035410e+00 5.043532371256062019e-01 1.934004356258077527e-03 1.495644230535348118e+00 -2.924703619266988414e-06 -1.931134679557632537e-03
1.715000000000000000e+03 1.999997404374962873e+00 1.835424423804526972e+00 1.083671048204167464e-03 1.645730357695052992e-01 1.599754053440407804e-03 -2.683480300713596625e-03
1.720000000000000000e+03 1.999997400627187005e+00 1.595000775029692619e+00 1.527697446769342828e-03 4.049966808752289982e-01 1.391621711676540403e-03 -2.919374436180522878e-03
1.725000000000000000e+03 1.999997392684305764e+00 2.423420437029147334e-01 2.081656043318830165e-03 1.757655404426918144e+00 -7.411063366759406551e-04 -1.340605152169887723e-03
1.730000000000000000e+03 1.999997383572384768e+00 3.344686959623547340e-01 2.552627057653595460e-03 1.665528743248540167e+00 -2.303206206433499117e-03 -2.494764897297609705e-04
1.735000000000000000e+03 1.999997374562783037e+00 1.685433950540524028e+00 6.704243590192573987e-03 3.145634798506922181e-01 -5.013250150626491009e-04 -6.202974403563175920e-03
1.740000000000000000e+03 1.999997369116213841e+00 1.780506875161344871e+00 6.417421517338095516e-03 2.194905498976532365e-01 -2.964963161645541067e-04 -6.120981143957610754e-03
1.745000000000000000e+03 1.999997361079292268e+00 4.382859352425926835e-01 2.038832861643786239e-03 1.561711481945711189e+00 -1.803290553497015510e-03 -2.355984171584262410e-04
1.750000000000000000e+03 1.999997352397373751e+00 1.576257880045521809e-01 1.349882891843816411e-03 1.842371620680322675e+00 -4.715526966424607599e-04 -8.783864827026748034e-04
1.755000000000000000e+03 1.999997344115868270e+00 1.478891636598020698e+00 9.540175393723712401e-04 5.211057639753682302e-01 1.326709743260481075e-03 -2.280783740153587494e-03
1.760000000000000000e+03 1.999997338671346325e+00 1.902912444101976686e+00 1.550121283931763525e-03 9.708495113989384917e-02 1.610291265426776501e-03 -3.160469119882886990e-03
1.765000000000000000e+03 1.999997332621337831e+00 6.314143922244721541e-01 2.759625176974233370e-03 1.368582997092475884e+00 -1.642016044367913580e-04 -2.595480268147497965e-03
1.770000000000000000e+03 1.999997323268076777e+00 7.634304040987197060e-02 2.411705652820998313e-03 1.923654339748472220e+00 -2.550254737848942164e-03 1.384921947605990478e-04
1.775000000000000000e+03 1.999997314093485246e+00 1.267386453960110959e+00 5.757663440829847122e-03 7.326109172140113923e-01 -1.228376911558963069e-03 -4.529343609908175090e-03
1.780000000000000000e+03 1.999997307539446378e+00 1.982119757568419516e+00 6.994251056810116447e-03 1.787760718684181308e-02 1.520530265664054637e-04 -7.146361299191569469e-03
1.785000000000000000e+03 1.999997301034132091e+00 8.855973022284675533e-01 2.523227716001904750e-03 1.114400056154774443e+00 -1.224209151569049603e-03 -1.299075913542669042e-03
1.790000000000000000e+03 1.999997293121491104e+00 9.808113760805491771e-03 8.557236598949780363e-04 1.990189236870612000e+00 -7.662572217720080986e-04 -8.952394804939374018e-05
1.795000000000000000e+03 1.999997285246744472e+00 1.009813450833852988e+00 7.286452116067209566e-04 9.901838920822620960e-01 9.298671856615356446e-04 -1.658570066639160389e-03
1.800000000000000000e+03 1.999997276025009096e+00 1.998835876397430544e+00 1.402523026806132972e-03 1.161457486006884548e-03 1.603115357867530974e-03 -3.005696243101846354e-03
1.805000000000000000e+03 1.999997271069177351e+00 1.108518862434473062e+00 3.364033497275161367e-03 8.914784665946329234e-01 4.333354203179393864e-04 -3.797426877521885031e-03
1.810000000000000000e+03 1.999997263292992322e+00 3.840378359708884748e-02 2.707547653927002210e-03 1.961593537814329213e+00 -2.441809185267217446e-03 -2.657965870854491581e-04
1.815000000000000000e+03 1.999997255431887222e+00 7.902306792567808102e-01 4.730975981896154772e-03 1.209766634453623535e+00 -2.035459100121678189e-03 -2.695575160291462796e-03
1.820000000000000000e+03 1.999997246580138333e+00 1.956272280542707520e+00 7.133022741630743943e-03 4.372502449643861366e-02 2.343710452456337738e-04 -7.367452245883997219e-03
1.825000000000000000e+03 1.999997241649906776e+00 1.362237941559915733e+00 3.239984880923110939e-03 6.377593586494347822e-01 -5.156637280891141449e-04 -2.724379712277883673e-03
1.830000000000000000e+03 1.999997233648621586e+00 9.567103875370759625e-02 5.564055423696970563e-04 1.904326253615702402e+00 -8.143805803953268162e-04 2.579163172368530675e-04
1.835000000000000000e+03 1.999997225188351102e+00 5.384382360281764202e-01 4.618685178784230779e-04 1.461559048051043197e+00 5.075564486064369817e-04 -9.694838573536278042e-04
1.840000000000000000e+03 1.999997216290360535e+00 1.860259353789201375e+00 1.118313928472736965e-03 1.397379215716393619e-01 1.370350384455446642e-03 -2.488723383408528861e-03
1.845000000000000000e+03 1.999997210582027396e+00 1.561493721863325579e+00 3.757261724421919174e-03 4.385035479058960184e-01 9.091010306435938319e-04 -4.666421942259654440e-03
1.850000000000000000e+03 1.999997202891436343e+00 2.295572018065176745e-01 3.378698968490691148e-03 1.770440060427020068e+00 -2.002876822234260501e-03 -1.375881488357454758e-03
1.855000000000000000e+03 1.999997194968293535e+00 3.662147506498681371e-01 3.861487792994766893e-03 1.633782503819936949e+00 -2.733806160924912368e-03 -1.127741133581599805e-03
1.860000000000000000e+03 1.999997186318901221e+00 1.709008590466975841e+00 6.797435310567020127e-03 2.909886555274191489e-01 -6.447697796937873504e-05 -6.733018008091639674e-03
1.865000000000000000e+03 1.999997180226038340e+00 1.756091120686867901e+00 4.013152877083969554e-03 2.439061193382432435e-01 1.618597252826102658e-04 -4.175072401439832923e-03
1.870000000000000000e+03 1.999997173120153349e+00 3.950431277849849043e-01 5.102314673556437559e-04 1.604954105276465981e+00 -6.021060269496706155e-04 9.181461829676603923e-05
1.875000000000000000e+03 1.999997164594763843e+00 1.755655178039888797e-01 2.175416606611809778e-04 1.824431706902532868e+00 1.633320655499424280e-04 -3.809338379691487890e-04
1.880000000000000000e+03 1.999997155631048962e+00 1.519787751405150766e+00 7.657164642775985157e-04 4.802094645170692511e-01 9.659991652554574763e-04 -1.731775920704117832e-03
1.885000000000000000e+03 1.999997149695508902e+00 1.883878203080670666e+00 3.849374191690135578e-03 1.161190070260232077e-01 1.147651077225169368e-03 -4.997085680100299063e-03
1.890000000000000000e+03 1.999997143258962717e+00 6.048241624830192897e-01 4.276902623903316991e-03 1.395173041315663554e+00 -1.335779759199328884e-03 -2.941183404423794792e-03
1.895000000000000000e+03 1.999997134670952192e+00 9.508919667606552384e-02 3.350470094445680367e-03 1.904907998706259153e+00 -3.160534330687605337e-03 -1.899964751307229617e-04
1.900000000000000000e+03 1.999997125209408644e+00 1.298450675925753472e+00 6.061402834976884965e-03 7.015465101843758600e-01 -6.708322150114383450e-04 -5.390631520686227536e-03
1.905000000000000000e+03 1.999997116332115965e+00 1.974495162286798999e+00 4.655492398191490855e-03 2.550201512516705321e-02 6.553478310490527337e-04 -5.310901309090693828e-03
1.910000000000000000e+03 1.999997112002645849e+00 8.375465583825034699e-01 7.162731231160579482e-04 1.162450614785539571e+00 -1.773372696656631852e-04 -5.389970188471800453e-04
1.915000000000000000e+03 1.999997103238898788e+00 6.498022081081139198e-03 5.329216840266548733e-05 1.993499142498089682e+00 -1.884440361908768744e-05 -3.450910505574922001e-05
1.920000000000000000e+03 1.999997094213362470e+00 1.057477264063240607e+00 4.319310347588081723e-04 9.425198916705381791e-01 4.849573241825890293e-04 -9.169498793580836563e-04
1.925000000000000000e+03 1.999997086039831728e+00 1.999935599226383420e+00 3.620184212345856859e-03 6.154849806946659826e-05 1.088071026491633023e-03 -4.708316923458549796e-03
1.930000000000000000e+03 1.999997082651531644e+00 1.075932159271259403e+00 5.200775406844487282e-03 9.240649851316014018e-01 -5.969487378458429409e-04 -4.603888420327694082e-03
1.935000000000000000e+03 1.999997073797794567e+00 4.063778183668897287e-02 3.316931978495211465e-03 1.959359353888902477e+00 -3.216416470417580043e-03 -1.005774358749184029e-04
1.940000000000000000e+03 1.999997064148078207e+00 8.211374100185457880e-01 5.091523919266950464e-03 1.178859716250012957e+00 -1.440042532336986876e-03 -3.651543507410573344e-03
1.945000000000000000e+03 1.999997054649553130e+00 1.966033747504763562e+00 5.012036371696073321e-03 3.396336945543902697e-02 8.549325665167758527e-04 -5.867031248862166967e-03
1.950000000000000000e+03 1.999997050831076706e+00 1.319142035221295473e+00 1.115518709971204678e-03 6.808550779966915378e-01 3.618520111343180947e-04 -1.477433108015984830e-03
1.955000000000000000e+03 1.999997042590353269e+00 7.098295385802912139e-02 6.625513290817243709e-06 1.929014151283632073e+00 5.456219823557007989e-06 -1.214428442224877649e-05
1.960000000000000000e+03 1.999997033707892502e+00 5.820194365188579022e-01 2.022143677004000070e-04 1.417977659917645905e+00 4.027833459655595682e-05 -2.425554309079928114e-04
1.965000000000000000e+03 1.999997025101481807e+00 1.882446549379564127e+00 3.125311048292788579e-03 1.175505386226006477e-01 7.389832070956792783e-04 -3.864357156071413727e-03
1.970000000000000000e+03 1.999997021255095486e+00 1.532088723081290960e+00 5.941903790393434845e-03 4.679083611514328056e-01 3.897239409411325142e-05 -5.980939162115837468e-03
1.975000000000000000e+03 1.999997012405472896e+00 2.156683184924121366e-01 3.770398476064011455e-03 1.784328757067528581e+00 -2.888738122118051851e-03 -8.817235084139750378e-04
1.980000000000000000e+03 1.999997002579965377e+00 3.893260314805315758e-01 4.108127665233271726e-03 1.610671034450725125e+00 -2.190586230896889291e-03 -1.917604785627752143e-03
1.985000000000000000e+03 1.999996992805838092e+00 1.732630289146670721e+00 4.995809596641579385e-03 2.673667672063547718e-01 7.193861133856399885e-04 -5.715259257214553787e-03
1.990000000000000000e+03 1.999996989032857719e+00 1.726589060010077281e+00 1.605525620727610812e-03 2.734079926454618947e-01 8.905513400386848777e-04 -2.496140583447322564e-03
1.995000000000000000e+03 1.999996982247683963e+00 3.538635785355261909e-01 8.607356062708433478e-05 1.646133467470339173e+00 2.306299861719565052e-04 -3.167673049802067499e-04
2.000000000000000000e+03 1.999996973333246331e+00 2.051925297014655369e-01 1.390901871332386719e-04 1.794804507568604546e+00 -2.638302285560257220e-04 1.246761045990499588e-04
2.005000000000000000e+03 1.999996964094306495e+00 1.559096603090622812e+00 2.484311007536358588e-03 4.409004251259353024e-01 1.770966336543320892e-04 -2.661471763442241172e-03
2.010000000000000000e+03 1.999996958921826939e+00 1.866043191973401516e+00 6.333026576404584933e-03 1.339538311750131105e-01 4.196738352758492109e-04 -6.752764638268074320e-03
2.015000000000000000e+03 1.999996952097075509e+00 5.789995361229148818e-01 4.608720743426264303e-03 1.420997480337263807e+00 -2.254179425131141046e-03 -2.354605681398624223e-03
2.020000000000000000e+03 1.999996942352471718e+00 1.045890108560271620e-01 3.334200373784828014e-03 1.895407996055991751e+00 -2.746501505456003592e-03 -5.877634278760495226e-04
2.025000000000000000e+03 1.999996932347293699e+00 1.329105167462369508e+00 4.607318968952636880e-03 6.708918296465682385e-01 2.853686373337521081e-04 -4.892752367930817102e-03
2.030000000000000000e+03 1.999996926180924284e+00 1.964067630360756045e+00 2.065096398070550687e-03 3.592936070648155428e-02 1.286685514738219798e-03 -3.351846799121893997e-03
2.035000000000000000e+03 1.999996921121616422e+00 7.886425050395620140e-01 2.693707136172589309e-04 1.211354481070059386e+00 6.023643824720814393e-04 -8.718000840944556233e-04
2.040000000000000000e+03 1.999996912137754324e+00 1.558336478504630807e-02 2.668466856545269696e-04 1.984413612522146320e+00 -3.567588140096923221e-04 8.984695891680513885e-05
2.045000000000000000e+03 1.999996902892132056e+00 1.105961003914837093e+00 1.853326098668991789e-03 8.940359643335435980e-01 -4.705769460541503859e-04 -1.382814508863444009e-03
2.050000000000000000e+03 1.999996895921287487e+00 1.999304766496017960e+00 6.287248560613033048e-03 6.921949225849677659e-04 4.510401429954996556e-04 -6.738354200923815131e-03
2.055000000000000000e+03 1.999996889153538682e+00 1.045154090053650231e+00 5.641352903609620807e-03 9.548428647353249810e-01 -1.461148405869801097e-03 -4.180270133176467069e-03
2.060000000000000000e+03 1.999996880413929867e+00 3.391561107537092307e-02 2.944080418929391138e-03 1.966081335151571352e+00 -2.978153321450121606e-03 3.400708950834303363e-05
2.065000000000000000e+03 1.999996872561499162e+00 8.502977919119026895e-01 3.933449212205039451e-03 1.149699146621961932e+00 -3.416600222665426459e-04 -3.591855162304423074e-03
2.070000000000000000e+03 1.999996863842147032e+00 1.975703495580275026e+00 2.383012356621112306e-03 2.429343441227679867e-02 1.459947008197058551e-03 -3.843025515222661323e-03
2.075000000000000000e+03 1.999996858511042586e+00 1.273117595754474252e+00 5.091141638349786424e-04 7.268793290167124832e-01 1.030551640113059773e-03 -1.539732064092203152e-03
2.080000000000000000e+03 1.999996850188177300e+00 5.775937811980072500e-02 5.650445841215219912e-04 1.942237538498127858e+00 -2.182227615126155920e-04 -3.468882523603801006e-04
2.085000000000000000e+03 1.999996842071423364e+00 6.296174855588460018e-01 1.388619760771231827e-03 1.370379423107522809e+00 -1.056599049302812347e-03 -3.320873064135958382e-04
2.090000000000000000e+03 1.999996833811232833e+00 1.900589954293485873e+00 5.818970312419766838e-03 9.940694628125648635e-02 1.197705630682802070e-04 -5.938807638997562269e-03
2.095000000000000000e+03 1.999996828210704347e+00 1.504473385199878166e+00 6.632905919224359528e-03 4.955235098899918866e-01 -6.955287052172280920e-04 -5.937444093172847097e-03
2.100000000000000000e+03 1.999996820031872735e+00 1.939441611246562058e-01 3.023596611966289198e-03 1.806052725954634397e+00 -2.831993073915586422e-03 -1.916705854687264098e-04
2.105000000000000000e+03 1.999996812252108791e+00 4.087752721475173545e-01 3.126384343161346408e-03 1.591221607312148123e+00 -1.012492541261216438e-03 -2.113959009456556088e-03
2.110000000000000000e+03 1.999996804088934432e+00 1.758705616834209451e+00 2.483845118372302128e-03 2.412912546305934769e-01 1.372989714332759200e-03 -3.856902208573540543e-03
2.115000000000000000e+03 1.999996797526740533e+00 1.693409639419829471e+00 7.446671177103496774e-04 3.065872256203430735e-01 1.410911124865431732e-03 -2.155645756007410624e-03
2.120000000000000000e+03 1.999996789582941803e+00 3.217924042392648620e-01 9.725153737775664832e-04 1.678204453021291176e+00 1.167961216342121132e-04 -1.089379173025966947e-03
2.125000000000000000e+03 1.999996781205385821e+00 2.420881437777127609e-01 1.209733656008665954e-03 1.757908705277869910e+00 -1.447821157672845443e-03 2.380196514674327195e-04
2.130000000000000000e+03 1.999996773225014346e+00 1.593168281389195862e+00 5.041283476471111399e-03 4.068285598504093881e-01 -5.028711396161946942e-04 -4.538480351446052066e-03
2.135000000000000000e+03 1.999996767916301765e+00 1.848916483002013500e+00 7.357201753970143109e-03 1.510803530392672289e-01 -1.375543743226580119e-04 -7.219715504626626756e-03
2.140000000000000000e+03 1.999996760189081124e+00 5.470403630373263937e-01 3.550580010329399457e-03 1.452956465438137501e+00 -2.342623666190321498e-03 -1.208024630521937863e-03
2.145000000000000000e+03 1.999996752323807803e+00 1.083633056396018091e-01 2.367808162401474539e-03 1.891633515134967247e+00 -1.569097017590459671e-03 -7.987795955724672154e-04
2.150000000000000000e+03 1.999996744076974364e+00 1.364030501098517423e+00 2.344696906590515179e-03 6.359663116021178064e-01 1.049797790717309220e-03 -3.394563320968465095e-03
2.155000000000000000e+03 1.999996736472051895e+00 1.950729443301211008e+00 9.174646930598189497e-04 4.926736195618833941e-02 1.650275017939736811e-03 -2.567808496346900629e-03
2.160000000000000000e+03 1.999996729429126319e+00 7.456000622166375491e-01 1.400933934459016716e-03 1.254396736146125901e+00 5.659738879935554204e-04 -1.966976756089590297e-03
2.165000000000000000e+03 1.999996721559101021e+00 3.449902027714586011e-02 1.371072251912316183e-03 1.965497770379693643e+00 -1.556620288908434381e-03 1.854789392576974860e-04
2.170000000000000000e+03 1.999996713759012223e+00 1.149383886112915532e+00 4.140138230366542486e-03 8.506128969061732548e-01 -1.277308950757768524e-03 -2.862898539685168522e-03
2.175000000000000000e+03 1.999996704748766785e+00 1.997471564926954768e+00 7.649487421520422686e-03 2.525209272019183267e-03 8.028934229994968649e-05 -7.729846214027608423e-03
2.180000000000000000e+03 1.999996699731059868e+00 1.010147302802499425e+00 4.400100624798307380e-03 9.898494664850100433e-01 -1.624491352109155243e-03 -2.775678829138557464e-03
2.185000000000000000e+03 1.999996691832212514e+00 1.972252788420526814e-02 1.826807994875902100e-03 1.980274233672175033e+00 -1.881208842403188104e-03 5.433112335936387383e-05
2.190000000000000000e+03 1.999996683733893166e+00 8.844154944380669958e-01 1.999161695647070063e-03 1.115581259192813146e+00 5.693990838594648919e-04 -2.568630676493518887e-03
2.195000000000000000e+03 1.999996674374189487e+00 1.984593114509571876e+00 9.858266310192708836e-04 1.540362996330771686e-02 1.689381939473160073e-03 -2.675278669182682475e-03
2.200000000000000000e+03 1.999996668730661842e+00 1.229551697269299471e+00 1.754996264397916958e-03 7.704450416814789815e-01 1.018720305685096245e-03 -2.773786790199493819e-03
2.205000000000000000e+03 1.999996660694883577e+00 5.565230941274655618e-02 1.848577551482247358e-03 1.944344421672307588e+00 -1.361371393246868121e-03 -4.872765484055498956e-04
2.210000000000000000e+03 1.999996652918807349e+00 6.736410034603058650e-01 3.331251073348205031e-03 1.326355720012762918e+00 -2.028118268682104972e-03 -1.303203358927591165e-03
2.215000000000000000e+03 1.999996644477126662e+00 1.915205340031576497e+00 7.444638996070949630e-03 8.479137517879674346e-02 -9.554933959153770018e-05 -7.349160389725985405e-03
2.220000000000000000e+03 1.999996639944049637e+00 1.474323414192374226e+00 5.373283041975040163e-03 5.256732965814466807e-01 -8.450819333515194667e-04 -4.528271938394588976e-03
2.225000000000000000e+03 1.999996631907221545e+00 1.637186934857541576e-01 1.621076603504095813e-03 1.836278009424564539e+00 -1.876226298909332117e-03 2.550786923080467189e-04
2.230000000000000000e+03 1.999996623191194534e+00 4.325878119667869171e-01 1.528053242240369394e-03 1.567408882417264060e+00 4.673604564093707575e-05 -1.574860480737998213e-03
2.235000000000000000e+03 1.999996614119785354e+00 1.787033938553305612e+00 9.353368492743131379e-04 2.129627469579762900e-01 1.517438639015153152e-03 -2.452846879785962244e-03
2.240000000000000000e+03 1.999996609485979793e+00 1.659898318442850185e+00 1.954782016147816985e-03 3.400983625360489704e-01 1.362220667157819365e-03 -3.317074176224647872e-03
2.245000000000000000e+03 1.999996602197151807e+00 3.005542634073227748e-01 2.544508726794343905e-03 1.699442410439556017e+00 -9.115604210361416678e-04 -1.633019955485010433e-03
2.250000000000000000e+03 1.999996593384975707e+00 2.778505278911040377e-01 2.809931550075069583e-03 1.722146137331877602e+00 -2.584934973909286653e-03 -2.250684141719330310e-04
2.255000000000000000e+03 1.999996584059642535e+00 1.621475324286024922e+00 6.792279430981934193e-03 3.785213318112033987e-01 -6.269046948132362025e-04 -6.165446773754510758e-03
2.260000000000000000e+03 1.999996577888195404e+00 1.830368256895936518e+00 6.243203412402776112e-03 1.696283931641094922e-01 -1.857247591054635865e-04 -6.057550825148261438e-03
2.265000000000000000e+03 1.999996571246468013e+00 5.065044803652990479e-01 1.790121274981909191e-03 1.493492163197732703e+00 -1.555676786751392961e-03 -2.345168047942173140e-04
2.270000000000000000e+03 1.999996562435175429e+00 1.147656562218404147e-01 1.039549646244648795e-03 1.885230978724808271e+00 -3.944989879167037547e-04 -6.451231698013068548e-04
2.275000000000000000e+03 1.999996553292946677e+00 1.404475449775567597e+00 7.820098943478861813e-04 5.955211762321914737e-01 1.174728699029819155e-03 -1.956811308190095546e-03
2.280000000000000000e+03 1.999996547272516079e+00 1.935512625311513579e+00 1.955216159035980637e-03 6.448399480972170916e-02 1.508522527471885819e-03 -3.463811535227061689e-03
2.285000000000000000e+03 1.999996541635389979e+00 7.115993002507656762e-01 3.309195753122361802e-03 1.288397314356013457e+00 -3.164823500371881284e-04 -2.992786374474585773e-03
2.290000000000000000e+03 1.999996533408023414e+00 5.510870944428686996e-02 2.705629625170568285e-03 1.944887897113156905e+00 -2.822093890999912216e-03 1.163911164091857619e-04
2.295000000000000000e+03 1.999996524605239800e+00 1.185377072458363878e+00 5.845168495275425251e-03 8.146195254857903079e-01 -1.392642972702820559e-03 -4.452598861486948070e-03
2.300000000000000000e+03 1.999996515239883532e+00 1.994506340581144954e+00 6.807315670719881091e-03 5.490248203850655630e-03 2.009037243081918719e-04 -7.008292940140003341e-03
2.305000000000000000e+03 1.999996511299859447e+00 9.674734726400000540e-01 2.286515417789026280e-03 1.032523112290335998e+00 -9.945178635424227823e-04 -1.292071184723490732e-03
2.310000000000000000e+03 1.999996502805881260e+00 5.679709865357465172e-03 6.436106643263780598e-04 1.994316866760709184e+00 -6.506171407507737019e-04 6.932656239332352750e-06
2.315000000000000000e+03 1.999996494077225240e+00 9.268258760281102848e-01 5.675209837648325772e-04 1.073170692065742893e+00 7.426644375790316874e-04 -1.310259437971765008e-03
2.320000000000000000e+03 1.999996485849275141e+00 1.991652831377352273e+00 1.757877246146464026e-03 8.343728673658562869e-03 1.416197622815634468e-03 -3.174149070697759954e-03
2.325000000000000000e+03 1.999996480879668193e+00 1.192129416777091278e+00 3.974917198828033585e-03 8.078671384148052859e-01 2.799180207145624292e-04 -4.254909531771085794e-03
2.330000000000000000e+03 1.999996473153725418e+00 5.779950292344665508e-02 3.051733157587925398e-03 1.942197044711392984e+00 -2.687769143853927477e-03 -3.640384948484285776e-04
2.335000000000000000e+03 1.999996464916766969e+00 7.094957676997879492e-01 4.823625824428552124e-03 1.290500771876827546e+00 -2.216861108978063211e-03 -2.606839375299006400e-03
2.340000000000000000e+03 1.999996455973048759e+00 1.928090285708913054e+00 6.934155827341975317e-03 7.190624511954679665e-02 2.265408228025920200e-04 -7.160771505555487033e-03
2.345000000000000000e+03 1.999996451040762180e+00 1.438214485254593500e+00 2.987248677099138550e-03 5.617820407513255399e-01 -3.233482418453473999e-04 -2.663975400410414310e-03
2.350000000000000000e+03 1.999996443161648152e+00 1.309921193265032868e-01 4.265225684828609170e-04 1.869004398976941150e+00 -6.617412430931296973e-04 2.351435328140700132e-04
2.355000000000000000e+03 1.999996434920223942e+00 4.663523366089743494e-01 3.480167151140839258e-04 1.533644173639688857e+00 3.239422114576686186e-04 -6.720342550107768825e-04
2.360000000000000000e+03 1.999996426285687523e+00 1.815169671527746109e+00 1.411883269539324299e-03 1.848268302824513099e-01 1.101099864196665532e-03 -2.513058658245837049e-03
2.365000000000000000e+03 1.999996421006571490e+00 1.629173516808913647e+00 4.394391148943289221e-03 3.708229798416932677e-01 7.324678552054477917e-04 -5.126934648184059036e-03
2.370000000000000000e+03 1.999996413442775900e+00 2.852750484803163733e-01 3.777453344088509482e-03 1.714721440773568251e+00 -2.215996843993107632e-03 -1.561532311204231463e-03
2.375000000000000000e+03 1.999996405167581370e+00 3.057790143672745042e-01 3.964446701831023795e-03 1.694217466792262039e+00 -2.909784559473695131e-03 -1.054738134312444790e-03
2.380000000000000000e+03 1.999996396302295310e+00 1.646693593459334526e+00 6.593328046139356087e-03 3.533028790285145382e-01 -1.121674523586514038e-04 -6.481236779334372672e-03
2.385000000000000000e+03 1.999996390162239512e+00 1.808004752360632406e+00 3.722649926694841273e-03 1.919917141239487479e-01 3.024696548079062281e-04 -4.025195903844381792e-03
2.390000000000000000e+03 1.999996383289895263e+00 4.612535258044874187e-01 4.312214781312366128e-04 1.538742933962310877e+00 -4.253942182729148250e-04 -5.903736761250778245e-06
2.395000000000000000e+03 1.999996375061730003e+00 1.312944072865073197e-01 1.796592420734641204e-04 1.868702044439239707e+00 1.787292632468453793e-05 -1.976088324152556444e-04
2.400000000000000000e+03 1.999996366723055807e+00 1.447588843721742791e+00 1.003124616309820872e-03 5.524075998555985079e-01 6.332617145365144638e-04 -1.636463185131892782e-03
2.405000000000000000e+03 1.999996359995172890e+00 1.920013139554557213e+00 4.475217715464784723e-03 7.998329744861290558e-02 9.288991415647933738e-04 -5.404193865026974374e-03
2.410000000000000000e+03 1.999996352400831734e+00 6.840152369845464708e-01 4.723579280078223953e-03 1.315981192593488780e+00 -1.518927905919638778e-03 -3.204728551362273550e-03
2.415000000000000000e+03 1.999996344639714430e+00 6.920215211880789696e-02 3.466283054827132542e-03 1.930794269868310709e+00 -3.311713561913874788e-03 -1.546468403175890955e-04
2.420000000000000000e+03 1.999996336671471475e+00 1.216456486494914557e+00 5.861798243792371368e-03 7.835399276978333161e-01 -7.332688435802166673e-04 -5.128606921488715158e-03
2.425000000000000000e+03 1.999996327685978459e+00 1.989844920859213495e+00 4.316155450351846432e-03 1.015148454798727763e-02 7.395704001191943369e-04 -5.055803571693506977e-03
2.430000000000000000e+03 1.999996322657896952e+00 9.188230043429184146e-01 6.477864851441219457e-04 1.081173396149398558e+00 3.160723092873080470e-06 -6.510250426570360609e-04
2.435000000000000000e+03 1.999996314514529416e+00 4.172118083136562572e-04 1.046440929214319249e-04 1.999579180725590266e+00 -1.031035020844587582e-04 -1.618610211723637966e-06
2.440000000000000000e+03 1.999996306381577327e+00 9.753474281833238724e-01 6.341217525671700083e-04 1.024648956403085842e+00 1.204660784970259450e-04 -7.546660358967941917e-04
2.445000000000000000e+03 1.999996297854894856e+00 1.996326838630042344e+00 4.202233805590730072e-03 3.669537624267640245e-03 8.167312261541531410e-04 -5.019043431160391186e-03
2.450000000000000000e+03 1.999996292741798465e+00 1.160227246395086675e+00 5.678578800138977742e-03 8.397691248604934877e-01 -7.610696350932736123e-04 -4.917587678826976574e-03
2.455000000000000000e+03 1.999996283699964739e+00 5.542164270573149421e-02 3.444045900433765055e-03 1.944574719706686716e+00 -3.329859608447723312e-03 -1.142650044392965776e-04
2.460000000000000000e+03 1.999996275524394740e+00 7.385409519354624308e-01 4.905275606341704883e-03 1.261455402479937815e+00 -1.489109744115306010e-03 -3.416244753231905372e-03
2.465000000000000000e+03 1.999996267211936907e+00 1.940915977429775507e+00 4.625464817933713953e-03 5.908036885606378352e-02 8.904249654966501972e-04 -5.515968857332504034e-03
2.470000000000000000e+03 1.999996262058669982e+00 1.396122399658718205e+00 1.016330635434885667e-03 6.038739415896917651e-01 5.240076444745689257e-04 -1.540417469649095743e-03
2.475000000000000000e+03 1.999996254046634281e+00 1.044893960763473156e-01 1.409962167878307457e-04 1.895506937341365550e+00 -1.029834987392147116e-05 -1.307772379926572639e-04
2.480000000000000000e+03 1.999996245766377578e+00 5.094769261959665174e-01 3.993707659101300433e-04 1.490519399129943467e+00 -3.175051344654310757e-04 -8.194519097751100226e-05
2.485000000000000000e+03 1.999996237839578805e+00 1.840241115768723068e+00 3.642213654229756788e-03 1.597552018100230065e-01 4.163524729955854486e-04 -4.058645866392608312e-03
2.490000000000000000e+03 1.999996234299698417e+00 1.601915561442735170e+00 6.427008358853078009e-03 3.980807526757565440e-01 -1.212817260028824251e-04 -6.305806451643174854e-03
2.495000000000000000e+03 1.999996225455062726e+00 2.676781169646679781e-01 3.902609992114576282e-03 1.732318188503733092e+00 -2.959726706922831234e-03 -9.429632985303589661e-04
2.500000000000000000e+03 1.999996215983568471e+00 3.253443863915880807e-01 3.939380861068848307e-03 1.674651909811470940e+00 -2.201051348775645827e-03 -1.738409731783957003e-03
2.505000000000000000e+03 1.999996207042078700e+00 1.672652433448966969e+00 4.575243777057992275e-03 3.273438540079085524e-01 7.260505484164433369e-04 -5.301374740271298444e-03
2.510000000000000000e+03 1.999996202715884408e+00 1.780928540102919122e+00 1.441726177194101134e-03 2.190677431230105277e-01 1.016246488451773115e-03 -2.458053175691264896e-03
2.515000000000000000e+03 1.999996196537739079e+00 4.190461953491905756e-01 2.783569523762997335e-04 1.580950081836215659e+00 2.746496362765059492e-04 -5.530872363198416916e-04
2.520000000000000000e+03 1.999996188071789804e+00 1.595039612172656773e-01 3.623222398732578583e-04 1.840492307693579743e+00 -5.775714628830400880e-04 2.151683839540645437e-04
2.525000000000000000e+03 1.999996179519748063e+00 1.488521047300703559e+00 2.929341387150556208e-03 5.114752132516029448e-01 -1.831247252672061590e-04 -2.746297694441924946e-03
2.530000000000000000e+03 1.999996172826583374e+00 1.905225533180272102e+00 6.799323155842853725e-03 9.477072082934692721e-02 2.488527536889554117e-04 -7.048257092567660614e-03
2.535000000000000000e+03 1.999996166179472290e+00 6.560345521844711536e-01 4.735676115861620072e-03 1.343961695323540484e+00 -2.286246414888619578e-03 -2.449511029512373584e-03
2.540000000000000000e+03 1.999996156549437965e+00 7.406139552766749512e-02 3.179858869823278325e-03 1.925934842558649773e+00 -2.700993429212751335e-03 -4.789469774897146099e-04
2.545000000000000000e+03 1.999996147355744380e+00 1.248065263886211085e+00 4.173689607313082160e-03 7.519309652052341697e-01 2.921569741629182057e-04 -4.465928317177043395e-03
2.550000000000000000e+03 1.999996141084095846e+00 1.982753997443886140e+00 1.816708499342731872e-03 1.724222551276680115e-02 1.366790864071775607e-03 -3.183581235971657576e-03
2.555000000000000000e+03 1.999996136816001080e+00 8.701423315382676993e-01 4.806078819867151903e-04 1.129853887243403632e+00 6.848659822863717049e-04 -1.165555829943262095e-03
2.560000000000000000e+03 1.999996128253572314e+00 7.701651205428164393e-03 5.397041345609274047e-04 1.992294559204924820e+00 -5.980141711490713800e-04 5.822787980766587929e-05
2.565000000000000000e+03 1.999996119625040869e+00 1.023919377514071805e+00 2.234529468979716462e-03 9.760768244608846178e-01 -8.444857994850110336e-04 -1.390126019410190894e-03
2.570000000000000000e+03 1.999996111390576647e+00 1.998863297922085946e+00 6.711599522782793134e-03 1.132896001313566433e-03 2.606166196162671214e-04 -6.972298675221697169e-03
2.575000000000000000e+03 1.999996107257675737e+00 1.129128723280312219e+00 5.750068321061137418e-03 8.708674666003204390e-01 -1.464371155755027701e-03 -4.285779788262970499e-03
2.580000000000000000e+03 1.999996097734382472e+00 4.381304198286745111e-02 2.793309038739556598e-03 1.956183138579235203e+00 -2.870100977528649167e-03 7.670911106861113638e-05
2.585000000000000000e+03 1.999996088318788390e+00 7.669404649023083831e-01 3.509381263709812453e-03 1.233055706445395971e+00 -3.025073608229185093e-04 -3.206956931802847077e-03
2.590000000000000000e+03 1.999996080110369112e+00 1.954116277057889262e+00 2.047695137542287873e-03 4.587988625770951512e-02 1.497369950611018418e-03 -3.545148293383140400e-03
2.595000000000000000e+03 1.999996077119179372e+00 1.351740131268099221e+00 6.947591012388490981e-04 6.482560291207605241e-01 1.123864426351577550e-03 -1.818706797271126083e-03
2.600000000000000000e+03 1.999996069157248257e+00 8.974714949003832765e-02 8.969622959574692070e-04 1.910249003111437194e+00 -3.732836449984140779e-04 -5.237620951863621466e-04
2.605000000000000000e+03 1.999996060461254777e+00 5.557170447058652485e-01 1.725723477067690661e-03 1.444279099391371446e+00 -1.414650808957232733e-03 -3.111563040919868212e-04
2.610000000000000000e+03 1.999996051947034115e+00 1.860853163233517904e+00 6.185716408929562045e-03 1.391429725365647407e-01 -9.078501877163061800e-05 -6.095015213206479883e-03
2.615000000000000000e+03 1.999996047403042043e+00 1.575670564369547444e+00 6.710097315141454535e-03 4.243255669553501752e-01 -6.834011238684670631e-04 -6.026780113128376269e-03
2.620000000000000000e+03 1.999996038932430276e+00 2.417290515506842763e-01 2.859496348824716941e-03 1.758267071484299837e+00 -2.666020992800413342e-03 -1.935594585781844263e-04
2.625000000000000000e+03 1.999996029670760844e+00 3.423859569734939434e-01 2.729662010972553048e-03 1.657610156995281248e+00 -9.124520242857518063e-04 -1.817294284701492747e-03
2.630000000000000000e+03 1.999996020364106286e+00 1.701700476765505954e+00 2.076895970938618177e-03 2.982956280937376081e-01 1.383056243034315675e-03 -3.460036709110359075e-03
2.635000000000000000e+03 1.999996016319192549e+00 1.750639660461831948e+00 8.641590918958561365e-04 2.493564404389812805e-01 1.488251942026602454e-03 -2.352495615542978154e-03
2.640000000000000000e+03 1.999996009407476905e+00 3.863371075356979434e-01 1.355833070836790508e-03 1.613658986601987033e+00 4.439056740022473917e-05 -1.400308368445389281e-03
2.645000000000000000e+03 1.999996001003351731e+00 1.940267568466962911e-01 1.528625864523979134e-03 1.805969329068574103e+00 -1.760788198014296259e-03 2.320774215716037646e-04
2.650000000000000000e+03 1.999995992418366786e+00 1.523697723879314569e+00 5.344964844734009096e-03 4.762983536366618975e-01 -7.248825044711965223e-04 -4.620167437872518303e-03
2.655000000000000000e+03 1.999995984856117959e+00 1.890622208597644072e+00 7.392010481103438412e-03 1.093738615196595820e-01 -1.230977092629616395e-04 -7.268998033026516023e-03
2.660000000000000000e+03 1.999995978060380653e+00 6.212632593119002955e-01 3.353588139163857316e-03 1.378732804152670077e+00 -2.132558497097304401e-03 -1.221115046256042230e-03
2.665000000000000000e+03 1.999995968641424371e+00 7.423533960203186621e-02 2.006034371426742950e-03 1.925760714640352811e+00 -1.389850300823687341e-03 -6.162696715634327031e-04
2.670000000000000000e+03 1.999995959314714522e+00 1.284794788110963815e+00 1.895305194919041968e-03 7.152012569995808144e-01 1.057721917214019761e-03 -2.953112907962677190e-03
2.675000000000000000e+03 1.999995953064110932e+00 1.973086318777812931e+00 9.429461374230337350e-04 2.690972021390597088e-02 1.692332464600959869e-03 -2.635364529632042499e-03
2.680000000000000000e+03 1.999995949188046573e+00 8.277343351707115993e-01 1.812268092534706368e-03 1.172261700025668762e+00 5.568763189358794281e-04 -2.369230419804466744e-03
2.685000000000000000e+03 1.999995940170335329e+00 2.389989671298840476e-02 1.697153207655855258e-03 1.976096129657451739e+00 -1.801710422259364180e-03 1.044710144987340240e-04
2.690000000000000000e+03 1.999995931169750163e+00 1.066730497812428791e+00 4.385891670060161271e-03 9.332655197490108412e-01 -1.494750110276755377e-03 -2.891227951473056713e-03
2.695000000000000000e+03 1.999995922456053066e+00 1.999901282952350812e+00 7.636004749950470703e-03 9.472607993002768521e-05 8.824895429507060424e-05 -7.724340280473643121e-03
2.700000000000000000e+03 1.999995918050672117e+00 1.093140665761415553e+00 4.152269013571237982e-03 9.068553389572312495e-01 -1.389635926548659153e-03 -2.762719754997036963e-03
2.705000000000000000e+03 1.999995908757351781e+00 2.556228538797057290e-02 1.494729635984962807e-03 1.974433710229517525e+00 -1.618924601151649177e-03 1.241081050301610260e-04
2.710000000000000000e+03 1.999995899483172579e+00 8.013647685310812951e-01 1.543668638687963404e-03 1.198631218003406218e+00 6.051990369881949001e-04 -2.148954726991272098e-03
2.715000000000000000e+03 1.999995891715063978e+00 1.966802490263592329e+00 9.080947302718883401e-04 3.319348866322089503e-02 1.688736236659729934e-03 -2.596918178680965132e-03
2.720000000000000000e+03 1.999995888764429575e+00 1.310173479510617689e+00 2.160668542789330980e-03 6.898224965265078445e-01 1.042809103393912799e-03 -3.203564918879455922e-03
2.725000000000000000e+03 1.999995880285371008e+00 8.532745004085594276e-02 2.200510673525686318e-03 1.914668517694047445e+00 -1.527222585710992248e-03 -6.733755373468568260e-04
2.730000000000000000e+03 1.999995871198411823e+00 5.974577186457130651e-01 3.532945474524395481e-03 1.402538240192247043e+00 -2.221473046074988293e-03 -1.311560067998135577e-03
2.735000000000000000e+03 1.999995862180247830e+00 1.877800796644780501e+00 7.383573267463337114e-03 1.221951533629733466e-01 -9.616063554688866343e-05 -7.287500459422577813e-03
2.740000000000000000e+03 1.999995855596187644e+00 1.546357960058204695e+00 5.062435956396110423e-03 4.536379835024978435e-01 -6.056838828176747385e-04 -4.456840038093343691e-03
2.745000000000000000e+03 1.999995846987616233e+00 2.078342009241510024e-01 1.301361016705446282e-03 1.792161734204047008e+00 -1.542514500121592831e-03 2.410653428343470354e-04
2.750000000000000000e+03 1.999995838338835430e+00 3.650334362919317455e-01 1.101661072405452383e-03 1.634962490363592647e+00 1.385669883783783424e-04 -1.240316377472839215e-03
2.755000000000000000e+03 1.999995830077202497e+00 1.733269835736140907e+00 7.657830267667677538e-04 2.667260828260482053e-01 1.479932197681343726e-03 -2.245803709435094213e-03
2.760000000000000000e+03 1.999995825977232355e+00 1.720262210835426409e+00 2.318991447110940133e-03 2.797337037109752789e-01 1.385949996839106520e-03 -3.705030013119349572e-03
2.765000000000000000e+03 1.999995818147978666e+00 3.638418358637853234e-01 2.929814975563339949e-03 1.636154071014079614e+00 -1.001005955030225599e-03 -1.928897750419447232e-03
2.770000000000000000e+03 1.999995808802100816e+00 2.262730121365364722e-01 2.986620653984649581e-03 1.773722885587696307e+00 -2.736022398044072376e-03 -2.506871780727440305e-04
2.775000000000000000e+03 1.999995799860699419e+00 1.553033968647531182e+00 6.691257253086349555e-03 4.469619203185143386e-01 -6.307876161544501105e-04 -6.060558742277645343e-03
2.780000000000000000e+03 1.999995794259403104e+00 1.874293031799160403e+00 5.866049542353293268e-03 1.257028516802459472e-01 4.137651173363709187e-05 -5.907515274090447722e-03
2.785000000000000000e+03 1.999995786609385373e+00 5.782039279600363901e-01 1.457460835626658846e-03 1.421791948024525132e+00 -1.174972251798019540e-03 -2.825779590050119601e-04
2.790000000000000000e+03 1.999995777954151510e+00 7.837258117312495553e-02 6.683226457248301082e-04 1.921623286330910840e+00 -2.271590400832152281e-04 -4.412531555262641340e-04
2.795000000000000000e+03 1.999995769687107128e+00 1.327380157654425297e+00 5.502118779783436676e-04 6.726157017491525281e-01 1.117639675906019004e-03 -1.667941270354896931e-03
2.800000000000000000e+03 1.999995763850525687e+00 1.961636672366126710e+00 2.248938400728844444e-03 3.835918131933845066e-02 1.502715312825036445e-03 -3.751743548493330273e-03
2.805000000000000000e+03 1.999995758048114247e+00 7.939310127278254026e-01 3.722749236228767473e-03 1.206064835272556035e+00 -3.463776842900276711e-04 -3.376461504205714378e-03
2.810000000000000000e+03 1.999995748411733443e+00 4.048973762663640730e-02 2.877216633920624041e-03 1.959506100933053663e+00 -2.918669552356353402e-03 4.136277047910462461e-05
2.815000000000000000e+03 1.999995739348996882e+00 1.101984559114190576e+00 5.717495293595097408e-03 8.980112705663054751e-01 -1.388704101440214021e-03 -4.328881523654154462e-03
2.820000000000000000e+03 1.999995732302625173e+00 1.999780720084688879e+00 6.370835345695524329e-03 2.151026916471923472e-04 4.055797432034297751e-04 -6.776505562610019712e-03
2.825000000000000000e+03 1.999995725991482454e+00 1.049580110835496516e+00 1.914061863948998384e-03 9.504157057572959477e-01 -5.985836317946908623e-04 -1.315568833464601187e-03
2.830000000000000000e+03 1.999995717800536088e+00 8.782932524568388966e-03 3.386189024154174598e-04 1.991212876041422941e+00 -4.023146396813989125e-04 6.360497181095111133e-05
2.835000000000000000e+03 1.999995709829004653e+00 8.445370975294433924e-01 3.150909805686918030e-04 1.155458703224454986e+00 6.902260743824474142e-04 -1.005407979844809068e-03
2.840000000000000000e+03 1.999995701352755839e+00 1.977605758831607607e+00 1.966288000102826231e-03 2.239003361656539612e-02 1.362324319064709809e-03 -3.328703414584726489e-03
2.845000000000000000e+03 1.999995696188452854e+00 1.274458028715503177e+00 4.400743915475320046e-03 7.255377586726395878e-01 2.819251639927563679e-04 -4.682760279158184637e-03
2.850000000000000000e+03 1.999995688144906802e+00 8.380104208138489108e-02 3.234811255256081659e-03 1.916194737424298022e+00 -2.726860442171371787e-03 -5.080421738609414845e-04
2.855000000000000000e+03 1.999995680375785234e+00 6.307469067812488950e-01 4.685754883332007674e-03 1.369248865110678226e+00 -2.191620744744814022e-03 -2.494225654729218845e-03
2.860000000000000000e+03 1.999995672039826422e+00 1.893260193874074293e+00 6.454943523985456032e-03 1.067355698486524840e-01 4.069919445142127661e-04 -6.862027151400383260e-03
2.865000000000000000e+03 1.999995666547897955e+00 1.511106265690671746e+00 2.553760052365585363e-03 4.888894926509407268e-01 5.569434544476179751e-05 -2.609546191525073926e-03
2.870000000000000000e+03 1.999995658734626813e+00 1.726383248567032458e-01 1.815554412277201784e-04 1.827357425827688786e+00 -3.435113945443595430e-04 1.618640035512830273e-04
2.875000000000000000e+03 1.999995650644416090e+00 3.982360247599928127e-01 1.200622393655683719e-04 1.601759717995485444e+00 3.012550076192438875e-04 -4.214093580469489993e-04
2.880000000000000000e+03 1.999995642064074763e+00 1.764466848136202692e+00 1.538503870738698251e-03 2.355288862103573078e-01 9.945534132584500468e-04 -2.533149566482210697e-03
2.885000000000000000e+03 1.999995635686143247e+00 1.692452650344354215e+00 4.810375610576767512e-03 3.075430777534114424e-01 7.336272952289889758e-04 -5.544095317427880608e-03
2.890000000000000000e+03 1.999995627859599834e+00 3.460040135071807410e-01 3.982186929737637111e-03 1.653991706920169058e+00 -2.205279402639793562e-03 -1.777000094848055559e-03
2.895000000000000000e+03 1.999995620064161317e+00 2.501739895282377169e-01 3.832766618652627428e-03 1.749821723258841333e+00 -2.851693411615114152e-03 -9.811659299556940370e-04
2.900000000000000000e+03 1.999995611898863102e+00 1.579730838077933353e+00 6.094987065713233960e-03 4.202648667062480747e-01 5.022353343498158780e-05 -6.145303484466829898e-03
2.905000000000000000e+03 1.999995605200222348e+00 1.854228519932063834e+00 3.218533328806842415e-03 1.457671782884200351e-01 6.388520046244103127e-04 -3.857478353692830354e-03
2.910000000000000000e+03 1.999995598281590903e+00 5.314280367911462521e-01 2.247203219565148099e-04 1.468567654648969212e+00 -6.351067347541076817e-05 -1.613028070058307808e-04
2.915000000000000000e+03 1.999995590155470460e+00 9.338709209387228982e-02 1.565112416342273767e-05 1.906608591382206619e+00 4.451352988912334182e-05 -6.025797466119146590e-05
2.920000000000000000e+03 1.999995581842118009e+00 1.372368807163342863e+00 1.069746107574080177e-03 6.276268681651221426e-01 4.830062491754813720e-04 -1.552845843096511622e-03
2.925000000000000000e+03 1.999995574214239236e+00 1.949675064575719485e+00 4.859544304505332771e-03 5.032060327873499189e-02 8.982522806427425434e-04 -5.757890225363453476e-03
2.930000000000000000e+03 1.999995568869500140e+00 7.654076766525736986e-01 4.952241605309768042e-03 1.234587985963159440e+00 -1.475870678296950077e-03 -3.476464673245771488e-03
2.935000000000000000e+03 1.999995560054357524e+00 4.979891969584392813e-02 3.354009100080433334e-03 1.950196734280678745e+00 -3.215182126873618405e-03 -1.389208953718438111e-04
2.940000000000000000e+03 1.999995550639810604e+00 1.132882453815095003e+00 5.370889791443526386e-03 8.671131909351539324e-01 -5.770578511516573621e-04 -4.793926050730300606e-03
2.945000000000000000e+03 1.999995541876951277e+00 1.998220199335292158e+00 3.746853627524693309e-03 1.775436828785429419e-03 1.018741566110035893e-03 -4.765689480761155748e-03
2.950000000000000000e+03 1.999995537915796096e+00 1.000807492066464022e+00 4.486524870931841058e-04 9.991881402152780201e-01 3.721113197357366412e-04 -8.208581727747055060e-04
2.955000000000000000e+03 1.999995529433564734e+00 1.651243913390062091e-03 3.056197405086908406e-05 1.998344380056068514e+00 -1.844867214914991017e-05 -1.220783779578377083e-05
2.960000000000000000e+03 1.999995520606184130e+00 8.935212004377657280e-01 6.766241409891478927e-04 1.106474414881199131e+00 -5.458436568355630973e-05 -6.221344880862476239e-04
2.965000000000000000e+03 1.999995512371673723e+00 1.985705972492897375e+00 4.539890162316958036e-03 1.428963475729206310e-02 7.315544084894122544e-04 -5.271539449322206611e-03
2.970000000000000000e+03 1.999995508300467240e+00 1.243355645391438946e+00 5.926018962795288718e-03 7.566399578690992112e-01 -7.100015579988554898e-04 -5.216112364867440260e-03
2.975000000000000000e+03 1.999995499582292835e+00 7.676617755887396588e-02 3.358950164893900921e-03 1.923229417158315968e+00 -3.197877922801939474e-03 -1.611673769887309331e-04
2.980000000000000000e+03 1.999995490254836694e+00 6.577762718187023516e-01 4.446626466776279485e-03 1.342219313758610921e+00 -1.325124465409098420e-03 -3.121597323843689972e-03
2.985000000000000000e+03 1.999995480572455353e+00 1.909163785701682992e+00 4.011307689155806620e-03 9.083179038894619028e-02 1.111032890052662293e-03 -5.122436097382361032e-03
2.990000000000000000e+03 1.999995477030533708e+00 1.470427602787483190e+00 7.922775728516805649e-04 5.295679698327333540e-01 8.607204482420420478e-04 -1.653093610776752102e-03
2.995000000000000000e+03 1.999995469345363652e+00 1.445907127720418295e-01 1.643663983686129908e-04 1.855404852317863229e+00 1.269852135763100440e-04 -2.914473564864311574e-04
3.000000000000000000e+03 1.999995460652514545e+00 4.405182534114973625e-01 4.604988182993936265e-04 1.559477303160803796e+00 -4.942399431957918100e-04 3.364520510998900496e-05
3.005000000000000000e+03 1.999995451690892212e+00 1.792139962494885275e+00 3.929830945441374103e-03 2.078555852969268536e-01 2.665433009275638455e-04 -4.196470347288708963e-03
3.010000000000000000e+03 1.999995446112431408e+00 1.667440492564145949e+00 6.682908411685133457e-03 3.325550497629330970e-01 -8.893002252577284991e-05 -6.594074603806666240e-03
3.015000000000000000e+03 1.999995437511604246e+00 3.247347673808244628e-01 3.846094175189018662e-03 1.675260766519795830e+00 -2.804334611908349852e-03 -1.041855952297199165e-03
3.020000000000000000e+03 1.999995428047159907e+00 2.661428072959100000e-01 3.531688468526528180e-03 1.733852717332905469e+00 -2.017487847670953061e-03 -1.514297202510961945e-03
3.025000000000000000e+03 1.999995418661326463e+00 1.607931210436111646e+00 3.947781933546435501e-03 3.920643049980170880e-01 8.987859162003202906e-04 -4.846664622548940010e-03
3.030000000000000000e+03 1.999995413724440674e+00 1.829876539870037622e+00 1.168118541752786836e-03 1.701189707282822206e-01 1.287174320864807684e-03 -2.455389736496727850e-03
3.035000000000000000e+03 1.999995407446826912e+00 4.886000246446021156e-01 3.872569686036583195e-04 1.511395479803597786e+00 4.449252479411288231e-04 -8.322792179179462797e-04
3.040000000000000000e+03 1.999995398440870042e+00 1.198690174513146883e-01 4.830808739600691258e-04 1.880126478174469318e+00 -7.350493212126656128e-04 2.518712623385197511e-04
3.045000000000000000e+03 1.999995389299982884e+00 1.414551807117647497e+00 3.177089710003891745e-03 5.854436795537321103e-01 -3.937961452691958919e-04 -2.783390936131613803e-03
3.050000000000000000e+03 1.999995383380069658e+00 1.937943691700923621e+00 7.051678883462199690e-03 6.205178917205136924e-02 2.384772442127383162e-04 -7.290253620579825386e-03
3.055000000000000000e+03 1.999995376917619749e+00 7.353687344456401043e-01 4.703349045544735416e-03 1.264626740096824520e+00 -2.126680599284506718e-03 -2.576766071105000659e-03
3.060000000000000000e+03 1.999995367575274186e+00 5.010139258313151683e-02 2.832476312191078548e-03 1.949894072809652767e+00 -2.492027714938185000e-03 -3.405464147630042171e-04
3.065000000000000000e+03 1.999995358291451364e+00 1.165287605692344242e+00 3.569399782386200974e-03 8.347078506082770133e-01 4.359857180083669083e-04 -4.005483509564648943e-03
3.070000000000000000e+03 1.999995351856146852e+00 1.994633254143337586e+00 1.483594848236623057e-03 5.362195854894796603e-03 1.551374248340151290e-03 -3.035067238662190504e-03
3.075000000000000000e+03 1.999995347528086942e+00 9.528106121917817584e-01 6.469453567104904712e-04 1.047184833567479822e+00 8.573640443515641958e-04 -1.504407632236608259e-03
3.080000000000000000e+03 1.999995338625415675e+00 6.955682644545643778e-03 7.512067610534295089e-04 1.993039754395614871e+00 -7.229640592969563276e-04 -2.834111650134983905e-05
3.085000000000000000e+03 1.999995329391671239e+00 9.417761128891332101e-01 2.464592484586898644e-03 1.058219315107601588e+00 -1.100480411097545363e-03 -1.364210678552692365e-03
3.090000000000000000e+03 1.999995321369681722e+00 1.991282056355480723e+00 6.950532433899010189e-03 8.713363785348210086e-03 1.909167565203416647e-04 -7.141547961566626496e-03
3.095000000000000000e+03 1.999995315848069888e+00 1.212064352112232957e+00 5.733622811407447159e-03 7.879310626222276737e-01 -1.323306326740721723e-03 -4.410415371057700186e-03
3.100000000000000000e+03 1.999995306889322588e+00 6.048358968048866274e-02 2.504860382542022611e-03 1.939511816282626366e+00 -2.638369555272126674e-03 1.334100989377102499e-04
3.105000000000000000e+03 1.999995298057319459e+00 6.852657857433129829e-01 2.962242072244275579e-03 1.314729611572905021e+00 -1.656401545758818183e-04 -2.796701176566633237e-03
3.110000000000000000e+03 1.999995289783985664e+00 1.925933954209928078e+00 1.663141511369049027e-03 7.406143500651550526e-02 1.592163725258808043e-03 -3.255404669085803625e-03
3.115000000000000000e+03 1.999995287062476867e+00 1.428107165176152327e+00 8.812213707745614015e-04 5.718882213756506516e-01 1.262701223209559314e-03 -2.144022083310072584e-03
3.120000000000000000e+03 1.999995279004817883e+00 1.283108099205768071e-01 1.214359800090723633e-03 1.871684568741857291e+00 -4.636097108378534493e-04 -7.508497468690100447e-04
3.125000000000000000e+03 1.999995269769735406e+00 4.850183342931046471e-01 1.967771646715511108e-03 1.514977035326758870e+00 -1.693428536215925472e-03 -2.744429606281236639e-04
3.130000000000000000e+03 1.999995260627190907e+00 1.814951628783945559e+00 6.406614927089038930e-03 1.850437318847900636e-01 -2.257611648988131869e-04 -6.180953803734508083e-03
3.135000000000000000e+03 1.999995255585997889e+00 1.642679948285331371e+00 6.699966106633207380e-03 3.573154074487601140e-01 -5.821813520666571607e-04 -6.117884902660281239e-03
3.140000000000000000e+03 1.999995247298274936e+00 2.948651112737369906e-01 2.618627645292281956e-03 1.705130236348415984e+00 -2.423028587560730786e-03 -1.956993816097058554e-04
3.145000000000000000e+03 1.999995238232166850e+00 2.807135165228325513e-01 2.264281516685704137e-03 1.719281822226818468e+00 -7.631457226725779338e-04 -1.501236311496987035e-03
3.150000000000000000e+03 1.999995229250716600e+00 1.639886142107577438e+00 1.665674210655876007e-03 3.601091878524643741e-01 1.401731471505368847e-03 -3.067506391486458494e-03
3.155000000000000000e+03 1.999995225173032853e+00 1.802779572125155605e+00 1.033337688801551227e-03 1.972157538445201697e-01 1.560199076414200232e-03 -2.593637561858412426e-03
3.160000000000000000e+03 1.999995218941147179e+00 4.553848143200151521e-01 1.775490113978243304e-03 1.544610505549486534e+00 -2.125755381724044307e-05 -1.754333488515417202e-03
3.165000000000000000e+03 1.999995209680095920e+00 1.517046680544050785e-01 1.813441626817799326e-03 1.848290642749676804e+00 -2.038888815260298058e-03 2.253460644568970345e-04
3.170000000000000000e+03 1.999995200177962174e+00 1.450461034589812126e+00 5.550118700444275216e-03 5.495342669133099767e-01 -9.194420858198266381e-04 -4.630777939784468979e-03
3.175000000000000000e+03 1.999995193879124278e+00 1.925916393288593431e+00 7.380081415423071084e-03 7.407890205059668165e-02 -7.710103132756163102e-05 -7.303081844161769462e-03
3.180000000000000000e+03 1.999995186065362640e+00 6.981275167119237457e-01 3.141747950320432445e-03 1.301867770981970374e+00 -1.896718490679169750e-03 -1.245131088173003202e-03
3.185000000000000000e+03 1.999995177690838011e+00 4.675805511350481641e-02 1.632780652193969529e-03 1.953237224387201820e+00 -1.215808983167925841e-03 -4.170734788948134088e-04
3.190000000000000000e+03 1.999995169656940464e+00 1.203690021441208291e+00 1.493245979472429411e-03 7.963052501996776833e-01 1.027064703629022076e-03 -2.520412667047034448e-03
3.195000000000000000e+03 1.999995162822290062e+00 1.988777622563494329e+00 1.066494912407464114e-03 1.121764239163749143e-02 1.674576423950355393e-03 -2.741173469199222838e-03
3.200000000000000000e+03 1.999995157864421946e+00 9.112696481188673481e-01 2.312730351419211693e-03 1.088725611985311925e+00 4.958273342954707622e-04 -2.808659925472082024e-03
3.205000000000000000e+03 1.999995148614270635e+00 2.021842636245538630e-02 2.049924519676756332e-03 1.979776824689702730e+00 -2.060556272330726826e-03 1.052931476681652252e-05
3.210000000000000000e+03 1.999995139356830931e+00 9.835672473475268740e-01 4.584186918378810142e-03 1.016427994645263677e+00 -1.733051890289447842e-03 -2.851237664048853187e-03
3.215000000000000000e+03 1.999995131487786404e+00 1.995141917328772996e+00 7.617661377901700781e-03 4.853316964311083122e-03 7.300888553019144103e-05 -7.690773068729442850e-03
3.220000000000000000e+03 1.999995125966654186e+00 1.175419485745596626e+00 3.947984489685004220e-03 8.245757431472467980e-01 -1.182215466377772254e-03 -2.765871949496716102e-03
3.225000000000000000e+03 1.999995117492432639e+00 3.842829319461159299e-02 1.207789926327514822e-03 1.961566927410236749e+00 -1.417682979047392823e-03 2.097899403041722738e-04
3.230000000000000000e+03 1.999995109016903028e+00 7.198524254622516994e-01 1.189145784189884212e-03 1.280142786854054471e+00 5.583030158076840574e-04 -1.747552099400542574e-03
3.235000000000000000e+03 1.999995101023783750e+00 1.942399749747423021e+00 9.736292752454010681e-04 5.759545475211930166e-02 1.574657104704736341e-03 -2.548389855708666548e-03
3.240000000000000000e+03 1.999995097784897702e+00 1.388792917666312965e+00 2.707257977500226401e-03 6.112022836654501523e-01 9.604803958076124810e-04 -3.667841920173313223e-03
3.245000000000000000e+03 1.999995089118005831e+00 1.214669502046272359e-01 2.635293455012237881e-03 1.878528242648288105e+00 -1.757257625295308070e-03 -8.781395646264523666e-04
3.250000000000000000e+03 1.999995079733907444e+00 5.241075360293986352e-01 3.737710298142366255e-03 1.475887647642048606e+00 -2.481187290109711577e-03 -1.256626945572330342e-03
3.255000000000000000e+03 1.999995070789400753e+00 1.834061193606019602e+00 7.358521467498353209e-03 1.659339813150986775e-01 -1.679078093547063189e-04 -7.190717789861297143e-03
3.260000000000000000e+03 1.999995065733296551e+00 1.614466270759101985e+00 4.846174890129189942e-03 3.855288992173932505e-01 -4.455192597618157506e-04 -4.400759873566000534e-03
3.265000000000000000e+03 1.999995057783589436e+00 2.577024627915865396e-01 1.080020985592479270e-03 1.742292699411679635e+00 -1.321855917682404494e-03 2.417305124132904603e-04
3.270000000000000000e+03 1.999995049185963714e+00 3.020975432540038419e-01 8.263822729864358282e-04 1.697897610544050195e+00 1.070732625600068677e-04 -9.335601476367626781e-04
3.275000000000000000e+03 1.999995040734133589e+00 1.674559002911368166e+00 7.797045062630714911e-04 3.254361426238276955e-01 1.281285643129524525e-03 -2.061094950454932934e-03
3.280000000000000000e+03 1.999995037236819817e+00 1.775720865828980033e+00 2.871136631529883337e-03 2.242742762870309492e-01 1.256609788691689759e-03 -4.127851299412545194e-03
3.285000000000000000e+03 1.999995030458511902e+00 4.316185569237319664e-01 3.446326362486078904e-03 1.568376578562582946e+00 -1.203307049225237849e-03 -2.243124341063740170e-03
3.290000000000000000e+03 1.999995020995125161e+00 1.801660844242159998e-01 3.212185373725127014e-03 1.819829041804656988e+00 -2.993293922120001185e-03 -2.189966853529596615e-04
3.295000000000000000e+03 1.999995011323294047e+00 1.480548166339451521e+00 6.662955833008123337e-03 5.194469504287504424e-01 -7.444797209615129684e-04 -5.918581556954558009e-03
3.300000000000000000e+03 1.999995005043673668e+00 1.911976173305026006e+00 5.624527978492308705e-03 8.801893732285674676e-02 1.430851153665625925e-04 -5.767718678068340862e-03
3.305000000000000000e+03 1.999994998601968499e+00 6.530334924190017709e-01 1.270293125773300658e-03 1.346961611910554746e+00 -9.509657679591619877e-04 -3.194330854022054246e-04
3.310000000000000000e+03 1.999994990062994971e+00 4.863225922762452053e-02 4.896795254932996165e-04 1.951362836755907049e+00 -2.198513573643406677e-04 -2.699340886656808572e-04
3.315000000000000000e+03 1.999994981336314037e+00 1.248217675318183950e+00 5.356695831823383687e-04 7.517774121363186568e-01 8.624157193235018615e-04 -1.398191420694418121e-03
3.320000000000000000e+03 1.999994975142107334e+00 1.981140542677159999e+00 2.768721305253596734e-03 1.885453872293166300e-02 1.307137329848785320e-03 -4.075964893086862773e-03
3.325000000000000000e+03 1.999994971305258495e+00 8.777188964111587444e-01 4.306119556978156918e-03 1.122276181236399051e+00 -5.315343099381396709e-04 -3.774691589339445458e-03
3.330000000000000000e+03 1.999994962519240360e+00 3.264913516699467083e-02 3.135056742287135618e-03 1.967345933887479692e+00 -3.153206728917224734e-03 1.804345139619895660e-05
3.335000000000000000e+03 1.999994953117070651e+00 1.017742558836499667e+00 5.691417762633983572e-03 9.822525010208920104e-01 -1.522864829634855465e-03 -4.168659673319840761e-03
3.340000000000000000e+03 1.999994944007989606e+00 1.997932734757866147e+00 6.099662323952166794e-03 2.062316192626523909e-03 4.489673021798729069e-04 -6.548736568635062961e-03
3.345000000000000000e+03 1.999994940242813213e+00 1.131465784136052921e+00 1.725208364941923679e-03 8.685292631324171841e-01 -3.915619748803699125e-04 -1.333753415718381833e-03
3.350000000000000000e+03 1.999994932085782606e+00 1.905164163238207836e-02 2.553330571962309902e-04 1.980943397663786687e+00 -3.453944150419620144e-04 8.995414745976506069e-05
3.355000000000000000e+03 1.999994923631698729e+00 7.635925907077597552e-01 3.055963213692071173e-04 1.236402440327247332e+00 4.166299653427752380e-04 -7.223336900206704008e-04
3.360000000000000000e+03 1.999994915475345580e+00 1.956821005883083275e+00 2.426325095084349692e-03 4.317401718133394295e-02 1.093133142221668075e-03 -3.519565826377787053e-03
3.365000000000000000e+03 1.999994911319448621e+00 1.354861448076008390e+00 5.024239371542983668e-03 6.451335709260939133e-01 9.723826150763063359e-05 -5.121585315704607101e-03
3.370000000000000000e+03 1.999994902945891440e+00 1.162514433361655775e-01 3.530229306466479543e-03 1.883743567477519809e+00 -2.925947352315697806e-03 -6.043898219449693248e-04
3.375000000000000000e+03 1.999994893613218139e+00 5.545005248117216290e-01 4.667030991621087289e-03 1.445494476873257161e+00 -2.322067622128041065e-03 -2.345071441253805851e-03
3.380000000000000000e+03 1.999994884160770425e+00 1.852062723698961522e+00 6.158853462385167205e-03 1.479322687418053728e-01 4.046077135912035127e-04 -6.563569455972911339e-03
3.385000000000000000e+03 1.999994880097463401e+00 1.580491555897299172e+00 2.330106839458066185e-03 4.195034325706151201e-01 2.264819867961273439e-04 -2.556697196705114573e-03
3.390000000000000000e+03 1.999994872745807228e+00 2.203195568895808532e-01 1.734831790609140919e-04 1.779675424392648253e+00 -2.399288397814110338e-04 6.633712429891808074e-05
3.395000000000000000e+03 1.999994864497969704e+00 3.346032025545462307e-01 1.504344175670948777e-04 1.665391770668049443e+00 4.932578994265123510e-05 -1.998689321359130983e-04
3.400000000000000000e+03 1.999994856012532685e+00 1.708538746046609269e+00 1.927333135670694555e-03 2.914562188845108981e-01 6.592055108176128738e-04 -2.586647565075518140e-03
3.405000000000000000e+03 1.999994850538495905e+00 1.750866640688400810e+00 5.440497884180417985e-03 2.491283188931494308e-01 5.314844408279783237e-04 -5.972091368062557547e-03
3.410000000000000000e+03 1.999994843093390262e+00 4.112960395297075578e-01 4.312348894088545090e-03 1.588698912771759897e+00 -2.365771069276388465e-03 -1.946687032889043382e-03
3.415000000000000000e+03 1.999994834869608162e+00 1.997920390527967438e-01 3.823881545168109769e-03 1.800202905204893788e+00 -2.956098489402796820e-03 -8.678924438480103108e-04
3.420000000000000000e+03 1.999994825906452833e+00 1.508610787410254561e+00 5.785544805845257814e-03 4.913841480797745964e-01 2.506811023375808678e-05 -5.810722499655415069e-03
3.425000000000000000e+03 1.999994818357951232e+00 1.894503648231059989e+00 2.936339510588479966e-03 1.054912798789857525e-01 7.607959714319827973e-04 -3.697245234115114059e-03
3.430000000000000000e+03 1.999994813068598498e+00 6.051263139644695865e-01 2.567184629430847636e-04 1.394868608974291435e+00 7.198455609049642567e-05 -3.288128891963257782e-04
3.435000000000000000e+03 1.999994804826591865e+00 6.209374270941749041e-02 1.126531071326660946e-04 1.937901172174612885e+00 -1.524862886156094831e-04 3.972312404445630556e-05
3.440000000000000000e+03 1.999994796473374858e+00 1.294711416624136691e+00 1.393425537717240745e-03 7.052834900971893806e-01 1.034906386327828331e-04 -1.497026424301070666e-03
3.445000000000000000e+03 1.999994788728105322e+00 1.972660725268364557e+00 5.462435182380892366e-03 2.733417388411001764e-02 6.645566680624751974e-04 -6.127102274812669738e-03
3.450000000000000000e+03 1.999994782734104026e+00 8.483692741033732609e-01 5.306071961201488073e-03 1.151625619187514493e+00 -1.603730212282917199e-03 -3.702452305702511222e-03
3.455000000000000000e+03 1.999994774873432579e+00 3.706450951279076367e-02 3.353166395974726405e-03 1.962930376089234707e+00 -3.277057098954220572e-03 -7.622002561368333283e-05
3.460000000000000000e+03 1.999994766493677245e+00 1.048297798544237436e+00 5.062282524513381059e-03 9.516970788596296194e-01 -5.961010010045830580e-04 -4.466292433698229418e-03
3.465000000000000000e+03 1.999994756566366938e+00 1.999624321794358339e+00 3.396389721014377201e-03 3.705459018899079273e-04 1.090286446546768519e-03 -4.486787297442778634e-03
3.470000000000000000e+03 1.999994752397504794e+00 1.083011043551536101e+00 4.775861093155009916e-04 9.169838200687179253e-01 5.174168846211928477e-04 -9.951142166860114328e-04
3.475000000000000000e+03 1.999994744351657472e+00 1.012383287949266374e-02 2.056006200179995443e-04 1.989871022875824513e+00 -1.407506831328334831e-04 -6.496134054469386121e-05
3.480000000000000000e+03 1.999994736264337769e+00 8.126625440708643566e-01 9.561443188681858964e-04 1.187332303779724541e+00 -4.454973407921312164e-04 -5.107585643272875278e-04
3.485000000000000000e+03 1.999994727349381218e+00 1.968152283819204484e+00 5.087692661274276218e-03 3.184255531761515101e-02 4.601965281388395836e-04 -5.548000976851657703e-03
3.490000000000000000e+03 1.999994721858306290e+00 1.324658085300795651e+00 6.286022981164889403e-03 6.753367484670415033e-01 -8.175582180364674833e-04 -5.468576672659246178e-03
3.495000000000000000e+03 1.999994713971678717e+00 1.046057102072541350e-01 3.359502494321757026e-03 1.895389115845272032e+00 -3.209232429847161568e-03 -1.503821453221924963e-04
3.500000000000000000e+03 1.999994706218501728e+00 5.793488383829535904e-01 4.150732068459866975e-03 1.420645980083513837e+00 -1.309296832199375541e-03 -2.841547484226318587e-03
3.505000000000000000e+03 1.999994697629746465e+00 1.871075773409446308e+00 3.598370041001687329e-03 1.289190366542033728e-01 1.143679726433629055e-03 -4.742162201338925853e-03
3.510000000000000000e+03 1.999994691243419442e+00 1.541630313124340512e+00 7.756803755343359957e-04 4.583644906948566855e-01 9.922700736322152999e-04 -1.768063024944090686e-03
3.515000000000000000e+03 1.999994683169843634e+00 1.909058420147692336e-01 4.100253372414593730e-04 1.809088953910613196e+00 8.235777394615958569e-05 -4.924958667265851627e-04
3.520000000000000000e+03 1.999994674888476487e+00 3.757427087331048354e-01 7.256572712191150867e-04 1.624252079096073942e+00 -8.595036231438432347e-04 1.337334112221055229e-04
3.525000000000000000e+03 1.999994666675222632e+00 1.738468330056176070e+00 4.405676806979193401e-03 2.615264497426152412e-01 -3.829951670220341036e-05 -4.367490413845667718e-03
3.530000000000000000e+03 1.999994661851407285e+00 1.728140375521902916e+00 7.028519343892123544e-03 2.718543995596454099e-01 -1.906313662932313132e-04 -6.838001207739475597e-03
3.535000000000000000e+03 1.999994653990199822e+00 3.865311008953247196e-01 3.837192330004661738e-03 1.613463666495045912e+00 -2.766526788151972560e-03 -1.070778942023331830e-03
3.540000000000000000e+03 1.999994646213748561e+00 2.120455978319664148e-01 3.253819166447646273e-03 1.787949161948265031e+00 -1.944081968001462471e-03 -1.309850764928845298e-03
3.545000000000000000e+03 1.999994637970248679e+00 1.539012575604566502e+00 3.491599329491812485e-03 4.609821761079052060e-01 9.158885564589849121e-04 -4.407601628173940522e-03
3.550000000000000000e+03 1.999994631287507652e+00 1.873167916973370817e+00 1.072739925893202023e-03 1.268268282019706095e-01 1.386026747207590778e-03 -2.458880560934675538e-03
3.555000000000000000e+03 1.999994623426984530e+00 5.619351204326563654e-01 6.784243481464202839e-04 1.438059617054926687e+00 4.648586725203390736e-04 -1.143397081265275315e-03
3.560000000000000000e+03 1.999994615356722516e+00 8.668148077208190361e-02 7.643560047437167023e-04 1.913313248822908763e+00 -1.041149161608160125e-03 2.766789185964604360e-04
3.565000000000000000e+03 1.999994607331129215e+00 1.337679332014892974e+00 3.577689168120270959e-03 6.623153897308321492e-01 -7.177411724547425823e-04 -2.860062410261276361e-03
3.570000000000000000e+03 1.999994600911630060e+00 1.963933870176807650e+00 7.363341325457524456e-03 3.606084529045180259e-02 1.306430287366411075e-04 -7.494098909823587382e-03
3.575000000000000000e+03 1.999994593422792066e+00 8.165196073778370200e-01 4.671720777992938167e-03 1.183475100761765209e+00 -2.049302693203125351e-03 -2.622532801600109542e-03
3.580000000000000000e+03 1.999994585605760378e+00 3.278465692576103957e-02 2.568977151892374178e-03 1.967210043562288568e+00 -2.348819993065522430e-03 -2.202720411159562965e-04
3.585000000000000000e+03 1.999994577773051230e+00 1.081445085642767978e+00 3.097325655844655225e-03 9.185496071774946758e-01 4.683555455409669447e-04 -3.565796248597247371e-03
3.590000000000000000e+03 1.999994568603898237e+00 1.999675784783007559e+00 1.292093201514275770e-03 3.188990643944829479e-04 1.608239334846782486e-03 -2.900447779864588713e-03
3.595000000000000000e+03 1.999994563121573643e+00 1.035988624856581497e+00 9.461776298598582576e-04 9.640060536271383151e-01 9.169237214733631921e-04 -1.863216713479443933e-03
3.600000000000000000e+03 1.999994554721248541e+00 1.343437123705045963e-02 1.071674048857616628e-03 1.986560299028310661e+00 -9.471734783464803116e-04 -1.246161146238480117e-04
3.605000000000000000e+03 1.999994546611947310e+00 8.600800684754390524e-01 2.799928538398749767e-03 1.139914593856170999e+00 -1.421417443357640654e-03 -1.378626814703507982e-03
3.610000000000000000e+03 1.999994538295084112e+00 1.976606629098738077e+00 7.213545729005248555e-03 2.338802509561955026e-02 7.107658230004827618e-05 -7.284738210579084355e-03
3.615000000000000000e+03 1.999994534151873227e+00 1.293417934875583208e+00 5.666175076257053481e-03 7.065767152632359549e-01 -1.221316582280023311e-03 -4.444974480923132888e-03
3.620000000000000000e+03 1.999994526304477160e+00 8.374583626699168282e-02 2.243194864987980552e-03 1.916248806189162046e+00 -2.425628126232304543e-03 1.823171095676716770e-04
3.625000000000000000e+03 1.999994517919821524e+00 6.059121998395351483e-01 2.502482562022263247e-03 1.394082434406574311e+00 -8.639941907375617671e-05 -2.416199469236243128e-03
3.630000000000000000e+03 1.999994508880789335e+00 1.891392680354285316e+00 1.377517081557141226e-03 1.086019450422093663e-01 1.610263026071924800e-03 -2.987896623334503239e-03
3.635000000000000000e+03 1.999994503985916827e+00 1.501636810695585744e+00 1.147020136305184918e-03 4.983578099102487502e-01 1.331736539822116726e-03 -2.478873296045033467e-03
3.640000000000000000e+03 1.999994496354536189e+00 1.732068567781368806e-01 1.583679314762192602e-03 1.826787756358134729e+00 -5.989078113537716882e-04 -9.848882851440346389e-04
3.645000000000000000e+03 1.999994487987981406e+00 4.180146998882792730e-01 2.258032045033344336e-03 1.581979905059677449e+00 -1.985917278123040895e-03 -2.722317268852201492e-04
3.650000000000000000e+03 1.999994479285305049e+00 1.763206997066607995e+00 6.613846235921234419e-03 2.367875993639993459e-01 -3.555952736681249450e-04 -6.258368107555594903e-03
3.655000000000000000e+03 1.999994473813183626e+00 1.705037897471493924e+00 6.586704002935964489e-03 2.949566936031611797e-01 -4.718812579816147532e-04 -6.114940006425573747e-03
3.660000000000000000e+03 1.999994466113911962e+00 3.529595181625377887e-01 2.339907841137558488e-03 1.647035065372942864e+00 -2.152816233992878563e-03 -1.872090287134024538e-04
3.665000000000000000e+03 1.999994457218739141e+00 2.242046482058846490e-01 1.838482451085954837e-03 1.775789926617837411e+00 -6.119535771925205996e-04 -1.226646478876414073e-03
3.670000000000000000e+03 1.999994447877019965e+00 1.573740134099481436e+00 1.306664694157447801e-03 4.262544315753662438e-01 1.396758723854499892e-03 -2.703541215839627265e-03
3.675000000000000000e+03 1.999994442473489009e+00 1.849440564344508209e+00 1.229403504681690759e-03 1.505539960398858679e-01 1.610615623723842026e-03 -2.840137039310625024e-03
3.680000000000000000e+03 1.999994435554512950e+00 5.284156454744904918e-01 2.187467004066458772e-03 1.471578908135371622e+00 -7.766791801273832327e-05 -2.109917141402838873e-03
3.685000000000000000e+03 1.999994427413556597e+00 1.154568203978000862e-01 2.083900328788537270e-03 1.884537725241172801e+00 -2.279596966244694985e-03 1.955784120400594513e-04
3.690000000000000000e+03 1.999994418875155500e+00 1.373953652385232260e+00 5.703019267051340387e-03 6.260408848939503779e-01 -1.049887726800796846e-03 -4.653249944278031562e-03
3.695000000000000000e+03 1.999994410597449646e+00 1.954545037395504226e+00 7.216692072438643003e-03 4.544949177979779736e-02 2.810796775979387878e-05 -7.244918618051204330e-03
3.700000000000000000e+03 1.999994405424324606e+00 7.771148121276699738e-01 2.825068658122758571e-03 1.222879711980113138e+00 -1.589821031347657485e-03 -1.235366310233448417e-03
3.705000000000000000e+03 1.999994396176424383e+00 2.607741347214482044e-02 1.250374203628043090e-03 1.973917101576671218e+00 -9.802056149407307670e-04 -2.702874610786191014e-04
3.710000000000000000e+03 1.999994386752451447e+00 1.121353583947867216e+00 1.095734951199784420e-03 8.786409218692695644e-01 1.024082734195270062e-03 -2.119936750080046034e-03
3.715000000000000000e+03 1.999994379222939100e+00 1.997672199531230763e+00 1.169870176372977575e-03 2.322298911297151873e-03 1.686598011005795974e-03 -2.856587406967772691e-03
3.720000000000000000e+03 1.999994375400652835e+00 9.955367633391581927e-01 2.747047212862478802e-03 1.004457731358848305e+00 4.938209415983360433e-04 -3.240987451814423409e-03
3.725000000000000000e+03 1.999994365923650763e+00 2.355695986344754841e-02 2.324933908855556734e-03 1.976437525553075947e+00 -2.233613309383075327e-03 -9.144009234485378794e-05
3.730000000000000000e+03 1.999994356463595135e+00 9.004245348290406126e-01 4.692007504476574872e-03 1.099569941322670941e+00 -1.849912402772064396e-03 -2.842214789820940446e-03
3.735000000000000000e+03 1.999994348143401490e+00 1.983232140235096086e+00 7.407086890645667686e-03 1.676232776727646159e-02 1.660057288640988166e-04 -7.573212478480663250e-03
3.740000000000000000e+03 1.999994342775969436e+00 1.256448552932159402e+00 3.575530710328287017e-03 7.435459098126434574e-01 -8.634758312510639085e-04 -2.712174847910647866e-03
3.745000000000000000e+03 1.999994333664378621e+00 5.813428122019251298e-02 8.635650104672203554e-04 1.941860172597534628e+00 -1.101131174194926697e-03 2.374460103789596713e-04
3.750000000000000000e+03 1.999994324700223647e+00 6.405483743410388398e-01 7.945134986385966143e-04 1.359446070693568043e+00 5.860978414490162006e-04 -1.380731674470928386e-03
3.755000000000000000e+03 1.999994316685055118e+00 1.911517528499919516e+00 9.799532459756402341e-04 8.847690868153959554e-02 1.540762239917342277e-03 -2.520835982296690519e-03
3.760000000000000000e+03 1.999994314165825404e+00 1.464754921080057892e+00 3.134909042085263619e-03 5.352395136325875935e-01 9.797774891466934540e-04 -4.114807078052310114e-03
3.765000000000000000e+03 1.999994305244906734e+00 1.639111762828437124e-01 2.932755684411433340e-03 1.836083249690236618e+00 -1.858334961136978930e-03 -1.074541451448100511e-03
3.770000000000000000e+03 1.999994295564301305e+00 4.540188901455536885e-01 3.815228739934338996e-03 1.545975526343996265e+00 -2.569293941546123023e-03 -1.246055723637047672e-03
3.775000000000000000e+03 1.999994286354753292e+00 1.784325825323904047e+00 7.111014661196189517e-03 2.156685821430150141e-01 -8.638470350034869235e-05 -7.024751069861795254e-03
3.780000000000000000e+03 1.999994281060708534e+00 1.678209306504672593e+00 4.407928035585389863e-03 3.217850957757321662e-01 -1.386031743438781482e-04 -4.269446080937905341e-03
3.785000000000000000e+03 1.999994272835324827e+00 3.128565059572460116e-01 7.555506349368405327e-04 1.687137888263100738e+00 -9.433961198658082428e-04 1.877240999067748091e-04
3.790000000000000000e+03 1.999994264090269702e+00 2.443355198750915558e-01 4.734443075542262838e-04 1.755658865775511224e+00 1.911367396961556532e-04 -6.647026075831354757e-04
3.795000000000000000e+03 1.999994255760081385e+00 1.611251688679013139e+00 7.044881558330772040e-04 3.887426888082813892e-01 1.207112048315253259e-03 -1.911721931361697307e-03
3.800000000000000000e+03 1.999994251114173727e+00 1.825787352430818578e+00 3.262149182008023882e-03 1.742070205043631248e-01 1.263084613180347898e-03 -4.525355616196446301e-03
3.805000000000000000e+03 1.999994243543954386e+00 5.034894203521518286e-01 3.773950458296966223e-03 1.496504945164902844e+00 -1.241402650545132044e-03 -2.532669780852129029e-03
3.810000000000000000e+03 1.999994234032741236e+00 1.397538110435125325e-01 3.276537928095195253e-03 1.860240545153773573e+00 -3.040638708424559487e-03 -2.360213842153273552e-04
3.815000000000000000e+03 1.999994225455694385e+00 1.404583195256567940e+00 6.394473995527684938e-03 5.954111525357145274e-01 -6.665353833300889175e-04 -5.728060948785762725e-03
3.820000000000000000e+03 1.999994219764385850e+00 1.943173959585281496e+00 5.121492601578887457e-03 5.682038262980407262e-02 4.204087012350760729e-04 -5.542023753514040314e-03
3.825000000000000000e+03 1.999994212085230538e+00 7.303618965954852271e-01 9.388683883341811471e-04 1.269632438094728810e+00 -5.413142520804965470e-04 -3.976767412370144409e-04
3.830000000000000000e+03 1.999994204027758737e+00 2.585546718031822913e-02 2.062356158287608767e-04 1.974138859613111086e+00 -6.410096482596184045e-05 -1.422574166731333510e-04
3.835000000000000000e+03 1.999994196112478084e+00 1.167471307044593898e+00 4.113823774028823959e-04 8.325230119911990467e-01 7.646152437714472117e-04 -1.176120544488967268e-03
3.840000000000000000e+03 1.999994188738044132e+00 1.993807429409523602e+00 3.100172190098739265e-03 6.186882399879752026e-03 1.273041575697044436e-03 -4.373336837154941960e-03
3.845000000000000000e+03 1.999994182622760519e+00 9.624161836869016273e-01 4.660393874848556099e-03 1.037578122129826141e+00 -5.278574569778902732e-04 -4.132659611837944356e-03
3.850000000000000000e+03 1.999994173255433827e+00 3.155793877967304900e-02 3.202365840194914496e-03 1.968436357857022756e+00 -3.154410331094658054e-03 -4.807889036198874984e-05
3.855000000000000000e+03 1.999994165082301212e+00 9.333026079426077759e-01 5.420664231298034062e-03 1.066691680683929722e+00 -1.436264600542132329e-03 -3.984523174992265701e-03
3.860000000000000000e+03 1.999994156647247889e+00 1.988980877975561556e+00 5.544835905063277490e-03 1.101340238457162134e-02 6.880683455547682978e-04 -6.233027963503117927e-03
3.865000000000000000e+03 1.999994151420121158e+00 1.212482218280920510e+00 1.359043599038863752e-03 7.875120569570672746e-01 1.337410325265852315e-05 -1.372541520158237572e-03
3.870000000000000000e+03 1.999994143362507693e+00 3.647596934891484538e-02 5.227517149766895438e-05 1.963518297992128403e+00 -1.174618767315732107e-04 6.506272669842968429e-05
3.875000000000000000e+03 1.999994135404365103e+00 6.845028062090127152e-01 1.752341657168987501e-04 1.315491453332447103e+00 3.182695491482050295e-04 -4.936278519603201718e-04
3.880000000000000000e+03 1.999994126851381449e+00 1.929376168024168781e+00 2.688627579031429432e-03 7.061808313537523696e-02 1.002498304410465255e-03 -3.691250191604250348e-03
3.885000000000000000e+03 1.999994121527392199e+00 1.432768215085102437e+00 5.392400732930956696e-03 5.672260308576172472e-01 1.132395250555990739e-04 -5.505764673313845448e-03
3.890000000000000000e+03 1.999994113308787957e+00 1.548776635250822264e-01 3.612685124948479109e-03 1.845116574362748674e+00 -2.884335649180995442e-03 -7.284740548103719581e-04
3.895000000000000000e+03 1.999994105537203470e+00 4.813278232331777429e-01 4.411844043526640460e-03 1.518666407037709609e+00 -2.214378045724774147e-03 -2.197590731485735398e-03
3.900000000000000000e+03 1.999994097390864978e+00 1.804796564893763833e+00 5.575626286415914616e-03 1.951976573929787573e-01 6.070890290565233560e-04 -6.182840211350003681e-03
3.905000000000000000e+03 1.999994091970837440e+00 1.645845430894853578e+00 1.908011995072475195e-03 3.541487860809637289e-01 5.930919041870568419e-04 -2.501228904239427564e-03
3.910000000000000000e+03 1.999994084454107979e+00 2.737084591834992309e-01 4.288507786353054445e-05 1.726285750425930798e+00 4.419136107510220854e-05 -8.720159426024689435e-05
3.915000000000000000e+03 1.999994076221347061e+00 2.758821873103846634e-01 5.892867448244271193e-05 1.724112014230901435e+00 -2.613311506330764220e-05 -3.292087935816332919e-05
3.920000000000000000e+03 1.999994067626950534e+00 1.647702433916749420e+00 2.127285236969420242e-03 3.522917592021677091e-01 5.100643059688694499e-04 -2.637475034904973245e-03
3.925000000000000000e+03 1.999994061445244720e+00 1.803961327980774243e+00 5.804991899922697790e-03 1.960328590816825811e-01 5.281596252568486255e-04 -6.333277142391698263e-03
3.930000000000000000e+03 1.999994054039247571e+00 4.806925607785908494e-01 4.416292875117729631e-03 1.519301619025890115e+00 -2.293641693294634718e-03 -2.122776947056147310e-03
3.935000000000000000e+03 1.999994045852954594e+00 1.549776420488423734e-01 3.597849409333704271e-03 1.845016529732929067e+00 -2.818982286002171857e-03 -7.789930521482321983e-04
3.940000000000000000e+03 1.999994037075258690e+00 1.433870780514124643e+00 5.203775624813993840e-03 5.661233826657582346e-01 2.014804607694106113e-04 -5.405382190207834101e-03
3.945000000000000000e+03 1.999994029518080252e+00 1.928531337211657481e+00 2.449933380185226241e-03 7.146281856453193249e-02 1.064486544401045199e-03 -3.514546182695345300e-03
3.950000000000000000e+03 1.999994023522774889e+00 6.817891147115764383e-01 1.744374358310558123e-04 1.318205035190025853e+00 3.821510449436823012e-04 -5.567148596022392527e-04
3.955000000000000000e+03 1.999994015443397055e+00 3.766623877503288975e-02 9.787788198403779040e-05 1.962327903209720947e+00 -1.873680679125333027e-04 8.936364457165910026e-05
3.960000000000000000e+03 1.999994007235484483e+00 1.215060111838281331e+00 1.553382346631636225e-03 7.849340221035872034e-01 -9.334585650582300712e-05 -1.460163196510023964e-03
3.965000000000000000e+03 1.999993998475115387e+00 1.988752462920452491e+00 5.806650311362954522e-03 1.124166243941917935e-02 6.147318220755306753e-04 -6.421509018194622616e-03
3.970000000000000000e+03 1.999993993938875780e+00 9.323493047913000709e-01 5.431456563901297489e-03 1.067644816123066942e+00 -1.520710468567286738e-03 -3.910873070825045088e-03
3.975000000000000000e+03 1.999993985498976556e+00 3.103125417153576940e-02 3.163268290981870005e-03 1.968962858473072952e+00 -3.109531071800858675e-03 -5.386436481295955652e-05
3.980000000000000000e+03 1.999993976601607049e+00 9.633786698099374712e-01 4.512826164407360285e-03 1.036615434117279078e+00 -4.296323612781853150e-04 -4.083321128738855513e-03
3.985000000000000000e+03 1.999993966904437093e+00 1.994032831022807262e+00 2.853282625490696518e-03 5.961263405583865603e-03 1.319926268971085117e-03 -4.173336418415844219e-03
3.990000000000000000e+03 1.999993963439825828e+00 1.164788888383850640e+00 4.098321960396593346e-04 8.352052026501545212e-01 8.152574136406473462e-04 -1.225217203859725991e-03
3.995000000000000000e+03 1.999993955429766546e+00 2.584967742165672835e-02 2.908062047919381349e-04 1.974144405764966415e+00 -1.282107664783362522e-04 -1.627231951706986743e-04
4.000000000000000000e+03 1.999993946984391702e+00 7.332049296129972138e-01 1.109650004812592168e-03 1.266789145299697550e+00 -6.704834672387903396e-04 -4.392944658770311385e-04
4.005000000000000000e+03 1.999993938162698104e+00 1.943744976801971891e+00 5.401371958192385976e-03 5.624908946909887297e-02 3.468044427835175695e-04 -5.748304509348405554e-03
4.010000000000000000e+03 1.999993933402788748e+00 1.403602420635193138e+00 6.427372554181708976e-03 5.963916409734941748e-01 -7.472826824003831001e-04 -5.680218077680369848e-03
4.015000000000000000e+03 1.999993925165986619e+00 1.386574185213534649e-01 3.205281070659790881e-03 1.861336635018461250e+00 -3.019011904389962055e-03 -1.863975400978465846e-04
4.020000000000000000e+03 1.999993916389020798e+00 5.039325797201346102e-01 3.659566996409822654e-03 1.496061465222546127e+00 -1.135756571529418328e-03 -2.523938978540136383e-03
4.025000000000000000e+03 1.999993906927857834e+00 1.826892847772320749e+00 3.021499341672752130e-03 1.731011879042970714e-01 1.302871472949130530e-03 -4.324499563382068305e-03
4.030000000000000000e+03 1.999993902380176936e+00 1.609166758089225935e+00 6.879953050126822681e-04 3.908272731341949080e-01 1.239366524418260762e-03 -1.927490672675029847e-03
4.035000000000000000e+03 1.999993894880935930e+00 2.432012742224192448e-01 5.992807170414667789e-04 1.756792749656029828e+00 1.355689411172055967e-04 -7.349786556716761962e-04
4.040000000000000000e+03 1.999993886667975396e+00 3.154508019019431897e-01 9.106390078103827456e-04 1.684543213932168992e+00 -1.090002944405258061e-03 1.792347704579627676e-04
4.045000000000000000e+03 1.999993878039098449e+00 1.679582005803307077e+00 4.688500202877580146e-03 3.204120015792369935e-01 -2.190886660825573694e-04 -4.469540880240679102e-03
4.050000000000000000e+03 1.999993871771409193e+00 1.783611445019697594e+00 7.177185825916572968e-03 2.163825562253651469e-01 -1.563033780950691940e-04 -7.021011921474884857e-03
4.055000000000000000e+03 1.999993864023973611e+00 4.525451092009373233e-01 3.711573720407739235e-03 1.547448884457024887e+00 -2.569105433206049505e-03 -1.142597921190613777e-03
4.060000000000000000e+03 1.999993854792404990e+00 1.635743364568738867e-01 2.837036842759370781e-03 1.836419648162140650e+00 -1.750452895724111850e-03 -1.086713773644742672e-03
4.065000000000000000e+03 1.999993845172057361e+00 1.466344740678125369e+00 2.914855930475843127e-03 5.336492345221347522e-01 1.020972411629871663e-03 -3.935958370308488552e-03
4.070000000000000000e+03 1.999993839561117426e+00 1.910459801905389998e+00 9.391484961328263378e-04 8.953416780199179026e-02 1.552386371131944404e-03 -2.491665013529243810e-03
4.075000000000000000e+03 1.999993834731227826e+00 6.386173908848836733e-01 9.561132902594522958e-04 1.361376574092589609e+00 5.387060037340222216e-04 -1.494949540238689261e-03
4.080000000000000000e+03 1.999993825940414860e+00 6.002714473815633917e-02 1.015408476326740616e-03 1.939966811631550048e+00 -1.257271762135912232e-03 2.417328565175610956e-04
4.085000000000000000e+03 1.999993816837710936e+00 1.258436546250349952e+00 3.840079125094728995e-03 7.415574012060676123e-01 -9.566408478873915117e-04 -2.883568895913838758e-03
4.090000000000000000e+03 1.999993808616916224e+00 1.983010629005620418e+00 7.510497433376481929e-03 1.698331040357277388e-02 1.109350791727772557e-04 -7.621563304825921051e-03
4.095000000000000000e+03 1.999993803966205075e+00 8.988557184652389287e-01 4.563220600329657289e-03 1.101138216389629276e+00 -1.864987930292292227e-03 -2.698363558700659585e-03
4.100000000000000000e+03 1.999993794914682210e+00 2.236108990870343954e-02 2.229717352632709908e-03 1.977632836086497425e+00 -2.129983032363295860e-03 -9.986540078826415577e-05
4.105000000000000000e+03 1.999993785588700668e+00 9.971002715334180699e-01 2.558510572049555246e-03 1.002893645334417494e+00 5.438037721122660883e-04 -3.102445623296667433e-03
4.110000000000000000e+03 1.999993777525550520e+00 1.997835260247194489e+00 1.102071538841366532e-03 2.158648729775654394e-03 1.678911042416323437e-03 -2.781114032677173362e-03
4.115000000000000000e+03 1.999993774444245309e+00 1.119143972122655262e+00 1.280796549685725384e-03 8.808499338379042198e-01 9.816908882116133234e-04 -2.262618954211150293e-03
4.120000000000000000e+03 1.999993766197128320e+00 2.698197952784167630e-02 1.413016845409487219e-03 1.973011918359715011e+00 -1.136561481965890066e-03 -2.765870538716539502e-04
4.125000000000000000e+03 1.999993757443345954e+00 7.793889600498092873e-01 3.060940639356318164e-03 1.220604929268096717e+00 -1.699220186865891234e-03 -1.361852327050112237e-03
4.130000000000000000e+03 1.999993748523969828e+00 1.954921172954525499e+00 7.353105088618310144e-03 4.507270763295780081e-02 -1.175601934406300702e-05 -7.341481132787760350e-03
4.135000000000000000e+03 1.999993742187748058e+00 1.372595180967091322e+00 5.561934370367086107e-03 6.273986934202478993e-01 -1.070920801349359644e-03 -4.491145768608924109e-03
4.140000000000000000e+03 1.999993733499712434e+00 1.135249100125617222e-01 1.971198879160945393e-03 1.886468955873890296e+00 -2.186273401453736869e-03 2.149421355530435921e-04
4.145000000000000000e+03 1.999993724575718002e+00 5.294455987437587385e-01 2.035242266813526175e-03 1.470548258411927822e+00 -1.401300423327783435e-05 -2.021361842548835986e-03
4.150000000000000000e+03 1.999993716037939295e+00 1.850737013378620954e+00 1.138952559770531510e-03 1.492568354241740614e-01 1.588418469689613670e-03 -2.727503794315893054e-03
4.155000000000000000e+03 1.999993713102615978e+00 1.571835314875824841e+00 1.498574183800642371e-03 4.281585310549524959e-01 1.354380376349719481e-03 -2.853087388311743248e-03
4.160000000000000000e+03 1.999993705432246527e+00 2.240657128455086911e-01 2.024150960733993396e-03 1.775928125579168571e+00 -7.595827906150818317e-04 -1.264701162549580152e-03
4.165000000000000000e+03 1.999993696292964751e+00 3.551265870555938564e-01 2.540981047406680460e-03 1.644867242424622011e+00 -2.278755333025487759e-03 -2.623589016323361997e-04
4.170000000000000000e+03 1.999993686914913971e+00 1.705969960410857356e+00 6.744467441968117136e-03 2.940238598920985602e-01 -4.995284731103900085e-04 -6.245072356899989546e-03
4.175000000000000000e+03 1.999993681448284821e+00 1.762314447222438352e+00 6.475630301287602954e-03 2.376793677323441600e-01 -3.720697309762983625e-04 -6.103694076808893233e-03
4.180000000000000000e+03 1.999993673962153995e+00 4.156442522185205268e-01 2.113813425316612201e-03 1.584349555412992938e+00 -1.906795328008038890e-03 -2.071517666682666959e-04
4.185000000000000000e+03 1.999993665182543623e+00 1.733179181372835886e-01 1.465038248944518316e-03 1.826675880907702387e+00 -5.200262087894778245e-04 -9.451459025972943143e-04
4.190000000000000000e+03 1.999993656114397833e+00 1.503718434448427566e+00 1.044037496394816574e-03 4.962753557283575701e-01 1.302518602794942772e-03 -2.346690161576971655e-03
4.195000000000000000e+03 1.999993651426266172e+00 1.890305388839952139e+00 1.558779172944083470e-03 1.096883967520474734e-01 1.562543367447818705e-03 -3.121456706125137846e-03
4.200000000000000000e+03 1.999993646104991862e+00 6.049180298735588046e-01 2.718521628855621874e-03 1.395075750512187351e+00 -2.184633523782528641e-04 -2.500192557231586434e-03
4.205000000000000000e+03 1.999993637188923090e+00 8.544113573758184421e-02 2.410899466811651601e-03 1.914552635924522850e+00 -2.564793534600841134e-03 1.537595946078307491e-04
4.210000000000000000e+03 1.999993627820529252e+00 1.294728414408462980e+00 5.828600671024999208e-03 7.052653480871040603e-01 -1.242056743533013216e-03 -4.586678602529874367e-03
4.215000000000000000e+03 1.999993619709028669e+00 1.976324309718680228e+00 7.091955467046043814e-03 2.366944484335498089e-02 6.874199310575425999e-05 -7.160832313158470297e-03
4.220000000000000000e+03 1.999993613149073202e+00 8.576739920713194465e-01 2.616994353068924448e-03 1.142319756075337756e+00 -1.356968361310648130e-03 -1.260160989342167404e-03
4.225000000000000000e+03 1.999993604601537855e+00 1.245410317730325997e-02 9.766089283693840922e-04 1.987539636612135396e+00 -8.549522357031383996e-04 -1.217918805672154714e-04
4.230000000000000000e+03 1.999993595867153529e+00 1.038326815435772543e+00 8.440321165242422805e-04 9.616669158143327234e-01 8.895211354045627758e-04 -1.733688634880719117e-03
4.235000000000000000e+03 1.999993589112581960e+00 1.999729004471666460e+00 1.447952816768172156e-03 2.647201743847673412e-04 1.550979558971758709e-03 -2.999067909209127917e-03
4.240000000000000000e+03 1.999993586044842786e+00 1.079982548459990088e+00 3.344195379324404679e-03 9.200111731853638508e-01 3.553158040647380589e-04 -3.699646783900407271e-03
4.245000000000000000e+03 1.999993577411480095e+00 3.375685956566949059e-02 2.711669739542395090e-03 1.966236853634882653e+00 -2.494647881561621455e-03 -2.171576470527161978e-04
4.250000000000000000e+03 1.999993568237517838e+00 8.179387072895735189e-01 4.820512543507608598e-03 1.182054996935944846e+00 -2.069298072126065334e-03 -2.751350459382005589e-03
4.255000000000000000e+03 1.999993559153596001e+00 1.964259361614539623e+00 7.267365556852277420e-03 3.573433372598631280e-02 1.492349600428429001e-04 -7.416736703825281204e-03
4.260000000000000000e+03 1.999993554311094934e+00 1.335651418835919202e+00 3.356990619734981883e-03 6.643422717695597335e-01 -6.645663664063397374e-04 -2.692560547712695169e-03
4.265000000000000000e+03 1.999993546231668695e+00 8.469226675242910729e-02 6.774620722510947416e-04 1.915301415954861808e+00 -9.402595210195195587e-04 2.626609731463953445e-04
4.270000000000000000e+03 1.999993537609504601e+00 5.639430186693984437e-01 5.904872273604843888e-04 1.436050655610626059e+00 4.478295933793360753e-04 -1.038453491259786702e-03
4.275000000000000000e+03 1.999993529402809278e+00 1.874420478223217890e+00 1.194198486442270193e-03 1.255731880356709129e-01 1.317416286883440037e-03 -2.511751629405283535e-03
4.280000000000000000e+03 1.999993525577877351e+00 1.537576142870634710e+00 3.762424607445114498e-03 4.624175196491107642e-01 8.214227763954961084e-04 -4.583984325708563567e-03
4.285000000000000000e+03 1.999993517558423584e+00 2.122141625992167158e-01 3.384650150885363997e-03 1.787779492077888666e+00 -2.087842025932724627e-03 -1.296945243634088033e-03
4.290000000000000000e+03 1.999993508299365175e+00 3.877623958123201930e-01 3.956188251796617650e-03 1.612231249807816846e+00 -2.791220720104441860e-03 -1.165104852463995800e-03
4.295000000000000000e+03 1.999993498606002396e+00 1.728923710777790834e+00 6.960185012652347729e-03 2.710699253618829019e-01 -1.482897392243161618e-04 -6.812032807098993524e-03
4.300000000000000000e+03 1.999993493720555016e+00 1.737145719178215808e+00 4.155780308751536901e-03 2.628479121844383148e-01 1.034896783809172175e-05 -4.166266918689117034e-03
4.305000000000000000e+03 1.999993486943799859e+00 3.730642380120983703e-01 6.292821163324287129e-04 1.626929386725789684e+00 -7.561051316299070325e-04 1.266852212090944965e-04
4.310000000000000000e+03 1.999993478553258486e+00 1.920740380008135184e-01 3.464382607266969791e-04 1.807919578537255489e+00 8.239013687856347186e-05 -4.289663824159462122e-04
4.315000000000000000e+03 1.999993469904856935e+00 1.543864245875623320e+00 8.612486357288014205e-04 4.561293622113737345e-01 9.135315303548863968e-04 -1.774918348224090517e-03
4.320000000000000000e+03 1.999993464659749032e+00 1.870151752300786230e+00 3.880184681033879094e-03 1.298418506601960176e-01 1.063773221288999340e-03 -4.944096203556087171e-03
4.325000000000000000e+03 1.999993458253332523e+00 5.788210302432906795e-01 4.284467952282960089e-03 1.421172566453240194e+00 -1.441716605613978242e-03 -2.842889789867325979e-03
4.330000000000000000e+03 1.999993449789704947e+00 1.053978613661382263e-01 3.437947727189515426e-03 1.894595727052600820e+00 -3.241993959988192543e-03 -1.960923962354259591e-04
4.335000000000000000e+03 1.999993440612765960e+00 1.325636108195976659e+00 6.239840904846884022e-03 6.743574712462544474e-01 -7.528751541724946128e-04 -5.487104580139474247e-03
4.340000000000000000e+03 1.999993431712628000e+00 1.967697841022863159e+00 4.822544220840756929e-03 3.229572971856414787e-02 5.130403785565713784e-04 -5.335723628196694865e-03
4.345000000000000000e+03 1.999993427062579432e+00 8.097784548655578840e-01 8.341218317902383090e-04 1.190215111328955855e+00 -3.455958234373891031e-04 -4.886651402870329647e-04
4.350000000000000000e+03 1.999993418772546994e+00 1.013844507448716757e-02 1.707841475435951223e-04 1.989855113018674571e+00 -1.200878749224784919e-04 -5.083559323595529062e-05
4.355000000000000000e+03 1.999993410327716381e+00 1.085783267336604796e+00 5.334023983944876333e-04 9.142102825049258641e-01 4.327137809429708695e-04 -9.662556931513420532e-04
4.360000000000000000e+03 1.999993401949431648e+00 1.999577414047627899e+00 3.672830359674215082e-03 4.161276064920957710e-04 1.018494600305758224e-03 -4.691464664668161012e-03
4.365000000000000000e+03 1.999993397973321985e+00 1.047341795448125445e+00 5.211781079522352644e-03 9.526517423178820776e-01 -7.092229279218726073e-04 -4.502697944286121468e-03
4.370000000000000000e+03 1.999993389966529644e+00 3.727157956367700004e-02 3.387848718084850858e-03 1.962721950371884461e+00 -3.318302091224734334e-03 -6.968659589200652501e-05
4.375000000000000000e+03 1.999993381411108162e+00 8.492274475171488479e-01 5.270213220564490438e-03 1.150766074049446974e+00 -1.521729598563238781e-03 -3.748623777488830668e-03
4.380000000000000000e+03 1.999993372092248256e+00 1.973033730857979062e+00 5.197981499706508766e-03 2.695978159533702831e-02 7.303974926656588455e-04 -5.928519353439991833e-03
4.385000000000000000e+03 1.999993367704317571e+00 1.292156962268281806e+00 1.234559377147082535e-03 7.078365458954718470e-01 1.956285359745626290e-04 -1.430328372557539097e-03
4.390000000000000000e+03 1.999993359786287117e+00 6.090954524034634943e-02 1.041291999100726049e-04 1.939083955184367491e+00 -1.113947587947763723e-04 7.124920458045430246e-06
4.395000000000000000e+03 1.999993351626003335e+00 6.078722847151966091e-01 2.950226171100133539e-04 1.392121207735078636e+00 -1.238272166560930147e-05 -2.827807197159271546e-04
4.400000000000000000e+03 1.999993342899336612e+00 1.895492433096206186e+00 3.191199855869162900e-03 1.045010508260256071e-01 6.898899469083138655e-04 -3.881230825672418294e-03
4.405000000000000000e+03 1.999993337011792160e+00 1.507591550362015198e+00 5.958676225591839036e-03 4.924019278056757654e-01 -6.380676718039427723e-05 -5.895010614310080242e-03
4.410000000000000000e+03 1.999993329187073732e+00 1.994078855514989645e-01 3.819696968523512287e-03 1.800585584963453334e+00 -3.003061206557859370e-03 -8.167770898441209428e-04
4.415000000000000000e+03 1.999993321409464953e+00 4.117433584997044482e-01 4.271253623784125077e-03 1.588250104406937702e+00 -2.273799510983371460e-03 -1.997595609978359936e-03
4.420000000000000000e+03 1.999993312891441555e+00 1.751831059923096845e+00 5.190976360055599842e-03 2.481623946507376666e-01 6.172602477978545105e-04 -5.808378290246608323e-03
4.425000000000000000e+03 1.999993306557674488e+00 1.706775687215224435e+00 1.727831478941108763e-03 2.932177611665109374e-01 7.421748278076020474e-04 -2.470148130809785448e-03
4.430000000000000000e+03 1.999993298442369616e+00 3.324547733887794898e-01 1.592494870715892036e-04 1.667538667060139312e+00 1.069641648322299790e-04 -2.663556584529385698e-04
4.435000000000000000e+03 1.999993290299155291e+00 2.224845130680542515e-01 2.098021448577933848e-04 1.777508919421786349e+00 -3.168550345294496133e-04 1.069106989862864994e-04
4.440000000000000000e+03 1.999993282150557272e+00 1.582432582333414883e+00 2.550949443495652367e-03 4.175608421915595336e-01 1.502011629685880948e-04 -2.701292980881244386e-03
4.445000000000000000e+03 1.999993276887618743e+00 1.851355804309511521e+00 6.356583040186263890e-03 1.486376150708896282e-01 3.407873187568641131e-04 -6.697512851725609395e-03
4.450000000000000000e+03 1.999993269119497485e+00 5.536591997070029469e-01 4.635861140675733016e-03 1.446334212075991887e+00 -2.369288129184209113e-03 -2.266715674988424405e-03
4.455000000000000000e+03 1.999993261358096408e+00 1.160906719628042455e-01 3.468050553207784135e-03 1.883902732226949261e+00 -2.832024952790869465e-03 -6.361684320742208012e-04
4.460000000000000000e+03 1.999993253210561317e+00 1.356040019609840330e+00 4.798998754072139432e-03 6.439533766077085719e-01 2.064965686450857406e-04 -5.005638329704822226e-03
4.465000000000000000e+03 1.999993244796477887e+00 1.956129141504195479e+00 2.190622827365795375e-03 4.386424648437210055e-02 1.168751672720287887e-03 -3.359517692175725823e-03
4.470000000000000000e+03 1.999993239660077693e+00 7.609406194615102592e-01 3.182753097778753598e-04 1.239052763504370880e+00 4.840873244255791360e-04 -8.025059400066750529e-04
4.475000000000000000e+03 1.999993231559219264e+00 2.021895472993761808e-02 3.050128969173637977e-04 1.979774420316013028e+00 -4.085346763509726804e-04 1.033782927022269295e-04
4.480000000000000000e+03 1.999993223423394584e+00 1.134054510132288307e+00 1.906212114929404546e-03 8.659388569599847374e-01 -4.770774086518119470e-04 -1.429278375155926695e-03
4.485000000000000000e+03 1.999993214392127516e+00 1.997836222956319352e+00 6.315762716380996997e-03 2.157135307167612655e-03 4.065905578824318962e-04 -6.722497145622799430e-03
4.490000000000000000e+03 1.999993209053990695e+00 1.016684999723588501e+00 5.649543175071315010e-03 9.833083533178557101e-01 -1.563331518457890604e-03 -4.086355644066847446e-03
4.495000000000000000e+03 1.999993201312223690e+00 3.182539144659524838e-02 3.039188302798462478e-03 1.968167954019656607e+00 -3.064372117620182360e-03 2.503966079341037531e-05
4.500000000000000000e+03 1.999993193259449242e+00 8.786805988063945971e-01 4.107681209731037404e-03 1.121312738778787566e+00 -3.994073681721652873e-04 -3.708418167291408375e-03
4.505000000000000000e+03 1.999993183905692584e+00 1.981551501502662793e+00 2.508502240001472382e-03 1.844182693101001358e-02 1.379944297630229192e-03 -3.888591065612108464e-03
4.510000000000000000e+03 1.999993178455947485e+00 1.245642614378935642e+00 5.372796244317115145e-04 7.543507087250684862e-01 9.315354017761722730e-04 -1.468959674264650340e-03
4.515000000000000000e+03 1.999993170446891622e+00 4.861921567765409291e-02 5.645351743437628574e-04 1.951374099593604639e+00 -2.650812682139939481e-04 -2.995987304967219641e-04
4.520000000000000000e+03 1.999993162481402909e+00 6.558168129153592041e-01 1.413676056523292118e-03 1.344176494566134972e+00 -1.046397277331756210e-03 -3.674237792830613346e-04
4.525000000000000000e+03 1.999993153917967614e+00 1.912641337752231552e+00 5.847023141591638391e-03 8.735196135443838716e-02 1.148078948460057530e-04 -5.961976225139834634e-03
4.530000000000000000e+03 1.999993149546147375e+00 1.479563579931468809e+00 6.627538801212739909e-03 5.204297148985499444e-01 -7.712295410701603673e-04 -5.856454544014046137e-03
4.535000000000000000e+03 1.999993141692453236e+00 1.787817238738495518e-01 3.076124886719283462e-03 1.821211563270417555e+00 -2.914254893746576550e-03 -1.620154447867669877e-04
4.540000000000000000e+03 1.999993133041948701e+00 4.319792595667375501e-01 3.270079070655367362e-03 1.568014019109849500e+00 -1.052963098828423819e-03 -2.217261606465601147e-03
4.545000000000000000e+03 1.999993123574951737e+00 1.777009821378422449e+00 2.602786591475805995e-03 2.229834480320234680e-01 1.332632813855882687e-03 -3.935565240826185626e-03
4.550000000000000000e+03 1.999993118680655657e+00 1.672626455273193091e+00 7.573418506205746538e-04 3.273668093484954911e-01 1.344184262401445845e-03 -2.101672054054548773e-03
4.555000000000000000e+03 1.999993111622260678e+00 3.009967091729326416e-01 9.322032781480877250e-04 1.698996548542871299e+00 8.061341833633179819e-05 -1.012962790027456712e-03
4.560000000000000000e+03 1.999993103038763431e+00 2.601855497364645164e-01 1.195711338299952414e-03 1.739807699582686995e+00 -1.424749054878008932e-03 2.288914361900813699e-04
4.565000000000000000e+03 1.999993094104097757e+00 1.615863018646247262e+00 5.060203347727229052e-03 3.841302219328540657e-01 -4.692582818674027488e-04 -4.591091540863779380e-03
4.570000000000000000e+03 1.999993088354965254e+00 1.833417434095441667e+00 7.343904480777309514e-03 1.665758008590861594e-01 -1.757606808498843494e-04 -7.168290399490039044e-03
4.575000000000000000e+03 1.999993081327530176e+00 5.223992202810467944e-01 3.562655751069741632e-03 1.477594007794705844e+00 -2.413511467874556067e-03 -1.149291031417800204e-03
4.580000000000000000e+03 1.999993072172318476e+00 1.209798731001794914e-01 2.470833883756420445e-03 1.879013346012054164e+00 -1.596444838314923370e-03 -8.745359853569048634e-04
4.585000000000000000e+03 1.999993062323105697e+00 1.390530305470158545e+00 2.448345461648127486e-03 6.094629039990790975e-01 1.045594004255499983e-03 -3.494086612035582785e-03
4.590000000000000000e+03 1.999993055892515637e+00 1.941528882492310037e+00 9.195304826710760677e-04 5.846432068276354727e-02 1.625330387413328982e-03 -2.545008152642303824e-03
4.595000000000000000e+03 1.999993050940330308e+00 7.180093107047643697e-01 1.324598892160047409e-03 1.281983887622805796e+00 5.478069391367807860e-04 -1.872553218537009127e-03
4.600000000000000000e+03 1.999993042584643943e+00 4.019032028476705876e-02 1.311412859853920351e-03 1.959802869865360675e+00 -1.523265104161451592e-03 2.117046788236074913e-04
4.605000000000000000e+03 1.999993033798443731e+00 1.177344634162875936e+00 4.139423442272718162e-03 8.226485473890814415e-01 -1.211193009919731434e-03 -2.928378185866657712e-03
4.610000000000000000e+03 1.999993024629955984e+00 1.995021585720223811e+00 7.632296236906940465e-03 4.971586859003541969e-03 8.597891254471882181e-05 -7.718423098723029181e-03
4.615000000000000000e+03 1.999993019314296294e+00 9.818502596637643798e-01 4.379022088956146044e-03 1.018142907711278466e+00 -1.675033598214753592e-03 -2.704136551487941898e-03
4.620000000000000000e+03 1.999993009682024425e+00 1.883326809871759683e-02 1.883691391614274917e-03 1.981159889843703059e+00 -1.898605078917827826e-03 1.476542690734335708e-05
4.625000000000000000e+03 1.999993000198839965e+00 9.129208681693389282e-01 2.078316584040628117e-03 1.087072280485879894e+00 5.941281760846435847e-04 -2.672593216504304519e-03
4.630000000000000000e+03 1.999992992720622809e+00 1.989143231547468638e+00 9.800463521931364590e-04 1.084990978446962948e-02 1.710038684594567546e-03 -2.690233648103303437e-03
4.635000000000000000e+03 1.999992989565976931e+00 1.201622461046983670e+00 1.650405985902518666e-03 7.983706771955931814e-01 1.026400532782316324e-03 -2.676955195284789167e-03
4.640000000000000000e+03 1.999992980414731836e+00 4.754969005905031881e-02 1.742415537912483632e-03 1.952443439224624155e+00 -1.318357365484480823e-03 -4.242070413705059922e-04
4.645000000000000000e+03 1.999992970868867292e+00 7.002538392595117900e-01 3.300743677461671043e-03 1.299739280679205633e+00 -1.938913358342947771e-03 -1.361979388969242807e-03
4.650000000000000000e+03 1.999992962330373603e+00 1.926373740258713996e+00 7.424789575655935461e-03 7.361937132004230111e-02 -4.546072032299030327e-05 -7.379478103715796447e-03
4.655000000000000000e+03 1.999992957250835701e+00 1.449053995850734022e+00 5.329765232084077847e-03 5.509391107541243837e-01 -8.666718632767265356e-04 -4.463242722830237583e-03
4.660000000000000000e+03 1.999992948278906280e+00 1.495812919655379047e-01 1.632028789766754376e-03 1.850411805851292391e+00 -1.884961109772959487e-03 2.527827820822280873e-04
4.665000000000000000e+03 1.999992939501161526e+00 4.564346763638356119e-01 1.575093086456282303e-03 1.543558412854137085e+00 9.134757275828203724e-05 -1.666590376026032706e-03
4.670000000000000000e+03 1.999992931293176790e+00 1.804270868080087187e+00 9.215029606450419629e-04 1.957222130973697294e-01 1.580889365560530883e-03 -2.502542210485349597e-03
4.675000000000000000e+03 1.999992927596212944e+00 1.638164160916380840e+00 1.832050445541191395e-03 3.618289166398840906e-01 1.402477895082596864e-03 -3.234678300676046940e-03
4.680000000000000000e+03 1.999992919536469405e+00 2.805134896459018923e-01 2.396710073299995660e-03 1.719479580016825881e+00 -8.575621043666985244e-04 -1.539298095191829171e-03
4.685000000000000000e+03 1.999992909760983872e+00 2.968194581885723604e-01 2.742185379040653747e-03 1.703173601900951128e+00 -2.483073259784090644e-03 -2.592624477959035601e-04
4.690000000000000000e+03 1.999992900690304110e+00 1.643628591629962665e+00 6.767948215939569370e-03 3.563644595756857991e-01 -5.380177828567706292e-04 -6.230080948427161279e-03
4.695000000000000000e+03 1.999992895375935165e+00 1.814099709094487922e+00 6.189062017033803570e-03 1.858933369060173646e-01 -1.723023775722560310e-04 -6.016910264031754239e-03
4.700000000000000000e+03 1.999992887276742515e+00 4.824913479552818685e-01 1.761182125502942699e-03 1.517501690110532708e+00 -1.554876494413906041e-03 -2.064564201610856280e-04
4.705000000000000000e+03 1.999992879173090987e+00 1.283836756807231749e-01 1.050220410655340825e-03 1.871609354444775386e+00 -3.390581670665009789e-04 -7.113131959962323576e-04
4.710000000000000000e+03 1.999992871305544595e+00 1.430353102534989373e+00 7.572686994488783338e-04 5.696399198811928910e-01 1.272069100223690696e-03 -2.029488910310106673e-03
4.715000000000000000e+03 1.999992864862714548e+00 1.925047815338329471e+00 1.824738005765069422e-03 7.494520076638885864e-02 1.585151729385941323e-03 -3.410040977154768158e-03
4.720000000000000000e+03 1.999992857411783564e+00 6.842837933089127578e-01 3.129510536806139748e-03 1.315709215496652318e+00 -2.488620345940172974e-04 -2.880799895993576502e-03
4.725000000000000000e+03 1.999992848664348566e+00 6.193541573941235834e-02 2.597866189151870706e-03 1.938057584496418295e+00 -2.716817250712992744e-03 1.187994900789900431e-04
4.730000000000000000e+03 1.999992840848248132e+00 1.213298494443842301e+00 5.812237744985965758e-03 7.866944981340679988e-01 -1.275718928659758588e-03 -4.536670545988342670e-03
4.735000000000000000e+03 1.999992832485316230e+00 1.991097310644870166e+00 6.753141930177115719e-03 8.895673740355568293e-03 2.509658098218599817e-04 -7.004259639908157371e-03
4.740000000000000000e+03 1.999992828378527765e+00 9.392780546441338307e-01 2.228726831966682063e-03 1.060714925716058854e+00 -9.816068759890337996e-04 -1.247271937642847146e-03
4.745000000000000000e+03 1.999992819958144263e+00 5.903366790240464380e-03 6.181909607336353489e-04 1.994089605318223102e+00 -5.919894045234162967e-04 -2.635370652951951078e-05
4.750000000000000000e+03 1.999992811022603956e+00 9.552660413732569911e-01 5.277492804938365908e-04 1.044726921978423873e+00 8.607536558154445022e-04 -1.388655265386396810e-03
4.755000000000000000e+03 1.999992802290789129e+00 1.994880143387246729e+00 1.628307858076240332e-03 5.112811408867650766e-03 1.528431124429932737e-03 -3.156891487831192753e-03
4.760000000000000000e+03 1.999992798434152563e+00 1.163913467042863026e+00 3.776434838496284512e-03 8.360794839737862860e-01 3.640510080326328285e-04 -4.140638429025502061e-03
4.765000000000000000e+03 1.999992789517886393e+00 5.084064495486856350e-02 2.906900294883387696e-03 1.949152297324601157e+00 -2.585572766720649601e-03 -3.214802897461445223e-04
4.770000000000000000e+03 1.999992779783429153e+00 7.366127161351974095e-01 4.777259341992287633e-03 1.263380216605886952e+00 -2.085920575565519079e-03 -2.691491724081804347e-03
4.775000000000000000e+03 1.999992770619240634e+00 1.938377104494181324e+00 6.887543933001017034e-03 6.161581926710619356e-02 3.093657098420828219e-04 -7.197062784889928823e-03
4.780000000000000000e+03 1.999992765682556239e+00 1.412512455359150820e+00 2.914931780943031108e-03 5.874804635648310791e-01 -2.952204411787387331e-04 -2.619864581190445990e-03
4.785000000000000000e+03 1.999992756881468825e+00 1.178059701506486284e-01 3.701832416827455425e-04 1.882186940148034004e+00 -6.053213383924088481e-04 2.349846794958299219e-04
4.790000000000000000e+03 1.999992747701879070e+00 4.906726212867075776e-01 2.897763037519996256e-04 1.509320280015593596e+00 4.480517173704817399e-04 -7.379816215448075593e-04
4.795000000000000000e+03 1.999992739321528656e+00 1.831292009647903507e+00 1.288695773578297414e-03 1.687008834412427050e-01 1.242706767950820012e-03 -2.531556309146578906e-03
4.800000000000000000e+03 1.999992736655944903e+00 1.606642759034685897e+00 4.191553947601751179e-03 3.933501314415665528e-01 8.350053004612165543e-04 -5.026713068370446819e-03
4.805000000000000000e+03 1.999992728048755497e+00 2.661286012438773274e-01 3.604143544976400569e-03 1.733864280797006163e+00 -2.120035581638259840e-03 -1.484261955465959997e-03
4.810000000000000000e+03 1.999992717932097985e+00 3.257091605847948212e-01 3.901038255180640842e-03 1.674283711541955544e+00 -2.779657122296380969e-03 -1.121535327536498467e-03
4.815000000000000000e+03 1.999992708396151064e+00 1.668292637887511365e+00 6.558065469321320597e-03 3.317002248939743825e-01 -5.894109280838215994e-06 -6.552325745375401495e-03
4.820000000000000000e+03 1.999992703126470373e+00 1.790885123239342791e+00 3.651061862933012523e-03 2.091077343781228559e-01 3.478170610249141197e-04 -3.999033414953213211e-03
4.825000000000000000e+03 1.999992695650950392e+00 4.377958050182055860e-01 3.535663211023007640e-04 1.562197045272629037e+00 -3.740898020950376079e-04 2.036884110855768665e-05
4.830000000000000000e+03 1.999992686704390010e+00 1.457790440586895775e-01 1.020848257389599361e-04 1.854213797463908131e+00 1.343926563951004609e-04 -2.366323003415851190e-04
4.835000000000000000e+03 1.999992678016941694e+00 1.472777650910786829e+00 8.881582701278471770e-04 5.272151820973765002e-01 7.927896684131015758e-04 -1.681102929762291970e-03
4.840000000000000000e+03 1.999992672914561176e+00 1.908415270903620398e+00 4.281699118184611325e-03 9.157755710432594065e-02 1.049523863093811821e-03 -5.331378074663595951e-03
4.845000000000000000e+03 1.999992665960330429e+00 6.571449657690181523e-01 4.534843036559614050e-03 1.342847855423014769e+00 -1.429413509161404699e-03 -3.105584759100641495e-03
4.850000000000000000e+03 1.999992656146050152e+00 7.725476811544400302e-02 3.385239278858953246e-03 1.922738043458175117e+00 -3.195563202834599166e-03 -1.898315035937406345e-04
4.855000000000000000e+03 1.999992647681492430e+00 1.244323554347891436e+00 5.838157751300122877e-03 7.556692489295845361e-01 -6.170614571890434795e-04 -5.221251890094413643e-03
4.860000000000000000e+03 1.999992640953657475e+00 1.985379619922643224e+00 4.258985935633802060e-03 1.461317676131063462e-02 8.013813701377943194e-04 -5.060523036068002682e-03
4.865000000000000000e+03 1.999992634256766433e+00 8.906467757651662653e-01 5.616746376354887511e-04 1.109346014356253907e+00 4.862158663122119413e-05 -6.104520889200193944e-04
4.870000000000000000e+03 1.999992626073328728e+00 1.661558211337798002e-03 1.067965320030269068e-05 1.998331223889864505e+00 -4.567380716220391643e-06 -6.268300357548497143e-06
4.875000000000000000e+03 1.999992618089342589e+00 1.003643187105508927e+00 5.262530847986964574e-04 9.963495871708651919e-01 2.827525821476107085e-04 -8.091618539775438180e-04
4.880000000000000000e+03 1.999992610014663219e+00 1.998337231144393211e+00 4.029019149053711217e-03 1.655535219184883647e-03 9.519915232546664972e-04 -4.981167021223148993e-03
4.885000000000000000e+03 1.999992604665405072e+00 1.131913515992199581e+00 5.489901643348397281e-03 8.680792451293090073e-01 -6.764278065218686659e-04 -4.813630292930162931e-03
4.890000000000000000e+03 1.999992595497503522e+00 4.970060898915594494e-02 3.348909810999104418e-03 1.950292143147564827e+00 -3.237207064148550813e-03 -1.118593860676352590e-04
4.895000000000000000e+03 1.999992587600859295e+00 7.661567612181098275e-01 4.891239219148004781e-03 1.233835983179383922e+00 -1.378541113512052460e-03 -3.512854902269975464e-03
4.900000000000000000e+03 1.999992579184704633e+00 1.950203488219022674e+00 4.592729211464191032e-03 4.978924793073149363e-02 9.640348989203633909e-04 -5.556921075434313566e-03
4.905000000000000000e+03 1.999992573394797857e+00 1.369888663042919896e+00 9.361497448174922395e-04 6.301040674341957804e-01 5.643094060772762231e-04 -1.500616233212738156e-03
4.910000000000000000e+03 1.999992565209477879e+00 9.220160615175047869e-02 3.763362986480542403e-05 1.907791116304390133e+00 6.416523287628076561e-05 -1.019561094037354176e-04
4.915000000000000000e+03 1.999992557131578641e+00 5.341900994378058209e-01 2.960856479699673638e-04 1.465802615102542727e+00 -1.688064250780959554e-04 -1.274366316618128121e-04
4.920000000000000000e+03 1.999992548862467467e+00 1.855333685493627760e+00 3.496224866821725542e-03 1.446590209438149699e-01 5.592625549907389530e-04 -4.055644996787429249e-03
4.925000000000000000e+03 1.999992543550290103e+00 1.578779076439601248e+00 6.253876066270609019e-03 4.212136247933577216e-01 -3.967654911361005526e-05 -6.214357199825982364e-03
4.930000000000000000e+03 1.999992535463380960e+00 2.495271873948390617e-01 3.801201378681067552e-03 1.750465505913563424e+00 -2.895365734594154174e-03 -9.059934891081960128e-04
4.935000000000000000e+03 1.999992527707038281e+00 3.462478947051520484e-01 3.932378998816895774e-03 1.653744791002570880e+00 -2.111183997193573358e-03 -1.821353002307863267e-03
4.940000000000000000e+03 1.999992519541318403e+00 1.693559664967143608e+00 4.572062856192673184e-03 3.064330127390473835e-01 8.026897231377037823e-04 -5.374910744203108964e-03
4.945000000000000000e+03 1.999992513318147980e+00 1.762839394822006023e+00 1.381345707279881766e-03 2.371532767882305603e-01 1.052393031451519332e-03 -2.433897030819919937e-03
4.950000000000000000e+03 1.999992505470584492e+00 3.961168065166939534e-01 1.758434568620270678e-04 1.603875857405319572e+00 3.232730715992668865e-04 -4.992749798907358989e-04
4.955000000000000000e+03 1.999992497547309123e+00 1.747873912862353551e-01 2.616693138622662733e-04 1.825205264872831856e+00 -4.570397573946338938e-04 1.952118317743557568e-04
4.960000000000000000e+03 1.999992489459245792e+00 1.513092272594734444e+00 2.812886498701900207e-03 4.869003756399163385e-01 -4.275884849510586122e-05 -2.770286425611613070e-03
4.965000000000000000e+03 1.999992482880937894e+00 1.892670918641462086e+00 6.654849907979220464e-03 1.073217231495318114e-01 3.280677096440916740e-04 -6.983076527679564494e-03
4.970000000000000000e+03 1.999992475203867581e+00 6.297204393059897543e-01 4.639164985283781087e-03 1.370272194964145873e+00 -2.250240259416881779e-03 -2.389083792135007073e-03
4.975000000000000000e+03 1.999992467384085648e+00 8.337026234274094727e-02 3.178498220106172525e-03 1.916622364266308054e+00 -2.643934735070015401e-03 -5.347227099992224539e-04
4.980000000000000000e+03 1.999992459266806133e+00 1.275728227834814321e+00 4.200233086509505553e-03 7.242643908221029214e-01 3.599042035568146081e-04 -4.560296680177370297e-03
4.985000000000000000e+03 1.999992450737930971e+00 1.977094685101945304e+00 1.787412365611449694e-03 2.289792520235288398e-02 1.398900718669334776e-03 -3.186472650648098422e-03
4.990000000000000000e+03 1.999992444443988271e+00 8.419648406870552382e-01 3.908581728085530073e-04 1.158027763452922354e+00 7.093661621085740800e-04 -1.100384030906430451e-03
4.995000000000000000e+03 1.999992436498593706e+00 9.925049024126875868e-03 4.419801605507335356e-04 1.990067547333073561e+00 -5.158352985665330117e-04 7.369527940910753673e-05
5.000000000000000000e+03 1.999992428601215178e+00 1.052136242666239951e+00 2.145705930924257307e-03 9.478563459551663239e-01 -7.189257073483109250e-04 -1.426940243767173136e-03
5.005000000000000000e+03 1.999992419903418472e+00 1.999808222422700288e+00 6.604649011518134299e-03 1.843576804378911280e-04 3.358990012463648994e-04 -6.940708212484489499e-03
5.010000000000000000e+03 1.999992415324078010e+00 1.100837107430431727e+00 5.671151019273436289e-03 8.991554681874402988e-01 -1.453060011984361145e-03 -4.218251301082804640e-03
5.015000000000000000e+03 1.999992407359862279e+00 3.937296981268777196e-02 2.798599549053932666e-03 1.960619598004802233e+00 -2.853168927623914424e-03 5.440892094215913976e-05
5.020000000000000000e+03 1.999992399012470834e+00 7.949066164027811521e-01 3.561930853882774861e-03 1.205085943239957658e+00 -2.567621326835878640e-04 -3.305329351467159709e-03
5.025000000000000000e+03 1.999992389834560624e+00 1.962248687800040470e+00 2.056453381794719724e-03 3.774386285639334815e-02 1.523661630499380725e-03 -3.580275834167159776e-03
5.030000000000000000e+03 1.999992383898783865e+00 1.324942300482290669e+00 6.293625841597266226e-04 6.750502443634269767e-01 1.128120099046909163e-03 -1.757643630140190384e-03
5.035000000000000000e+03 1.999992375872608363e+00 7.835061414105679023e-02 8.055658699693368612e-04 1.921641922845089168e+00 -3.336181735114864726e-04 -4.721088099955529985e-04
5.040000000000000000e+03 1.999992367952107664e+00 5.808894126156334270e-01 1.659691605894401088e-03 1.419103116614224502e+00 -1.316362169316016677e-03 -3.434907143287959904e-04
5.045000000000000000e+03 1.999992359623209870e+00 1.875041678128323008e+00 6.119833429085170910e-03 1.249508429457469177e-01 -2.347731784595057756e-05 -6.096517562099584842e-03
5.050000000000000000e+03 1.999992354338683054e+00 1.552051640234509478e+00 6.660660807889478945e-03 4.479408756660476221e-01 -6.911115370626399156e-04 -5.969710832701044870e-03
5.055000000000000000e+03 1.999992346557668554e+00 2.246209181071823213e-01 2.875247122780537953e-03 1.775371590175063963e+00 -2.690846409548744954e-03 -1.845624378096036603e-04
5.060000000000000000e+03 1.999992338518303603e+00 3.641304455984728516e-01 2.802442998063487366e-03 1.635862054813458588e+00 -9.004894160095315960e-04 -1.902115475681607831e-03
5.065000000000000000e+03 1.999992329968099947e+00 1.721744084198214120e+00 2.125336200398123248e-03 2.782484078441136988e-01 1.399360269559050962e-03 -3.524858544185472363e-03
5.070000000000000000e+03 1.999992323574987241e+00 1.731524225975527020e+00 8.324036984831617234e-04 2.684682598106877816e-01 1.476874451415722492e-03 -2.309440361126442829e-03
5.075000000000000000e+03 1.999992315555588096e+00 3.639629661025416962e-01 1.276991894833666040e-03 1.636029511833656525e+00 4.366476784064827598e-05 -1.320819043284450229e-03
5.080000000000000000e+03 1.999992307616693221e+00 2.101812813620359266e-01 1.479442400953820359e-03 1.789811188802056918e+00 -1.700159454150603107e-03 2.205545057971931128e-04
5.085000000000000000e+03 1.999992299655733330e+00 1.547759473173798694e+00 5.318263875706357412e-03 4.522329891964982362e-01 -6.716491888845413285e-04 -4.646777401385561446e-03
5.090000000000000000e+03 1.999992293831970525e+00 1.877227846759946139e+00 7.380797739581931860e-03 1.227646099095807408e-01 -1.440768368349477262e-04 -7.236883740303363260e-03
5.095000000000000000e+03 1.999992287012877235e+00 5.955483883890235752e-01 3.385864152369810059e-03 1.404444061606047622e+00 -2.195246150686260868e-03 -1.190780983877390373e-03
5.100000000000000000e+03 1.999992278422360492e+00 8.469523416688000406e-02 2.093265029410947171e-03 1.915297207421655656e+00 -1.419673992937004522e-03 -6.737542026491962930e-04
5.105000000000000000e+03 1.999992269519600629e+00 1.312069436428839442e+00 1.979650366622765466e-03 6.879229964486882620e-01 1.057781277630510854e-03 -3.037595002180383183e-03
5.110000000000000000e+03 1.999992261750543232e+00 1.966148232874058932e+00 9.502167621737541607e-04 3.384419240341797475e-02 1.669428905525204444e-03 -2.619809194632357393e-03
5.115000000000000000e+03 1.999992256090790566e+00 7.996061884411008736e-01 1.753698889535038226e-03 1.200386231297801976e+00 5.230672132074550527e-04 -2.276929750854600736e-03
5.120000000000000000e+03 1.999992248187290489e+00 2.718505267517590251e-02 1.659682230294495927e-03 1.972807359328504040e+00 -1.784837717804913220e-03 1.249916711210672716e-04
5.125000000000000000e+03 1.999992240131210242e+00 1.094972391833446634e+00 4.391872037565095789e-03 9.050200122852045670e-01 -1.462653569080900199e-03 -2.929382455925593192e-03
5.130000000000000000e+03 1.999992230406524296e+00 1.999880779652873697e+00 7.666802585775959328e-03 1.116149505613555319e-04 5.819554322423415769e-05 -7.725162325911227520e-03
5.135000000000000000e+03 1.999992226692156816e+00 1.064904485220747876e+00 4.208031567567410702e-03 9.350879057473394651e-01 -1.481901220543211176e-03 -2.726294622955029775e-03
5.140000000000000000e+03 1.999992218367636188e+00 2.232792596749095734e-02 1.592309724983504305e-03 1.977664456856860875e+00 -1.692995889274599144e-03 1.005217075752819987e-04
5.145000000000000000e+03 1.999992209891465311e+00 8.294909768605766009e-01 1.655711899104789567e-03 1.170501397672968569e+00 5.818270032051900582e-04 -2.237703544389991594e-03
5.150000000000000000e+03 1.999992200940724940e+00 1.973671627822922048e+00 9.548955139033597382e-04 2.632073795696919516e-02 1.657056086919265689e-03 -2.612116439989000793e-03
5.155000000000000000e+03 1.999992195694519692e+00 1.282868367062786730e+00 2.129554855962722659e-03 7.171239935860962422e-01 9.863508925393219516e-04 -3.116070702865047712e-03
5.160000000000000000e+03 1.999992187899014118e+00 7.491904144817602973e-02 2.171877490474188183e-03 1.925073311573388901e+00 -1.554320025637159590e-03 -6.177225873875115880e-04
5.165000000000000000e+03 1.999992179953381521e+00 6.232024794634809517e-01 3.562039676292391797e-03 1.376789865783257794e+00 -2.217013868189678886e-03 -1.345191101459983348e-03
5.170000000000000000e+03 1.999992171444982647e+00 1.891161108202487284e+00 7.454329678728042509e-03 1.088312287191859629e-01 -1.335728170674571917e-04 -7.320922338351231254e-03
5.175000000000000000e+03 1.999992166287222428e+00 1.522277746518210462e+00 5.147685117062809033e-03 4.777145853581869495e-01 -7.167001436311597196e-04 -4.431150562606642716e-03
5.180000000000000000e+03 1.999992158351582061e+00 1.917169344421177646e-01 1.407755565873079198e-03 1.808275389673033473e+00 -1.657088455453265517e-03 2.491671260109329790e-04
5.185000000000000000e+03 1.999992150073212960e+00 3.874318125264041290e-01 1.230593650067128260e-03 1.612560503493958519e+00 8.546829355397796244e-05 -1.316227890770480273e-03
5.190000000000000000e+03 1.999992141360472209e+00 1.752327807031845763e+00 8.475151247553172618e-04 2.476645004699563335e-01 1.440495441861687834e-03 -2.288176707946867634e-03
5.195000000000000000e+03 1.999992135010473460e+00 1.700164504648980390e+00 2.319857664844986178e-03 2.998277966450149656e-01 1.318000035143722512e-03 -3.638023983510452978e-03
5.200000000000000000e+03 1.999992126971578354e+00 3.421360693602503722e-01 2.909967896650146341e-03 1.657856224070749729e+00 -1.065919222324872295e-03 -1.844215133747021231e-03
5.205000000000000000e+03 1.999992119040623129e+00 2.434300908791869889e-01 3.028162204847841855e-03 1.756562194793082066e+00 -2.763481840405319911e-03 -2.648469960886725414e-04
5.210000000000000000e+03 1.999992111182739007e+00 1.576637841675881502e+00 6.794315394427614258e-03 4.233544363088369011e-01 -6.763197780391977257e-04 -6.118162418367818593e-03
5.215000000000000000e+03 1.999992105264292608e+00 1.860067340635853217e+00 5.983914229445176300e-03 1.399249315600978039e-01 -7.717909381544034821e-05 -5.906902067288435573e-03
5.220000000000000000e+03 1.999992097993309237e+00 5.530459692556718432e-01 1.573587168934251993e-03 1.446946295830997542e+00 -1.320669702899992127e-03 -2.530845593943938619e-04
5.225000000000000000e+03 1.999992089839660592e+00 8.981018962056852573e-02 8.030013050646362229e-04 1.910182067495157066e+00 -3.133443770110272289e-04 -4.898242041185742884e-04
5.230000000000000000e+03 1.999992081637989694e+00 1.354141198634619681e+00 6.577308361463913081e-04 6.458510504638098615e-01 1.069878161037837163e-03 -1.727776457623931682e-03
5.235000000000000000e+03 1.999992074396944153e+00 1.953437035986092196e+00 2.282010256571914437e-03 4.655520603516283967e-02 1.433045704250634133e-03 -3.715223585133510358e-03
5.240000000000000000e+03 1.999992067007506424e+00 7.659801439713510574e-01 3.713934006514850623e-03 1.234012090824519570e+00 -4.374355329658999986e-04 -3.276666261912820986e-03
5.245000000000000000e+03 1.999992058553326180e+00 4.498877582639167899e-02 2.921439166336722241e-03 1.955003450700295797e+00 -2.978643059243621730e-03 5.703591954555228388e-05
5.250000000000000000e+03 1.999992050604057159e+00 1.130287105853858831e+00 5.840877984087025805e-03 8.697051128971001743e-01 -1.444731697123017395e-03 -4.396314433865535637e-03
5.255000000000000000e+03 1.999992042547086957e+00 1.998789991984630143e+00 6.520085917318457422e-03 1.202218886917802996e-03 2.890793253598994243e-04 -6.809333567139832372e-03
5.260000000000000000e+03 1.999992036901538484e+00 1.021350864675986125e+00 2.042269377023772647e-03 9.786413406769064460e-01 -7.620315276947731142e-04 -1.280406300683157835e-03
5.265000000000000000e+03 1.999992028746307327e+00 6.603373007559137399e-03 4.697198881400656756e-04 1.993388824374256796e+00 -5.203200216701079879e-04 5.043149802151738234e-05
5.270000000000000000e+03 1.999992020643853063e+00 8.727033685013798614e-01 4.359702739249991538e-04 1.127288820961616755e+00 6.326156904864827695e-04 -1.068754783555320555e-03
5.275000000000000000e+03 1.999992012432033173e+00 1.983197899261590180e+00 2.026767271144518361e-03 1.679428217593461128e-02 1.297973920256494064e-03 -3.324910196892803642e-03
5.280000000000000000e+03 1.999992008024785495e+00 1.246781909507895802e+00 4.406024239173951182e-03 7.532102676211364090e-01 1.798376610753572359e-04 -4.586031004496066675e-03
5.285000000000000000e+03 1.999991999070998450e+00 7.455006689359550132e-02 3.274482614712793255e-03 1.925442101478893830e+00 -2.815302028250012134e-03 -4.593498879534833748e-04
5.290000000000000000e+03 1.999991990288026988e+00 6.570981545822205394e-01 4.815207262277165431e-03 1.342894005199743335e+00 -2.260702003519063363e-03 -2.554674752695218053e-03
5.295000000000000000e+03 1.999991981997053081e+00 1.905773048091931932e+00 6.629322706332836830e-03 9.421910358166671329e-02 2.991081823577138596e-04 -6.928600565236022954e-03
5.300000000000000000e+03 1.999991976867126597e+00 1.486497795570816960e+00 2.696236739853576266e-03 5.134943510880717321e-01 -1.104504792812085264e-04 -2.585956052334695103e-03
5.305000000000000000e+03 1.999991968952744781e+00 1.573863251877352376e-01 3.030763306990045809e-04 1.842605813735955111e+00 -4.866469133711144482e-04 1.834006117265938175e-04
5.310000000000000000e+03 1.999991960621785303e+00 4.211790209958715114e-01 2.403969619319436929e-04 1.578813109786791458e+00 2.323496149893783185e-04 -4.729167377989182972e-04
5.315000000000000000e+03 1.999991952508566539e+00 1.782501421230663130e+00 1.616914052283798062e-03 2.174907016232983381e-01 9.394195709872372405e-04 -2.556503968665902165e-03
5.320000000000000000e+03 1.999991949112857936e+00 1.671506064950113224e+00 4.831642282132785592e-03 3.284860545849826452e-01 6.362491361995889060e-04 -5.468061840570316232e-03
5.325000000000000000e+03 1.999991941180498944e+00 3.251463207977044467e-01 4.013528583371709160e-03 1.674845790980676208e+00 -2.313330099940381218e-03 -1.700369081313207438e-03
5.330000000000000000e+03 1.999991931839223192e+00 2.683819115342745976e-01 3.954126003425648302e-03 1.731610191107399110e+00 -2.934987887162792894e-03 -1.019308918713251761e-03
5.335000000000000000e+03 1.999991922242265074e+00 1.602841914916615762e+00 6.283574729456284542e-03 3.971501783393125429e-01 -4.605457115545883519e-05 -6.237691171963856418e-03
5.340000000000000000e+03 1.999991916585892815e+00 1.839080921047398176e+00 3.375615667677083539e-03 1.609111666785189854e-01 4.842716693096166128e-04 -3.860058477011057802e-03
5.345000000000000000e+03 1.999991909261376932e+00 5.067216058531481826e-01 3.344580742848671457e-04 1.493270474713590978e+00 -2.200937440757017504e-04 -1.145356355713136778e-04
5.350000000000000000e+03 1.999991901013696616e+00 1.057066265971163405e-01 1.221418517732228719e-04 1.894285445909763554e+00 -3.580071955749678718e-05 -8.651262539901108958e-05
5.355000000000000000e+03 1.999991892602038357e+00 1.398569662847476414e+00 1.153222386168754063e-03 6.014224014392060003e-01 4.382696193051138387e-04 -1.591663690117602926e-03
5.360000000000000000e+03 1.999991887311950212e+00 1.940331078589551117e+00 4.895652683011396042e-03 5.966098052692991871e-02 8.190903048060503740e-04 -5.714914792348239729e-03
5.365000000000000000e+03 1.999991882089854123e+00 7.378169265504096463e-01 4.974914577957153909e-03 1.262175127459374213e+00 -1.590642255906827380e-03 -3.384444241980127249e-03
5.370000000000000000e+03 1.999991872775428448e+00 5.558576841673151803e-02 3.455439005218675572e-03 1.944406276482495866e+00 -3.311142063992542160e-03 -1.444690650251610796e-04
5.375000000000000000e+03 1.999991863031658212e+00 1.161195872498497428e+00 5.559477187248608281e-03 8.387961628698632488e-01 -6.619060704410231061e-04 -4.897743453509978244e-03
5.380000000000000000e+03 1.999991855818474384e+00 1.996147604577883872e+00 3.915731208255289302e-03 3.844423736641702088e-03 8.870675489708302296e-04 -4.802971253277522716e-03
5.385000000000000000e+03 1.999991851276567090e+00 9.724875736615037347e-01 5.475715199039829896e-04 1.027504450211865983e+00 2.170942450391737176e-04 -7.648383617454800314e-04
5.390000000000000000e+03 1.999991843106490919e+00 4.451933226544497395e-04 1.125333535882133029e-04 1.999546822565542392e+00 -1.077647055886886526e-04 -4.941429705124034740e-06
5.395000000000000000e+03 1.999991834680847402e+00 9.216901254129893362e-01 7.508186742031208423e-04 1.078301882241208931e+00 -8.949769648552969139e-05 -6.614939510686482921e-04
5.400000000000000000e+03 1.999991826842799636e+00 1.990111267089951008e+00 4.585553533338553901e-03 9.880732903231196143e-03 6.797210614076119525e-04 -5.265447745128712560e-03
5.405000000000000000e+03 1.999991822782840378e+00 1.215488466049545746e+00 5.942163655729983639e-03 7.845035299738146728e-01 -8.163103306750536326e-04 -5.126026565575011844e-03
5.410000000000000000e+03 1.999991814125503309e+00 6.877542234502581620e-02 3.432636296671258934e-03 1.931216565210298830e+00 -3.301541980881068927e-03 -1.312677456117381110e-04
5.415000000000000000e+03 1.999991804750804070e+00 6.846739653714598584e-01 4.619842138526549478e-03 1.315318013011891773e+00 -1.400699485443807806e-03 -3.219316285630447090e-03
5.420000000000000000e+03 1.999991795277835216e+00 1.920704278160612510e+00 4.185500522152134882e-03 7.928769095652786481e-02 1.009291512711085661e-03 -5.194965874168460881e-03
5.425000000000000000e+03 1.999991791845860067e+00 1.445185070512627901e+00 8.830041759135635058e-04 5.548068952481638449e-01 7.230692266177153821e-04 -1.606247317462745428e-03
5.430000000000000000e+03 1.999991784225995328e+00 1.301368585203089290e-01 2.153266754091447957e-04 1.869855099790683095e+00 3.435708458756885227e-05 -2.498578449934284488e-04
5.435000000000000000e+03 1.999991775949784056e+00 4.639924033928080060e-01 5.116959400446163125e-04 1.535999546828054507e+00 -5.205042943338615124e-04 8.634083210892485506e-06
5.440000000000000000e+03 1.999991767290448585e+00 1.809210524354271099e+00 3.975673639145339833e-03 1.907814174018528930e-01 2.457997358309988302e-04 -4.221647840651655305e-03
5.445000000000000000e+03 1.999991762131762885e+00 1.645817299205062589e+00 6.695475882888863792e-03 3.541746375076357256e-01 -1.717358636600145529e-04 -6.523914600164226057e-03
5.450000000000000000e+03 1.999991754147105283e+00 3.048511055808929004e-01 3.889114407536994975e-03 1.695140823320803847e+00 -2.907408596118623862e-03 -9.818805660097914157e-04
5.455000000000000000e+03 1.999991744811729255e+00 2.853399035478437207e-01 3.675451726022457150e-03 1.714652016218812358e+00 -2.086330835004567615e-03 -1.589295845944778754e-03
5.460000000000000000e+03 1.999991734775621088e+00 1.630420471475323652e+00 4.117559374056866013e-03 3.695714384715753642e-01 8.292229037766534611e-04 -4.946957449111658543e-03
5.465000000000000000e+03 1.999991729989612610e+00 1.813679223826321296e+00 1.253058142924109216e-03 1.863126814387873476e-01 1.180657194694954924e-03 -2.433890613114919697e-03
5.470000000000000000e+03 1.999991724113837632e+00 4.642898451860886788e-01 4.056351036937789882e-04 1.535702054331987254e+00 3.579437105538126182e-04 -7.637542184857095112e-04
5.475000000000000000e+03 1.999991715595550001e+00 1.330884118110437220e-01 5.001560758236512586e-04 1.866903479377809649e+00 -7.533759382899100996e-04 2.530442691628644264e-04
5.480000000000000000e+03 1.999991706686169657e+00 1.440227199317199558e+00 3.210910074962153218e-03 5.597646831604357054e-01 -3.846640605742682596e-04 -2.826421805853063067e-03
5.485000000000000000e+03 1.999991700008095341e+00 1.927615532130525500e+00 7.062526085863203226e-03 7.237634381664899419e-02 1.914062750983016182e-04 -7.254108300040779979e-03
5.490000000000000000e+03 1.999991694282523991e+00 7.082753222518427538e-01 4.717582446951250862e-03 1.291716548092638250e+00 -2.218434138790710726e-03 -2.499324370117660728e-03
5.495000000000000000e+03 1.999991685236690353e+00 5.712340303777860284e-02 2.936290460476477515e-03 1.942868458453466340e+00 -2.555509608402871131e-03 -3.809571066283098245e-04
5.500000000000000000e+03 1.999991675312309258e+00 1.193485825587385696e+00 3.723074018484341056e-03 8.065060261901426664e-01 3.965224354662629934e-04 -4.119772919169812156e-03
5.505000000000000000e+03 1.999991667435235598e+00 1.991322659475762702e+00 1.563279673147753351e-03 8.669184594596066745e-03 1.485327587020758002e-03 -3.048783895292034741e-03
5.510000000000000000e+03 1.999991663887916271e+00 9.243511042104511910e-01 6.357837062387163875e-04 1.075640736388212781e+00 7.872616947445659503e-04 -1.423222111730760957e-03
5.515000000000000000e+03 1.999991655611825125e+00 6.771595754401053824e-03 7.271582874560431195e-04 1.993220236748442620e+00 -7.328051570668883598e-04 5.469978592549911991e-06
5.520000000000000000e+03 1.999991646918837906e+00 9.699728724271245994e-01 2.473509356361299882e-03 1.030018951572959640e+00 -1.066225470324147322e-03 -1.407460967283611633e-03
5.525000000000000000e+03 1.999991638099703373e+00 1.994643914025972853e+00 6.958871532297035596e-03 5.347901346931853428e-03 1.867384849859512065e-04 -7.145787290484324761e-03
5.530000000000000000e+03 1.999991632707578848e+00 1.184141195136083624e+00 5.724734759320319714e-03 8.158506149607722691e-01 -1.392165176736356348e-03 -4.332746971861021514e-03
5.535000000000000000e+03 1.999991623356754067e+00 5.371834248554037405e-02 2.563501282042288110e-03 1.946273458457619787e+00 -2.695604736479608084e-03 1.319258680313766170e-04
5.540000000000000000e+03 1.999991613645559774e+00 7.125902819854064152e-01 3.088061123913772923e-03 1.287401509450265324e+00 -1.802178681989614396e-04 -2.908021045826950524e-03
5.545000000000000000e+03 1.999991605188106369e+00 1.936321441588293668e+00 1.735331044325623363e-03 6.367034156796702593e-02 1.570073550148903818e-03 -3.305582562629004201e-03
5.550000000000000000e+03 1.999991602171897087e+00 1.402178891611502776e+00 8.468519560369768256e-04 5.978128885920560576e-01 1.221069565472733499e-03 -2.068099553171260426e-03
5.555000000000000000e+03 1.999991593975005921e+00 1.147267130942642988e-01 1.147235845267718804e-03 1.885265059087998907e+00 -4.627331086802958853e-04 -6.846809438447138763e-04
5.560000000000000000e+03 1.999991584638357134e+00 5.090591785135299974e-01 1.940690337319936213e-03 1.490932584533022132e+00 -1.640391099124634440e-03 -3.004776463903041867e-04
5.565000000000000000e+03 1.999991575648974340e+00 1.831180557545147858e+00 6.408346141550622446e-03 1.688111967043058048e-01 -1.862391967294438691e-04 -6.222285545300370972e-03
5.570000000000000000e+03 1.999991571139305035e+00 1.620502824726138824e+00 6.675690361062028982e-03 3.794889251093653826e-01 -6.177560712061459184e-04 -6.058112986054907910e-03
5.575000000000000000e+03 1.999991562528312672e+00 2.759420670632435346e-01 2.632908714561872990e-03 1.724049674340816241e+00 -2.470554816777801449e-03 -1.625327735312506446e-04
5.580000000000000000e+03 1.999991553023085178e+00 3.007870813889273465e-01 2.352526874303473986e-03 1.699204650706679587e+00 -7.595754268806184911e-04 -1.593130519944289340e-03
5.585000000000000000e+03 1.999991544193935322e+00 1.661561182881218235e+00 1.725482943739934045e-03 3.384305405679658429e-01 1.421067362747112980e-03 -3.146729561735939033e-03
5.590000000000000000e+03 1.999991539972936883e+00 1.785466681058053728e+00 9.833657659172969669e-04 2.145250382581461168e-01 1.556533503275266215e-03 -2.540078612455730963e-03
5.595000000000000000e+03 1.999991533421979328e+00 4.315551425943871533e-01 1.668592943828471533e-03 1.568436570307987887e+00 -5.769310783055989531e-06 -1.663003113441033614e-03
5.600000000000000000e+03 1.999991523841471386e+00 1.658881500761569538e-01 1.743226325240131332e-03 1.834103553448113821e+00 -1.973133269102213348e-03 2.297272610628876073e-04
5.605000000000000000e+03 1.999991514351876720e+00 1.475710503835954812e+00 5.538327115341825507e-03 5.242811903984957445e-01 -8.416894510604783133e-04 -4.696817546855246682e-03
5.610000000000000000e+03 1.999991508538554452e+00 1.914709770066237882e+00 7.348186357635078277e-03 8.528191847651990509e-02 -7.227604126151968369e-05 -7.276090320576861746e-03
5.615000000000000000e+03 1.999991500779505049e+00 6.715351163336982232e-01 3.118219469102605484e-03 1.328456564610240198e+00 -1.929047316098460047e-03 -1.189352317437007310e-03
5.620000000000000000e+03 1.999991492280620342e+00 5.490873271343199580e-02 1.677650165032138494e-03 1.945082939905220965e+00 -1.200677491349635279e-03 -4.771530117150063694e-04
5.625000000000000000e+03 1.999991484534132447e+00 1.231586015692690994e+00 1.534241632069203391e-03 7.684056493369291196e-01 1.080287702537250250e-03 -2.614709830094243993e-03
5.630000000000000000e+03 1.999991477253757477e+00 1.984138561355231367e+00 1.007653721774266287e-03 1.585309654385416364e-02 1.713911120499768187e-03 -2.721745487602044919e-03
5.635000000000000000e+03 1.999991470933224713e+00 8.827568974197086416e-01 2.174029128335220554e-03 1.117234754289835985e+00 5.309391426644043989e-04 -2.705149047319788721e-03
5.640000000000000000e+03 1.999991461902521417e+00 2.116008912352471474e-02 1.934808535997068228e-03 1.978831553742224303e+00 -1.986552765848301379e-03 5.156326662383162916e-05
5.645000000000000000e+03 1.999991453856508228e+00 1.011871609422378304e+00 4.550722406678681282e-03 9.881200255632172080e-01 -1.627402973029355888e-03 -2.923500562736925518e-03
5.650000000000000000e+03 1.999991445302973680e+00 1.997550024218144760e+00 7.584090783115412723e-03 2.441602390422979284e-03 1.203687260686025226e-04 -7.704640814778134297e-03
5.655000000000000000e+03 1.999991440421229782e+00 1.147450344480435591e+00 3.897627920576481227e-03 8.525412773458879157e-01 -1.193144339252471967e-03 -2.704664986417935901e-03
5.660000000000000000e+03 1.999991432683775106e+00 3.278778196863286337e-02 1.208701452127614821e-03 1.967203832276571696e+00 -1.396039413060683708e-03 1.871563995036371031e-04
5.665000000000000000e+03 1.999991424684612218e+00 7.474376081245085457e-01 1.205075971615056970e-03 1.252553998282306846e+00 6.346823830209259764e-04 -1.839940076839144834e-03
5.670000000000000000e+03 1.999991415496192415e+00 1.951513991393444503e+00 9.101427307749501705e-04 4.847760601141989228e-02 1.655981909338866305e-03 -2.566306548785592459e-03
5.675000000000000000e+03 1.999991409399509035e+00 1.362258475841125360e+00 2.548028882631448756e-03 6.377331155923341433e-01 1.020259386670629900e-03 -3.568470303252880508e-03
5.680000000000000000e+03 1.999991401184427087e+00 1.088961749552211505e-01 2.479302436248574226e-03 1.891095408430190306e+00 -1.677317285804637336e-03 -8.021673514281130700e-04
5.685000000000000000e+03 1.999991393511878490e+00 5.487841202852735689e-01 3.675423209225106569e-03 1.451207455583155559e+00 -2.360480767065144779e-03 -1.315124798710623445e-03
5.690000000000000000e+03 1.999991385201556948e+00 1.849526289202459983e+00 7.326186611814410055e-03 1.504652785242213686e-01 -8.176221291648073214e-05 -7.244606924022097341e-03
5.695000000000000000e+03 1.999991379952554604e+00 1.591738073625743599e+00 4.782351201711886567e-03 4.082534889588041449e-01 -4.299040583903869766e-04 -4.352629775314600068e-03
5.700000000000000000e+03 1.999991372223973274e+00 2.396448578990649503e-01 1.042079908654449001e-03 1.760346697112026959e+00 -1.296399315192274136e-03 2.541366194193182132e-04
5.705000000000000000e+03 1.999991363610463591e+00 3.229112814287219413e-01 8.130342416855432372e-04 1.677080265140991067e+00 1.948109649158748084e-04 -1.008028165850606258e-03
5.710000000000000000e+03 1.999991354316569714e+00 1.695273276114702687e+00 7.126504387767062685e-04 3.047182613473801149e-01 1.397257796460319845e-03 -2.110091380750268256e-03
5.715000000000000000e+03 1.999991349153359854e+00 1.757358222206536924e+00 2.703996881153391749e-03 2.426333101970674644e-01 1.344615496224109072e-03 -4.048795627622292677e-03
5.720000000000000000e+03 1.999991341958049063e+00 4.084429606448536920e-01 3.258726647572311296e-03 1.591548564707759184e+00 -1.117738609132655405e-03 -2.141171433003347894e-03
5.725000000000000000e+03 1.999991333322622022e+00 1.953857517782759956e-01 3.117183065386839105e-03 1.804605765112259119e+00 -2.870210632067739069e-03 -2.471560012317823660e-04
5.730000000000000000e+03 1.999991323667423826e+00 1.505442055017422343e+00 6.631503725993767237e-03 4.945494524122750479e-01 -6.289967613499149093e-04 -6.002690726917734101e-03
5.735000000000000000e+03 1.999991316240624872e+00 1.899875879274080637e+00 5.560601786786627254e-03 1.001156208792173263e-01 1.875280304050695864e-04 -5.748313729864926863e-03
5.740000000000000000e+03 1.999991310144616286e+00 6.268514982240228628e-01 1.203803012718211284e-03 1.373139995954453685e+00 -9.219846360043932893e-04 -2.820024105743848758e-04
5.745000000000000000e+03 1.999991300688431561e+00 5.780532207618162277e-02 4.463901895434297393e-04 1.942186162834682595e+00 -1.316619678899008617e-04 -3.149124440860593039e-04
5.750000000000000000e+03 1.999991291209265665e+00 1.275651317393329265e+00 4.635104177176240393e-04 7.243401582274415773e-01 1.000506974140747199e-03 -1.464201803363726932e-03
5.755000000000000000e+03 1.999991284960665805e+00 1.975219584379349858e+00 2.605410616618135736e-03 2.477188511788217321e-02 1.423804763874848226e-03 -4.029399917059472112e-03
5.760000000000000000e+03 1.999991279428428692e+00 8.493406532498382067e-01 4.100069563484273587e-03 1.150650810825236681e+00 -4.393430562051768226e-04 -3.660911153925006621e-03
5.765000000000000000e+03 1.999991269205385391e+00 3.480642553134091766e-02 3.008342557908016014e-03 1.965185028525185063e+00 -3.037995960689206937e-03 2.946855164073583375e-05
5.770000000000000000e+03 1.999991260279940120e+00 1.046220288649819308e+00 5.658041062365423528e-03 9.537711566591176027e-01 -1.391865787688639517e-03 -4.266360303673701927e-03
5.775000000000000000e+03 1.999991252198780822e+00 1.999349709641665918e+00 6.046805512291491061e-03 6.417277473637314792e-04 5.202938702318736638e-04 -6.567284572772208624e-03
5.780000000000000000e+03 1.999991247698074570e+00 1.103361031546572057e+00 1.644261899209249105e-03 8.966304014311869963e-01 -3.576477508054486283e-04 -1.286799428088121738e-03
5.785000000000000000e+03 1.999991239882685568e+00 1.445227096152917196e-02 1.858072132939886096e-04 1.985539154355774771e+00 -2.653114090365493770e-04 7.931876112441264338e-05
5.790000000000000000e+03 1.999991231790871460e+00 7.912838527316067294e-01 2.256559476654574259e-04 1.208707564654182720e+00 5.614183452237746404e-04 -7.872598878072194564e-04
5.795000000000000000e+03 1.999991222680263414e+00 1.964685325666225779e+00 2.275732545158233588e-03 3.530608279091641127e-02 1.234475281908624334e-03 -3.510393603945571612e-03
5.800000000000000000e+03 1.999991217174611924e+00 1.327906343367441178e+00 4.814903070851436415e-03 6.720850596944475397e-01 1.973342918548016294e-04 -5.012423249983132510e-03
5.805000000000000000e+03 1.999991209675423098e+00 1.048123281810729585e-01 3.378279064374540078e-03 1.895179067529809913e+00 -2.825063977460460281e-03 -5.534011223736923658e-04
5.810000000000000000e+03 1.999991201340546310e+00 5.798754139250807960e-01 4.628087408562572141e-03 1.420115973615947214e+00 -2.191501793025232500e-03 -2.436771816019222148e-03
5.815000000000000000e+03 1.999991191972227966e+00 1.866708632003249990e+00 6.124499575767424452e-03 1.332827463559495551e-01 4.960972507772637864e-04 -6.620783213516055407e-03
5.820000000000000000e+03 1.999991186954103384e+00 1.557116804281951206e+00 2.250466341796700763e-03 4.428745691597795742e-01 2.671142710990790487e-04 -2.517767100523208429e-03
5.825000000000000000e+03 1.999991179263974406e+00 2.030551046281562910e-01 8.576849279507478953e-05 1.796936261276275371e+00 -1.733738792483617216e-04 8.741874599615418199e-05
5.830000000000000000e+03 1.999991170751961311e+00 3.560277838802128891e-01 6.079750376201479694e-05 1.643963573681455292e+00 1.853151654423848592e-04 -2.462994789108759706e-04
5.835000000000000000e+03 1.999991161858251987e+00 1.728290985542209279e+00 1.794277461895454114e-03 2.717003633030149468e-01 8.163549897754655100e-04 -2.610819438643256166e-03
5.840000000000000000e+03 1.999991156593834196e+00 1.731625137843417761e+00 5.242908089349546975e-03 2.683662058433286535e-01 6.399339508194692473e-04 -5.883029133081288733e-03
5.845000000000000000e+03 1.999991149226632459e+00 3.889237835414515176e-01 4.146477267041774953e-03 1.611067552924151380e+00 -2.281637861164208508e-03 -1.865026644848047886e-03
5.850000000000000000e+03 1.999991140006461610e+00 2.161084532496853061e-01 3.776849370731433057e-03 1.783882874179073319e+00 -2.841344490992506189e-03 -9.356923020357313988e-04
5.855000000000000000e+03 1.999991130033270004e+00 1.533086380005205251e+00 5.772811228637745110e-03 4.669049376495551518e-01 1.256926964380927986e-04 -5.898691546566451997e-03
5.860000000000000000e+03 1.999991123627896661e+00 1.881399629867728462e+00 2.872983496195413711e-03 1.185916815107062733e-01 8.087268279116737422e-04 -3.681898074645361361e-03
5.865000000000000000e+03 1.999991117989572409e+00 5.792822485103377161e-01 1.623593566620879338e-04 1.420709057341797310e+00 1.228151486621524894e-04 -2.853623678867649931e-04
5.870000000000000000e+03 1.999991109090485386e+00 7.219907345736058246e-02 1.385319431988992587e-05 1.927792223673887140e+00 -3.824344528070855193e-05 2.420221019881949428e-05
5.875000000000000000e+03 1.999991099938777994e+00 1.321659987503402967e+00 1.278529881781580732e-03 6.783313006595571570e-01 2.634145715337444398e-04 -1.542132677497898806e-03
5.880000000000000000e+03 1.999991092527757752e+00 1.965608164173832106e+00 5.289407542648127264e-03 3.438311672800104662e-02 7.799497174629440319e-04 -6.069545634186654555e-03
5.885000000000000000e+03 1.999991086792359818e+00 8.202986574108681594e-01 5.140756424378444510e-03 1.179692617869804616e+00 -1.535515278805708872e-03 -3.605429633885347263e-03
5.890000000000000000e+03 1.999991076493083497e+00 4.049847425119318389e-02 3.298365253958223959e-03 1.959492790937293893e+00 -3.190365291163579486e-03 -1.081886581984830637e-04
5.895000000000000000e+03 1.999991067407918877e+00 1.076891444723926838e+00 5.070433938960132794e-03 9.230998115617538025e-01 -5.002274229609291996e-04 -4.570395393761057280e-03
5.900000000000000000e+03 1.999991060274933119e+00 1.999918145924847845e+00 3.361206399203342955e-03 7.310337130529049080e-05 1.143514268730379301e-03 -4.504909689153732862e-03
5.905000000000000000e+03 1.999991054642323851e+00 1.054689088430155852e+00 3.901058028678284465e-04 9.453021553476340655e-01 5.530079722174888060e-04 -9.433029105514491568e-04
5.910000000000000000e+03 1.999991045961194036e+00 6.518180623862372507e-03 1.015702985961762592e-04 1.993473054648113196e+00 -5.682309528834683508e-05 -4.493651408936717750e-05
5.915000000000000000e+03 1.999991037459041276e+00 8.404245867665967040e-01 8.568394732543184109e-04 1.159566640174843011e+00 -2.981024604126178206e-04 -5.589264952404572129e-04
5.920000000000000000e+03 1.999991029680915133e+00 1.974896391571768106e+00 4.948109095858835640e-03 2.509482774890164219e-02 5.785366730114546632e-04 -5.526835408624643578e-03
5.925000000000000000e+03 1.999991024823492225e+00 1.297464925103366973e+00 6.136578387952304134e-03 7.025262894584302087e-01 -7.626071705344010521e-04 -5.374160955723097238e-03
5.930000000000000000e+03 1.999991015369884106e+00 9.436377310651000716e-02 3.301059021101920409e-03 1.905627432193329529e+00 -3.157883184128052433e-03 -1.433657669292887462e-04
5.935000000000000000e+03 1.999991007267874377e+00 6.053795346433814561e-01 4.176497458546407811e-03 1.394611662718489020e+00 -1.232759739642050670e-03 -2.943927812900459882e-03
5.940000000000000000e+03 1.999990999086673105e+00 1.884746223441398083e+00 3.598487108259719805e-03 1.152449659053389475e-01 1.196897601116582444e-03 -4.795574969440280153e-03
5.945000000000000000e+03 1.999990993442409382e+00 1.517512714749040370e+00 7.086287838816446999e-04 4.824784690696829470e-01 1.014749381091846784e-03 -1.723568541287677849e-03
5.950000000000000000e+03 1.999990985258187637e+00 1.744219158854070084e-01 3.080416507238605927e-04 1.825569259916236309e+00 1.325115504745368088e-04 -4.407437446543315831e-04
5.955000000000000000e+03 1.999990976605506621e+00 3.977442903935594631e-01 6.379940257602055098e-04 1.602246876932051700e+00 -7.395085755800619599e-04 1.013238297154847188e-04
5.960000000000000000e+03 1.999990968349746545e+00 1.757371512215597509e+00 4.303434881796185628e-03 2.426196470229001201e-01 7.618742570558733902e-05 -4.379813196252665790e-03
5.965000000000000000e+03 1.999990963244477893e+00 1.708195555960262402e+00 6.908624309494179778e-03 2.917955982782224900e-01 -1.460838164955534639e-04 -6.762731487005818609e-03
5.970000000000000000e+03 1.999990955001991422e+00 3.650361687519919629e-01 3.782935365700539152e-03 1.634954977413017430e+00 -2.752107275061780808e-03 -1.031019253656964129e-03
5.975000000000000000e+03 1.999990947203044378e+00 2.294347785841910070e-01 3.293167554499903515e-03 1.770556359941792612e+00 -1.899731848897738117e-03 -1.393627028541185621e-03
5.980000000000000000e+03 1.999990939226924613e+00 1.562894642013797464e+00 3.528708541072623529e-03 4.370964886999116894e-01 9.607140042214136824e-04 -4.489614032078888435e-03
5.985000000000000000e+03 1.999990932635129504e+00 1.858946129164063210e+00 1.037612418060940506e-03 1.410449950954673071e-01 1.397849805062304418e-03 -2.435653847524225576e-03
5.990000000000000000e+03 1.999990924698045847e+00 5.364348958151397007e-01 5.880861376758828810e-04 1.463556220672174613e+00 4.825404494548379288e-04 -1.070818376399232819e-03
5.995000000000000000e+03 1.999990916691307685e+00 9.770279730138910212e-02 6.850481848033235276e-04 1.902288311344522587e+00 -9.601410223109656510e-04 2.749008829037400954e-04
6.000000000000000000e+03 1.999990908768343401e+00 1.364244349241387821e+00 3.511545985343224145e-03 6.357467516451151823e-01 -6.162419582063304816e-04 -2.895496145296790232e-03
6.005000000000000000e+03 1.999990902179108687e+00 1.955905275027500778e+00 7.282901213136872345e-03 4.408581940689555723e-02 1.664915474873215125e-04 -7.449585015912044139e-03
6.010000000000000000e+03 1.999990894847845535e+00 7.888404573414502519e-01 4.631977974803537165e-03 1.211150629914723886e+00 -2.068223670672925726e-03 -2.563946712458920092e-03
6.015000000000000000e+03 1.999990887038092469e+00 3.748681660354532402e-02 2.618857629367934547e-03 1.962504263005407257e+00 -2.345556276719608542e-03 -2.734939235084885185e-04
6.020000000000000000e+03 1.999990878994714505e+00 1.109972909254599349e+00 3.168126759550253697e-03 8.900181624790453050e-01 4.945490972885065130e-04 -3.662868595768709653e-03
6.025000000000000000e+03 1.999990869580366093e+00 1.998713096891632457e+00 1.296471825668451790e-03 1.277965627319939314e-03 1.610895368372462300e-03 -2.907560132627125433e-03
6.030000000000000000e+03 1.999990863989632217e+00 1.007454961147656203e+00 8.776989850594504568e-04 9.925360958985763871e-01 9.070323603520208996e-04 -1.784924402012070350e-03
6.035000000000000000e+03 1.999990855748633223e+00 1.083697761481054733e-02 9.997195845771657957e-04 1.989154071363047560e+00 -9.112034256294786801e-04 -8.870938817246631837e-05
6.040000000000000000e+03 1.999990847802573857e+00 8.880082311151115126e-01 2.764310367269504163e-03 1.111982810083005813e+00 -1.343152033566094149e-03 -1.421351729247212264e-03
6.045000000000000000e+03 1.999990839241174045e+00 1.982361106084582492e+00 7.177262394589321512e-03 1.762992673241106298e-02 9.797290518026595038e-05 -7.275428875588903048e-03
6.050000000000000000e+03 1.999990834758871072e+00 1.266077054253591960e+00 5.651736017395010865e-03 7.339139741759027613e-01 -1.266373904567061988e-03 -4.385555783451481823e-03
6.055000000000000000e+03 1.999990826905304164e+00 7.470072616497060169e-02 2.302773302783573967e-03 1.925290294576958772e+00 -2.466854159592089639e-03 1.638870201831797648e-04
6.060000000000000000e+03 1.999990818727465314e+00 6.324265350560217547e-01 2.600090347155169842e-03 1.367564477682146951e+00 -8.897639133287372235e-05 -2.511307966525790775e-03
6.065000000000000000e+03 1.999990809797582259e+00 1.903934696471887289e+00 1.423791212483371382e-03 9.605630752794887262e-02 1.603341412849661673e-03 -3.027326827587129791e-03
6.070000000000000000e+03 1.999990803927215621e+00 1.476765725759762393e+00 1.109256081027408395e-03 5.232252724967676460e-01 1.301178556772048661e-03 -2.410628967114031383e-03
6.075000000000000000e+03 1.999990796034176732e+00 1.575543224919665752e-01 1.521044360399975313e-03 1.842436668039362901e+00 -6.074288457359780210e-04 -9.138100118168517852e-04
6.080000000000000000e+03 1.999990788155877386e+00 4.406876039671147050e-01 2.244668858522438481e-03 1.559303378852958444e+00 -1.940389108799767202e-03 -3.044744139187798384e-04
6.085000000000000000e+03 1.999990779919043948e+00 1.781370593161117233e+00 6.620701008831538469e-03 2.186203815969569864e-01 -3.399750563997562948e-04 -6.280920791461972949e-03
6.090000000000000000e+03 1.999990774153697082e+00 1.684478270758257512e+00 6.606441623597706682e-03 3.155126983585828659e-01 -5.344031112212773316e-04 -6.072233475519868071e-03
6.095000000000000000e+03 1.999990766386914531e+00 3.323413887329282890e-01 2.410969525246541793e-03 1.667649572784066780e+00 -2.235885728896351218e-03 -1.752789264305714019e-04
6.100000000000000000e+03 1.999990758291261272e+00 2.425182210630065227e-01 1.954406693066293270e-03 1.757472732533597259e+00 -6.511079441602295442e-04 -1.303494054248701762e-03
6.105000000000000000e+03 1.999990749853363559e+00 1.596857959646504677e+00 1.391618520925326161e-03 4.031329856957222568e-01 1.377676376885521910e-03 -2.769490386673894612e-03
6.110000000000000000e+03 1.999990743188432507e+00 1.834065752164046215e+00 1.228038253868377365e-03 1.659251866599309178e-01 1.566675991702502031e-03 -2.794909881115479559e-03
6.115000000000000000e+03 1.999990735195179559e+00 5.033414967865044165e-01 2.138621203660986351e-03 1.496649434217336649e+00 -1.239142244485677568e-04 -2.014902787873979004e-03
6.120000000000000000e+03 1.999990727174219884e+00 1.274930517334526003e-01 2.083924750541819686e-03 1.872497871421610949e+00 -2.273420311832701542e-03 1.892995804473318329e-04
6.125000000000000000e+03 1.999990719273726070e+00 1.400233850324308582e+00 5.746699383309567324e-03 5.997570650997239294e-01 -1.049397665232321142e-03 -4.697497868383894437e-03
6.130000000000000000e+03 1.999990712480316235e+00 1.945616187513572459e+00 7.275428731143967868e-03 5.437472126380381299e-02 -4.387908140323668147e-05 -7.231745946800941828e-03
6.135000000000000000e+03 1.999990706783783212e+00 7.498200641947883049e-01 2.911469604770977951e-03 1.250170839009653312e+00 -1.706603448845954657e-03 -1.205062576583467836e-03
6.140000000000000000e+03 1.999990698296209679e+00 3.193034742662692604e-02 1.376559180561779143e-03 1.968060547476857769e+00 -1.059456541894719054e-03 -3.172992459422444337e-04
6.145000000000000000e+03 1.999990689714590930e+00 1.149632604707488071e+00 1.211136727451943979e-03 8.503582818042624281e-01 9.886286852105780239e-04 -2.199962209822292104e-03
6.150000000000000000e+03 1.999990680699256673e+00 1.995392752383988499e+00 1.206120752756561273e-03 4.598125313596071635e-03 1.635578587602601287e-03 -2.841896338687175966e-03
6.155000000000000000e+03 1.999990675804693696e+00 9.668905569027473890e-01 2.717498287295294808e-03 1.033100316007334873e+00 4.211709529368188720e-04 -3.138866345621213211e-03
6.160000000000000000e+03 1.999990668002547878e+00 2.207750089372247787e-02 2.330926575483800028e-03 1.977913364383620420e+00 -2.268584482331804410e-03 -6.253936794693342523e-05
6.165000000000000000e+03 1.999990659982091135e+00 9.286192091194479525e-01 4.762153602858328234e-03 1.071371648310939451e+00 -1.868893573974347811e-03 -2.893457477180450856e-03
6.170000000000000000e+03 1.999990650939065695e+00 1.988050763928606246e+00 7.504229601661939301e-03 1.194008465624274776e-02 9.029956801328501825e-05 -7.594726815458497163e-03
6.175000000000000000e+03 1.999990646309828479e+00 1.228942940978283493e+00 3.681826428443263095e-03 7.710479030790943211e-01 -1.001938840421362454e-03 -2.680085335571105211e-03
6.180000000000000000e+03 1.999990638209349303e+00 5.019694601511602572e-02 9.939885210908481084e-04 1.949793890121547468e+00 -1.218509407054915814e-03 2.243229586498142870e-04
6.185000000000000000e+03 1.999990629973137590e+00 6.673607605280323929e-01 9.286286768578498520e-04 1.332630067556747733e+00 5.297290779815590862e-04 -1.458555866482161463e-03
6.190000000000000000e+03 1.999990621100771415e+00 1.922851674186947024e+00 1.050015625128829623e-03 7.713914522500273097e-02 1.487089890050146031e-03 -2.537303826357524376e-03
6.195000000000000000e+03 1.999990615229463309e+00 1.439227105593214429e+00 3.129191700676237000e-03 5.607637080793412832e-01 8.941521587793098500e-04 -4.023542302548245748e-03
6.200000000000000000e+03 1.999990607291787459e+00 1.492159112549905353e-01 2.940193434206419751e-03 1.850774894653954838e+00 -1.930279507442933399e-03 -1.010112543921609651e-03
6.205000000000000000e+03 1.999990599419724013e+00 4.774750637003429832e-01 3.899266324338713195e-03 1.522515734508323781e+00 -2.611242800271749639e-03 -1.288222313009413202e-03
6.210000000000000000e+03 1.999990591293423048e+00 1.801778247066624816e+00 7.240280541597672072e-03 1.982125431930785997e-01 -1.629862237424490484e-04 -7.077493284135500523e-03
6.215000000000000000e+03 1.999990585805122789e+00 1.657006640144441878e+00 4.537532584810366303e-03 3.429841447485708072e-01 -2.850837833650873105e-04 -4.252647889335415231e-03
6.220000000000000000e+03 1.999990577978766781e+00 2.930431783491668774e-01 8.870193630093077932e-04 1.706947598892561979e+00 -1.091294983465850238e-03 2.040763574944235792e-04
6.225000000000000000e+03 1.999990569827301057e+00 2.633977540695374153e-01 6.131752253740309442e-04 1.736593015204749069e+00 1.107234601237141308e-04 -7.240981324832196581e-04
6.230000000000000000e+03 1.999990561441735704e+00 1.633515350885820894e+00 7.998118014433060240e-04 3.664754101926946950e-01 1.153017268910774829e-03 -1.953028707133975389e-03
6.235000000000000000e+03 1.999990554855107572e+00 1.809336204588508190e+00 3.281875224055761427e-03 1.906545500532966786e-01 1.177452026238139972e-03 -4.459527036991046967e-03
6.240000000000000000e+03 1.999990546856785345e+00 4.789858520668888731e-01 3.781646003628674237e-03 1.521004894753829051e+00 -1.340231280003270891e-03 -2.441614687557602369e-03
6.245000000000000000e+03 1.999990538561801756e+00 1.529331576126173042e-01 3.361782904895741463e-03 1.847057581094977197e+00 -3.106831119178316523e-03 -2.551519315101849700e-04
6.250000000000000000e+03 1.999990530671474476e+00 1.430586424496016917e+00 6.544749862991302430e-03 5.694043064940500498e-01 -7.438249929690480492e-04 -5.801125188614752147e-03
6.255000000000000000e+03 1.999990524574478457e+00 1.933304577991652451e+00 5.274869596473729522e-03 6.668614703606193239e-02 2.787430904662666097e-04 -5.553813140176094149e-03
6.260000000000000000e+03 1.999990517179897287e+00 7.033808268901901029e-01 1.070865279428188975e-03 1.296609890909817375e+00 -7.074471449936730379e-04 -3.636187545443497044e-04
6.265000000000000000e+03 1.999990509019790252e+00 3.270520909965784345e-02 3.394289364567945589e-04 1.967285500725343805e+00 -1.685524070409122419e-04 -1.710773346270525776e-04
6.270000000000000000e+03 1.999990500921726477e+00 1.195409788671355722e+00 5.197263004017536880e-04 8.045809132395849161e-01 7.103946298131903585e-04 -1.230321919428666814e-03
6.275000000000000000e+03 1.999990493948403225e+00 1.990257837256866891e+00 3.142712458830605651e-03 9.732857839579712317e-03 1.197847114191292420e-03 -4.340760721065145891e-03
6.280000000000000000e+03 1.999990488223055696e+00 9.338175824739289865e-01 4.669789981460547960e-03 1.066173107025154332e+00 -6.389710517055649649e-04 -4.031020205782633731e-03
6.285000000000000000e+03 1.999990478960405493e+00 3.134025800849375709e-02 3.278042456462050992e-03 1.968650422431745151e+00 -3.242743177890121658e-03 -3.550075840535633367e-05
6.290000000000000000e+03 1.999990470098305551e+00 9.617630824389407085e-01 5.577776821032809015e-03 1.038227589333516887e+00 -1.515584561872998157e-03 -4.062393933312091754e-03
6.295000000000000000e+03 1.999990462094711097e+00 1.992809841397047865e+00 5.718242876805551024e-03 7.180822548691722165e-03 5.611279998721047319e-04 -6.279572727706574445e-03
6.300000000000000000e+03 1.999990457093812513e+00 1.184727830694304318e+00 1.492727735572687946e-03 8.152628283632686879e-01 -1.559042006237462436e-04 -1.337025498709230745e-03
6.305000000000000000e+03 1.999990448904555906e+00 2.952120020773714090e-02 1.696831325405431107e-04 1.970469450846480841e+00 -2.416242857628554794e-04 7.173900356031054663e-05
6.310000000000000000e+03 1.999990440591089103e+00 7.115268517458586128e-01 2.823449432612336807e-04 1.288463791184429663e+00 2.630633678979503432e-04 -5.456106503584066438e-04
6.315000000000000000e+03 1.999990433105068188e+00 1.939519670007102015e+00 2.746792676670108905e-03 6.047096560720099240e-02 9.445076517333103605e-04 -3.691502837638029402e-03
6.320000000000000000e+03 1.999990428463497949e+00 1.406750234372033503e+00 5.405933193579506510e-03 5.932403967051131932e-01 6.436545202143196406e-06 -5.412572352430540523e-03
6.325000000000000000e+03 1.999990419433662403e+00 1.412951197678055659e-01 3.671487659478389620e-03 1.858695502478362238e+00 -2.988661932919876862e-03 -6.830285390640442912e-04
6.330000000000000000e+03 1.999990410511062189e+00 5.055732155447202336e-01 4.560838291839145082e-03 1.494417397973901274e+00 -2.297181106487231929e-03 -2.263860192911436742e-03
6.335000000000000000e+03 1.999990402067589601e+00 1.821468734877103035e+00 5.760809350239253813e-03 1.785218703832525955e-01 5.006092378250296933e-04 -6.261621780830466458e-03
6.340000000000000000e+03 1.999990397032465284e+00 1.623893607383554372e+00 2.044690090348074991e-03 3.760969929541517209e-01 4.361406240383533355e-04 -2.481034019627283323e-03
6.345000000000000000e+03 1.999990389513353728e+00 2.546021338145079138e-01 1.393382728484669102e-04 1.745388459173536688e+00 -9.079872419687257557e-05 -4.874302334263873234e-05
6.350000000000000000e+03 1.999990381256194327e+00 2.956176145323071158e-01 1.505903062817339768e-04 1.704372970386230257e+00 -8.320278964044552699e-05 -6.759117898461179674e-05
6.355000000000000000e+03 1.999990372919281612e+00 1.669110246723293667e+00 2.190072939827016930e-03 3.308803300474067455e-01 4.722078782310641393e-04 -2.662484669476993058e-03
6.360000000000000000e+03 1.999990368756901393e+00 1.786593085769442313e+00 5.824045894298609909e-03 2.133974869327608659e-01 4.412285817527556667e-04 -6.265478421352770923e-03
6.365000000000000000e+03 1.999990361174490028e+00 4.569216255022066075e-01 4.455162250268756598e-03 1.543068939784426608e+00 -2.403856584057669204e-03 -2.051509778354279005e-03
6.370000000000000000e+03 1.999990351809157740e+00 1.693257045972568209e-01 3.725316113117079289e-03 1.830664851527626036e+00 -2.905444730617234329e-03 -8.200756982249781312e-04
6.375000000000000000e+03 1.999990342295290713e+00 1.459512515922636089e+00 5.388764584901808291e-03 5.404780308957199964e-01 1.168533170756797185e-04 -5.505822425043006493e-03
6.380000000000000000e+03 1.999990336504845700e+00 1.917592207202318155e+00 2.589461126936168107e-03 8.239833395334152100e-02 9.332514704213508124e-04 -3.522917248171410914e-03
6.385000000000000000e+03 1.999990330867447375e+00 6.550409703340237533e-01 2.489771159361006702e-04 1.344949565309166983e+00 2.488797164240086866e-04 -4.980616081035683148e-04
6.390000000000000000e+03 1.999990322513901297e+00 4.545270332486946174e-02 1.620144112842693209e-04 1.954537824153056658e+00 -2.459438927213843237e-04 8.372451741237970572e-05
6.395000000000000000e+03 1.999990313878522219e+00 1.242653481604666377e+00 1.607581764708409730e-03 7.573370374329081445e-01 -1.113066346906481092e-04 -1.496480289070221655e-03
6.400000000000000000e+03 1.999990306771476600e+00 1.984070606438922191e+00 5.829791217434644908e-03 1.591990565081802603e-02 5.594269886158554327e-04 -6.389423524314369676e-03
6.405000000000000000e+03 1.999990302538100062e+00 9.039625775206717728e-01 5.451368199952021792e-03 1.096027930427935670e+00 -1.623753449446355048e-03 -3.827820161013312933e-03
6.410000000000000000e+03 1.999990293350754067e+00 3.212681915060365545e-02 3.259310978163818245e-03 1.967863679809418231e+00 -3.197560700842561835e-03 -6.195588658883966892e-05
6.415000000000000000e+03 1.999990283727669738e+00 9.920083954207383758e-01 4.683688282448481358e-03 1.007982094123232475e+00 -4.944941975695708912e-04 -4.189399901180031541e-03
6.420000000000000000e+03 1.999990275204474033e+00 1.996725279747508353e+00 2.992878684624967426e-03 3.265201458813496004e-03 1.223694344614820835e-03 -4.216779031087408182e-03
6.425000000000000000e+03 1.999990272014607218e+00 1.136705498716813034e+00 4.648166194105258033e-04 8.632849793688540663e-01 6.980121249658452053e-04 -1.163034815435825490e-03
6.430000000000000000e+03 1.999990263940203850e+00 1.983604120056873393e-02 3.192768931166484105e-04 1.980154428989975957e+00 -1.856513045113868381e-04 -1.338318389461455723e-04
6.435000000000000000e+03 1.999990255410349027e+00 7.604490824193106402e-01 1.141907739408682667e-03 1.239541379431863488e+00 -6.708039367812674474e-04 -4.713102434525056174e-04
6.440000000000000000e+03 1.999990246899504331e+00 1.952805287052177929e+00 5.423464440558940260e-03 4.718516647729040919e-02 3.292693276788914345e-04 -5.752940398202255681e-03
6.445000000000000000e+03 1.999990241730294382e+00 1.377257050283047457e+00 6.432149194858525001e-03 6.227333981909558558e-01 -8.290304282935984179e-04 -5.603325510273629920e-03
6.450000000000000000e+03 1.999990232647186117e+00 1.262625728378839185e-01 3.264818967667418477e-03 1.873727866748044146e+00 -3.103857966849161727e-03 -1.611679395606270104e-04
6.455000000000000000e+03 1.999990223132150025e+00 5.288663906153685534e-01 3.802731748866686277e-03 1.471124039658070481e+00 -1.184850242831749162e-03 -2.618088647324171448e-03
6.460000000000000000e+03 1.999990213911210901e+00 1.842628889619117638e+00 3.155345434793337556e-03 1.573615316307561129e-01 1.245651699737878714e-03 -4.401204473193980234e-03
6.465000000000000000e+03 1.999990210524541956e+00 1.586368905067482293e+00 7.274701832203630614e-04 4.136215128682574904e-01 1.151707745101564510e-03 -1.879385339519848343e-03
6.470000000000000000e+03 1.999990203303287251e+00 2.247801355346355778e-01 5.890139754445346005e-04 1.775210275337391730e+00 8.468958020072058608e-05 -6.739111243853222657e-04
6.475000000000000000e+03 1.999990194503326935e+00 3.358920095498324487e-01 9.095558836115962605e-04 1.664098392715776198e+00 -1.075672059050018304e-03 1.659084131567573528e-04
6.480000000000000000e+03 1.999990185479718408e+00 1.700210979564289238e+00 4.701046883658672668e-03 2.997794138757013394e-01 -1.987453238179089381e-04 -4.502509520112916303e-03
6.485000000000000000e+03 1.999990180412109186e+00 1.765483359125807228e+00 7.171621247192143909e-03 2.345070293568308484e-01 -2.040636518830656358e-04 -6.967765665837719925e-03
6.490000000000000000e+03 1.999990172517458253e+00 4.295959533971855371e-01 3.734799671012751891e-03 1.570394427358638545e+00 -2.643646235712341069e-03 -1.091361673666014359e-03
6.495000000000000000e+03 1.999990163040049396e+00 1.789967645489769776e-01 2.941674243676171280e-03 1.820993606928835717e+00 -1.787896399554065154e-03 -1.153986281885470335e-03
6.500000000000000000e+03 1.999990153438047980e+00 1.491468285715634723e+00 3.034642204766365477e-03 5.085220763625706297e-01 1.001366803547196508e-03 -4.036217648470875018e-03
6.505000000000000000e+03 1.999990148223216746e+00 1.898325726720691220e+00 9.669765082447945911e-04 1.016646302536167584e-01 1.504599577726303990e-03 -2.471784837062329914e-03
6.510000000000000000e+03 1.999990143061159742e+00 6.120968908376165363e-01 9.093054993552998492e-04 1.387893461084287905e+00 5.022775124652219259e-04 -1.411791872564963990e-03
6.515000000000000000e+03 1.999990134079813631e+00 6.881119993646626909e-02 9.733023281550135788e-04 1.931179143198092252e+00 -1.230870619323884071e-03 2.573592364238506849e-04
6.520000000000000000e+03 1.999990124750084863e+00 1.285741390737578760e+00 3.832716872425523651e-03 7.142489432687934015e-01 -9.034076489368642656e-04 -2.929518479776001359e-03
6.525000000000000000e+03 1.999990117603065221e+00 1.977342987812911623e+00 7.498315976147093033e-03 2.264733919932467726e-02 1.058694759317498334e-04 -7.604394861249906025e-03
6.530000000000000000e+03 1.999990110358629281e+00 8.707719081607462330e-01 4.555153221269144653e-03 1.129218411759863816e+00 -1.920667502103081152e-03 -2.634695281146862134e-03
6.535000000000000000e+03 1.999990101705057421e+00 2.469212415403340341e-02 2.289667552857025789e-03 1.975298187292882757e+00 -2.158505672730465317e-03 -1.313716219856207767e-04
6.540000000000000000e+03 1.999990093846585548e+00 1.025747337183909647e+00 2.654831746004022303e-03 9.742429665669470884e-01 5.558915350821155323e-04 -3.210933185357548337e-03
6.545000000000000000e+03 1.999990085269313544e+00 1.999235712407517074e+00 1.120380800365339789e-03 7.545829453744595490e-04 1.676064733066115952e-03 -2.796655617009848917e-03
6.550000000000000000e+03 1.999990079990803915e+00 1.090734511423173903e+00 1.204075229977044550e-03 9.092557787628753330e-01 9.688349935181729111e-04 -2.173120418740577108e-03
6.555000000000000000e+03 1.999990071790283430e+00 2.199638501111717340e-02 1.327107389025968670e-03 1.977993897147693358e+00 -1.099432566512493830e-03 -2.278851910406577306e-04
6.560000000000000000e+03 1.999990063922506556e+00 8.069067094958127795e-01 3.023666348991705267e-03 1.193083564961162413e+00 -1.621294586196186764e-03 -1.402582297264558979e-03
6.565000000000000000e+03 1.999990055387154575e+00 1.963027933070739639e+00 7.335386428318235209e-03 3.696233303068133247e-02 2.864615797329557402e-05 -7.364243300558173319e-03
6.570000000000000000e+03 1.999990050226042149e+00 1.346004743637507106e+00 5.531137665668451123e-03 6.539855174105869695e-01 -1.099216999821324772e-03 -4.432131487899363884e-03
6.575000000000000000e+03 1.999990042450590755e+00 1.022619926265970480e-01 1.986077994529198733e-03 1.897728260805882750e+00 -2.206357939427602485e-03 2.200689630093086299e-04
6.580000000000000000e+03 1.999990034497239444e+00 5.549235806804780902e-01 2.099518266829797711e-03 1.445066664960835690e+00 2.097026680718899017e-05 -2.120699677711314346e-03
6.585000000000000000e+03 1.999990025393606707e+00 1.865359554262787434e+00 1.147358363712248051e-03 1.346306824614900977e-01 1.629462538256192363e-03 -2.777032232638873034e-03
6.590000000000000000e+03 1.999990019104161965e+00 1.548189752421638365e+00 1.401272242681759084e-03 4.518004781448999307e-01 1.373487791741558875e-03 -2.774971496799618579e-03
6.595000000000000000e+03 1.999990011058249584e+00 2.064364061547196427e-01 1.897028866252087245e-03 1.793553816532843515e+00 -7.114108885823264197e-04 -1.185829606983280701e-03
6.600000000000000000e+03 1.999990003273291794e+00 3.763430133545687672e-01 2.466484406997236385e-03 1.623647201709314647e+00 -2.185331086127749890e-03 -2.813651114611596927e-04
6.605000000000000000e+03 1.999989995225299522e+00 1.725928037733019949e+00 6.719064214321180013e-03 2.740621694492342275e-01 -4.175867314618211357e-04 -6.301689439814127901e-03
6.610000000000000000e+03 1.999989989689247238e+00 1.743494283844593262e+00 6.432324022585634432e-03 2.564959179164314484e-01 -3.662756611968384906e-04 -6.066260433166268014e-03
6.615000000000000000e+03 1.999989982202592165e+00 3.934810439628120271e-01 2.089109171447325539e-03 1.606509150464053848e+00 -1.916645123438539796e-03 -1.726762722823914288e-04
6.620000000000000000e+03 1.999989973585741376e+00 1.896794482828560446e-01 1.491508834767780404e-03 1.810310737701380956e+00 -4.718205138997841287e-04 -1.019900719363591281e-03
6.625000000000000000e+03 1.999989963950173033e+00 1.528140050763072244e+00 1.039846678981956899e-03 4.718501257806275717e-01 1.380599300697943474e-03 -2.420658573206790204e-03
6.630000000000000000e+03 1.999989958220103725e+00 1.876955847164958113e+00 1.450724870704260452e-03 1.230343237661189471e-01 1.619031880218875594e-03 -3.069969461896349377e-03
6.635000000000000000e+03 1.999989951840208890e+00 5.787437124902606866e-01 2.557835382801321080e-03 1.421246452190930709e+00 -1.573446990928383232e-04 -2.400703524690866401e-03
6.640000000000000000e+03 1.999989943474338006e+00 9.532271546417792063e-02 2.296396739188624834e-03 1.904667441021831609e+00 -2.464130660608137777e-03 1.675209097483535499e-04
6.645000000000000000e+03 1.999989934152949900e+00 1.321830178127050504e+00 5.790773794402854190e-03 6.781599692282230807e-01 -1.128513439974673706e-03 -4.662473556752264395e-03
6.650000000000000000e+03 1.999989925165832183e+00 1.969723607129266973e+00 7.045893488265205298e-03 3.026653142311026834e-02 1.117482193188282366e-04 -7.157855094129052936e-03
6.655000000000000000e+03 1.999989918899212515e+00 8.298676786182683784e-01 2.563161220495685077e-03 1.170122453794013362e+00 -1.353257390992029839e-03 -1.210117342572826363e-03
6.660000000000000000e+03 1.999989909604444005e+00 1.589541273327626375e-02 9.639369220243025919e-04 1.984094710570935227e+00 -8.021698128473953330e-04 -1.619808089441147284e-04
6.665000000000000000e+03 1.999989900613551308e+00 1.066818245994248349e+00 8.233344747610065514e-04 9.331718684991705537e-01 9.933781612271490920e-04 -1.816926515855724848e-03
6.670000000000000000e+03 1.999989894170919547e+00 1.999787241588762754e+00 1.337353255329193445e-03 2.028665912917176613e-04 1.645395156894336949e-03 -2.982962421358260376e-03
6.675000000000000000e+03 1.999989889369016449e+00 1.051369616208036817e+00 3.161556474871700384e-03 9.486204872669464772e-01 4.322624885464089375e-04 -3.594033069384563583e-03
6.680000000000000000e+03 1.999989879584774810e+00 2.993538118331840261e-02 2.559834101598961863e-03 1.970054712705229027e+00 -2.392827102876212038e-03 -1.672213024955392546e-04
6.685000000000000000e+03 1.999989870256708713e+00 8.457983926627065108e-01 4.764620113754162133e-03 1.154191692085871468e+00 -1.938095905342522010e-03 -2.826738700281101416e-03
6.690000000000000000e+03 1.999989861956725790e+00 1.971453360219468598e+00 7.225959642377725346e-03 2.853671639591819770e-02 2.276381170220291160e-04 -7.453812418060816632e-03
6.695000000000000000e+03 1.999989856739753824e+00 1.308787102108458722e+00 3.287729270526763836e-03 6.912029693948937847e-01 -6.437557890000503852e-04 -2.644188245125483720e-03
6.700000000000000000e+03 1.999989848764746725e+00 7.444717143626379541e-02 6.295796326632497079e-04 1.925542892250912352e+00 -8.891241038347533297e-04 2.593295487418809109e-04
6.705000000000000000e+03 1.999989841042078220e+00 5.898160604566465848e-01 5.497835229984393470e-04 1.410173995661038848e+00 5.638953781356111691e-04 -1.113893976741442415e-03
6.710000000000000000e+03 1.999989832366886544e+00 1.887846690686213913e+00 1.086197546401143415e-03 1.121433569292598909e-01 1.444473771212496363e-03 -2.530886566200838805e-03
6.715000000000000000e+03 1.999989826615265587e+00 1.513201961445870936e+00 3.571631349284581751e-03 4.867880805340467076e-01 9.169289577601995051e-04 -4.488775671696641420e-03
6.720000000000000000e+03 1.999989817837062756e+00 1.955446773612430356e-01 3.203504877390901933e-03 1.804445356015823121e+00 -1.988330299183749782e-03 -1.215390118210430814e-03
6.725000000000000000e+03 1.999989809843313315e+00 4.098167383374312078e-01 3.877910656560247613e-03 1.590173287204975194e+00 -2.657519951291276335e-03 -1.220606404361526415e-03
6.730000000000000000e+03 1.999989801986998383e+00 1.748243722406563228e+00 6.927340264636163390e-03 2.517462954354768301e-01 -4.177570924434564594e-05 -6.885780410433734941e-03
6.735000000000000000e+03 1.999989796168938794e+00 1.717588274427630513e+00 4.085821185544687151e-03 2.824017377131425865e-01 5.046126092680436358e-05 -4.136498418305880123e-03
6.740000000000000000e+03 1.999989788549486613e+00 3.515836942422155276e-01 5.552759901419345194e-04 1.648406310430570398e+00 -7.098078576817534345e-04 1.543157442405776155e-04
6.745000000000000000e+03 1.999989780511246762e+00 2.092550606503797705e-01 2.843235582272995174e-04 1.790734936143353773e+00 1.970976469873026273e-04 -4.816374877016538930e-04
6.750000000000000000e+03 1.999989771818919904e+00 1.567475918759804632e+00 7.575454428155653421e-04 4.325140695139835789e-01 1.062455559998528361e-03 -1.820217457682590453e-03
6.755000000000000000e+03 1.999989765540267417e+00 1.855694689105651829e+00 3.695014102277006246e-03 1.442952930156456981e-01 1.178954835839669899e-03 -4.874185519146687073e-03
6.760000000000000000e+03 1.999989758293277964e+00 5.531811963095509821e-01 4.086346168897778824e-03 1.446808778708733367e+00 -1.345642192264672474e-03 -2.740920701639274447e-03
6.765000000000000000e+03 1.999989750268222011e+00 1.164486504261231792e-01 3.336358971102454732e-03 1.883541316725781511e+00 -3.119346384864572774e-03 -2.172294699205082574e-04
6.770000000000000000e+03 1.999989740913370451e+00 1.352562478735188201e+00 6.215814622912575749e-03 6.474274792475197549e-01 -6.304522773021740490e-04 -5.585579414948354561e-03
6.775000000000000000e+03 1.999989732205966320e+00 1.960095220919704229e+00 4.765347824037128970e-03 3.989472853054931711e-02 5.719150029406239698e-04 -5.337480071264891907e-03
6.780000000000000000e+03 1.999989727685536289e+00 7.821538233692719722e-01 7.471467246721956966e-04 1.217836121649404468e+00 -3.045589777532264398e-04 -4.428050800589778931e-04
6.785000000000000000e+03 1.999989718661220328e+00 1.459769852270917205e-02 8.922369922450599611e-05 1.985392237651108838e+00 -1.825807493403311355e-05 -7.118313688817413509e-05
6.790000000000000000e+03 1.999989709340725730e+00 1.114002281350823909e+00 4.329852056481871617e-04 8.859876456879917095e-01 5.888674899765101826e-04 -1.022070393714595354e-03
6.795000000000000000e+03 1.999989701766409445e+00 1.998382760305570605e+00 3.504804668186609594e-03 1.607159310387565408e-03 1.151406756792498244e-03 -4.656429274527529305e-03
6.800000000000000000e+03 1.999989697082487750e+00 1.018719595566011549e+00 5.011603687665761031e-03 9.812703194587839572e-01 -6.161449226077580967e-04 -4.395676707366167647e-03
6.805000000000000000e+03 1.999989686765738073e+00 3.470783183396779215e-02 3.266706358696434397e-03 1.965282073079705150e+00 -3.216495167361419199e-03 -5.042933926995333237e-05
6.810000000000000000e+03 1.999989676957654394e+00 8.774528786921660384e-01 5.252538910641220589e-03 1.122537016608739169e+00 -1.398848082334647625e-03 -3.853909171557323883e-03
6.815000000000000000e+03 1.999989668643136209e+00 1.979223557719860915e+00 5.163786407285347012e-03 2.076632943201825801e-02 8.038469731420155254e-04 -5.967851889170401082e-03
6.820000000000000000e+03 1.999989664324650196e+00 1.264922973425084640e+00 1.149956946502019061e-03 7.350669094947314131e-01 2.327299705826063516e-04 -1.382905512250425482e-03
6.825000000000000000e+03 1.999989655635801000e+00 5.160945416419317894e-02 9.000137761524305447e-06 1.948380420240352073e+00 -3.047680465766900145e-05 2.125789815200523580e-05
6.830000000000000000e+03 1.999989646828691736e+00 6.340354509326295851e-01 1.957221437256584438e-04 1.365954414840767184e+00 1.350273084725101696e-04 -3.309683969034201301e-04
6.835000000000000000e+03 1.999989638730382380e+00 1.907787212614033612e+00 3.047828775338069177e-03 9.220264522285422093e-02 8.345742459172033039e-04 -3.882622127760565651e-03
6.840000000000000000e+03 1.999989635174542091e+00 1.482676239570399401e+00 5.771853744107646560e-03 5.173136147815533548e-01 2.725233923801810467e-05 -5.799325260756765278e-03
6.845000000000000000e+03 1.999989625514556391e+00 1.838201749110149053e-01 3.687569503810988070e-03 1.816169669974319278e+00 -2.927089879621487534e-03 -7.606989949668486843e-04
6.850000000000000000e+03 1.999989616049559382e+00 4.346564278605762333e-01 4.256460653713110658e-03 1.565333407749065042e+00 -2.166651786390345110e-03 -2.090028427404522215e-03
6.855000000000000000e+03 1.999989607993474694e+00 1.770407741810223978e+00 5.185568411326861235e-03 2.295820859040891559e-01 6.972989332359389976e-04 -5.883087065401105056e-03
6.860000000000000000e+03 1.999989602243429587e+00 1.686374686570289549e+00 1.660792596983919241e-03 3.136151355103272143e-01 7.769372565873329832e-04 -2.437949690758028053e-03
6.865000000000000000e+03 1.999989594291963435e+00 3.115937109883755163e-01 6.001104463662513058e-05 1.688396103300813689e+00 1.630608976394443295e-04 -2.232919395020265777e-04
6.870000000000000000e+03 1.999989585847716356e+00 2.404101219977659298e-01 1.101244674256220032e-04 1.759579684017070100e+00 -1.927122308680543229e-04 8.236759632291337742e-05
6.875000000000000000e+03 1.999989577711003719e+00 1.605273115451703703e+00 2.434895480280244683e-03 3.947166825900433329e-01 2.966599533540930506e-04 -2.731775764377919989e-03
6.880000000000000000e+03 1.999989572274010863e+00 1.835964033605783419e+00 6.196852162980681991e-03 1.640257591092804668e-01 4.302507101680734048e-04 -6.627323314201265768e-03
6.885000000000000000e+03 1.999989564129186048e+00 5.287013647343397071e-01 4.505054167877458118e-03 1.471288420000174346e+00 -2.319549411985478461e-03 -2.185725361219738056e-03
6.890000000000000000e+03 1.999989556363350740e+00 1.283305932341697875e-01 3.453665575198405259e-03 1.871659183890482581e+00 -2.754734399949988061e-03 -6.991519365500725898e-04
6.895000000000000000e+03 1.999989548494567337e+00 1.382684491102783353e+00 4.823431040050815514e-03 6.173052783111276920e-01 2.820548326693079143e-04 -5.105706792063833578e-03
6.900000000000000000e+03 1.999989540827846746e+00 1.947397434559205553e+00 2.153837090539550275e-03 5.259232734458083730e-02 1.201537127209918732e-03 -3.355595293688990507e-03
6.905000000000000000e+03 1.999989534211436215e+00 7.334349393451307098e-01 2.268173699573250630e-04 1.266554816077180678e+00 5.153851385113927168e-04 -7.424237193439303184e-04
6.910000000000000000e+03 1.999989526341442003e+00 2.566113636859673752e-02 2.056579661961382738e-04 1.974328611343433515e+00 -3.183541455855727533e-04 1.124748088012050541e-04
6.915000000000000000e+03 1.999989518370619113e+00 1.162018605475291677e+00 1.815609302041744843e-03 8.379711344276307150e-01 -3.417639824031739747e-04 -1.474066851941776245e-03
6.920000000000000000e+03 1.999989509496957529e+00 1.995543925027913890e+00 6.193263487051595302e-03 4.445806183544421045e-03 4.933664865825583903e-04 -6.686851688134692190e-03
6.925000000000000000e+03 1.999989504151103770e+00 9.882154563316399853e-01 5.534105476817870010e-03 1.011774269642964796e+00 -1.536798740640944651e-03 -3.997528559677730568e-03
6.930000000000000000e+03 1.999989496402902578e+00 3.054239979429764287e-02 3.025408551953579894e-03 1.969447318589437446e+00 -3.026531922127855684e-03 9.013893419078801333e-07
6.935000000000000000e+03 1.999989487823727652e+00 9.071756116618177046e-01 4.158967090232376651e-03 1.092814098317808291e+00 -3.409763763320110145e-04 -3.818212869798877536e-03
6.940000000000000000e+03 1.999989478464814896e+00 1.986583026300358990e+00 2.510256048493625988e-03 1.340667451367056652e-02 1.408787759033738743e-03 -3.919266156741968606e-03
6.945000000000000000e+03 1.999989473223619196e+00 1.217969397982267665e+00 4.661538041279334778e-04 7.820202976994690136e-01 9.410689998781984495e-04 -1.407445262123548351e-03
6.950000000000000000e+03 1.999989465450879411e+00 4.026767622615712305e-02 4.691420043318962532e-04 1.959722011842630618e+00 -2.142627171680031278e-04 -2.551019050721262766e-04
6.955000000000000000e+03 1.999989457477236110e+00 6.822780712028803096e-01 1.343517610403686382e-03 1.317711609056144706e+00 -9.359387738260047758e-04 -4.078016183665823390e-04
6.960000000000000000e+03 1.999989448685757232e+00 1.923943153047546595e+00 5.766908277071567356e-03 7.604651860166757038e-02 1.956567878497035248e-04 -5.962788028378442941e-03
6.965000000000000000e+03 1.999989443940838330e+00 1.454267988305608217e+00 6.540831101470362917e-03 5.457216786971885725e-01 -7.631455032375313030e-04 -5.777908660191535123e-03
6.970000000000000000e+03 1.999989435877611577e+00 1.643066650100574455e-01 3.066635952985152444e-03 1.835682994095913623e+00 -2.919415268343921593e-03 -1.474439130006360897e-04
6.975000000000000000e+03 1.999989426783218560e+00 4.556717928119616845e-01 3.342662607105341844e-03 1.544317857388638915e+00 -1.023831167535537096e-03 -2.319054856951684607e-03
6.980000000000000000e+03 1.999989417241390122e+00 1.794663770618988297e+00 2.645888133026115183e-03 2.053258702396071889e-01 1.352900703438876572e-03 -3.999012453670497576e-03
6.985000000000000000e+03 1.999989412889924267e+00 1.651299945328652319e+00 7.176927685945411195e-04 3.486896912701660245e-01 1.336582997461952665e-03 -2.054499474950420568e-03
6.990000000000000000e+03 1.999989405621105387e+00 2.807858593405137548e-01 8.471183332015509888e-04 1.719203770141271015e+00 9.229969728930046942e-05 -9.396418911702397736e-04
6.995000000000000000e+03 1.999989397063219432e+00 2.788706844921984840e-01 1.139895878957813361e-03 1.721118936610157801e+00 -1.350965895181423324e-03 2.108459770869242056e-04
7.000000000000000000e+03 1.999989388131930168e+00 1.638056654291616621e+00 5.022037915788815469e-03 3.619329580659961243e-01 -3.998291312805940176e-04 -4.622433010190871161e-03
7.005000000000000000e+03 1.999989382350053857e+00 1.817236544000489618e+00 7.296270828637563613e-03 1.827530626972465322e-01 -1.813419389251759006e-04 -7.115153237394800795e-03
7.010000000000000000e+03 1.999989374976121947e+00 4.981650850182045565e-01 3.564308903477590891e-03 1.501824514460275983e+00 -2.458977643530375467e-03 -1.105555762305961013e-03
7.015000000000000000e+03 1.999989365475437042e+00 1.343466261757949587e-01 2.558461552701377876e-03 1.865642964003336290e+00 -1.606093409313824648e-03 -9.525928470817327095e-04
7.020000000000000000e+03 1.999989355777824773e+00 1.416698396162677120e+00 2.530078135874851142e-03 5.832911845255048799e-01 1.050529640696361115e-03 -3.580832686928753835e-03
7.025000000000000000e+03 1.999989349968555485e+00 1.931569224003178764e+00 9.191124371383438928e-04 6.842035100006507720e-02 1.605232829154435922e-03 -2.524570300981121822e-03
7.030000000000000000e+03 1.999989344764405264e+00 6.906635106743092001e-01 1.257747088689313520e-03 1.309326059234808159e+00 5.254910473892088771e-04 -1.783463280790618943e-03
7.035000000000000000e+03 1.999989336377657301e+00 4.665389166743667826e-02 1.264840915615407860e-03 1.953335670032345428e+00 -1.493548327835797279e-03 2.284820900956315156e-04
7.040000000000000000e+03 1.999989327609459577e+00 1.205167030834499275e+00 4.137532808341423500e-03 7.948225222822620228e-01 -1.160354589549040605e-03 -2.977403726094189976e-03
7.045000000000000000e+03 1.999989318470660304e+00 1.991753939787183958e+00 7.629297963567835059e-03 8.235604386968237503e-03 7.023815649601485109e-05 -7.699761823555561699e-03
7.050000000000000000e+03 1.999989314172036403e+00 9.535844963049896483e-01 4.400415864362934061e-03 1.046405043660835865e+00 -1.752990462551753253e-03 -2.647651195600454234e-03
7.055000000000000000e+03 1.999989304745413365e+00 1.878051013691015014e-02 1.981212655475786486e-03 1.981209020605451565e+00 -1.951898359504238099e-03 -2.954029291996227786e-05
7.060000000000000000e+03 1.999989295312039506e+00 9.414919835363556588e-01 2.191394523640189090e-03 1.058497537977054703e+00 5.761786816704875247e-04 -2.767799406681721325e-03
7.065000000000000000e+03 1.999989287416422235e+00 1.992897302356789746e+00 1.021718553063001014e-03 7.092211432476964138e-03 1.680722209343318667e-03 -2.702667135251027569e-03
7.070000000000000000e+03 1.999989284382550636e+00 1.173544327726371073e+00 1.609566843742402109e-03 8.264451830941348387e-01 9.786091821899227296e-04 -2.588402463887888236e-03
7.075000000000000000e+03 1.999989275870072358e+00 4.021960267078851514e-02 1.702512938678424695e-03 1.959769899820095640e+00 -1.333951352610924937e-03 -3.687882068797628801e-04
7.080000000000000000e+03 1.999989266755865192e+00 7.271193223486402957e-01 3.325501601266411464e-03 1.272870171222958202e+00 -1.914237015673365440e-03 -1.411491401326269704e-03
7.085000000000000000e+03 1.999989258062674802e+00 1.936781838969289904e+00 7.466297230764675809e-03 6.320764609615284191e-02 -6.980575047422806336e-05 -7.396718483058660823e-03
7.090000000000000000e+03 1.999989253447310045e+00 1.423431880412503681e+00 5.379095867738216755e-03 5.765576001373040604e-01 -9.662943322887133923e-04 -4.413028637947155434e-03
7.095000000000000000e+03 1.999989244635628216e+00 1.361727076389936952e-01 1.736664047464782498e-03 1.863816764291502226e+00 -1.980942349349934690e-03 2.440510070177334115e-04
7.100000000000000000e+03 1.999989235478068839e+00 4.807308917991510167e-01 1.709375132755845336e-03 1.519258571175286621e+00 4.395895262630149323e-05 -1.753561581751201517e-03
7.105000000000000000e+03 1.999989226759333993e+00 1.820861654568445731e+00 1.002528783931578215e-03 1.791277998796524384e-01 1.543468342048355882e-03 -2.546224814744131246e-03
7.110000000000000000e+03 1.999989223361736901e+00 1.615927890124001065e+00 1.822965892419996584e-03 3.840615610011389736e-01 1.339252455331053655e-03 -3.162446111154303390e-03
7.115000000000000000e+03 1.999989215901971207e+00 2.610612326887380985e-01 2.363939701545316862e-03 1.738928211138973223e+00 -9.131408436831278111e-04 -1.451026783602360308e-03
7.120000000000000000e+03 1.999989207089620136e+00 3.163686252352011508e-01 2.782024598464097418e-03 1.683620809970719945e+00 -2.490724286192878140e-03 -2.915284285725511368e-04
7.125000000000000000e+03 1.999989198091971065e+00 1.665258860791976714e+00 6.848192128692674914e-03 3.347305656110731720e-01 -5.713622831624908058e-04 -6.277058156609161693e-03
7.130000000000000000e+03 1.999989190861797939e+00 1.797175462145686575e+00 6.271823580302223963e-03 2.028139571866997004e-01 -2.822557926909486617e-04 -5.989796258199705896e-03
7.135000000000000000e+03 1.999989183257469216e+00 4.589324125269581556e-01 1.872920759660243054e-03 1.541056999368730640e+00 -1.686609967575417078e-03 -1.865394303044182883e-04
7.140000000000000000e+03 1.999989174332068131e+00 1.427306134317155306e-01 1.194784698042697380e-03 1.857258789737611826e+00 -4.196074541220867326e-04 -7.754060811798568591e-04
7.145000000000000000e+03 1.999989165526569135e+00 1.455886363055221677e+00 8.695976305255166206e-04 5.441030315052681754e-01 1.225485790692345915e-03 -2.095312455138316574e-03
7.150000000000000000e+03 1.999989160097656926e+00 1.913852491667989764e+00 1.849489763533109952e-03 8.613689758494030846e-02 1.516192689497283894e-03 -3.365911608303876965e-03
7.155000000000000000e+03 1.999989154434990590e+00 6.572319961130574928e-01 3.106748852873699503e-03 1.342757387601710484e+00 -3.335100601740612330e-04 -2.773468072476881988e-03
7.160000000000000000e+03 1.999989144832055032e+00 6.953052660343890523e-02 2.641594237811651594e-03 1.930458847718280690e+00 -2.759604699672696219e-03 1.177809721965902140e-04
7.165000000000000000e+03 1.999989135695910081e+00 1.241057720080481541e+00 5.920746908323834719e-03 7.589316453046629496e-01 -1.319834803113677322e-03 -4.601141794444540967e-03
7.170000000000000000e+03 1.999989129015842027e+00 1.986881436464554618e+00 6.870300888246858202e-03 1.310792238761323246e-02 1.403027003705751197e-04 -7.010833424943217936e-03
7.175000000000000000e+03 1.999989122770408301e+00 9.111609381856156098e-01 2.349736316350280879e-03 1.088828414559977809e+00 -1.137185342313510846e-03 -1.212780949221979989e-03
7.180000000000000000e+03 1.999989114035328530e+00 6.965496927176962651e-03 7.633167714073540045e-04 1.993023847279889571e+00 -7.051534541166332160e-04 -5.839348902913579119e-05
7.185000000000000000e+03 1.999989105404350154e+00 9.837454833118365327e-01 6.592581569101753055e-04 1.016243852459034924e+00 8.025790774056090369e-04 -1.462067600837301841e-03
7.190000000000000000e+03 1.999989098577515723e+00 1.997327090076531197e+00 1.684323352395366083e-03 2.662239021250071853e-03 1.461608655409954698e-03 -3.146162528071060928e-03
7.195000000000000000e+03 1.999989095406925266e+00 1.135572815632097221e+00 3.767434536121339658e-03 8.644165103654309901e-01 2.647266774609187022e-04 -4.032391804185180006e-03
7.200000000000000000e+03 1.999989086159449370e+00 4.465582881174059299e-02 2.945779500505770875e-03 1.955333488142208864e+00 -2.661381040424838813e-03 -2.846292545813149067e-04
7.205000000000000000e+03 1.999989076872336735e+00 7.639657911329107431e-01 4.900496000147028068e-03 1.236023516737150496e+00 -2.142982062182348553e-03 -2.757744935689125480e-03
7.210000000000000000e+03 1.999989068190213715e+00 1.947893829305639146e+00 7.034675133326949957e-03 5.209547007362656801e-02 2.044889802389730381e-04 -7.239395302618058248e-03
7.215000000000000000e+03 1.999989063172343817e+00 1.386499842122619786e+00 3.048129470570632490e-03 6.134894523510779907e-01 -4.597912757482788956e-04 -2.588569496175995022e-03
7.220000000000000000e+03 1.999989054876694539e+00 1.053721628391821596e-01 5.088253054378462066e-04 1.894617123526247227e+00 -7.455987750985188824e-04 2.365419809260546006e-04
7.225000000000000000e+03 1.999989046331033915e+00 5.154087827926407961e-01 4.262397382703574144e-04 1.484580495221456076e+00 3.758859696468937130e-04 -8.023573909801834120e-04
7.230000000000000000e+03 1.999989038369010874e+00 1.846773578385682235e+00 1.368598313298953787e-03 1.532156918472650509e-01 1.183170625496389374e-03 -2.552000802732118639e-03
7.235000000000000000e+03 1.999989035297921269e+00 1.583628151929217909e+00 4.198987573632069308e-03 4.163611153015091548e-01 7.361912185871659180e-04 -4.935410725024736746e-03
7.240000000000000000e+03 1.999989027433535238e+00 2.475785979691298710e-01 3.633208371335619555e-03 1.752410661571634609e+00 -2.221162358096957952e-03 -1.412278120468248976e-03
7.245000000000000000e+03 1.999989018453580902e+00 3.462165247282766312e-01 4.024456157196276002e-03 1.653772726029352436e+00 -2.851061718529065460e-03 -1.173626742715344184e-03
7.250000000000000000e+03 1.999989009226101899e+00 1.689338645295966002e+00 6.725661970775687233e-03 3.106505964367592409e-01 -1.019675512707619169e-04 -6.623926926128616104e-03
7.255000000000000000e+03 1.999989003520938224e+00 1.773143206366653679e+00 3.798256385524361855e-03 2.268460297881572663e-01 1.894233284576065236e-04 -3.987912347854764665e-03
7.260000000000000000e+03 1.999988996823690135e+00 4.148296214347161892e-01 4.820288349971110190e-04 1.585159608173192458e+00 -5.312809578456689601e-04 4.901933862991681779e-05
7.265000000000000000e+03 1.999988988446385285e+00 1.609612392742941767e-01 2.294838945162860737e-04 1.839027982147006579e+00 4.747657683175288601e-05 -2.771934462636244296e-04
7.270000000000000000e+03 1.999988979956306645e+00 1.497620793117915738e+00 9.805049508016521354e-04 5.023684200073190720e-01 7.427860136505332316e-04 -1.723524133380122635e-03
7.275000000000000000e+03 1.999988973704184714e+00 1.896090178405905879e+00 4.305388015232381599e-03 1.038990286098479543e-01 9.646140636663951039e-04 -5.270235390467761273e-03
7.280000000000000000e+03 1.999988967793614680e+00 6.305518694990176476e-01 4.553101178462238413e-03 1.369437331737068941e+00 -1.543160778005392983e-03 -3.010173842928732992e-03
7.285000000000000000e+03 1.999988958671179651e+00 8.608774324995865923e-02 3.495457109981999627e-03 1.913901449063944993e+00 -3.280754742915038390e-03 -2.149360097910072960e-04
7.290000000000000000e+03 1.999988949396396043e+00 1.271984862784954151e+00 6.013010926020908448e-03 7.280043204569069948e-01 -7.041745533407379326e-04 -5.309070218144915261e-03
7.295000000000000000e+03 1.999988941158360234e+00 1.980128900539748438e+00 4.419151002580417285e-03 1.986027464778130150e-02 6.620232013231000913e-04 -5.081408233073229051e-03
7.300000000000000000e+03 1.999988937243064591e+00 8.625892821303833280e-01 6.793722523017253290e-04 1.137399889227992178e+00 -1.117997538767089884e-04 -5.678066137356770982e-04
7.305000000000000000e+03 1.999988928985703129e+00 3.723821755741809399e-03 1.173828196802756760e-04 1.996265341532365234e+00 -1.039920143929535883e-04 -1.362510769102301246e-05
7.310000000000000000e+03 1.999988920724632635e+00 1.031973674346333469e+00 6.170378267478690256e-04 9.680154808688739010e-01 2.421244759067970177e-04 -8.593967932294933844e-04
7.315000000000000000e+03 1.999988911462023733e+00 1.999552071981026913e+00 4.064881550038444702e-03 4.370741824872817114e-04 8.906759180943952733e-04 -4.955792169623485059e-03
7.320000000000000000e+03 1.999988907529868021e+00 1.103490284140862920e+00 5.499368810711259548e-03 8.964988581772198595e-01 -7.869661591510582720e-04 -4.712637439774965131e-03
7.325000000000000000e+03 1.999988899436502043e+00 4.477765237541733029e-02 3.435659116115393538e-03 1.955211482026755432e+00 -3.332730364099149162e-03 -1.031637176868185587e-04
7.330000000000000000e+03 1.999988890943801056e+00 7.939629371669479907e-01 5.058535313644391129e-03 1.206026188926809795e+00 -1.458144523205430129e-03 -3.600625940396068835e-03
7.335000000000000000e+03 1.999988881770474958e+00 1.958727616881710487e+00 4.760964403422439026e-03 4.126150023947473128e-02 8.522625934874720642e-04 -5.613462347619992306e-03
7.340000000000000000e+03 1.999988877281250188e+00 1.343377954337434010e+00 1.044556607476026166e-03 6.566111583944787000e-01 4.158315653805763103e-04 -1.460623623519088010e-03
7.345000000000000000e+03 1.999988869383408252e+00 8.066143698271652229e-02 1.160130570616171386e-04 1.919327668028495637e+00 -4.183095545315544737e-05 -7.441772941234343485e-05
7.350000000000000000e+03 1.999988861203435775e+00 5.593140132110028251e-01 3.707506457180563216e-04 1.440675083805022405e+00 -2.015813101163647643e-04 -1.694051481914461157e-04
7.355000000000000000e+03 1.999988852561068509e+00 1.869754925895895425e+00 3.536251857222461655e-03 1.302341626728779900e-01 5.266222988845271815e-04 -4.063110163812136584e-03
7.360000000000000000e+03 1.999988846734621184e+00 1.555169056975826969e+00 6.257747037959591335e-03 4.448200258971003462e-01 -1.308189685536355893e-04 -6.127164207712077620e-03
7.365000000000000000e+03 1.999988839017793119e+00 2.320033120301600305e-01 3.858701089562478499e-03 1.767985763294040780e+00 -2.994411114822116866e-03 -8.645262811483632806e-04
7.370000000000000000e+03 1.999988831051929372e+00 3.676929536383878871e-01 4.078040023045424733e-03 1.632296113891881006e+00 -2.184896578023968940e-03 -1.893379923360983532e-03
7.375000000000000000e+03 1.999988822546631795e+00 1.713904540445789548e+00 4.739618042352010917e-03 2.860845187622520491e-01 7.218428582213643006e-04 -5.461697561983326794e-03
7.380000000000000000e+03 1.999988816434489669e+00 1.744148586269980816e+00 1.482439362851700835e-03 2.558404669607333148e-01 9.301038509857823249e-04 -2.412780010062203027e-03
7.385000000000000000e+03 1.999988808585592581e+00 3.736892064804250291e-01 2.230091316807962098e-04 1.626299839075722842e+00 2.201069498573615440e-04 -4.433530520938370654e-04
7.390000000000000000e+03 1.999988800477643602e+00 1.907649821830869619e-01 3.072834826764517507e-04 1.809224055446090773e+00 -4.835244446771194411e-04 1.760038104665805276e-04
7.395000000000000000e+03 1.999988792328659892e+00 1.537280196495705242e+00 2.846146733210967120e-03 4.627088331660417220e-01 -4.611624739130206163e-05 -2.800267818906564468e-03
7.400000000000000000e+03 1.999988786117698147e+00 1.879386685460341155e+00 6.655392624655104110e-03 1.206023381288671564e-01 2.698551822378764792e-04 -6.925485278403176702e-03
7.405000000000000000e+03 1.999988778246222010e+00 6.037146780584217165e-01 4.666621713565653751e-03 1.396274337830011980e+00 -2.342926315162452942e-03 -2.323933040614747057e-03
7.410000000000000000e+03 1.999988770407112204e+00 9.344300954271506088e-02 3.291318260530719068e-03 1.906545998674282538e+00 -2.712311604973872883e-03 -5.792444654419633175e-04
7.415000000000000000e+03 1.999988762571067502e+00 1.303161520893731717e+00 4.355654889517016938e-03 6.968274796537882176e-01 3.084560081011186012e-04 -4.664348874070684339e-03
7.420000000000000000e+03 1.999988754540939606e+00 1.970656269515788317e+00 1.882066483499367227e-03 2.933272317526498807e-02 1.313749874660299823e-03 -3.196054508273401488e-03
7.425000000000000000e+03 1.999988747632896358e+00 8.139244731299860591e-01 4.083840046014063584e-04 1.186064512804886562e+00 6.207066366950146933e-04 -1.029328943272334301e-03
7.430000000000000000e+03 1.999988739332821730e+00 1.296696435400845372e-02 4.492120503935657255e-04 1.987022013463551673e+00 -5.363439549667638672e-04 8.689341983491341266e-05
7.435000000000000000e+03 1.999988731128754749e+00 1.080353446217843238e+00 2.160116454710840281e-03 9.196355235760824698e-01 -6.959155330330099500e-04 -1.464439586848838726e-03
7.440000000000000000e+03 1.999988723819039249e+00 1.999936249673363697e+00 6.601516165421966904e-03 5.271297102730707740e-05 3.190305775674861198e-04 -6.920785568340860963e-03
7.445000000000000000e+03 1.999988718505160135e+00 1.072462680290350745e+00 5.672219993478539932e-03 9.275262771538660411e-01 -1.527599130569641615e-03 -4.144859801966085423e-03
7.450000000000000000e+03 1.999988710692100602e+00 3.573656900039095391e-02 2.871838932685827264e-03 1.964252380796311037e+00 -2.914930684770650378e-03 4.285264748356320055e-05
7.455000000000000000e+03 1.999988702696733345e+00 8.230296895452764439e-01 3.693067358709858656e-03 1.176959252424048863e+00 -2.838193136508514267e-04 -3.409487317651025383e-03
7.460000000000000000e+03 1.999988693438744525e+00 1.969612411909134275e+00 2.143268130848507199e-03 3.037652099871930578e-02 1.481492263682079044e-03 -3.624999863639482255e-03
7.465000000000000000e+03 1.999988688003130566e+00 1.297883546380706798e+00 6.221068825509292388e-04 7.021053812092356017e-01 1.065976124993577717e-03 -1.688322594355734247e-03
7.470000000000000000e+03 1.999988680023961907e+00 6.770824242477235799e-02 7.700965859057234139e-04 1.932280677358341636e+00 -3.463050028922531540e-04 -4.240313421657886561e-04
7.475000000000000000e+03 1.999988672056010719e+00 6.064501386089194979e-01 1.644123089381932350e-03 1.393538773378620199e+00 -1.272014334372208438e-03 -3.723486865391234502e-04
7.480000000000000000e+03 1.999988663616347306e+00 1.888516801936449996e+00 6.109358757524317209e-03 1.114721017936173980e-01 3.006031006958259095e-06 -6.112604902251192809e-03
7.485000000000000000e+03 1.999988657908718270e+00 1.527977704077125631e+00 6.641936783286261567e-03 4.720111940678189399e-01 -7.357869741261923542e-04 -5.906390045386691011e-03
7.490000000000000000e+03 1.999988650124536305e+00 2.081635393907138309e-01 2.907481714905391351e-03 1.791825351133195188e+00 -2.742673972444134058e-03 -1.650481418337756772e-04
7.495000000000000000e+03 1.999988642247753523e+00 3.863817862499318023e-01 2.898802682764262898e-03 1.613607096560896847e+00 -9.096961184463049415e-04 -1.989347127392808792e-03
7.500000000000000000e+03 1.999988633610472188e+00 1.741213148795295762e+00 2.200286531954413760e-03 2.587757255576146886e-01 1.400062397927493135e-03 -3.600589672320435829e-03
7.505000000000000000e+03 1.999988627118239437e+00 1.711810632950057531e+00 8.067450956733896632e-04 2.881782350489168754e-01 1.451301518350774089e-03 -2.258287494758832743e-03
7.510000000000000000e+03 1.999988619047535776e+00 3.421037675479087770e-01 1.200085715075395205e-03 1.657885092551843798e+00 4.304248520820731100e-05 -1.243369252500503607e-03
7.515000000000000000e+03 1.999988611047231801e+00 2.270242789627887892e-01 1.425710276172458772e-03 1.772964573306716529e+00 -1.640119497211970376e-03 2.141679987662025255e-04
7.520000000000000000e+03 1.999988603118769026e+00 1.571379490367167397e+00 5.293987674216638246e-03 4.286093541417616559e-01 -6.060416365411614489e-04 -4.688187427835415443e-03
7.525000000000000000e+03 1.999988597450594430e+00 1.863111550541775463e+00 7.349687235710807356e-03 1.368772884192134276e-01 -1.496778333835081961e-04 -7.200250912721431473e-03
7.530000000000000000e+03 1.999988590549525824e+00 5.701747546469936312e-01 3.380999383236465115e-03 1.429814077556078145e+00 -2.232144970620019396e-03 -1.149096066162498282e-03
7.535000000000000000e+03 1.999988581797428777e+00 9.589257410176828256e-02 2.148156096077925153e-03 1.904096249529254603e+00 -1.417173924367006854e-03 -7.312240053052883717e-04
7.540000000000000000e+03 1.999988572221663929e+00 1.339100149533930084e+00 2.036703922008992976e-03 6.608886647179712526e-01 1.095605363311313038e-03 -3.132551315557475895e-03
7.545000000000000000e+03 1.999988564886719722e+00 1.958415965869078956e+00 9.121771223462804773e-04 4.157284120089995566e-02 1.686419286471013777e-03 -2.598838592076649877e-03
7.550000000000000000e+03 1.999988560239100543e+00 7.716330861146583064e-01 1.641781239091758254e-03 1.228355716403818132e+00 5.405489439044631247e-04 -2.182572462371973419e-03
7.555000000000000000e+03 1.999988551938569170e+00 3.129970738042200246e-02 1.564061150227996546e-03 1.968689087010753846e+00 -1.714065631135547546e-03 1.497620283010980987e-04
7.560000000000000000e+03 1.999988543222452897e+00 1.123149734520501486e+00 4.346135006738388595e-03 8.768390513368803374e-01 -1.366913646480104674e-03 -2.979463995187042486e-03
7.565000000000000000e+03 1.999988533520214551e+00 1.999038169967276790e+00 7.629357084292917937e-03 9.506063907357771743e-04 9.607464615900380089e-05 -7.725674568250187439e-03
7.570000000000000000e+03 1.999988529440781093e+00 1.036617172920219820e+00 4.174481931955025156e-03 9.633715994416857109e-01 -1.498084237189069171e-03 -2.676640615890594262e-03
7.575000000000000000e+03 1.999988520336058784e+00 1.988678195070611027e-02 1.604282218783136199e-03 1.980101981491980689e+00 -1.683121954903709586e-03 7.859662949244934128e-05
7.580000000000000000e+03 1.999988510674491016e+00 8.577616015337924393e-01 1.688281804029796761e-03 1.142227152443611615e+00 6.467762041388769746e-04 -2.335301311081716506e-03
7.585000000000000000e+03 1.999988502601354856e+00 1.979738849842451076e+00 9.086523432408921165e-04 2.024989622633695252e-02 1.717106653949523149e-03 -2.626002464623430552e-03
7.590000000000000000e+03 1.999988499315008328e+00 1.255320041283838561e+00 1.992836725126219486e-03 7.446687015657480480e-01 1.028381207054475648e-03 -3.021461466759101013e-03
7.595000000000000000e+03 1.999988491183773753e+00 6.528877391728650503e-02 2.035907381977109659e-03 1.934699960967775301e+00 -1.476177090138355505e-03 -5.599739931265884131e-04
7.600000000000000000e+03 1.999988482215514063e+00 6.492769991170197486e-01 3.488151128696628973e-03 1.350711726984306971e+00 -2.102638324107610965e-03 -1.385756690401745896e-03
7.605000000000000000e+03 1.999988472714797183e+00 1.903788689604196227e+00 7.413685568047030140e-03 9.620002719162988603e-02 -5.410517496268429206e-05 -7.359824474113639894e-03
7.610000000000000000e+03 1.999988467301924810e+00 1.497764711655205305e+00 5.096821098082147949e-03 5.022239998387050264e-01 -7.068899594612221022e-04 -4.390175330606326670e-03
7.615000000000000000e+03 1.999988458613201292e+00 1.762589259638118744e-01 1.381072433834063190e-03 1.823729777016777076e+00 -1.641749605596125403e-03 2.604328043744912253e-04
7.620000000000000000e+03 1.999988449196442142e+00 4.103291843262767413e-01 1.233445030479389309e-03 1.589659509427043815e+00 1.654247236316510542e-04 -1.399114310989525278e-03
7.625000000000000000e+03 1.999988440223032793e+00 1.770766539404137196e+00 7.946944558096787157e-04 2.292221455564704136e-01 1.538204983232345849e-03 -2.333144176616600354e-03
7.630000000000000000e+03 1.999988437009004416e+00 1.679478728352127304e+00 2.170270880292822328e-03 3.205099534590812871e-01 1.389533464395975105e-03 -3.560049146892871590e-03
7.635000000000000000e+03 1.999988429327508088e+00 3.209768497101755380e-01 2.740445941605479125e-03 1.679011824574928369e+00 -9.817629093003686809e-04 -1.758927989900780026e-03
7.640000000000000000e+03 1.999988419575117193e+00 2.612349687061965575e-01 2.922504076614901303e-03 1.738753696024604167e+00 -2.642084015956273468e-03 -2.806652163422536654e-04
7.645000000000000000e+03 1.999988409836893188e+00 1.599767035754503075e+00 6.750231021436695067e-03 4.002216194352998802e-01 -5.636231895432925951e-04 -6.186853184803528354e-03
7.650000000000000000e+03 1.999988404697939481e+00 1.845128461620540339e+00 5.928009650193405769e-03 1.548601885338339590e-01 -3.814637018149026913e-05 -5.890108736446683819e-03
7.655000000000000000e+03 1.999988396797483192e+00 5.282534700272302208e-01 1.517680328712298250e-03 1.471735172385256751e+00 -1.299574568981813659e-03 -2.183513747342550573e-04
7.660000000000000000e+03 1.999988388970038056e+00 1.019845746529466218e-01 7.740972969493634939e-04 1.898004060088009259e+00 -2.302742554605925513e-04 -5.440688124064580605e-04
7.665000000000000000e+03 1.999988380986871261e+00 1.380612610063514989e+00 5.976428122000094047e-04 6.193760168528710253e-01 1.194681697402236176e-03 -1.792570439117164129e-03
7.670000000000000000e+03 1.999988373869630021e+00 1.944438028895633108e+00 2.130912373689190700e-03 5.555059104701788597e-02 1.535636391660715958e-03 -3.666794838371076250e-03
7.675000000000000000e+03 1.999988366336722834e+00 7.382182330107680546e-01 3.522082690071827102e-03 1.261770379550514187e+00 -3.467921468169210975e-04 -3.175536767814435800e-03
7.680000000000000000e+03 1.999988358521151532e+00 5.030144029003207756e-02 2.784937960390334449e-03 1.949687164611711321e+00 -2.860013190210460455e-03 7.482884922825071869e-05
7.685000000000000000e+03 1.999988350819397631e+00 1.158481987140661529e+00 5.790517091605823854e-03 8.415066102126755876e-01 -1.312330129656396737e-03 -4.478433495888663012e-03
7.690000000000000000e+03 1.999988340887929983e+00 1.996973070604388223e+00 6.470142272824656003e-03 3.015517017525135533e-03 3.570380371982436233e-04 -6.827427044006737118e-03
7.695000000000000000e+03 1.999988337110778724e+00 9.931017785284625976e-01 1.970330444787930617e-03 1.006886805390750039e+00 -7.335797665955537915e-04 -1.236997486626461229e-03
7.700000000000000000e+03 1.999988328855577979e+00 5.226021035185430055e-03 4.115092703965437040e-04 1.994762554792843590e+00 -4.437869571375859814e-04 3.203071429001352687e-05
7.705000000000000000e+03 1.999988320012171972e+00 9.009779515628936197e-01 3.666750103921210917e-04 1.099010615597316720e+00 7.704951700597615760e-04 -1.137417328490452229e-03
7.710000000000000000e+03 1.999988311165685761e+00 1.987962735871837694e+00 1.882969915373683932e-03 1.202582261890888619e-02 1.428412506573870523e-03 -3.311629747008307170e-03
7.715000000000000000e+03 1.999988306061085019e+00 1.218894337036587894e+00 4.205921053941887901e-03 7.810942164518768216e-01 2.785156306884851193e-04 -4.484684112010394082e-03
7.720000000000000000e+03 1.999988298389658858e+00 6.608636206806071944e-02 3.113111483641292816e-03 1.933902183900987781e+00 -2.706255040651315072e-03 -4.071040223796457006e-04
7.725000000000000000e+03 1.999988289942322695e+00 6.837326555216778345e-01 4.754905644220638015e-03 1.316255882167595592e+00 -2.124794979702076571e-03 -2.630358411469213478e-03
7.730000000000000000e+03 1.999988280200110990e+00 1.917540003164364792e+00 6.593242519014843282e-03 8.244852497696006366e-02 3.911420380401996015e-04 -6.984632498268760620e-03
7.735000000000000000e+03 1.999988275529528847e+00 1.461483737774090796e+00 2.623223231858935311e-03 5.385047857901231749e-01 -7.300199384051234283e-05 -2.550469272703432405e-03
7.740000000000000000e+03 1.999988267470159897e+00 1.428141239833640996e-01 2.228715853688235373e-04 1.857174391681617687e+00 -4.228035474907770224e-04 1.996837673000569937e-04
7.745000000000000000e+03 1.999988258404096664e+00 4.446020073656540283e-01 1.602533134087997385e-04 1.555386499413564438e+00 3.681443917888550929e-04 -5.286460803194323321e-04
7.750000000000000000e+03 1.999988249353089831e+00 1.799871540727256525e+00 1.485520694030193064e-03 2.001169571813317671e-01 1.089378804577902787e-03 -2.575148054106460825e-03
7.755000000000000000e+03 1.999988245478632187e+00 1.649997275032668353e+00 4.638108905807696372e-03 3.499912190788495026e-01 7.443500637370782918e-04 -5.382707602430319635e-03
7.760000000000000000e+03 1.999988237569098937e+00 3.048633162801715479e-01 3.837780343604430770e-03 1.695125170078750187e+00 -2.217406910989723652e-03 -1.620622222437216381e-03
7.765000000000000000e+03 1.999988227666966489e+00 2.871969167581199800e-01 3.881558828449736560e-03 1.712791559895781468e+00 -2.811423568929079155e-03 -1.070384246455310766e-03
7.770000000000000000e+03 1.999988217219698550e+00 1.625460869283188892e+00 6.265133047072096208e-03 3.745275971319961261e-01 6.045646061613998225e-05 -6.325838703174531050e-03
7.775000000000000000e+03 1.999988211593323628e+00 1.823233677121701701e+00 3.316022291310957194e-03 1.767547837798773003e-01 5.310785169669292663e-04 -3.847350116533272864e-03
7.780000000000000000e+03 1.999988204635931632e+00 4.824127337676533123e-01 2.437772727359650317e-04 1.517575720315071930e+00 -1.713246728024831475e-04 -7.270204672755702763e-05
7.785000000000000000e+03 1.999988195650769685e+00 1.187638652386203281e-01 3.137016155029079701e-05 1.881224580038452832e+00 8.402865987839548581e-05 -1.156484477317547082e-04
7.790000000000000000e+03 1.999988186711156191e+00 1.424422346101230197e+00 1.035542751105783229e-03 5.755660904147672507e-01 5.951576032462488732e-04 -1.630950159193425087e-03
7.795000000000000000e+03 1.999988181267348342e+00 1.930204206017781976e+00 4.721940982035421723e-03 6.978422516354916560e-02 9.363993231501784682e-04 -5.658590219168663921e-03
7.800000000000000000e+03 1.999988174941482511e+00 7.104526240955798544e-01 4.798413566606348282e-03 1.289535800885671879e+00 -1.508527913065669905e-03 -3.290135693309981062e-03
7.805000000000000000e+03 1.999988164964158432e+00 6.216050875126263170e-02 3.371481195002760424e-03 1.937827906452235016e+00 -3.212640181280944796e-03 -1.590912530612298068e-04
7.810000000000000000e+03 1.999988156066268896e+00 1.189384177188784308e+00 5.558371773501774235e-03 8.106042292943053118e-01 -5.543772868917038561e-04 -5.004244903430973834e-03
7.815000000000000000e+03 1.999988148829702883e+00 1.993243944647290933e+00 3.881499302038817194e-03 6.744454744171498282e-03 9.412542873456875925e-04 -4.823004151143973732e-03
7.820000000000000000e+03 1.999988142900572363e+00 9.441882661096315799e-01 4.605583290029165080e-04 1.055800127472164229e+00 2.514904602402588197e-04 -7.122994704667710147e-04
7.825000000000000000e+03 1.999988134196423184e+00 6.070153299123873681e-05 1.433656009457727113e-05 1.999927683519646671e+00 -1.444709768965204989e-05 -1.403186196671835483e-07
7.830000000000000000e+03 1.999988125623771484e+00 9.499067238005342029e-01 6.453114414672254896e-04 1.050081652851724723e+00 5.938275766962554793e-05 -7.049452276244832886e-04
7.835000000000000000e+03 1.999988118182436381e+00 1.993693086862617037e+00 4.441274692314312912e-03 6.295282498126441272e-03 8.031709047178411942e-04 -5.244696775338985803e-03
7.840000000000000000e+03 1.999988113020629399e+00 1.187446734863865982e+00 5.779712672750103239e-03 8.125416294392793226e-01 -7.467381240646883645e-04 -5.033225831200913332e-03
7.845000000000000000e+03 1.999988103761306535e+00 6.156729106722882983e-02 3.342325159619072023e-03 1.938421064162952900e+00 -3.235837420918108182e-03 -1.067392075764644492e-04
7.850000000000000000e+03 1.999988095807621935e+00 7.118407218497480038e-01 4.632816582378467170e-03 1.288147625586365974e+00 -1.307537167736720022e-03 -3.325531043133707603e-03
7.855000000000000000e+03 1.999988087453094199e+00 1.931477287846287583e+00 4.184417429176247663e-03 6.851105140356025802e-02 1.065980077450798171e-03 -5.250649303380542504e-03
7.860000000000000000e+03 1.999988081674503482e+00 1.419578931875552952e+00 8.142420664942662169e-04 5.804094017139153072e-01 7.455157633961320956e-04 -1.560009744854897818e-03
7.865000000000000000e+03 1.999988073618311324e+00 1.163963295818372795e-01 1.162417138277955391e-04 1.883591996114829525e+00 9.526077774673137632e-05 -2.117545699299835298e-04
7.870000000000000000e+03 1.999988065722335895e+00 4.878964674466476636e-01 4.155947352578469897e-04 1.512091850514090341e+00 -3.943650612238443903e-04 -2.148191243633698941e-05
7.875000000000000000e+03 1.999988057442977585e+00 1.825605560494913071e+00 3.865434536903365574e-03 1.743827493545286877e-01 3.688636841121821952e-04 -4.234550627479981288e-03
7.880000000000000000e+03 1.999988052605736089e+00 1.623660877375927791e+00 6.560878663601018776e-03 3.763274277350966979e-01 -1.126382595567433957e-04 -6.448492909332558150e-03
7.885000000000000000e+03 1.999988044995870018e+00 2.855590949577592741e-01 3.801419173465759010e-03 1.714429202697603349e+00 -2.876671670533732187e-03 -9.250001624250766847e-04
7.890000000000000000e+03 1.999988036418347992e+00 3.051358303179267373e-01 3.698169100859470797e-03 1.694852458934059003e+00 -2.022200170240272439e-03 -1.676221764257063325e-03
7.895000000000000000e+03 1.999988026570868049e+00 1.652386533515222133e+00 4.152422627147237151e-03 3.476017460907248058e-01 8.807385392545507858e-04 -5.033414201481033190e-03
7.900000000000000000e+03 1.999988021163721541e+00 1.796816611719991075e+00 1.215222062831266192e-03 2.031716625905978513e-01 1.193677972108161522e-03 -2.409153181806871456e-03
7.905000000000000000e+03 1.999988014620370791e+00 4.404197923017185712e-01 3.149812767530676592e-04 1.559568475599637960e+00 3.855304185125837772e-04 -7.007649762513367027e-04
7.910000000000000000e+03 1.999988006124441720e+00 1.470160214960972156e-01 4.112541567885365300e-04 1.852972238083717471e+00 -6.619360840365576737e-04 2.504284718748567566e-04
7.915000000000000000e+03 1.999987997083220392e+00 1.465528668516303146e+00 3.134001273455006009e-03 5.344595822080855374e-01 -2.716051468833819891e-04 -2.862649767739918177e-03
7.920000000000000000e+03 1.999987990479888955e+00 1.916522140694158605e+00 6.966519909307277922e-03 8.346610356404920994e-02 2.417194604981769113e-04 -7.208493148124109177e-03
7.925000000000000000e+03 1.999987984372880945e+00 6.814411669640100255e-01 4.644042465906060395e-03 1.318547071312475616e+00 -2.219936726045265620e-03 -2.424359643465645413e-03
7.930000000000000000e+03 1.999987975185692601e+00 6.493362799221506776e-02 2.965397426834778284e-03 1.935054601286887666e+00 -2.531604412968145156e-03 -4.340471072769056882e-04
7.935000000000000000e+03 1.999987965133940060e+00 1.221528240354101236e+00 3.791772669664322803e-03 7.784599790822572807e-01 4.332092739629013478e-04 -4.225236246045497614e-03
7.940000000000000000e+03 1.999987957245509040e+00 1.987198949262367398e+00 1.565096627322960484e-03 1.278926245103033030e-02 1.490136148682435916e-03 -3.055487243894397693e-03
7.945000000000000000e+03 1.999987953620020908e+00 8.959589596496403407e-01 5.642878158978218654e-04 1.104029248512946593e+00 7.850113618298637692e-04 -1.349553720293769372e-03
7.950000000000000000e+03 1.999987945241959775e+00 7.404459794811410651e-03 6.452138287509735044e-04 1.992583740164051154e+00 -6.832303111115527010e-04 3.776176545774113035e-05
7.955000000000000000e+03 1.999987936302930480e+00 9.981807629764740675e-01 2.424739492658581873e-03 1.001807428229279706e+00 -9.744706609306317971e-04 -1.450523734551204371e-03
7.960000000000000000e+03 1.999987927084964534e+00 1.997188839790283943e+00 6.907482851083147045e-03 2.799342391384621563e-03 2.285856657382576065e-04 -7.136323613525592281e-03
7.965000000000000000e+03 1.999987923059987516e+00 1.156081700080139552e+00 5.677332947268545933e-03 8.439064781599547871e-01 -1.419840505798008416e-03 -4.257747621577030392e-03
7.970000000000000000e+03 1.999987913563506803e+00 4.774717992291090118e-02 2.598249650455953380e-03 1.952240989020608497e+00 -2.717476279418304386e-03 1.189712489496416324e-04
7.975000000000000000e+03 1.999987903682306944e+00 7.401626259488579551e-01 3.184551983707042781e-03 1.259825533322565416e+00 -1.685449418574270022e-04 -3.016262630966164756e-03
7.980000000000000000e+03 1.999987895184217601e+00 1.945937884567060738e+00 1.780245787771228853e-03 5.405026638634985447e-02 1.565754101471414968e-03 -3.346255658435621366e-03
7.985000000000000000e+03 1.999987892265039813e+00 1.375933530884466682e+00 8.047206749849751192e-04 6.240546172113166090e-01 1.195439627561241868e-03 -2.000416133289624216e-03
7.990000000000000000e+03 1.999987883996542815e+00 1.018737864395804216e-01 1.074601020129183158e-03 1.898114353562497580e+00 -4.563456184425464506e-04 -6.185114072219641311e-04
7.995000000000000000e+03 1.999987874577025648e+00 5.334901253487203121e-01 1.912156052918252821e-03 1.466498005432669949e+00 -1.580717139034920442e-03 -3.316951182476949081e-04
8.000000000000000000e+03 1.999987865661059017e+00 1.846731795871963788e+00 6.401943449493839935e-03 1.532563261823285117e-01 -1.545092185019267782e-04 -6.247690624225240262e-03
8.005000000000000000e+03 1.999987861248315957e+00 1.597824374613653342e+00 6.664494278933529893e-03 4.021637431216217862e-01 -6.641296445905561265e-04 -6.000621121302006020e-03
8.010000000000000000e+03 1.999987852500788588e+00 2.576347383847768513e-01 2.675821762290196346e-03 1.742353370789945455e+00 -2.537098140533726367e-03 -1.389802956901673391e-04
8.015000000000000000e+03 1.999987842927004378e+00 3.214533351765676006e-01 2.468503848904143091e-03 1.678534764630401632e+00 -7.817589734682536167e-04 -1.687001755400442541e-03
8.020000000000000000e+03 1.999987833813422933e+00 1.682688869717472002e+00 1.811269453093051259e-03 3.172992211722435174e-01 1.404548422978753840e-03 -3.216074952364222396e-03
8.025000000000000000e+03 1.999987830320572701e+00 1.767530305588255413e+00 9.782114868787964920e-04 2.324577818837853804e-01 1.515113367890348400e-03 -2.493582006237256635e-03
8.030000000000000000e+03 1.999987823823170530e+00 4.081981266035162870e-01 1.609905112829321206e-03 1.591789954510135052e+00 -3.812224756779530985e-05 -1.572040155742566656e-03
8.035000000000000000e+03 1.999987814422969912e+00 1.807462476266713525e-01 1.726539374248641217e-03 1.819241824287800346e+00 -1.953332170067877214e-03 2.265353043172942495e-04
8.040000000000000000e+03 1.999987805007807706e+00 1.500578235841785402e+00 5.571567471566960320e-03 4.994098268591711798e-01 -8.237068093380546952e-04 -4.748118355377485209e-03
8.045000000000000000e+03 1.999987798464505140e+00 1.902754446094946816e+00 7.379299768236614702e-03 9.723361020474681482e-02 -1.302537996315014906e-04 -7.249303803793461821e-03
8.050000000000000000e+03 1.999987791418757155e+00 6.452374747689602064e-01 3.174574354587505511e-03 1.354750574637201277e+00 -2.032921226952079559e-03 -1.141911115039940475e-03
8.055000000000000000e+03 1.999987782176113837e+00 6.385771914937363181e-02 1.804538567631748525e-03 1.936130321216110950e+00 -1.262266693784529128e-03 -5.425300632182193401e-04
8.060000000000000000e+03 1.999987773265890167e+00 1.259288707791860196e+00 1.653595776478246609e-03 7.406993238582740835e-01 1.047089650900711330e-03 -2.700943811622823123e-03
8.065000000000000000e+03 1.999987767429042718e+00 1.978718708696701745e+00 1.042734095267932887e-03 2.126931724457557099e-02 1.663589357427675604e-03 -2.706581964930067277e-03
8.070000000000000000e+03 1.999987763628254145e+00 8.543486265989388428e-01 2.135058608549695886e-03 1.145639395623517576e+00 4.689569011321713518e-04 -2.604274103884112422e-03
8.075000000000000000e+03 1.999987754378632854e+00 2.289972622945918995e-02 1.923175842779335527e-03 1.977088286943774254e+00 -2.009361979356205381e-03 8.592734197626260772e-05
8.080000000000000000e+03 1.999987744954885960e+00 1.040176486289975166e+00 4.613465177538172285e-03 9.598115176630804823e-01 -1.628090102444856640e-03 -2.985634073263212368e-03
8.085000000000000000e+03 1.999987736596511745e+00 1.999138845859638192e+00 7.658332160977015905e-03 8.491499174831853430e-04 5.622657686283645670e-05 -7.714817918449403886e-03
8.090000000000000000e+03 1.999987731856281759e+00 1.119386899953252579e+00 3.973884797447333438e-03 8.806010911868440427e-01 -1.322507364251506671e-03 -2.651636717010895285e-03
8.095000000000000000e+03 1.999987722734855700e+00 2.796514909408105015e-02 1.339514344615640260e-03 1.972022833126487074e+00 -1.497686455338879691e-03 1.579126250106350051e-04
8.100000000000000000e+03 1.999987713586212967e+00 7.752312332747913759e-01 1.347032293882530034e-03 1.224756740000584321e+00 5.802261254688257427e-04 -1.927518108514397147e-03
8.105000000000000000e+03 1.999987705993965692e+00 1.959875523855114210e+00 9.833254015583169343e-04 4.011244199664582011e-02 1.601576023645652014e-03 -2.585161282998051091e-03
8.110000000000000000e+03 1.999987703103792480e+00 1.335439553243595645e+00 2.533987573506429111e-03 6.645484097815785862e-01 9.405793747171316537e-04 -3.474826869605463463e-03
8.115000000000000000e+03 1.999987694502576963e+00 9.705633447837611061e-02 2.468901091392811629e-03 1.902931620134106439e+00 -1.739317666278619723e-03 -7.298435350195071978e-04
8.120000000000000000e+03 1.999987685051589192e+00 5.738400176806348618e-01 3.754501039467579310e-03 1.426147927686567396e+00 -2.384717538240052961e-03 -1.370043816840405470e-03
8.125000000000000000e+03 1.999987676083968990e+00 1.864295235256360872e+00 7.438712782757783172e-03 1.356927013394432502e-01 -1.488735467960703590e-04 -7.290099747797222120e-03
8.130000000000000000e+03 1.999987669909542021e+00 1.568548783255562684e+00 4.883984115959220593e-03 4.314391473034697722e-01 -5.709836370672261800e-04 -4.313261128382747667e-03
8.135000000000000000e+03 1.999987661560157948e+00 2.222359468194415322e-01 1.172675913907279257e-03 1.777751975576426391e+00 -1.433031368703459015e-03 2.600946190862862980e-04
8.140000000000000000e+03 1.999987652927474491e+00 3.442881982303503952e-01 9.649042919380547206e-04 1.655699715726621779e+00 1.159576291950824300e-04 -1.081122950630895299e-03
8.145000000000000000e+03 1.999987644620982108e+00 1.715441806020118420e+00 8.163630456394089900e-04 2.845460998167708699e-01 1.340933197201465542e-03 -2.157557458748301550e-03
8.150000000000000000e+03 1.999987641321619769e+00 1.738394415536909987e+00 2.717741364737674605e-03 2.615934870746469132e-01 1.259816891200073782e-03 -3.977819545875013220e-03
8.155000000000000000e+03 1.999987634064166242e+00 3.857563959734788828e-01 3.249027278565449171e-03 1.614231499540984327e+00 -1.209546602026964884e-03 -2.039742126835318060e-03
8.160000000000000000e+03 1.999987624398056996e+00 2.112718876499657672e-01 3.198724931159044414e-03 1.788715998410284724e+00 -2.921099173350506610e-03 -2.778874200018550630e-04
8.165000000000000000e+03 1.999987615097524651e+00 1.529927193042641687e+00 6.772391079189865604e-03 4.700606839213819499e-01 -6.980495196223432657e-04 -6.074603426066218365e-03
8.170000000000000000e+03 1.999987609074057593e+00 1.887055575870646207e+00 5.689970945919969880e-03 1.129322952040771599e-01 4.773037386214746321e-05 -5.737963320447959405e-03
8.175000000000000000e+03 1.999987602341103177e+00 6.010015619837969503e-01 1.333208744424890010e-03 1.398986302508143265e+00 -1.083068007143484987e-03 -2.504028881187610341e-04
8.180000000000000000e+03 1.999987593592218005e+00 6.776519014761789306e-02 5.958467837889653987e-04 1.932222665793471572e+00 -2.351988537353463544e-04 -3.609102789253516050e-04
8.185000000000000000e+03 1.999987584895807968e+00 1.302877295438344296e+00 5.857158503261620207e-04 6.971105520035174585e-01 9.420924659451176183e-04 -1.528070862324556458e-03
8.190000000000000000e+03 1.999987579015367611e+00 1.968528060408070601e+00 2.645995308740983678e-03 3.145978128644621313e-02 1.345054547976796142e-03 -3.991312535866953573e-03
8.195000000000000000e+03 1.999987574735972107e+00 8.210918209847417604e-01 4.093067754883630144e-03 1.178896016525157187e+00 -5.470789873344867335e-04 -3.546251541476068241e-03
8.200000000000000000e+03 1.999987565114746957e+00 3.775927475080022300e-02 3.080181773538723938e-03 1.962228553349952387e+00 -3.115153880206553757e-03 3.470912066208072568e-05
8.205000000000000000e+03 1.999987555687951390e+00 1.074672241716506438e+00 5.813671404425866350e-03 9.253155771643698513e-01 -1.463389478621297812e-03 -4.350545118729611145e-03
8.210000000000000000e+03 1.999987547643318653e+00 1.999956642072260760e+00 6.201698302689547318e-03 3.116894247507948291e-05 3.918514196190624513e-04 -6.593813093725800142e-03
8.215000000000000000e+03 1.999987543408336066e+00 1.075199222001591792e+00 1.773959888889042966e-03 9.247885848720098778e-01 -5.286330681256609610e-04 -1.245590286028841432e-03
8.220000000000000000e+03 1.999987534890525387e+00 1.067908149465639396e-02 3.227337864433549525e-04 1.989308717054189657e+00 -3.899994757103620842e-04 6.700203094624497644e-05
8.225000000000000000e+03 1.999987526305104346e+00 8.191582851302965373e-01 3.516616216537342605e-04 1.180829505028844650e+00 4.994753844254979291e-04 -8.514008601161620910e-04
8.230000000000000000e+03 1.999987518757429861e+00 1.971796380065782728e+00 2.337687999001931711e-03 2.819140271721526023e-02 1.169972638525196718e-03 -3.507924663095256593e-03
8.235000000000000000e+03 1.999987514978023961e+00 1.300688894503479576e+00 4.813531181173796684e-03 6.992988845848467916e-01 8.965170534992291849e-05 -4.903446996826173361e-03
8.240000000000000000e+03 1.999987506475181975e+00 9.411008797901290746e-02 3.431906423821435605e-03 1.905877682794592909e+00 -2.923459889529650239e-03 -5.087108327155788912e-04
8.245000000000000000e+03 1.999987497303128192e+00 6.056117610914359961e-01 4.783086466679139538e-03 1.394376000710732422e+00 -2.266623122169242333e-03 -2.516727843550424677e-03
8.250000000000000000e+03 1.999987488185784201e+00 1.880645241318009919e+00 6.297756812524225693e-03 1.193425115673845682e-01 3.850295244103369894e-04 -6.683051036545066201e-03
8.255000000000000000e+03 1.999987483612339911e+00 1.533314244367515622e+00 2.382847474919642678e-03 4.666735040463050321e-01 1.023870410629933181e-04 -2.485499317463057967e-03
8.260000000000000000e+03 1.999987475982477836e+00 1.864627948456785700e-01 2.035403484265176110e-04 1.813524946110171232e+00 -3.115770875241969306e-04 1.077717657255400856e-04
8.265000000000000000e+03 1.999987467611054726e+00 3.779879785924630808e-01 1.755297590476108502e-04 1.621999754182431142e+00 1.186155176860204910e-04 -2.944104405733053180e-04
8.270000000000000000e+03 1.999987459220124553e+00 1.747489045272576869e+00 1.867824566868317828e-03 2.524986793025634224e-01 7.705500041595142588e-04 -2.638639926043814029e-03
8.275000000000000000e+03 1.999987454161090916e+00 1.711791205181921738e+00 5.249132149844623792e-03 2.881965144485307828e-01 5.476408880961251315e-04 -5.797038507302058018e-03
8.280000000000000000e+03 1.999987446700572047e+00 3.670556307262344831e-01 4.178071827808074908e-03 1.632932081608517327e+00 -2.391423718862335270e-03 -1.786913743125138031e-03
8.285000000000000000e+03 1.999987438278391982e+00 2.330860175302840454e-01 3.916283322403016180e-03 1.766901686566175078e+00 -2.920666349010458702e-03 -9.958827914594034578e-04
8.290000000000000000e+03 1.999987429412867224e+00 1.557121315100980397e+00 5.953130920386969817e-03 4.428663803228736207e-01 3.398079525674723778e-05 -5.987377726630287514e-03
8.295000000000000000e+03 1.999987422821216443e+00 1.867601064059549953e+00 3.009434408661964145e-03 1.323866249187626853e-01 6.651807669078252470e-04 -3.674881332665994212e-03
8.300000000000000000e+03 1.999987416517585936e+00 5.537999136137783385e-01 2.583218060661494789e-04 1.446187769201653817e+00 -1.769284644419955477e-05 -2.408952574682131484e-04
8.305000000000000000e+03 1.999987408286881818e+00 8.307099285152677592e-02 1.041469468873026043e-04 1.916916681918956478e+00 -1.092716476399310278e-04 4.858217151150754485e-06
8.310000000000000000e+03 1.999987400027840589e+00 1.348387778833091133e+00 1.350728195714335405e-03 6.515998878651966253e-01 2.370986806855745685e-04 -1.588093546847010006e-03
8.315000000000000000e+03 1.999987392723391766e+00 1.957774221910446366e+00 5.302594307327704835e-03 4.221343764888196154e-02 7.152705116171289255e-04 -6.018131654881000471e-03
8.320000000000000000e+03 1.999987385842432852e+00 7.923791744509396384e-01 5.151028995203146658e-03 1.207608478378936034e+00 -1.643081652093839008e-03 -3.508214330551718760e-03
8.325000000000000000e+03 1.999987378033529106e+00 4.473523456129899212e-02 3.409875597272174572e-03 1.955252410629221949e+00 -3.272882576441239755e-03 -1.372601778227366487e-04
8.330000000000000000e+03 1.999987369925486203e+00 1.105418052696409248e+00 5.244120529399543852e-03 8.945695845608742092e-01 -5.737008542148199853e-04 -4.670687006981887046e-03
8.335000000000000000e+03 1.999987360132811531e+00 1.999415780832370260e+00 3.500452992280868834e-03 5.718468472272152364e-04 1.032235166131463891e-03 -4.532955705198310307e-03
8.340000000000000000e+03 1.999987355198443284e+00 1.026336261513755677e+00 4.651608855886875588e-04 9.736513613409798484e-01 4.236337018334612758e-04 -8.890622437144206401e-04
8.345000000000000000e+03 1.999987347090939283e+00 3.733068408584638755e-03 1.580444497341926833e-04 1.996254546519632633e+00 -1.290926586327794225e-04 -2.921962837922869918e-05
8.350000000000000000e+03 1.999987338991965347e+00 8.683550644443813749e-01 9.134584220553013199e-04 1.131632542566088029e+00 -3.069250991232454662e-04 -6.068013414358726506e-04
8.355000000000000000e+03 1.999987330470471170e+00 1.980857177127704816e+00 4.964152364565611528e-03 1.913042155182121881e-02 5.489155019296189332e-04 -5.513336075550458876e-03
8.360000000000000000e+03 1.999987325855350218e+00 1.270031654663018150e+00 6.129481732379342060e-03 7.299559395022713337e-01 -8.527507478878731517e-04 -5.276999294430508719e-03
8.365000000000000000e+03 1.999987318139355041e+00 8.487553106233490519e-02 3.376610600456271451e-03 1.915112055553271020e+00 -3.240161616397135673e-03 -1.367174603098756237e-04
8.370000000000000000e+03 1.999987310053064959e+00 6.317332673165981793e-01 4.329708350391062339e-03 1.368254311385558752e+00 -1.290777422185705780e-03 -3.039199577297091448e-03
8.375000000000000000e+03 1.999987301169930509e+00 1.897706790200045290e+00 3.735759764688585411e-03 1.022807798096128928e-01 1.123439248984429376e-03 -4.859467853400781592e-03
8.380000000000000000e+03 1.999987294939341131e+00 1.492982745516304721e+00 7.660341631074363755e-04 5.070048184001666458e-01 9.101706911827607332e-04 -1.676473831420271111e-03
8.385000000000000000e+03 1.999987286806200304e+00 1.586208999413401544e-01 3.262318272154310968e-04 1.841366656021149018e+00 6.502102889269624573e-05 -3.915220123966707088e-04
8.390000000000000000e+03 1.999987278678598379e+00 4.202682245962964247e-01 6.657458039458363655e-04 1.579719323418274035e+00 -7.342259283687269707e-04 6.821078845064740791e-05
8.395000000000000000e+03 1.999987270439424814e+00 1.775677498962574541e+00 4.314905898577736480e-03 2.243100409943391549e-01 8.369285455016272615e-05 -4.398868270617111408e-03
8.400000000000000000e+03 1.999987265038106754e+00 1.687672454708179615e+00 6.889315428905813665e-03 3.123150799659348831e-01 -2.048241364036356359e-04 -6.684760928510169453e-03
8.405000000000000000e+03 1.999987256911743172e+00 3.440674460817559899e-01 3.819858781363407330e-03 1.655920080639556868e+00 -2.827979966272525531e-03 -9.921486246603694256e-04
8.410000000000000000e+03 1.999987249065177775e+00 2.474603496303833527e-01 3.414156299277431184e-03 1.752527169410384111e+00 -1.945278845591052411e-03 -1.469147429276039920e-03
8.415000000000000000e+03 1.999987241143676986e+00 1.586320616824594021e+00 3.656051636407359976e-03 4.136668944617806210e-01 9.247144949621901406e-04 -4.581036274067257739e-03
8.420000000000000000e+03 1.999987234579950979e+00 1.844031476282607107e+00 1.081301263498278542e-03 1.559560285813856584e-01 1.329623657251711869e-03 -2.411195204791929600e-03
8.425000000000000000e+03 1.999987226639211135e+00 5.113189433497845604e-01 5.686559871240784913e-04 1.488668553745845058e+00 4.282216456155938690e-04 -9.971480891578525432e-04
8.430000000000000000e+03 1.999987218371245712e+00 1.094823682812206544e-01 6.737528718916220615e-04 1.890505120726451604e+00 -9.439790678205088213e-04 2.699555595023625174e-04
8.435000000000000000e+03 1.999987210237787805e+00 1.390542292160124260e+00 3.508829602642878076e-03 6.094451888906267101e-01 -5.744474613829326842e-04 -2.934652954223140441e-03
8.440000000000000000e+03 1.999987204412828179e+00 1.947093019560607097e+00 7.255579764336612947e-03 5.289445579122537683e-02 1.491474246634183899e-04 -7.404998128004586407e-03
8.445000000000000000e+03 1.999987196576739734e+00 7.613355937189384415e-01 4.633051995251553055e-03 1.238651873963265482e+00 -2.129234337382516270e-03 -2.504088763333659103e-03
8.450000000000000000e+03 1.999987188611718425e+00 4.298657337721621674e-02 2.699800810468010008e-03 1.957000886506531367e+00 -2.380674700671487568e-03 -3.193973818256294552e-04
8.455000000000000000e+03 1.999987180870734127e+00 1.138406761833283154e+00 3.275807094342421833e-03 8.615806904705691771e-01 4.906762120048451057e-04 -3.766754739465443067e-03
8.460000000000000000e+03 1.999987172287235326e+00 1.996943261789657642e+00 1.329360313717928505e-03 3.044182111825803269e-03 1.586298852456677821e-03 -2.915930780422961669e-03
8.465000000000000000e+03 1.999987166779733760e+00 9.789150707222297187e-01 8.257239740354972192e-04 1.021072367789324309e+00 8.753368067425373530e-04 -1.701332512598824776e-03
8.470000000000000000e+03 1.999987158047152214e+00 9.060241825494102022e-03 9.439927510638863742e-04 1.990927188140445336e+00 -8.859064313132577854e-04 -5.835823853755910958e-05
8.475000000000000000e+03 1.999987149487564952e+00 9.160649273230336842e-01 2.737432865515097239e-03 1.083922494266417624e+00 -1.273524908794461397e-03 -1.464180058607002753e-03
8.480000000000000000e+03 1.999987141751990327e+00 1.987308699998728390e+00 7.143556882552138700e-03 1.267871401968322619e-02 1.260469107866764304e-04 -7.269876059759950229e-03
8.485000000000000000e+03 1.999987136249452124e+00 1.238516603017593587e+00 5.624213601840705179e-03 7.614708056138271841e-01 -1.303063513575408467e-03 -4.321422470233981204e-03
8.490000000000000000e+03 1.999987128277054271e+00 6.642302613712780524e-02 2.340923393335378553e-03 1.933564374686741694e+00 -2.491990261222955076e-03 1.507943210722747173e-04
8.495000000000000000e+03 1.999987120509753025e+00 6.592327706310038282e-01 2.678721333328427587e-03 1.340754622585267786e+00 -6.911866811617765525e-05 -2.609875371731014675e-03
8.500000000000000000e+03 1.999987111840224152e+00 1.915746960263917442e+00 1.446579276239260336e-03 8.424042446201816803e-02 1.623869237882193768e-03 -3.070721399832938674e-03
8.505000000000000000e+03 1.999987105960405298e+00 1.451497767651529713e+00 1.032751586291292363e-03 5.484896113184999367e-01 1.300800851397562220e-03 -2.333825447313344660e-03
8.510000000000000000e+03 1.999987097707988326e+00 1.425957537338686520e-01 1.421188740514211461e-03 1.857391617156998187e+00 -5.725136941100487063e-04 -8.489482292825384618e-04
8.515000000000000000e+03 1.999987089585672839e+00 4.638561761512186576e-01 2.185366305727002526e-03 1.536131186787879743e+00 -1.851277861931900116e-03 -3.343617972205505670e-04
8.520000000000000000e+03 1.999987081498139974e+00 1.798893192482705849e+00 6.579100107136117738e-03 2.010941625379673581e-01 -2.691167370161539609e-04 -6.310256892653277883e-03
8.525000000000000000e+03 1.999987075852317275e+00 1.663354992855774706e+00 6.560170932935268685e-03 3.366323566370835740e-01 -5.382971478174567066e-04 -6.022147425658629268e-03
8.530000000000000000e+03 1.999987067974779542e+00 3.122757463270435796e-01 2.409019672214669002e-03 1.687711595449660873e+00 -2.249763701073541778e-03 -1.595297730663201299e-04
8.535000000000000000e+03 1.999987060150367757e+00 2.614425419457587219e-01 1.997197517541174448e-03 1.738544792165700459e+00 -6.167187151236078321e-04 -1.380752763508628564e-03
8.540000000000000000e+03 1.999987051929905668e+00 1.619495454500451403e+00 1.402469499187891048e-03 3.804918715574253651e-01 1.438623776076196565e-03 -2.841367403235546974e-03
8.545000000000000000e+03 1.999987045085973802e+00 1.817995740663030269e+00 1.136063014406885714e-03 1.819915786928261447e-01 1.603609639490536243e-03 -2.739946923780140538e-03
8.550000000000000000e+03 1.999987037122905376e+00 4.786734870238686934e-01 2.000545028641740296e-03 1.521313824533477410e+00 -7.671018809203131899e-05 -1.924109274990502610e-03
8.555000000000000000e+03 1.999987028880467088e+00 1.402767634213989978e-01 1.987487878765388169e-03 1.859710540063675088e+00 -2.173294202253368227e-03 1.855317188810626521e-04
8.560000000000000000e+03 1.999987021010990462e+00 1.426190276123443512e+00 5.693183180164589942e-03 5.737970196539758927e-01 -9.442930334868057966e-04 -4.749164913106835965e-03
8.565000000000000000e+03 1.999987014858596757e+00 1.935909174762921126e+00 7.220493784162551436e-03 6.407811498890284008e-02 -9.752582275444907222e-06 -7.211016095114177599e-03
8.570000000000000000e+03 1.999987008280093903e+00 7.227291961255596364e-01 2.877114236893242930e-03 1.277258087181281976e+00 -1.706593834356286490e-03 -1.170795429284364432e-03
8.575000000000000000e+03 1.999987000128690795e+00 3.856991485102953532e-02 1.381099047618832270e-03 1.961417360468837856e+00 -1.018552982187775164e-03 -3.628212566076081426e-04
8.580000000000000000e+03 1.999986991555654292e+00 1.177793198814215403e+00 1.206365713663868494e-03 8.221940681049154653e-01 1.079922975035916242e-03 -2.286564052176401265e-03
8.585000000000000000e+03 1.999986982483908937e+00 1.992282991013148985e+00 1.106890320925773717e-03 7.704267019653985790e-03 1.711473584478848380e-03 -2.818639454298540580e-03
8.590000000000000000e+03 1.999986977516132969e+00 9.382669019130549515e-01 2.551655304155261636e-03 1.061720351252819716e+00 4.846706731729039010e-04 -3.036601627069527697e-03
8.595000000000000000e+03 1.999986969721508245e+00 2.142286378736753955e-02 2.197448401472170028e-03 1.978564381741968248e+00 -2.164547316961494983e-03 -3.317689233773124904e-05
8.600000000000000000e+03 1.999986961624133031e+00 9.568844910486743460e-01 4.691789565377661383e-03 1.043102746547644122e+00 -1.742069142136720965e-03 -2.949996395426758913e-03
8.605000000000000000e+03 1.999986952341220592e+00 1.992055986126373579e+00 7.448727635747801230e-03 7.931242376049406698e-03 1.625019639092094032e-04 -7.611505760859497982e-03
8.610000000000000000e+03 1.999986947833615192e+00 1.201241931330758073e+00 3.626569794379824567e-03 7.987452927550081627e-01 -9.848684031955865815e-04 -2.641977643335518319e-03
8.615000000000000000e+03 1.999986939339654324e+00 4.303612414305502121e-02 9.631483477710097319e-04 1.956951091619042238e+00 -1.176671237852843117e-03 2.132464676387058598e-04
8.620000000000000000e+03 1.999986930274401775e+00 6.944439868946049588e-01 9.042124069645910908e-04 1.305543219983512859e+00 6.378488282913342793e-04 -1.542337838971972585e-03
8.625000000000000000e+03 1.999986921470553902e+00 1.933415631706905113e+00 9.494709984560309630e-04 6.657156654417756281e-02 1.598310471298103764e-03 -2.548058250282826762e-03
8.630000000000000000e+03 1.999986916982508411e+00 1.413330585956446672e+00 2.948728261608981292e-03 5.866566078975350429e-01 9.778100454178200764e-04 -3.926815178500157530e-03
8.635000000000000000e+03 1.999986909258349543e+00 1.352305707838771520e-01 2.774994114237390192e-03 1.864756615500775982e+00 -1.827102561046067830e-03 -9.481685794952999374e-04
8.640000000000000000e+03 1.999986900824481273e+00 5.013801235612831420e-01 3.808247570611710507e-03 1.498607054458852783e+00 -2.476699083273676757e-03 -1.331825682992937620e-03
8.645000000000000000e+03 1.999986891458112037e+00 1.818569674083050147e+00 7.188863679373123060e-03 1.814174947590973530e-01 -5.876676873600149037e-05 -7.130374294672631001e-03
8.650000000000000000e+03 1.999986885852402141e+00 1.635253475159521797e+00 4.474880938534191860e-03 3.647336881901819261e-01 -2.484012591684452045e-04 -4.226757176667088334e-03
8.655000000000000000e+03 1.999986877934448293e+00 2.738108261881080918e-01 8.288147765592168703e-04 1.726176329401586607e+00 -1.051313962611797248e-03 2.222215308062315011e-04
8.660000000000000000e+03 1.999986868757015923e+00 2.830566380443437224e-01 5.666349171376436041e-04 1.716930508550889689e+00 2.212489840933877592e-04 -7.881617394490167796e-04
8.665000000000000000e+03 1.999986859440662457e+00 1.655249542273994789e+00 7.009808375923643094e-04 3.447375951909222858e-01 1.290670396297090685e-03 -1.991929258143978337e-03
8.670000000000000000e+03 1.999986855458201873e+00 1.792208111835946083e+00 3.100344588572369765e-03 2.077790217261676342e-01 1.283247871611651941e-03 -4.383870564095814111e-03
8.675000000000000000e+03 1.999986848527967043e+00 4.549123706077513041e-01 3.594798104138670521e-03 1.545074756162043927e+00 -1.240041951576803135e-03 -2.355034394389853014e-03
8.680000000000000000e+03 1.999986838969368019e+00 1.668334837308656504e-01 3.249286172950299582e-03 1.833153633671427807e+00 -2.977578558536815578e-03 -2.719860473390268985e-04
8.685000000000000000e+03 1.999986828858614674e+00 1.456233811801762590e+00 6.498348745320218015e-03 5.437532956921483640e-01 -6.193259747187342167e-04 -5.879301405897901199e-03
8.690000000000000000e+03 1.999986822308304824e+00 1.922657623098618762e+00 5.218160586218619987e-03 7.732947797618439090e-02 3.356176260016176987e-04 -5.554056978718797770e-03
8.695000000000000000e+03 1.999986814575319016e+00 6.766445914534175987e-01 9.973720978510205309e-04 1.323342502043026059e+00 -6.697884312096760847e-04 -3.278625877659978186e-04
8.700000000000000000e+03 1.999986806196346389e+00 4.033828777524351566e-02 2.715149242516748580e-04 1.959648797508949825e+00 -6.837960662900983261e-05 -2.034144054699935599e-04
8.705000000000000000e+03 1.999986798192864734e+00 1.223182400816008375e+00 4.230082547766740955e-04 7.768046766236785805e-01 8.613957117172660024e-04 -1.284683213316021319e-03
8.710000000000000000e+03 1.999986791384544382e+00 1.985878260086733738e+00 2.971834664225086412e-03 1.410881068070172183e-02 1.324360790605660053e-03 -4.296474837721726836e-03
8.715000000000000000e+03 1.999986784621456515e+00 9.052697755900608323e-01 4.474803393743692452e-03 1.094717288549565515e+00 -5.416367255271844084e-04 -3.933446186386524435e-03
8.720000000000000000e+03 1.999986776666236032e+00 3.194442968679871847e-02 3.147389125522942303e-03 1.968042626655503557e+00 -3.128917250384169284e-03 -1.875155120515523667e-05
8.725000000000000000e+03 1.999986769043235579e+00 9.902552566877289575e-01 5.534555689693810773e-03 1.009731792182486210e+00 -1.386399907050195768e-03 -4.148435609623257053e-03
8.730000000000000000e+03 1.999986759695873140e+00 1.995815217048749757e+00 5.678497579071854068e-03 4.171822660916815577e-03 6.355641508537528041e-04 -6.314341743719343279e-03
8.735000000000000000e+03 1.999986755553755158e+00 1.156820474230839224e+00 1.418313138373687981e-03 8.431665614190716473e-01 -1.197119850842583253e-04 -1.298881249444892687e-03
8.740000000000000000e+03 1.999986747271426557e+00 2.335405514995193138e-02 8.534582931191826802e-05 1.976632972382817321e+00 -1.609395142814974862e-04 7.531342362690107066e-05
8.745000000000000000e+03 1.999986738499372363e+00 7.387848809562639341e-01 1.865955859565109174e-04 1.261202137979553051e+00 4.120723959989091006e-04 -5.989484183997994789e-04
8.750000000000000000e+03 1.999986729823562515e+00 1.948871839390580840e+00 2.594750534404856139e-03 5.111517104331116113e-02 1.086084353418187475e-03 -3.681115498152778571e-03
8.755000000000000000e+03 1.999986725367160156e+00 1.380392365007785838e+00 5.217787621562088897e-03 6.195946410591725018e-01 1.023063528282466058e-04 -5.320374674188632982e-03
8.760000000000000000e+03 1.999986717306665884e+00 1.284399754257436466e-01 3.530328282208724383e-03 1.871547022741030464e+00 -2.896504042023521214e-03 -6.341051002936232747e-04
8.765000000000000000e+03 1.999986708221282328e+00 5.302303460487005626e-01 4.518031987233533248e-03 1.469756643213728564e+00 -2.179972706272092099e-03 -2.338340322108204208e-03
8.770000000000000000e+03 1.999986698055117973e+00 1.837462448908953272e+00 5.745069702168785139e-03 1.625245303911030115e-01 5.860218726666382169e-04 -6.331372819773588463e-03
8.775000000000000000e+03 1.999986693862151554e+00 1.601423839790070192e+00 1.983903826732706134e-03 3.985631354013217109e-01 4.718199389205652151e-04 -2.456005094893506935e-03
8.780000000000000000e+03 1.999986686386876711e+00 2.361042490255684800e-01 4.767432356977420303e-05 1.763882718840396491e+00 -3.417027058732454635e-05 -1.378553207078578405e-05
8.785000000000000000e+03 1.999986677726205198e+00 3.159286287663347625e-01 5.466396839759592668e-05 1.684058330612975940e+00 4.865526028122175414e-05 -1.036008817845400905e-04
8.790000000000000000e+03 1.999986668667084411e+00 1.689948727771916070e+00 2.060711856822984751e-03 3.100382227306544003e-01 6.191126138002148692e-04 -2.680106306109299175e-03
8.795000000000000000e+03 1.999986663860839897e+00 1.768573082233861227e+00 5.656874537333332446e-03 2.314138635597678129e-01 5.368848493472580573e-04 -6.194041319469892337e-03
8.800000000000000000e+03 1.999986656455220224e+00 4.336110036622009001e-01 4.314670901453674344e-03 1.566375934874148390e+00 -2.335592561260612255e-03 -1.979360421322620776e-03
8.805000000000000000e+03 1.999986646939167390e+00 1.843692591018434856e-01 3.681323478706719898e-03 1.815617670109761495e+00 -2.814903472025487383e-03 -8.667022791186631972e-04
8.810000000000000000e+03 1.999986636544476282e+00 1.484777423762860593e+00 5.399329380349386122e-03 5.152094952640436931e-01 2.028158300474503851e-04 -5.602427692824625896e-03
8.815000000000000000e+03 1.999986630243745456e+00 1.905890286827318869e+00 2.554937461938936068e-03 9.409662602701918122e-02 9.683305904666170008e-04 -3.523550662998207843e-03
8.820000000000000000e+03 1.999986624813988589e+00 6.285800524059110828e-01 1.621190911505818579e-04 1.371406855127903057e+00 2.812509931871141813e-04 -4.436528041636119486e-04
8.825000000000000000e+03 1.999986615915209098e+00 5.401839764517767789e-02 6.629413814492273284e-05 1.945968501170540987e+00 -1.437706455535425211e-04 7.719360689920843743e-05
8.830000000000000000e+03 1.999986606674567291e+00 1.270031038688844482e+00 1.500657318421748897e-03 7.299558510740368211e-01 2.830553870838992621e-05 -1.529245945444171126e-03
8.835000000000000000e+03 1.999986599797330511e+00 1.978575583652875780e+00 5.694634509783364461e-03 2.141129937328123053e-02 6.545438966037953835e-04 -6.349461635213454573e-03
8.840000000000000000e+03 1.999986594752064972e+00 8.756603170571951589e-01 5.324650333190599459e-03 1.124326561025256854e+00 -1.578221789698306841e-03 -3.746711873879299878e-03
8.845000000000000000e+03 1.999986584949652757e+00 3.403842819392675911e-02 3.215355076474282672e-03 1.965948440285797405e+00 -3.143889264177954657e-03 -7.174934236773593461e-05
8.850000000000000000e+03 1.999986575123052113e+00 1.020648713578810707e+00 4.718468829694517919e-03 9.793381452748786131e-01 -4.210887462363546827e-04 -4.297663814095397175e-03
8.855000000000000000e+03 1.999986567343276400e+00 1.998589111690237230e+00 2.993571347506244693e-03 1.397739542634747955e-03 1.256223294652560919e-03 -4.250078531754413955e-03
8.860000000000000000e+03 1.999986563756484426e+00 1.108520693541136248e+00 3.960095407557990893e-04 8.914661541780204423e-01 7.091308727136495923e-04 -1.105424376141765121e-03
8.865000000000000000e+03 1.999986555106489261e+00 1.462107061876422205e-02 2.267277698623091828e-04 1.985365768628030159e+00 -1.211243348656755272e-04 -1.058875753019330296e-04
8.870000000000000000e+03 1.999986545914153924e+00 7.878790946767560976e-01 1.054248561733187126e-03 1.212107735566609890e+00 -5.519819170047428640e-04 -5.025509739404531795e-04
8.875000000000000000e+03 1.999986537846555779e+00 1.961078358534583899e+00 5.326543806893515101e-03 3.890846380712621039e-02 4.208991425053638154e-04 -5.747727444553280690e-03
8.880000000000000000e+03 1.999986533165688973e+00 1.350600944016116411e+00 6.332187385562285629e-03 6.493858737412824267e-01 -8.028188195261839587e-04 -5.529653157746101597e-03
8.885000000000000000e+03 1.999986523810151073e+00 1.146120800096261105e-01 3.225649741549491654e-03 1.885374728585434534e+00 -3.091360868632236046e-03 -1.345736578270837944e-04
8.890000000000000000e+03 1.999986514413272909e+00 5.541940681963598569e-01 3.856650043481361836e-03 1.445792731196165803e+00 -1.137682387284259236e-03 -2.719252635450075065e-03
8.895000000000000000e+03 1.999986505980457796e+00 1.857665613739466481e+00 3.195362854613158221e-03 1.423211773946364000e-01 1.271473889946353984e-03 -4.467121898204867367e-03
8.900000000000000000e+03 1.999986501439261932e+00 1.563104392096914763e+00 6.887721828599986662e-04 4.368823945909298123e-01 1.146077089061593507e-03 -1.835134520504358348e-03
8.905000000000000000e+03 1.999986493568837176e+00 2.069904227658517226e-01 5.054198095859800764e-04 1.792996356215201148e+00 1.092258980516207917e-04 -6.149311198533093364e-04
8.910000000000000000e+03 1.999986484570424050e+00 3.568737317624603445e-01 8.367757475488494254e-04 1.643113038407471471e+00 -9.896303804097484301e-04 1.525690333532421202e-04
8.915000000000000000e+03 1.999986475913535511e+00 1.720259713630755360e+00 4.642947761611274614e-03 2.797270480624706734e-01 -1.164443721358888480e-04 -4.526789169166342205e-03
8.920000000000000000e+03 1.999986470815522610e+00 1.746723264270954035e+00 7.109130751554536450e-03 2.532634924312830993e-01 -1.928888078919652410e-04 -6.916527830377261314e-03
8.925000000000000000e+03 1.999986462512533647e+00 4.071434148623339078e-01 3.708229368909498388e-03 1.592843333710757259e+00 -2.670662324597531008e-03 -1.037853104869274762e-03
8.930000000000000000e+03 1.999986454117983925e+00 1.951038248754876359e-01 3.008716894011855686e-03 1.804882915479006478e+00 -1.778588913919387868e-03 -1.230414216602956912e-03
8.935000000000000000e+03 1.999986446362872039e+00 1.516186331042260305e+00 3.112870517372753366e-03 4.838004017194629802e-01 1.014346939540493320e-03 -4.127503855764354593e-03
8.940000000000000000e+03 1.999986439630530244e+00 1.885469227143796500e+00 9.670957008392316563e-04 1.145174990287506356e-01 1.486486663208714046e-03 -2.453868906065043414e-03
8.945000000000000000e+03 1.999986433042889145e+00 5.858950539880342090e-01 8.425616893399751018e-04 1.414091665735855985e+00 4.900246932499339493e-04 -1.332873063590549753e-03
8.950000000000000000e+03 1.999986423948509451e+00 7.835936617848431041e-02 9.115725607411865900e-04 1.921627344642895752e+00 -1.185861034045854537e-03 2.740016004341565585e-04
8.955000000000000000e+03 1.999986415102495751e+00 1.312806049040775802e+00 3.808686813853386956e-03 6.871806531210992164e-01 -8.384749775289240944e-04 -2.970498895704318677e-03
8.960000000000000000e+03 1.999986409377434660e+00 1.970870962525626657e+00 7.479876575776130652e-03 2.911573403234538407e-02 1.058043520997758004e-04 -7.585968108412922094e-03
8.965000000000000000e+03 1.999986401844476402e+00 8.428190500706945754e-01 4.550566306493475377e-03 1.157167639115046942e+00 -1.980702857135698772e-03 -2.570150790622788804e-03
8.970000000000000000e+03 1.999986393623977010e+00 2.783948365804629274e-02 2.364997263414998340e-03 1.972147197482290615e+00 -2.194111250734826022e-03 -1.711735290401394916e-04
8.975000000000000000e+03 1.999986385905544450e+00 1.054377494612229516e+00 2.765424730382831740e-03 9.456091789740630471e-01 5.487366042708731115e-04 -3.314449015401611538e-03
8.980000000000000000e+03 1.999986377233409218e+00 1.999828617575838186e+00 1.163106175291337774e-03 1.580475252085590705e-04 1.648204143520484895e-03 -2.811598186449705290e-03
8.985000000000000000e+03 1.999986371900954296e+00 1.062259949998800579e+00 1.162659009785817470e-03 9.377267098845208926e-01 9.273896065262048375e-04 -2.090336598679143083e-03
8.990000000000000000e+03 1.999986363236971432e+00 1.781490926116440984e-02 1.274509414752990474e-03 1.982171742143245430e+00 -1.098373730999727474e-03 -1.764238511915914827e-04
8.995000000000000000e+03 1.999986355067598032e+00 8.345784386706395219e-01 3.024970679233944353e-03 1.165408204738602294e+00 -1.582383548411813931e-03 -1.442875472465824207e-03
9.000000000000000000e+03 1.999986346711898788e+00 1.970346071949417466e+00 7.362172169417427296e-03 2.964056328315227418e-02 1.957680536725297995e-05 -7.382037495455640204e-03
9.005000000000000000e+03 1.999986341525998856e+00 1.319148200974368912e+00 5.557391285919710718e-03 6.808384291845699376e-01 -1.182851152560299201e-03 -4.374828766299485548e-03
9.010000000000000000e+03 1.999986333570706432e+00 9.175826000177472741e-02 2.067572213739346694e-03 1.908228362373733278e+00 -2.287649721071317345e-03 2.197887025301915496e-04
9.015000000000000000e+03 1.999986325773262630e+00 5.807761398552283572e-01 2.233192069590646776e-03 1.419210474891735796e+00 -1.342867922355459184e-05 -2.220052364068668144e-03
9.020000000000000000e+03 1.999986317099826660e+00 1.879281516667602014e+00 1.230883459710358429e-03 1.207050895949500074e-01 1.592488772117670775e-03 -2.823661394553190779e-03
9.025000000000000000e+03 1.999986311209249745e+00 1.524114576202793447e+00 1.392238349457862239e-03 4.758720242988853100e-01 1.312901972821932817e-03 -2.705429614708865053e-03
9.030000000000000000e+03 1.999986302893630885e+00 1.894593101627698450e-01 1.854137222046855354e-03 1.810527282203330479e+00 -7.512621256060927379e-04 -1.103164568910066637e-03
9.035000000000000000e+03 1.999986294279876065e+00 3.980697811881697690e-01 2.482496203636506363e-03 1.601916802750034785e+00 -2.179596666833294970e-03 -3.031891951319770780e-04
9.040000000000000000e+03 1.999986286169849858e+00 1.745296268047450416e+00 6.786419204937273013e-03 2.546903079558979766e-01 -4.355428027651147703e-04 -6.351166235670988036e-03
9.045000000000000000e+03 1.999986281134327637e+00 1.724073901682416254e+00 6.495586585922758470e-03 2.759126693954455645e-01 -4.632943775246448461e-04 -6.032582151932201937e-03
9.050000000000000000e+03 1.999986273164071404e+00 3.718447578110035678e-01 2.177857920374157152e-03 1.628141805471267078e+00 -2.037713243575054681e-03 -1.404347949985668056e-04
9.055000000000000000e+03 1.999986265259373619e+00 2.067181094309621658e-01 1.637420290906438369e-03 1.793268446120440673e+00 -5.387185559111871882e-04 -1.098992027024646217e-03
9.060000000000000000e+03 1.999986257086917796e+00 1.552136264133985311e+00 1.157073421448349959e-03 4.478502834251653630e-01 1.333267702414488946e-03 -2.490631596096210681e-03
9.065000000000000000e+03 1.999986250473618332e+00 1.862916559985323017e+00 1.477723385761975979e-03 1.370699811081326769e-01 1.549572567052689021e-03 -3.027586572651968025e-03
9.070000000000000000e+03 1.999986242625073185e+00 5.529154762576115045e-01 2.527389980566922909e-03 1.447071057159782015e+00 -2.295718564530108076e-04 -2.298108916434562013e-03
9.075000000000000000e+03 1.999986234342350455e+00 1.059495691751067559e-01 2.316910059723642848e-03 1.894036956139905525e+00 -2.495130603053335051e-03 1.779295706680534585e-04
9.080000000000000000e+03 1.999986226508582376e+00 1.348676273209764576e+00 5.888756122697271812e-03 6.513102444417397940e-01 -1.157231271134046523e-03 -4.731815994485358105e-03
9.085000000000000000e+03 1.999986219745613747e+00 1.962330971598735374e+00 7.147942208271833818e-03 3.765553943811793952e-02 1.049374521143661224e-05 -7.158727244722857576e-03
9.090000000000000000e+03 1.999986212429770926e+00 8.022349621158014754e-01 2.662772377249899170e-03 1.197751541767881012e+00 -1.502566257062457576e-03 -1.160497574099266524e-03
9.095000000000000000e+03 1.999986204410814761e+00 2.015744015965105149e-02 1.111776827225927165e-03 1.979829055883543187e+00 -9.032917240653769598e-04 -2.087767355399999553e-04
9.100000000000000000e+03 1.999986196503434011e+00 1.095263481572640751e+00 9.630421445476110764e-04 9.047230067395587438e-01 9.334245346990567051e-04 -1.896758488012174849e-03
9.105000000000000000e+03 1.999986188453834579e+00 1.999060648383278904e+00 1.399187420508679180e-03 9.258320604308019862e-04 1.575563070889282168e-03 -2.975042481273235465e-03
9.110000000000000000e+03 1.999986182894279318e+00 1.022716651820077871e+00 3.147316003442739846e-03 9.772698231877001707e-01 3.402271529816570939e-04 -3.487835269923055155e-03
9.115000000000000000e+03 1.999986173829024771e+00 2.691700759910565371e-02 2.577036660412903614e-03 1.973069458542577204e+00 -2.459005842323969473e-03 -1.183231307470092872e-04
9.120000000000000000e+03 1.999986165535676097e+00 8.737934512170557610e-01 4.879475184052124541e-03 1.126193006812779007e+00 -1.980601946884839436e-03 -2.899165731325692268e-03
9.125000000000000000e+03 1.999986157210215998e+00 1.977851483615988837e+00 7.363305680726926761e-03 2.213496627179339926e-02 1.289808221565640761e-04 -7.492579180449731625e-03
9.130000000000000000e+03 1.999986153055276938e+00 1.281704168605261263e+00 3.402660031103828774e-03 7.182822772198608208e-01 -8.064037756545321643e-04 -2.596549025294382553e-03
9.135000000000000000e+03 1.999986145089954537e+00 6.497535040464059997e-02 7.714200879030581881e-04 1.935011087633341953e+00 -1.021397561814280704e-03 2.496845258832675594e-04
9.140000000000000000e+03 1.999986136997472963e+00 6.160365552419113655e-01 6.984020945753708492e-04 1.383949874885887832e+00 4.892559494951787338e-04 -1.187951174396966727e-03
9.145000000000000000e+03 1.999986128145200270e+00 1.900580549870295455e+00 1.176319432848636163e-03 9.940587160555360013e-02 1.379760081763587061e-03 -2.556372845261264092e-03
9.150000000000000000e+03 1.999986122154912005e+00 1.488414245434742433e+00 3.576710420214089959e-03 5.115721701864194282e-01 8.195275696275562943e-04 -4.396531456091196458e-03
9.155000000000000000e+03 1.999986113836511148e+00 1.795447727696002638e-01 3.213142754673889347e-03 1.820441634716899237e+00 -2.082520060213656574e-03 -1.130916344448687277e-03
9.160000000000000000e+03 1.999986105950152693e+00 4.323632237028025571e-01 3.994249750944521907e-03 1.567623176070341851e+00 -2.716582159840865741e-03 -1.277961414095576389e-03
9.165000000000000000e+03 1.999986097911851779e+00 1.766952058456222385e+00 7.091334658730067374e-03 2.330343334550880330e-01 -1.338310376696223312e-04 -6.957797620518848918e-03
9.170000000000000000e+03 1.999986092085989986e+00 1.697472691644933862e+00 4.219261428199522906e-03 3.025136945707515568e-01 -1.101232357815056775e-04 -4.109432322113691291e-03
9.175000000000000000e+03 1.999986084020586308e+00 3.306507541258140725e-01 6.867189386178093515e-04 1.669335624205875002e+00 -8.649257047834318143e-04 1.779124550630201032e-04
9.180000000000000000e+03 1.999986075953786413e+00 2.270979739915148510e-01 4.279813286053837560e-04 1.772888396455957416e+00 1.071789511232567422e-04 -5.354547734144059646e-04
9.185000000000000000e+03 1.999986067739315532e+00 1.590654463505408955e+00 8.646536848617631700e-04 4.093318989136383590e-01 1.005089490241792500e-03 -1.870037854834914184e-03
9.190000000000000000e+03 1.999986061782561775e+00 1.840551884227737744e+00 3.720152861844622585e-03 1.594344723701940636e-01 1.090083371652310860e-03 -4.810531048866857444e-03
9.195000000000000000e+03 1.999986054000779889e+00 5.279171695386321028e-01 4.087832242362855056e-03 1.472069179450393728e+00 -1.455765546250242445e-03 -2.632361684358406478e-03
9.200000000000000000e+03 1.999986045368886467e+00 1.282313449631405644e-01 3.439655004280719238e-03 1.871754995583585490e+00 -3.195824947329728005e-03 -2.441252347901278624e-04
9.205000000000000000e+03 1.999986037472343714e+00 1.379204963585041632e+00 6.393676095203792813e-03 6.207813692382063708e-01 -7.145500407343034028e-04 -5.679421405373865153e-03
9.210000000000000000e+03 1.999986031041161683e+00 1.951727432446193067e+00 4.917319181235403278e-03 4.825889408816180781e-02 4.265752788461049530e-04 -5.344189953274779484e-03
9.215000000000000000e+03 1.999986023524848555e+00 7.547268586960225178e-01 8.674607127721132693e-04 1.245259460491509484e+00 -4.696610715294923053e-04 -3.980953039262461520e-04
9.220000000000000000e+03 1.999986015318662602e+00 1.987893530187712435e-02 2.157350184397197697e-04 1.980107375865282737e+00 -1.215330316441028417e-04 -9.449783529276315278e-05
9.225000000000000000e+03 1.999986007172025015e+00 1.142154547236732265e+00 5.426087189166023351e-04 8.578317559684789373e-01 5.385134186846860004e-04 -1.081418170787335452e-03
9.230000000000000000e+03 1.999986000735128000e+00 1.996395313304327734e+00 3.547058182697331290e-03 3.590983609830963354e-03 1.082230495913638927e-03 -4.629584857641561024e-03
9.235000000000000000e+03 1.999985995058035870e+00 9.900886941824699194e-01 5.007098209906217165e-03 1.009897597181436346e+00 -7.270028659438405351e-04 -4.280391649832886863e-03
9.240000000000000000e+03 1.999985985478978545e+00 3.294319128249494077e-02 3.345611558687541613e-03 1.967043090712645270e+00 -3.307909144892192798e-03 -3.799892995676975763e-05
9.245000000000000000e+03 1.999985976759360184e+00 9.057872707372718324e-01 5.429087499693096772e-03 1.094199002728695413e+00 -1.475567648460563352e-03 -3.953816557839685657e-03
9.250000000000000000e+03 1.999985968631694755e+00 1.984622928560559663e+00 5.330050402775210992e-03 1.536333695656502685e-02 6.827915653662577997e-04 -6.013138853571815996e-03
9.255000000000000000e+03 1.999985963659581367e+00 1.237494531465185066e+00 1.261149478484070328e-03 7.624917291913183570e-01 7.323009625873424817e-05 -1.334676571665088449e-03
9.260000000000000000e+03 1.999985955405535032e+00 4.309870898660857208e-02 1.094870776763031648e-04 1.956887543601804058e+00 -1.420588491136590245e-04 3.227458855997107396e-05
9.265000000000000000e+03 1.999985947091663441e+00 6.605203078539924055e-01 2.924383673843226243e-04 1.339465936608636998e+00 9.012651072389260434e-05 -3.828622490740390982e-04
9.270000000000000000e+03 1.999985939414502312e+00 1.919371779513275422e+00 3.100074382317985402e-03 8.061445744520485956e-02 7.920293434730623586e-04 -3.892401269769008975e-03
9.275000000000000000e+03 1.999985936368497530e+00 1.457368565535229976e+00 5.764616993670534928e-03 5.426176684451846643e-01 -6.851225137026512220e-05 -5.696402354217314050e-03
9.280000000000000000e+03 1.999985927112913231e+00 1.689104417986313222e-01 3.735557258923469931e-03 1.831075783129144874e+00 -3.026868147264392354e-03 -7.089869265217583951e-04
9.285000000000000000e+03 1.999985917456871043e+00 4.580428330856297636e-01 4.416255200489472253e-03 1.541943382395657203e+00 -2.237457867161988904e-03 -2.179095357743343446e-03
9.290000000000000000e+03 1.999985908488250974e+00 1.788357101826505424e+00 5.357671520259543393e-03 2.116291048815784059e-01 6.046781825610619571e-04 -5.962647922653469858e-03
9.295000000000000000e+03 1.999985904275125348e+00 1.665436045992156000e+00 1.765886257286917397e-03 3.345501565953298839e-01 6.386947906395087048e-04 -2.404879360287255716e-03
9.300000000000000000e+03 1.999985897148061298e+00 2.913043171941664400e-01 1.298993484890210851e-04 1.708681878424747058e+00 5.136284535358563545e-05 -1.815606646950616496e-04
9.305000000000000000e+03 1.999985888706191428e+00 2.589766762899727293e-01 1.799379297142524113e-04 1.741009511076806460e+00 -2.334077526996362450e-04 5.317116239759454762e-05
9.310000000000000000e+03 1.999985880219748102e+00 1.627655611612955466e+00 2.486361086957752063e-03 3.723305674580246749e-01 2.829326260421401195e-04 -2.769592564231877340e-03
9.315000000000000000e+03 1.999985874794022012e+00 1.819888836295896262e+00 6.189363065381096179e-03 1.800973374705317487e-01 3.633866353407786244e-04 -6.553048673127737263e-03
9.320000000000000000e+03 1.999985867097502590e+00 5.041397902055130276e-01 4.521009524163031000e-03 1.495846376032036851e+00 -2.417309523383229849e-03 -2.103999140827056240e-03
9.325000000000000000e+03 1.999985857395638167e+00 1.412936586800357386e-01 3.583217381634676638e-03 1.858692498064447252e+00 -2.820799736440828594e-03 -7.627169940386886900e-04
9.330000000000000000e+03 1.999985848384490561e+00 1.409015136360353360e+00 4.989867759683314780e-03 5.909710115667583530e-01 2.175500345574474009e-04 -5.207717336862122993e-03
9.335000000000000000e+03 1.999985842649848022e+00 1.937913135277269827e+00 2.254889231383600586e-03 6.207300703986346618e-02 1.097399151866658125e-03 -3.352588050535684674e-03
9.340000000000000000e+03 1.999985837100029862e+00 7.061500063545921302e-01 2.660203150765479726e-04 1.293836130533853268e+00 4.142258975214426365e-04 -6.805460010133828177e-04
9.345000000000000000e+03 1.999985828485368433e+00 3.191818409584319671e-02 2.380730078132142638e-04 1.968067944369135569e+00 -3.545064416951849680e-04 1.161334542715961775e-04
9.350000000000000000e+03 1.999985819800406794e+00 1.189887100837586420e+00 1.853360282430137297e-03 8.100990191354292547e-01 -3.287241546996276932e-04 -1.524936300339799211e-03
9.355000000000000000e+03 1.999985812850324729e+00 1.992439473750916790e+00 6.185658088929321501e-03 7.546639425207024923e-03 4.649575973260067999e-04 -6.650916012054569788e-03
9.360000000000000000e+03 1.999985807905842794e+00 9.597650085830737865e-01 5.521720046017596778e-03 1.040221099755646694e+00 -1.619742694079306152e-03 -3.902277784816121382e-03
9.365000000000000000e+03 1.999985797978202084e+00 3.005934182870738033e-02 3.115144568055682600e-03 1.969926756794214029e+00 -3.087652361310373305e-03 -2.779285146441078940e-05
9.370000000000000000e+03 1.999985788584657254e+00 9.357463742657067263e-01 4.307128267976941330e-03 1.064239715163228572e+00 -3.808902720930102802e-04 -3.926538840161645366e-03
9.375000000000000000e+03 1.999985780843819727e+00 1.990824800184183507e+00 2.606775957614384902e-03 9.161281669138708270e-03 1.346438638533728211e-03 -3.953515605650419901e-03
9.380000000000000000e+03 1.999985777296436229e+00 1.190115960489135150e+00 4.783817331786971157e-04 8.098701178928765509e-01 8.621874214172566041e-04 -1.340870240171273143e-03
9.385000000000000000e+03 1.999985768877438730e+00 3.271670347561028008e-02 4.585738555583246953e-04 1.967269366671186681e+00 -2.432583452966409108e-04 -2.156167796200540786e-04
9.390000000000000000e+03 1.999985760077366281e+00 7.090318312198687911e-01 1.354596923155727221e-03 1.290954230319744322e+00 -9.010675295974381396e-04 -4.538308558055748542e-04
9.395000000000000000e+03 1.999985752094931346e+00 1.934497251503851656e+00 5.756195793270342184e-03 6.548880222721358002e-02 2.096518576528207947e-04 -5.966149287056841423e-03
9.400000000000000000e+03 1.999985748015754128e+00 1.428606728942732884e+00 6.506962235286231286e-03 5.713793207969777299e-01 -8.183412364213447313e-04 -5.688922722821090211e-03
9.405000000000000000e+03 1.999985738550676739e+00 1.505178935818457242e-01 3.112299377160110229e-03 1.849468146893024301e+00 -2.973259146900203605e-03 -1.393421544531063191e-04
9.410000000000000000e+03 1.999985728964925880e+00 4.798126490862688054e-01 3.461068128021248420e-03 1.520173382003779938e+00 -1.044264179911695394e-03 -2.417106073232840394e-03
9.415000000000000000e+03 1.999985719989683997e+00 1.811677216873796681e+00 2.734201258494248481e-03 1.883088054297821778e-01 1.333659018681180360e-03 -4.068162591070068924e-03
9.420000000000000000e+03 1.999985716956350634e+00 1.629436656157759344e+00 7.090089943387984858e-04 3.705493631759837481e-01 1.290862980308776038e-03 -2.000174352039937962e-03
9.425000000000000000e+03 1.999985709765149222e+00 2.611742029218601657e-01 7.934429291191991097e-04 1.738811809374307460e+00 7.530665130811968759e-05 -8.690521114458640796e-04
9.430000000000000000e+03 1.999985700864286065e+00 2.981717295702374648e-01 1.113646334209217629e-03 1.701814274016825168e+00 -1.300285259431599016e-03 1.863362024456725028e-04
9.435000000000000000e+03 1.999985691996325032e+00 1.659744696663970842e+00 5.002326542724083204e-03 3.402412982459552815e-01 -3.453262645443857127e-04 -4.657303191780746456e-03
9.440000000000000000e+03 1.999985685410317293e+00 1.800388038912743793e+00 7.248714541427926650e-03 1.995979495521890967e-01 -1.983702677260260950e-04 -7.050647328317291053e-03
9.445000000000000000e+03 1.999985677080378776e+00 4.743403631948017174e-01 3.567524097315707444e-03 1.525645617114255836e+00 -2.500916482840271834e-03 -1.066910843154153174e-03
9.450000000000000000e+03 1.999985667916528209e+00 1.484277029681241866e-01 2.638780416953816384e-03 1.851558268366795268e+00 -1.612215326703323641e-03 -1.026868508641722065e-03
9.455000000000000000e+03 1.999985659536471783e+00 1.442527211770161522e+00 2.603875299220223538e-03 5.574587513578328490e-01 1.069594958458338187e-03 -3.673773849201091360e-03
9.460000000000000000e+03 1.999985653843786126e+00 1.920843839068037573e+00 8.960661297050950217e-04 7.914211848624964907e-02 1.600538335820884429e-03 -2.496908176027309856e-03
9.465000000000000000e+03 1.999985647811604483e+00 6.635741044261744825e-01 1.165948326097099828e-03 1.336411847222352289e+00 5.268294587923857356e-04 -1.693081621811862126e-03
9.470000000000000000e+03 1.999985638595413562e+00 5.391660089876616074e-02 1.194908548875035868e-03 1.946069341728586588e+00 -1.432398921037855884e-03 2.371863402234827302e-04
9.475000000000000000e+03 1.999985629699099432e+00 1.232845746308113721e+00 4.101212754617205442e-03 7.671401876107162288e-01 -1.072240283494849903e-03 -3.029276690852882297e-03
9.480000000000000000e+03 1.999985623282620084e+00 1.987671387581795290e+00 7.574603020264030970e-03 1.231454005510180041e-02 9.694646568556296350e-05 -7.671853840226523953e-03
9.485000000000000000e+03 1.999985616479178274e+00 9.253530777753957715e-01 4.368239467859374829e-03 1.074632843199126109e+00 -1.776694903808249048e-03 -2.591849059394740664e-03
9.490000000000000000e+03 1.999985607428505840e+00 1.953719563943281945e-02 2.019707599882785299e-03 1.980448716469700665e+00 -1.947809044493652034e-03 -7.220323601672952950e-05
9.495000000000000000e+03 1.999985599242265488e+00 9.701071230392975808e-01 2.243314328919789567e-03 1.029878781050443060e+00 6.241887385960063171e-04 -2.867807914990826591e-03
9.500000000000000000e+03 1.999985591217382952e+00 1.995836825974099726e+00 9.895464246764975290e-04 4.149070255547758664e-03 1.719997032968526365e-03 -2.709848469909575171e-03
9.505000000000000000e+03 1.999985587511999618e+00 1.145318187544195343e+00 1.488578687034184051e-03 8.546677050562535571e-01 1.004795970993712902e-03 -2.493679746476818240e-03
9.510000000000000000e+03 1.999985578260387475e+00 3.368833444948426958e-02 1.588113160313137052e-03 1.966297549091703845e+00 -1.265696266791522650e-03 -3.227221743226035573e-04
9.515000000000000000e+03 1.999985569170192434e+00 7.542366757538598865e-01 3.265073142499707627e-03 1.245749198886071385e+00 -1.802742857023643865e-03 -1.462635755215246133e-03
9.520000000000000000e+03 1.999985560900890524e+00 1.946418415904348498e+00 7.408238002309729814e-03 5.356745063717423261e-02 -4.086871090967657954e-08 -7.408502774230841734e-03
9.525000000000000000e+03 1.999985555424403483e+00 1.397458372186110909e+00 5.322556066774254517e-03 6.025274889915079868e-01 -9.651126831486308297e-04 -4.357749136841193929e-03
9.530000000000000000e+03 1.999985547163970923e+00 1.234744512456748683e-01 1.734875113244223766e-03 1.876511401838834026e+00 -1.969058745772303814e-03 2.338777119898827791e-04
9.535000000000000000e+03 1.999985539316283978e+00 5.054468863876087070e-01 1.733131445989460374e-03 1.494538959007388534e+00 1.093434046593760216e-04 -1.842780929362200070e-03
9.540000000000000000e+03 1.999985530993586780e+00 1.836779216954276706e+00 9.639468110428633246e-04 1.632066202861939264e-01 1.623630836891996497e-03 -2.587883894818567791e-03
9.545000000000000000e+03 1.999985525287218957e+00 1.593172767926250843e+00 1.683929472811049452e-03 4.068130637251013426e-01 1.395405715267477578e-03 -3.079641552212042735e-03
9.550000000000000000e+03 1.999985516884924541e+00 2.422227146204237458e-01 2.210135614323957380e-03 1.757763108800259655e+00 -8.386383672639332980e-04 -1.371803782819023577e-03
9.555000000000000000e+03 1.999985508568556725e+00 3.365052248966667880e-01 2.692101639720288590e-03 1.663480590377428348e+00 -2.367339480843645705e-03 -3.250688644151258216e-04
9.560000000000000000e+03 1.999985500599230415e+00 1.686342762647918825e+00 6.787315602019840591e-03 3.136430448189425624e-01 -4.655538443047503062e-04 -6.322068625345950502e-03
9.565000000000000000e+03 1.999985495163463467e+00 1.779593179280204884e+00 6.203695931794376422e-03 2.203926228617055227e-01 -2.511431001720357097e-04 -5.952859810069308956e-03
9.570000000000000000e+03 1.999985487451279687e+00 4.358137361477012472e-01 1.837545074407459034e-03 1.564172058437303559e+00 -1.667568991681407913e-03 -1.702832164512707482e-04
9.575000000000000000e+03 1.999985479521509069e+00 1.577768061816859080e-01 1.187202364095710011e-03 1.842208980632231707e+00 -3.481697483647514684e-04 -8.393399081393029424e-04
9.580000000000000000e+03 1.999985471168257201e+00 1.481043677410125659e+00 8.245576582085142360e-04 5.189421012174648684e-01 1.337512152829801017e-03 -2.162377270371770160e-03
9.585000000000000000e+03 1.999985464029735427e+00 1.901888621321188744e+00 1.703752053029817951e-03 9.809715031299885701e-02 1.604467103079656185e-03 -3.308526760561720809e-03
9.590000000000000000e+03 1.999985456151482488e+00 6.304656500443261979e-01 2.923696185509703886e-03 1.369520113870982270e+00 -2.514501066483329733e-04 -2.672553842687273515e-03
9.595000000000000000e+03 1.999985448044368619e+00 7.790981840069766129e-02 2.520598009089120711e-03 1.922075937570774773e+00 -2.635031675812894714e-03 1.141257396198670700e-04
9.600000000000000000e+03 1.999985440279800075e+00 1.268625156286062428e+00 5.855064811612131770e-03 7.313605920768385671e-01 -1.190084038977091627e-03 -4.665288855736198989e-03
9.605000000000000000e+03 1.999985432249679285e+00 1.981851435157270025e+00 6.802610355984638202e-03 1.813430533800851341e-02 2.027857488945541216e-04 -7.005704350478722184e-03
9.610000000000000000e+03 1.999985427215598355e+00 8.831072410388391969e-01 2.291748939854622216e-03 1.116878494522574927e+00 -1.110218570950867803e-03 -1.181838714719451100e-03
9.615000000000000000e+03 1.999985419049304713e+00 8.843109712190013599e-03 7.257072210280511365e-04 1.991142617845704788e+00 -6.368023441339249217e-04 -8.921338548444112185e-05
9.620000000000000000e+03 1.999985410524053098e+00 1.012232256009970355e+00 6.057534941130787937e-04 9.877534631923471364e-01 9.328726167017373748e-04 -1.538934789079141920e-03
9.625000000000000000e+03 1.999985400946581171e+00 1.998935745098280092e+00 1.541570607236583202e-03 1.049964719644031017e-03 1.579992862481282255e-03 -3.121872341060669218e-03
9.630000000000000000e+03 1.999985396576108743e+00 1.107121292890405506e+00 3.568742344540265857e-03 8.928644126444016393e-01 3.567451765544498257e-04 -3.925796479792647078e-03
9.635000000000000000e+03 1.999985388805546993e+00 3.926747627986143518e-02 2.796927672694429073e-03 1.960718221639190961e+00 -2.543914113808149954e-03 -2.533226723918511800e-04
9.640000000000000000e+03 1.999985380496238196e+00 7.915273008812606648e-01 4.827043450282478450e-03 1.208458388894319002e+00 -2.004251339367026097e-03 -2.823101390256876897e-03
9.645000000000000000e+03 1.999985371278473867e+00 1.956627709880027988e+00 6.976546715142519992e-03 4.335797086244800452e-02 2.947194503014159282e-04 -7.271575629446160732e-03
9.650000000000000000e+03 1.999985365524481917e+00 1.360156447056344531e+00 2.981248524829129953e-03 6.398292280479234151e-01 -4.235153343503044550e-04 -2.558042770264628511e-03
9.655000000000000000e+03 1.999985356802616243e+00 9.367788701603231571e-02 4.473681068331448866e-04 1.906307779540341807e+00 -6.862625735640983261e-04 2.385847129727812553e-04
9.660000000000000000e+03 1.999985347626983989e+00 5.405323020002810175e-01 3.619031936286436712e-04 1.459453355563485433e+00 5.086657230583414412e-04 -8.708788534696595886e-04
9.665000000000000000e+03 1.999985339143917962e+00 1.861542829097466045e+00 1.235518890591094914e-03 1.384428201524849633e-01 1.324960054513775682e-03 -2.560789051138176540e-03
9.670000000000000000e+03 1.999985335189383262e+00 1.560130095158548835e+00 3.999511669022546428e-03 4.398555502159668951e-01 8.401466527028905989e-04 -4.839968506858163128e-03
9.675000000000000000e+03 1.999985326172696309e+00 2.296506860321682331e-01 3.464576387659345190e-03 1.770334950505640048e+00 -2.115768686124733927e-03 -1.349118066646703409e-03
9.680000000000000000e+03 1.999985316659889989e+00 3.672830031039710508e-01 3.941195684076703037e-03 1.632702624111011191e+00 -2.718537794157854098e-03 -1.222968445011136506e-03
9.685000000000000000e+03 1.999985307701797721e+00 1.709814107026014218e+00 6.682085635254726361e-03 2.901715114093977865e-01 6.952304466836031066e-06 -6.689348673335468454e-03
9.690000000000000000e+03 1.999985302366176221e+00 1.754752000069844442e+00 3.736931888114669673e-03 2.452336131369278749e-01 2.358959471358799422e-04 -3.973138675847058196e-03
9.695000000000000000e+03 1.999985294325256513e+00 3.923514437260624543e-01 4.071192421681671413e-04 1.607634161600520084e+00 -4.836092313851868057e-04 7.617898789106582766e-05
9.700000000000000000e+03 1.999985286087913261e+00 1.768196391288851810e-01 1.534589825078376004e-04 1.823165958124733699e+00 1.676146095631098521e-04 -3.213847577766148654e-04
9.705000000000000000e+03 1.999985278042425874e+00 1.522042388538682456e+00 8.602731338262922193e-04 4.779432008298596934e-01 8.969470402861739631e-04 -1.757531500228560507e-03
9.710000000000000000e+03 1.999985272273029802e+00 1.883019952214105786e+00 4.118881494202246418e-03 1.169656315011276121e-01 1.080528772651675583e-03 -5.199721709057796883e-03
9.715000000000000000e+03 1.999985264872276902e+00 6.042610749329985209e-01 4.376717573857239092e-03 1.395724501529156170e+00 -1.451396543028345577e-03 -2.925632620706651501e-03
9.720000000000000000e+03 1.999985255619011637e+00 9.569734993390315025e-02 3.402941879917869509e-03 1.904288217459768173e+00 -3.167412624562824727e-03 -2.358410300146504676e-04
9.725000000000000000e+03 1.999985247389604259e+00 1.299420646561500581e+00 5.984835187171413766e-03 7.005649127667008536e-01 -5.900873869956570813e-04 -5.395059738772746763e-03
9.730000000000000000e+03 1.999985240708237688e+00 1.974060666041898893e+00 4.376363805175437043e-03 2.592488673866752760e-02 7.178457514158824741e-04 -5.094521628920050012e-03
9.735000000000000000e+03 1.999985233682305186e+00 8.346514554615519499e-01 6.041387673164616123e-04 1.165334090434784198e+00 -7.586022752867405182e-05 -5.285907538188380859e-04
9.740000000000000000e+03 1.999985225566975222e+00 6.593355523826491260e-03 3.185486956026176478e-05 1.993392182420024472e+00 -8.389019527357931413e-06 -2.377822690849096425e-05
9.745000000000000000e+03 1.999985217624956402e+00 1.060268366465295209e+00 5.097226894873654185e-04 9.397171636958349117e-01 3.945956132478885313e-04 -9.046308389093640854e-04
9.750000000000000000e+03 1.999985209922656049e+00 1.999932878695435567e+00 3.901963178210361878e-03 5.264391872686311093e-05 1.015490835592976074e-03 -4.917766705309538702e-03
9.755000000000000000e+03 1.999985203761732500e+00 1.074978790427136177e+00 5.329487562537671766e-03 9.250067261504073546e-01 -7.076995474652412197e-04 -4.622100830883528293e-03
9.760000000000000000e+03 1.999985195614571776e+00 4.066391356216314534e-02 3.337983937180320857e-03 1.959321595031348950e+00 -3.247574713357494636e-03 -9.072220276307018532e-05
9.765000000000000000e+03 1.999985187943178477e+00 8.219418139316232441e-01 5.043628304498144234e-03 1.178043687143897955e+00 -1.354701944607117825e-03 -3.689239492234118022e-03
9.770000000000000000e+03 1.999985179147377723e+00 1.966455113848180947e+00 4.746234098790897554e-03 3.353037860857991520e-02 9.137992438401816315e-04 -5.660346652014251745e-03
9.775000000000000000e+03 1.999985173142463379e+00 1.316588994436280302e+00 9.828931082380583644e-04 6.833964921382768010e-01 4.414228396650190633e-04 -1.424629379996831050e-03
9.780000000000000000e+03 1.999985165056766379e+00 6.987173834564786024e-02 2.689120295462454920e-05 1.930113740306941494e+00 2.228270188470334034e-05 -4.948750066210272748e-05
9.785000000000000000e+03 1.999985157072568631e+00 5.847912354328991258e-01 2.745129749258324236e-04 1.415194235397197575e+00 -6.581854230951441937e-05 -2.090081901443154424e-04
9.790000000000000000e+03 1.999985148708871563e+00 1.883447618995105044e+00 3.403083107923419223e-03 1.165378436409505725e-01 6.538158344249107596e-04 -4.057212869532186850e-03
9.795000000000000000e+03 1.999985143132043452e+00 1.531100060035773813e+00 6.108596624540003905e-03 4.688853971375050445e-01 -6.156215236930744268e-05 -6.047348513406495402e-03
9.800000000000000000e+03 1.999985134831453237e+00 2.151289229483903109e-01 3.763500695983964389e-03 1.784856526092378992e+00 -2.941648700965908848e-03 -8.221662043340794302e-04
9.805000000000000000e+03 1.999985127018159892e+00 3.896695707216328297e-01 4.073200655087820705e-03 1.610315870663895144e+00 -2.107338061300639744e-03 -1.966176961155293845e-03
9.810000000000000000e+03 1.999985119069819683e+00 1.733657253735100490e+00 4.757650478818529517e-03 2.663281798628138741e-01 7.821761485094397585e-04 -5.540141155423013164e-03
9.815000000000000000e+03 1.999985112733022818e+00 1.724846830265307274e+00 1.446927164819538638e-03 2.751385971265397079e-01 9.469588753905013208e-04 -2.394200699034367691e-03
9.820000000000000000e+03 1.999985104716488271e+00 3.517808133108006330e-01 1.395099755926686711e-04 1.648204606228995228e+00 2.511887472928955953e-04 -3.910135461933081976e-04
9.825000000000000000e+03 1.999985096759872905e+00 2.073970197516954161e-01 2.200078021831104475e-04 1.792588391994432317e+00 -3.779782516444710541e-04 1.576554632063736016e-04
9.830000000000000000e+03 1.999985088765356078e+00 1.561015074934062552e+00 2.744063913581454555e-03 4.389703289811459630e-01 7.398844902382323394e-05 -2.818367512457770237e-03
9.835000000000000000e+03 1.999985083100999761e+00 1.865378365864960530e+00 6.538817021742891929e-03 1.346070325025995329e-01 3.313527513966544593e-04 -6.870485039699837995e-03
9.840000000000000000e+03 1.999985076026207231e+00 5.780449105706350066e-01 4.584122654034911669e-03 1.421940480867096568e+00 -2.322093217841020730e-03 -2.262344847718453927e-03
9.845000000000000000e+03 1.999985067697795937e+00 1.042826711604311896e-01 3.294301744944360885e-03 1.895702712119578193e+00 -2.672479446308363704e-03 -6.221378808493558408e-04
9.850000000000000000e+03 1.999985058560125761e+00 1.330342690711590281e+00 4.405982724660000537e-03 6.696426836186909481e-01 3.577716391555828442e-04 -4.764070133970807128e-03
9.855000000000000000e+03 1.999985050173225476e+00 1.963418844042266631e+00 1.882123815253109247e-03 3.656652207657690862e-02 1.322658717837136514e-03 -3.205098478708359386e-03
9.860000000000000000e+03 1.999985045665916283e+00 7.860515995591124128e-01 3.415918960656655996e-04 1.213933762145324113e+00 6.218693643656610613e-04 -9.637772989517632725e-04
9.865000000000000000e+03 1.999985037490466633e+00 1.680704596459759934e-02 3.700893316752774530e-04 1.983178307733956869e+00 -4.706588338945514390e-04 1.002532941314887544e-04
9.870000000000000000e+03 1.999985029022741223e+00 1.108498070478726172e+00 2.086240234487398305e-03 8.914872749276702146e-01 -5.939615227072118789e-04 -1.492595095435326081e-03
9.875000000000000000e+03 1.999985019399885378e+00 1.999242037345734246e+00 6.524972638857153354e-03 7.432986397947075399e-04 3.733643376388858697e-04 -6.898653562139541763e-03
9.880000000000000000e+03 1.999985015562978585e+00 1.044031836036779071e+00 5.613561233852840289e-03 9.559534961908283668e-01 -1.534490301591761013e-03 -4.079387596890026411e-03
9.885000000000000000e+03 1.999985007216715349e+00 3.292320382853738958e-02 2.882856870327504557e-03 1.967062120226526600e+00 -2.919185069991963970e-03 3.601136131577270245e-05
9.890000000000000000e+03 1.999984998275403880e+00 8.512972961894753610e-01 3.770811564844946204e-03 1.148688019111069769e+00 -2.568622677726113842e-04 -3.514266322213844412e-03
9.895000000000000000e+03 1.999984989000661129e+00 1.976178462442344630e+00 2.183793921093061478e-03 2.380684377925887385e-02 1.481725266190012449e-03 -3.665836408225277808e-03
9.900000000000000000e+03 1.999984984733879978e+00 1.270602564396568823e+00 5.828713788213655492e-04 7.293827376486385905e-01 1.043335917225679792e-03 -1.626524607374513600e-03
9.905000000000000000e+03 1.999984976914904733e+00 5.781868482314692775e-02 7.006726962755464990e-04 1.942166609567469671e+00 -3.245550300147423449e-04 -3.764351419725503575e-04
9.910000000000000000e+03 1.999984968669252128e+00 6.323333316378205726e-01 1.592754933807677929e-03 1.367651954680377369e+00 -1.198945639084311385e-03 -3.941269436691838247e-04
9.915000000000000000e+03 1.999984959786180738e+00 1.901261437273096710e+00 6.074695368420142232e-03 9.872384034936577957e-02 4.829146415101214911e-05 -6.123304668852933529e-03
9.920000000000000000e+03 1.999984954410351179e+00 1.503468865250480180e+00 6.617110099274093118e-03 4.965164071100586218e-01 -7.639266228753043442e-04 -5.853501426586037865e-03
9.925000000000000000e+03 1.999984945795669988e+00 1.923923469150803922e-01 2.929731061608100654e-03 1.807592917013482792e+00 -2.791015394105873793e-03 -1.390338003954557733e-04
9.930000000000000000e+03 1.999984936402323887e+00 4.091394569408283721e-01 2.996385537876435079e-03 1.590845797794629757e+00 -9.158042516550803352e-04 -2.080899619355527572e-03
9.935000000000000000e+03 1.999984926819938114e+00 1.760074639499932925e+00 2.280989312530786600e-03 2.399106058584230261e-01 1.389131139428078938e-03 -3.670438990376939138e-03
9.940000000000000000e+03 1.999984923374840795e+00 1.691539017252857713e+00 8.034443657006435421e-04 3.084462247340842844e-01 1.411969898874897806e-03 -2.215732876677064915e-03
9.945000000000000000e+03 1.999984916523082301e+00 3.207758029806339062e-01 1.144426659418989935e-03 1.679209432300578397e+00 2.299387376633908942e-05 -1.167739291315330469e-03
9.950000000000000000e+03 1.999984907540100831e+00 2.445054152137986769e-01 1.390152138356844395e-03 1.755479811275896029e+00 -1.604249189395268432e-03 2.137781014446586345e-04
9.955000000000000000e+03 1.999984898126688115e+00 1.594529831321280344e+00 5.297269659372318314e-03 4.054553859560204310e-01 -5.741247372948544763e-04 -4.723464072689950548e-03
9.960000000000000000e+03 1.999984892434028216e+00 1.848284420268694550e+00 7.365506143388191908e-03 1.517007914384601308e-01 -1.920091902279304240e-04 -7.173816226286738006e-03
9.965000000000000000e+03 1.999984885533824919e+00 5.451894845614008167e-01 3.420086989664949517e-03 1.454795720393443847e+00 -2.318663259844211573e-03 -1.101743150840558223e-03
9.970000000000000000e+03 1.999984876372655318e+00 1.078401278327750096e-01 2.257517779464554650e-03 1.892145068159302390e+00 -1.463956006192838975e-03 -7.938813926938305485e-04
9.975000000000000000e+03 1.999984866667100958e+00 1.365856535318736631e+00 2.152222251881346152e-03 6.341286511790676927e-01 1.069538920298768485e-03 -3.222081002883741326e-03
9.980000000000000000e+03 1.999984860616372373e+00 1.949923800188093193e+00 9.488878144873729836e-04 5.006138039112644628e-02 1.636705727568476621e-03 -2.585913504903128001e-03
9.985000000000000000e+03 1.999984856370117914e+00 7.438470426750551923e-01 1.605645318423921291e-03 1.256138133748972763e+00 4.864397562277486303e-04 -2.092405128562077957e-03
9.990000000000000000e+03 1.999984847684858735e+00 3.621395293826257938e-02 1.538408965976701195e-03 1.963771214987982905e+00 -1.719455853389147051e-03 1.807266460256395089e-04
9.995000000000000000e+03 1.999984838498535700e+00 1.151227132724900848e+00 4.378568667845361695e-03 8.487580262128583408e-01 -1.354170415561429478e-03 -3.024718691507425131e-03
1.000000000000000000e+04 1.999984829925604668e+00 1.997375018982349371e+00 7.687857786521591109e-03 2.610131569335669664e-03 4.561991655024195768e-05 -7.733798329152000856e-03
1.000500000000000000e+04 1.999984823576578474e+00 1.008329882570682345e+00 4.236935390238740461e-03 9.916552617707148354e-01 -1.612508836990722734e-03 -2.624747318066426686e-03
1.001000000000000000e+04 1.999984814692281843e+00 1.826607800619078903e-02 1.718986254041514642e-03 1.981719057646179616e+00 -1.772978399070308407e-03 5.367118494030216245e-05
1.001500000000000000e+04 1.999984805688730605e+00 8.861549668089988563e-01 1.829107367833942080e-03 1.113830160038244976e+00 6.009159310991537672e-04 -2.430344457446660927e-03
1.002000000000000000e+04 1.999984798198087166e+00 1.985027169762629606e+00 9.841344832250064571e-04 1.495794975910483618e-02 1.661359476546110138e-03 -2.645815283418358373e-03
1.002500000000000000e+04 1.999984795720976205e+00 1.227573497472964181e+00 1.982034927681657326e-03 7.724116196254864342e-01 9.518165203569422909e-04 -2.934172825512745050e-03
1.003000000000000000e+04 1.999984787253814122e+00 5.642773434917543185e-02 2.016391738099333579e-03 1.943557374467064225e+00 -1.521470637796162916e-03 -4.952426627289833582e-04
1.003500000000000000e+04 1.999984777945279735e+00 6.756443144302075599e-01 3.537898020876577201e-03 1.324340785279821686e+00 -2.114722945441234719e-03 -1.423496840184992115e-03
1.004000000000000000e+04 1.999984768834677684e+00 1.915676545804569031e+00 7.511291470152115825e-03 8.430854499399408064e-02 -1.087322732070068244e-04 -7.402881160830513015e-03
1.004500000000000000e+04 1.999984764035665608e+00 1.472865025246565374e+00 5.188119717640859649e-03 5.271200608586901204e-01 -8.367797944415498231e-04 -4.351661992789101520e-03
1.005000000000000000e+04 1.999984755752264531e+00 1.615021609315478723e-01 1.497704846871485574e-03 1.838482917074052869e+00 -1.770740175246984056e-03 2.727130750391724696e-04
1.005500000000000000e+04 1.999984746691586102e+00 4.337164242068945463e-01 1.387534959648843843e-03 1.566268644940410182e+00 9.566200351184740865e-05 -1.483519418879512873e-03
1.006000000000000000e+04 1.999984737891657982e+00 1.788596103902751810e+00 9.023739732349228158e-04 2.113889566414805798e-01 1.478474480575108375e-03 -2.381171106384358423e-03
1.006500000000000000e+04 1.999984734811375287e+00 1.658258794875549169e+00 2.188647410108979056e-03 3.417262626568901562e-01 1.303549949472011197e-03 -3.492520080644773237e-03
1.007000000000000000e+04 1.999984727521665784e+00 3.003731723869977333e-01 2.725998156089462846e-03 1.699611878016387800e+00 -1.059953169429447666e-03 -1.666367868380091988e-03
1.007500000000000000e+04 1.999984718358264191e+00 2.796564049821813613e-01 2.976979959374565724e-03 1.720328636458422933e+00 -2.682601384505257230e-03 -2.947016572092056455e-04
1.008000000000000000e+04 1.999984708717894799e+00 1.622407766310191235e+00 6.877885660741085358e-03 3.775772657015649680e-01 -6.210348711320560480e-04 -6.257174083470784867e-03
1.008500000000000000e+04 1.999984701793336761e+00 1.829509708767838916e+00 6.050672106263015743e-03 1.704753164740906712e-01 -1.711737947756584760e-04 -5.879821760080063478e-03
1.009000000000000000e+04 1.999984694505415606e+00 5.038815081967494836e-01 1.636149448950275547e-03 1.496103509919776364e+00 -1.457654277673880918e-03 -1.788187823862250286e-04
1.009500000000000000e+04 1.999984685785515692e+00 1.149001514920083289e-01 9.289266979804044339e-04 1.885084858100956273e+00 -3.260106469284531402e-04 -6.032398585007441158e-04
1.010000000000000000e+04 1.999984677018944002e+00 1.406794083741623291e+00 7.265350857798063763e-04 5.931909172822684706e-01 1.131137513759009018e-03 -1.857996604486675122e-03
1.010500000000000000e+04 1.999984672007265152e+00 1.934696972278432181e+00 2.178523004236328654e-03 6.528802384671805736e-02 1.452182864604824363e-03 -3.631029986726190366e-03
1.011000000000000000e+04 1.999984667311178299e+00 7.106669959026077343e-01 3.513989883747126175e-03 1.289317995630084646e+00 -4.460427447560679696e-04 -3.068271360505415903e-03
1.011500000000000000e+04 1.999984658084805300e+00 5.640889476001920144e-02 2.833088876102252043e-03 1.943576087749594672e+00 -2.928861074846890455e-03 9.544777393615468835e-05
1.012000000000000000e+04 1.999984648379433683e+00 1.186550817018080295e+00 5.934809923668519366e-03 8.134341559993989446e-01 -1.373358569636992828e-03 -4.561775992077169231e-03
1.012500000000000000e+04 1.999984640649535406e+00 1.994345746090453453e+00 6.622361702835356106e-03 5.639219369141476937e-03 2.311886016702725875e-04 -6.853875114565115799e-03
1.013000000000000000e+04 1.999984635433998514e+00 9.648964249199953880e-01 2.093004853192048566e-03 1.035088535440021218e+00 -9.062159792805365814e-04 -1.187113799929561449e-03
1.013500000000000000e+04 1.999984626817999267e+00 4.667486982483015287e-03 5.561834815890818974e-04 1.995317464956336106e+00 -5.641149362612216545e-04 7.606333852083675740e-06
1.014000000000000000e+04 1.999984617932170528e+00 9.293559515553457828e-01 5.030070469429116656e-04 1.070628991699480448e+00 7.023525999301175743e-04 -1.205684969528650992e-03
1.014500000000000000e+04 1.999984610851079259e+00 1.991954799094724837e+00 1.955006678693893638e-03 8.030137239204758123e-03 1.356380565996415880e-03 -3.311712727540441596e-03
1.015000000000000000e+04 1.999984606710372592e+00 1.190824212008050997e+00 4.206656019711086519e-03 8.091607202780753960e-01 1.730974926457382089e-04 -4.380079088110605014e-03
1.015500000000000000e+04 1.999984597484413928e+00 5.840737912007705479e-02 3.147179507047387532e-03 1.941577544144125866e+00 -2.798657131572939143e-03 -3.488481552632524143e-04
1.016000000000000000e+04 1.999984587773318001e+00 7.106301844820225311e-01 4.900027439835277082e-03 1.289354729284412970e+00 -2.191436933535030260e-03 -2.708916499417755863e-03
1.016500000000000000e+04 1.999984578947980873e+00 1.928558811556014163e+00 6.768397696328033210e-03 7.142609358009129050e-02 2.795746005574199192e-04 -7.048298485009985882e-03
1.017000000000000000e+04 1.999984574326974851e+00 1.436128589690554014e+00 2.753205801572834038e-03 5.638563109278497132e-01 -2.437926300016370941e-04 -2.509739462999997697e-03
1.017500000000000000e+04 1.999984566284848109e+00 1.289477819477355680e-01 3.498462414920147645e-04 1.871037110810008786e+00 -5.619561806622677637e-04 2.117834662739130364e-04
1.018000000000000000e+04 1.999984557662701112e+00 4.685021636230299324e-01 2.894553557908032719e-04 1.531482720708447154e+00 2.947922697167903441e-04 -5.845742942833933664e-04
1.018500000000000000e+04 1.999984549527785482e+00 1.816623594626190386e+00 1.572334889444265520e-03 1.833612817548030127e-01 1.033638182287614391e-03 -2.606299924939592220e-03
1.019000000000000000e+04 1.999984546480375602e+00 1.627957741010550352e+00 4.649648674466009234e-03 3.720271323914588479e-01 6.482945764132919857e-04 -5.298270172513159897e-03
1.019500000000000000e+04 1.999984538568325032e+00 2.851683054376428217e-01 3.854196269724182063e-03 1.714816560227500952e+00 -2.323923745523914612e-03 -1.530599621019407882e-03
1.020000000000000000e+04 1.999984528886931789e+00 3.066003910431304158e-01 4.011743385074921509e-03 1.693384465152493190e+00 -2.885335887008730511e-03 -1.126734806758053270e-03
1.020500000000000000e+04 1.999984519141789985e+00 1.647570702016932787e+00 6.452281616012516853e-03 3.524141446476014572e-01 -3.332416204010853260e-05 -6.419284976716620704e-03
1.021000000000000000e+04 1.999984513750169279e+00 1.806742993931789387e+00 3.455126381995415538e-03 1.932418474610958781e-01 3.774520321831187093e-04 -3.832906056894668737e-03
1.021500000000000000e+04 1.999984507316430182e+00 4.585336178404598173e-01 3.497617311742801127e-04 1.541451217262188589e+00 -3.190974515633889061e-04 -3.099206582884532219e-05
1.022000000000000000e+04 1.999984498823206280e+00 1.325628979413316921e-01 1.401039068141740813e-04 1.867421928860318436e+00 6.087245537211183360e-06 -1.465191307957699779e-04
1.022500000000000000e+04 1.999984490182550534e+00 1.449962352620448813e+00 1.123810520199174361e-03 5.500224657365236913e-01 5.567336129586152992e-04 -1.680872307579881625e-03
1.023000000000000000e+04 1.999984484780245264e+00 1.919325241278790894e+00 4.744051057354021703e-03 8.065957179769693564e-02 8.632952006031414461e-04 -5.607674554200071243e-03
1.023500000000000000e+04 1.999984479153572803e+00 6.833390867161783788e-01 4.797657383576915333e-03 1.316645720857326340e+00 -1.616108641443376277e-03 -3.181877162065717239e-03
1.024000000000000000e+04 1.999984470107757817e+00 6.950995880392417392e-02 3.473479833915789957e-03 1.930474839921120234e+00 -3.293589221599094955e-03 -1.802192296029020023e-04
1.024500000000000000e+04 1.999984460401022179e+00 1.217421173042347649e+00 5.743614136462881978e-03 7.825636161866841300e-01 -6.301048105888495520e-04 -5.113838153883707750e-03
1.025000000000000000e+04 1.999984452118818368e+00 1.989548677488219841e+00 4.028584587918036287e-03 1.043610364166589616e-02 8.164809293424527816e-04 -4.845394528327801910e-03
1.025500000000000000e+04 1.999984448396779246e+00 9.159443778229036104e-01 5.463444584754843965e-04 1.084040399665989751e+00 1.086803927281680026e-04 -6.553539433178406275e-04
1.026000000000000000e+04 1.999984440120766704e+00 5.098299917930785999e-04 9.227441580398919915e-05 1.999474939406401530e+00 -9.433499880521859502e-05 1.731305573095491151e-06
1.026500000000000000e+04 1.999984431756021142e+00 9.781964197751197299e-01 7.200697357425754185e-04 1.021788341446667525e+00 3.657188993773388360e-05 -7.569710914467202593e-04
1.027000000000000000e+04 1.999984423015227497e+00 1.996479627413368263e+00 4.470285427415131123e-03 3.505125263796477712e-03 7.624895155683664117e-04 -5.233104604920915150e-03
1.027500000000000000e+04 1.999984419050653939e+00 1.159258036600190334e+00 5.765222457586375443e-03 8.407267121997936687e-01 -8.406427649196733434e-04 -4.924909441996928525e-03
1.028000000000000000e+04 1.999984409966264032e+00 5.513736600557930800e-02 3.407430686127062205e-03 1.944847373907283128e+00 -3.320553270795649319e-03 -8.720736192950513134e-05
1.028500000000000000e+04 1.999984400170895515e+00 7.392470759107961920e-01 4.801260296918756845e-03 1.260737654417330544e+00 -1.367255405672682892e-03 -3.434335048477411053e-03
1.029000000000000000e+04 1.999984391208033729e+00 1.941500398371514668e+00 4.334613476565225831e-03 5.848432318778672839e-02 9.765665921018880282e-04 -5.311510419934793725e-03
1.029500000000000000e+04 1.999984386637198464e+00 1.393642782088917453e+00 8.834815555677924884e-04 6.063419349998254715e-01 6.225250655701775092e-04 -1.506337072682429690e-03
1.030000000000000000e+04 1.999984378733589807e+00 1.033860779044612488e-01 1.573596355835382287e-04 1.896598631455540973e+00 1.847781262747969392e-05 -1.761680746237149066e-04
1.030500000000000000e+04 1.999984370085073460e+00 5.122497631607627611e-01 4.626657377147708520e-04 1.487734937743355079e+00 -4.043909352286298594e-04 -5.860562153064013166e-05
1.031000000000000000e+04 1.999984361800107191e+00 1.841349670608839251e+00 3.893934936687588107e-03 1.586350221941278393e-01 3.646813887044986560e-04 -4.258947328251987130e-03
1.031500000000000000e+04 1.999984358215827873e+00 1.600993995869093744e+00 6.537315970396034501e-03 3.989906934281390316e-01 -1.788600330298680170e-04 -6.358787018771387516e-03
1.032000000000000000e+04 1.999984349699115871e+00 2.668646440222722238e-01 3.826623313030086578e-03 1.733120036941806275e+00 -2.958491634575793981e-03 -8.684629434170389010e-04
1.032500000000000000e+04 1.999984339807159284e+00 3.255025412328118595e-01 3.836143166454882621e-03 1.674482130049833595e+00 -2.069005249848113615e-03 -1.767469392092733092e-03
1.033000000000000000e+04 1.999984330179559455e+00 1.673825003950478729e+00 4.297482533795397679e-03 3.261596579101865290e-01 8.277080497355765757e-04 -5.125522264636597769e-03
1.033500000000000000e+04 1.999984325916712047e+00 1.779316817452498922e+00 1.272500504508774144e-03 2.206678402367567848e-01 1.103898840180106986e-03 -2.376731117232778589e-03
1.034000000000000000e+04 1.999984319692260870e+00 4.170056912820836459e-01 3.181697550562747018e-04 1.582978960317509065e+00 3.191804202921603040e-04 -6.376820826805187740e-04
1.034500000000000000e+04 1.999984310950922550e+00 1.616703690077214983e-01 4.195194984098691822e-04 1.838314274042290641e+00 -6.615566324141954405e-04 2.417050349148112942e-04
1.035000000000000000e+04 1.999984302054098162e+00 1.490476950635723608e+00 3.151624901501882698e-03 5.095076837128462710e-01 -2.407040837570169518e-04 -2.911253112216634353e-03
1.035500000000000000e+04 1.999984295156909342e+00 1.904675669502666979e+00 6.937864484114167341e-03 9.530895809930894913e-02 2.140269893285181972e-04 -7.152223918509279139e-03
1.036000000000000000e+04 1.999984288296781099e+00 6.548811888362651157e-01 4.632075179636832574e-03 1.345103432051679704e+00 -2.289444137544191602e-03 -2.342963633256392626e-03
1.036500000000000000e+04 1.999984278442942909e+00 7.350811029904505411e-02 3.062552190813554696e-03 1.926476500942549075e+00 -2.568316243150381081e-03 -4.945687463143665606e-04
1.037000000000000000e+04 1.999984269375923551e+00 1.249393417190276745e+00 3.921441088114767555e-03 7.505911851746932539e-01 4.129384584020282054e-04 -4.334712535563312562e-03
1.037500000000000000e+04 1.999984263275516483e+00 1.982280396321890015e+00 1.613900690856395672e-03 1.770420007180857624e-02 1.442802650209308894e-03 -3.057036459247809441e-03
1.038000000000000000e+04 1.999984259086976746e+00 8.676421237183883362e-01 5.331424949149045356e-04 1.132342468575148420e+00 7.379594770622513022e-04 -1.271435178537315804e-03
1.038500000000000000e+04 1.999984250152868182e+00 8.875996974347639609e-03 6.082994614636939423e-04 1.991108586577738038e+00 -6.732564132825851356e-04 6.462355260122191016e-05
1.039000000000000000e+04 1.999984241096979254e+00 1.026417178786604989e+00 2.419911043838129158e-03 9.735673959053559035e-01 -9.143369123612339481e-04 -1.505907726458250448e-03
1.039500000000000000e+04 1.999984233091227859e+00 1.998916520322651547e+00 6.875481587134695156e-03 1.068046535264369082e-03 2.451918788327806550e-04 -7.121007232655828141e-03
1.040000000000000000e+04 1.999984228511840101e+00 1.127905368195735392e+00 5.635571431252005270e-03 8.720791941796470770e-01 -1.466449030780791422e-03 -4.169456264013752037e-03
1.040500000000000000e+04 1.999984218599781816e+00 4.255089639719084743e-02 2.649206650968373693e-03 1.957433656272715705e+00 -2.745504309697414588e-03 9.596358860422725076e-05
1.041000000000000000e+04 1.999984209103156552e+00 7.679524763420916278e-01 3.288556707044651764e-03 1.232032067028063782e+00 -1.627467829291758265e-04 -3.126144191114549071e-03
1.041500000000000000e+04 1.999984200970617687e+00 1.954788266137919228e+00 1.821484092878319786e-03 4.519626926878544948e-02 1.564032334746803549e-03 -3.385850863712442423e-03
1.042000000000000000e+04 1.999984197874992820e+00 1.349365923241243159e+00 7.464882704372225418e-04 6.506186091341954469e-01 1.176730432407560242e-03 -1.923553203290478356e-03
1.042500000000000000e+04 1.999984189327289386e+00 8.977733690401031030e-02 9.917163353359409982e-04 1.910207187104599802e+00 -4.355756323485179523e-04 -5.564753843083364163e-04
1.043000000000000000e+04 1.999984180065043082e+00 5.583266591056395001e-01 1.874385214210452224e-03 1.441657855837472191e+00 -1.499753905589944116e-03 -3.749661866889110896e-04
1.043500000000000000e+04 1.999984171510998499e+00 1.861594801727347592e+00 6.365348253683105612e-03 1.383897048423735343e-01 -9.390213778082657993e-05 -6.271781174624729317e-03
1.044000000000000000e+04 1.999984165664367985e+00 1.574662178546133662e+00 6.602997455147972469e-03 4.253223222995763941e-01 -6.782923531031199212e-04 -5.925040283386783131e-03
1.044500000000000000e+04 1.999984157247331584e+00 2.399279295107258347e-01 2.681089163096856982e-03 1.760056563091073834e+00 -2.555760736039868614e-03 -1.256637815249869576e-04
1.045000000000000000e+04 1.999984149434631986e+00 3.426814894196956174e-01 2.538649250584338896e-03 1.657302995528790790e+00 -7.578312825912492719e-04 -1.781153481847670217e-03
1.045500000000000000e+04 1.999984141357132206e+00 1.703259723133757397e+00 1.842837124726970236e-03 2.967247539019911562e-01 1.444957205292854516e-03 -3.288130008636351402e-03
1.046000000000000000e+04 1.999984134995755447e+00 1.748949926918354603e+00 9.020504274681898039e-04 2.510345438884453162e-01 1.532142400553179176e-03 -2.434528639065890523e-03
1.046500000000000000e+04 1.999984126973730181e+00 3.853385913695978604e-01 1.485769838165257100e-03 1.614645871581873449e+00 -3.595156372338701829e-06 -1.482510659534353381e-03
1.047000000000000000e+04 1.999984118719634996e+00 1.962947557145860722e-01 1.648698592378281935e-03 1.803689699154369830e+00 -1.860318102777393928e-03 2.112833610780393109e-04
1.047500000000000000e+04 1.999984110751747313e+00 1.525048502128225403e+00 5.526385715969901399e-03 4.749359449379392251e-01 -7.253148178824032032e-04 -4.801407212504757438e-03
1.048000000000000000e+04 1.999984104805011764e+00 1.890059582032874275e+00 7.308452545541135707e-03 1.099248592100136590e-01 -1.057694971118117264e-04 -7.203019486305463522e-03
1.048500000000000000e+04 1.999984097053351784e+00 6.192219572078220269e-01 3.140524378987212279e-03 1.380762476441694364e+00 -2.039435553846057157e-03 -1.101425421305362619e-03
1.049000000000000000e+04 1.999984089285548716e+00 7.357971753343944821e-02 1.836428542775903842e-03 1.926404708505160102e+00 -1.227774684744709337e-03 -6.089906110817285218e-04
1.049500000000000000e+04 1.999984081163943106e+00 1.286776300071786894e+00 1.671125547596890226e-03 7.132081180086939920e-01 1.120404908526778740e-03 -2.791867372661376544e-03
1.050000000000000000e+04 1.999984073158220355e+00 1.972483116431870354e+00 9.576590527453756945e-04 2.750129380670271809e-02 1.720155183239546054e-03 -2.678151316338083909e-03
1.050500000000000000e+04 1.999984066170699348e+00 8.260617372278167281e-01 1.978998569562052078e-03 1.173922666166733464e+00 5.211372018421329272e-04 -2.500472995255105871e-03
1.051000000000000000e+04 1.999984058073968951e+00 2.545578859040509984e-02 1.803211692217805088e-03 1.974528606872868464e+00 -1.911549507082888283e-03 1.080004255604881440e-04
1.051500000000000000e+04 1.999984050256790491e+00 1.068466745596426515e+00 4.554158083930268976e-03 9.315176422091823172e-01 -1.502801696685370425e-03 -3.051693936063126170e-03
1.052000000000000000e+04 1.999984041266130719e+00 1.999905025583296636e+00 7.586695179023749888e-03 7.935341608711511804e-05 1.204099017421158787e-04 -7.707442814018874988e-03
1.052500000000000000e+04 1.999984037351992816e+00 1.091217408180312987e+00 3.911721662520734402e-03 9.087669669832953989e-01 -1.312754691781517881e-03 -2.599304782354711595e-03
1.053000000000000000e+04 1.999984029096484317e+00 2.394237493913845341e-02 1.333591395837385512e-03 1.976041992134676795e+00 -1.458661385272553429e-03 1.247320121039873929e-04
1.053500000000000000e+04 1.999984020233658288e+00 8.032047221857337993e-01 1.345571357856015487e-03 1.196779636202608188e+00 6.735766223132179419e-04 -2.019486134852931797e-03
1.054000000000000000e+04 1.999984011316491950e+00 1.967438308984534423e+00 8.963548293631966399e-04 3.254604066641489379e-02 1.696322483591382758e-03 -2.593015647411739399e-03
1.054500000000000000e+04 1.999984006653736879e+00 1.308336918090863943e+00 2.358377374122301758e-03 6.916474269920768192e-01 1.014048953230947550e-03 -3.372764756557035653e-03
1.055000000000000000e+04 1.999983998899536264e+00 8.596989881608134432e-02 2.310585854010405778e-03 1.914014438668660611e+00 -1.641253155409057004e-03 -6.696712838071068770e-04
1.055500000000000000e+04 1.999983990295229885e+00 5.992652951271063566e-01 3.675804537335186292e-03 1.400719033927122936e+00 -2.246039168355161431e-03 -1.430104127979482881e-03
1.056000000000000000e+04 1.999983981231069352e+00 1.878352176974394050e+00 7.371621062821261290e-03 1.216321431989727253e-01 -4.989327758520729352e-05 -7.322066727533332528e-03
1.056500000000000000e+04 1.999983975812821502e+00 1.544885860375590170e+00 4.807823334409016235e-03 4.550984544892818229e-01 -5.409600529618026387e-04 -4.267202333497589241e-03
1.057000000000000000e+04 1.999983967143818209e+00 2.054627429512733139e-01 1.134446063435638578e-03 1.794521563417981413e+00 -1.393371504191707501e-03 2.585862153194645090e-04
1.057500000000000000e+04 1.999983957689489555e+00 3.662006373692505701e-01 9.409609866277065257e-04 1.633783659734416416e+00 2.154877015017691276e-04 -1.156788102306708418e-03
1.058000000000000000e+04 1.999983948605198902e+00 1.735012033226865480e+00 7.313898350397935377e-04 2.649722549740488042e-01 1.466704523011448701e-03 -2.198433953766476892e-03
1.058500000000000000e+04 1.999983945376470063e+00 1.718808216014325652e+00 2.536046356886373452e-03 2.811760690221957737e-01 1.356616293470099075e-03 -3.893002310407856978e-03
1.059000000000000000e+04 1.999983938008550011e+00 3.635845702208977404e-01 3.061599730703992890e-03 1.636399707594782482e+00 -1.112829331646309882e-03 -1.949110206187657218e-03
1.059500000000000000e+04 1.999983928436236402e+00 2.278221142995531801e-01 3.097599433233059595e-03 1.772162154135785483e+00 -2.782747366766312978e-03 -3.151920655690476419e-04
1.060000000000000000e+04 1.999983918761833124e+00 1.553979591840080277e+00 6.711625046788678543e-03 4.460046671149948128e-01 -5.746904007169816118e-04 -6.137274839313799739e-03
1.060500000000000000e+04 1.999983912295415500e+00 1.873500399636724545e+00 5.614376643726759313e-03 1.264838529821893931e-01 1.001009920993753562e-04 -5.714817959324587290e-03
1.061000000000000000e+04 1.999983905346454094e+00 5.754711502999944051e-01 1.272664852294657332e-03 1.424513095508225913e+00 -1.044492431202695892e-03 -2.285128828583641572e-04
1.061500000000000000e+04 1.999983896059687405e+00 7.849273727389316502e-02 5.491604789145100802e-04 1.921491499432689931e+00 -1.418242817901140592e-04 -4.076768440202787887e-04
1.062000000000000000e+04 1.999983886996052451e+00 1.329841369081310454e+00 5.034354444551340400e-04 6.701428587422102456e-01 1.086540510354696426e-03 -1.590316782278003915e-03
1.062500000000000000e+04 1.999983881316975909e+00 1.961021505598887549e+00 2.470726494402319777e-03 3.896271665913660087e-02 1.464404032594839034e-03 -3.935471468045442962e-03
1.063000000000000000e+04 1.999983876219108003e+00 7.929978430585833404e-01 3.889859769351885870e-03 1.206986374202382750e+00 -4.510144225396178395e-04 -3.439186388670301998e-03
1.063500000000000000e+04 1.999983866081633810e+00 4.151293247633291994e-02 2.957371358759841584e-03 1.958471274849736377e+00 -2.988807045072125728e-03 3.109444187704775333e-05
1.064000000000000000e+04 1.999983856645440428e+00 1.103073610785782588e+00 5.758211165377313465e-03 8.969105872924539868e-01 -1.329987170746552670e-03 -4.428565427426730920e-03
1.064500000000000000e+04 1.999983849614842324e+00 1.999735274322385070e+00 6.139204015533731087e-03 2.489168652466703865e-04 4.650529506095330717e-04 -6.604598538932498174e-03
1.065000000000000000e+04 1.999983843162675523e+00 1.046963682764677328e+00 1.704301453553387852e-03 9.530205021002688959e-01 -4.911355481935203828e-04 -1.213507607630935322e-03
1.065500000000000000e+04 1.999983834785472370e+00 7.726531778535408908e-03 2.572517557679666628e-04 1.992257644876142431e+00 -3.118296815530882844e-04 5.423605657987424301e-05
1.066000000000000000e+04 1.999983826769585527e+00 8.471648127787031468e-01 2.705691707935423043e-04 1.152819356019670005e+00 6.469176577271598455e-04 -9.178288573084254038e-04
1.066500000000000000e+04 1.999983818410018932e+00 1.978090420969728980e+00 2.178627357311059033e-03 2.189373963628738970e-02 1.307424697986383708e-03 -3.486394251295056243e-03
1.067000000000000000e+04 1.999983813217611095e+00 1.273228526686799089e+00 4.609876322598692282e-03 7.267556288309121593e-01 1.867695778740559396e-04 -4.796988200573037639e-03
1.067500000000000000e+04 1.999983805284708538e+00 8.415616698766353876e-02 3.292692028333495981e-03 1.915827980754653881e+00 -2.817124831693675144e-03 -4.759096542485634742e-04
1.068000000000000000e+04 1.999983797526795337e+00 6.316918313945344421e-01 4.730649822829016693e-03 1.368292308743830787e+00 -2.139045634731613632e-03 -2.591946799667578169e-03
1.068500000000000000e+04 1.999983789007770740e+00 1.893850912364672512e+00 6.256956943985501028e-03 1.061332194242836369e-01 4.729931606269753737e-04 -6.730292885797785514e-03
1.069000000000000000e+04 1.999983783705303830e+00 1.509060368725824386e+00 2.318659337897758209e-03 4.909237578674460756e-01 1.396617039776531523e-04 -2.458663929842285021e-03
1.069500000000000000e+04 1.999983775928372953e+00 1.705514136410772041e-01 1.273600342871321887e-04 1.829432705330837017e+00 -2.536328908002002057e-04 1.259298129718447034e-04
1.070000000000000000e+04 1.999983767638069176e+00 4.004407489568178602e-01 9.364817430740414472e-05 1.599543361890826576e+00 2.527598326309836072e-04 -3.467512165136012788e-04
1.070500000000000000e+04 1.999983758903960851e+00 1.766057797923422434e+00 1.730866999062107090e-03 2.339263043654810359e-01 9.177747713641801024e-04 -2.648985155368933832e-03
1.071000000000000000e+04 1.999983752750213784e+00 1.691371768138423493e+00 5.059974752384694546e-03 3.086123281217128533e-01 6.470147984826014453e-04 -5.707333060790028591e-03
1.071500000000000000e+04 1.999983745178288697e+00 3.457070756379128085e-01 4.031999678555099782e-03 1.654277013201426172e+00 -2.308720294269492671e-03 -1.723623045335969869e-03
1.072000000000000000e+04 1.999983737152404961e+00 2.507198379741227279e-01 3.865145296487069657e-03 1.749264242999396091e+00 -2.813686932203189345e-03 -1.051802185397357958e-03
1.072500000000000000e+04 1.999983728441059316e+00 1.580692324502579238e+00 5.937804729892063108e-03 4.192917479337191500e-01 1.262383580315916583e-04 -6.064387083162189884e-03
1.073000000000000000e+04 1.999983721762250255e+00 1.853077705339561954e+00 2.964562147876587724e-03 1.469063605535010641e-01 7.027778032027534637e-04 -3.667684081892190560e-03
1.073500000000000000e+04 1.999983715193452083e+00 5.286986530205391999e-01 1.826573098341215714e-04 1.471285406436202203e+00 1.879323299927874994e-05 -2.017948061225901613e-04
1.074000000000000000e+04 1.999983706924397309e+00 9.467941084158144893e-02 2.090342938099057783e-05 1.905304640513192815e+00 -2.402477838711728059e-06 -1.884538191873696172e-05
1.074500000000000000e+04 1.999983698402983512e+00 1.374817716692415814e+00 1.237590152475011350e-03 6.251663263132423154e-01 3.824855270099210627e-04 -1.620420282159449037e-03
1.075000000000000000e+04 1.999983691038371925e+00 1.949148352219573832e+00 5.140249745384505367e-03 5.083568357197773557e-02 8.162751294405303296e-04 -5.956869628004336954e-03
1.075500000000000000e+04 1.999983685387396237e+00 7.646280456736886944e-01 5.010632331057253766e-03 1.235355984580427613e+00 -1.583539251090548654e-03 -3.427437946687070507e-03
1.076000000000000000e+04 1.999983676684750966e+00 4.978472650863249860e-02 3.360425827269857002e-03 1.950199295218269846e+00 -3.197868941805482538e-03 -1.629019276158289212e-04
1.076500000000000000e+04 1.999983667442069235e+00 1.133856580610581810e+00 5.253574767877178947e-03 8.661274320604834820e-01 -4.906485026040069116e-04 -4.763271494269158933e-03
1.077000000000000000e+04 1.999983658217191040e+00 1.998082682810691457e+00 3.485901055077954367e-03 1.901320824707860560e-03 1.069190568632116898e-03 -4.555437041918244771e-03
1.077500000000000000e+04 1.999983654578592729e+00 9.979756184210438752e-01 4.026189764450277390e-04 1.002008381649359681e+00 4.402684222895505571e-04 -8.432328905454169977e-04
1.078000000000000000e+04 1.999983646470121057e+00 1.755833716891059149e-03 7.566266032442615528e-05 1.998228158410627175e+00 -5.877778883596269292e-05 -1.723052888517465829e-05
1.078500000000000000e+04 1.999983638100905958e+00 8.963834945852779956e-01 8.223231984079183710e-04 1.103600489344083613e+00 -1.768182312033127071e-04 -6.458507956603397023e-04
1.079000000000000000e+04 1.999983629082525027e+00 1.986005168217688688e+00 4.836624314074803796e-03 1.397880687891657307e-02 6.483097856494332220e-04 -5.485280113804788873e-03
1.079500000000000000e+04 1.999983624573723029e+00 1.242374740175615555e+00 6.008237644391165033e-03 7.576092305045128983e-01 -8.129808028552436977e-04 -5.195602947941530513e-03
1.080000000000000000e+04 1.999983616324510605e+00 7.616370803461837424e-02 3.332210741498646284e-03 1.923820254564471366e+00 -3.203518784814428540e-03 -1.290382312634818010e-04
1.080500000000000000e+04 1.999983607494401960e+00 6.583967768725855763e-01 4.360174198870781469e-03 1.341587177076980941e+00 -1.231141700229168318e-03 -3.129378953806331159e-03
1.081000000000000000e+04 1.999983597975781846e+00 1.909922229571504593e+00 3.758008052660815560e-03 9.006171505578844383e-02 1.156376064355537367e-03 -4.914730768527539317e-03
1.081500000000000000e+04 1.999983593782467706e+00 1.468059704433307910e+00 7.285921274668410302e-04 5.319242360878835285e-01 9.101072627116238911e-04 -1.639046128902161637e-03
1.082000000000000000e+04 1.999983586105579914e+00 1.435105442167390333e-01 2.501656240271998149e-04 1.856473388786383794e+00 9.545983467963943330e-05 -3.459723562495064034e-04
1.082500000000000000e+04 1.999983577705409798e+00 4.432567164595087039e-01 5.926792899725933901e-04 1.556727208317383981e+00 -6.325526810454487527e-04 3.952631959011302786e-05
1.083000000000000000e+04 1.999983568894834418e+00 1.793340954513124252e+00 4.225041493657883361e-03 2.066429616360490329e-01 1.755732017153387083e-04 -4.400961949712116350e-03
1.083500000000000000e+04 1.999983563418008314e+00 1.666583916779097230e+00 6.799252870344663080e-03 3.333999940075754176e-01 -1.802285184431545869e-04 -6.619371720565851540e-03
1.084000000000000000e+04 1.999983554919319229e+00 3.236554567664378101e-01 3.786769940626660055e-03 1.676328445697922387e+00 -2.830587731203907179e-03 -9.565297544638083930e-04
1.084500000000000000e+04 1.999983545479624203e+00 2.661227659751239094e-01 3.460778930084079923e-03 1.733861127246303147e+00 -1.921272703847925166e-03 -1.539853968039289018e-03
1.085000000000000000e+04 1.999983535771615362e+00 1.609258178599090483e+00 3.716171772132739141e-03 3.907257051176890594e-01 9.475862391703732211e-04 -4.664105956467556185e-03
1.085500000000000000e+04 1.999983531691555294e+00 1.828433968279552513e+00 1.078374565667812070e-03 1.715499114426522198e-01 1.316263292228229487e-03 -2.394985888545402702e-03
1.086000000000000000e+04 1.999983525721753974e+00 4.866156213570175804e-01 5.068964137401554782e-04 1.513368252520299384e+00 4.213088468735417375e-04 -9.285534161769204388e-04
1.086500000000000000e+04 1.999983517129414912e+00 1.219784708525618877e-01 6.145091423250706279e-04 1.878005394612870971e+00 -8.812056123807647263e-04 2.663481340379368558e-04
1.087000000000000000e+04 1.999983508149554501e+00 1.416519043068137362e+00 3.454426695780109333e-03 5.834648136061117984e-01 -4.979261521350996462e-04 -2.956849068339554177e-03
1.087500000000000000e+04 1.999983500898080635e+00 1.937503149855915652e+00 7.205041104372515541e-03 6.248069972084890206e-02 1.626030584920011069e-04 -7.367992841548390293e-03
1.088000000000000000e+04 1.999983495191357319e+00 7.340372435215080094e-01 4.619439597896131400e-03 1.265946600467776628e+00 -2.166907532884966656e-03 -2.452880862938360256e-03
1.088500000000000000e+04 1.999983485981098985e+00 4.930254928727730024e-02 2.758612306372498248e-03 1.950681285686719280e+00 -2.400087378554944303e-03 -3.588739207153238109e-04
1.089000000000000000e+04 1.999983476382754644e+00 1.166720309660682187e+00 3.369626215341970082e-03 8.332635159191197349e-01 4.953937352560139557e-04 -3.865369147644884609e-03
1.089500000000000000e+04 1.999983468856952884e+00 1.994365039736054612e+00 1.366276614224594182e-03 5.618778479150799386e-03 1.562233112461716483e-03 -2.928859084938853930e-03
1.090000000000000000e+04 1.999983465317560105e+00 9.504144938527037123e-01 7.871577888619831409e-04 1.049569320897826730e+00 8.381072028268601697e-04 -1.625614424659124323e-03
1.090500000000000000e+04 1.999983456850023655e+00 8.079899629407954337e-03 8.956977594414142554e-04 1.991903906833911941e+00 -8.676690467796202740e-04 -2.837832595772557507e-05
1.091000000000000000e+04 1.999983447980609341e+00 9.441964594235880970e-01 2.712230190883584049e-03 1.055787338358911587e+00 -1.220798459045544133e-03 -1.491781533728632654e-03
1.091500000000000000e+04 1.999983439370577543e+00 1.991445821502311198e+00 7.135597777859765782e-03 8.537967854421910432e-03 1.304755838725932184e-04 -7.266423347887920881e-03
1.092000000000000000e+04 1.999983433186641291e+00 1.210765021312494083e+00 5.638452198680617491e-03 7.892187619932651277e-01 -1.367873260869974196e-03 -4.270929056928396590e-03
1.092500000000000000e+04 1.999983424137604437e+00 5.895071655828802715e-02 2.410228537176216206e-03 1.941033057893356784e+00 -2.556637948441563193e-03 1.460590972250907496e-04
1.093000000000000000e+04 1.999983415065256009e+00 6.863131782270619485e-01 2.798045706057095041e-03 1.313670587348269025e+00 -9.117956357644457484e-05 -2.707216652555603439e-03
1.093500000000000000e+04 1.999983406734044955e+00 1.926818779338490994e+00 1.523678674740667300e-03 7.316497808588161289e-02 1.590214835274737998e-03 -3.114244200343067176e-03
1.094000000000000000e+04 1.999983403815014826e+00 1.425888848535284081e+00 1.025027124166016197e-03 5.740949060330173825e-01 1.242706251779377184e-03 -2.268084129231724786e-03
1.094500000000000000e+04 1.999983395714321377e+00 1.283246623613647774e-01 1.383399189846575743e-03 1.871659084281110497e+00 -5.982834739210564964e-04 -7.854666440795649279e-04
1.095000000000000000e+04 1.999983386570065358e+00 4.874758986875628586e-01 2.180682033688438951e-03 1.512507839007567911e+00 -1.829654173517537147e-03 -3.513789852364493458e-04
1.095500000000000000e+04 1.999983377461156175e+00 1.815760243997748935e+00 6.610872673754469159e-03 1.842234847852563806e-01 -2.741019024042624366e-04 -6.337122093199241447e-03
1.096000000000000000e+04 1.999983372348725252e+00 1.641688831872776477e+00 6.608830014794373625e-03 3.582948919090691020e-01 -6.204437530970571910e-04 -5.988737694817853480e-03
1.096500000000000000e+04 1.999983364066710845e+00 2.928168830833780545e-01 2.489828467113276364e-03 1.707166832597097228e+00 -2.355158777595542634e-03 -1.350213032819252426e-04
1.097000000000000000e+04 1.999983355132241014e+00 2.809710906986435108e-01 2.131826808091649879e-03 1.719012616243369207e+00 -6.726196373038444143e-04 -1.459558980559415471e-03
1.097500000000000000e+04 1.999983346201371415e+00 1.641636863852468320e+00 1.514954523833210312e-03 3.583468343548725787e-01 1.394831572897548000e-03 -2.910138102700455393e-03
1.098000000000000000e+04 1.999983342242217521e+00 1.801288164007025738e+00 1.163545543299791428e-03 1.986955303283675367e-01 1.534288921438888269e-03 -2.698186557914045245e-03
1.098500000000000000e+04 1.999983335999238721e+00 4.544225858619646563e-01 1.975337504672255995e-03 1.545561102366459050e+00 -1.396678021832568894e-04 -1.836021931673897066e-03
1.099000000000000000e+04 1.999983326844209541e+00 1.537786461407126548e-01 1.994156681743740420e-03 1.846205033131898654e+00 -2.187200464442780063e-03 1.926913542970527305e-04
1.099500000000000000e+04 1.999983317363993152e+00 1.451798783894084455e+00 5.756433982893742994e-03 5.481848861048317367e-01 -9.612414202712222773e-04 -4.795545197545790506e-03
1.100000000000000000e+04 1.999983310767169176e+00 1.925434956173950996e+00 7.306461935517194299e-03 7.454870737337061792e-02 -9.958491158085919226e-05 -7.207229804088464975e-03
1.100500000000000000e+04 1.999983303037386140e+00 6.959058367613607521e-01 2.972544055608844493e-03 1.304077819226984847e+00 -1.842856732005880745e-03 -1.130040274562684128e-03
1.101000000000000000e+04 1.999983294584678495e+00 4.600345970920152044e-02 1.521136932355937220e-03 1.953980188013922481e+00 -1.111635929313779716e-03 -4.098541414873116905e-04
1.101500000000000000e+04 1.999983286390556669e+00 1.205819681068210469e+00 1.344931925924620127e-03 7.941639586427169384e-01 1.024094250068742539e-03 -2.369379496364167666e-03
1.102000000000000000e+04 1.999983279876118347e+00 1.988394174879937193e+00 1.169240358103066290e-03 1.158945846183445302e-02 1.638959557252562833e-03 -2.808553381008653971e-03
1.102500000000000000e+04 1.999983275384318082e+00 9.096929794250335766e-01 2.542677173695315207e-03 1.090290649524055855e+00 3.964354848854067235e-04 -2.939466223352237700e-03
1.103000000000000000e+04 1.999983266180901609e+00 2.158100512198660170e-02 2.207649008906083666e-03 1.978402614825834460e+00 -2.214096268407708418e-03 6.093492581742098546e-06
1.103500000000000000e+04 1.999983256794399367e+00 9.851911849225922779e-01 4.774348492671393572e-03 1.014792425844413648e+00 -1.774559311280588534e-03 -3.000143153997175075e-03
1.104000000000000000e+04 1.999983248660746282e+00 1.995248172833792077e+00 7.569918525299800319e-03 4.735429978727462991e-03 7.275011317383061086e-05 -7.643022790246736288e-03
1.104500000000000000e+04 1.999983243196868044e+00 1.173409195654597115e+00 3.740429214536825347e-03 8.265744018159578710e-01 -1.138611649389327995e-03 -2.602171838834562486e-03
1.105000000000000000e+04 1.999983234704786339e+00 3.667509352361141700e-02 1.101011757813039798e-03 1.963308495645051943e+00 -1.304961873092763984e-03 2.035956514028516265e-04
1.105500000000000000e+04 1.999983226029879768e+00 7.217865880053750960e-01 1.056394431167978053e-03 1.278196992683349631e+00 5.675381966504056217e-04 -1.624287286663588133e-03
1.106000000000000000e+04 1.999983218255176443e+00 1.943249134642047071e+00 1.041180987243336834e-03 5.673443844660300273e-02 1.528036155444164029e-03 -2.569571976160872281e-03
1.106500000000000000e+04 1.999983215265739966e+00 1.387105879645232687e+00 2.959464367675559027e-03 6.128776905207101722e-01 8.790168273345795764e-04 -3.838836095212829359e-03
1.107000000000000000e+04 1.999983206652781620e+00 1.219586254314555529e-01 2.783576978940350503e-03 1.878024936312032489e+00 -1.907307530026984338e-03 -8.766245396196637330e-04
1.107500000000000000e+04 1.999983197225755349e+00 5.257068018616030125e-01 3.896180745308043970e-03 1.474276750662033564e+00 -2.527743644073049498e-03 -1.368792399116122065e-03
1.108000000000000000e+04 1.999983187977997900e+00 1.834690047199373231e+00 7.337834877960378553e-03 1.652934962807107999e-01 -1.436416909720510224e-04 -7.194548689074835648e-03
1.108500000000000000e+04 1.999983183096575301e+00 1.613004246907958628e+00 4.609861217692109818e-03 3.869792917995877879e-01 -4.051209417867497934e-04 -4.205095886876600644e-03
1.109000000000000000e+04 1.999983175295620308e+00 2.551988977420454607e-01 9.604174399892858672e-04 1.744784633339747648e+00 -1.207006563184547009e-03 2.462333370225796561e-04
1.109500000000000000e+04 1.999983166625805442e+00 3.033071528989517152e-01 7.186943019104721818e-04 1.696676369709250620e+00 1.346503499567001407e-04 -8.537006342640445942e-04
1.110000000000000000e+04 1.999983158028054042e+00 1.676481645090852624e+00 8.119381510351600774e-04 3.235018691141587910e-01 1.225354264991898980e-03 -2.037648592984199047e-03
1.110500000000000000e+04 1.999983154584197731e+00 1.774452029432859179e+00 3.132118206866271650e-03 2.255314814059713457e-01 1.188619111443119840e-03 -4.321093572942355694e-03
1.111000000000000000e+04 1.999983147778150450e+00 4.312836601405400927e-01 3.599807757792576526e-03 1.568699844043245362e+00 -1.340930287775730922e-03 -2.259233875652296147e-03
1.111500000000000000e+04 1.999983138448906628e+00 1.814369357717776077e-01 3.329259728064460060e-03 1.818546559288042097e+00 -3.048006259930775494e-03 -2.816100790463956318e-04
1.112000000000000000e+04 1.999983128598498361e+00 1.481505944860707524e+00 6.662972708500232086e-03 5.184775405657102709e-01 -6.977122228782735259e-04 -5.965617313541379807e-03
1.112500000000000000e+04 1.999983121988087476e+00 1.911271321471661677e+00 5.374149215475416096e-03 8.871215749218980262e-02 1.891726223340319478e-04 -5.563678813573429832e-03
1.113000000000000000e+04 1.999983115833531055e+00 6.502059691307982003e-01 1.122186392607364214e-03 1.349777503815922097e+00 -8.400593309443082956e-04 -2.824841748522126795e-04
1.113500000000000000e+04 1.999983107276759098e+00 4.875642059294999636e-02 4.105807184224044819e-04 1.951227043990913623e+00 -1.710833732972755119e-04 -2.398546522297248030e-04
1.114000000000000000e+04 1.999983098473234522e+00 1.250807411334243113e+00 5.399047756442239927e-04 7.491760446461241951e-01 8.016368918671529318e-04 -1.341899174644391960e-03
1.114500000000000000e+04 1.999983092080283242e+00 1.980719672644514207e+00 3.022178874212378633e-03 1.926377708761861651e-02 1.246008042018807108e-03 -4.268544568080671030e-03
1.115000000000000000e+04 1.999983088165576017e+00 8.767934892520925505e-01 4.477061068113612902e-03 1.123189956651603483e+00 -6.493707274092325914e-04 -3.828048078824477455e-03
1.115500000000000000e+04 1.999983079421935317e+00 3.336748254406824571e-02 3.208779612954637279e-03 1.966615954808603961e+00 -3.216156919849028940e-03 7.019376157574354290e-06
1.116000000000000000e+04 1.999983069928557677e+00 1.018752616774672992e+00 5.699652615091037496e-03 9.812308112922217829e-01 -1.459209124397033630e-03 -4.240801629031267818e-03
1.116500000000000000e+04 1.999983060687446468e+00 1.998015789481968119e+00 5.851481594906281745e-03 1.967629548753828221e-03 5.095115110434436006e-04 -6.361351449225438430e-03
1.117000000000000000e+04 1.999983056950781490e+00 1.128819964796251796e+00 1.538341291898927699e-03 8.711634505802083872e-01 -2.887418829375206419e-04 -1.249957834639935182e-03
1.117500000000000000e+04 1.999983048755630932e+00 1.798192367574325684e-02 2.014194785638610016e-04 1.982001483690285060e+00 -2.763999599679204029e-04 7.462187100650433742e-05
1.118000000000000000e+04 1.999983040222877539e+00 7.662915380480204153e-01 2.948500436100402592e-04 1.233691860978836985e+00 3.573508161803090871e-04 -6.525596637702664373e-04
1.118500000000000000e+04 1.999983032055112853e+00 1.957479254502680011e+00 2.656696751126572890e-03 4.250413654126809770e-02 1.031740790704647331e-03 -3.688796530666523573e-03
1.119000000000000000e+04 1.999983027881563347e+00 1.353716782484833958e+00 5.219625329409854735e-03 6.462666044790539299e-01 3.403368970637027417e-06 -5.223387780705169257e-03
1.119500000000000000e+04 1.999983019227720593e+00 1.163255116201228206e-01 3.566687138992731630e-03 1.883657866880232623e+00 -2.994084693667123029e-03 -5.729617179604312108e-04
1.120000000000000000e+04 1.999983009552411151e+00 5.552693367478078734e-01 4.667664793539149509e-03 1.444714032287686578e+00 -2.249315769658593797e-03 -2.418708506963785504e-03
1.120500000000000000e+04 1.999982999891923185e+00 1.852777738068650093e+00 5.926932280245177098e-03 1.472056215178476346e-01 4.862642266933756376e-04 -6.413556201513057921e-03
1.121000000000000000e+04 1.999982995648116324e+00 1.578494111169205016e+00 2.101913486406675313e-03 4.214892442670578054e-01 3.200824545793108417e-04 -2.422355729132760413e-03
1.121500000000000000e+04 1.999982988302698939e+00 2.182261071590016477e-01 1.350702952919044465e-04 1.781757241095763611e+00 -1.552672270498373216e-04 1.983697969137825537e-05
1.122000000000000000e+04 1.999982979863150101e+00 3.368313934542590538e-01 1.404862606650495187e-04 1.663151946551022720e+00 -1.575411667809978070e-06 -1.392709911288146944e-04
1.122500000000000000e+04 1.999982971268279730e+00 1.710255657892148173e+00 2.123272608852049340e-03 2.897276737118805179e-01 5.915918382115660555e-04 -2.715224782812972887e-03
1.123000000000000000e+04 1.999982967011547430e+00 1.749921588338805067e+00 5.660363304334697053e-03 2.500617391034740122e-01 4.617391895304581869e-04 -6.122462924596831779e-03
1.123500000000000000e+04 1.999982959680115302e+00 4.107868062608004966e-01 4.324288093482633877e-03 1.589196514010371430e+00 -2.433515146794897228e-03 -1.891133537744189158e-03
1.124000000000000000e+04 1.999982950306751217e+00 2.000800625496857998e-01 3.801311649594924218e-03 1.799903248550514645e+00 -2.882484582797210058e-03 -9.191878602469530108e-04
1.124500000000000000e+04 1.999982940204935833e+00 1.509650461652547015e+00 5.578615782538183868e-03 4.903328395641459170e-01 1.308688463945342068e-04 -5.709845640689980954e-03
1.125000000000000000e+04 1.999982934042453753e+00 1.893472502039483585e+00 2.672540647224647733e-03 1.065107931498735921e-01 8.473424751165991187e-04 -3.520244269244836560e-03
1.125500000000000000e+04 1.999982928839864726e+00 6.024194144280190510e-01 2.199791101715800319e-04 1.397563875672343414e+00 1.651016566697191068e-04 -3.854420273392917466e-04
1.126000000000000000e+04 1.999982920386990992e+00 6.338339343496747491e-02 1.185718972854941293e-04 1.936599888400611702e+00 -1.891308384092836494e-04 7.019749253534892394e-05
1.126500000000000000e+04 1.999982911635196592e+00 1.297220988724219648e+00 1.550418815770141347e-03 7.027622845549995612e-01 2.618007537941248304e-05 -1.576960535172138673e-03
1.127000000000000000e+04 1.999982904092092006e+00 1.972283669077782964e+00 5.699827260796416772e-03 2.769959682592582767e-02 6.147262079186900869e-04 -6.314915280332037036e-03
1.127500000000000000e+04 1.999982899599893393e+00 8.474742641426291634e-01 5.310133813056137041e-03 1.152508997365493837e+00 -1.664182628910950389e-03 -3.646313092374973974e-03
1.128000000000000000e+04 1.999982890567461036e+00 3.674468813539577550e-02 3.295520625481598073e-03 1.963238564533914321e+00 -3.209570264348978602e-03 -8.631246298142661679e-05
1.128500000000000000e+04 1.999982880647796835e+00 1.049274603640164116e+00 4.881970189244934193e-03 9.507086393207628827e-01 -4.674393161616776163e-04 -4.414893186213330808e-03
1.129000000000000000e+04 1.999982871916752281e+00 1.999653331998538786e+00 3.109763304910637301e-03 3.299024197921622678e-04 1.174644700250487448e-03 -4.284770506739494361e-03
1.129500000000000000e+04 1.999982868722202989e+00 1.080246653528725842e+00 4.277193814788654938e-04 9.197365777634447515e-01 6.106151785406968829e-04 -1.038697129987191901e-03
1.130000000000000000e+04 1.999982860608701563e+00 1.022724172269673035e-02 2.384952576974842277e-04 1.989755981633370086e+00 -1.596432348627339188e-04 -7.921477020002070865e-05
1.130500000000000000e+04 1.999982852093739494e+00 8.155166215004613361e-01 1.077665478410803380e-03 1.184466593527941036e+00 -5.328429368537631380e-04 -5.451854762197584029e-04
1.131000000000000000e+04 1.999982843351947759e+00 1.968575338281580489e+00 5.330303622875243348e-03 3.140786819670423474e-02 4.226239292022042305e-04 -5.753290678414409165e-03
1.131500000000000000e+04 1.999982839049063044e+00 1.323662898281343869e+00 6.299173086843103814e-03 6.763203039871595879e-01 -8.641007961968793930e-04 -5.435435510086739086e-03
1.132000000000000000e+04 1.999982830392768474e+00 1.036952416346885592e-01 3.261363383186850502e-03 1.896287952161457291e+00 -3.152303654352848344e-03 -1.094231322115417083e-04
1.132500000000000000e+04 1.999982820620153756e+00 5.798855449671567186e-01 3.991482068138774326e-03 1.420097639261793443e+00 -1.163119274295924951e-03 -2.828726402639439742e-03
1.133000000000000000e+04 1.999982811030297514e+00 1.872011729723864759e+00 3.305979109798928318e-03 1.279714451179858881e-01 1.232075906454086064e-03 -4.538418827806239148e-03
1.133500000000000000e+04 1.999982807615702463e+00 1.539381253170321484e+00 7.004024652849575152e-04 4.606019183294381425e-01 1.077738896329553291e-03 -1.778505245671372671e-03
1.134000000000000000e+04 1.999982800156909324e+00 1.898521452542486221e-01 4.747311176922619069e-04 1.810131018946910642e+00 8.138907166800997623e-05 -5.564842336101943334e-04
1.134500000000000000e+04 1.999982791281368355e+00 3.784165239304224104e-01 8.225931494407764206e-04 1.621566631587391782e+00 -9.542219710696709604e-04 1.312645851830323976e-04
1.135000000000000000e+04 1.999982782278541871e+00 1.739733862016945132e+00 4.638792040085144494e-03 2.602492846927669801e-01 -7.320284423665812917e-05 -4.565953627018859776e-03
1.135500000000000000e+04 1.999982777648998455e+00 1.727349903525853936e+00 7.064427205532524887e-03 2.726332386535548769e-01 -2.185882475266099961e-04 -6.846203488416436125e-03
1.136000000000000000e+04 1.999982769793278825e+00 3.851884167309432283e-01 3.700958749637646514e-03 1.614794717757819686e+00 -2.721315918466601144e-03 -9.800075266548525111e-04
1.136500000000000000e+04 1.999982759963002454e+00 2.118642251041001623e-01 3.104490195149237162e-03 1.788118899758622815e+00 -1.788704826686014684e-03 -1.316150268183715558e-03
1.137000000000000000e+04 1.999982749886321631e+00 1.540490062096553814e+00 3.211122027962890098e-03 4.594930528992752228e-01 1.014181256929889974e-03 -4.225668394400282531e-03
1.137500000000000000e+04 1.999982745008265450e+00 1.871890518032646611e+00 9.652929283485125111e-04 1.280925921872329287e-01 1.458097773805739966e-03 -2.423755913768259069e-03
1.138000000000000000e+04 1.999982739599264869e+00 5.600229980912546646e-01 7.726297857471072904e-04 1.439960106832988140e+00 4.783772088296423712e-04 -1.251372319554950588e-03
1.138500000000000000e+04 1.999982730629217054e+00 8.869635957356664102e-02 8.528194773110307552e-04 1.911286736571229605e+00 -1.138444648002851639e-03 2.852596551127039399e-04
1.139000000000000000e+04 1.999982721317112411e+00 1.339631209769094333e+00 3.787780077151375272e-03 6.603518772618811594e-01 -7.595223161590052225e-04 -3.028623474855325019e-03
1.139500000000000000e+04 1.999982713465254358e+00 1.963599727461616595e+00 7.429495928859528725e-03 3.638335188374384327e-02 1.226517673914381704e-04 -7.552513576356683148e-03
1.140000000000000000e+04 1.999982706719240833e+00 8.150069680927448657e-01 4.507319860845125301e-03 1.184976104646758177e+00 -2.013693715594626517e-03 -2.493992165512842578e-03
1.140500000000000000e+04 1.999982697223421590e+00 3.177301946941558236e-02 2.415678696837989751e-03 1.968210043969234713e+00 -2.193887439201062939e-03 -2.221574728660930236e-04
1.141000000000000000e+04 1.999982688944787812e+00 1.082971146540075091e+00 2.843334986937996484e-03 9.170119087890177267e-01 5.803751083801227464e-04 -3.424076479623191713e-03
1.141500000000000000e+04 1.999982681540142915e+00 1.999603130910464710e+00 1.153060098302236599e-03 3.799171663251557575e-04 1.664449535968027041e-03 -2.817876170917331044e-03
1.142000000000000000e+04 1.999982676343487142e+00 1.033716792121545325e+00 1.061178759990024333e-03 9.662662508667714256e-01 9.383386993889683298e-04 -1.999884104208509827e-03
1.142500000000000000e+04 1.999982667146787074e+00 1.446877791360961021e-02 1.169685158307624123e-03 1.985514256070020522e+00 -1.041485545610759461e-03 -1.285664495401165187e-04
1.143000000000000000e+04 1.999982658428673288e+00 8.624015908033615396e-01 2.978046611488233564e-03 1.137581434643862632e+00 -1.477645620819710397e-03 -1.500768009219112650e-03
1.143500000000000000e+04 1.999982650343958612e+00 1.976867932960806096e+00 7.309755049584373311e-03 2.311508456955171931e-02 8.043610329528576384e-05 -7.390558339279122355e-03
1.144000000000000000e+04 1.999982645965968642e+00 1.292038501799258166e+00 5.489171732041131860e-03 7.079445114426702323e-01 -1.190607340775329389e-03 -4.298931667225809952e-03
1.144500000000000000e+04 1.999982638257175482e+00 8.198581763127492372e-02 2.072699554654661505e-03 1.917997188058245372e+00 -2.280287482280702986e-03 2.072204952812850445e-04
1.145000000000000000e+04 1.999982629830139302e+00 6.069810683118953554e-01 2.283514975595747794e-03 1.393001929120483373e+00 3.998401165065604827e-05 -2.323866589485510704e-03
1.145500000000000000e+04 1.999982620555506241e+00 1.892479563699491329e+00 1.214997674324560378e-03 1.075034246463958537e-01 1.651645927860573727e-03 -2.867011392566100325e-03
1.146000000000000000e+04 1.999982614639316036e+00 1.499588418910928977e+00 1.269927190558248556e-03 5.003945636411755160e-01 1.352431181315073491e-03 -2.622726284661396588e-03
1.146500000000000000e+04 1.999982606791890216e+00 1.731699698272905763e-01 1.707443281391467530e-03 1.826813005037855930e+00 -6.854479944791261629e-04 -1.022363360168367661e-03
1.147000000000000000e+04 1.999982599024686003e+00 4.203041403954040911e-01 2.402195574849932177e-03 1.579678826861293350e+00 -2.060737260949039272e-03 -3.418265459126873865e-04
1.147500000000000000e+04 1.999982590641040225e+00 1.764058266854695134e+00 6.732476114491344615e-03 2.359246921899050276e-01 -3.353105346497496707e-04 -6.397533983401167308e-03
1.148000000000000000e+04 1.999982585006360614e+00 1.704062499879384962e+00 6.415181335099106284e-03 2.959204536461284007e-01 -4.400343405569734725e-04 -5.975515513694832151e-03
1.148500000000000000e+04 1.999982577408202067e+00 3.507099495576595505e-01 2.142871749922221295e-03 1.649272996522734847e+00 -2.024078397999412842e-03 -1.191620241155191471e-04
1.149000000000000000e+04 1.999982568618698053e+00 2.244157897082659503e-01 1.655525746407722444e-03 1.775567147758604136e+00 -4.741492048838669691e-04 -1.181745389695612689e-03
1.149500000000000000e+04 1.999982559016126871e+00 1.575672847337955540e+00 1.134743960095737194e-03 4.243100807189252865e-01 1.427296698715917580e-03 -2.562409699565622312e-03
1.150000000000000000e+04 1.999982553561862275e+00 1.848148191940398810e+00 1.346298089596497435e-03 1.518347307729212281e-01 1.621539868400172484e-03 -2.968207109454538365e-03
1.150500000000000000e+04 1.999982546746900791e+00 5.274666826247587093e-01 2.348060540141737665e-03 1.472516233411081510e+00 -1.537676719049527034e-04 -2.194662157176391262e-03
1.151000000000000000e+04 1.999982538388315412e+00 1.173225790269345203e-01 2.199894443707501712e-03 1.882660328818966722e+00 -2.373097424806589438e-03 1.728335235130896801e-04
1.151500000000000000e+04 1.999982529255260877e+00 1.375247132331902655e+00 5.830942090332655835e-03 6.247357665658116455e-01 -1.027818686034077857e-03 -4.803493046752047371e-03
1.152000000000000000e+04 1.999982520832813027e+00 1.954146442532603167e+00 7.067536228820012548e-03 4.583644811410302056e-02 6.689544398808536718e-05 -7.134801486701270075e-03
1.152500000000000000e+04 1.999982515334562061e+00 7.747523770986999292e-01 2.598359742754765851e-03 1.225230508159214082e+00 -1.481398009157048039e-03 -1.117331656949444984e-03
1.153000000000000000e+04 1.999982505556010981e+00 2.522940452637949596e-02 1.097059306006594034e-03 1.974753471148213313e+00 -8.370392295625108531e-04 -2.603901950260991034e-04
1.153500000000000000e+04 1.999982495921206027e+00 1.123622506053548520e+00 9.315771848456496935e-04 8.763603601784657471e-01 1.049466558351164983e-03 -1.981414054005119305e-03
1.154000000000000000e+04 1.999982489555390153e+00 1.997494578517569508e+00 1.269192251313150995e-03 2.488281475724994293e-03 1.680006562187311191e-03 -2.949569251404781517e-03
1.154500000000000000e+04 1.999982485500212848e+00 9.940461355421512657e-01 2.948227161189064145e-03 1.005936720476441337e+00 4.278557024538758718e-04 -3.376453382022546156e-03
1.155000000000000000e+04 1.999982475387097614e+00 2.470969089439853036e-02 2.425317515941370974e-03 1.975273155214103626e+00 -2.342125948219391917e-03 -8.356228912623841023e-05
1.155500000000000000e+04 1.999982465593714398e+00 9.019061571373303554e-01 4.813825008791455286e-03 1.098076679374348830e+00 -1.836111629718502683e-03 -2.978084297037986855e-03
1.156000000000000000e+04 1.999982457356469512e+00 1.983442834521717435e+00 7.292453530490943664e-03 1.653999391746420120e-02 2.157398756013909286e-04 -7.508564488804353454e-03
1.156500000000000000e+04 1.999982452005472977e+00 1.254380089654853814e+00 3.323168809542844260e-03 7.456027335403480061e-01 -7.752792774555750371e-04 -2.548260721816274395e-03
1.157000000000000000e+04 1.999982444233301626e+00 5.627261740799005540e-02 7.279543754032021799e-04 1.943710198169101178e+00 -9.606023253382433950e-04 2.322766061455085521e-04
1.157500000000000000e+04 1.999982436397698793e+00 6.425665516475663752e-01 6.547369498785049003e-04 1.357416256248935804e+00 6.121198756864952659e-04 -1.267228324368365085e-03
1.158000000000000000e+04 1.999982427502480897e+00 1.912556465639010383e+00 1.055339820660239824e-03 8.742633353941554886e-02 1.511730143216198207e-03 -2.567441639821717476e-03
1.158500000000000000e+04 1.999982421617463313e+00 1.463216782977816210e+00 3.372506790854316004e-03 5.367660104340500338e-01 9.204964939250089972e-04 -4.293375079182037111e-03
1.159000000000000000e+04 1.999982413885791344e+00 1.642310627075659335e-01 3.034290328491435693e-03 1.835751723125894408e+00 -1.975551984005653305e-03 -1.059110292154820344e-03
1.159500000000000000e+04 1.999982406082706499e+00 4.553892964881555150e-01 3.917023047968569600e-03 1.544593481696751036e+00 -2.572616690625647608e-03 -1.344778459542766503e-03
1.160000000000000000e+04 1.999982397445732252e+00 1.785029589788878601e+00 7.035744275447423576e-03 2.149531799306253488e-01 -2.468953402538095028e-05 -7.011427015193887578e-03
1.160500000000000000e+04 1.999982391783241775e+00 1.676775840525696726e+00 4.140430710030070828e-03 3.232069236448231742e-01 -6.696589786789709038e-05 -4.073837199440280554e-03
1.161000000000000000e+04 1.999982384156877568e+00 3.102641408665420264e-01 6.230698167534711373e-04 1.689718615829040704e+00 -8.138497114183188474e-04 1.904073559598324326e-04
1.161500000000000000e+04 1.999982375223273046e+00 2.455754629466880556e-01 3.705984309280616583e-04 1.754407284992900218e+00 2.221340405531840997e-04 -5.931051877965568637e-04
1.162000000000000000e+04 1.999982365976663345e+00 1.613328481607241072e+00 7.564015129648133913e-04 3.866542572699623315e-01 1.154490052644156599e-03 -1.911264466149171538e-03
1.162500000000000000e+04 1.999982360823812533e+00 1.824704250167401343e+00 3.525164173630055547e-03 1.752784836603926144e-01 1.204453929048265480e-03 -4.729991106659833973e-03
1.163000000000000000e+04 1.999982353845013439e+00 5.030527620999635241e-01 3.894028798047483898e-03 1.496929964887364850e+00 -1.360011706309864274e-03 -2.534390234052534812e-03
1.163500000000000000e+04 1.999982345055108190e+00 1.407399129085283584e-01 3.349260471411701513e-03 1.859242805463139581e+00 -3.066831771807512329e-03 -2.828020161639995759e-04
1.164000000000000000e+04 1.999982335501931052e+00 1.405542512466676275e+00 6.355046419990835124e-03 5.944401965418516509e-01 -5.953686117095051888e-04 -5.760051314877796987e-03
1.164500000000000000e+04 1.999982327624645118e+00 1.942569159582486993e+00 4.853752395843360934e-03 5.741354170728427825e-02 4.818425384181594076e-04 -5.335968599387759873e-03
1.165000000000000000e+04 1.999982322577483984e+00 7.274945516696817993e-01 7.957022676980040829e-04 1.272488144672714760e+00 -4.297809022832225242e-04 -3.662951303274190927e-04
1.165500000000000000e+04 1.999982313445323179e+00 2.597221695441966072e-02 1.461679668671300584e-04 1.974010470438503306e+00 -2.636129738456678803e-05 -1.201806170824229795e-04
1.166000000000000000e+04 1.999982304193409721e+00 1.170168249222312884e+00 4.471389936976311518e-04 8.298144291039512010e-01 6.911995672420906270e-04 -1.138712693794393304e-03
1.166500000000000000e+04 1.999982296767652823e+00 1.993573944401562548e+00 3.373305778565648203e-03 6.408726648485953310e-03 1.207629152371210912e-03 -4.581309213332270674e-03
1.167000000000000000e+04 1.999982292940506445e+00 9.614754002297238866e-01 4.813271393965133996e-03 1.038507267068478956e+00 -6.412937780563134158e-04 -4.172351973605234986e-03
1.167500000000000000e+04 1.999982282825285340e+00 3.197808684706796023e-02 3.244055488797114358e-03 1.968004570538035347e+00 -3.204865734445164725e-03 -3.956431416986192211e-05
1.168000000000000000e+04 1.999982272895165281e+00 9.342153359878913044e-01 5.405963415908025642e-03 1.065767311665839268e+00 -1.361265066846098493e-03 -4.045073107627221963e-03
1.168500000000000000e+04 1.999982264438280533e+00 1.989203468648417461e+00 5.292953478086713862e-03 1.077917071802890481e-02 7.469497345831057223e-04 -6.040278140835606685e-03
1.169000000000000000e+04 1.999982259705149090e+00 1.209863230550538349e+00 1.195248696037628892e-03 7.901194041782396704e-01 1.025671946691400157e-04 -1.298190914335782499e-03
1.169500000000000000e+04 1.999982250919712934e+00 3.538755943778274654e-02 3.296190688366091182e-05 1.964595066682742086e+00 -7.419447633916312910e-05 4.085736864368681687e-05
1.170000000000000000e+04 1.999982242134548782e+00 6.872603114632606092e-01 2.074123038477983206e-04 1.312722306049372900e+00 2.301351299080587210e-04 -4.379228118406364775e-04
1.170500000000000000e+04 1.999982234245370805e+00 1.930188324749131379e+00 2.955696236619002881e-03 6.979428503343443335e-02 9.230454349901031242e-04 -3.879117208804324594e-03
1.171000000000000000e+04 1.999982230321100118e+00 1.431690502501939743e+00 5.586071245255419884e-03 5.682921034354033729e-01 9.321549185725092008e-06 -5.595768410684356410e-03
1.171500000000000000e+04 1.999982220480349682e+00 1.546848765897921030e-01 3.628983054053155303e-03 1.845297719705193629e+00 -2.955809542348250291e-03 -6.735493263407493032e-04
1.172000000000000000e+04 1.999982211416827749e+00 4.818995169469768025e-01 4.405599038193330937e-03 1.518083070466947904e+00 -2.143133498572712820e-03 -2.262841536717662746e-03
1.172500000000000000e+04 1.999982203301348349e+00 1.805648503426729334e+00 5.353360662295440428e-03 1.943340760351416063e-01 6.707257502536090755e-04 -6.024462573071364194e-03
1.173000000000000000e+04 1.999982197833094721e+00 1.643944329242640112e+00 1.719684200882968649e-03 3.560382448626307483e-01 6.591860898129445982e-04 -2.379246562872033930e-03
1.173500000000000000e+04 1.999982189905244123e+00 2.716150287915354289e-01 5.495525535403228309e-05 1.728367537547312649e+00 8.915017400760286734e-05 -1.444818629652334127e-04
1.174000000000000000e+04 1.999982181261051206e+00 2.781290103899607402e-01 1.025098768193209161e-04 1.721853547481023483e+00 -1.209883533838825823e-04 1.810186663132597897e-05
1.174500000000000000e+04 1.999982172838824068e+00 1.649513549997308592e+00 2.374753145033738338e-03 3.504689996231493132e-01 4.111174649361589773e-04 -2.786247391603934986e-03
1.175000000000000000e+04 1.999982168035998376e+00 1.803140997318334549e+00 6.039391261596170797e-03 1.968415475977745022e-01 4.350065189237711837e-04 -6.474774660630322129e-03
1.175500000000000000e+04 1.999982159589124509e+00 4.799854096746916099e-01 4.419133342259812941e-03 1.519997126966597722e+00 -2.378991809863205582e-03 -2.040518584561386989e-03
1.176000000000000000e+04 1.999982150900560862e+00 1.549922127332580557e-01 3.582224277029078235e-03 1.844990315396301206e+00 -2.759230722676803485e-03 -8.233707833509804628e-04
1.176500000000000000e+04 1.999982143089783948e+00 1.435002202483723455e+00 5.019371719626969895e-03 5.649803179939584252e-01 2.752793229454408614e-04 -5.295028430470493687e-03
1.177000000000000000e+04 1.999982136742694205e+00 1.927654204396037185e+00 2.239984626563108240e-03 7.232830986513984206e-02 1.110491631878916287e-03 -3.350853776924874686e-03
1.177500000000000000e+04 1.999982129076419257e+00 6.791263388894708264e-01 2.032403819173451737e-04 1.320856167864200126e+00 4.233497903395589367e-04 -6.269678495083126288e-04
1.178000000000000000e+04 1.999982120843196931e+00 3.895245734966395340e-02 1.667758175921962578e-04 1.961030041340713570e+00 -2.807516127212061658e-04 1.135979479486018206e-04
1.178500000000000000e+04 1.999982112829414183e+00 1.217592971730678597e+00 1.773238312152345970e-03 7.823895191112500980e-01 -2.140979528469878963e-04 -1.559518371819788689e-03
1.179000000000000000e+04 1.999982105960694589e+00 1.988518011543605857e+00 6.073574113482604377e-03 1.146447257195586447e-02 5.303668604057309261e-04 -6.604319128755360528e-03
1.179500000000000000e+04 1.999982099082936449e+00 9.313477879221918609e-01 5.436251283893506377e-03 1.068634689458155984e+00 -1.610452419609999372e-03 -3.826177161695064940e-03
1.180000000000000000e+04 1.999982091249371985e+00 3.040313328480532401e-02 3.122787761271310445e-03 1.969579336423271654e+00 -3.067193537906705899e-03 -5.597268206949016054e-05
1.180500000000000000e+04 1.999982083443714975e+00 9.643694062236582987e-01 4.366935187574537240e-03 1.035613055839737173e+00 -3.433033639686679109e-04 -4.024010443286218236e-03
1.181000000000000000e+04 1.999982074106713581e+00 1.994249948968981112e+00 2.630675820655544242e-03 5.732503952502545491e-03 1.352130507182498689e-03 -3.983185142607874492e-03
1.181500000000000000e+04 1.999982068399666080e+00 1.162126751415749837e+00 4.385669094795666785e-04 8.378556959189353837e-01 8.470141875100765765e-04 -1.285960032008866532e-03
1.182000000000000000e+04 1.999982060184339661e+00 2.595130574311583366e-02 3.945814049313848323e-04 1.974031133548175942e+00 -2.134295678557754285e-04 -1.815309440276033544e-04
1.182500000000000000e+04 1.999982052144713363e+00 7.360171510873875222e-01 1.300991985413463975e-03 1.263965280332526975e+00 -8.114763079161722631e-04 -4.898949526982788235e-04
1.183000000000000000e+04 1.999982043757504879e+00 1.944282832188335419e+00 5.686113550601033101e-03 5.569959102033669035e-02 2.666579590676171579e-04 -5.953150960835794543e-03
1.183500000000000000e+04 1.999982038632273085e+00 1.402594592499813109e+00 6.449359374561539765e-03 5.973878256917174445e-01 -8.315780531161122294e-04 -5.618160880702669294e-03
1.184000000000000000e+04 1.999982030825643298e+00 1.374527918692158290e-01 3.130183099712489925e-03 1.862529618679030774e+00 -2.996560472986074895e-03 -1.340023493294606037e-04
1.184500000000000000e+04 1.999982022944537086e+00 5.043911825161641049e-01 3.544766642285043269e-03 1.495591220316360159e+00 -1.038005153098805816e-03 -2.507141377173551563e-03
1.185000000000000000e+04 1.999982014394247498e+00 1.828020692164571415e+00 2.799107317897005925e-03 1.719617022980214904e-01 1.329747314665511576e-03 -4.129234700907640811e-03
1.185500000000000000e+04 1.999982008225938745e+00 1.607077300400429287e+00 7.012109181903335153e-04 3.929050880263668666e-01 1.257203082526824056e-03 -1.958794201574381999e-03
1.186000000000000000e+04 1.999982000205908994e+00 2.421720173571322299e-01 7.407966886931142015e-04 1.757810363220066785e+00 6.244004205182224828e-05 -8.036171020348956834e-04
1.186500000000000000e+04 1.999981992273640596e+00 3.180381745289105888e-01 1.079622230000022850e-03 1.681944198284277325e+00 -1.245860795492466496e-03 1.658580259446992258e-04
1.187000000000000000e+04 1.999981984191829820e+00 1.680894585381004669e+00 4.972851998935448603e-03 3.190877795217318402e-01 -3.009516471513796164e-04 -4.672281062690720153e-03
1.187500000000000000e+04 1.999981978428952312e+00 1.782883679609372996e+00 7.227796896318075190e-03 2.170986796538671992e-01 -2.269157386059197305e-04 -7.001261992000169451e-03
1.188000000000000000e+04 1.999981970745007054e+00 4.509671091854642877e-01 3.599808075590048458e-03 1.549015242557419736e+00 -2.564702101550678758e-03 -1.035486971916371127e-03
1.188500000000000000e+04 1.999981962722703566e+00 1.632311616827631096e-01 2.739121528805535128e-03 1.836751182209036992e+00 -1.645455640323584398e-03 -1.094047057578707979e-03
1.189000000000000000e+04 1.999981954383786231e+00 1.467986978129953046e+00 2.706399946855843255e-03 5.319953576014740948e-01 1.051661037232294897e-03 -3.758442331729327894e-03
1.189500000000000000e+04 1.999981947168153917e+00 1.909384573111810868e+00 9.258704992890769581e-04 9.059775556106083871e-02 1.554200492886772134e-03 -2.480452496893845692e-03
1.190000000000000000e+04 1.999981939427252220e+00 6.367754465568153943e-01 1.130668960101562960e-03 1.363206874542672864e+00 4.782559380112666090e-04 -1.609306570349184132e-03
1.190500000000000000e+04 1.999981931250395473e+00 6.194089179525590766e-02 1.173576043303133608e-03 1.938041421303093648e+00 -1.419693524694547009e-03 2.457356334376256668e-04
1.191000000000000000e+04 1.999981923318228327e+00 1.260343907383039364e+00 4.106045402371673314e-03 7.396383979534165709e-01 -1.045968085176799626e-03 -3.060459335422317274e-03
1.191500000000000000e+04 1.999981916248199321e+00 1.982778423237675280e+00 7.594580364059351323e-03 1.720387518139067720e-02 5.913855370098565760e-05 -7.654101088626733516e-03
1.192000000000000000e+04 1.999981910362662374e+00 8.971969259844412292e-01 4.420635833493434010e-03 1.102785366676439560e+00 -1.872633808941799247e-03 -2.548384322769799062e-03
1.192500000000000000e+04 1.999981902353361818e+00 2.113317409244758194e-02 2.130530110022442816e-03 1.978849110732667560e+00 -2.023792965469484693e-03 -1.071196163059964329e-04
1.193000000000000000e+04 1.999981894241259273e+00 9.987387215091011461e-01 2.375238590845761642e-03 1.001243555380353145e+00 5.864430560818381438e-04 -2.962064295122189637e-03
1.193500000000000000e+04 1.999981884504115959e+00 1.997983073544556509e+00 1.057908547422995588e-03 1.999193822469783055e-03 1.665654254345555387e-03 -2.723945664678925800e-03
1.194000000000000000e+04 1.999981879427368714e+00 1.116997127655634525e+00 1.476931165865081773e-03 8.829851347459970468e-01 9.313957652457889461e-04 -2.408709905374080591e-03
1.194500000000000000e+04 1.999981871427465530e+00 2.793277330270797082e-02 1.574401894454471439e-03 1.972049481272869498e+00 -1.295864192280458136e-03 -2.789208502859049374e-04
1.195000000000000000e+04 1.999981863549567640e+00 7.815730445008285399e-01 3.294371979944266289e-03 1.218409202367768840e+00 -1.800033670605675085e-03 -1.494721628368140577e-03
1.195500000000000000e+04 1.999981855011498055e+00 1.955277310809733660e+00 7.467619076303046340e-03 4.470492770669306365e-02 -4.346672049016466117e-05 -7.424535860741814097e-03
1.196000000000000000e+04 1.999981849748883489e+00 1.371168503732324462e+00 5.400636198179352594e-03 6.288137296371828500e-01 -1.081588933505043528e-03 -4.319430885298134251e-03
1.196500000000000000e+04 1.999981841803256666e+00 1.115370292030400251e-01 1.852405791573540766e-03 1.888445196395287518e+00 -2.085112190511030639e-03 2.323226038668482383e-04
1.197000000000000000e+04 1.999981833809143961e+00 5.305604377555330764e-01 1.883082243854256998e-03 1.469421780025113256e+00 4.620080874674780563e-05 -1.929667024103474135e-03
1.197500000000000000e+04 1.999981825163027693e+00 1.852035535652994724e+00 1.066762273854744182e-03 1.479466736733169585e-01 1.564152064584689670e-03 -2.631298501723405674e-03
1.198000000000000000e+04 1.999981818997848215e+00 1.569962128030750304e+00 1.700361891180851613e-03 4.300200752685245376e-01 1.309517653995640905e-03 -3.010263846603305257e-03
1.198500000000000000e+04 1.999981810805515181e+00 2.239902431891771795e-01 2.201818704355830957e-03 1.775991952097834448e+00 -9.065762803627534956e-04 -1.295626905489473358e-03
1.199000000000000000e+04 1.999981802650249385e+00 3.572071414991190852e-01 2.734356754531652289e-03 1.642775045811083245e+00 -2.392166362314772626e-03 -3.425750521696673684e-04
1.199500000000000000e+04 1.999981794690987913e+00 1.706862598462758340e+00 6.878934536702611784e-03 2.931195810622561071e-01 -5.136571488982105390e-04 -6.365662221831094522e-03
1.200000000000000000e+04 1.999981789880561411e+00 1.761378568071027884e+00 6.310931131901078260e-03 2.386036067490698853e-01 -3.755392830340168343e-04 -5.935776788403332449e-03
1.200500000000000000e+04 1.999981782363562388e+00 4.132009214559959065e-01 1.960776240269050327e-03 1.586781246013682312e+00 -1.815261673529847868e-03 -1.458996728552538070e-04
1.201000000000000000e+04 1.999981774100443088e+00 1.735092149309218901e-01 1.342891764061296574e-03 1.826472944460080239e+00 -4.401596701992770144e-04 -9.031173844211990223e-04
1.201500000000000000e+04 1.999981765504195375e+00 1.505830683437308970e+00 9.530325556335372600e-04 4.941514675502102771e-01 1.273832986939967167e-03 -2.227251025897572251e-03
1.202000000000000000e+04 1.999981758795195796e+00 1.889220403166479212e+00 1.749107254259316688e-03 1.107617412637268844e-01 1.517544199377664780e-03 -3.267037088647625244e-03
1.202500000000000000e+04 1.999981751044164424e+00 6.039926854074236795e-01 2.921351730960144392e-03 1.395989451444151541e+00 -3.462427572971265612e-04 -2.575494781073424909e-03
1.203000000000000000e+04 1.999981743149749303e+00 8.706524065002128887e-02 2.564670749961904875e-03 1.912916888480832300e+00 -2.688448387005251596e-03 1.233916559391878788e-04
1.203500000000000000e+04 1.999981735348179246e+00 1.295974305635698043e+00 5.967197477977883441e-03 7.040078158645924900e-01 -1.244018470410525150e-03 -4.723565159678888917e-03
1.204000000000000000e+04 1.999981727274863008e+00 1.976021314026892517e+00 6.938661598996718159e-03 2.396079957900011659e-02 8.179918020777117113e-05 -7.020847110233669613e-03
1.204500000000000000e+04 1.999981721722358330e+00 8.551888537741536567e-01 2.421850735880999063e-03 1.144793254403105198e+00 -1.276641682702756323e-03 -1.145595508078651971e-03
1.205000000000000000e+04 1.999981713615188728e+00 1.153622734725527274e-02 8.762206287030636052e-04 1.988445872904845091e+00 -7.572025618114557608e-04 -1.194047038030130316e-04
1.205500000000000000e+04 1.999981705510045948e+00 1.040728801260246250e+00 7.475258954659345532e-04 9.592532910693630788e-01 8.644115887116827438e-04 -1.612324303740833966e-03
1.206000000000000000e+04 1.999981696330683789e+00 1.999763543058617810e+00 1.612069856097015589e-03 2.185403002968704642e-04 1.500890156015726113e-03 -3.113347040343597202e-03
1.206500000000000000e+04 1.999981690827953074e+00 1.078581094262456519e+00 3.574649435059726581e-03 9.214009837167803640e-01 2.500626222683236801e-04 -3.825099208611977726e-03
1.207000000000000000e+04 1.999981682691068130e+00 3.468110210359411777e-02 2.833884201118632221e-03 1.965300967918295338e+00 -2.622958862585987334e-03 -2.113126693541291564e-04
1.207500000000000000e+04 1.999981674887536087e+00 8.192682055089558490e-01 4.945341613938636707e-03 1.180713856880871715e+00 -2.066005542070250764e-03 -2.879723574160210960e-03
1.208000000000000000e+04 1.999981666365039601e+00 1.964579475059761604e+00 7.136280826062569096e-03 3.540257899568998584e-02 1.854024336589645710e-04 -7.322070950133653146e-03
1.208500000000000000e+04 1.999981661294856439e+00 1.333550569350351767e+00 3.120226994676897955e-03 6.664314797484025554e-01 -5.933943490486373422e-04 -2.527220449526166018e-03
1.209000000000000000e+04 1.999981653256889924e+00 8.273871652274190913e-02 5.849601025955317168e-04 1.917243324718826969e+00 -8.297111585518039678e-04 2.443630712770986351e-04
1.209500000000000000e+04 1.999981645200163749e+00 5.660447077950756523e-01 5.027655202639716219e-04 1.433937325571954968e+00 4.342177184837189515e-04 -9.373714056144871959e-04
1.210000000000000000e+04 1.999981636516147798e+00 1.875646613305440136e+00 1.322774084168984584e-03 1.243354115744315647e-01 1.259142089543426046e-03 -2.582304537436084894e-03
1.210500000000000000e+04 1.999981630832041279e+00 1.536181431716162171e+00 4.015817902486441132e-03 4.638005876085126156e-01 7.378819156276127025e-04 -4.754088310747772196e-03
1.211000000000000000e+04 1.999981622356671096e+00 2.123604402157902582e-01 3.488948549038703786e-03 1.787621570820928651e+00 -2.212994443276183366e-03 -1.276342785810317829e-03
1.211500000000000000e+04 1.999981614080996728e+00 3.888851055693297587e-01 4.051021037379608225e-03 1.611096897373330838e+00 -2.789431598143934758e-03 -1.261978300899330814e-03
1.212000000000000000e+04 1.999981606227460462e+00 1.729705885263502552e+00 6.855628567694407871e-03 2.702761099978233106e-01 -8.639311124589296124e-05 -6.769624490314153122e-03
1.212500000000000000e+04 1.999981600694618056e+00 1.735767655276446275e+00 3.885940032044705918e-03 2.642143345752451244e-01 7.770135494857474396e-05 -3.964030544066336585e-03
1.213000000000000000e+04 1.999981592606767000e+00 3.703919412508994147e-01 5.280945453308666208e-04 1.629590040694749664e+00 -6.398785691336604216e-04 1.113946849208177184e-04
1.213500000000000000e+04 1.999981584487176001e+00 1.933558747014760826e-01 2.794351654607425705e-04 1.806626099308065170e+00 8.655972677352295080e-05 -3.663844145993328731e-04
1.214000000000000000e+04 1.999981576343415890e+00 1.546079297459005186e+00 9.522964003359937844e-04 4.539026685906321079e-01 8.466063398919071187e-04 -1.799292446449245490e-03
1.214500000000000000e+04 1.999981570289421029e+00 1.869242315565155854e+00 4.145635195414244627e-03 1.307396445677778685e-01 9.973506000582235253e-04 -5.143375638985090044e-03
1.215000000000000000e+04 1.999981562900746468e+00 5.782932677038550295e-01 4.386899295584530470e-03 1.421688685203773339e+00 -1.555265812967672034e-03 -2.832023489498573538e-03
1.215500000000000000e+04 1.999981553888068309e+00 1.060728602224441236e-01 3.491642659270488992e-03 1.893909083869552035e+00 -3.246762491370444158e-03 -2.452703718280090984e-04
1.216000000000000000e+04 1.999981545665689531e+00 1.326604812993318783e+00 6.158715242420572701e-03 6.733771230555254395e-01 -6.669627284779340104e-04 -5.492142897097091261e-03
1.216500000000000000e+04 1.999981539231206584e+00 1.967213501063810766e+00 4.534163800729323034e-03 3.276842869190015051e-02 5.839685411298207790e-04 -5.118522866363262730e-03
1.217000000000000000e+04 1.999981532075468360e+00 8.068748374249823385e-01 7.086330629448755114e-04 1.193107085335298745e+00 -2.311123052571590199e-04 -4.779114425004359502e-04
1.217500000000000000e+04 1.999981523749962298e+00 1.027191117803739374e-02 1.313009480229883114e-04 1.989710003443906361e+00 -9.482797403602840714e-05 -3.686384596850524504e-05
1.218000000000000000e+04 1.999981515406011878e+00 1.088557993545768099e+00 5.926622803543056192e-04 9.114239129199284140e-01 3.594443355421690785e-04 -9.524976755813023381e-04
1.218500000000000000e+04 1.999981509264518120e+00 1.999515664631836831e+00 3.935674209504832002e-03 4.662358299076197962e-04 9.619394602155576998e-04 -4.898004866946753175e-03
1.219000000000000000e+04 1.999981503611562683e+00 1.046400015982992926e+00 5.327145580500695400e-03 9.535818789509278304e-01 -8.039457301756196489e-04 -4.523591172683109549e-03
1.219500000000000000e+04 1.999981494255494985e+00 3.736518923273898785e-02 3.396721078830867296e-03 1.962616696548466155e+00 -3.331851187029226131e-03 -6.526141751212780030e-05
1.220000000000000000e+04 1.999981485298486517e+00 8.500574324978830143e-01 5.202790082108345836e-03 1.149924444519927702e+00 -1.417343790137474925e-03 -3.785838011294923033e-03
1.220500000000000000e+04 1.999981477013002884e+00 1.973405349860408720e+00 4.908265992566615034e-03 2.657651905203551809e-02 8.125866092813362283e-04 -5.721244501289391403e-03
1.221000000000000000e+04 1.999981472017882123e+00 1.289566650034062123e+00 1.073667037667564751e-03 7.104152139938552102e-01 3.024126432079416653e-04 -1.376471690910801215e-03
1.221500000000000000e+04 1.999981463848514718e+00 5.983382517918989230e-02 9.223519711860350407e-05 1.940148030861021278e+00 -6.551933740213530463e-05 -2.710805141295944274e-05
1.222000000000000000e+04 1.999981455437421785e+00 6.106512058992572545e-01 3.347217088543583043e-04 1.389330641917522868e+00 -8.742123658330911134e-05 -2.476928516295863903e-04
1.222500000000000000e+04 1.999981447438071935e+00 1.896440720847499373e+00 3.436327811597282740e-03 1.035411191475598264e-01 6.349206247086454629e-04 -4.071640993293286666e-03
1.223000000000000000e+04 1.999981443520747248e+00 1.506589626427712103e+00 6.097216418279549806e-03 4.933922097363767079e-01 -1.353895298717555770e-04 -5.962219531749418308e-03
1.223500000000000000e+04 1.999981434523584456e+00 1.989251516715696277e-01 3.788334356392634127e-03 1.801056675689505893e+00 -3.024311956432525639e-03 -7.644152374511266378e-04
1.224000000000000000e+04 1.999981425196706741e+00 4.121372242025144739e-01 4.203461919448719768e-03 1.587844594031192047e+00 -2.159097465075591766e-03 -2.044757491372839030e-03
1.224500000000000000e+04 1.999981416798939593e+00 1.752819585686273163e+00 4.916005456108948554e-03 2.471622243293549182e-01 7.168258361665430511e-04 -5.633224508964122627e-03
1.225000000000000000e+04 1.999981411458977565e+00 1.704973354099085903e+00 1.527564874265156932e-03 2.950084506928429273e-01 8.381113735382891665e-04 -2.366069580754798143e-03
1.225500000000000000e+04 1.999981403993837281e+00 3.303915336395101265e-01 1.682565681315174812e-04 1.669590263850717182e+00 1.691348674090264255e-04 -3.377849319304122790e-04
1.226000000000000000e+04 1.999981395431432718e+00 2.247148964723799658e-01 2.460531587816249303e-04 1.775266892644123518e+00 -3.878725000613615029e-04 1.414256562089144455e-04
1.226500000000000000e+04 1.999981386838792563e+00 1.584316688755316838e+00 2.766315097106795354e-03 4.156650919572210667e-01 8.925699387895763624e-05 -2.855965964731242181e-03
1.227000000000000000e+04 1.999981381807824476e+00 1.850657621328239744e+00 6.521771594861038024e-03 1.493241544632718520e-01 2.926276860635194737e-04 -6.814793264611656784e-03
1.227500000000000000e+04 1.999981374139106372e+00 5.527417820176969698e-01 4.576200574540551305e-03 1.447239986269080791e+00 -2.394161082121272141e-03 -2.182433640090951713e-03
1.228000000000000000e+04 1.999981364886219914e+00 1.158507740438167316e-01 3.384736931451492927e-03 1.884130985185652252e+00 -2.716130980909033446e-03 -6.690002937915647506e-04
1.228500000000000000e+04 1.999981356739985561e+00 1.357259580599649684e+00 4.550336723895936561e-03 6.427221706550759750e-01 3.264924091809352866e-04 -4.877223647816620634e-03
1.229000000000000000e+04 1.999981350185068063e+00 1.955408347845692285e+00 1.955195236485965209e-03 4.457339699374398417e-02 1.254075563586483149e-03 -3.209665454440548561e-03
1.229500000000000000e+04 1.999981344088635149e+00 7.583431808622279613e-01 3.363247312794382499e-04 1.241638558011825433e+00 5.551392159382704779e-04 -8.918587326360849759e-04
1.230000000000000000e+04 1.999981335270732519e+00 2.147858083594370374e-02 3.544004057418805725e-04 1.978503149411531936e+00 -4.699193566029896078e-04 1.151239741180278475e-04
1.230500000000000000e+04 1.999981326329758557e+00 1.136582766956242718e+00 2.085716559422714795e-03 8.633989545440712288e-01 -5.493408279043736873e-04 -1.536770902073701347e-03
1.231000000000000000e+04 1.999981320008427321e+00 1.997729978359247038e+00 6.503692241729877588e-03 2.251736955620953304e-03 3.778384884044834924e-04 -6.881926036574794424e-03
1.231500000000000000e+04 1.999981313455537757e+00 1.015576315665194906e+00 5.578388988944387415e-03 9.844053932361017667e-01 -1.585779474272565933e-03 -3.993004960430853421e-03
1.232000000000000000e+04 1.999981304306064800e+00 3.090261056968344328e-02 2.927630046012599623e-03 1.969079089373254376e+00 -2.955627777798786049e-03 2.760209491274506684e-05
1.232500000000000000e+04 1.999981296269891295e+00 8.796876624085034901e-01 3.890127631068620272e-03 1.120294029664932856e+00 -2.597803415653599630e-04 -3.630743093048129609e-03
1.233000000000000000e+04 1.999981287617080605e+00 1.981955641712128902e+00 2.249541975098138386e-03 1.802604188945903727e-02 1.457944235999331702e-03 -3.707882195605162294e-03
1.233500000000000000e+04 1.999981282553193296e+00 1.243091031293061421e+00 5.501992558557735474e-04 7.568906473522775125e-01 1.002401482910545956e-03 -1.552996830912221470e-03
1.234000000000000000e+04 1.999981274071321202e+00 4.871352445530569703e-02 6.406210809228797976e-04 1.951268145888591654e+00 -3.128442989324579991e-04 -3.281730545662840171e-04
1.234500000000000000e+04 1.999981265721718415e+00 6.585499641099296086e-01 1.558781322873294259e-03 1.341431698062015121e+00 -1.132177815718884203e-03 -4.269999573808398708e-04
1.235000000000000000e+04 1.999981257474927387e+00 1.913272112339360342e+00 6.047532993363958359e-03 8.670954176050782447e-02 9.782347458157403285e-05 -6.145753092886009974e-03
1.235500000000000000e+04 1.999981252176796787e+00 1.478549873543528514e+00 6.563036599495492701e-03 5.214317753696924296e-01 -7.847973153950228709e-04 -5.778636020524628193e-03
1.236000000000000000e+04 1.999981244248613343e+00 1.772889469355795333e-01 2.929035762433777976e-03 1.822692694212943110e+00 -2.818693911567326550e-03 -1.107387507758691091e-04
1.236500000000000000e+04 1.999981236634177151e+00 4.323760210072834509e-01 3.081007999518948701e-03 1.567605612682444693e+00 -8.983071375001838634e-04 -2.183097917570207044e-03
1.237000000000000000e+04 1.999981227987653432e+00 1.778321404238503822e+00 2.336928768280518032e-03 2.216602209816016800e-01 1.408532573015085568e-03 -3.745858573747743239e-03
1.237500000000000000e+04 1.999981221248638974e+00 1.670692762392034902e+00 7.521176382101222918e-04 3.292888562304335243e-01 1.405968174955203164e-03 -2.158483186995041516e-03
1.238000000000000000e+04 1.999981213152629778e+00 3.000030400027343114e-01 1.042711951746465044e-03 1.699978570692794788e+00 4.766274210769503011e-05 -1.090772236753792838e-03
1.238500000000000000e+04 1.999981205137487006e+00 2.626404430436790061e-01 1.315406981906399805e-03 1.737341159804058677e+00 -1.522903193815573547e-03 2.070985016582994160e-04
1.239000000000000000e+04 1.999981197228683838e+00 1.617199468759296099e+00 5.259482271737588380e-03 3.827821263442060529e-01 -4.842619386292162801e-04 -4.775618207926854257e-03
1.239500000000000000e+04 1.999981191581678530e+00 1.832759030894079100e+00 7.301725170296012764e-03 1.672225586802479069e-01 -1.753299682452068048e-04 -7.126793194699190120e-03
1.240000000000000000e+04 1.999981184179911997e+00 5.205858266691106850e-01 3.380036209636159018e-03 1.479395755654861366e+00 -2.333836778489333918e-03 -1.046597575206918360e-03
1.240500000000000000e+04 1.999981176046720988e+00 1.205079275047226117e-01 2.301197318109914763e-03 1.879473646850736035e+00 -1.434333380273987522e-03 -8.672622465739548763e-04
1.241000000000000000e+04 1.999981166706210844e+00 1.392321057851337640e+00 2.193750047680987584e-03 6.076605073523519973e-01 1.124969415347081567e-03 -3.319117960506660654e-03
1.241500000000000000e+04 1.999981159416604148e+00 1.940643862365918126e+00 8.875713699861767633e-04 5.933769569794975635e-02 1.671092460753677289e-03 -2.559062478003640544e-03
1.242000000000000000e+04 1.999981153553443525e+00 7.162582270170492205e-01 1.469906857200258031e-03 1.283723325303828267e+00 5.274427085366550569e-04 -1.997748333170639660e-03
1.242500000000000000e+04 1.999981145547388595e+00 4.195290715361751216e-02 1.420527605983488203e-03 1.958028637325253341e+00 -1.629860804011841382e-03 2.089342665463081125e-04
1.243000000000000000e+04 1.999981136852663433e+00 1.179187595740792016e+00 4.323474557308918526e-03 8.207939402221363645e-01 -1.234202020846465828e-03 -3.089671646727169211e-03
1.243500000000000000e+04 1.999981127373741341e+00 1.994890735160739226e+00 7.622364928468877698e-03 5.090791518625637987e-03 1.026756737728566691e-04 -7.725439907865482188e-03
1.244000000000000000e+04 1.999981121904939041e+00 9.800433877084240297e-01 4.168441932874850445e-03 1.019938133613081277e+00 -1.610287783389660610e-03 -2.558553566051659841e-03
1.244500000000000000e+04 1.999981112113622839e+00 1.743560712430871143e-02 1.720403567777570092e-03 1.982545904602926123e+00 -1.738179971359092406e-03 1.737678996955144782e-05
1.245000000000000000e+04 1.999981102629996288e+00 9.146510052157756920e-01 1.850914130240424076e-03 1.085330497218040202e+00 6.812917847351617189e-04 -2.532605718795326050e-03
1.245500000000000000e+04 1.999981094988039887e+00 1.989495879054221206e+00 9.194572721600606990e-04 1.048561589129540401e-02 1.736116895558692747e-03 -2.655974125195707716e-03
1.246000000000000000e+04 1.999981091390496735e+00 1.199620626600282014e+00 1.823678050857654043e-03 8.003608648201012699e-01 1.013105047707525685e-03 -2.837183128451811753e-03
1.246500000000000000e+04 1.999981081821078588e+00 4.837076038148379470e-02 1.858622347713418266e-03 1.951610721663815884e+00 -1.427829773639273337e-03 -4.311927982950922492e-04
1.247000000000000000e+04 1.999981072324696463e+00 7.022846744109597639e-01 3.458898722854749329e-03 1.297696798330643109e+00 -1.978137960825965269e-03 -1.481161178934713120e-03
1.247500000000000000e+04 1.999981063907069645e+00 1.926813713652007820e+00 7.449293520347013801e-03 7.316775084193431755e-02 -1.397271751258525325e-05 -7.435721389706950908e-03
1.248000000000000000e+04 1.999981059710881581e+00 1.447580543227642069e+00 5.104987751336864318e-03 5.524009171542614283e-01 -8.126731289846434716e-04 -4.292715293373739263e-03
1.248500000000000000e+04 1.999981052016881256e+00 1.474177402039870965e-01 1.461170529900998648e-03 1.852563712637193216e+00 -1.735255281428561879e-03 2.736839272284222863e-04
1.249000000000000000e+04 1.999981043687078408e+00 4.575782702993639317e-01 1.385393462710689813e-03 1.542403174377240616e+00 1.881116263383510320e-04 -1.573906078575315658e-03
1.249500000000000000e+04 1.999981034356096643e+00 1.805764140276157947e+00 8.378104642514255275e-04 1.942172952554079568e-01 1.587441028908603141e-03 -2.425652668629536650e-03
1.250000000000000000e+04 1.999981029109537900e+00 1.636476626027259185e+00 2.020999218905774036e-03 3.635048043638277604e-01 1.388337423007387269e-03 -3.409737923462402391e-03
1.250500000000000000e+04 1.999981021670903303e+00 2.803651104731735844e-01 2.536866223844165893e-03 1.719616312627701982e+00 -9.642110080252188102e-04 -1.573056645791719990e-03
1.251000000000000000e+04 1.999981013233482985e+00 2.986765414607037705e-01 2.869847023760122365e-03 1.701304873371280557e+00 -2.543385302425280568e-03 -3.268633198361322874e-04
1.251500000000000000e+04 1.999981003723278139e+00 1.644543609995187561e+00 6.821080239777514015e-03 3.554377955171970083e-01 -4.969631099573204895e-04 -6.324518918926626959e-03
1.252000000000000000e+04 1.999980996233924557e+00 1.813207792297848453e+00 5.967265532760038585e-03 1.867736058763763973e-01 -1.227736293989424815e-04 -5.844893843661546316e-03
1.252500000000000000e+04 1.999980988525871028e+00 4.799032288320234096e-01 1.571316220737830694e-03 1.520078161787340454e+00 -1.423178960772490415e-03 -1.485393534583512331e-04
1.253000000000000000e+04 1.999980979054859942e+00 1.285509787086809574e-01 9.013616625433951927e-04 1.871430402627765943e+00 -2.339608204668959372e-04 -6.678031236633976808e-04
1.253500000000000000e+04 1.999980970333379737e+00 1.432626396154232262e+00 6.624150736446658520e-04 5.673549766335000966e-01 1.262720056345255663e-03 -1.925537584342346597e-03
1.254000000000000000e+04 1.999980964860233135e+00 1.924166947392778715e+00 2.014608127715608252e-03 7.581442003104441052e-02 1.561367407075931694e-03 -3.576378098381537574e-03
1.254500000000000000e+04 1.999980958471652803e+00 6.833637404295647144e-01 3.306119582418257444e-03 1.316617620732454252e+00 -3.483574173133110628e-04 -2.958164855471194423e-03
1.255000000000000000e+04 1.999980948476003828e+00 6.330027454446895963e-02 2.697831959273774491e-03 1.936681076821052727e+00 -2.798928428528706883e-03 1.006935797372192831e-04
1.255500000000000000e+04 1.999980940063937007e+00 1.214476762482922245e+00 5.881737290452630426e-03 7.855045806373738282e-01 -1.233145617229100023e-03 -4.648994729583003430e-03
1.256000000000000000e+04 1.999980932605360806e+00 1.990896182034160855e+00 6.551308038420565819e-03 9.085153776088870578e-03 3.027975038241191921e-04 -6.854508747133804952e-03
1.256500000000000000e+04 1.999980926920129631e+00 9.367097446244082581e-01 2.013610740182093014e-03 1.063271585613530190e+00 -8.721577190795226295e-04 -1.141856338911595957e-03
1.257000000000000000e+04 1.999980919164689563e+00 4.931823862470170912e-03 5.055992546276358388e-04 1.995049498773320718e+00 -4.827296599230854624e-04 -2.327306580613124420e-05
1.257500000000000000e+04 1.999980911047076093e+00 9.577792518970920099e-01 4.375838225524218607e-04 1.042202062781493410e+00 8.414754486932129584e-04 -1.279462902754741928e-03
1.258000000000000000e+04 1.999980901612002926e+00 1.995111540946000961e+00 1.805397379161985047e-03 4.869764486128615177e-03 1.487127038711712201e-03 -3.292928238000131409e-03
1.258500000000000000e+04 1.999980895977650164e+00 1.162597273868949843e+00 3.995001641895009996e-03 8.373840260413627501e-01 2.734920661237744957e-04 -4.268897640681060084e-03
1.259000000000000000e+04 1.999980888375850974e+00 5.151319079130680517e-02 2.988961204531022809e-03 1.948468101667125252e+00 -2.686104721499042725e-03 -3.032605656129053824e-04
1.259500000000000000e+04 1.999980880412896678e+00 7.377771963849013570e-01 4.847400245537877329e-03 1.262204088267630864e+00 -2.051030824164555739e-03 -2.796773661009101849e-03
1.260000000000000000e+04 1.999980871224338985e+00 1.938810039821160736e+00 6.718782271468598001e-03 6.117123582536506537e-02 3.690475060720524881e-04 -7.088234199727277800e-03
1.260500000000000000e+04 1.999980866270014701e+00 1.410407751762311701e+00 2.675045377710301431e-03 5.895735190290268823e-01 -2.084631124060794391e-04 -2.466986786628561339e-03
1.261000000000000000e+04 1.999980858300622000e+00 1.157987166504096110e-01 2.828559002335102293e-04 1.884182546329824071e+00 -4.981311466687421115e-04 2.148705668234696792e-04
1.261500000000000000e+04 1.999980849538905536e+00 4.928320059324931002e-01 2.206283729887341394e-04 1.507149248460396551e+00 4.255800323101414885e-04 -6.466132592828264213e-04
1.262000000000000000e+04 1.999980840536048410e+00 1.832683830656270052e+00 1.443595848747170410e-03 1.672974149135693644e-01 1.178622630866786591e-03 -2.622623513404800585e-03
1.262500000000000000e+04 1.999980835798839562e+00 1.605395023027359258e+00 4.449418136464960115e-03 3.945862179005094617e-01 7.520450734353570929e-04 -5.201868338929793202e-03
1.263000000000000000e+04 1.999980828151460166e+00 2.660734188292449010e-01 3.683037171440094008e-03 1.733907814602654973e+00 -2.232427626727563445e-03 -1.451014825152026604e-03
1.263500000000000000e+04 1.999980818646728498e+00 3.265839813876555420e-01 3.956360307858969999e-03 1.673397242728266621e+00 -2.760783394733433600e-03 -1.195982382319629896e-03
1.264000000000000000e+04 1.999980808526847564e+00 1.669149428127756574e+00 6.428693262022588603e-03 3.308317860702733593e-01 6.452223646814616068e-05 -6.493621169673429588e-03
1.264500000000000000e+04 1.999980802841891281e+00 1.789582639805296971e+00 3.393614110448863255e-03 2.103985688222086980e-01 4.152844057191316073e-04 -3.809304301782689885e-03
1.265000000000000000e+04 1.999980795842137837e+00 4.350986958983307229e-01 2.766475712014711957e-04 1.564882505869325424e+00 -2.759684207622653865e-04 -1.085075957384192040e-06
1.265500000000000000e+04 1.999980786606681438e+00 1.470754717195678074e-01 6.720552401205045774e-05 1.852905720998367034e+00 1.145987831998735969e-04 -1.822104184654577119e-04
1.266000000000000000e+04 1.999980777433972179e+00 1.475109800146966021e+00 1.017950965545227210e-03 5.248713835828242580e-01 7.044539548931961570e-04 -1.722811216256297899e-03
1.266500000000000000e+04 1.999980772175076194e+00 1.907681192242059565e+00 4.568608854411332527e-03 9.229998633500867411e-02 9.698888163848372497e-04 -5.538904072788164261e-03
1.267000000000000000e+04 1.999980765765210666e+00 6.564979249842211040e-01 4.627019111235663486e-03 1.343483247310765405e+00 -1.545441542817747827e-03 -3.081984098193974505e-03
1.267500000000000000e+04 1.999980755299816337e+00 7.763159094246453729e-02 3.414155480966455346e-03 1.922349571097323295e+00 -3.198275833077145452e-03 -2.162863878610239471e-04
1.268000000000000000e+04 1.999980746018346300e+00 1.245289709569994185e+00 5.746211486677264661e-03 7.546914433745078865e-01 -5.364717094533796773e-04 -5.210146703379476760e-03
1.268500000000000000e+04 1.999980739359977777e+00 1.985031921549482270e+00 3.996374224401890753e-03 1.494922487063648359e-02 8.561255457158270261e-04 -4.852906830258663616e-03
1.269000000000000000e+04 1.999980732970426223e+00 8.877690430594130655e-01 4.797438823160007286e-04 1.112212097101020092e+00 1.313734057522662356e-04 -6.115244780751224671e-04
1.269500000000000000e+04 1.999980724986044400e+00 1.788853680894931771e-03 1.735132545113586271e-05 1.998192278656862886e+00 -1.796053757433356280e-05 2.018604096313868130e-07
1.270000000000000000e+04 1.999980717104526962e+00 1.006478976515962076e+00 6.351552348482553036e-04 9.935021480999863819e-01 1.728462769528016124e-04 -8.084090232228538205e-04
1.270500000000000000e+04 1.999980708349953895e+00 1.998439544191343620e+00 4.329333394989307200e-03 1.541571848695761715e-03 8.694020536296715807e-04 -5.199143138704508636e-03
1.271000000000000000e+04 1.999980702771569252e+00 1.130947582289686171e+00 5.609822006020287119e-03 8.690335282854315668e-01 -7.879932969635977712e-04 -4.822236512605011099e-03
1.271500000000000000e+04 1.999980695030940447e+00 4.948903705656305246e-02 3.346348710127746394e-03 1.950492065933827401e+00 -3.263005634255041962e-03 -8.375103532313236357e-05
1.272000000000000000e+04 1.999980687186894368e+00 7.668878170985627962e-01 4.826789749112611085e-03 1.233093278205853904e+00 -1.291685121360106958e-03 -3.535512745274976051e-03
1.272500000000000000e+04 1.999980678113726817e+00 1.950739395031002354e+00 4.339755391772151007e-03 4.924169138496480719e-02 1.014478740413691377e-03 -5.354642434426108537e-03
1.273000000000000000e+04 1.999980672249470404e+00 1.367385329103655067e+00 8.365202851581956612e-04 6.325957515693719779e-01 6.274437353978572912e-04 -1.464372444112503743e-03
1.273500000000000000e+04 1.999980664361863614e+00 9.112739180738639588e-02 8.557400980425220881e-05 1.908853681139800251e+00 5.807857968595742061e-05 -1.440611748134146817e-04
1.274000000000000000e+04 1.999980656452392980e+00 5.369783124879935476e-01 3.943923812362792273e-04 1.463002752712131205e+00 -2.939879002262923849e-04 -1.008132287421401908e-04
1.274500000000000000e+04 1.999980647917744880e+00 1.856398706209487326e+00 3.792264405962144161e-03 1.435823506316806497e-01 4.669207200055723703e-04 -4.259594049390617691e-03
1.275000000000000000e+04 1.999980642330967395e+00 1.577837993003783135e+00 6.410672968588742270e-03 4.221430583665282676e-01 -1.404833779541855301e-04 -6.270598629978693835e-03
1.275500000000000000e+04 1.999980634792112966e+00 2.487769477932375295e-01 3.769679903374769693e-03 1.751204096192197301e+00 -2.941256489125604768e-03 -8.288326075707368266e-04
1.276000000000000000e+04 1.999980626535214911e+00 3.464511908011506103e-01 3.879614080212831582e-03 1.653529845096338935e+00 -2.024324597658566822e-03 -1.855698844828872467e-03
1.276500000000000000e+04 1.999980617397246530e+00 1.694699111873202879e+00 4.342494583687369833e-03 3.052819150745299526e-01 8.574098714068292392e-04 -5.200314005580553532e-03
1.277000000000000000e+04 1.999980611722977031e+00 1.761182501883447937e+00 1.256689320236359635e-03 2.387985195087934664e-01 1.094712146507912645e-03 -2.351811136008077289e-03
1.277500000000000000e+04 1.999980604557542785e+00 3.940895680898955922e-01 2.572246264486655271e-04 1.605891446286084268e+00 3.226249975670803525e-04 -5.802594424529222434e-04
1.278000000000000000e+04 1.999980596376445208e+00 1.769909289700009325e-01 3.632575120181661147e-04 1.822990077395278963e+00 -5.888957382049762922e-04 2.252282373523202855e-04
1.278500000000000000e+04 1.999980587816338806e+00 1.515021904519673779e+00 3.088691325623922537e-03 4.849590934639617656e-01 -1.504553578328949833e-04 -2.938646135087852850e-03
1.279000000000000000e+04 1.999980580953373721e+00 1.892087023543645108e+00 6.850088243634346909e-03 1.078939677214898196e-01 2.412966261296383460e-04 -7.091795181525390769e-03
1.279500000000000000e+04 1.999980574333410255e+00 6.286097834562440756e-01 4.588064257158228944e-03 1.371371201326182954e+00 -2.309281662407998512e-03 -2.279193043767023530e-03
1.280000000000000000e+04 1.999980564471263156e+00 8.287491459681615991e-02 3.119120906563070238e-03 1.917106060529795153e+00 -2.564037839525386189e-03 -5.554937223856594311e-04
1.280500000000000000e+04 1.999980554678296496e+00 1.277046642005214228e+00 4.003466847314536906e-03 7.229343235342555740e-01 4.258817354661147375e-04 -4.429759443954000425e-03
1.281000000000000000e+04 1.999980547794902641e+00 1.976563089479475455e+00 1.637170085396222070e-03 2.341786932224776061e-02 1.422713590618213120e-03 -3.060294682835016690e-03
1.281500000000000000e+04 1.999980542796981231e+00 8.394558304182798691e-01 4.919034801572980597e-04 1.160525123490839139e+00 7.101964234362777555e-04 -1.202511015731539627e-03
1.282000000000000000e+04 1.999980533665560056e+00 1.114601245144556871e-02 5.609673645550233194e-04 1.988834932519759402e+00 -6.452217977089002047e-04 8.384312750899254444e-05
1.282500000000000000e+04 1.999980524601701726e+00 1.054632145904879970e+00 2.390363826291367309e-03 9.453487901944760408e-01 -8.448501823113695229e-04 -1.545925141634210079e-03
1.283000000000000000e+04 1.999980517238805211e+00 1.999824095699399784e+00 6.831701146212448318e-03 1.568331933637090718e-04 2.629117704951424101e-04 -7.095024570665757827e-03
1.283500000000000000e+04 1.999980512249465381e+00 1.099629985067711591e+00 5.614386323712981623e-03 9.003509389410875308e-01 -1.515731088377006647e-03 -4.099066994669879616e-03
1.284000000000000000e+04 1.999980502471827570e+00 3.817141536175428645e-02 2.715772622620468181e-03 1.961809499077725727e+00 -2.786005648791958344e-03 6.982105851924028344e-05
1.284500000000000000e+04 1.999980493337419896e+00 7.959339600022423689e-01 3.400529160038263683e-03 1.204046945497724730e+00 -1.755466205648701099e-04 -3.225394702020699736e-03
1.285000000000000000e+04 1.999980485297385702e+00 1.962862109017348811e+00 1.886739378638026439e-03 3.711878861459938506e-02 1.534593327176664778e-03 -3.421745040377222307e-03
1.285500000000000000e+04 1.999980482299460904e+00 1.322536012899145907e+00 7.331558893697358260e-04 6.774448817988917293e-01 1.125496741103521785e-03 -1.859065029050087662e-03
1.286000000000000000e+04 1.999980473779451540e+00 7.842250265649601537e-02 9.529085813520759944e-04 1.921558383704525141e+00 -4.526463069853541455e-04 -5.006748559362519946e-04
1.286500000000000000e+04 1.999980464618318576e+00 5.835235246018573019e-01 1.869495269564955091e-03 1.416457352794530555e+00 -1.459689179094537936e-03 -4.102188685400591094e-04
1.287000000000000000e+04 1.999980456075998614e+00 1.875754050839488318e+00 6.365022849545775435e-03 1.242268181981274616e-01 -8.616367522687896213e-05 -6.279272135936099855e-03
1.287500000000000000e+04 1.999980450066118021e+00 1.551033840501106598e+00 6.613303283145478481e-03 4.489470226570457245e-01 -7.471826663605590606e-04 -5.866533708819163251e-03
1.288000000000000000e+04 1.999980441553146582e+00 2.228721066330760503e-01 2.757179032156896730e-03 1.777108748195679988e+00 -2.639341273371719268e-03 -1.182510343948675320e-04
1.288500000000000000e+04 1.999980433504734201e+00 3.644616842976106108e-01 2.671152231153868170e-03 1.635519162656760672e+00 -8.037720984322961832e-04 -1.867793582358790502e-03
1.289000000000000000e+04 1.999980425448431243e+00 1.723257061449602334e+00 1.947349408798630492e-03 2.767237776230015989e-01 1.405506170061739590e-03 -3.353269203032720278e-03
1.289500000000000000e+04 1.999980419614021621e+00 1.729782954530990180e+00 9.223098676488765283e-04 2.701978788355083316e-01 1.466193886833723611e-03 -2.388917506959493866e-03
1.290000000000000000e+04 1.999980411916995271e+00 3.629884735738797552e-01 1.457804888500010805e-03 1.636992352262981898e+00 -5.980469878228293802e-05 -1.398414109584243540e-03
1.290500000000000000e+04 1.999980403131151663e+00 2.124961316581405191e-01 1.658399505614200752e-03 1.787484685583464961e+00 -1.856218254778614846e-03 1.974046387105657559e-04
1.291000000000000000e+04 1.999980394805071171e+00 1.549098247446206944e+00 5.563547824533494716e-03 4.508825616498355893e-01 -7.297121654220254522e-04 -4.834249950082529675e-03
1.291500000000000000e+04 1.999980389254852442e+00 1.876637580719495935e+00 7.355432792039220090e-03 1.233432229476042058e-01 -1.845723439505940879e-04 -7.171274860336620573e-03
1.292000000000000000e+04 1.999980381184289335e+00 5.935416303312869291e-01 3.228217778725730840e-03 1.406439165441891959e+00 -2.158501853548604795e-03 -1.070130514066595364e-03
1.292500000000000000e+04 1.999980372961415620e+00 8.408614893496467457e-02 1.979800510637961478e-03 1.915894638795815341e+00 -1.310738607606230181e-03 -6.694766723962166256e-04
1.293000000000000000e+04 1.999980365020092465e+00 1.314027026268413501e+00 1.806923546323101768e-03 6.859537536955537806e-01 1.068316458219732701e-03 -2.875654948417496939e-03
1.293500000000000000e+04 1.999980358451724172e+00 1.965482040796518337e+00 1.013205354626736708e-03 3.449873274476986801e-02 1.647631253254046302e-03 -2.661251697444470994e-03
1.294000000000000000e+04 1.999980352493801794e+00 7.979319772749534634e-01 1.965896801128859395e-03 1.202048790439789183e+00 4.368859686231703083e-04 -2.403197990692687754e-03
1.294500000000000000e+04 1.999980343251775539e+00 2.880052958585325312e-02 1.818287125063426223e-03 1.971180229089435354e+00 -1.945854585632044061e-03 1.271520370555746782e-04
1.295000000000000000e+04 1.999980334412024829e+00 1.096719157392438637e+00 4.618495347671031960e-03 9.032615926365107351e-01 -1.522421697574565750e-03 -3.096489267021063693e-03
1.295500000000000000e+04 1.999980327220189702e+00 1.999850641331261114e+00 7.670456277622305329e-03 1.301016635831018587e-04 3.934735798469512482e-05 -7.710219410261604130e-03
1.296000000000000000e+04 1.999980321625079105e+00 1.062992152305787918e+00 4.014621237265474964e-03 9.369885852178456709e-01 -1.455147979359913647e-03 -2.559889156460036421e-03
1.296500000000000000e+04 1.999980313667709231e+00 2.075356814806507758e-02 1.479784861721130914e-03 1.979227161594372841e+00 -1.577639801457150033e-03 9.743886500726915278e-05
1.297000000000000000e+04 1.999980305685873816e+00 8.313337020808780897e-01 1.500791472620113852e-03 1.168647019857262492e+00 6.053061828055186690e-04 -2.106513907692426826e-03
1.297500000000000000e+04 1.999980296579433992e+00 1.974243663189175102e+00 9.840911009724880552e-04 2.573704984673296989e-02 1.623523050633846054e-03 -2.608030608080202841e-03
1.298000000000000000e+04 1.999980291286593825e+00 1.281003106717586881e+00 2.364104424263222329e-03 7.189776011440985881e-01 9.157019755314630034e-04 -3.280222974886206223e-03
1.298500000000000000e+04 1.999980282785129848e+00 7.562061281734050455e-02 2.324448017630102031e-03 1.924360086730401598e+00 -1.710895122780799887e-03 -6.139696574613209704e-04
1.299000000000000000e+04 1.999980274699878269e+00 6.250436216985987281e-01 3.754371604856113816e-03 1.374937069941563506e+00 -2.283767526540659079e-03 -1.471021018599198661e-03
1.299500000000000000e+04 1.999980266540354323e+00 1.891685639691121690e+00 7.486653339037551737e-03 1.082950439691413164e-01 -1.286241850760848088e-04 -7.358446273870078783e-03
1.300000000000000000e+04 1.999980260932110676e+00 1.520792392993536302e+00 4.929337619632927214e-03 4.791882851836551938e-01 -6.921753790719572608e-04 -4.237579485641695259e-03
1.300500000000000000e+04 1.999980252840830808e+00 1.893787564450190308e-01 1.278235130884381636e-03 1.810601913821670683e+00 -1.541979401181103274e-03 2.633268444375588108e-04
1.301000000000000000e+04 1.999980244796391471e+00 3.886256740453167269e-01 1.101898292282041695e-03 1.611354988357615925e+00 1.281529980360916797e-04 -1.230468896859094555e-03
1.301500000000000000e+04 1.999980236516164522e+00 1.754016666766151200e+00 8.434550716659983387e-04 2.459639875427828692e-01 1.397453180394364050e-03 -2.241326044829691257e-03
1.302000000000000000e+04 1.999980231171471834e+00 1.698659693085873057e+00 2.562574066312238441e-03 3.013209559995410625e-01 1.258334193195996802e-03 -3.821326173451043782e-03
1.302500000000000000e+04 1.999980223121392786e+00 3.419238935129098045e-01 3.071179956767640211e-03 1.658056747701128542e+00 -1.208904782958597924e-03 -1.862693266454853959e-03
1.303000000000000000e+04 1.999980214257931266e+00 2.450316154861261198e-01 3.176882579344642368e-03 1.754949017059872718e+00 -2.839996787245187022e-03 -3.373040801673290144e-04
1.303500000000000000e+04 1.999980205913042042e+00 1.577574703079887009e+00 6.847433901224858621e-03 4.224059213051002959e-01 -6.495541100784187061e-04 -6.198298263091881269e-03
1.304000000000000000e+04 1.999980201095819199e+00 1.859242578763997455e+00 5.755797844699519529e-03 1.407380409102680641e-01 -4.571061208756868713e-05 -5.710505811058240802e-03
1.304500000000000000e+04 1.999980193525257910e+00 5.503258174982373907e-01 1.411957874507077573e-03 1.449654794775212308e+00 -1.211519392499228092e-03 -2.008572301991468046e-04
1.305000000000000000e+04 1.999980185420626722e+00 8.997150491088035107e-02 7.025979335634341405e-04 1.910009099440611369e+00 -2.487547004576418238e-04 -4.542621639709886242e-04
1.305500000000000000e+04 1.999980177287699723e+00 1.356568965194860921e+00 6.280670483444339815e-04 6.434116312073786537e-01 1.022199345100259244e-03 -1.650685507984600824e-03
1.306000000000000000e+04 1.999980170192770412e+00 1.952758702071037744e+00 2.516498315274732795e-03 4.722188739772052030e-02 1.378223756777744238e-03 -3.895141348040254570e-03
1.306500000000000000e+04 1.999980162980643073e+00 7.650676435887242555e-01 3.895357060953476974e-03 1.234912938829092255e+00 -5.597862288944948804e-04 -3.335990269232693047e-03
1.307000000000000000e+04 1.999980154198703675e+00 4.607513296196245889e-02 3.025378883265036640e-03 1.953905440867501619e+00 -3.064332105178514242e-03 3.853359115292103983e-05
1.307500000000000000e+04 1.999980146095187150e+00 1.131391568609630305e+00 5.900936420855866504e-03 8.685889972943406923e-01 -1.401637234143579590e-03 -4.499718995496331843e-03
1.308000000000000000e+04 1.999980138381295403e+00 1.998703845419330660e+00 6.298154361556944358e-03 1.276712941324110399e-03 3.361699944425931450e-04 -6.634744335358495892e-03
1.308500000000000000e+04 1.999980132496863794e+00 1.018722519627184520e+00 1.839532399943898588e-03 9.812580329813419544e-01 -6.620700556394419015e-04 -1.177882455967500623e-03
1.309000000000000000e+04 1.999980124341715015e+00 5.589079110286958654e-03 3.925763280979845484e-04 1.994391465526935914e+00 -4.352320000805275134e-04 4.223537647437703438e-05
1.309500000000000000e+04 1.999980116244348238e+00 8.753228888105634153e-01 3.936649904430131446e-04 1.124657647912304270e+00 5.870115293199545340e-04 -9.810969982827120149e-04
1.310000000000000000e+04 1.999980108077916041e+00 1.983619057645941597e+00 2.237878938773184626e-03 1.636147109536944394e-02 1.241708181012539164e-03 -3.480007783180798231e-03
1.310500000000000000e+04 1.999980103524209962e+00 1.245544319256977950e+00 4.613447555196809220e-03 7.544362050325316149e-01 8.165561880384178915e-05 -4.695523939300198443e-03
1.311000000000000000e+04 1.999980094447816770e+00 7.496850028668461396e-02 3.340716764454628590e-03 1.925012015126144060e+00 -2.906179335370371718e-03 -4.349583940960824739e-04
1.311500000000000000e+04 1.999980085873299451e+00 6.580824918243866062e-01 4.865283316471662005e-03 1.341898015201428374e+00 -2.208970588803052526e-03 -2.656733880184137045e-03
1.312000000000000000e+04 1.999980077708564563e+00 1.906327474950614498e+00 6.426697915437047659e-03 9.365302408951377278e-02 3.682139782996738482e-04 -6.795333225300786463e-03
1.312500000000000000e+04 1.999980072201307468e+00 1.484416669811473577e+00 2.451459212674512132e-03 5.155638238443270849e-01 -1.959885654355739268e-05 -2.432281810623935711e-03
1.313000000000000000e+04 1.999980064071564367e+00 1.553283706994545155e-01 2.380170553177317946e-04 1.844652115009020266e+00 -3.862233864693718501e-04 1.477846942410868255e-04
1.313500000000000000e+04 1.999980055776844790e+00 4.234004310701367513e-01 2.007807582870360121e-04 1.576580046530599466e+00 1.960617770323481654e-04 -3.972643592105495804e-04
1.314000000000000000e+04 1.999980047600732558e+00 1.784040034094366955e+00 1.793990701170264943e-03 2.159404355141157084e-01 8.766613171907269592e-04 -2.671074026110813442e-03
1.314500000000000000e+04 1.999980043705002375e+00 1.670391298463328011e+00 5.063785253393199987e-03 3.295891673368291919e-01 5.615897502244781691e-04 -5.625797098772276038e-03
1.315000000000000000e+04 1.999980035260298994e+00 3.249018137993323063e-01 4.055707886775043562e-03 1.675078643741306550e+00 -2.402831158514283968e-03 -1.653299008600206269e-03
1.315500000000000000e+04 1.999980026038748360e+00 2.689851821082294148e-01 3.977878836048586060e-03 1.730995266411126776e+00 -2.882801753375629616e-03 -1.095499563280770330e-03
1.316000000000000000e+04 1.999980017270968302e+00 1.603783891746493051e+00 6.107675736483780121e-03 3.961965481954490831e-01 4.786875300681381383e-05 -6.155967160464472475e-03
1.316500000000000000e+04 1.999980011891675069e+00 1.837877625129490822e+00 3.096102042136944857e-03 1.621028095514981393e-01 5.693314965801649693e-04 -3.665856328030530145e-03
1.317000000000000000e+04 1.999980004376251896e+00 5.039970671364359944e-01 2.666440369313984949e-04 1.495983360196094125e+00 -1.120629730320687627e-04 -1.550040201771246554e-04
1.317500000000000000e+04 1.999979996023530049e+00 1.070339758104965483e-01 9.946223199506674332e-05 1.892946443356065656e+00 -5.657129617996951789e-05 -4.331407884717546465e-05
1.318000000000000000e+04 1.999979987574589169e+00 1.400986054647237911e+00 1.292437556706689441e-03 5.989943562590359649e-01 3.662762160417142097e-04 -1.659137104433009748e-03
1.318500000000000000e+04 1.999979982221259389e+00 1.939754143102920825e+00 5.144531680005149342e-03 6.022626256913248682e-02 7.633207725051202597e-04 -5.908275903304183348e-03
1.319000000000000000e+04 1.999979976397800563e+00 7.370697608230359910e-01 5.010212539973888518e-03 1.262910639152402092e+00 -1.671124950434710495e-03 -3.339511167176543744e-03
1.319500000000000000e+04 1.999979966809686038e+00 5.563700856241853010e-02 3.440703305016706154e-03 1.944343382031310741e+00 -3.265411247994876986e-03 -1.757158410648211762e-04
1.320000000000000000e+04 1.999979957270178854e+00 1.162175675139236253e+00 5.410507834965895199e-03 8.378047061199281886e-01 -5.445261804258920381e-04 -4.866405643525672717e-03
1.320500000000000000e+04 1.999979950525965888e+00 1.995950150069049522e+00 3.615401246871356548e-03 4.030224591353903131e-03 9.719753162376475360e-04 -4.587800697546628483e-03
1.321000000000000000e+04 1.999979945370293777e+00 9.696313150769214628e-01 4.619433129796235329e-04 1.030349054540428577e+00 3.241920285789056289e-04 -7.865595886147388072e-04
1.321500000000000000e+04 1.999979936933190539e+00 5.915663787142971938e-04 1.167603419765212249e-04 1.999388794987877693e+00 -1.093556789452690913e-04 -7.829096432912466144e-06
1.322000000000000000e+04 1.999979928245630978e+00 9.245439472160948968e-01 8.561150580671324402e-04 1.075436405655324501e+00 -1.706227854440878829e-04 -6.859168984119827853e-04
1.322500000000000000e+04 1.999979920934182420e+00 1.990357237814726066e+00 4.838402819151090169e-03 9.623107906000519934e-03 6.352044677684620926e-04 -5.474032073463800351e-03
1.323000000000000000e+04 1.999979915112887419e+00 1.214515182823041384e+00 5.987523579341080988e-03 7.854651572029871520e-01 -8.808903200096679115e-04 -5.107058172472265893e-03
1.323500000000000000e+04 1.999979905842160122e+00 6.823494270479224522e-02 3.374174736695763170e-03 1.931745388248039319e+00 -3.266468111006219210e-03 -1.081317363609804092e-04
1.324000000000000000e+04 1.999979897108192572e+00 6.853273352918669570e-01 4.490934541604005813e-03 1.314652987111813998e+00 -1.265143552924577908e-03 -3.226216284167955726e-03
1.324500000000000000e+04 1.999979888910806247e+00 1.921407061778410474e+00 3.881876664781061612e-03 7.857325260190187177e-02 1.100513008983173375e-03 -4.982815143270450005e-03
1.325000000000000000e+04 1.999979883744232634e+00 1.442765321834005299e+00 7.678764622228567965e-04 5.572149874915561796e-01 8.217619022421452073e-04 -1.590063945793786888e-03
1.325500000000000000e+04 1.999979875652606154e+00 1.290912048199078233e-01 2.499519264064842326e-04 1.870889096589685607e+00 5.201226809925873855e-05 -3.023899514928564771e-04
1.326000000000000000e+04 1.999979867121118415e+00 4.667455900029957583e-01 5.940936864316261317e-04 1.533234703060883941e+00 -6.079171769840689210e-04 1.339754779136577962e-05
1.326500000000000000e+04 1.999979858817228395e+00 1.810368884435207271e+00 4.217978155516600297e-03 1.896114005047037088e-01 2.034354842012129174e-04 -4.421839762400505032e-03
1.327000000000000000e+04 1.999979854234601895e+00 1.644944396068807047e+00 6.763997764523365513e-03 3.550358843872408188e-01 -2.160218377645180471e-04 -6.548402148205026418e-03
1.327500000000000000e+04 1.999979845516186794e+00 3.038200441973988308e-01 3.789916127249475658e-03 1.696160227724032410e+00 -2.883692267084202177e-03 -9.066502654098102876e-04
1.328000000000000000e+04 1.999979836751212714e+00 2.853748272692933075e-01 3.554399900766907431e-03 1.714605436070219202e+00 -1.940810142865246387e-03 -1.614016346201585213e-03
1.328500000000000000e+04 1.999979828905788404e+00 1.631707428802950277e+00 3.828067809294969249e-03 3.682728268545286676e-01 9.323722676570542862e-04 -4.760866828642441873e-03
1.329000000000000000e+04 1.999979822693138010e+00 1.812165204686771114e+00 1.103004533088023254e-03 1.878150448898284197e-01 1.266075557654713392e-03 -2.369506974203958779e-03
1.329500000000000000e+04 1.999979815400338534e+00 4.623197894698411470e-01 4.669936295136585601e-04 1.537660452969393354e+00 3.909993696891227947e-04 -8.584200380990846891e-04
1.330000000000000000e+04 1.999979806652719461e+00 1.352301019861388010e-01 5.755460626653190279e-04 1.864750131892844331e+00 -8.422456553903150817e-04 2.662723664612067723e-04
1.330500000000000000e+04 1.999979798095003813e+00 1.442172741436453798e+00 3.429868312703845002e-03 5.578074840674208668e-01 -4.336720641168364241e-04 -2.996623657457510650e-03
1.331000000000000000e+04 1.999979792963829217e+00 1.927141639026397790e+00 7.160792986174024412e-03 7.283858145502446202e-02 1.680959083984651418e-04 -7.329316412165417897e-03
1.331500000000000000e+04 1.999979785543276156e+00 7.069712824544062135e-01 4.588400396432588436e-03 1.293008930761455400e+00 -2.203311205215034534e-03 -2.385516863802861556e-03
1.332000000000000000e+04 1.999979777785087842e+00 5.639073902471101324e-02 2.808472612864555337e-03 1.943589466592886561e+00 -2.409633091494646929e-03 -3.992673538799842601e-04
1.332500000000000000e+04 1.999979769549081521e+00 1.194902676922908524e+00 3.461488288601304725e-03 8.050775206271979512e-01 5.149077678838219528e-04 -3.976824057510019647e-03
1.333000000000000000e+04 1.999979760055854872e+00 1.990975218418779891e+00 1.380617111611644405e-03 9.004969836404147152e-03 1.556024335027256190e-03 -2.937069645967825288e-03
1.333500000000000000e+04 1.999979755175270713e+00 9.219408854825937860e-01 7.140779115895943109e-04 1.078039297993992118e+00 8.285208297860424112e-04 -1.543027042690928684e-03
1.334000000000000000e+04 1.999979747330545843e+00 7.936130802759981326e-03 8.130229598902173832e-04 1.992044044993377616e+00 -8.175819497232143015e-04 4.130524241033079009e-06
1.334500000000000000e+04 1.999979739332527817e+00 9.723971504060936466e-01 2.661152586637124690e-03 1.027583017559716927e+00 -1.128728434001213723e-03 -1.532852785918365672e-03
1.335000000000000000e+04 1.999979730038561998e+00 1.994768908237317451e+00 7.085799065207602603e-03 5.211250629769185322e-03 1.809724216121696842e-04 -7.267200315344200107e-03
1.335500000000000000e+04 1.999979725769172267e+00 1.182845978539871057e+00 5.581937964674152548e-03 8.171341761458777997e-01 -1.380275080598507070e-03 -4.202091800652407033e-03
1.336000000000000000e+04 1.999979717382824429e+00 5.224910810311771125e-02 2.415344500893134086e-03 1.947731038367630285e+00 -2.558592614192952731e-03 1.428190253763417369e-04
1.336500000000000000e+04 1.999979708001033973e+00 7.136494846589371832e-01 2.861845050924548012e-03 1.286330652620324644e+00 -4.651022499083159583e-05 -2.815764104161367579e-03
1.337000000000000000e+04 1.999979698527634575e+00 1.937132202971115325e+00 1.529854656928719735e-03 6.284792502815284010e-02 1.627961954868142056e-03 -3.158246083430597470e-03
1.337500000000000000e+04 1.999979694530882535e+00 1.399916746933347333e+00 9.286492918094083754e-04 6.000633771517552839e-01 1.261337300839100121e-03 -2.190416146868425559e-03
1.338000000000000000e+04 1.999979686818337710e+00 1.147775803782687953e-01 1.258990203005670196e-03 1.885202536152886799e+00 -5.386680195877476159e-04 -7.207518962359542097e-04
1.338500000000000000e+04 1.999979678376565095e+00 5.115445548681973875e-01 2.095961284830922654e-03 1.488435553395441868e+00 -1.720099211921526225e-03 -3.762919599837110198e-04
1.339000000000000000e+04 1.999979669151788375e+00 1.831958470696394503e+00 6.555789682344053890e-03 1.680216285330668191e-01 -1.814937166667019677e-04 -6.374726043350353519e-03
1.339500000000000000e+04 1.999979663859281276e+00 1.619494848681576338e+00 6.537879421875393907e-03 3.804852453644850807e-01 -6.026477612499902279e-04 -5.935661847405551174e-03
1.340000000000000000e+04 1.999979655429519498e+00 2.739419811212384648e-01 2.455137226775777441e-03 1.726038104665658768e+00 -2.349536999205600364e-03 -1.060305849478612391e-04
1.340500000000000000e+04 1.999979645598745748e+00 3.010813946480707104e-01 2.161606800340222425e-03 1.698898681505839559e+00 -6.138908867838661389e-04 -1.548146468720718733e-03
1.341000000000000000e+04 1.999979635703653225e+00 1.663254290289954973e+00 1.512523717387079204e-03 3.367257761683521422e-01 1.470555748517357597e-03 -2.983510220558346308e-03
1.341500000000000000e+04 1.999979631925924872e+00 1.783907887551035243e+00 1.054976617890372335e-03 2.160721752056536937e-01 1.586462630085753176e-03 -2.641870078740556765e-03
1.342000000000000000e+04 1.999979625382050319e+00 4.306156403584474046e-01 1.816347335107984387e-03 1.569364415986699290e+00 -7.033223218496808713e-05 -1.746446066019563537e-03
1.342500000000000000e+04 1.999979615662502708e+00 1.680065603066294710e-01 1.872539432443524237e-03 1.831973486517187943e+00 -2.070088456609885628e-03 1.971178628518099028e-04
1.343000000000000000e+04 1.999979605673670946e+00 1.477037412900700009e+00 5.693278018196766543e-03 5.229426241377547191e-01 -8.357532662841482204e-04 -4.857956116696792066e-03
1.343500000000000000e+04 1.999979599520558926e+00 1.914197310770682670e+00 7.232305871546773623e-03 8.578272023949697067e-02 -4.819527707684789720e-05 -7.184542084090793715e-03
1.344000000000000000e+04 1.999979591753482833e+00 6.693372323156235870e-01 2.908168463792082901e-03 1.330642791083487930e+00 -1.827779211267235989e-03 -1.080820898153527160e-03
1.344500000000000000e+04 1.999979583266548566e+00 5.420708609897927771e-02 1.514822457951020508e-03 1.945772928982275607e+00 -1.049285715589846121e-03 -4.659685570670785365e-04
1.345000000000000000e+04 1.999979575616027683e+00 1.233682012752287616e+00 1.331507041748153115e-03 7.662979948300592259e-01 1.126887178722541134e-03 -2.458826186790266741e-03
1.345500000000000000e+04 1.999979568075669567e+00 1.983676159171094078e+00 1.058574296274776257e-03 1.630384102225857293e-02 1.725899314679240704e-03 -2.784905728637313959e-03
1.346000000000000000e+04 1.999979561493621771e+00 8.811805936483565471e-01 2.360505197607579760e-03 1.118799400095597418e+00 4.771090056098016064e-04 -2.838046453549809139e-03
1.346500000000000000e+04 1.999979552859126652e+00 2.257310522099990197e-02 2.050937848870645289e-03 1.977406880061628236e+00 -2.097368010185458875e-03 4.599773781332046975e-05
1.347000000000000000e+04 1.999979545209922271e+00 1.013511423071418838e+00 4.698575326709831905e-03 9.864685547147564737e-01 -1.630064223971652935e-03 -3.068943678991336004e-03
1.347500000000000000e+04 1.999979536174126826e+00 1.997621125944559539e+00 7.501894563706575612e-03 2.358842987338977820e-03 1.568496126004798128e-04 -7.659176934078521307e-03
1.348000000000000000e+04 1.999979532257962322e+00 1.145436765410728697e+00 3.660094301581855863e-03 8.545431996825835208e-01 -1.111408237509539524e-03 -2.549118899421896293e-03
1.348500000000000000e+04 1.999979523449109120e+00 3.109085860120315570e-02 1.061537561077477865e-03 1.968889097858209647e+00 -1.247030059961936341e-03 1.850594885808738699e-04
1.349000000000000000e+04 1.999979513664331687e+00 7.493645254692400393e-01 1.028997389111319148e-03 1.250615421399644100e+00 6.834695180452290270e-04 -1.712900111709089518e-03
1.349500000000000000e+04 1.999979505027442928e+00 1.952287409515987449e+00 9.357311670142050676e-04 4.769252888786653516e-02 1.645661758040919184e-03 -2.581826301465931818e-03
1.350000000000000000e+04 1.999979501771292911e+00 1.360546412535783567e+00 2.768115569378879794e-03 6.394335226766008073e-01 9.731499133495502638e-04 -3.741698923819740223e-03
1.350500000000000000e+04 1.999979493153472232e+00 1.094329568962334603e-01 2.598804820223991289e-03 1.890546969869667304e+00 -1.796132445321611381e-03 -8.031059873309209351e-04
1.351000000000000000e+04 1.999979483029014737e+00 5.504259258354760043e-01 3.803553053911387389e-03 1.449553991007987097e+00 -2.380064028455045055e-03 -1.423922839904827103e-03
1.351500000000000000e+04 1.999979473097273974e+00 1.850127223739259197e+00 7.281842919270074301e-03 1.498526833705967343e-01 -3.284057933041798584e-05 -7.249436352521588037e-03
1.352000000000000000e+04 1.999979467387963838e+00 1.590249349169492898e+00 4.528761611748565070e-03 4.097305523452308695e-01 -3.637390878962661880e-04 -4.165456650612207011e-03
1.352500000000000000e+04 1.999979459223520717e+00 2.371869652836958997e-01 8.958904848576839395e-04 1.762792928228443801e+00 -1.158195153528685092e-03 2.618703800521066322e-04
1.353000000000000000e+04 1.999979451417149168e+00 3.241372166767123031e-01 6.754239892533517352e-04 1.675842669183259526e+00 2.491196438808934385e-04 -9.249780759566011631e-04
1.353500000000000000e+04 1.999979443289100933e+00 1.697136231379482219e+00 7.153947514535524341e-04 3.028436465130642241e-01 1.364231869815524332e-03 -2.080061224714714087e-03
1.354000000000000000e+04 1.999979437434352469e+00 1.756042147975310774e+00 2.946058427133686590e-03 2.439377241797469065e-01 1.297491806263361639e-03 -4.243984954102134229e-03
1.354500000000000000e+04 1.999979429774376705e+00 4.081382642862965704e-01 3.398435873234461300e-03 1.591841600360536235e+00 -1.237696153177000099e-03 -2.161174592513361806e-03
1.355000000000000000e+04 1.999979422026906706e+00 1.967188453184000596e-01 3.218016998650863152e-03 1.803261011733631403e+00 -2.911945185365703674e-03 -3.065068384097190471e-04
1.355500000000000000e+04 1.999979413004629336e+00 1.506389523426213461e+00 6.620876046085177706e-03 4.935903247819136697e-01 -5.711957854307423994e-04 -6.050115464152037992e-03
1.356000000000000000e+04 1.999979404559659280e+00 1.899129661583102591e+00 5.306640700277425078e-03 1.008501783495841658e-01 2.447967467180939662e-04 -5.551872820023093930e-03
1.356500000000000000e+04 1.999979398367041306e+00 6.240476377692744103e-01 1.045014215291023649e-03 1.375932196093270221e+00 -8.017396117232806346e-04 -2.437100990708581619e-04
1.357000000000000000e+04 1.999979388883670328e+00 5.796186987151927261e-02 3.521108736175900412e-04 1.942017954696551030e+00 -7.104483892955343652e-05 -2.815017190877825109e-04
1.357500000000000000e+04 1.999979379423191483e+00 1.278206395175427224e+00 4.525967473961617121e-04 7.217734201206099653e-01 9.481844885001272042e-04 -1.401217108741899557e-03
1.358000000000000000e+04 1.999979373420321060e+00 1.974738291882135899e+00 2.854054427374270054e-03 2.524151753072650592e-02 1.368598339903920715e-03 -4.223088759819545665e-03
1.358500000000000000e+04 1.999979367186315082e+00 8.484245814064660385e-01 4.273420919277823131e-03 1.151555221896322978e+00 -5.542698168898580868e-04 -3.719587218861570253e-03
1.359000000000000000e+04 1.999979357323208529e+00 3.559481116220696711e-02 3.081229362350005468e-03 1.964384982473442731e+00 -3.103014808323647025e-03 2.134913353263854802e-05
1.359500000000000000e+04 1.999979349251946870e+00 1.047244597931860532e+00 5.669795494148329937e-03 9.527351877921657053e-01 -1.331651816066908378e-03 -4.338580150160658080e-03
1.360000000000000000e+04 1.999979340496203406e+00 1.999388191168784967e+00 5.809002479386739248e-03 5.915859741316037727e-04 5.764400960150000992e-04 -6.385879222115057804e-03
1.360500000000000000e+04 1.999979335890388565e+00 1.100711047955546640e+00 1.463482939051365421e-03 8.992687246735407980e-01 -2.598256053457982683e-04 -1.204094072404524821e-03
1.361000000000000000e+04 1.999979328095914388e+00 1.342025924717529448e-02 1.319136560856045955e-04 1.986559505742872433e+00 -2.003161616529052522e-04 6.796561143371343777e-05
1.361500000000000000e+04 1.999979320084773304e+00 7.939755126170053856e-01 2.149550514785636174e-04 1.206004244521850843e+00 4.960437316045090105e-04 -7.114358371661255471e-04
1.362000000000000000e+04 1.999979310957866296e+00 1.965282888498424363e+00 2.515385668608312135e-03 3.469685969711273216e-02 1.163595264204513209e-03 -3.679418170483529475e-03
1.362500000000000000e+04 1.999979305513511774e+00 1.326748833428610164e+00 5.028901875649970619e-03 6.732309094323140064e-01 9.142336259440123612e-05 -5.120762585656937933e-03
1.363000000000000000e+04 1.999979298010849282e+00 1.049506477796945392e-01 3.429731145154379934e-03 1.895029087727420292e+00 -2.910227089273875224e-03 -5.199415521460176021e-04
1.363500000000000000e+04 1.999979289585688047e+00 5.806846487281202007e-01 4.646366235961572194e-03 1.419295078521114917e+00 -2.136799652447171367e-03 -2.510004247061780897e-03
1.364000000000000000e+04 1.999979279863681736e+00 1.867387341014137281e+00 5.916521774329761008e-03 1.325923767077946402e-01 5.581575189489457623e-04 -6.475117151528507475e-03
1.364500000000000000e+04 1.999979275107254262e+00 1.555088681738298062e+00 2.044583768405885786e-03 4.448910313234232250e-01 3.417058282492162636e-04 -2.386727551122187329e-03
1.365000000000000000e+04 1.999979267407481442e+00 2.009928376530583372e-01 6.225840803424427690e-05 1.798986867864029948e+00 -1.081956760491581458e-04 4.549915840827866071e-05
1.365500000000000000e+04 1.999979258680387950e+00 3.582719227064273260e-01 6.575630403054191103e-05 1.641707774260076524e+00 1.144695302922824347e-04 -1.806641204388661592e-04
1.366000000000000000e+04 1.999979249635791989e+00 1.729960538597245412e+00 2.012737062619145232e-03 2.700191495080453974e-01 7.244787634429967257e-04 -2.737654295560776330e-03
1.366500000000000000e+04 1.999979244860074390e+00 1.730648562881339503e+00 5.496441009755865734e-03 2.693311205455491408e-01 5.438701136589894555e-04 -6.040749690228811378e-03
1.367000000000000000e+04 1.999979237379565067e+00 3.884613405822072152e-01 4.188726570284412830e-03 1.611518335514487088e+00 -2.380205300668187651e-03 -1.808959986745602502e-03
1.367500000000000000e+04 1.999979227667866732e+00 2.164585122625288238e-01 3.784890531877358518e-03 1.783521154318104873e+00 -2.799688570342296658e-03 -9.856408743018803265e-04
1.368000000000000000e+04 1.999979217258394559e+00 1.534107143785344185e+00 5.602302170210063902e-03 4.658725125968528058e-01 1.983449074871355511e-04 -5.801086201499596091e-03
1.368500000000000000e+04 1.999979211311807559e+00 1.880319306895116060e+00 2.645818466168568459e-03 1.196603436620907734e-01 8.632273496168766215e-04 -3.509485061184570119e-03
1.369000000000000000e+04 1.999979205654647041e+00 5.765895671176249904e-01 1.543428343960068715e-04 1.423390077897146222e+00 1.826675796417256677e-04 -3.374497741622304973e-04
1.369500000000000000e+04 1.999979196652504010e+00 7.351878926240131007e-02 4.801422167716681459e-05 1.926460846934841431e+00 -1.072877683594892248e-04 5.883400194353439675e-05
1.370000000000000000e+04 1.999979187392980640e+00 1.324146150204450700e+00 1.469656521934990627e-03 6.758334769233872441e-01 1.488110842856876098e-04 -1.618907341078214225e-03
1.370500000000000000e+04 1.999979180626525022e+00 1.965188592809578694e+00 5.573304715207453436e-03 3.479102769152653957e-02 6.912371864374576309e-04 -6.264981776225073129e-03
1.371000000000000000e+04 1.999979175343864712e+00 8.194260458968488647e-01 5.188939221749312540e-03 1.180553569428658411e+00 -1.638528660650500875e-03 -3.550850542741062956e-03
1.371500000000000000e+04 1.999979164925386410e+00 4.025228454398956102e-02 3.282240825665807930e-03 1.959727320576597043e+00 -3.167087539605120856e-03 -1.155934812607377121e-04
1.372000000000000000e+04 1.999979155288151622e+00 1.077871865574165922e+00 4.937133680950981166e-03 9.221077301068271170e-01 -4.156727888149513062e-04 -4.521901284977617071e-03
1.372500000000000000e+04 1.999979148348512537e+00 1.999891902376788710e+00 3.122568556663976678e-03 8.768650714406202936e-05 1.184523078357771052e-03 -4.307532170442067779e-03
1.373000000000000000e+04 1.999979142949842803e+00 1.051915354468238473e+00 3.809258986161705727e-04 9.480642291292794566e-01 6.019678877017684481e-04 -9.833344339932113647e-04
1.373500000000000000e+04 1.999979134141688819e+00 6.654129658508380583e-03 1.735007911519106558e-04 1.993325445313969935e+00 -1.185247462133380341e-04 -5.541687572812360887e-05
1.374000000000000000e+04 1.999979125351534215e+00 8.432838920191133569e-01 1.021779680957411339e-03 1.156695674345990410e+00 -4.330448711877803863e-04 -5.891758233392373331e-04
1.374500000000000000e+04 1.999979117729485889e+00 1.975276437524810857e+00 5.246973953567287893e-03 2.470312137679324740e-02 4.920395954575824352e-04 -5.739454721143215192e-03
1.375000000000000000e+04 1.999979113186799662e+00 1.296466935892892192e+00 6.205173420129033585e-03 7.035126185604223537e-01 -8.606983489993318397e-04 -5.344916337644516416e-03
1.375500000000000000e+04 1.999979103427275362e+00 9.352531441885293673e-02 3.252690004804506974e-03 1.906454230477966139e+00 -3.154758623131676595e-03 -9.837285121644422699e-05
1.376000000000000000e+04 1.999979094780809152e+00 6.059427111400506050e-01 4.072099683337186346e-03 1.394036825289905579e+00 -1.138504413533270813e-03 -2.934036918950761949e-03
1.376500000000000000e+04 1.999979086627484692e+00 1.885634240620252866e+00 3.361810982560725723e-03 1.143452878262663508e-01 1.233258024085785113e-03 -4.595510825680707533e-03
1.377000000000000000e+04 1.999979081534714265e+00 1.515229794318178724e+00 6.832866138565809808e-04 4.847497291432525390e-01 1.048517100113296888e-03 -1.732245640686912473e-03
1.377500000000000000e+04 1.999979073385621309e+00 1.733917582119557932e-01 4.193355865417287701e-04 1.826587757272118084e+00 8.103769533946455876e-05 -5.008153803336275970e-04
1.378000000000000000e+04 1.999979064502216186e+00 4.004493508238697319e-01 7.846767260187730887e-04 1.599530155964235645e+00 -8.886707940196738372e-04 1.035517821117675603e-04
1.378500000000000000e+04 1.999979056105175568e+00 1.758604845301354302e+00 4.598850063971465958e-03 2.413746532668204769e-01 -1.447292737727359805e-05 -4.584819599593317231e-03
1.379000000000000000e+04 1.999979051104396888e+00 1.707382128417879841e+00 7.007944695831677326e-03 2.925973652557445903e-01 -2.313398072481578341e-04 -6.777047457810991826e-03
1.379500000000000000e+04 1.999979042673475815e+00 3.637507745459794828e-01 3.701717322254562646e-03 1.636228710874565007e+00 -2.766760594554395353e-03 -9.353994747686376595e-04
1.380000000000000000e+04 1.999979034787998433e+00 2.292982900104994504e-01 3.202971577906370965e-03 1.770681187690738678e+00 -1.800737148544501740e-03 -1.402677342601346125e-03
1.380500000000000000e+04 1.999979026884739275e+00 1.564342325803865119e+00 3.307783433381102176e-03 4.356371441608958284e-01 1.001791014708400436e-03 -4.310017528111532992e-03
1.381000000000000000e+04 1.999979020333711333e+00 1.857615612016161544e+00 9.857926253879370580e-04 1.423638515383426895e-01 1.414538579714240928e-03 -2.400774425895213678e-03
1.381500000000000000e+04 1.999979012406397416e+00 5.345283403241846143e-01 7.328500003224360394e-04 1.465451115472957255e+00 4.412284307178359071e-04 -1.174521821784751995e-03
1.382000000000000000e+04 1.999979004267550931e+00 9.976568582041085709e-02 8.261127737822933879e-04 1.900213762011706775e+00 -1.114867906877198625e-03 2.883115685284392497e-04
1.382500000000000000e+04 1.999978996330789904e+00 1.366184526093980223e+00 3.785940936672481556e-03 6.337949139707549362e-01 -7.169214079407822040e-04 -3.069463262676738573e-03
1.383000000000000000e+04 1.999978989904488857e+00 1.955537313906905217e+00 7.416442108368694747e-03 4.444211986957448401e-02 9.899986938865751958e-05 -7.515885849748248256e-03
1.383500000000000000e+04 1.999978982301052977e+00 7.873608748328533302e-01 4.524674180966161557e-03 1.212618551503653830e+00 -2.094421697526676566e-03 -2.430696518893515814e-03
1.384000000000000000e+04 1.999978974502668816e+00 3.653006755539950356e-02 2.524855970116701275e-03 1.963449351149575861e+00 -2.248092151535432352e-03 -2.772080208877539080e-04
1.384500000000000000e+04 1.999978966589886387e+00 1.111492916431106481e+00 2.973661202441582867e-03 8.884864945308239559e-01 5.483619185160427695e-04 -3.522467493001865940e-03
1.385000000000000000e+04 1.999978957413833580e+00 1.998578536392425775e+00 1.214540155968018079e-03 1.400865593452839441e-03 1.611759232417872426e-03 -2.826743960430840377e-03
1.385500000000000000e+04 1.999978951794874948e+00 1.005165898684196479e+00 1.043610967078550857e-03 9.948134978050526822e-01 8.731960538578562372e-04 -1.917251715310569699e-03
1.386000000000000000e+04 1.999978943334073112e+00 1.192278136317949030e-02 1.149391820897831956e-03 1.988056606848347396e+00 -1.062004939683249905e-03 -8.783175866837484712e-05
1.386500000000000000e+04 1.999978935321514495e+00 8.903442237638135026e-01 3.004617329661520963e-03 1.109635156608331563e+00 -1.457497066077893897e-03 -1.547565314214074342e-03
1.387000000000000000e+04 1.999978926872248319e+00 1.982588911812694699e+00 7.340528859844581630e-03 1.739046029360789836e-02 4.933231943485638193e-05 -7.390306413333718079e-03
1.387500000000000000e+04 1.999978922252899416e+00 1.264703094725549981e+00 5.530689068010232953e-03 7.352762728619528509e-01 -1.295135028304671967e-03 -4.235999374308530192e-03
1.388000000000000000e+04 1.999978914459317858e+00 7.299476081949163309e-02 2.187479913848076191e-03 1.926984599143461541e+00 -2.376727345831951103e-03 1.888019283484372102e-04
1.388500000000000000e+04 1.999978906355989405e+00 6.335124190595496918e-01 2.436917059578232788e-03 1.366466932976751814e+00 -1.734105789272755727e-05 -2.420021681997818093e-03
1.389000000000000000e+04 1.999978897431009095e+00 1.904964048588657421e+00 1.315335801543167068e-03 9.501529471893672973e-02 1.592894543802972568e-03 -2.908676221930922654e-03
1.389500000000000000e+04 1.999978891488542354e+00 1.474677445740218307e+00 1.279967503993680034e-03 5.253018917570042579e-01 1.270356547733210396e-03 -2.550770060407124128e-03
1.390000000000000000e+04 1.999978883550463715e+00 1.575582775453882867e-01 1.691699332857115852e-03 1.842421052187417363e+00 -7.457910530661989931e-04 -9.463544621327251534e-04
1.390500000000000000e+04 1.999978875695228142e+00 4.430175717116238698e-01 2.444945558417914357e-03 1.556961750337360950e+00 -2.068664983376897713e-03 -3.767269287979084003e-04
1.391000000000000000e+04 1.999978867465354471e+00 1.782199314097935305e+00 6.801817361892393589e-03 2.177799999008269149e-01 -3.725118813112343434e-04 -6.429752013988937996e-03
1.391500000000000000e+04 1.999978861696567467e+00 1.683484454674503361e+00 6.486528661976183156e-03 3.164948536828654513e-01 -5.556874666828720555e-04 -5.931287856094404065e-03
1.392000000000000000e+04 1.999978853926070999e+00 3.301339284697914489e-01 2.261122864814998218e-03 1.669845372287863006e+00 -2.156800181768823033e-03 -1.047695146299291655e-04
1.392500000000000000e+04 1.999978845868314759e+00 2.427630575470680618e-01 1.820010743827393286e-03 1.757216235330816945e+00 -5.604206678210904785e-04 -1.260037085576391552e-03
1.393000000000000000e+04 1.999978837416630517e+00 1.598749922855405181e+00 1.266402133183345017e-03 4.012293617583572725e-01 1.363110182832024102e-03 -2.629959513147567263e-03
1.393500000000000000e+04 1.999978830760327009e+00 1.832715894744703533e+00 1.386423681069238242e-03 1.672633833624013189e-01 1.533808715480887647e-03 -2.920679743328192211e-03
1.394000000000000000e+04 1.999978822762130237e+00 5.024118532279364668e-01 2.337815451407911516e-03 1.497567417058222050e+00 -2.438339712566420020e-04 -2.094429004179519226e-03
1.394500000000000000e+04 1.999978814765643209e+00 1.294189950506481057e-01 2.246368502347276513e-03 1.870560267414782540e+00 -2.412157511222967014e-03 1.653413090880398049e-04
1.395000000000000000e+04 1.999978806859354252e+00 1.401523743819178325e+00 5.928700296048879277e-03 5.984555109134536144e-01 -1.071533645586838059e-03 -4.857614523740024989e-03
1.395500000000000000e+04 1.999978800005157709e+00 1.945184921553459789e+00 7.170460541340408292e-03 5.479432647633051406e-02 -4.851130291790501693e-05 -7.122397263055138365e-03
1.396000000000000000e+04 1.999978794336643384e+00 7.474789020920380445e-01 2.720780297760707917e-03 1.252500340394305134e+00 -1.639059942749555724e-03 -1.082168504711045849e-03
1.396500000000000000e+04 1.999978785781136192e+00 3.112247505752520349e-02 1.261315836245678005e-03 1.968856759064227413e+00 -9.523782074318029979e-04 -3.093859694303526908e-04
1.397000000000000000e+04 1.999978777099038485e+00 1.151885764630247833e+00 1.082670017350335348e-03 8.480934610042860644e-01 9.785758588053829025e-04 -2.061694411651106632e-03
1.397500000000000000e+04 1.999978768144663466e+00 1.995149144312363232e+00 1.337718429226360294e-03 4.830072570509240902e-03 1.596294657797586421e-03 -2.934461825232844486e-03
1.398000000000000000e+04 1.999978764339238158e+00 9.653922426890317876e-01 2.946120651504726459e-03 1.034586970472537670e+00 3.222160281635534727e-04 -3.268785501999803885e-03
1.398500000000000000e+04 1.999978756090511123e+00 2.329853229033633857e-02 2.465084015123598753e-03 1.976680672805035677e+00 -2.411135681337345064e-03 -5.439733864735444961e-05
1.399000000000000000e+04 1.999978747438592608e+00 9.301201993049806882e-01 4.926470268412484581e-03 1.069858997328814620e+00 -1.887741551673639351e-03 -3.039177911941141202e-03
1.399500000000000000e+04 1.999978738487351082e+00 1.988227415639695517e+00 7.423611973854058257e-03 1.175177224130158869e-02 1.088649615311528148e-04 -7.532926329031413779e-03
1.400000000000000000e+04 1.999978733961897071e+00 1.226870547859767679e+00 3.452168783745757780e-03 7.731086355961728218e-01 -9.429318602718695166e-04 -2.509686417517258301e-03
1.400500000000000000e+04 1.999978725582036043e+00 4.837030464922787570e-02 8.830952836456715943e-04 1.951608870614659930e+00 -1.100726952358196649e-03 2.171819868608180733e-04
1.401000000000000000e+04 1.999978716984366134e+00 6.693897492062538257e-01 8.108916645708029013e-04 1.330589417654040929e+00 5.325887345521731738e-04 -1.343930275051007919e-03
1.401500000000000000e+04 1.999978708420030671e+00 1.923827568389228526e+00 1.145956927726742708e-03 7.615159010080572999e-02 1.438857382723162173e-03 -2.585264380453280737e-03
1.402000000000000000e+04 1.999978703286074966e+00 1.437655220080130913e+00 3.381118889958699414e-03 5.623239333919687333e-01 8.149430313473181265e-04 -4.196512107330944812e-03
1.402500000000000000e+04 1.999978695626757119e+00 1.495981925913593691e-01 3.060585645468254148e-03 1.850380953391149053e+00 -2.068148992630539085e-03 -9.928870085888935083e-04
1.403000000000000000e+04 1.999978687458666471e+00 4.788870692451088762e-01 4.029639848138298966e-03 1.521092068749161141e+00 -2.633482954933371450e-03 -1.396607428808218114e-03
1.403500000000000000e+04 1.999978678815312660e+00 1.802459241471146001e+00 7.186694387987061297e-03 1.975198880699610693e-01 -1.185575309808797992e-04 -7.068587582800722052e-03
1.404000000000000000e+04 1.999978672690603032e+00 1.655545688839771268e+00 4.278343097487946091e-03 3.444334347129890950e-01 -2.286497713223847189e-04 -4.050144188322664200e-03
1.404500000000000000e+04 1.999978665078151030e+00 2.904703875328116247e-01 7.636973076718963456e-04 1.709508728578045700e+00 -9.699875434172951661e-04 2.058392030390739764e-04
1.405000000000000000e+04 1.999978656454432624e+00 2.646694821074472292e-01 5.172321084309143774e-04 1.735309625574704029e+00 1.329012206600604484e-04 -6.505845568098541417e-04
1.405500000000000000e+04 1.999978647786868624e+00 1.635543502837909502e+00 8.586253421632928295e-04 3.644355963733861836e-01 1.095917756364968125e-03 -1.954994522955639993e-03
1.406000000000000000e+04 1.999978642962741748e+00 1.808199987005811860e+00 3.545191698289108014e-03 1.917791074904733606e-01 1.113475257110972108e-03 -4.659118488943833625e-03
1.406500000000000000e+04 1.999978636013989064e+00 4.785927802300526390e-01 3.904381277914393926e-03 1.521386307471659372e+00 -1.464855820809860334e-03 -2.439977144827677052e-03
1.407000000000000000e+04 1.999978627409112031e+00 1.539777589910072964e-01 3.447731663041085897e-03 1.846001320295001857e+00 -3.137020343878221817e-03 -3.111631960599296190e-04
1.407500000000000000e+04 1.999978618444871570e+00 1.431543455275281262e+00 6.513378823077514354e-03 5.684356152426622844e-01 -6.752230648948125830e-04 -5.838607831254773346e-03
1.408000000000000000e+04 1.999978610771251386e+00 1.932656442962438437e+00 5.000922377712145074e-03 6.732262005249463332e-02 3.402731827176621671e-04 -5.341647804111748256e-03
1.408500000000000000e+04 1.999978605543741184e+00 7.005105527305671709e-01 9.200933826146501151e-04 1.299468505172536759e+00 -5.894822933641477580e-04 -3.310634486133536437e-04
1.409000000000000000e+04 1.999978597144428161e+00 3.286334574514283152e-02 2.707334721128939158e-04 1.967115703947612815e+00 -1.240719850536334279e-04 -1.471140353870713940e-04
1.409500000000000000e+04 1.999978588709481198e+00 1.198081330847655668e+00 5.476136958441125448e-04 8.018977106008069455e-01 6.473186359784932013e-04 -1.195385070803823072e-03
1.410000000000000000e+04 1.999978580173847886e+00 1.989962406965653852e+00 3.402226654116447587e-03 1.001662614066655896e-02 1.142328593921439553e-03 -4.545008180510593139e-03
1.410500000000000000e+04 1.999978575496937472e+00 9.328932553327139443e-01 4.808941641969526753e-03 1.067085773199454302e+00 -7.435375181618672068e-04 -4.065857159038472474e-03
1.411000000000000000e+04 1.999978567450059641e+00 3.182673433512320932e-02 3.317106598196393683e-03 1.968152286326261713e+00 -3.282190775217527258e-03 -3.536903430422832834e-05
1.411500000000000000e+04 1.999978558997032252e+00 9.626976949151645480e-01 5.557267186915530212e-03 1.037281317476599796e+00 -1.428451694888137769e-03 -4.129268886759894855e-03
1.412000000000000000e+04 1.999978549699530816e+00 1.992985413941614770e+00 5.446326838756298389e-03 6.993589356451713340e-03 6.354679388869237389e-04 -6.082248376178965750e-03
1.412500000000000000e+04 1.999978545361644100e+00 1.182080972516207362e+00 1.304643404630575435e-03 8.178980265394718563e-01 -4.622334338256555385e-05 -1.258873755283054828e-03
1.413000000000000000e+04 1.999978537267762313e+00 2.846966511590542925e-02 1.267316111326379478e-04 1.971509326026246844e+00 -1.760041620426815775e-04 4.881867651969974312e-05
1.413500000000000000e+04 1.999978528991281257e+00 7.142860331409659480e-01 2.918319450422590124e-04 1.285692949910292704e+00 1.992215186138618930e-04 -4.915075236338669207e-04
1.414000000000000000e+04 1.999978520246775693e+00 1.940272952677410734e+00 2.987323316970473368e-03 5.970602182551135173e-02 8.898262994231472206e-04 -3.877603872539878756e-03
1.414500000000000000e+04 1.999978514808006036e+00 1.405660367670609423e+00 5.570488587443375370e-03 5.943186015144122925e-01 -7.446492977224915223e-05 -5.496478034686875722e-03
1.415000000000000000e+04 1.999978507118063353e+00 1.411653393895937192e-01 3.669752347560441882e-03 1.858813622272399435e+00 -3.035144150805282794e-03 -6.350627406852856057e-04
1.415500000000000000e+04 1.999978498990605091e+00 5.061886050700481476e-01 4.535788371035017613e-03 1.493790348639354448e+00 -2.199904150200709431e-03 -2.336338939631825776e-03
1.416000000000000000e+04 1.999978490101589568e+00 1.822283596004529826e+00 5.506059016910953320e-03 1.776953490070000141e-01 5.938148431326526876e-04 -6.100328769984162715e-03
1.416500000000000000e+04 1.999978484704325821e+00 1.621942384752556032e+00 1.816871848626692423e-03 3.780365549800439040e-01 5.355584119096780220e-04 -2.352885288810608114e-03
1.417000000000000000e+04 1.999978477068143912e+00 2.525279222968497272e-01 1.140150846429224167e-04 1.747451009967596169e+00 -9.165929401390406821e-06 -1.053043515438493625e-04
1.417500000000000000e+04 1.999978468893827577e+00 2.978906347460107407e-01 1.578078649870949871e-04 1.702088289525190978e+00 -1.414099561459796666e-04 -1.685328621517418696e-05
1.418000000000000000e+04 1.999978460475108966e+00 1.670876341501074780e+00 2.399814320241595075e-03 3.291025745379806411e-01 4.114302115335557097e-04 -2.811700095721467955e-03
1.418500000000000000e+04 1.999978454312202114e+00 1.785737710564462510e+00 6.016076695924011536e-03 2.142411994482016635e-01 3.835962935579855285e-04 -6.400128689943752891e-03
1.419000000000000000e+04 1.999978446737468385e+00 4.562632481822783137e-01 4.425949918398198839e-03 1.543715654418792660e+00 -2.452230818509987340e-03 -1.974174963491022623e-03
1.419500000000000000e+04 1.999978438775212197e+00 1.693983721446660762e-01 3.679748032386811162e-03 1.830580522663771026e+00 -2.807394058818454396e-03 -8.728100067932913122e-04
1.420000000000000000e+04 1.999978430304811816e+00 1.460628249522487154e+00 5.161449115071142964e-03 5.393506369948382062e-01 2.319346264523606540e-04 -5.393839954037258147e-03
1.420500000000000000e+04 1.999978422914773901e+00 1.916650162037908389e+00 2.327580669619042173e-03 8.332871724875710873e-02 1.023628686363691094e-03 -3.351665727874582855e-03
1.421000000000000000e+04 1.999978415814795518e+00 6.523708770372433907e-01 2.285274883036932591e-04 1.347607995304063166e+00 3.385035271686741461e-04 -5.674875419834760938e-04
1.421500000000000000e+04 1.999978407747312392e+00 4.678083775200506805e-02 1.831845227357969496e-04 1.953198026697821721e+00 -2.924814622281348168e-04 1.088402369780529526e-04
1.422000000000000000e+04 1.999978399744808621e+00 1.245162770334252489e+00 1.780833254674394749e-03 7.548160862875253896e-01 -1.830565920435134612e-04 -1.598233539600226166e-03
1.422500000000000000e+04 1.999978392235013391e+00 1.983789467196042766e+00 6.044216856816810035e-03 1.618938208026435982e-02 5.206688101710731965e-04 -6.565342708281404933e-03
1.423000000000000000e+04 1.999978386083032467e+00 9.029875217495071382e-01 5.412402613733296140e-03 1.096991321505698336e+00 -1.667310254809867406e-03 -3.745549531096677414e-03
1.423500000000000000e+04 1.999978378289309688e+00 3.156077510287387533e-02 3.180349520370733766e-03 1.968418060522661994e+00 -3.107155333508924804e-03 -7.365152308802470817e-05
1.424000000000000000e+04 1.999978370196368038e+00 9.930109279668122291e-01 4.487145684856204408e-03 1.006967899734738880e+00 -3.583647228589303870e-04 -4.129238467180286129e-03
1.424500000000000000e+04 1.999978360121608345e+00 1.996873678400075791e+00 2.709594762717852483e-03 3.105139440356903101e-03 1.308893880011301669e-03 -4.018946361553611506e-03
1.425000000000000000e+04 1.999978355917589656e+00 1.134006869669351492e+00 4.349779756058106219e-04 8.659719440566837623e-01 7.864083431709707490e-04 -1.221844127222553164e-03
1.425500000000000000e+04 1.999978347981943072e+00 1.998213020244918314e-02 3.671859234787809285e-04 1.979996675757939917e+00 -2.164702342012783448e-04 -1.511736677234006845e-04
1.426000000000000000e+04 1.999978339947117156e+00 7.632622680882253929e-01 1.280560490201287796e-03 1.236716530009879911e+00 -7.554151261735603728e-04 -5.256035150158628851e-04
1.426500000000000000e+04 1.999978331080704663e+00 1.953298443344676061e+00 5.649427483125956176e-03 4.668034607746137515e-02 3.017716414040798540e-04 -5.951657465962564494e-03
1.427000000000000000e+04 1.999978325668862800e+00 1.376250373394723114e+00 6.401828498937506794e-03 6.237284107305601788e-01 -8.612439567280377566e-04 -5.541042998629706201e-03
1.427500000000000000e+04 1.999978317936909722e+00 1.251130298562118104e-01 3.145747255939780173e-03 1.874865746698001878e+00 -3.026885477117232000e-03 -1.193203961266129867e-04
1.428000000000000000e+04 1.999978309827337375e+00 5.293632921864717122e-01 3.632876011651955169e-03 1.470615476425440882e+00 -1.032371116726347581e-03 -2.600963679501048717e-03
1.428500000000000000e+04 1.999978300600245618e+00 1.843696667363104336e+00 2.867710309896637309e-03 1.562820922124349143e-01 1.331004928714441503e-03 -4.199174213904401966e-03
1.429000000000000000e+04 1.999978294979904980e+00 1.584217695927074621e+00 6.760062736589399560e-04 4.157610581470450595e-01 1.230365612909335455e-03 -1.906830980782752523e-03
1.429500000000000000e+04 1.999978287129658971e+00 2.237835696089088555e-01 6.702863776437061006e-04 1.776195176780273055e+00 7.038804126859829783e-05 -7.411336784347779139e-04
1.430000000000000000e+04 1.999978279177326401e+00 3.385028825650286954e-01 1.022969932772397825e-03 1.661475856039543286e+00 -1.171773364043093716e-03 1.483440040250116215e-04
1.430500000000000000e+04 1.999978270887427634e+00 1.701493247811174170e+00 4.924581981806592547e-03 2.984854826782449289e-01 -2.244235011323188721e-04 -4.700618082666144053e-03
1.431000000000000000e+04 1.999978265218376849e+00 1.764734711400443912e+00 7.165223492758073139e-03 2.352440135396742793e-01 -2.203149653539222526e-04 -6.945368249145490204e-03
1.431500000000000000e+04 1.999978257483829402e+00 4.280568244452636617e-01 3.576791810303083918e-03 1.571921892919792674e+00 -2.582215174994828642e-03 -9.950365165348412991e-04
1.432000000000000000e+04 1.999978248102164624e+00 1.787105589247633963e-01 2.788160783411759540e-03 1.821268149250246715e+00 -1.626893224007644381e-03 -1.161727632249731504e-03
1.432500000000000000e+04 1.999978237977835693e+00 1.493070398718265857e+00 2.760613125525565939e-03 5.069082995394742497e-01 1.092202130402745693e-03 -3.853275535833054766e-03
1.433000000000000000e+04 1.999978232430171809e+00 1.897172677543938812e+00 8.867637522428794715e-04 1.028060152805573974e-01 1.567366863720710997e-03 -2.454591010288247575e-03
1.433500000000000000e+04 1.999978227342763981e+00 6.102641766846886862e-01 1.023121528099034221e-03 1.389714511156725507e+00 5.014938180885864481e-04 -1.525075844837807219e-03
1.434000000000000000e+04 1.999978218381353923e+00 7.076423616844385034e-02 1.076543630518283752e-03 1.929214442897891235e+00 -1.334313068845415211e-03 2.573087533460358188e-04
1.434500000000000000e+04 1.999978208956930459e+00 1.287640975640054641e+00 4.040117149954359881e-03 7.123376941981641730e-01 -9.368004101945562757e-04 -3.103777621048229175e-03
1.435000000000000000e+04 1.999978200950186746e+00 1.977077017205400189e+00 7.524960549937150314e-03 2.290164479215596460e-02 1.070024409956046472e-04 -7.632424038302242086e-03
1.435500000000000000e+04 1.999978194982729329e+00 8.691300961245407297e-01 4.367276115782628074e-03 1.130848560027170713e+00 -1.873026898003760619e-03 -2.494710386761234827e-03
1.436000000000000000e+04 1.999978185469047043e+00 2.352733578329405106e-02 2.138445718407268673e-03 1.976451311047179527e+00 -1.998537086805287234e-03 -1.403699930288561902e-04
1.436500000000000000e+04 1.999978176225482462e+00 1.027373052953844956e+00 2.409646795131239159e-03 9.726055848194458120e-01 6.561101139293262644e-04 -3.066218456868818713e-03
1.437000000000000000e+04 1.999978168857242666e+00 1.999301804826419060e+00 1.011315147272830259e-03 6.768257277628194485e-04 1.720171222894894322e-03 -2.731948067106607266e-03
1.437500000000000000e+04 1.999978165270493102e+00 1.088567559120761086e+00 1.342637027982226602e-03 9.114110679191581577e-01 9.751271755422768984e-04 -2.318225972950621258e-03
1.438000000000000000e+04 1.999978156024124765e+00 2.299197951966344688e-02 1.437877705957459539e-03 1.976986638463186008e+00 -1.204456847086891750e-03 -2.338828175952241970e-04
1.438500000000000000e+04 1.999978146509967081e+00 8.091077909852745220e-01 3.204810340898049149e-03 1.190870817678320481e+00 -1.670276885976216923e-03 -1.534995608550000692e-03
1.439000000000000000e+04 1.999978137964065539e+00 1.963350329696793795e+00 7.396393705141819305e-03 3.662827059493826282e-02 4.482428147526402551e-05 -7.441680314284010271e-03
1.439500000000000000e+04 1.999978132519568241e+00 1.344572074253493010e+00 5.328599903624632421e-03 6.554065207041726016e-01 -1.060471886906488468e-03 -4.268590454815797061e-03
1.440000000000000000e+04 1.999978123917822703e+00 1.003295777053548332e-01 1.822760376925009092e-03 1.899649008822930307e+00 -2.056932185756886033e-03 2.337091983692239552e-04
1.440500000000000000e+04 1.999978115996060346e+00 5.560545829091946279e-01 1.892703871922480968e-03 1.443923995855172171e+00 1.319705512494617934e-04 -2.025137191477954790e-03
1.441000000000000000e+04 1.999978107718883402e+00 1.866584911620836396e+00 1.016645743807737456e-03 1.333936590316094351e-01 1.655726951508521439e-03 -2.672835628878809846e-03
1.441500000000000000e+04 1.999978102125851809e+00 1.546268654429319822e+00 1.551899815038136838e-03 4.537099107436040613e-01 1.378178231893340986e-03 -2.930541094003443099e-03
1.442000000000000000e+04 1.999978093644667609e+00 2.063995166143604287e-01 2.031936431324516713e-03 1.793579040248374667e+00 -8.122499913791618367e-04 -1.220149658013187791e-03
1.442500000000000000e+04 1.999978085183707455e+00 3.784616455173104299e-01 2.617382267877378828e-03 1.621516903054850633e+00 -2.254679668951323906e-03 -3.631659873792953330e-04
1.443000000000000000e+04 1.999978077355795802e+00 1.726800266632247283e+00 6.808037701891904263e-03 2.731782742688951826e-01 -3.921820180799163416e-04 -6.416319229158726038e-03
1.443500000000000000e+04 1.999978072217988068e+00 1.742533201125338493e+00 6.233346321629053104e-03 2.574453347414487059e-01 -3.298129439567621139e-04 -5.903997026471163173e-03
1.444000000000000000e+04 1.999978064657891741e+00 3.910739462560050561e-01 1.902406913886761555e-03 1.608904582201350131e+00 -1.785401172069595813e-03 -1.174695412806055792e-04
1.444500000000000000e+04 1.999978056411209959e+00 1.899106048744955422e-01 1.325127124807413915e-03 1.810067915499727453e+00 -3.516589996024399654e-04 -9.739320882178961487e-04
1.445000000000000000e+04 1.999978047114705282e+00 1.530197999413501764e+00 9.006277366120805580e-04 4.697805118487750620e-01 1.392844829052325775e-03 -2.293936713235453229e-03
1.445500000000000000e+04 1.999978040974931037e+00 1.875803605285074838e+00 1.599066260797227896e-03 1.241748999609533638e-01 1.612980888837276536e-03 -3.212511420731901067e-03
1.446000000000000000e+04 1.999978034224056067e+00 5.778401481497348335e-01 2.728835264261944994e-03 1.422138350480073088e+00 -2.498719943735341225e-04 -2.479427675640270921e-03
1.446500000000000000e+04 1.999978026072125603e+00 9.699771958910964609e-02 2.420369998254107320e-03 1.902980771050950981e+00 -2.554685646790554390e-03 1.338510806014699052e-04
1.447000000000000000e+04 1.999978016898557032e+00 1.323079072248102506e+00 5.895352662281760220e-03 6.768994094013318641e-01 -1.102120580869250105e-03 -4.793696832289711177e-03
1.447500000000000000e+04 1.999978007641798117e+00 1.969384231996411438e+00 6.867888051699569917e-03 3.059424058250935149e-02 1.524798880853413382e-04 -7.020832876907377729e-03
1.448000000000000000e+04 1.999978001367227254e+00 8.273929460669198210e-01 2.347611352496382659e-03 1.172585520362159572e+00 -1.244492996408170637e-03 -1.103583417940261820e-03
1.448500000000000000e+04 1.999977992079325917e+00 1.503011373593049135e-02 8.324124497160670507e-04 1.984948343589803210e+00 -6.773476734681859682e-04 -1.555300226555941128e-04
1.449000000000000000e+04 1.999977983088438993e+00 1.069191076687337816e+00 6.919750465949982060e-04 9.307873718257854145e-01 9.972635745869825631e-04 -1.689704045865775359e-03
1.449500000000000000e+04 1.999977976613809272e+00 1.999748180155412669e+00 1.470924086549475459e-03 2.302620115549886676e-04 1.620906006484230987e-03 -3.092295646192040094e-03
1.450000000000000000e+04 1.999977971612132199e+00 1.049966351925465835e+00 3.373378075256281035e-03 9.500120853393529963e-01 3.492744680752047390e-04 -3.723118196017926804e-03
1.450500000000000000e+04 1.999977961821387762e+00 3.091271531238250214e-02 2.667027613053024777e-03 1.969065712356536269e+00 -2.501443294867453267e-03 -1.660501657164999546e-04
1.451000000000000000e+04 1.999977952712844287e+00 8.471583313821460237e-01 4.869488591844365125e-03 1.152820087359021306e+00 -1.919763929482690146e-03 -2.950190690684482368e-03
1.451500000000000000e+04 1.999977944447205669e+00 1.971736820400089130e+00 7.081862613904202179e-03 2.824159023940300481e-02 2.774299914243479352e-04 -7.359758797615160650e-03
1.452000000000000000e+04 1.999977939542955996e+00 1.306670452927922499e+00 3.045087663902164288e-03 6.933079529051310308e-01 -5.576301991906870963e-04 -2.487923754808768397e-03
1.452500000000000000e+04 1.999977931748292193e+00 7.254474765783716639e-02 5.211154887680215534e-04 1.927433650535120391e+00 -7.662487029314061972e-04 2.446667694978607132e-04
1.453000000000000000e+04 1.999977923892943821e+00 5.919149346831669156e-01 4.424447212897029405e-04 1.408063455810020015e+00 5.654732601995638656e-04 -1.008384581732465557e-03
1.453500000000000000e+04 1.999977914997219663e+00 1.889006907626360920e+00 1.197402938744248106e-03 1.109714741482615563e-01 1.396868810056122985e-03 -2.594738526203003125e-03
1.454000000000000000e+04 1.999977908679460681e+00 1.511780829539617566e+00 3.820801299843248292e-03 4.881975460444388792e-01 8.412931174400515091e-04 -4.662561321878727627e-03
1.454500000000000000e+04 1.999977900653466589e+00 1.957356630375856332e-01 3.308792384329852301e-03 1.804242704679494658e+00 -2.108658748262966145e-03 -1.200600699680851686e-03
1.455000000000000000e+04 1.999977893076294366e+00 4.109942042427394693e-01 3.968387541153897170e-03 1.588984156046676643e+00 -2.655282856561582208e-03 -1.313571897714031073e-03
1.455500000000000000e+04 1.999977884552149865e+00 1.749000584488481058e+00 6.822906146979071385e-03 2.509777674452708385e-01 1.889734845626385575e-05 -6.842270877037214677e-03
1.456000000000000000e+04 1.999977878567132716e+00 1.716173657784372697e+00 3.824785533808112981e-03 2.838046882845562391e-01 1.178584656154980844e-04 -3.943111501219800918e-03
1.456500000000000000e+04 1.999977871142516905e+00 3.489473176406224786e-01 4.545452527886078556e-04 1.651031021151748934e+00 -5.963193551639064168e-04 1.413064525207056456e-04
1.457000000000000000e+04 1.999977862793576255e+00 2.105563131362579166e-01 2.135615015726743146e-04 1.789422017473841775e+00 2.014274219128505577e-04 -4.154567400088822167e-04
1.457500000000000000e+04 1.999977853776481407e+00 1.569644202578626135e+00 8.454798153240448240e-04 4.303341191948484301e-01 9.909652278082990359e-04 -1.836913040125148344e-03
1.458000000000000000e+04 1.999977847846248435e+00 1.854739625682525483e+00 3.970712068146525255e-03 1.452386902805082591e-01 1.105463648783604419e-03 -5.076643833715820814e-03
1.458500000000000000e+04 1.999977840966863152e+00 5.526813779658782400e-01 4.206056745639581880e-03 1.447296931254762553e+00 -1.469601967547543237e-03 -2.736923031869725655e-03
1.459000000000000000e+04 1.999977832409537637e+00 1.171933913603749461e-01 3.401769471238515891e-03 1.882784909472866808e+00 -3.138551400435130208e-03 -2.636864945078680944e-04
1.459500000000000000e+04 1.999977822371906466e+00 1.353526945748141586e+00 6.148464462672934006e-03 6.464513452476896571e-01 -5.604913253101800365e-04 -5.588441761287541235e-03
1.460000000000000000e+04 1.999977814104792584e+00 1.959563174078848391e+00 4.499651581327177713e-03 4.041510881718889808e-02 6.276310798118278503e-04 -5.127751452383490748e-03
1.460500000000000000e+04 1.999977809333167489e+00 7.792611734899423936e-01 6.386812792087421652e-04 1.220717104729503122e+00 -2.071878388623574869e-04 -4.319623266245266693e-04
1.461000000000000000e+04 1.999977800262000560e+00 1.476414382600802801e-02 6.133631852103667802e-05 1.985214125505609495e+00 -8.168244000332935978e-06 -5.363714413777666702e-05
1.461500000000000000e+04 1.999977790957562007e+00 1.116755671780249370e+00 5.036168070501447283e-04 8.832225884352241652e-01 4.966644773001718935e-04 -1.000750542262091904e-03
1.462000000000000000e+04 1.999977783840004353e+00 1.998266961234710593e+00 3.791353288872015195e-03 1.711292007408040218e-03 1.073055416474050401e-03 -4.864878107460140176e-03
1.462500000000000000e+04 1.999977778444460563e+00 1.017784383398537384e+00 5.159786861622862007e-03 9.821938645567906967e-01 -7.357732981839813086e-04 -4.424483074306399463e-03
1.463000000000000000e+04 1.999977768393252919e+00 3.487327889224892119e-02 3.302790672614140926e-03 1.965104959214504454e+00 -3.258625111954801135e-03 -4.463527415977118132e-05
1.463500000000000000e+04 1.999977759255845422e+00 8.783050536093206517e-01 5.212004753764046955e-03 1.121673175543864698e+00 -1.324196366138166801e-03 -3.888278284965856254e-03
1.464000000000000000e+04 1.999977750928317421e+00 1.979547698210506246e+00 4.909078945013633198e-03 2.043052278332536595e-02 8.564761251186556743e-04 -5.766025135646571376e-03
1.464500000000000000e+04 1.999977745739110357e+00 1.262315460000526857e+00 1.021505906553155053e-03 7.376627559103118292e-01 3.094699234567716505e-04 -1.331446001738123769e-03
1.465000000000000000e+04 1.999977737577441239e+00 5.056869497384665346e-02 2.266536691403431576e-05 1.949409512941815859e+00 -1.421823755687881950e-05 -8.917467578374945573e-06
1.465500000000000000e+04 1.999977729589570874e+00 6.368184772170110142e-01 2.604584250204697521e-04 1.363159722873902968e+00 2.845367061575714986e-05 -2.893825969794288104e-04
1.466000000000000000e+04 1.999977721186685820e+00 1.908686564391563367e+00 3.328230168299990861e-03 9.129162746834983133e-02 7.443031465566757364e-04 -4.073003988083974403e-03
1.466500000000000000e+04 1.999977715826185332e+00 1.481659524117426185e+00 5.956936273036591081e-03 5.183186624922709873e-01 -8.200151101791849505e-05 -5.875405545530557570e-03
1.467000000000000000e+04 1.999977707234520841e+00 1.833983909457713724e-01 3.697388888220548130e-03 1.816579787247085243e+00 -2.989329466548081623e-03 -7.085303800080078838e-04
1.467500000000000000e+04 1.999977699571948042e+00 4.350981863915492354e-01 4.227070146233270591e-03 1.564879984294085036e+00 -2.093759828362142059e-03 -2.133781431557090370e-03
1.468000000000000000e+04 1.999977691374260846e+00 1.771359747478825852e+00 4.955785199183182846e-03 2.286184151756679717e-01 7.551021855454555275e-04 -5.711358664962064291e-03
1.468500000000000000e+04 1.999977684681670365e+00 1.684530984671334108e+00 1.505920201836161935e-03 3.154471714297754081e-01 8.318932307344190915e-04 -2.338284852009975961e-03
1.469000000000000000e+04 1.999977676619140610e+00 3.095553163276641984e-01 1.064874943818477416e-04 1.690422831877755439e+00 1.833364107973510591e-04 -2.902954914580173329e-04
1.469500000000000000e+04 1.999977668655567475e+00 2.426642967103029569e-01 1.831236677836386767e-04 1.757313843696373779e+00 -3.054988924284900154e-04 1.219034735356399007e-04
1.470000000000000000e+04 1.999977660642324739e+00 1.607126104449401849e+00 2.694581564353147694e-03 3.928520281097938605e-01 1.891669079183575181e-04 -2.884220389142479364e-03
1.470500000000000000e+04 1.999977654746332822e+00 1.835234447917705181e+00 6.419477119171788579e-03 1.647436788686247044e-01 3.341839392875549028e-04 -6.754133098456491929e-03
1.471000000000000000e+04 1.999977646946743626e+00 5.278241704616830621e-01 4.498183671601652112e-03 1.472153948686359737e+00 -2.395208983831932821e-03 -2.103446889068725026e-03
1.471500000000000000e+04 1.999977639270625218e+00 1.281572242253598559e-01 3.417753287444083229e-03 1.871820887404368694e+00 -2.690294321821861453e-03 -7.279313247257065229e-04
1.472000000000000000e+04 1.999977630756587965e+00 1.383886509402962650e+00 4.627484016218649104e-03 6.160915938881932341e-01 3.512279889991410092e-04 -4.979184539785452661e-03
1.472500000000000000e+04 1.999977622779797626e+00 1.946621021174297583e+00 1.973183822987268927e-03 5.335707430784844552e-02 1.237417962858505154e-03 -3.211074488194384617e-03
1.473000000000000000e+04 1.999977616967478111e+00 7.308423834747861392e-01 2.916622800027547473e-04 1.269135706316946832e+00 5.355700283670580212e-04 -8.277051326245674469e-04
1.473500000000000000e+04 1.999977608994615741e+00 2.695447530210138762e-02 3.005178559979848792e-04 1.973023606683973918e+00 -4.289909360085081931e-04 1.280000885510874638e-04
1.474000000000000000e+04 1.999977600778048759e+00 1.164541959094636203e+00 2.045539970845639422e-03 8.354361148472928544e-01 -4.686028444968458090e-04 -1.577410290229259906e-03
1.474500000000000000e+04 1.999977591442714697e+00 1.995398420357743507e+00 6.445844757066021037e-03 4.579644446994025030e-03 4.095833414501969319e-04 -6.855901460539007286e-03
1.475000000000000000e+04 1.999977587332897100e+00 9.871217287507841887e-01 5.524281431529790010e-03 1.012856332029568263e+00 -1.616541375911003916e-03 -3.908213503074226165e-03
1.475500000000000000e+04 1.999977578861604099e+00 2.969282475945748956e-02 2.967099123494694891e-03 1.970285227726934929e+00 -2.975776744022225195e-03 8.203995739044656884e-06
1.476000000000000000e+04 1.999977569351239604e+00 9.081879972001980494e-01 3.998520530576522153e-03 1.091790045975890466e+00 -2.574873416381304745e-04 -3.741507013787317027e-03
1.476500000000000000e+04 1.999977560389945674e+00 1.986930264683519187e+00 2.311171731285513366e-03 1.304776972185809313e-02 1.431860255142415085e-03 -3.743506001859285039e-03
1.477000000000000000e+04 1.999977556234264098e+00 1.215397665921325698e+00 5.321102950129479080e-04 7.845803644171174263e-01 9.561567380109544300e-04 -1.488741137203175276e-03
1.477500000000000000e+04 1.999977548389896942e+00 4.039418916356218858e-02 5.957075804854714387e-04 1.959583833497358762e+00 -3.157121724607516822e-04 -2.804696790490831724e-04
1.478000000000000000e+04 1.999977539974444829e+00 6.850342528558772681e-01 1.541936852820191030e-03 1.314943761568774905e+00 -1.080384343425297737e-03 -4.620269596019646596e-04
1.478500000000000000e+04 1.999977531096095662e+00 1.924537989366115642e+00 6.035041386247505003e-03 7.544001637005501304e-02 1.200048007819849911e-04 -6.155520827104451163e-03
1.479000000000000000e+04 1.999977526449444376e+00 1.453245370490767741e+00 6.542575532758539668e-03 5.467326306981966644e-01 -8.367917071676877214e-04 -5.706258565110576900e-03
1.479500000000000000e+04 1.999977517953642314e+00 1.628798464337622431e-01 2.975170901048532299e-03 1.837098146440394597e+00 -2.884710808235927369e-03 -9.093501332715956222e-05
1.480000000000000000e+04 1.999977508371975521e+00 4.560957831214021985e-01 3.211516615081850233e-03 1.543882200376219593e+00 -9.267077847557433825e-04 -2.285283955972239670e-03
1.480500000000000000e+04 1.999977498744933690e+00 1.795929665526086572e+00 2.440510955455433856e-03 2.040483085521529460e-01 1.371897104590286262e-03 -3.812883393351759135e-03
1.481000000000000000e+04 1.999977495103173908e+00 1.649322327133795341e+00 7.681603679993318987e-04 3.506556433813988738e-01 1.341979885912194604e-03 -2.110615665931633769e-03
1.481500000000000000e+04 1.999977487951556832e+00 2.798122088317399059e-01 1.009098974858001771e-03 1.720165754686114434e+00 4.575548781707498978e-06 -1.014150089936913940e-03
1.482000000000000000e+04 1.999977479073173692e+00 2.813711158040053673e-01 1.312389955806589651e-03 1.718606839027128963e+00 -1.507611205399831972e-03 1.947454916326756436e-04
1.482500000000000000e+04 1.999977469930071194e+00 1.639371783717208153e+00 5.287461203907786733e-03 3.606061621685011098e-01 -4.734552046044111719e-04 -4.814481954941476384e-03
1.483000000000000000e+04 1.999977463179555937e+00 1.816551903283625924e+00 7.321262364324482297e-03 1.834260359990174671e-01 -2.398837139267893568e-04 -7.081854753485233682e-03
1.483500000000000000e+04 1.999977455366672263e+00 4.963981518006680416e-01 3.436196181697557042e-03 1.503579779838261077e+00 -2.439019041641346357e-03 -9.976534123130474576e-04
1.484000000000000000e+04 1.999977445833466927e+00 1.339180938566019441e-01 2.443697895394558728e-03 1.866059828456883229e+00 -1.499156564033189264e-03 -9.450178113796019966e-04
1.484500000000000000e+04 1.999977436837335754e+00 1.418463567127356439e+00 2.332291051983729612e-03 5.815143463861912609e-01 1.074975167751235578e-03 -3.407742895947379717e-03
1.485000000000000000e+04 1.999977431316647625e+00 1.930624079316050290e+00 9.414854506638854845e-04 6.935382879799018019e-02 1.598060382026477181e-03 -2.540022630083436667e-03
1.485500000000000000e+04 1.999977426164017524e+00 6.889124019306015478e-01 1.451645923704949223e-03 1.311065501142986811e+00 4.528956781203576434e-04 -1.905018511395952571e-03
1.486000000000000000e+04 1.999977416669594721e+00 4.847344145872634069e-02 1.422745482080220144e-03 1.951504452328016725e+00 -1.654316411426070806e-03 2.310938121971111391e-04
1.486500000000000000e+04 1.999977407395294948e+00 1.207012041646292833e+00 4.381969480981011411e-03 7.929658430687543946e-01 -1.238234358384721588e-03 -3.144212442348578301e-03
1.487000000000000000e+04 1.999977400742743994e+00 1.991589411533030596e+00 7.683338151667894016e-03 8.388466675286629370e-03 3.285406079365361362e-05 -7.716669678034800833e-03
1.487500000000000000e+04 1.999977394416698084e+00 9.517972830988438160e-01 4.239942504115837632e-03 1.048180588922278167e+00 -1.742787570865359740e-03 -2.497632537673973117e-03
1.488000000000000000e+04 1.999977385159988907e+00 1.743290235192859750e-02 1.865855998161947008e-03 1.982544960616728025e+00 -1.840904050151638462e-03 -2.542975667787788390e-05
1.488500000000000000e+04 1.999977376404810991e+00 9.432199828764419314e-01 2.013362505562599474e-03 1.056757871530395576e+00 6.145025057065843076e-04 -2.628343013295791550e-03
1.489000000000000000e+04 1.999977368974243053e+00 1.993185771718842147e+00 1.009886558708074583e-03 6.792075422078170006e-03 1.660814178514956763e-03 -2.671178903900555280e-03
1.489500000000000000e+04 1.999977365580186905e+00 1.171518858647717432e+00 1.825147745524775432e-03 8.284589851740360444e-01 9.193952831626501631e-04 -2.745021270254010843e-03
1.490000000000000000e+04 1.999977356355751024e+00 4.109533626871290229e-02 1.860083281636319957e-03 1.958882498532128480e+00 -1.489640423572367476e-03 -3.709213031544547406e-04
1.490500000000000000e+04 1.999977347025021279e+00 7.291794084389462416e-01 3.534503225997126432e-03 1.270798417236359557e+00 -2.001033992547298843e-03 -1.533947883734199449e-03
1.491000000000000000e+04 1.999977338741175226e+00 1.937191681394454523e+00 7.547600894954816647e-03 6.278613617949446724e-02 -8.407397881041156745e-05 -7.464005748918142898e-03
1.491500000000000000e+04 1.999977333129070889e+00 1.421950836572851706e+00 5.197104685237837959e-03 5.780269755139836318e-01 -9.579685547543045736e-04 -4.239615088248057696e-03
1.492000000000000000e+04 1.999977325018046592e+00 1.340542843937639894e-01 1.603268022566726190e-03 1.865923519762039628e+00 -1.871975789711985590e-03 2.682286293883018595e-04
1.492500000000000000e+04 1.999977317097381579e+00 4.818931372525844803e-01 1.558477148826664270e-03 1.518084659158893235e+00 1.018214351514251605e-04 -1.660777898074075392e-03
1.493000000000000000e+04 1.999977308698660750e+00 1.822300274460444625e+00 9.579905791037153203e-04 1.776775137399617954e-01 1.513795221115095272e-03 -2.472265301964471623e-03
1.493500000000000000e+04 1.999977303052456579e+00 1.614194592867453704e+00 2.045173603839116252e-03 3.857831898140331450e-01 1.289107223793042097e-03 -3.334760456661951724e-03
1.494000000000000000e+04 1.999977294940109118e+00 2.609523715756415507e-01 2.534951218468128268e-03 1.739025403173310780e+00 -1.055166773160068914e-03 -1.480264254151329555e-03
1.494500000000000000e+04 1.999977287057060904e+00 3.182796147430884681e-01 2.947946966942685976e-03 1.681698152296590587e+00 -2.588143921804959835e-03 -3.602830277559152753e-04
1.495000000000000000e+04 1.999977279040354938e+00 1.666157191119984615e+00 6.947436866890592706e-03 3.338205680795501840e-01 -5.648745644670687214e-04 -6.383042461603300952e-03
1.495500000000000000e+04 1.999977273036689152e+00 1.796255096140641605e+00 6.083037776995516878e-03 2.037226571890882465e-01 -2.665047426966478698e-04 -5.817013327339140387e-03
1.496000000000000000e+04 1.999977265137829585e+00 4.563734166701668427e-01 1.707281488593669593e-03 1.543604328937035142e+00 -1.584470662493754883e-03 -1.232912954722006438e-04
1.496500000000000000e+04 1.999977257155206578e+00 1.429297471648984796e-01 1.071672506751369892e-03 1.857047990638510671e+00 -3.403805411817883379e-04 -7.317726137724353281e-04
1.497000000000000000e+04 1.999977249007623969e+00 1.458125871029954945e+00 8.009250859587246961e-04 5.418518588088485632e-01 1.191842433126493470e-03 -1.993248350264677921e-03
1.497500000000000000e+04 1.999977242272592104e+00 1.912910173907502731e+00 2.061446714134886407e-03 8.706754934907616483e-02 1.469318042474607872e-03 -3.531245740596569878e-03
1.498000000000000000e+04 1.999977234688195216e+00 6.563274203352714720e-01 3.301288338603877021e-03 1.343650295506325643e+00 -4.554927208087706310e-04 -2.846276771196817358e-03
1.498500000000000000e+04 1.999977226107341854e+00 7.096521483249318418e-02 2.765058106047910396e-03 1.929012492617804941e+00 -2.865827693260209266e-03 1.002882442557796641e-04
1.499000000000000000e+04 1.999977218168630388e+00 1.242239741317854751e+00 6.022901653428420522e-03 7.577379583686134623e-01 -1.298517281068803765e-03 -4.724865890197421821e-03
1.499500000000000000e+04 1.999977210474266576e+00 1.986642322582856890e+00 6.689804532102197089e-03 1.333536958008300390e-02 1.723607539307361566e-04 -6.862646974706358184e-03
1.500000000000000000e+04 1.999977205755957055e+00 9.085978930109682716e-01 2.143912865926246927e-03 1.091379794538400283e+00 -1.044140440514131074e-03 -1.100254218823505702e-03
1.500500000000000000e+04 1.999977197598919121e+00 6.028351039291752513e-03 6.615733310177822389e-04 1.993949328535996823e+00 -6.067857484645559430e-04 -5.526955892261107672e-05
1.501000000000000000e+04 1.999977189318485005e+00 9.862516631120962218e-01 5.800085285614963500e-04 1.013726008369529641e+00 7.725379519357463819e-04 -1.353028643638227611e-03
1.501500000000000000e+04 1.999977180005942490e+00 1.997491692560293464e+00 1.870800390034672682e-03 2.485969820243683938e-03 1.412102868817709331e-03 -3.283385633447074951e-03
1.502000000000000000e+04 1.999977175544999763e+00 1.134244922751889595e+00 3.989570112647402265e-03 8.657327352672311571e-01 1.658216712238991860e-04 -4.155874257992603349e-03
1.502500000000000000e+04 1.999977167782942322e+00 4.540107076629222582e-02 3.035326690549130547e-03 1.954576579662175684e+00 -2.771384958928711176e-03 -2.644243771457228291e-04
1.503000000000000000e+04 1.999977159448408370e+00 7.651572343121030295e-01 4.988029558211757794e-03 1.234820407964673628e+00 -2.114787334712036216e-03 -2.873725051868177872e-03
1.503500000000000000e+04 1.999977150509214541e+00 1.948292359655904082e+00 6.874349074672057684e-03 5.168527387872037110e-02 2.594720567846209086e-04 -7.134304156866430602e-03
1.504000000000000000e+04 1.999977145478287532e+00 1.384374214959977145e+00 2.802111258587881935e-03 6.156034136559559444e-01 -3.749722127073210499e-04 -2.427622183526402782e-03
1.504500000000000000e+04 1.999977137511774972e+00 1.033906708537995628e-01 4.163167270898342665e-04 1.896586949973709135e+00 -6.336940740864596992e-04 2.168940312631765371e-04
1.505000000000000000e+04 1.999977129255165131e+00 5.175866643713459281e-01 3.517730019452637146e-04 1.482390948385521545e+00 3.572123518270980350e-04 -7.094688554746151829e-04
1.505500000000000000e+04 1.999977120572816514e+00 1.848105500776861643e+00 1.519242264494387621e-03 1.518721034938020353e-01 1.126442483490022609e-03 -2.646168445831409075e-03
1.506000000000000000e+04 1.999977114591851901e+00 1.582344475650176330e+00 4.445803089104732181e-03 4.176331227746168939e-01 6.595397513766967576e-04 -5.105826673422464435e-03
1.506500000000000000e+04 1.999977106865760135e+00 2.475848786371940280e-01 3.703279793048059373e-03 1.752392712231438443e+00 -2.327822114369378342e-03 -1.375941681551313533e-03
1.507000000000000000e+04 1.999977098997392844e+00 3.471394739961622955e-01 4.081195535002262245e-03 1.652838109175878367e+00 -2.824026644284278586e-03 -1.257653065365576953e-03
1.507500000000000000e+04 1.999977090675007174e+00 1.690176107793236682e+00 6.591389585075953413e-03 3.098014672376057654e-01 -2.114524210083507141e-05 -6.570728698810286185e-03
1.508000000000000000e+04 1.999977084729752885e+00 1.771797849129718605e+00 3.519922223017496812e-03 2.281797200871973352e-01 2.698602444157823942e-04 -3.790266954596598417e-03
1.508500000000000000e+04 1.999977077370269196e+00 4.121401403299827515e-01 3.836416271800617865e-04 1.587837421690938999e+00 -4.134537842466169070e-04 2.932750641405061591e-05
1.509000000000000000e+04 1.999977069170900901e+00 1.622936734790610958e-01 1.734108679578574776e-04 1.837683880525978974e+00 4.636436956617967964e-05 -2.202600716634289433e-04
1.509500000000000000e+04 1.999977060827136999e+00 1.499911381023789403e+00 1.092121821456826540e-03 5.000661648246131907e-01 6.766901830737100283e-04 -1.769297025796207805e-03
1.510000000000000000e+04 1.999977053935737770e+00 1.895303842964422003e+00 4.567577735500440682e-03 1.046736961477102573e-01 9.057221610452499162e-04 -5.473785072940154893e-03
1.510500000000000000e+04 1.999977045985263491e+00 6.299436371613283958e-01 4.620823986885589339e-03 1.370033894174922606e+00 -1.638844122869939027e-03 -2.982465215002701522e-03
1.511000000000000000e+04 1.999977038131008689e+00 8.652720173508374191e-02 3.510211062463705709e-03 1.913450321916855490e+00 -3.261136922913339918e-03 -2.495596604810205164e-04
1.511500000000000000e+04 1.999977030319568083e+00 1.272953941755437857e+00 5.903298744877544593e-03 7.270235742533254220e-01 -5.990069602227445422e-04 -5.304777473849991466e-03
1.512000000000000000e+04 1.999977022150546180e+00 1.979726519442130961e+00 4.122543307842681248e-03 2.025098857577519243e-02 7.440211756443779320e-04 -4.867050350846897910e-03
1.512500000000000000e+04 1.999977016100178417e+00 8.596951174422543529e-01 5.605000147106183744e-04 1.140282384658871440e+00 4.047929376578642588e-06 -5.650339450347215348e-04
1.513000000000000000e+04 1.999977008003902545e+00 3.891981298742784937e-03 8.847229795518813983e-05 1.996085512885386715e+00 -8.442977578632549374e-05 -4.528702396002389642e-06
1.513500000000000000e+04 1.999976999941504241e+00 1.034794005806751294e+00 6.944032293503048193e-04 9.651834804937692303e-01 1.675277884900761255e-04 -8.624173768565858477e-04
1.514000000000000000e+04 1.999976991628332090e+00 1.999596745911020879e+00 4.328782830500295040e-03 3.807322611195893295e-04 8.422337731132398340e-04 -5.171503147421771009e-03
1.514500000000000000e+04 1.999976986492169262e+00 1.102534811850176100e+00 5.580876175584286933e-03 8.974426612973077644e-01 -8.652525370573330155e-04 -4.716110293841661860e-03
1.515000000000000000e+04 1.999976978808013506e+00 4.463304857374168072e-02 3.404780616333242735e-03 1.955344417054369455e+00 -3.323670435764997360e-03 -8.159700066565268471e-05
1.515500000000000000e+04 1.999976970754610228e+00 7.947206133143602802e-01 4.964871144438025817e-03 1.205256844431823904e+00 -1.334319986142652823e-03 -3.631038149869030875e-03
1.516000000000000000e+04 1.999976961693607613e+00 1.959210676629399739e+00 4.463268619439937981e-03 4.076677224991046705e-02 9.424720975865854850e-04 -5.406227902729482740e-03
1.516500000000000000e+04 1.999976956559913477e+00 1.340833024006380603e+00 8.945281339525486090e-04 6.591444198510426622e-01 5.231758870376547726e-04 -1.418191318500090520e-03
1.517000000000000000e+04 1.999976948609922811e+00 7.961901840734930680e-02 1.162871463860411670e-04 1.920358417673462936e+00 -2.427750163513183408e-06 -1.143468671117822851e-04
1.517500000000000000e+04 1.999976940506812184e+00 5.621147213513344454e-01 4.257172137533840150e-04 1.437862706803935353e+00 -2.809887027271425089e-04 -1.452161594834088334e-04
1.518000000000000000e+04 1.999976931875987907e+00 1.870768531906388032e+00 3.786898652370306994e-03 1.292088878071985525e-01 4.798848549904938515e-04 -4.267271344959666299e-03
1.518500000000000000e+04 1.999976926079370498e+00 1.554211594295498378e+00 6.364824596960214596e-03 4.457658197479280604e-01 -1.879745674241966994e-04 -6.177337993592159696e-03
1.519000000000000000e+04 1.999976918431060957e+00 2.313127162064029518e-01 3.787016272662053346e-03 1.768664690351013924e+00 -2.995418424961797214e-03 -7.920859740562896092e-04
1.519500000000000000e+04 1.999976910476455538e+00 3.679424031885010216e-01 3.986912147339797055e-03 1.632034995581747916e+00 -2.051189206034527250e-03 -1.936211235098626296e-03
1.520000000000000000e+04 1.999976901862304812e+00 1.715006567622416433e+00 4.457511917764513630e-03 2.849708227145510420e-01 8.260152948532759488e-04 -5.284015687280552327e-03
1.520500000000000000e+04 1.999976895795855691e+00 1.742429096401313382e+00 1.297102545156595061e-03 2.575482879993018503e-01 1.025036548387319498e-03 -2.322627698303169046e-03
1.521000000000000000e+04 1.999976888061954616e+00 3.716730221683601232e-01 2.474729799931570367e-04 1.628304354664602993e+00 2.745805152370090537e-04 -5.225422662384421801e-04
1.521500000000000000e+04 1.999976880025239989e+00 1.930039910041148055e-01 3.563325349138699830e-04 1.806973377965429339e+00 -5.621804705371328181e-04 2.053589913190623684e-04
1.522000000000000000e+04 1.999976871844180826e+00 1.539174664017175287e+00 3.070705585190004056e-03 4.608026969476224921e-01 -9.965823605634073446e-05 -2.971536469750621964e-03
1.522500000000000000e+04 1.999976865842638896e+00 1.878767682058755106e+00 6.793150690234901756e-03 1.212096730341525874e-01 2.339370963984355189e-04 -7.027577036901955579e-03
1.523000000000000000e+04 1.999976859049907851e+00 6.026458695003987787e-01 4.566529877654755890e-03 1.397331478942632321e+00 -2.350268651447498785e-03 -2.216750619330508723e-03
1.523500000000000000e+04 1.999976850219073343e+00 9.300490667939280420e-02 3.187431890362030316e-03 1.906972433116711052e+00 -2.578812176226218719e-03 -6.091092911664275963e-04
1.524000000000000000e+04 1.999976840807707212e+00 1.304467792077643518e+00 4.101825430637782294e-03 6.955095385022219689e-01 4.299694004368322824e-04 -4.532284603233196173e-03
1.524500000000000000e+04 1.999976832586698228e+00 1.970050003416575768e+00 1.664945590380614545e-03 2.992731911568893496e-02 1.395544853243450151e-03 -3.060980389190546148e-03
1.525000000000000000e+04 1.999976828534392403e+00 8.113990712412032513e-01 4.464399426328057681e-04 1.188578247323124781e+00 6.824329565025168002e-04 -1.129362929071007918e-03
1.525500000000000000e+04 1.999976820179395265e+00 1.423548611134619127e-02 5.099656769849033851e-04 1.985741824275121470e+00 -6.083273000083928893e-04 9.787141595100305042e-05
1.526000000000000000e+04 1.999976811602474758e+00 1.082837009454196364e+00 2.350959502619001662e-03 9.171402925378360216e-01 -7.628875797356404233e-04 -1.588562312440887359e-03
1.526500000000000000e+04 1.999976802124706632e+00 1.999910620700787289e+00 6.767553968534610088e-03 6.667201501419534623e-05 3.005993815106876516e-04 -7.068643941140593731e-03
1.527000000000000000e+04 1.999976798520422649e+00 1.071273045465903850e+00 5.561179065883509014e-03 9.287042437199263256e-01 -1.535455854550390326e-03 -4.026213876741067607e-03
1.527500000000000000e+04 1.999976789395043086e+00 3.459271849087777045e-02 2.741787148169452706e-03 1.965384561757645754e+00 -2.791014209991601446e-03 4.873620834176186788e-05
1.528000000000000000e+04 1.999976779867863153e+00 8.240735710659958801e-01 3.473648040697289475e-03 1.175903699850385564e+00 -1.449762592482619391e-04 -3.329162829967349715e-03
1.528500000000000000e+04 1.999976771055355318e+00 1.970151258105059311e+00 1.905042114587457381e-03 2.982600418018033564e-02 1.552427009801647445e-03 -3.457960354273523218e-03
1.529000000000000000e+04 1.999976767733377070e+00 1.295432974511614210e+00 6.602949198925173744e-04 7.045442845203273574e-01 1.125642081652866158e-03 -1.786428300109766743e-03
1.529500000000000000e+04 1.999976759675415661e+00 6.782559611671727662e-02 8.575687589839924756e-04 1.932151655024946901e+00 -4.070320894579002773e-04 -4.510281357746630704e-04
1.530000000000000000e+04 1.999976750898506905e+00 6.090965682351757726e-01 1.800838629900738692e-03 1.390880674313168308e+00 -1.355881218555852422e-03 -4.454490611823275388e-04
1.530500000000000000e+04 1.999976741970739935e+00 1.889194464697244280e+00 6.294575270214387494e-03 1.107827691097708761e-01 -5.023846373087233861e-06 -6.290043260116442644e-03
1.531000000000000000e+04 1.999976735697790886e+00 1.526952395731084211e+00 6.538897981288851503e-03 4.730248319335775276e-01 -7.378572983553986211e-04 -5.801532649804155665e-03
1.531500000000000000e+04 1.999976726444789410e+00 2.064623763425853797e-01 2.743020368584164152e-03 1.793514842257610820e+00 -2.635166333247573184e-03 -1.083461907431363286e-04
1.532000000000000000e+04 1.999976717300241180e+00 3.867543362454529121e-01 2.712281331442903485e-03 1.613222873395360191e+00 -7.572393355489317850e-04 -1.955534336465808865e-03
1.532500000000000000e+04 1.999976708868980602e+00 1.742664599576872364e+00 1.956711573704497404e-03 2.573126018032655393e-01 1.464585467204784861e-03 -3.421789552066806066e-03
1.533000000000000000e+04 1.999976704311494435e+00 1.710002713652389206e+00 8.321392486266218635e-04 2.899744832635152147e-01 1.499935297243134603e-03 -2.332567150279888594e-03
1.533500000000000000e+04 1.999976696825722211e+00 3.411588596444448118e-01 1.323534576488509399e-03 1.658818329939045544e+00 -4.611716820081236241e-06 -1.319415617436481281e-03
1.534000000000000000e+04 1.999976687597162073e+00 2.293727679088669036e-01 1.555552096082266468e-03 1.770604412636034075e+00 -1.740586791958259084e-03 1.845417481372489091e-04
1.534500000000000000e+04 1.999976678657847007e+00 1.572701043856786329e+00 5.484848973354695956e-03 4.272761279321016237e-01 -6.128996761151188355e-04 -4.872442428280535434e-03
1.535000000000000000e+04 1.999976673234447500e+00 1.862494654590423293e+00 7.271254316671235673e-03 1.374825118859372142e-01 -1.408541490779450199e-04 -7.130893409505949243e-03
1.535500000000000000e+04 1.999976665158340827e+00 5.681972801270865903e-01 3.181167518061796522e-03 1.431779878436281850e+00 -2.144101372349358197e-03 -1.037559550739873158e-03
1.536000000000000000e+04 1.999976657198528018e+00 9.533954243937139972e-02 1.985982124187229362e-03 1.904637608323564102e+00 -1.258034682286509947e-03 -7.284410063085610147e-04
1.536500000000000000e+04 1.999976649490836644e+00 1.341020057609682903e+00 1.805434827830839761e-03 6.589570855992445964e-01 1.159067926797430420e-03 -2.964996472719169055e-03
1.537000000000000000e+04 1.999976642070575572e+00 1.957670730438465734e+00 9.156248728414620583e-04 4.230640550041112752e-02 1.717087206048567918e-03 -2.633205947191288084e-03
1.537500000000000000e+04 1.999976635256850654e+00 7.699628582242472596e-01 1.802891172265119529e-03 1.230014271039098883e+00 5.042529631826781020e-04 -2.307638141943120762e-03
1.538000000000000000e+04 1.999976626200520302e+00 3.296211334194774911e-02 1.680666610863463910e-03 1.967015007048615649e+00 -1.827336929920395613e-03 1.461761290138981206e-04
1.538500000000000000e+04 1.999976617919142496e+00 1.124902608030153406e+00 4.527912146948689584e-03 8.750745042463451417e-01 -1.382315759669466067e-03 -3.146090744635268201e-03
1.539000000000000000e+04 1.999976610345614025e+00 1.998973439157498477e+00 7.586486400916795346e-03 1.003665698598029407e-03 1.183450559752815450e-04 -7.705325967374730516e-03
1.539500000000000000e+04 1.999976604978681571e+00 1.034711262793202025e+00 3.946076660117515955e-03 9.652658368033703029e-01 -1.428437913501662835e-03 -2.518133364506302836e-03
1.540000000000000000e+04 1.999976597175826099e+00 1.836984271089214457e-02 1.453026210903779090e-03 1.981607249238132695e+00 -1.526220167055401637e-03 7.269918295283355001e-05
1.540500000000000000e+04 1.999976589098602764e+00 8.595963228987584248e-01 1.485278100403426707e-03 1.140380761133257481e+00 7.140143543399893279e-04 -2.199787388156356372e-03
1.541000000000000000e+04 1.999976579723240500e+00 1.980231572013142927e+00 8.871029169380620100e-04 1.974550283141782853e-02 1.726108298495506376e-03 -2.613706336754039079e-03
1.541500000000000000e+04 1.999976574223929937e+00 1.253430054154478501e+00 2.185642909226710208e-03 7.465470153018104460e-01 9.983189324837275953e-04 -3.184457074069251079e-03
1.542000000000000000e+04 1.999976566494158892e+00 6.603938315304934414e-02 2.156512223258287477e-03 1.933937678727790654e+00 -1.596043572335822947e-03 -5.609640376035687553e-04
1.542500000000000000e+04 1.999976558645828462e+00 6.511476246036114190e-01 3.648422308156990933e-03 1.348829429585538309e+00 -2.134958200115431338e-03 -1.513959651362809878e-03
1.543000000000000000e+04 1.999976549880188026e+00 1.904284286262398318e+00 7.409611287796749081e-03 9.569275933646473331e-02 -1.915272306602870854e-05 -7.390954283405479566e-03
1.543500000000000000e+04 1.999976544727199101e+00 1.496263185860237543e+00 4.853114805632268748e-03 5.037138546891593016e-01 -6.510156856194981466e-04 -4.202594942210501061e-03
1.544000000000000000e+04 1.999976536365805080e+00 1.739663228640973835e-01 1.225646194834814021e-03 1.826010709490244022e+00 -1.496267927395579294e-03 2.701257440245049494e-04
1.544500000000000000e+04 1.999976527090572054e+00 4.115438182488747598e-01 1.069721860168471863e-03 1.588433205014612826e+00 2.394944063999721951e-04 -1.309712439483684022e-03
1.545000000000000000e+04 1.999976517618740068e+00 1.772387639700298889e+00 7.520927990378061846e-04 2.275893742800878250e-01 1.525549507241164829e-03 -2.278138667925630034e-03
1.545500000000000000e+04 1.999976514046054143e+00 1.677924684165136293e+00 2.382816329887670406e-03 3.220523263138314607e-01 1.358158130367764262e-03 -3.741470893168841617e-03
1.546000000000000000e+04 1.999976506565139589e+00 3.208039048012628625e-01 2.882189715061910136e-03 1.679173098345357884e+00 -1.101278332877822334e-03 -1.781407963665124520e-03
1.546500000000000000e+04 1.999976497150408594e+00 2.628841107988916237e-01 3.054145747332300941e-03 1.737092883120538334e+00 -2.696707971990115141e-03 -3.579345443633223417e-04
1.547000000000000000e+04 1.999976487018035654e+00 1.600693017519412953e+00 6.780033322429964218e-03 3.992839664699049385e-01 -5.200837461846033244e-04 -6.260446547527850555e-03
1.547500000000000000e+04 1.999976480519160882e+00 1.844270117368675743e+00 5.685995790604267061e-03 1.557068602521536893e-01 1.083234102279118846e-05 -5.697325233295783345e-03
1.548000000000000000e+04 1.999976473166817037e+00 5.255572113812255752e-01 1.344885533569018052e-03 1.474419759033475996e+00 -1.173100587338466328e-03 -1.722821941152256312e-04
1.548500000000000000e+04 1.999976464051500979e+00 1.021876727766052456e-01 6.535053583761469805e-04 1.897789288704385680e+00 -1.489444999298233983e-04 -5.050582879367094841e-04
1.549000000000000000e+04 1.999976455200962455e+00 1.382993446881847222e+00 5.442063437634378411e-04 6.169835059246517872e-01 1.163803675910328071e-03 -1.708507625210125159e-03
1.549500000000000000e+04 1.999976449737236095e+00 1.943696129938059514e+00 2.348215323237284446e-03 5.628081751389204385e-02 1.494582768571355155e-03 -3.843295806523879844e-03
1.550000000000000000e+04 1.999976444572865164e+00 7.373253882958973326e-01 3.698241045831740861e-03 1.262651554093543904e+00 -4.601135984555838670e-04 -3.238625263952397883e-03
1.550500000000000000e+04 1.999976434630569067e+00 5.144459890664682122e-02 2.887916658388969132e-03 1.948532333738506761e+00 -2.938232666641054248e-03 4.981799366758791684e-05
1.551000000000000000e+04 1.999976424773224126e+00 1.159601374359428672e+00 5.842401913060887853e-03 8.403755486247480588e-01 -1.266893437942976427e-03 -4.576006686070827403e-03
1.551500000000000000e+04 1.999976417747032054e+00 1.996845251521092379e+00 6.246921988912379833e-03 3.131664576625634109e-03 4.065314603055752464e-04 -6.653951799904041405e-03
1.552000000000000000e+04 1.999976411217980976e+00 9.904712283367370640e-01 1.771927165760878295e-03 1.009505681363041862e+00 -6.305318081789960949e-04 -1.141893839379638006e-03
1.552500000000000000e+04 1.999976402707140277e+00 4.261662265346390956e-03 3.300101650969773149e-04 1.995715239093712290e+00 -3.576376417278453470e-04 2.712882471229817005e-05
1.553000000000000000e+04 1.999976394647365652e+00 9.035764242925394818e-01 3.167324530783553944e-04 1.096400469167691405e+00 7.273276339671951984e-04 -1.044558899910699463e-03
1.553500000000000000e+04 1.999976386407197992e+00 1.988319258322399863e+00 2.090580951671223032e-03 1.165762706293825383e-02 1.370315890407376508e-03 -3.461395820218592188e-03
1.554000000000000000e+04 1.999976381587543983e+00 1.217651842525313555e+00 4.422942085291440596e-03 7.823250381370232542e-01 1.746044248745551590e-04 -4.598045584958548003e-03
1.554500000000000000e+04 1.999976372482303200e+00 6.656025617383982962e-02 3.194632347733802457e-03 1.933416615564795826e+00 -2.804972491776649111e-03 -3.901591122897356723e-04
1.555000000000000000e+04 1.999976364481699909e+00 6.847587479455019555e-01 4.812911669264749968e-03 1.315218115951557243e+00 -2.085404980153749734e-03 -2.728006104469891339e-03
1.555500000000000000e+04 1.999976356363424523e+00 1.918056384366359168e+00 6.402350075262259327e-03 8.192047157397547297e-02 4.473725634406088654e-04 -6.850222215612871736e-03
1.556000000000000000e+04 1.999976351143551101e+00 1.459375863963979780e+00 2.397817991803015587e-03 5.406009868619434666e-01 6.297923107284500948e-06 -2.404615597282549078e-03
1.556500000000000000e+04 1.999976343328398132e+00 1.407995321645943154e-01 1.694632885539213579e-04 1.859177311003330946e+00 -3.367071799993099452e-04 1.667440519180946891e-04
1.557000000000000000e+04 1.999976335315470033e+00 4.468280589236101052e-01 1.291338616602440495e-04 1.553148776392745622e+00 3.197779754890192985e-04 -4.494118380351052699e-04
1.557500000000000000e+04 1.999976326653916336e+00 1.801357309034648635e+00 1.672831362984888298e-03 1.986195177950617341e-01 1.009474640006407251e-03 -2.682806178785353528e-03
1.558000000000000000e+04 1.999976321403435620e+00 1.648854422214945936e+00 4.894156477084687061e-03 3.511223994710366281e-01 6.496377220170734086e-04 -5.544294481648767703e-03
1.558500000000000000e+04 1.999976313832311892e+00 3.046630126558487750e-01 3.910710126266863686e-03 1.695313801610704996e+00 -2.329771346034634986e-03 -1.581439214473884204e-03
1.559000000000000000e+04 1.999976305067114213e+00 2.878628991995192399e-01 3.929104475571906611e-03 1.712113906477328529e+00 -2.785592324245374403e-03 -1.144012761059937750e-03
1.559500000000000000e+04 1.999976294912639840e+00 1.626380037668222478e+00 6.113601889763654006e-03 3.735967580586788128e-01 1.271140241760782702e-04 -6.241216728200912715e-03
1.560000000000000000e+04 1.999976287917863749e+00 1.821985785534293134e+00 3.069346752365875036e-03 1.779910033409803360e-01 5.904676259488782436e-04 -3.660315335724437322e-03
1.560500000000000000e+04 1.999976281298637470e+00 4.797122325874905724e-01 2.028746925900611173e-04 1.520264549802810672e+00 -9.153434723491364155e-05 -1.118414370192167016e-04
1.561000000000000000e+04 1.999976272358590768e+00 1.201159893333495210e-01 3.202151265799978223e-05 1.879860784299675514e+00 3.723895401160629741e-05 -6.976174110367874912e-05
1.561500000000000000e+04 1.999976263249836350e+00 1.426807046194056738e+00 1.198098468167773300e-03 5.731697185165260944e-01 4.923078869317249915e-04 -1.690907815846117834e-03
1.562000000000000000e+04 1.999976257782159372e+00 1.929583710742555747e+00 5.007286515239719495e-03 7.039304861238583622e-02 8.473770962025597682e-04 -5.855165184224453249e-03
1.562500000000000000e+04 1.999976252054547654e+00 7.097310132634411239e-01 4.878299070844776229e-03 1.290245740479532444e+00 -1.625401127579986565e-03 -3.253399631690794425e-03
1.563000000000000000e+04 1.999976242089415601e+00 6.228438913635105795e-02 3.394988163949939821e-03 1.937692354844341880e+00 -3.205750597677056116e-03 -1.897394575502217443e-04
1.563500000000000000e+04 1.999976232089305750e+00 1.190365062107394900e+00 5.445175960308078732e-03 8.096116720772532638e-01 -4.768282154001675334e-04 -4.968849840250558376e-03
1.564000000000000000e+04 1.999976225333050639e+00 1.992994082390475485e+00 3.625020160954066980e-03 6.982645176061391158e-03 9.879148668851130653e-04 -4.613437261325304892e-03
1.564500000000000000e+04 1.999976220238594449e+00 9.413292445339231929e-01 4.153208738426710216e-04 1.058647478042926027e+00 3.188014275734715416e-04 -7.346246396712482812e-04
1.565000000000000000e+04 1.999976211436812923e+00 2.420063757518476461e-04 5.439788834592474239e-05 1.999734707581564574e+00 -5.452075874645556387e-05 -3.796501031900635968e-07
1.565500000000000000e+04 1.999976202408615400e+00 9.527539510118830934e-01 7.856379178658068514e-04 1.047222754104365716e+00 -6.366586362762280643e-05 -7.224747618712407593e-04
1.566000000000000000e+04 1.999976194967466370e+00 1.993892250904130137e+00 4.740441341881095234e-03 6.084446925103358800e-03 7.140437912447007620e-04 -5.454987994892924671e-03
1.566500000000000000e+04 1.999976190291076872e+00 1.186476944865447525e+00 5.881066305090834438e-03 8.134997483839333521e-01 -8.586776303897386380e-04 -5.022891633005101275e-03
1.567000000000000000e+04 1.999976180653594726e+00 6.109627286727774276e-02 3.334127576679612581e-03 1.938880410943679022e+00 -3.249791589018669047e-03 -8.483914502281391290e-05
1.567500000000000000e+04 1.999976171361473209e+00 7.125223616525028225e-01 4.549019727379402869e-03 1.287454313058168820e+00 -1.221776824323123154e-03 -3.327746252254333657e-03
1.568000000000000000e+04 1.999976163078896363e+00 1.932130983065530883e+00 3.932600293277462716e-03 6.784568353402685437e-02 1.108940771062457038e-03 -5.042044585001036194e-03
1.568500000000000000e+04 1.999976158129596948e+00 1.417129202898422813e+00 7.501282355383765343e-04 5.828474588558656411e-01 7.958058032536687813e-04 -1.546437663483260202e-03
1.569000000000000000e+04 1.999976149902361389e+00 1.153833514550613865e-01 1.961981605486028081e-04 1.884593302244473190e+00 6.448013809673930439e-05 -2.611820958185089372e-04
1.569500000000000000e+04 1.999976141317510114e+00 4.906662165661479502e-01 5.424002395280528395e-04 1.509310428728781295e+00 -5.315027321147627968e-04 -1.140148483236967742e-05
1.570000000000000000e+04 1.999976133061631467e+00 1.826727417898215133e+00 4.160581621553500510e-03 1.732492193140887093e-01 2.731567531336772064e-04 -4.434242525359479575e-03
1.570500000000000000e+04 1.999976128119706598e+00 1.622770777571620915e+00 6.693600180538101033e-03 3.772058548030655656e-01 -2.119288673852123286e-04 -6.482175568132523408e-03
1.571000000000000000e+04 1.999976119471299274e+00 2.845824872942344097e-01 3.761307803386163776e-03 1.715394136613239029e+00 -2.909199221770473413e-03 -8.526130177899759847e-04
1.571500000000000000e+04 1.999976111194680772e+00 3.052228846753790581e-01 3.628749622170945096e-03 1.694753731128638918e+00 -1.933245161304148092e-03 -1.696009070203687540e-03
1.572000000000000000e+04 1.999976103433042107e+00 1.653637741039785780e+00 3.919282540458688714e-03 3.463388671648665040e-01 9.290373391746668298e-04 -4.848824651243442696e-03
1.572500000000000000e+04 1.999976096735548881e+00 1.795251828047536247e+00 1.122993248215992980e-03 2.047247736025719911e-01 1.225315747990139269e-03 -2.348813910765658580e-03
1.573000000000000000e+04 1.999976089359597031e+00 4.384680826316950109e-01 4.278037431006013265e-04 1.561508511799305277e+00 3.637001019536261013e-04 -7.920089164573048714e-04
1.573500000000000000e+04 1.999976080582349658e+00 1.491904871737568528e-01 5.372322985686181886e-04 1.850786098666936885e+00 -8.048421533558522715e-04 2.671045964429911296e-04
1.574000000000000000e+04 1.999976072164757035e+00 1.467459208944537075e+00 3.408755456615457976e-03 5.325173686576443188e-01 -3.792754910518766681e-04 -3.029985402987924077e-03
1.574500000000000000e+04 1.999976066794251883e+00 1.916016508876567270e+00 7.133317601502276069e-03 8.396006346987486268e-02 1.594850349566053274e-04 -7.293308188649151071e-03
1.575000000000000000e+04 1.999976058827145797e+00 6.801687496379041908e-01 4.579085873650653657e-03 1.319807814911426513e+00 -2.264765230391227544e-03 -2.314826365444045981e-03
1.575500000000000000e+04 1.999976050798987437e+00 6.426748883145830260e-02 2.892361259659385116e-03 1.935709067860301502e+00 -2.445461699739233039e-03 -4.474054526927040724e-04
1.576000000000000000e+04 1.999976043138771642e+00 1.222929705149928603e+00 3.587499837147450389e-03 7.770468440441796742e-01 4.941301440352559044e-04 -4.082136036518987585e-03
1.576500000000000000e+04 1.999976034765605704e+00 1.986791207032960749e+00 1.442606781691032356e-03 1.318533396873973647e-02 1.505080931044556342e-03 -2.948193948830191494e-03
1.577000000000000000e+04 1.999976028508214654e+00 8.935440129963162503e-01 6.966578768498936326e-04 1.106432521883422782e+00 7.691557052863537240e-04 -1.466319953660707477e-03
1.577500000000000000e+04 1.999976020331777793e+00 8.607823486556915107e-03 7.839653831057344932e-04 1.991368703392887740e+00 -8.229031969426259903e-04 3.843126617004565156e-05
1.578000000000000000e+04 1.999976012460700892e+00 1.000617324407773401e+00 2.667601210650252797e-03 9.993591947700143363e-01 -1.096909308542207920e-03 -1.571198619194837977e-03
1.578500000000000000e+04 1.999976003765747468e+00 1.997277508471093643e+00 7.102928807985978144e-03 2.699002200006826897e-03 1.637684326607371339e-04 -7.267204145999787111e-03
1.579000000000000000e+04 1.999975998474713190e+00 1.154792926160763678e+00 5.599999540647358082e-03 8.451835793339518288e-01 -1.467753091077167536e-03 -4.132753469572262445e-03
1.579500000000000000e+04 1.999975990628113154e+00 4.634548047107069774e-02 2.504368252737446728e-03 1.953631017346187715e+00 -2.639556058934132247e-03 1.346806170511341517e-04
1.580000000000000000e+04 1.999975982841119881e+00 7.412294655551914246e-01 3.012983081105407874e-03 1.258747024643027457e+00 -9.078462583293925401e-05 -2.922705812371417366e-03
1.580500000000000000e+04 1.999975973779830607e+00 1.946691707331958510e+00 1.632623162069894111e-03 5.328477400251679236e-02 1.569441125894729299e-03 -3.202571842609569768e-03
1.581000000000000000e+04 1.999975967767684049e+00 1.373640589731044637e+00 9.396114230163899557e-04 6.263358857239144095e-01 1.180835802002302981e-03 -2.120954912294063192e-03
1.581500000000000000e+04 1.999975959484846522e+00 1.019583444592179894e-01 1.237362602124356765e-03 1.898018122893533999e+00 -5.847128499605546651e-04 -6.531576200689519348e-04
1.582000000000000000e+04 1.999975951433310639e+00 5.360138876769467986e-01 2.118737124697185614e-03 1.463962571799589663e+00 -1.717293650272042321e-03 -4.019515176513206267e-04
1.582500000000000000e+04 1.999975943251202093e+00 1.847480609656948491e+00 6.613410546551524646e-03 1.524958418157587314e-01 -2.053239000251883418e-04 -6.408594868031344816e-03
1.583000000000000000e+04 1.999975938273449882e+00 1.596800853749186899e+00 6.589495883959357869e-03 4.031755928551048473e-01 -7.047287941332829563e-04 -5.885275420667892589e-03
1.583500000000000000e+04 1.999975930456724837e+00 2.556893491834454357e-01 2.548195888736753956e-03 1.744287089774921862e+00 -2.470730155055036494e-03 -7.797423532429518871e-05
1.584000000000000000e+04 1.999975922500070835e+00 3.217759314443736640e-01 2.326014016070379348e-03 1.678200499731476558e+00 -6.866098891652274751e-04 -1.639912802684688996e-03
1.584500000000000000e+04 1.999975913819402207e+00 1.684339630881623640e+00 1.649456637954028245e-03 3.156367918046041332e-01 1.404970622049010135e-03 -3.054936126828484196e-03
1.585000000000000000e+04 1.999975907523499075e+00 1.765918466354324146e+00 1.098303651102872699e-03 2.340579501766406334e-01 1.496602802703942900e-03 -2.595415461272771070e-03
1.585500000000000000e+04 1.999975899561828196e+00 4.072771625440509968e-01 1.802797225506345882e-03 1.592699246200927288e+00 -1.494435262675976686e-04 -1.653862882388791892e-03
1.586000000000000000e+04 1.999975891756980095e+00 1.829214044977925113e-01 1.900183530757731986e-03 1.817054996613628237e+00 -2.099925046495009981e-03 1.992321612966253678e-04
1.586500000000000000e+04 1.999975883766045071e+00 1.501894287255099103e+00 5.781839408376194395e-03 4.980821060404166389e-01 -8.665329965477435673e-04 -4.915815941299205710e-03
1.587000000000000000e+04 1.999975877220170117e+00 1.902212088024808567e+00 7.319889855017202435e-03 9.776429886969403849e-02 -1.540610089597201874e-04 -7.166338520390057830e-03
1.587500000000000000e+04 1.999975869854829336e+00 6.430708207423306844e-01 3.007253765277489912e-03 1.356905558949899726e+00 -1.978307195690347936e-03 -1.029456406988021834e-03
1.588000000000000000e+04 1.999975861882216766e+00 6.319778058478545124e-02 1.680612017195531839e-03 1.936778591311240305e+00 -1.152644296053160480e-03 -5.284777349512986746e-04
1.588500000000000000e+04 1.999975853618296773e+00 1.261363887211891077e+00 1.491594020048048457e-03 7.386124766036876732e-01 1.053263654159852401e-03 -2.545367871489914290e-03
1.589000000000000000e+04 1.999975845475525871e+00 1.978190885182524505e+00 1.133952444376046947e-03 2.178547067351528643e-02 1.637028812305611021e-03 -2.771491637195357301e-03
1.589500000000000000e+04 1.999975838801262951e+00 8.527688066100452824e-01 2.357447571606283935e-03 1.147207542720513729e+00 3.771362794175260385e-04 -2.735094380319662462e-03
1.590000000000000000e+04 1.999975830775439389e+00 2.437569388088445255e-02 2.073886498347496127e-03 1.975600647600994630e+00 -2.159078200129000650e-03 8.468099534216084708e-05
1.590500000000000000e+04 1.999975822990448071e+00 1.041831049520226982e+00 4.804411063063993015e-03 9.581452843480235959e-01 -1.669797295066489462e-03 -3.135124645800022817e-03
1.591000000000000000e+04 1.999975813944818048e+00 1.999175951070083723e+00 7.622938940776436030e-03 8.003739534026919206e-04 5.581628807495371178e-05 -7.679266307519838283e-03
1.591500000000000000e+04 1.999975810218805661e+00 1.117376488824079139e+00 3.768969670041216139e-03 8.825998325551098755e-01 -1.276364863884391423e-03 -2.493115966540433801e-03
1.592000000000000000e+04 1.999975801863350000e+00 2.631253485546808726e-02 1.218878289822320502e-03 1.973663778354557419e+00 -1.379044872152164567e-03 1.596552356547166626e-04
1.592500000000000000e+04 1.999975793073477170e+00 7.771601950442216244e-01 1.198490150184780816e-03 1.222816109573127141e+00 6.003855985340341220e-04 -1.799387292590625071e-03
1.593000000000000000e+04 1.999975784360040754e+00 1.960584575765939475e+00 1.037732469809015019e-03 3.939172033453643834e-02 1.565081928445080650e-03 -2.603326138689259286e-03
1.593500000000000000e+04 1.999975780113521395e+00 1.333699588056665775e+00 2.778326671796841913e-03 6.662767038926629137e-01 8.670947500504514382e-04 -3.645933257654462942e-03
1.594000000000000000e+04 1.999975772137084773e+00 9.764890751139061742e-02 2.610869176060781876e-03 1.902327376638591305e+00 -1.883801686745463499e-03 -7.275795022126654507e-04
1.594500000000000000e+04 1.999975763180265043e+00 5.755237165392955712e-01 3.910966679642208059e-03 1.424452558851466044e+00 -2.431186322980750329e-03 -1.480292567158269373e-03
1.595000000000000000e+04 1.999975754039829967e+00 1.864868859921530841e+00 7.428722283723264083e-03 1.351074065310111927e-01 -1.234946135551067933e-04 -7.305740082879766222e-03
1.595500000000000000e+04 1.999975749118615642e+00 1.567037670466874033e+00 4.650960381501525673e-03 4.329385911740776804e-01 -5.270015861985416711e-04 -4.124471317639128755e-03
1.596000000000000000e+04 1.999975741179197630e+00 2.198127663231289608e-01 1.038536473787038091e-03 1.780163487555943114e+00 -1.311943659096751879e-03 2.728944854350611056e-04
1.596500000000000000e+04 1.999975732287621266e+00 3.455348464972499700e-01 8.398438237677887394e-04 1.654441398690587484e+00 1.558842013042438502e-04 -9.962409252879597665e-04
1.597000000000000000e+04 1.999975723415582163e+00 1.717254832848302826e+00 8.337655329379920063e-04 2.827214036681743314e-01 1.295592636311336228e-03 -2.129871270144597858e-03
1.597500000000000000e+04 1.999975718990335549e+00 1.737029012122721428e+00 2.970953694538178841e-03 2.629472200683137806e-01 1.200244807054181998e-03 -4.171711702291913682e-03
1.598000000000000000e+04 1.999975711760396457e+00 3.854890208931950890e-01 3.397331982160265405e-03 1.614487204228546746e+00 -1.340594385238565514e-03 -2.057250958266789321e-03
1.598500000000000000e+04 1.999975703234760260e+00 2.126688757377272754e-01 3.311758645510233089e-03 1.787307341046346476e+00 -2.975736136378577361e-03 -3.365360584449726212e-04
1.599000000000000000e+04 1.999975694138994120e+00 1.530863292447054880e+00 6.781624153357152483e-03 4.691129154412631008e-01 -6.490964333835017681e-04 -6.133041469297374065e-03
1.599500000000000000e+04 1.999975687038213490e+00 1.886270138132672747e+00 5.443423536033702853e-03 1.137060628132883222e-01 9.767926700444247922e-05 -5.541616710785925853e-03
1.600000000000000000e+04 1.999975681139988026e+00 5.982121649198232083e-01 1.170883195337975346e-03 1.401764030258688010e+00 -9.656360231025732082e-04 -2.057612107586688152e-04
1.600500000000000000e+04 1.999975672421056894e+00 6.795261799985848061e-02 4.982841936306444926e-04 1.932023568655839574e+00 -1.733319480828544499e-04 -3.254664801885863803e-04
1.601000000000000000e+04 1.999975663533614334e+00 1.305406548439688175e+00 5.736092688227299079e-04 6.945696295294520040e-01 8.919255504927487256e-04 -1.466049254841353833e-03
1.601500000000000000e+04 1.999975656392424250e+00 1.967984011494934959e+00 2.892142621531150221e-03 3.199215949455940650e-02 1.292723079417316869e-03 -4.185380298018846409e-03
1.602000000000000000e+04 1.999975651490685680e+00 8.201878341407660145e-01 4.260273965239117985e-03 1.179788332055019096e+00 -6.582442536395105397e-04 -3.602544416699015629e-03
1.602500000000000000e+04 1.999975643111266521e+00 3.862269941126378336e-02 3.148895725965879071e-03 1.961353458589316201e+00 -3.178099147829436828e-03 2.868853255021971312e-05
1.603000000000000000e+04 1.999975634095561672e+00 1.075707104219422838e+00 5.829690366325911664e-03 9.242690449622719129e-01 -1.397044561692855269e-03 -4.433160890765979432e-03
1.603500000000000000e+04 1.999975624480647696e+00 1.999951472006934017e+00 5.957914235744418696e-03 2.466777279195426524e-05 4.559769111284204049e-04 -6.414406445951141567e-03
1.604000000000000000e+04 1.999975621004322468e+00 1.072537203856963384e+00 1.574107783779815292e-03 9.274389325222954783e-01 -4.190740929538880419e-04 -1.155549065762243597e-03
1.604500000000000000e+04 1.999975612717944218e+00 9.677292158700655580e-03 2.497405720629744422e-04 1.990298836119085646e+00 -3.080215716697179223e-04 5.776543976473828991e-05
1.605000000000000000e+04 1.999975604238758864e+00 8.218515581016518912e-01 3.235080677142306189e-04 1.178124561887360366e+00 4.506163214460151881e-04 -7.746401394140197674e-04
1.605500000000000000e+04 1.999975595577341281e+00 1.972329396554835856e+00 2.561383170276984329e-03 2.764671496739583983e-02 1.117443994231074721e-03 -3.679343109398152279e-03
1.606000000000000000e+04 1.999975590822449689e+00 1.299517191999984389e+00 5.006904050635721699e-03 7.004589148730582249e-01 1.753582252550828516e-06 -5.009173683481291106e-03
1.606500000000000000e+04 1.999975583022552073e+00 9.432067859652744357e-02 3.463598987587382556e-03 1.905655420646972242e+00 -2.991624914822004627e-03 -4.724902937130073094e-04
1.607000000000000000e+04 1.999975574355165042e+00 6.064549161922685450e-01 4.790023597616420784e-03 1.393521174571431764e+00 -2.191535622059488653e-03 -2.599004384092355388e-03
1.607500000000000000e+04 1.999975565188880200e+00 1.881288646904197170e+00 6.070993672942005294e-03 1.186874348921682643e-01 4.697475974125975957e-04 -6.541257877839910112e-03
1.608000000000000000e+04 1.999975559827279259e+00 1.531247765076543255e+00 2.143587000645846841e-03 4.687283114760510960e-01 2.026715544062250010e-04 -2.346775280366681857e-03
1.608500000000000000e+04 1.999975552117977173e+00 1.844191790836612610e-01 1.459550475288172477e-04 1.815556889929970552e+00 -2.148838056391380797e-04 6.841186245547191381e-05
1.609000000000000000e+04 1.999975543581254511e+00 3.802573399933933951e-01 1.477470792818127434e-04 1.619718720673648527e+00 7.788654668720221394e-05 -2.261507117563086981e-04
1.609500000000000000e+04 1.999975535049303810e+00 1.749105080311446292e+00 2.057662999222933161e-03 2.508709720138108112e-01 7.112743279158854383e-04 -2.769454603092092945e-03
1.610000000000000000e+04 1.999975530377632760e+00 1.710778665957384703e+00 5.469053175628944309e-03 2.891973817995018847e-01 4.825674048080058989e-04 -5.952137959690671255e-03
1.610500000000000000e+04 1.999975522938514327e+00 3.666493475325375284e-01 4.186628872508472120e-03 1.633326692946605263e+00 -2.459295018497833704e-03 -1.727851394639408908e-03
1.611000000000000000e+04 1.999975514071443694e+00 2.334897426980381829e-01 3.898519606143303548e-03 1.766486289104243657e+00 -2.845979426377974377e-03 -1.053057910603562210e-03
1.611500000000000000e+04 1.999975504657960812e+00 1.558125164713269672e+00 5.752410040098885485e-03 4.418508578770131145e-01 1.423353111459409604e-04 -5.895263283566633261e-03
1.612000000000000000e+04 1.999975498397458029e+00 1.866463069431429256e+00 2.736869754602495354e-03 1.335129470342437119e-01 7.578539121532757187e-04 -3.495241734970657311e-03
1.612500000000000000e+04 1.999975492461758320e+00 5.511054871944706113e-01 2.029397504492857379e-04 1.448870523464331761e+00 8.590114476410763255e-05 -2.893590922574422919e-04
1.613000000000000000e+04 1.999975484097366474e+00 8.442969419847348722e-02 9.249181598695325123e-05 1.915546308279568288e+00 -1.360496102931493074e-04 4.303941363101570225e-05
1.613500000000000000e+04 1.999975475588253060e+00 1.350842380772847351e+00 1.501969692004753764e-03 6.491336133834744171e-01 1.668653024626175424e-04 -1.669353562536154316e-03
1.614000000000000000e+04 1.999975467688648756e+00 1.957305696871587175e+00 5.542515820675539273e-03 4.267028955927426592e-02 6.686806385251757145e-04 -6.211715201413508733e-03
1.614500000000000000e+04 1.999975462784292501e+00 7.915373867343086234e-01 5.153984429342519345e-03 1.208438594896883211e+00 -1.704069125570230325e-03 -3.450434150671618464e-03
1.615000000000000000e+04 1.999975453120028002e+00 4.455420224526698142e-02 3.355707188471382905e-03 1.955421769927009334e+00 -3.206274766390391530e-03 -1.499514743293892441e-04
1.615500000000000000e+04 1.999975443370159089e+00 1.106405111835714994e+00 5.071285214765617645e-03 8.935708507928036282e-01 -4.429250175097286307e-04 -4.628879455615624028e-03
1.616000000000000000e+04 1.999975435608293717e+00 1.999324867876600464e+00 3.207483405610597315e-03 6.510871553303479312e-04 1.121534401291418700e-03 -4.329537230539200199e-03
1.616500000000000000e+04 1.999975430572452861e+00 1.023535484134564522e+00 3.978917123421215848e-04 9.764404659695320454e-01 5.254839754125762135e-04 -9.238952193984641213e-04
1.617000000000000000e+04 1.999975421937368436e+00 3.908593489795964340e-03 1.742168603344323985e-04 1.996067348166231437e+00 -1.386302826980521886e-04 -3.610629629532167517e-05
1.617500000000000000e+04 1.999975413145161918e+00 8.712108749702286437e-01 1.029325865312722722e-03 1.128765058084494122e+00 -3.891002536921502660e-04 -6.407455211816352487e-04
1.618000000000000000e+04 1.999975405736226897e+00 1.981186394994833622e+00 5.212116510799452360e-03 1.878953081078566650e-02 5.132416979466902437e-04 -5.725878278138732749e-03
1.618500000000000000e+04 1.999975401797259300e+00 1.269036442157423172e+00 6.144380782515806994e-03 7.309394797931642040e-01 -9.007723579677535172e-04 -5.244128577876020283e-03
1.619000000000000000e+04 1.999975391937482971e+00 8.410237583860180610e-02 3.281060727746525508e-03 1.915873536459454129e+00 -3.186354211619183297e-03 -9.522687670044042009e-05
1.619500000000000000e+04 1.999975382229456589e+00 6.323261443746999166e-01 4.179191766745480111e-03 1.367649758417764261e+00 -1.143010899764162775e-03 -3.036701429989083125e-03
1.620000000000000000e+04 1.999975373429667913e+00 1.898537628824036982e+00 3.439420518170930099e-03 1.014382653526285510e-01 1.215049342653271372e-03 -4.654990607821647523e-03
1.620500000000000000e+04 1.999975370248574302e+00 1.490647725067485663e+00 6.753007455289404375e-04 5.093281659944428608e-01 1.002485416842526650e-03 -1.678306975725570287e-03
1.621000000000000000e+04 1.999975362421718916e+00 1.576178119862506333e-01 3.754748162076983697e-04 1.842358071415036713e+00 7.249614678837696378e-05 -4.484919425644222639e-04
1.621500000000000000e+04 1.999975353442064563e+00 4.229972730770407141e-01 7.569950678466651336e-04 1.576978601536530800e+00 -8.260210953067014666e-04 6.850485595292861896e-05
1.622000000000000000e+04 1.999975344733133209e+00 1.776869369059906445e+00 4.556321612132594942e-03 2.231064970303326400e-01 4.947690170732664311e-05 -4.606319870945712464e-03
1.622500000000000000e+04 1.999975338971327954e+00 1.686838079503666377e+00 6.930145497423771846e-03 3.131377809469164109e-01 -2.357997958476605832e-04 -6.694867180831193948e-03
1.623000000000000000e+04 1.999975330001349194e+00 3.428355652634234030e-01 3.686008133960270560e-03 1.657140286403177676e+00 -2.788015122047567823e-03 -8.985146771648745180e-04
1.623500000000000000e+04 1.999975321312171150e+00 2.473710105632438983e-01 3.274497751909614777e-03 1.752604832592707940e+00 -1.789180191976444964e-03 -1.485839403713756736e-03
1.624000000000000000e+04 1.999975313412023281e+00 1.587731417938098355e+00 3.373960220301069988e-03 4.122444174796346950e-01 1.024251276737018178e-03 -4.398733502747798410e-03
1.624500000000000000e+04 1.999975307381735679e+00 1.842629525941397173e+00 9.609049894182850960e-04 1.573463035715604030e-01 1.406889847378509951e-03 -2.368316968018750746e-03
1.625000000000000000e+04 1.999975299974170229e+00 5.094170534611339729e-01 6.488840068782120466e-04 1.490558768799025602e+00 4.487690610377682225e-04 -1.098175353905751338e-03
1.625500000000000000e+04 1.999975291197385596e+00 1.115892701564815404e-01 7.565591598273133491e-04 1.888386543510898852e+00 -1.040538562592486409e-03 2.834569327701187040e-04
1.626000000000000000e+04 1.999975282851122360e+00 1.392459591830443433e+00 3.729923279468944520e-03 6.075162136651172107e-01 -6.167781815370780227e-04 -3.113667742369920395e-03
1.626500000000000000e+04 1.999975277140719099e+00 1.946690320328615442e+00 7.330002264246726455e-03 5.328547957557815129e-02 1.361859820617138898e-04 -7.466711009782842079e-03
1.627000000000000000e+04 1.999975269249522292e+00 7.598881768237057965e-01 4.471607475122474189e-03 1.240087615351594730e+00 -2.100623121544820896e-03 -2.371507279355448625e-03
1.627500000000000000e+04 1.999975261236590640e+00 4.208519565530462192e-02 2.556536883852220891e-03 1.957890588669612075e+00 -2.226420976049324485e-03 -3.306389961288351944e-04
1.628000000000000000e+04 1.999975253541213860e+00 1.139917860108706993e+00 3.022495495643940863e-03 8.600579166762232219e-01 6.021261630231347335e-04 -3.625144902383832437e-03
1.628500000000000000e+04 1.999975244856462497e+00 1.996728359252156304e+00 1.180162177894861393e-03 3.247409025777780664e-03 1.646174596106444402e-03 -2.826860195473088720e-03
1.629000000000000000e+04 1.999975239233303226e+00 9.766036467781088470e-01 9.283487962480706885e-04 1.023372115992571274e+00 9.019410961134272922e-04 -1.830813429737913152e-03
1.629500000000000000e+04 1.999975230329331888e+00 1.019752849529388140e-02 1.036600425280129190e-03 1.989778225555003166e+00 -9.812772245203589191e-04 -5.584692172476405270e-05
1.630000000000000000e+04 1.999975222000815567e+00 9.184020286184532145e-01 2.928608845085362445e-03 1.081573717274775692e+00 -1.331788171739198366e-03 -1.597344565759312987e-03
1.630500000000000000e+04 1.999975213860863521e+00 1.987500690367080880e+00 7.251504041736520252e-03 1.247504755348789914e-02 1.284519919069175716e-04 -7.380480093348293531e-03
1.631000000000000000e+04 1.999975208994482667e+00 1.237148953589481959e+00 5.451428318436511017e-03 7.628267795635458315e-01 -1.280700802015085921e-03 -4.171251674966528801e-03
1.631500000000000000e+04 1.999975201307454764e+00 6.476986300873827096e-02 2.180160747167063026e-03 1.935205862611774075e+00 -2.349245273423537523e-03 1.685602131989078541e-04
1.632000000000000000e+04 1.999975193300568277e+00 6.603383073347877108e-01 2.462659110295613209e-03 1.339637410439065368e+00 5.537091670186493656e-05 -2.518554500282255398e-03
1.632500000000000000e+04 1.999975184232648973e+00 1.916700232669693138e+00 1.276614116132326763e-03 8.327547621877461059e-02 1.667383671193990507e-03 -2.944522443144831358e-03
1.633000000000000000e+04 1.999975178448269109e+00 1.449361442118922927e+00 1.144975660576745763e-03 5.506142611035934609e-01 1.324685983673591942e-03 -2.470186418497687109e-03
1.633500000000000000e+04 1.999975170674207048e+00 1.426442521691130561e-01 1.540073262533778881e-03 1.857331443436764928e+00 -6.613700886597594303e-04 -8.792281055452198270e-04
1.634000000000000000e+04 1.999975162790043948e+00 4.662116029157107322e-01 2.343696739763771221e-03 1.533764084965733021e+00 -1.929986575625020810e-03 -4.142352555388554777e-04
1.634500000000000000e+04 1.999975154388604182e+00 1.799697194846476167e+00 6.713024901396220413e-03 2.002784848038674792e-01 -2.573841518762427978e-04 -6.456166011259355589e-03
1.635000000000000000e+04 1.999975148721700346e+00 1.662343693930755206e+00 6.394575970032261546e-03 3.376319801680278676e-01 -5.158883953799149429e-04 -5.879212951735082217e-03
1.635500000000000000e+04 1.999975140232183035e+00 3.101083398826605109e-01 2.220848420701309386e-03 1.689867325896766914e+00 -2.125794723087160321e-03 -9.557924485839292114e-05
1.636000000000000000e+04 1.999975130667164258e+00 2.617291425887080525e-01 1.819163644587316192e-03 1.738246513816732453e+00 -4.815104455856576617e-04 -1.338178937278029475e-03
1.636500000000000000e+04 1.999975121065529660e+00 1.621328615124929318e+00 1.225455227960227161e-03 3.786470318708931027e-01 1.469670122499800845e-03 -2.695651280752545207e-03
1.637000000000000000e+04 1.999975116989909152e+00 1.816578817904791254e+00 1.244080123541305713e-03 1.833968250970127445e-01 1.615924607698878334e-03 -2.860530743135118563e-03
1.637500000000000000e+04 1.999975110603953388e+00 4.777690135381268965e-01 2.156964015070712403e-03 1.522206623205299980e+00 -1.559090228461212902e-04 -2.001581131698100448e-03
1.638000000000000000e+04 1.999975101023180990e+00 1.422475327501584175e-01 2.117717778716646151e-03 1.857728094605376912e+00 -2.272804512105399116e-03 1.545604010341615107e-04
1.638500000000000000e+04 1.999975091368552338e+00 1.427475318279399552e+00 5.839913217979553206e-03 5.725002996159063162e-01 -9.317081873743973067e-04 -4.908731557358545113e-03
1.639000000000000000e+04 1.999975084506969480e+00 1.935445045870367808e+00 7.079140727209819531e-03 6.453056530163198135e-02 1.858055560339985421e-05 -7.098247947843531330e-03
1.639500000000000000e+04 1.999975077604949192e+00 7.204077762144209807e-01 2.658073884379661463e-03 1.279567828193151069e+00 -1.604954363166418395e-03 -1.053646323836492007e-03
1.640000000000000000e+04 1.999975068335706929e+00 3.781438025473183445e-02 1.234256419873382355e-03 1.962161215068186637e+00 -8.781649435671691310e-04 -3.566184635182994872e-04
1.640500000000000000e+04 1.999975059574786274e+00 1.180014496388556378e+00 1.038920567314978883e-03 8.199610903474972012e-01 1.104168832775951920e-03 -2.143616561358322771e-03
1.641000000000000000e+04 1.999975053294385408e+00 1.991963659421861266e+00 1.199241039568876800e-03 8.011921158990296596e-03 1.704979937571042634e-03 -2.904748263606260483e-03
1.641500000000000000e+04 1.999975048845391123e+00 9.367671914239477093e-01 2.749373417475901773e-03 1.063208384796074712e+00 4.151141101923259231e-04 -3.165014902299344464e-03
1.642000000000000000e+04 1.999975038971616437e+00 2.269857956269331206e-02 2.311224121790272056e-03 1.977276986980952556e+00 -2.281138878892258279e-03 -3.061281492729319944e-05
1.642500000000000000e+04 1.999975029468572307e+00 9.584041537120274734e-01 4.835600523633979721e-03 1.041571403518448236e+00 -1.737995874668243857e-03 -3.098132410868869278e-03
1.643000000000000000e+04 1.999975021249190466e+00 1.992197087006625456e+00 7.343727096388526047e-03 7.778462168395846622e-03 2.007759619500509884e-04 -7.545030984169290647e-03
1.643500000000000000e+04 1.999975015641825449e+00 1.199165575085133106e+00 3.380612137508959801e-03 8.008099685947526192e-01 -9.049092300453488377e-04 -2.476230945523971889e-03
1.644000000000000000e+04 1.999975007458783205e+00 4.125891259309927284e-02 8.347890077151997419e-04 1.958716623066388385e+00 -1.038834232416665539e-03 2.035170239969112931e-04
1.644500000000000000e+04 1.999974999639510198e+00 6.964717113001360760e-01 7.623771266346698276e-04 1.303503816695217754e+00 6.613027829289042222e-04 -1.424208265407268586e-03
1.645000000000000000e+04 1.999974990981630452e+00 1.934319031462247374e+00 1.019788064937495907e-03 6.565648804784389447e-02 1.568725492782214971e-03 -2.589042086180330833e-03
1.645500000000000000e+04 1.999974985721689524e+00 1.411730510434307417e+00 3.183420460839730699e-03 5.882450039215108006e-01 9.145701495628017798e-04 -4.098519244531232189e-03
1.646000000000000000e+04 1.999974977041860225e+00 1.356653521493974834e-01 2.888440017216968234e-03 1.864310153699127781e+00 -1.953997348344322857e-03 -9.349714755378268254e-04
1.646500000000000000e+04 1.999974969131236957e+00 5.028325244748154121e-01 3.934494919774778228e-03 1.497142973619947082e+00 -2.489525549220399873e-03 -1.445498334079701542e-03
1.647000000000000000e+04 1.999974961211478774e+00 1.819226028230375825e+00 7.124936936943045834e-03 1.807494621015267589e-01 -9.394922816054840519e-06 -7.116071134550640449e-03
1.647500000000000000e+04 1.999974955981178359e+00 1.633766519415764673e+00 4.212627978313687911e-03 3.662089657905782669e-01 -1.856677332342192548e-04 -4.027489470244368167e-03
1.648000000000000000e+04 1.999974948298691491e+00 2.712724821109077644e-01 7.033657002516318117e-04 1.728702995566109291e+00 -9.243483395486270290e-04 2.204532609715048077e-04
1.648500000000000000e+04 1.999974939977527066e+00 2.843541121225666712e-01 4.624509489401786521e-04 1.715621357399351954e+00 2.487954897543687930e-04 -7.117759830862495536e-04
1.649000000000000000e+04 1.999974931059882666e+00 1.657219560944536374e+00 7.495141114572409589e-04 3.427558998381570743e-01 1.237411943849455950e-03 -1.987455778117408131e-03
1.649500000000000000e+04 1.999974925220268984e+00 1.791023416474111229e+00 3.360780670612268685e-03 2.089520385869892694e-01 1.220383316677795763e-03 -4.581693828121785085e-03
1.650000000000000000e+04 1.999974917924951967e+00 4.545578601836350874e-01 3.724969880792285745e-03 1.545417587727373476e+00 -1.369117768588906919e-03 -2.356382098259846621e-03
1.650500000000000000e+04 1.999974909672383783e+00 1.679337617880354849e-01 3.347788973774629487e-03 1.832041678034238563e+00 -3.012918004593121736e-03 -3.354011190718183058e-04
1.651000000000000000e+04 1.999974900552407675e+00 1.457187910885946902e+00 6.471898941855946767e-03 5.427875199977518772e-01 -5.609115292298925319e-04 -5.911517743916899249e-03
1.651500000000000000e+04 1.999974892808582094e+00 1.921968142024235826e+00 4.954638636870641218e-03 7.800728127202666284e-02 3.882441086885742997e-04 -5.343413233239594287e-03
1.652000000000000000e+04 1.999974887340507879e+00 6.737857832814447834e-01 8.599659223939966563e-04 1.326189634655902339e+00 -5.607943087304356235e-04 -2.997022105025273536e-04
1.652500000000000000e+04 1.999974878657039490e+00 4.053903512760309580e-02 2.104056329809942142e-04 1.959436374301216421e+00 -3.415079483599814283e-05 -1.767856099248723222e-04
1.653000000000000000e+04 1.999974869607285433e+00 1.225818402321519507e+00 4.566035592028110969e-04 7.741569982402142225e-01 7.876058525068843456e-04 -1.244740366157770809e-03
1.653500000000000000e+04 1.999974861496911727e+00 1.985525297738107708e+00 3.242534730029986156e-03 1.445009487832726175e-02 1.254663250509921446e-03 -4.497729100063053986e-03
1.654000000000000000e+04 1.999974857407996964e+00 9.043616407264860602e-01 4.635835065299235246e-03 1.095613747882167255e+00 -6.654010573876390552e-04 -3.970965208568004792e-03
1.654500000000000000e+04 1.999974848654257009e+00 3.249240984909134572e-02 3.214787187746020319e-03 1.967482970181015256e+00 -3.188288912275579791e-03 -2.702965131993741122e-05
1.655000000000000000e+04 1.999974839153886963e+00 9.912137266223596255e-01 5.534458728770515201e-03 1.008761644097812660e+00 -1.323837548437060323e-03 -4.211152746618864080e-03
1.655500000000000000e+04 1.999974829541622201e+00 1.995944713554957950e+00 5.429857918902185852e-03 4.030647747874216598e-03 6.862664352288970222e-04 -6.116656115341045571e-03
1.656000000000000000e+04 1.999974825542070844e+00 1.154159619045104668e+00 1.258109126290949797e-03 8.458157383389300898e-01 -3.297755638323844471e-05 -1.225663411871754900e-03
1.656500000000000000e+04 1.999974816883641537e+00 2.234784242219842870e-02 6.488143299196617929e-05 1.977627506479874731e+00 -1.203364994499376195e-04 5.492304802636428042e-05
1.657000000000000000e+04 1.999974807869795645e+00 7.415347830475710333e-01 2.171449088380991049e-04 1.258440557024755213e+00 3.239372235475847933e-04 -5.416143349162471287e-04
1.657500000000000000e+04 1.999974799806589543e+00 1.949571420580923142e+00 2.859479042597588491e-03 5.040391159285541323e-02 1.002741583572780296e-03 -3.862752993359756110e-03
1.658000000000000000e+04 1.999974795113666826e+00 1.379293631605838621e+00 5.417635791293839119e-03 6.206816959708183479e-01 -1.101245151613745217e-05 -5.407155802767887182e-03
1.658500000000000000e+04 1.999974785572038005e+00 1.283670611925384342e-01 3.570842320368979028e-03 1.871608257036275091e+00 -2.976840223813529036e-03 -5.945347533309211594e-04
1.659000000000000000e+04 1.999974776142036559e+00 5.308945189788627506e-01 4.527995470175002167e-03 1.469080790011439763e+00 -2.119948879567940588e-03 -2.408579438873114167e-03
1.659500000000000000e+04 1.999974767607290760e+00 1.838238835709404384e+00 5.525014633504735616e-03 1.617364649195849602e-01 6.423426077941533962e-04 -6.167890262997426445e-03
1.660000000000000000e+04 1.999974762375427373e+00 1.599436230162187833e+00 1.796412300925647951e-03 4.005390653429030667e-01 5.358218942343412165e-04 -2.332767324823434990e-03
1.660500000000000000e+04 1.999974754322780601e+00 2.340636145246643707e-01 5.800428027401579022e-05 1.765911673093845113e+00 9.719946848878012756e-06 -6.825752285163786065e-05
1.661000000000000000e+04 1.999974745960732658e+00 3.182168099155788243e-01 9.637574171916941229e-05 1.681758469513663368e+00 -4.583437255706897110e-05 -5.107483767214789322e-05
1.661500000000000000e+04 1.999974737764317334e+00 1.691676279364167756e+00 2.306009877424954231e-03 3.082989920378469972e-01 5.172967303499980242e-04 -2.823840245472398688e-03
1.662000000000000000e+04 1.999974732890865692e+00 1.767687792050124163e+00 5.895429457115344482e-03 2.322874745795636409e-01 4.357329516180538697e-04 -6.331696147555470819e-03
1.662500000000000000e+04 1.999974724584086205e+00 4.329954384172242099e-01 4.339055058629303317e-03 1.566979820076513708e+00 -2.429745666371571720e-03 -1.909843301909380786e-03
1.663000000000000000e+04 1.999974715496542821e+00 1.845075621936887456e-01 3.683329796475341786e-03 1.815467687399322738e+00 -2.764360709689114761e-03 -9.195031832547622850e-04
1.663500000000000000e+04 1.999974707470266511e+00 1.485873447344830289e+00 5.216017726273529040e-03 5.141017943867688400e-01 2.701921615077274843e-04 -5.486744149114030147e-03
1.664000000000000000e+04 1.999974701258426579e+00 1.904897033054800515e+00 2.342843883189058181e-03 9.507820259419486053e-02 1.013133484146243541e-03 -3.356511757904332566e-03
1.664500000000000000e+04 1.999974693824497107e+00 6.259207930644404838e-01 1.879914519369812564e-04 1.374054435306328203e+00 3.233910301192382338e-04 -5.119170283276730776e-04
1.665000000000000000e+04 1.999974685287679854e+00 5.537888363661815777e-02 1.323862579507755291e-04 1.944596336376236412e+00 -2.363729514236557539e-04 1.034519682981001988e-04
1.665500000000000000e+04 1.999974676939730855e+00 1.272524229549619523e+00 1.718635931186621125e-03 7.274509822901359390e-01 -9.365855526985658749e-05 -1.625512275941457582e-03
1.666000000000000000e+04 1.999974670993487136e+00 1.978253332465423675e+00 5.963632307526258759e-03 2.172187355283175178e-02 5.637263109596044909e-04 -6.527893643254008109e-03
1.666500000000000000e+04 1.999974663659548568e+00 8.747075019851739963e-01 5.347553078728590169e-03 1.125267696852950694e+00 -1.676398931852788026e-03 -3.671689325451996631e-03
1.667000000000000000e+04 1.999974655308947247e+00 3.354291543597655995e-02 3.193461698987238185e-03 1.966432275225574289e+00 -3.108310013812445524e-03 -8.568703777825641566e-05
1.667500000000000000e+04 1.999974647649924719e+00 1.021657350771981720e+00 4.572567794074350149e-03 9.783178323899536233e-01 -3.402763356138803074e-04 -4.232826970471194154e-03
1.668000000000000000e+04 1.999974638402151061e+00 1.998681768277928317e+00 2.765904416557754455e-03 1.293405831409689434e-03 1.288718035610277642e-03 -4.055158159355014107e-03
1.668500000000000000e+04 1.999974633255005019e+00 1.105805360549040106e+00 4.199422257317254924e-04 8.941698085226902348e-01 7.438851456610974522e-04 -1.164363188118164348e-03
1.669000000000000000e+04 1.999974625148979390e+00 1.480531642562355268e-02 3.262715892291681097e-04 1.985169844712129317e+00 -2.049124613629780330e-04 -1.218951166396595171e-04
1.669500000000000000e+04 1.999974617211324190e+00 7.907005399644525534e-01 1.244055127921369665e-03 1.209274613404184961e+00 -6.920994736175618920e-04 -5.524918116170113433e-04
1.670000000000000000e+04 1.999974608648918517e+00 1.961532354298720637e+00 5.611287425336618749e-03 3.844279068978380398e-02 3.357874828847967532e-04 -5.947611247807126598e-03
1.670500000000000000e+04 1.999974603078054303e+00 1.349593752852631834e+00 6.368535312932537343e-03 6.503813866840171265e-01 -8.946281310908575299e-04 -5.474443640436198709e-03
1.671000000000000000e+04 1.999974594934450289e+00 1.135253035927070858e-01 3.169320483906391730e-03 1.886449827972797699e+00 -3.073251051484033984e-03 -9.660606347663459621e-05
1.671500000000000000e+04 1.999974587196463593e+00 5.547236835903930352e-01 3.740960418846382696e-03 1.445251440400908249e+00 -1.044378739215220606e-03 -2.697118474468736520e-03
1.672000000000000000e+04 1.999974578815847392e+00 1.858684015880235352e+00 2.965221566655927565e-03 1.412910999086136599e-01 1.300583910100077453e-03 -4.266342449757543932e-03
1.672500000000000000e+04 1.999974572496746372e+00 1.560911266270298192e+00 6.946826370885095117e-04 4.390638433366134130e-01 1.168763825973222941e-03 -1.863983573227000852e-03
1.673000000000000000e+04 1.999974564397323684e+00 2.060247551857596338e-01 6.410375008479417963e-04 1.793950346496121506e+00 3.859790190028435141e-05 -6.801726873059433251e-04
1.673500000000000000e+04 1.999974556270507575e+00 3.595137502368012106e-01 1.004456117189611889e-03 1.640461343493203605e+00 -1.142459583489043506e-03 1.374660068020686890e-04
1.674000000000000000e+04 1.999974548219175086e+00 1.721517683792209041e+00 4.925426641606959512e-03 2.784574020595849131e-01 -2.018587355640822365e-04 -4.724105538661627600e-03
1.674500000000000000e+04 1.999974543504484670e+00 1.745954243297662023e+00 7.170399349510954944e-03 2.540208379411442730e-01 -2.695065193756536817e-04 -6.901430564457244031e-03
1.675000000000000000e+04 1.999974535890336469e+00 4.056489668599370102e-01 3.614448740169227698e-03 1.594326106928370956e+00 -2.668613743912067598e-03 -9.463728942287032500e-04
1.675500000000000000e+04 1.999974527667821578e+00 1.948709256146513025e-01 2.909474856292111871e-03 1.805104140127906431e+00 -1.676609895628333778e-03 -1.233403035399608045e-03
1.676000000000000000e+04 1.999974518590245331e+00 1.517754847652505568e+00 2.894244516867990058e-03 4.822202092085727254e-01 1.049325067670813655e-03 -3.944107855371528464e-03
1.676500000000000000e+04 1.999974512077394850e+00 1.884257483054320170e+00 9.435914918886804210e-04 1.157175674368803725e-01 1.494745713775371722e-03 -2.438875619469655764e-03
1.677000000000000000e+04 1.999974505250147860e+00 5.840743867436267722e-01 1.009504176208107177e-03 1.415900657069311563e+00 4.336194189052822038e-04 -1.443662157903719467e-03
1.677500000000000000e+04 1.999974497312357435e+00 8.035460322401741240e-02 1.068400084201658181e-03 1.919620432823816669e+00 -1.343419044310665807e-03 2.744802246322245657e-04
1.678000000000000000e+04 1.999974489106613795e+00 1.314705386021172373e+00 4.071367778164183479e-03 6.852696419991646248e-01 -9.298918203137955876e-04 -3.142014871573776957e-03
1.678500000000000000e+04 1.999974480909265218e+00 1.970572496066324009e+00 7.571150632800780107e-03 2.940252393659994676e-02 4.987599641267221972e-05 -7.621565722871891969e-03
1.679000000000000000e+04 1.999974475363948345e+00 8.411980027611087873e-01 4.424244355973573455e-03 1.158777011817082814e+00 -1.989313857950984928e-03 -2.435469712265534749e-03
1.679500000000000000e+04 1.999974467188285532e+00 2.673705692025957550e-02 2.264604891187624054e-03 1.973237949660518797e+00 -2.089061246459528263e-03 -1.760830372205673684e-04
1.680000000000000000e+04 1.999974458528360532e+00 1.055991433931014800e+00 2.569827313638736732e-03 9.439835641792212462e-01 5.974433125115250322e-04 -3.167810208025828404e-03
1.680500000000000000e+04 1.999974448815439843e+00 1.999831245145845537e+00 1.105716465148134063e-03 1.437434672226673164e-04 1.642836819714874920e-03 -2.749093082491070594e-03
1.681000000000000000e+04 1.999974444198588275e+00 1.060079132531057011e+00 1.349500521552493473e-03 9.398958515669801894e-01 8.830044138130408587e-04 -2.233044834814285843e-03
1.681500000000000000e+04 1.999974436395349997e+00 1.885529080280449327e-02 1.434176484489042098e-03 1.981119685663270236e+00 -1.251549903563652089e-03 -1.831666516504610101e-04
1.682000000000000000e+04 1.999974428497225398e+00 8.368063608331945957e-01 3.254415193363069999e-03 1.163168607907828056e+00 -1.683648385545822527e-03 -1.571307051614370199e-03
1.682500000000000000e+04 1.999974419548743887e+00 1.970635045213080971e+00 7.480711601717058255e-03 2.933991477652142174e-02 -1.442129767990188515e-05 -7.466830744895641518e-03
1.683000000000000000e+04 1.999974414941539491e+00 1.317711936645296511e+00 5.409951809532451139e-03 6.822630188381570981e-01 -1.193596577327986743e-03 -4.216895774118286852e-03
1.683500000000000000e+04 1.999974406454493092e+00 8.988314118067372571e-02 1.948198349147301075e-03 1.910091806003199277e+00 -2.185430429607501841e-03 2.366913510800823246e-04
1.684000000000000000e+04 1.999974397277466398e+00 5.819184633626492964e-01 2.066858291896205534e-03 1.418056474847803283e+00 5.407476806386265063e-05 -2.121473992945958550e-03
1.684500000000000000e+04 1.999974388251146262e+00 1.880451034224724038e+00 1.142752121754127314e-03 1.195238951608897510e-01 1.577554525407816538e-03 -2.720847781629412866e-03
1.685000000000000000e+04 1.999974384630764268e+00 1.522153241715411998e+00 1.583073399314757854e-03 4.778216841305774620e-01 1.275813905479257970e-03 -2.859428520019169449e-03
1.685500000000000000e+04 1.999974377035811157e+00 1.894587512540289453e-01 2.029437599225036165e-03 1.810516167165166612e+00 -8.914767675070482461e-04 -1.138502215102224447e-03
1.686000000000000000e+04 1.999974368377477330e+00 4.002385710805251851e-01 2.672025668991330830e-03 1.599736338871367014e+00 -2.291643767560096970e-03 -3.809234758458059263e-04
1.686500000000000000e+04 1.999974359134869095e+00 1.746146362966526810e+00 6.922070501416958087e-03 2.538285379468576686e-01 -4.505379745395124425e-04 -6.472074305392662083e-03
1.687000000000000000e+04 1.999974353789987225e+00 1.723089517636179568e+00 6.342061025821726233e-03 2.768853780511695839e-01 -4.661966632209737929e-04 -5.876406259962461964e-03
1.687500000000000000e+04 1.999974346342360265e+00 3.694769342650431332e-01 2.025148564456375356e-03 1.630497954140049499e+00 -1.942943357959260250e-03 -8.274726922926309584e-05
1.688000000000000000e+04 1.999974337510745492e+00 2.069796057771980113e-01 1.499694477712341240e-03 1.792995273993604366e+00 -4.509595665748465719e-04 -1.049277171194015713e-03
1.688500000000000000e+04 1.999974328144481506e+00 1.554155801489699895e+00 1.047983255644065973e-03 4.458190691254061977e-01 1.315404722334394825e-03 -2.363930448603235486e-03
1.689000000000000000e+04 1.999974322966532769e+00 1.861704229865485338e+00 1.655415734624800369e-03 1.382706356883799670e-01 1.513848500107623212e-03 -3.169806822065064731e-03
1.689500000000000000e+04 1.999974316413034359e+00 5.520303120760432503e-01 2.727120275681600790e-03 1.447944547070073806e+00 -3.503727171151481325e-04 -2.377290291649532868e-03
1.690000000000000000e+04 1.999974308184191418e+00 1.076886245051763280e-01 2.467775751020018487e-03 1.892286226594245280e+00 -2.615619730976923105e-03 1.473010647269317049e-04
1.690500000000000000e+04 1.999974299295820712e+00 1.349924544626244449e+00 6.026105856091340529e-03 6.500502977808391147e-01 -1.159291193279510463e-03 -4.867357774074451346e-03
1.691000000000000000e+04 1.999974290229795448e+00 1.961957100847175450e+00 7.003255790896855716e-03 3.801773269703123681e-02 2.476252967303103279e-05 -7.028561634980983602e-03
1.691500000000000000e+04 1.999974284867251040e+00 7.997731253240507598e-01 2.468860428204122139e-03 1.200201702976228413e+00 -1.417274258897832911e-03 -1.052129602334247538e-03
1.692000000000000000e+04 1.999974275910885391e+00 1.933255078489265477e-02 9.950554997276545542e-04 1.980642268760287816e+00 -7.975209481375124254e-04 -1.980781858852854863e-04
1.692500000000000000e+04 1.999974266691356473e+00 1.097620499802100857e+00 8.470114186912533786e-04 9.023543107314812017e-01 9.205477794032978361e-04 -1.768103040319946419e-03
1.693000000000000000e+04 1.999974259929835352e+00 1.998953533221617063e+00 1.548975568237579131e-03 1.021270702618366603e-03 1.535630894244854449e-03 -3.085150456882613385e-03
1.693500000000000000e+04 1.999974255725165184e+00 1.021307912433231602e+00 3.374081232861004913e-03 9.786668873802364388e-01 2.419368775159271327e-04 -3.616562198679999784e-03
1.694000000000000000e+04 1.999974246303550141e+00 2.795979204946951943e-02 2.697893063180159274e-03 1.972014998551305354e+00 -2.582699926609611889e-03 -1.157374337953071637e-04
1.694500000000000000e+04 1.999974236620262635e+00 8.751796966357066054e-01 5.001227472304890093e-03 1.124795084495542552e+00 -1.977276872810438974e-03 -3.024495110480768939e-03
1.695000000000000000e+04 1.999974228259201459e+00 1.978099845595007400e+00 7.238647014089646947e-03 2.187492736026633994e-02 1.670706596719938265e-04 -7.406262369834167025e-03
1.695500000000000000e+04 1.999974223518945271e+00 1.279572389464234572e+00 3.167796759442376674e-03 7.204023788565120379e-01 -7.293247351533268304e-04 -2.439016826090443461e-03
1.696000000000000000e+04 1.999974214982647158e+00 6.311129591583193588e-02 6.626816731248376955e-04 1.936863464060232021e+00 -9.029268735042424296e-04 2.397002069624534944e-04
1.696500000000000000e+04 1.999974206083064088e+00 6.181419196141325623e-01 5.904093853264052961e-04 1.381832831662880512e+00 4.889273164750887598e-04 -1.079881895750188850e-03
1.697000000000000000e+04 1.999974198153847249e+00 1.901678841478010806e+00 1.288984746645240823e-03 9.829590204811243515e-02 1.331860023478026196e-03 -2.621390142399571219e-03
1.697500000000000000e+04 1.999974195374376373e+00 1.486962821157176595e+00 3.826130102194865920e-03 5.130119196514225655e-01 7.428874893419767879e-04 -4.569563025759583279e-03
1.698000000000000000e+04 1.999974186913199281e+00 1.797901704798715306e-01 3.317978460018389773e-03 1.820184562054842026e+00 -2.202304420628053636e-03 -1.116219660905022441e-03
1.698500000000000000e+04 1.999974177121241148e+00 4.335927918466453979e-01 4.085040521791458851e-03 1.566381931110979453e+00 -2.715053893565476644e-03 -1.370532464609848901e-03
1.699000000000000000e+04 1.999974167593082219e+00 1.767683855522246938e+00 6.991480708746997293e-03 2.322908581168851572e-01 -6.940108464640393552e-05 -6.922625670150535718e-03
1.699500000000000000e+04 1.999974162461640281e+00 1.696020180791298682e+00 3.951683325130420955e-03 3.039545278304749965e-01 -3.681056947778207114e-05 -3.915418915785960456e-03
1.700000000000000000e+04 1.999974154897229406e+00 3.280381848063355643e-01 5.703255197223562958e-04 1.671936516419497476e+00 -7.409070773932051931e-04 1.700352290672194511e-04
1.700500000000000000e+04 1.999974146148857823e+00 2.284226410944921737e-01 3.405600047347387025e-04 1.771552051579272868e+00 1.250107654190260641e-04 -4.661172950606964124e-04
1.701000000000000000e+04 1.999974137526854934e+00 1.592779449284331017e+00 9.385393794141063143e-04 4.071952349607469435e-01 9.482432350202760077e-04 -1.887329332657347938e-03
1.701500000000000000e+04 1.999974133553131583e+00 1.839546374189181988e+00 3.981673409488318931e-03 1.604283061710251312e-01 1.030451801866586088e-03 -5.012672018430537613e-03
1.702000000000000000e+04 1.999974127054555684e+00 5.274511864913191683e-01 4.192825695445024335e-03 1.472523487513119012e+00 -1.564100704276598537e-03 -2.629271941050687327e-03
1.702500000000000000e+04 1.999974117182424127e+00 1.290462576335864309e-01 3.489441203727510366e-03 1.870928406713895154e+00 -3.201299856318712451e-03 -2.886885124663580299e-04
1.703000000000000000e+04 1.999974107312178173e+00 1.380163049828057709e+00 6.315906065329183507e-03 6.198116048641337805e-01 -6.259138009503996142e-04 -5.690539644392202459e-03
1.703500000000000000e+04 1.999974100880636207e+00 1.951145247141314876e+00 4.631362274780993077e-03 4.882940126062094988e-02 5.028005754661887773e-04 -5.134710371546820883e-03
1.704000000000000000e+04 1.999974095505799410e+00 7.518337422035392681e-01 7.286315489022132707e-04 1.248140900941186349e+00 -3.475167684312476402e-04 -3.816624193973100184e-04
1.704500000000000000e+04 1.999974086784731320e+00 2.007654595969432521e-02 1.561983710126873127e-04 1.979898088658013311e+00 -8.309782981109187748e-05 -7.364837417797390760e-05
1.705000000000000000e+04 1.999974077983789345e+00 1.144890839304659291e+00 5.840255824392702683e-04 8.550837867084544186e-01 4.747638284008808864e-04 -1.059337440164564341e-03
1.705500000000000000e+04 1.999974071017639909e+00 1.996218582892967719e+00 3.806229548406545819e-03 3.756036308582937338e-03 1.032139356121280094e-03 -4.838917088438698076e-03
1.706000000000000000e+04 1.999974067079850037e+00 9.891620010000991003e-01 5.127073899262981141e-03 1.010812614349539507e+00 -8.175336771852157337e-04 -4.310088491866465206e-03
1.706500000000000000e+04 1.999974057336240785e+00 3.318438772713239171e-02 3.351901371322840977e-03 1.966790218089671693e+00 -3.322588210563526268e-03 -2.986164132252659982e-05
1.707000000000000000e+04 1.999974047370665087e+00 9.066565997974510571e-01 5.363923453831926508e-03 1.093317996268034609e+00 -1.368992682038365537e-03 -3.995479466614530566e-03
1.707500000000000000e+04 1.999974039076349408e+00 1.984897575533782987e+00 5.042930582684466805e-03 1.507701241634262952e-02 7.692483554997563058e-04 -5.812727811960317729e-03
1.708000000000000000e+04 1.999974033712172305e+00 1.234858187028781806e+00 1.089342521609573981e-03 7.651163956747764061e-01 1.873922363853138678e-04 -1.277283749381016593e-03
1.708500000000000000e+04 1.999974025324837257e+00 4.208581405115290747e-02 7.839556211128488410e-05 1.957888760449244092e+00 -8.433563878615214587e-05 5.390901114981518846e-06
1.709000000000000000e+04 1.999974016815681210e+00 6.633131800254835619e-01 3.143529327053421613e-04 1.336661386153105813e+00 2.398555919203532947e-05 -3.388878548053964523e-04
1.709500000000000000e+04 1.999974009007077447e+00 1.920212482126482101e+00 3.341815788488737126e-03 7.976207641472392307e-02 7.427444195693214948e-04 -4.085109742186564773e-03
1.710000000000000000e+04 1.999974005843373925e+00 1.456335794343915246e+00 5.909851100042307591e-03 5.436387611023260069e-01 -1.375255822415480747e-04 -5.772875120668401715e-03
1.710500000000000000e+04 1.999973996396887221e+00 1.685559784169712860e-01 3.704022660376966175e-03 1.831418567785086937e+00 -3.049664359581450660e-03 -6.549081059665374637e-04
1.711000000000000000e+04 1.999973986530203307e+00 4.585250940154180221e-01 4.349822634485442201e-03 1.541449442529315039e+00 -2.121943269505798153e-03 -2.228429379509188919e-03
1.711500000000000000e+04 1.999973977616473997e+00 1.789272288121827481e+00 5.085670348528450492e-03 2.107022396984486179e-01 7.074655949972149128e-04 -5.793686147327418642e-03
1.712000000000000000e+04 1.999973973219441925e+00 1.663538147239231213e+00 1.557324839291271803e-03 3.364363762782777711e-01 7.413375204746020094e-04 -2.299212657833091516e-03
1.712500000000000000e+04 1.999973965821607136e+00 2.892797554374448854e-01 1.211009846931744143e-04 1.710694760841814599e+00 1.234603935529909099e-04 -2.451118358986409461e-04
1.713000000000000000e+04 1.999973957059588248e+00 2.612616254951413142e-01 1.992293827254168015e-04 1.738712882212579469e+00 -2.961630571239863715e-04 9.638302626582094111e-05
1.713500000000000000e+04 1.999973948360277864e+00 1.629465139603770485e+00 2.698496234765567978e-03 3.705093595932755779e-01 2.262898361821112246e-04 -2.925336907716050497e-03
1.714000000000000000e+04 1.999973942962173235e+00 1.819124380359189885e+00 6.363417024553505615e-03 1.808501135562314288e-01 3.159528805925782805e-04 -6.679920858394413491e-03
1.714500000000000000e+04 1.999973934746933191e+00 5.033096868445994243e-01 4.464379400929013170e-03 1.496664799029268300e+00 -2.444313696947447278e-03 -2.020616830915890599e-03
1.715000000000000000e+04 1.999973926038830729e+00 1.411786026376074810e-01 3.500639891858287143e-03 1.858795874710179374e+00 -2.706158419704806674e-03 -7.950327811093947086e-04
1.715500000000000000e+04 1.999973918309100540e+00 1.410201505395411781e+00 4.744804059090532850e-03 5.897729643834688229e-01 3.398885216032661630e-04 -5.085244050473936711e-03
1.716000000000000000e+04 1.999973911739129084e+00 1.937066804022567368e+00 2.013645744353965723e-03 6.290765932473463273e-02 1.188196890189240984e-03 -3.202394242716359064e-03
1.716500000000000000e+04 1.999973904171325589e+00 7.035490308805080195e-01 2.682428521340525810e-04 1.296425425060361292e+00 4.930592139314041774e-04 -7.618538356096447904e-04
1.717000000000000000e+04 1.999973895879479047e+00 3.325225028310323239e-02 2.719701081369414720e-04 1.966722197542804640e+00 -4.083853308279191373e-04 1.358632762620348787e-04
1.717500000000000000e+04 1.999973887832828368e+00 1.192391922534621340e+00 2.029615023532188155e-03 8.075825174159603215e-01 -3.986267779157817736e-04 -1.631540363369765167e-03
1.718000000000000000e+04 1.999973880908771484e+00 1.992249714422714257e+00 6.384712484622000368e-03 7.724718751336256441e-03 4.351921946309638420e-04 -6.820456944531735725e-03
1.718500000000000000e+04 1.999973874032624721e+00 9.586916167719625737e-01 5.457206976002134183e-03 1.041282809670066145e+00 -1.645297305825627835e-03 -3.812462079580335780e-03
1.719000000000000000e+04 1.999973865690823471e+00 2.927586338312633887e-02 3.004162835960171637e-03 1.970698554889157350e+00 -2.982541252712609964e-03 -2.217416470766362343e-05
1.719500000000000000e+04 1.999973858061702359e+00 9.367676331954118973e-01 4.093928500625152594e-03 1.063206777604077446e+00 -2.396865020081311590e-04 -3.854794736403742601e-03
1.720000000000000000e+04 1.999973848878614513e+00 1.991100322872793260e+00 2.344136981606195769e-03 8.874078933922856238e-03 1.428146123036922160e-03 -3.772836032744706150e-03
1.720500000000000000e+04 1.999973843367534032e+00 1.187509712873892731e+00 4.780094117249230321e-04 8.124646835374192966e-01 9.388041588778330959e-04 -1.417366614380940202e-03
1.721000000000000000e+04 1.999973834964549946e+00 3.288090792738024987e-02 5.210674794803517480e-04 1.967093480257123828e+00 -2.845698720222431303e-04 -2.370508274121253486e-04
1.721500000000000000e+04 1.999973826870724558e+00 7.117982488238123739e-01 1.496343060679165273e-03 1.288176131436527649e+00 -9.867275039880426656e-04 -5.101689463068684489e-04
1.722000000000000000e+04 1.999973818515000001e+00 1.935049655440353122e+00 5.970047882415607625e-03 6.492471663918056302e-02 1.901606679292958926e-04 -6.160762114878254661e-03
1.722500000000000000e+04 1.999973813533250100e+00 1.427577978684280380e+00 6.452767961704481553e-03 5.723963885169274235e-01 -8.364864288801065594e-04 -5.616835200782284605e-03
1.723000000000000000e+04 1.999973805942385052e+00 1.491525497199333028e-01 2.966284198327954341e-03 1.850821810045131910e+00 -2.883588355295708082e-03 -8.324966571218797302e-05
1.723500000000000000e+04 1.999973797939564868e+00 4.802679283606869354e-01 3.276976795694007665e-03 1.519706423563647268e+00 -8.889093511851461861e-04 -2.388621429278129163e-03
1.724000000000000000e+04 1.999973788886562298e+00 1.812884140154086499e+00 2.466423926247972558e-03 1.870902029010831913e-01 1.411226600643865608e-03 -3.878204695499612008e-03
1.724500000000000000e+04 1.999973783230549307e+00 1.627400146449498042e+00 6.934123249030533761e-04 3.725741910668521339e-01 1.356664538733695288e-03 -2.050631149437570633e-03
1.725000000000000000e+04 1.999973775543878451e+00 2.602233870519368164e-01 8.924672971327318087e-04 1.739750942935891942e+00 4.734375839088974440e-05 -9.403654994740587650e-04
1.725500000000000000e+04 1.999973767561563642e+00 3.007078669985493447e-01 1.229951062632526730e-03 1.699266455171405843e+00 -1.400483110611922292e-03 1.699774395879222178e-04
1.726000000000000000e+04 1.999973759077483981e+00 1.661030050431193228e+00 5.216858851550738342e-03 3.389442634297490931e-01 -3.641532412160602365e-04 -4.853260393793291244e-03
1.726500000000000000e+04 1.999973753225607664e+00 1.799677519632314260e+00 7.220335379085618399e-03 2.002967884977764901e-01 -2.043716085162497985e-04 -7.016518675052702339e-03
1.727000000000000000e+04 1.999973745812379189e+00 4.726184722024288076e-01 3.387216996584608859e-03 1.527355828664588744e+00 -2.428939030974968001e-03 -9.588330202480639403e-04
1.727500000000000000e+04 1.999973736470584296e+00 1.480460900351882603e-01 2.474355693711475547e-03 1.851928201678018304e+00 -1.450630458990008389e-03 -1.024280477343788654e-03
1.728000000000000000e+04 1.999973726534042484e+00 1.444257445212193236e+00 2.348819032878777645e-03 5.557168367644829132e-01 1.148734291645839636e-03 -3.498108767158417294e-03
1.728500000000000000e+04 1.999973720596776472e+00 1.919822817307800911e+00 8.567277248862009221e-04 8.015145885214183807e-02 1.648870972160821659e-03 -2.506154260213530865e-03
1.729000000000000000e+04 1.999973715136478702e+00 6.618229215733599791e-01 1.301940257750986481e-03 1.338151349236607057e+00 5.096389448635076135e-04 -1.812134876102335611e-03
1.729500000000000000e+04 1.999973706579803778e+00 5.578759951010367479e-02 1.300835585269107236e-03 1.944186662917033681e+00 -1.542784724907245728e-03 2.413932923046280233e-04
1.730000000000000000e+04 1.999973697524562555e+00 1.234681950602486422e+00 4.301796916477060133e-03 7.652923029539933086e-01 -1.100402772925460938e-03 -3.201950175468906180e-03
1.730500000000000000e+04 1.999973688574709030e+00 1.987472337770379349e+00 7.581695614938061684e-03 1.250190701926183999e-02 1.052938992411999591e-04 -7.687545729111368992e-03
1.731000000000000000e+04 1.999973683826772541e+00 9.235863943281734656e-01 4.161855508215108780e-03 1.076387845808357557e+00 -1.720901308093561021e-03 -2.441510509880019317e-03
1.731500000000000000e+04 1.999973673849415823e+00 1.824223323395057425e-02 1.861324912315621624e-03 1.981731997124942302e+00 -1.789559715035101686e-03 -7.232170675725969162e-05
1.732000000000000000e+04 1.999973664130359596e+00 9.718293715529755517e-01 2.016692819407542303e-03 1.028144849281043882e+00 7.097398245194504662e-04 -2.726989347586659517e-03
1.732500000000000000e+04 1.999973656686962142e+00 1.996044273553965187e+00 9.242670676919180353e-04 3.929939985485169512e-03 1.747344416438752473e-03 -2.672168336619080639e-03
1.733000000000000000e+04 1.999973653590645828e+00 1.143266958900652108e+00 1.654705309011081718e-03 8.567072516039165864e-01 9.927563664158425664e-04 -2.648018589349859526e-03
1.733500000000000000e+04 1.999973644075974111e+00 3.461764909368597598e-02 1.701635162334795299e-03 1.965356552087859088e+00 -1.380110871808253557e-03 -3.220813960976619890e-04
1.734000000000000000e+04 1.999973634400130207e+00 7.563128748280893987e-01 3.440143802058935000e-03 1.243661316872778366e+00 -1.848622964415655261e-03 -1.592078138380869290e-03
1.734500000000000000e+04 1.999973625808253885e+00 1.946797580648407466e+00 7.452702543483618637e-03 5.317660263326384751e-02 2.152934225364856182e-05 -7.474789359154760532e-03
1.735000000000000000e+04 1.999973620160916177e+00 1.395971344003389847e+00 5.104241837908550516e-03 6.040028337445180195e-01 -9.208824480014340562e-04 -4.183916976898673264e-03
1.735500000000000000e+04 1.999973611570391885e+00 1.214033992452545480e-01 1.568118739282361312e-03 1.878570770082935715e+00 -1.823432125946076966e-03 2.547556288652550729e-04
1.736000000000000000e+04 1.999973603725311300e+00 5.066304906778523742e-01 1.545227587218429193e-03 1.493343670960616487e+00 2.038553538702461134e-04 -1.749640854246355083e-03
1.736500000000000000e+04 1.999973595422117167e+00 1.838145460223310046e+00 8.776160734966149436e-04 1.618286932767775965e-01 1.630160850931568119e-03 -2.508335002398974674e-03
1.737000000000000000e+04 1.999973589690680953e+00 1.591390787564955334e+00 1.867899866706199986e-03 4.085833603191296182e-01 1.380850722318115783e-03 -3.249308782428332425e-03
1.737500000000000000e+04 1.999973581201498041e+00 2.421557441658689358e-01 2.348350149221583791e-03 1.757818395398318634e+00 -9.508186841141185201e-04 -1.398089827796895630e-03
1.738000000000000000e+04 1.999973573201753396e+00 3.384557794986025603e-01 2.836064823900624494e-03 1.661518352224981454e+00 -2.435972203708487802e-03 -4.006511420228358981e-04
1.738500000000000000e+04 1.999973565319767221e+00 1.687225086835011822e+00 6.863011578423964566e-03 3.127490371631837518e-01 -4.353080706846651797e-04 -6.428262186167882884e-03
1.739000000000000000e+04 1.999973559882695096e+00 1.778645176007119799e+00 5.990677609046236862e-03 2.213289426626163237e-01 -2.119713782349949538e-04 -5.779265017852617398e-03
1.739500000000000000e+04 1.999973552426516532e+00 4.332868882342401085e-01 1.650686175591278880e-03 1.566687223127307238e+00 -1.541738659166319797e-03 -1.095064514557149253e-04
1.740000000000000000e+04 1.999973543247071328e+00 1.580159864203525832e-01 1.040783333022750421e-03 1.841958115944172913e+00 -2.452762071167220487e-04 -7.960662433600451194e-04
1.740500000000000000e+04 1.999973533632575906e+00 1.483231898770615453e+00 7.282921623250884421e-04 5.167421941708333355e-01 1.326858817579222192e-03 -2.055710288777194954e-03
1.741000000000000000e+04 1.999973527502957760e+00 1.900882170822518979e+00 1.890779647401854549e-03 9.909191611230788732e-02 1.579159034109693920e-03 -3.470498113380552588e-03
1.741500000000000000e+04 1.999973521928037901e+00 6.295808804368412392e-01 3.099199514460430384e-03 1.370393201033023312e+00 -3.566791445837615127e-04 -2.743079911703093059e-03
1.742000000000000000e+04 1.999973511878468058e+00 7.940061061107560325e-02 2.635363350526134536e-03 1.920573461009340566e+00 -2.727075802142790804e-03 9.115270966824217823e-05
1.742500000000000000e+04 1.999973502087578181e+00 1.269812710193422456e+00 5.949245611925609717e-03 7.301613518311979023e-01 -1.158428944263298170e-03 -4.791376604704523402e-03
1.743000000000000000e+04 1.999973495144527824e+00 1.981573634855658517e+00 6.611632009857507271e-03 1.840042036427500666e-02 2.437517609700440627e-04 -6.855943846233485822e-03
1.743500000000000000e+04 1.999973488103712782e+00 8.805542625441434845e-01 2.078519383018269905e-03 1.119419785775867870e+00 -1.007893844235495905e-03 -1.071185755081515431e-03
1.744000000000000000e+04 1.999973480192333675e+00 7.952400769199003197e-03 6.155982670148845651e-04 1.992021639796814014e+00 -5.292678718655238279e-04 -8.689076882886107923e-05
1.744500000000000000e+04 1.999973472387918560e+00 1.014716086813227003e+00 5.145725344382535591e-04 9.852579461035341213e-01 9.111961026578014981e-04 -1.426329165939042290e-03
1.745000000000000000e+04 1.999973463310843025e+00 1.999031348678160569e+00 1.717808397074395638e-03 9.426753438184133247e-04 1.536763770777678463e-03 -3.255132878987794867e-03
1.745500000000000000e+04 1.999973458386418379e+00 1.105786752148476770e+00 3.786975014468546303e-03 8.941872670473385298e-01 2.604479133847248102e-04 -4.047983737249831286e-03
1.746000000000000000e+04 1.999973450782240647e+00 4.007431720831408639e-02 2.891670156868528848e-03 1.959899694533742798e+00 -2.655590738713293868e-03 -2.366403779711831446e-04
1.746500000000000000e+04 1.999973442615009533e+00 7.927475898547124977e-01 4.923225851072362581e-03 1.207226413881884675e+00 -1.979762583017620654e-03 -2.944024389642279325e-03
1.747000000000000000e+04 1.999973433436990300e+00 1.956990044167145282e+00 6.820336865925936617e-03 4.298395057454960921e-02 3.431365225046358741e-04 -7.164034693135096742e-03
1.747500000000000000e+04 1.999973427901441836e+00 1.358016596391989017e+00 2.742304587229507738e-03 6.419573929254971389e-01 -3.443289556449744774e-04 -2.398537047628811116e-03
1.748000000000000000e+04 1.999973419122933027e+00 9.173624542844693863e-02 3.617582016960684856e-04 1.908237735286975489e+00 -5.802023310417647869e-04 2.178825368564144926e-04
1.748500000000000000e+04 1.999973409874661989e+00 5.427177755612128118e-01 2.914465649062692788e-04 1.457256196092279188e+00 4.831948111417657841e-04 -7.752031548781568738e-04
1.749000000000000000e+04 1.999973401352220792e+00 1.862812507819529007e+00 1.391199424496072055e-03 1.371614554832021327e-01 1.259186047597167339e-03 -2.650947422603367083e-03
1.749500000000000000e+04 1.999973397338461911e+00 1.558815779303984073e+00 4.257662686888096480e-03 4.411581800658465613e-01 7.515606911422848630e-04 -5.009785409399222095e-03
1.750000000000000000e+04 1.999973388027908472e+00 2.297114029083143216e-01 3.553751217502454807e-03 1.770262547337543957e+00 -2.239793485302838619e-03 -1.314519950149546385e-03
1.750500000000000000e+04 1.999973378419977577e+00 3.682548033975775459e-01 4.022849314203635548e-03 1.631719137432861455e+00 -2.709247165655233585e-03 -1.314164559010030800e-03
1.751000000000000000e+04 1.999973369692240821e+00 1.710630683588318268e+00 6.566593090117045679e-03 2.893432486892006383e-01 6.602810557738377536e-05 -6.633183780972416906e-03
1.751500000000000000e+04 1.999973364374272755e+00 1.753371371764270492e+00 3.479714804088864574e-03 2.466025553029511375e-01 2.961839415124850475e-04 -3.776461438550185803e-03
1.752000000000000000e+04 1.999973356300943861e+00 3.896845719828006538e-01 3.302775149484333639e-04 1.610289347174923780e+00 -3.861053294567170385e-04 5.526495772785420131e-05
1.752500000000000000e+04 1.999973348206719237e+00 1.781832633731500193e-01 1.164788083384997518e-04 1.821790647854737655e+00 1.450010799417326664e-04 -2.620429094487397147e-04
1.753000000000000000e+04 1.999973340200996708e+00 1.524287907975713896e+00 9.918573973544458564e-04 4.756859954089444065e-01 8.075549516469571329e-04 -1.799975532662963966e-03
1.753500000000000000e+04 1.999973334109937273e+00 1.882187265262185161e+00 4.406566707377220816e-03 1.177866321561305968e-01 9.955747212042791779e-04 -5.402704736959937880e-03
1.754000000000000000e+04 1.999973326405940277e+00 6.036890212062773209e-01 4.476773841798272445e-03 1.396284868663894674e+00 -1.578673311857962686e-03 -2.898663994171690825e-03
1.754500000000000000e+04 1.999973317418960228e+00 9.619824231093584976e-02 3.457179774982891123e-03 1.903775638753666843e+00 -3.178917735265630352e-03 -2.788256853593615086e-04
1.755000000000000000e+04 1.999973309556011269e+00 1.300392812403654563e+00 5.907827850036423238e-03 6.995810609565356053e-01 -5.203009872068002639e-04 -5.388090667008581074e-03
1.755500000000000000e+04 1.999973302460665625e+00 1.973610297253748369e+00 4.113413445046021528e-03 2.636356915549847857e-02 7.664223602900685061e-04 -4.880399753917052594e-03
1.756000000000000000e+04 1.999973295556271236e+00 8.317564494580186318e-01 5.199048889740168645e-04 1.168217410189145822e+00 6.716833645463356431e-06 -5.271858135126020108e-04
1.756500000000000000e+04 1.999973287500706132e+00 6.804186268964590445e-03 3.527394717298948097e-05 1.993169665488284004e+00 -2.352241192759295022e-05 -1.231579178768057134e-05
1.757000000000000000e+04 1.999973279573308504e+00 1.063067878216259698e+00 6.205882032754905580e-04 9.369059657767032645e-01 2.843887303215922660e-04 -9.055413532512814664e-04
1.757500000000000000e+04 1.999973271661850793e+00 1.999927173788025314e+00 4.203504406354694953e-03 4.666245709845416812e-05 9.282647023579211057e-04 -5.132333691985487348e-03
1.758000000000000000e+04 1.999973265574500170e+00 1.074034719446378405e+00 5.455050370203509691e-03 9.259391108366877843e-01 -8.293512752212448642e-04 -4.626263803548145807e-03
1.758500000000000000e+04 1.999973257679834804e+00 4.058339779862087104e-02 3.358404233769958416e-03 1.959390424750723669e+00 -3.281571878890632201e-03 -7.739722438871141942e-05
1.759000000000000000e+04 1.999973249950764309e+00 8.227288762864886085e-01 4.994984334939694959e-03 1.177244938691309750e+00 -1.277300353116384967e-03 -3.718249008857234250e-03
1.759500000000000000e+04 1.999973240982088063e+00 1.966889269125858375e+00 4.492340973525580511e-03 3.308453706782767123e-02 9.593666921545899529e-04 -5.452272877278343047e-03
1.760000000000000000e+04 1.999973235871221000e+00 1.314018928190366697e+00 8.781510338878312097e-04 6.859548729993341087e-01 5.049554540868317950e-04 -1.383671806454614406e-03
1.760500000000000000e+04 1.999973227985639257e+00 6.886877480212026670e-02 7.010206257606336382e-05 1.931105018666230189e+00 1.630664923474121349e-05 -8.697419452219027757e-05
1.761000000000000000e+04 1.999973219974374050e+00 5.875974229038890551e-01 3.740343540243184638e-04 1.412376362720485723e+00 -1.905988235873493813e-04 -1.840011804374866910e-04
1.761500000000000000e+04 1.999973211302121134e+00 1.884418906298459984e+00 3.700861388884967799e-03 1.155548708351679527e-01 5.580585059847178314e-04 -4.259485726376553011e-03
1.762000000000000000e+04 1.999973205168607882e+00 1.530129188417723940e+00 6.269013557755771619e-03 4.698445827115703688e-01 -1.708003192364638742e-04 -6.098779199205883045e-03
1.762500000000000000e+04 1.999973197410672254e+00 2.144945800142866732e-01 3.751507540267964760e-03 1.785479183517727719e+00 -2.995282589250616335e-03 -7.567910723593962918e-04
1.763000000000000000e+04 1.999973189552777031e+00 3.899703457270863871e-01 4.036874276823714316e-03 1.610003410109709154e+00 -2.027802357538530456e-03 -2.009638203303393007e-03
1.763500000000000000e+04 1.999973180995156641e+00 1.734722027354856699e+00 4.526465060758601625e-03 2.652517201020347937e-01 8.332995008961367614e-04 -5.360331023389940455e-03
1.764000000000000000e+04 1.999973174787527563e+00 1.723082194914075771e+00 1.314300264949386015e-03 2.768915464670955728e-01 9.906325656479655038e-04 -2.305499424240995115e-03
1.764500000000000000e+04 1.999973166962630833e+00 3.497874719295775980e-01 2.143100085531652016e-04 1.650186261792415898e+00 2.529336469656321080e-04 -4.678104148816171612e-04
1.765000000000000000e+04 1.999973159008316292e+00 2.096640385812865714e-01 3.212404538116684543e-04 1.790309687354897594e+00 -5.087855610464728316e-04 1.869781793669016189e-04
1.765500000000000000e+04 1.999973150882829120e+00 1.562884998459811436e+00 3.022202755463831124e-03 4.370887195229350985e-01 -3.534496760431745629e-05 -2.987424887777091666e-03
1.766000000000000000e+04 1.999973144925534907e+00 1.864727770908931603e+00 6.735875752786024163e-03 1.352459412434256214e-01 2.379547145632371320e-04 -6.974397694171933712e-03
1.766500000000000000e+04 1.999973138029995656e+00 5.770155237431212614e-01 4.548402448841873391e-03 1.422958181658805721e+00 -2.388331677036173266e-03 -2.160638143736990941e-03
1.767000000000000000e+04 1.999973129258793447e+00 1.039082232051536242e-01 3.251583860459051831e-03 1.896065473610447860e+00 -2.597287120007248269e-03 -6.548642972600675913e-04
1.767500000000000000e+04 1.999973119789679066e+00 1.331633493526558354e+00 4.206810799045335170e-03 6.683401940203597125e-01 4.213101031469165076e-04 -4.628688659431396367e-03
1.768000000000000000e+04 1.999973111834230322e+00 1.962755713982904826e+00 1.721326718189364552e-03 3.721796577998331274e-02 1.349302224405705530e-03 -3.071196871253167697e-03
1.768500000000000000e+04 1.999973107634380742e+00 7.835237453962385912e-01 4.337794677469086107e-04 1.216449930255993683e+00 6.273924911015832818e-04 -1.061739976699921373e-03
1.769000000000000000e+04 1.999973099315869307e+00 1.811696129349952417e-02 4.865802842593059470e-04 1.981856706218942277e+00 -5.982530110576333039e-04 1.111045302256046050e-04
1.769500000000000000e+04 1.999973090714360913e+00 1.110980277287864526e+00 2.333823412403860688e-03 8.889933818079411854e-01 -7.193727479982772732e-04 -1.615019045850049975e-03
1.770000000000000000e+04 1.999973081243676676e+00 1.999178217428335236e+00 6.752311157688910097e-03 7.954324020759494631e-04 2.954540455988451282e-04 -7.048333790022313569e-03
1.770500000000000000e+04 1.999973077545350142e+00 1.042859206384155080e+00 5.567832280535436884e-03 9.571144398260917896e-01 -1.603473860580783943e-03 -3.964927084851127895e-03
1.771000000000000000e+04 1.999973068903228901e+00 3.184314957280468678e-02 2.816249710393144753e-03 1.968130488180426019e+00 -2.854082179314189772e-03 3.726361891911322442e-05
1.771500000000000000e+04 1.999973059790381980e+00 8.523523690698568966e-01 3.606289609243984624e-03 1.147621259766202106e+00 -1.769564306721656049e-04 -3.429902224249066229e-03
1.772000000000000000e+04 1.999973050770723182e+00 1.976659298475166970e+00 2.001387265918622496e-03 2.331432153708850111e-02 1.497391842423108528e-03 -3.499348349874227895e-03
1.772500000000000000e+04 1.999973046711477798e+00 1.268122251881192319e+00 6.751511812822086735e-04 7.318513641604488251e-01 1.047402499592009267e-03 -1.723123011037662987e-03
1.773000000000000000e+04 1.999973038869568676e+00 5.797810661503668972e-02 8.431222918991639883e-04 1.941995501755092501e+00 -4.407623040329289115e-04 -4.029294884264391632e-04
1.773500000000000000e+04 1.999973030589047074e+00 6.350018689678836870e-01 1.805898599160815155e-03 1.364971731301701352e+00 -1.339586250114803683e-03 -4.668820295839030965e-04
1.774000000000000000e+04 1.999973021737008194e+00 1.901907727364674727e+00 6.319026130686038537e-03 9.806586424569394000e-02 -1.778803896527668033e-05 -6.301807965081398892e-03
1.774500000000000000e+04 1.999973016209992460e+00 1.502437416380287827e+00 6.576684923343779215e-03 4.975361698236945851e-01 -8.249832630963791543e-04 -5.752271654237357638e-03
1.775000000000000000e+04 1.999973007507471534e+00 1.907433840450770413e-01 2.826589121583050063e-03 1.809230193645863016e+00 -2.739356975926348498e-03 -8.780232912531152865e-05
1.775500000000000000e+04 1.999972998227076415e+00 4.095478737334882768e-01 2.861561356057380073e-03 1.590425694879688434e+00 -8.190928518688086720e-04 -2.043038890289007939e-03
1.776000000000000000e+04 1.999972988817926511e+00 1.761477728893571237e+00 2.088632587721633068e-03 2.384958305171309412e-01 1.402031947233962472e-03 -3.491235127731267054e-03
1.776500000000000000e+04 1.999972985433799755e+00 1.689678857943274659e+00 8.789985874836642307e-04 3.102946981575973595e-01 1.409558636256348597e-03 -2.289127890812106547e-03
1.777000000000000000e+04 1.999972978549178881e+00 3.198603150594707678e-01 1.317966481138947970e-03 1.680113234307924142e+00 -7.625426098011137436e-05 -1.242283038374633608e-03
1.777500000000000000e+04 1.999972969644482124e+00 2.468948006810271212e-01 1.572510014403347926e-03 1.753078739977262712e+00 -1.755812269707364339e-03 1.827312414961452343e-04
1.778000000000000000e+04 1.999972960322981885e+00 1.595838483307196132e+00 5.541124401217029788e-03 4.041350482345005823e-01 -6.341442572004238332e-04 -4.907551362731379235e-03
1.778500000000000000e+04 1.999972954493850263e+00 1.847642929791986743e+00 7.343498163245172107e-03 1.523305960492899458e-01 -2.358477521781460965e-04 -7.108221758493390996e-03
1.779000000000000000e+04 1.999972947538957380e+00 5.432439309240192360e-01 3.275200217283965806e-03 1.456729588114877849e+00 -2.280254106214199983e-03 -9.955176110094012942e-04
1.779500000000000000e+04 1.999972938470224060e+00 1.073390460410440783e-01 2.140578431446468581e-03 1.892634464129445027e+00 -1.353395449321743082e-03 -7.877546823900831267e-04
1.780000000000000000e+04 1.999972928888322343e+00 1.367746569260284817e+00 1.963833579388093390e-03 6.322269315410973256e-01 1.088555003013484809e-03 -3.052960495461294783e-03
1.780500000000000000e+04 1.999972922797002450e+00 1.949113741994032756e+00 9.948279039447632203e-04 5.085975285203286206e-02 1.624427802526370564e-03 -2.619827755534477783e-03
1.781000000000000000e+04 1.999972918452944670e+00 7.421830614533084791e-01 1.808365999729437184e-03 1.257790429144140631e+00 4.061480908753033778e-04 -2.215086235109067856e-03
1.781500000000000000e+04 1.999972909858455328e+00 3.792746941576545516e-02 1.700028894035570098e-03 1.962046012777304949e+00 -1.874808082640031046e-03 1.742068539895111790e-04
1.782000000000000000e+04 1.999972900823733024e+00 1.152992409476591096e+00 4.603939440031862111e-03 8.469810638810959524e-01 -1.414426773567347860e-03 -3.190085200418680406e-03
1.782500000000000000e+04 1.999972892008062830e+00 1.997276705017681175e+00 7.691945189650494473e-03 2.696759720462253186e-03 2.506595595165859289e-05 -7.717583875683007959e-03
1.783000000000000000e+04 1.999972885728448002e+00 1.006431628388287702e+00 4.053452164997804405e-03 9.935418302098166787e-01 -1.583283706861567542e-03 -2.470741327792582830e-03
1.783500000000000000e+04 1.999972876867483818e+00 1.680411347561195853e-02 1.603531019114001234e-03 1.983169336459142063e+00 -1.654073825487706664e-03 4.996973910368873560e-05
1.784000000000000000e+04 1.999972867859040049e+00 8.879832241321283792e-01 1.657560676102372635e-03 1.111990216995541125e+00 6.339762622431024128e-04 -2.292110206974974033e-03
1.784500000000000000e+04 1.999972860496264326e+00 1.985454773885765301e+00 9.940868548402417067e-04 1.451866004379829406e-02 1.638450062534308957e-03 -2.633110350673690311e-03
1.785000000000000000e+04 1.999972856275068045e+00 1.225661769721488437e+00 2.205120906064934969e-03 7.743116600813438888e-01 8.887086690309740564e-04 -3.094403102859783535e-03
1.785500000000000000e+04 1.999972847342607052e+00 5.722886030467930901e-02 2.171194638574842732e-03 1.942744560764180006e+00 -1.671921666623260323e-03 -4.998466982037518382e-04
1.786000000000000000e+04 1.999972838148242893e+00 6.775530348550107274e-01 3.729972006554472478e-03 1.322420377223106680e+00 -2.180428189908513274e-03 -1.550117746520494888e-03
1.786500000000000000e+04 1.999972829540794139e+00 1.916141846824779726e+00 7.541804633377898782e-03 8.383155683666153324e-02 -1.042318165355443372e-04 -7.438146937489202234e-03
1.787000000000000000e+04 1.999972824418364103e+00 1.471348109962917095e+00 4.976587421922190960e-03 5.286252886907383264e-01 -8.094608648621197649e-04 -4.167700792351240920e-03
1.787500000000000000e+04 1.999972816083916971e+00 1.592534846612639887e-01 1.366115637359357126e-03 1.840719905844414583e+00 -1.650129067587338683e-03 2.834390084665714868e-04
1.788000000000000000e+04 1.999972807582491408e+00 4.349476177637399688e-01 1.241615487151613052e-03 1.565025764431233313e+00 1.482864918907560148e-04 -1.390476591524580051e-03
1.788500000000000000e+04 1.999972799332926821e+00 1.790163421982394976e+00 8.776544916657433391e-04 2.098099521481483209e-01 1.447133633948180162e-03 -2.325362923230234104e-03
1.789000000000000000e+04 1.999972795696917327e+00 1.656657390894234139e+00 2.418113830811040570e-03 3.433159796821833587e-01 1.252705952053685028e-03 -3.671394662365299027e-03
1.789500000000000000e+04 1.999972787975742516e+00 3.002391834486273225e-01 2.888445835985293478e-03 1.699734179578363147e+00 -1.196926804144546374e-03 -1.692094083088576057e-03
1.790000000000000000e+04 1.999972778498776638e+00 2.813634621113026979e-01 3.127169366521674512e-03 1.718609891648375410e+00 -2.756595071192999985e-03 -3.711495562303496827e-04
1.790500000000000000e+04 1.999972769129540362e+00 1.623318889788283315e+00 6.927651991359052089e-03 3.766544548095422384e-01 -5.940993106461815807e-04 -6.334128148998213574e-03
1.791000000000000000e+04 1.999972763718142366e+00 1.828618843109855341e+00 5.826420817004508007e-03 1.713544961973065273e-01 -1.367847831152275962e-04 -5.690211622908679205e-03
1.791500000000000000e+04 1.999972755911526123e+00 5.012067694345682112e-01 1.473343360341247514e-03 1.498766562240717581e+00 -1.341422536885850114e-03 -1.324965872149379297e-04
1.792000000000000000e+04 1.999972747427341879e+00 1.151367665977273136e-01 8.112128363176150528e-04 1.884836556783932027e+00 -2.517341716908478850e-04 -5.600546189442081029e-04
1.792500000000000000e+04 1.999972739149919576e+00 1.409140937759572498e+00 6.756820766820101744e-04 5.908323775304791248e-01 1.096157756215830571e-03 -1.772415973029789612e-03
1.793000000000000000e+04 1.999972733514772782e+00 1.933891146245347414e+00 2.398183908653890757e-03 6.608216353658319386e-02 1.406822900620801307e-03 -3.805583076432436738e-03
1.793500000000000000e+04 1.999972727722633570e+00 7.097926388208418702e-01 3.695681398239381715e-03 1.290180665297578466e+00 -5.628166747820400858e-04 -3.133441119244104872e-03
1.794000000000000000e+04 1.999972718163618879e+00 5.761938319913872258e-02 2.940724342312790989e-03 1.942353911571034653e+00 -3.010900851514420988e-03 6.959990264694763387e-05
1.794500000000000000e+04 1.999972708821490031e+00 1.187679602077715835e+00 5.990762267364043402e-03 8.122936835557793556e-01 -1.330153048478205976e-03 -4.661186030891242144e-03
1.795000000000000000e+04 1.999972702130160540e+00 1.994177630934161449e+00 6.401858943717603917e-03 5.795648155520480641e-03 2.813115947655850531e-04 -6.683747498004844259e-03
1.795500000000000000e+04 1.999972695884953078e+00 9.622592852885323289e-01 1.889734980449686401e-03 1.037713987695412454e+00 -7.983452115569852556e-04 -1.091966867884381319e-03
1.796000000000000000e+04 1.999972687316809550e+00 3.742800828607791442e-03 4.623349966773168044e-04 1.996230463779066433e+00 -4.699190742564658967e-04 7.006786714514740508e-06
1.796500000000000000e+04 1.999972678673239246e+00 9.319439070658028790e-01 4.397980244793937518e-04 1.068029349092098679e+00 6.701303921262613756e-04 -1.110505901267911776e-03
1.797000000000000000e+04 1.999972671607149755e+00 1.992244164573097276e+00 2.150020671741206812e-03 7.729084676862609145e-03 1.309506726707771861e-03 -3.460105041258990360e-03
1.797500000000000000e+04 1.999972667872944143e+00 1.189574933524050415e+00 4.413615082140430815e-03 8.103983120745222868e-01 7.995078199139457663e-05 -4.494143589760376742e-03
1.798000000000000000e+04 1.999972658432749295e+00 5.894578743802098009e-02 3.219532582231720078e-03 1.941027448927456822e+00 -2.885420889329683766e-03 -3.346896256305027469e-04
1.798500000000000000e+04 1.999972648819128507e+00 7.116928481275719420e-01 4.946175407490297285e-03 1.288280378833954298e+00 -2.140151657036281144e-03 -2.806601892851811730e-03
1.799000000000000000e+04 1.999972640122312351e+00 1.929038130291031550e+00 6.565445917171430432e-03 7.093508816370380776e-02 3.517781524373112196e-04 -6.917802402031706342e-03
1.799500000000000000e+04 1.999972635220740758e+00 1.433987265104855746e+00 2.508144758780886559e-03 5.659859485568610182e-01 -1.451348384514228437e-04 -2.363588361305624108e-03
1.800000000000000000e+04 1.999972627076790355e+00 1.269658211576937257e-01 2.694830524154020373e-04 1.873007384540709586e+00 -4.530488774091965707e-04 1.829872033809503069e-04
1.800500000000000000e+04 1.999972618994366513e+00 4.707395703525437680e-01 2.298522295429797921e-04 1.529233627443175481e+00 2.719451824753440789e-04 -5.023762133712036428e-04
1.801000000000000000e+04 1.999972610685145424e+00 1.818052995128463856e+00 1.732535755284089936e-03 1.819201945426811295e-01 9.796393224347427816e-04 -2.712754063718190393e-03
1.801500000000000000e+04 1.999972605915107726e+00 1.626783573452203369e+00 4.880915888138853687e-03 3.731896115550494830e-01 5.780950139418324302e-04 -5.459589994225804918e-03
1.802000000000000000e+04 1.999972597306293620e+00 2.850185312205437693e-01 3.904842749658602504e-03 1.714954645365085240e+00 -2.409719228689482552e-03 -1.495702800304133089e-03
1.802500000000000000e+04 1.999972588302133314e+00 3.073261014133734648e-01 4.032810781664892055e-03 1.692647066362182429e+00 -2.834370066174102774e-03 -1.199020188913358775e-03
1.803000000000000000e+04 1.999972580382437970e+00 1.648466586917816334e+00 6.274956770276320962e-03 3.515065731082910871e-01 6.349263496503792733e-05 -6.339029048911140260e-03
1.803500000000000000e+04 1.999972574331652986e+00 1.805442374527708171e+00 3.175230264703093885e-03 1.945307795796593076e-01 4.693852491525782951e-04 -3.645195289570027190e-03
1.804000000000000000e+04 1.999972566430012755e+00 4.558463640548147122e-01 2.687734813010662048e-04 1.544126782324334313e+00 -2.031229944158484640e-04 -6.623043602128565386e-05
1.804500000000000000e+04 1.999972558080711060e+00 1.339418940478650788e-01 9.879445920603634494e-05 1.866031244165891056e+00 -2.030484894615084753e-06 -9.734410735664255948e-05
1.805000000000000000e+04 1.999972549845562719e+00 1.452312455336974173e+00 1.246073075814728296e-03 5.476606748226484633e-01 4.925792765087475813e-04 -1.739232666383403597e-03
1.805500000000000000e+04 1.999972544385806517e+00 1.918655485187760412e+00 4.991914762731617522e-03 8.131763963210444923e-02 8.112790016484865054e-04 -5.803774198438637309e-03
1.806000000000000000e+04 1.999972537069637291e+00 6.826462793018545083e-01 4.843537938361528426e-03 1.317326838359675900e+00 -1.694156487744798156e-03 -3.149962042510261444e-03
1.806500000000000000e+04 1.999972527990973470e+00 6.970667761269896956e-02 3.458390872265685017e-03 1.930266431163573992e+00 -3.249840938221620120e-03 -2.091307193434031474e-04
1.807000000000000000e+04 1.999972520197429215e+00 1.218400486193100818e+00 5.592643796697227727e-03 7.815726149546547985e-01 -5.105846618794170674e-04 -5.082640085144222650e-03
1.807500000000000000e+04 1.999972512329060592e+00 1.989238539018966634e+00 3.727627580032512756e-03 1.073455442881060887e-02 9.068334477834094284e-04 -4.635042146532474330e-03
1.808000000000000000e+04 1.999972506165194952e+00 9.130710668706388811e-01 4.501407848334251609e-04 1.086902020546933079e+00 2.231882463021286542e-04 -6.739102835127508233e-04
1.808500000000000000e+04 1.999972498021635126e+00 7.237321550076234247e-04 7.955690402436748601e-05 1.999249347295676271e+00 -8.491234755200760282e-05 4.774014478815769546e-06
1.809000000000000000e+04 1.999972490009566561e+00 9.810360194201971362e-01 8.091742872848632856e-04 1.018937052192172787e+00 -3.766941150144699350e-05 -7.720864785867712944e-04
1.809500000000000000e+04 1.999972481778409694e+00 1.996622878921993083e+00 4.722114855542189522e-03 3.350184637927141208e-03 7.206996640474781302e-04 -5.443396301099918955e-03
1.810000000000000000e+04 1.999972476472191341e+00 1.158292413855672054e+00 5.823022320750807605e-03 8.416806445114368707e-01 -9.046813893063864517e-04 -4.918922826361851394e-03
1.810500000000000000e+04 1.999972467561112799e+00 5.473881604812681767e-02 3.351885940759103625e-03 1.945234233595404927e+00 -3.288148963748291527e-03 -6.431905942984406728e-05
1.811000000000000000e+04 1.999972459856358853e+00 7.399522863750034318e-01 4.670174978773945600e-03 1.260020755724525543e+00 -1.231020807217695018e-03 -3.439736414726620329e-03
1.811500000000000000e+04 1.999972451298167364e+00 1.942099147310023532e+00 4.030219217894367295e-03 5.787388641075745521e-02 1.071717109356311792e-03 -5.102518749864315938e-03
1.812000000000000000e+04 1.999972445372804941e+00 1.391149716825479610e+00 7.604601008263308119e-04 6.088233110966146944e-01 7.278799477026311757e-04 -1.488922597818387620e-03
1.812500000000000000e+04 1.999972437224837529e+00 1.024000954358245535e-01 1.770431626087282323e-04 1.897572924512196613e+00 4.489993277811725675e-05 -2.225258185706548641e-04
1.813000000000000000e+04 1.999972429187924838e+00 5.150372293440035332e-01 5.304577207208412094e-04 1.484935782738805443e+00 -4.858038688337546537e-04 -4.523674677169049068e-05
1.813500000000000000e+04 1.999972420915957061e+00 1.842422458344445069e+00 4.135214805887446957e-03 1.575505456427510331e-01 3.235516629240380308e-04 -4.459349540050637495e-03
1.814000000000000000e+04 1.999972416206162062e+00 1.600085693965242362e+00 6.619934294880602636e-03 3.998873054120358761e-01 -2.247429183427704510e-04 -6.395774547654416511e-03
1.814500000000000000e+04 1.999972408660736889e+00 2.659468128412276755e-01 3.734222823433450047e-03 1.734026179147581281e+00 -2.938170416903551109e-03 -7.966357346020475592e-04
1.815000000000000000e+04 1.999972400282730600e+00 3.256361219432473142e-01 3.713105686050581760e-03 1.674336861840185930e+00 -1.924896190054268923e-03 -1.788792996698776233e-03
1.815500000000000000e+04 1.999972390567564595e+00 1.675037654107392804e+00 4.007335809164958018e-03 3.249353201611649422e-01 9.334813295261092016e-04 -4.941400839684089927e-03
1.816000000000000000e+04 1.999972385180611267e+00 1.777685494038759861e+00 1.116931869983881637e-03 2.222874749555831808e-01 1.194802750212000178e-03 -2.312318433927768990e-03
1.816500000000000000e+04 1.999972378347860014e+00 4.150647863848930252e-01 3.669446329400715182e-04 1.584908175919593987e+00 3.585537808115218917e-04 -7.260823703789052444e-04
1.817000000000000000e+04 1.999972369949219564e+00 1.638802355733717242e-01 4.825406077269549124e-04 1.836092718508993471e+00 -7.453125479109209885e-04 2.621878070384341163e-04
1.817500000000000000e+04 1.999972361028792278e+00 1.492377577715412462e+00 3.369501303415520146e-03 5.075953676345587029e-01 -2.904170355120377087e-04 -3.079668589082424583e-03
1.818000000000000000e+04 1.999972354317693934e+00 1.904136299231206753e+00 7.051733472913373525e-03 9.583663954912211014e-02 1.870997979889906470e-04 -7.239417733537346043e-03
1.818500000000000000e+04 1.999972348040787162e+00 6.536441876711805987e-01 4.513757500872063629e-03 1.346328744961195145e+00 -2.278677457061819601e-03 -2.235664635398682074e-03
1.819000000000000000e+04 1.999972338211554623e+00 7.290370961090672508e-02 2.933388203321094650e-03 1.927069213392946123e+00 -2.426252809871376828e-03 -5.077201857474404568e-04
1.819500000000000000e+04 1.999972327824497409e+00 1.250779709364382875e+00 3.659559284939054719e-03 7.491932034642566629e-01 5.329205243080418477e-04 -4.193064813389161399e-03
1.820000000000000000e+04 1.999972320848379281e+00 1.981794749093644503e+00 1.427539998656612722e-03 1.817815690217593205e-02 1.517326550461231983e-03 -2.945451696558921192e-03
1.820500000000000000e+04 1.999972317115288778e+00 8.652142586706810246e-01 6.015577117057773881e-04 1.134758643667648004e+00 7.832895168266437117e-04 -1.385432451572751874e-03
1.821000000000000000e+04 1.999972308066481519e+00 1.012099457828781641e-02 6.844036986319682351e-04 1.989851898898529425e+00 -7.539870389062673303e-04 6.899792993867924723e-05
1.821500000000000000e+04 1.999972298563948536e+00 1.028850785198231144e+00 2.606424046022458394e-03 9.711220989734002940e-01 -9.797122888423790386e-04 -1.627297364863201055e-03
1.822000000000000000e+04 1.999972290185036528e+00 1.998965939893063704e+00 7.019326946627456321e-03 1.006936072776253065e-03 2.341185746138231679e-04 -7.254031302045102665e-03
1.822500000000000000e+04 1.999972285436154573e+00 1.126625012278272164e+00 5.507484573369652962e-03 8.733478590356611448e-01 -1.460245929529238942e-03 -4.047824521619049383e-03
1.823000000000000000e+04 1.999972275336277416e+00 4.121435457099495436e-02 2.500910110431976349e-03 1.958758506847255054e+00 -2.614584130350519967e-03 1.130879379457738342e-04
1.823500000000000000e+04 1.999972265873669830e+00 7.690293234082514751e-01 3.062466730176336728e-03 1.230943528737701076e+00 -2.834548564772431317e-05 -3.034707516811374715e-03
1.824000000000000000e+04 1.999972257632374850e+00 1.955467556159497189e+00 1.613499355377725304e-03 4.450528791126225070e-02 1.623793734990192084e-03 -3.237879528752142695e-03
1.824500000000000000e+04 1.999972254044734887e+00 1.347033779630621986e+00 8.213195673601155281e-04 6.529390609251110034e-01 1.219275728608290588e-03 -2.041181806966800658e-03
1.825000000000000000e+04 1.999972245027975548e+00 8.989746690923026973e-02 1.096405447716230358e-03 1.910075364813651255e+00 -5.088582389125738056e-04 -5.881339037091575439e-04
1.825500000000000000e+04 1.999972235643901586e+00 5.608754974588838760e-01 2.028625737907798279e-03 1.439097325071486688e+00 -1.584379490287631366e-03 -4.448331340894046745e-04
1.826000000000000000e+04 1.999972227154384496e+00 1.862310149895975986e+00 6.530680941309475324e-03 1.376626643173587405e-01 -9.582029183475751890e-05 -6.435447708424592815e-03
1.826500000000000000e+04 1.999972222113780340e+00 1.573623098506435447e+00 6.483235971521920590e-03 4.263497107685166321e-01 -6.705243078753016749e-04 -5.813298824818480606e-03
1.827000000000000000e+04 1.999972214242382584e+00 2.380379995719222597e-01 2.505004087386371921e-03 1.761934801988846111e+00 -2.442618612382806923e-03 -6.297279338910925881e-05
1.827500000000000000e+04 1.999972206595832303e+00 3.430358250246911545e-01 2.348088937868364912e-03 1.656936969041276297e+00 -6.124772745582967226e-04 -1.736199133445248243e-03
1.828000000000000000e+04 1.999972197920054651e+00 1.704853069202279636e+00 1.628036209131767048e-03 2.951197163603665463e-01 1.494447653079445434e-03 -3.123071504802997413e-03
1.828500000000000000e+04 1.999972191633147878e+00 1.747276032426138492e+00 9.695280923633074234e-04 2.526967469770213803e-01 1.563036036380276682e-03 -2.533151898755255527e-03
1.829000000000000000e+04 1.999972183866822739e+00 3.844368008557806915e-01 1.629040541112601126e-03 1.615535970937098664e+00 -6.720949895842290474e-05 -1.562418968211086272e-03
1.829500000000000000e+04 1.999972176132192470e+00 1.985169720646483005e-01 1.777365174578323954e-03 1.801455792148482171e+00 -1.963773284717172836e-03 1.858200292006176790e-04
1.830000000000000000e+04 1.999972167710977189e+00 1.526347214310534994e+00 5.699628489620437062e-03 4.736255416504044913e-01 -7.272127947395951812e-04 -4.973003944843167393e-03
1.830500000000000000e+04 1.999972160087312378e+00 1.889486226787013612e+00 7.213330433622191541e-03 1.104865217046656911e-01 -9.075077980363362292e-05 -7.123168058185663787e-03
1.831000000000000000e+04 1.999972153207490555e+00 6.170899601188940542e-01 2.934507598005133520e-03 1.382882781629701796e+00 -1.947162415978972300e-03 -9.879337231318676207e-04
1.831500000000000000e+04 1.999972143127202173e+00 7.296543916061452861e-02 1.673814215348816067e-03 1.927007292708175390e+00 -1.078017282087143048e-03 -5.963856748496245905e-04
1.832000000000000000e+04 1.999972133427257548e+00 1.288820395633554883e+00 1.466866759807158860e-03 7.111523267280019933e-01 1.165640231219857185e-03 -2.633095925326386488e-03
1.832500000000000000e+04 1.999972127542645639e+00 1.971879498086447580e+00 1.006820861628526190e-03 2.809321850774780180e-02 1.732123019297607258e-03 -2.739532932475711481e-03
1.833000000000000000e+04 1.999972122773958638e+00 8.244783954811988336e-01 2.163377263023654254e-03 1.175494316438581821e+00 4.664608915279631917e-04 -2.630427300373765209e-03
1.833500000000000000e+04 1.999972112522585777e+00 2.698922714998042496e-02 1.919412252757784218e-03 1.972983474723414288e+00 -2.029792198262443670e-03 1.097905946953264486e-04
1.834000000000000000e+04 1.999972102982582101e+00 1.070127241431881426e+00 4.719935059987735021e-03 9.298454510919643701e-01 -1.514451011512770763e-03 -3.206073589738752880e-03
1.834500000000000000e+04 1.999972095471921563e+00 1.999907336968783866e+00 7.527334995777754632e-03 6.534819399254952104e-05 1.464136180394698579e-04 -7.674338304672009142e-03
1.835000000000000000e+04 1.999972090324996676e+00 1.089214803738224990e+00 3.680831168792898355e-03 9.107578763797993249e-01 -1.240535914621920159e-03 -2.440885047198956825e-03
1.835500000000000000e+04 1.999972082599341006e+00 2.233877353416709177e-02 1.186080982985636845e-03 1.977633899010733387e+00 -1.312811565523093298e-03 1.261406369779124548e-04
1.836000000000000000e+04 1.999972074220691454e+00 8.051314900171675504e-01 1.168056685997337493e-03 1.194841174314539956e+00 7.204218602046301347e-04 -1.889068657218288512e-03
1.836500000000000000e+04 1.999972064992845411e+00 1.968070818388348187e+00 9.217486627325624168e-04 3.190183689934507349e-02 1.685128269004854129e-03 -2.607467226585306538e-03
1.837000000000000000e+04 1.999972059836433891e+00 1.306569548826316707e+00 2.578559070982178267e-03 6.934031014082340239e-01 9.645596626178225145e-04 -3.543709131716830506e-03
1.837500000000000000e+04 1.999972052291705049e+00 8.661644918027165685e-02 2.431141772270365656e-03 1.913356193658372062e+00 -1.767787026194326053e-03 -6.639452930145097777e-04
1.838000000000000000e+04 1.999972043706530034e+00 6.009803807582638768e-01 3.820645521666804489e-03 1.398992253665011454e+00 -2.275802804422480830e-03 -1.545433433989643404e-03
1.838500000000000000e+04 1.999972034391560571e+00 1.878899035972260156e+00 7.351592305585649342e-03 1.210735893211475622e-01 -1.221651463401335367e-05 -7.339966692798976892e-03
1.839000000000000000e+04 1.999972027953551557e+00 1.543356461290221748e+00 4.563391181191959849e-03 4.566161576943512657e-01 -4.844557589423638790e-04 -4.079526453271114204e-03
1.839500000000000000e+04 1.999972018946049923e+00 2.030806570171290459e-01 9.870754263452529570e-04 1.796891953139225562e+00 -1.259788730584601897e-03 2.721220939345066247e-04
1.840000000000000000e+04 1.999972009580721410e+00 3.674695995906946955e-01 8.017619908973485591e-04 1.632503001386824470e+00 2.680911003933926875e-04 -1.070444488088679322e-03
1.840500000000000000e+04 1.999972000993122112e+00 1.736761609315558896e+00 7.344878614453580028e-04 2.632109832450800768e-01 1.431989077700194200e-03 -2.167068506662663072e-03
1.841000000000000000e+04 1.999971997176740013e+00 1.717395438915418682e+00 2.780206572898449510e-03 2.825771499049790081e-01 1.306178605342508178e-03 -4.086976821898839762e-03
1.841500000000000000e+04 1.999971988756922725e+00 3.633551747058139103e-01 3.203449821937969649e-03 1.636617405861932939e+00 -1.240346044854495145e-03 -1.963695587907505775e-03
1.842000000000000000e+04 1.999971978971884168e+00 2.292722850872504214e-01 3.213186075060403893e-03 1.770700285889814873e+00 -2.835766020793042182e-03 -3.780120594482822330e-04
1.842500000000000000e+04 1.999971970646012842e+00 1.554906343839794980e+00 6.726166140115751035e-03 4.450662189763515131e-01 -5.280966069044814573e-04 -6.198661703344944193e-03
1.843000000000000000e+04 1.999971965203208191e+00 1.872678060936075584e+00 5.371663939775356104e-03 1.272944965457421529e-01 1.477307474966112904e-04 -5.519986965881299584e-03
1.843500000000000000e+04 1.999971957435399794e+00 5.727052154817690033e-01 1.111823865222424370e-03 1.427267334387671838e+00 -9.298758571433444033e-04 -1.825404421200631049e-04
1.844000000000000000e+04 1.999971949623630341e+00 7.871724142170306859e-02 4.527614365836790775e-04 1.921255300791842480e+00 -8.208850011626520450e-05 -3.712655263820773205e-04
1.844500000000000000e+04 1.999971941544627319e+00 1.332331424284968202e+00 4.924130041693875219e-04 6.676411100109364005e-01 1.031847022639449793e-03 -1.524852778085979479e-03
1.845000000000000000e+04 1.999971934044234123e+00 1.960418271949588398e+00 2.723207983029460842e-03 3.955425499747667467e-02 1.405725988741039160e-03 -4.129526874601750948e-03
1.845500000000000000e+04 1.999971926482900120e+00 7.921079185506483267e-01 4.066370681221753193e-03 1.207864600986645165e+00 -5.731150739184309641e-04 -3.493848661696594138e-03
1.846000000000000000e+04 1.999971918572196694e+00 4.244234391282780683e-02 3.042562529000269328e-03 1.957530167870679572e+00 -3.065857579372814438e-03 2.270183906179807379e-05
1.846500000000000000e+04 1.999971910824138499e+00 1.104121725556225675e+00 5.795239927221229256e-03 8.958507786327990496e-01 -1.280228893179578484e-03 -4.515604398928070584e-03
1.847000000000000000e+04 1.999971901012424835e+00 1.999686791737834479e+00 5.914120949262721520e-03 2.857028370881312704e-04 5.116758799577101691e-04 -6.426390391718065677e-03
1.847500000000000000e+04 1.999971897037496449e+00 1.044301480332130216e+00 1.520777123567205796e-03 9.556710103473864404e-01 -3.991766918166083961e-04 -1.122194073770658822e-03
1.848000000000000000e+04 1.999971889000431879e+00 6.764152855971501850e-03 2.001534718018043639e-04 1.993208329948441770e+00 -2.466587470151219291e-04 4.591147123202245971e-05
1.848500000000000000e+04 1.999971880565437621e+00 8.498485468082026539e-01 2.584814285094056059e-04 1.150123927731817375e+00 5.788814137678567314e-04 -8.379568168594201099e-04
1.849000000000000000e+04 1.999971871513569477e+00 1.978563257937385078e+00 2.423409128124246956e-03 2.140920773504327232e-02 1.233632607170842815e-03 -3.657635894153628536e-03
1.849500000000000000e+04 1.999971866680536614e+00 1.272045391709007767e+00 4.827881055179866765e-03 7.279270692284269817e-01 7.416365905562237405e-05 -4.902638971133780992e-03
1.850000000000000000e+04 1.999971858844221906e+00 8.443312468532009063e-02 3.353835626127439282e-03 1.915539328572506861e+00 -2.914429410490818918e-03 -4.400006292417221656e-04
1.850500000000000000e+04 1.999971849866477136e+00 6.325710232026785507e-01 4.773373737474939649e-03 1.367401421257336214e+00 -2.093625791239177476e-03 -2.680342539773137266e-03
1.851000000000000000e+04 1.999971840300818204e+00 1.894458202413956460e+00 6.062533331314033658e-03 1.055142326736945718e-01 5.258584868516104913e-04 -6.588986604998490343e-03
1.851500000000000000e+04 1.999971835637829765e+00 1.506969326186911706e+00 2.109602997897015806e-03 4.930031043329693996e-01 2.090181950123724038e-04 -2.319216074960751828e-03
1.852000000000000000e+04 1.999971827561629611e+00 1.685374638310435103e-01 9.891521367430043221e-05 1.831434958777755417e+00 -1.872884282129706160e-04 8.777816736943268370e-05
1.852500000000000000e+04 1.999971818595458695e+00 4.027282833017962194e-01 9.541633982352037979e-05 1.597244130525039330e+00 1.796437252617731379e-04 -2.756552964619263268e-04
1.853000000000000000e+04 1.999971809742380646e+00 1.767624052055614570e+00 1.955047535521155753e-03 2.323483531002739078e-01 8.240043218461734443e-04 -2.779647270874985743e-03
1.853500000000000000e+04 1.999971805079118203e+00 1.690327053034129889e+00 5.318192094244043357e-03 3.096453475545457024e-01 5.448594805295100315e-04 -5.863647084330994054e-03
1.854000000000000000e+04 1.999971796201342578e+00 3.453547336534936729e-01 4.081455698616858266e-03 1.654617658238321853e+00 -2.418751537558462388e-03 -1.663299851531425911e-03
1.854500000000000000e+04 1.999971786269818308e+00 2.511778127438382135e-01 3.895715842170668821e-03 1.748794569419040101e+00 -2.780069350419821662e-03 -1.116242384811202363e-03
1.855000000000000000e+04 1.999971777209222701e+00 1.581678619724303791e+00 5.781166288840380342e-03 4.182937535630010251e-01 1.904759667673546018e-04 -5.972238333689535578e-03
1.855500000000000000e+04 1.999971772123810165e+00 1.851895825602094758e+00 2.733986765448325265e-03 1.480765427045373228e-01 7.533591403696305189e-04 -3.487942088639712276e-03
1.856000000000000000e+04 1.999971764131062590e+00 5.260149856282365644e-01 1.674148648399269475e-04 1.473957374851778246e+00 8.063330005405033038e-05 -2.486445138464411591e-04
1.856500000000000000e+04 1.999971756021700076e+00 9.607511565629058004e-02 4.980785483755883168e-05 1.903897236883050459e+00 -7.248175640319607272e-05 2.207738392464435689e-05
1.857000000000000000e+04 1.999971748038721575e+00 1.377242583767563922e+00 1.434111380672067719e-03 6.227297609547730595e-01 2.671337389250857974e-04 -1.701841803212575605e-03
1.857500000000000000e+04 1.999971741725585339e+00 1.948636385938632865e+00 5.429432530267341850e-03 5.133595260255628678e-02 7.223576523038733200e-04 -6.152386998174943014e-03
1.858000000000000000e+04 1.999971733912150773e+00 7.638179559610411840e-01 5.063852709264132432e-03 1.236154374928841282e+00 -1.696619437282735968e-03 -3.367830249713152108e-03
1.858500000000000000e+04 1.999971725730714134e+00 4.966785379465207817e-02 3.363819396065163402e-03 1.950304469082331016e+00 -3.181564705512858211e-03 -1.828518368211429397e-04
1.859000000000000000e+04 1.999971718042576230e+00 1.134850889051677969e+00 5.134098333209597201e-03 8.651214262955118084e-01 -4.130648718037122709e-04 -4.721630766019170936e-03
1.859500000000000000e+04 1.999971709042230206e+00 1.997938564769085268e+00 3.243631785500726821e-03 2.033741766057470431e-03 1.107930861997382353e-03 -4.352160140410732403e-03
1.860000000000000000e+04 1.999971703283365043e+00 9.951620851479442420e-01 3.836274466113155754e-04 1.004810215750007396e+00 4.919888453726809895e-04 -8.762139065702748315e-04
1.860500000000000000e+04 1.999971695091335100e+00 1.973725481687866636e-03 1.401591579321060028e-04 1.997998567397152536e+00 -1.195119971488869135e-04 -2.124494828853510747e-05
1.861000000000000000e+04 1.999971687064874049e+00 8.992353103512821244e-01 9.913286728096223389e-04 1.100736974670647461e+00 -3.114826931427589255e-04 -6.804439367227869875e-04
1.861500000000000000e+04 1.999971678716039758e+00 1.986291331860615905e+00 5.141400758048332402e-03 1.368094498929955938e-02 5.579450367681398687e-04 -5.699943928692018102e-03
1.862000000000000000e+04 1.999971673418713625e+00 1.241384858304744876e+00 6.080090291020191252e-03 7.585874133597435565e-01 -9.192870004658403342e-04 -5.161401536329223577e-03
1.862500000000000000e+04 1.999971665560913658e+00 7.545417746517073254e-02 3.299448698246854831e-03 1.924518086505849768e+00 -3.206530828498373176e-03 -9.351627985516936989e-05
1.863000000000000000e+04 1.999971657760372112e+00 6.590214454487104412e-01 4.269272955810504699e-03 1.340950810885046751e+00 -1.141717472537489165e-03 -3.128154056658012661e-03
1.863500000000000000e+04 1.999971649048158273e+00 1.910703273329682039e+00 3.517328400558075111e-03 8.926897447561008003e-02 1.192092788208139881e-03 -4.710019945900366031e-03
1.864000000000000000e+04 1.999971643282894451e+00 1.465688971308326538e+00 6.909254118655422166e-04 5.342832708558413746e-01 9.476029176211835450e-04 -1.639127210760149122e-03
1.864500000000000000e+04 1.999971635333023245e+00 1.425407223658696210e-01 3.517642544900292175e-04 1.857431512018528963e+00 4.740560926546702074e-05 -3.997689151310549176e-04
1.865000000000000000e+04 1.999971627396973206e+00 4.460076219213842119e-01 7.412066118549462705e-04 1.553964604696997043e+00 -7.805944734486704737e-04 3.878864018567426989e-05
1.865500000000000000e+04 1.999971619080052720e+00 1.794501254217303998e+00 4.527048238637815768e-03 2.054709642623728238e-01 8.287484018858600138e-05 -4.610522478450431762e-03
1.866000000000000000e+04 1.999971612987304859e+00 1.665731295671664558e+00 6.900449345353678286e-03 3.342409168468463698e-01 -2.717372995472601828e-04 -6.629311577012415857e-03
1.866500000000000000e+04 1.999971605195685953e+00 3.224760992237777346e-01 3.716733214570973678e-03 1.677496105668924598e+00 -2.850628349377094979e-03 -8.667045622106785531e-04
1.867000000000000000e+04 1.999971597309443849e+00 2.660834313607242096e-01 3.383426529656486780e-03 1.733888765813589528e+00 -1.824488334966213599e-03 -1.559538059560205362e-03
1.867500000000000000e+04 1.999971589003276096e+00 1.610634862592157823e+00 3.490668192011796810e-03 3.893373264531996836e-01 9.894111441656069060e-04 -4.480679378258773694e-03
1.868000000000000000e+04 1.999971582232846767e+00 1.826978726589110869e+00 1.012126356174879432e-03 1.729934558334373096e-01 1.338034998896682265e-03 -2.350761544773272323e-03
1.868500000000000000e+04 1.999971574248970319e+00 4.847261965968135966e-01 6.395906662035899005e-04 1.515245978015528516e+00 3.858782423161144200e-04 -1.026069271891555390e-03
1.869000000000000000e+04 1.999971566222513042e+00 1.241271211557863907e-01 7.545970210872829332e-04 1.875845045604291883e+00 -1.034035488197807690e-03 2.788379295452634481e-04
1.869500000000000000e+04 1.999971558277545247e+00 1.418424488246639470e+00 3.736059535887157907e-03 5.815476707406624923e-01 -5.984835773560565411e-04 -3.138176668288152581e-03
1.870000000000000000e+04 1.999971552046295065e+00 1.937067607421205429e+00 7.339494345260358724e-03 6.290454547040846833e-02 9.065435085627734338e-05 -7.430749541435620678e-03
1.870500000000000000e+04 1.999971545843693299e+00 7.326227631929680406e-01 4.518858203800623675e-03 1.267349383629793769e+00 -2.197615859634798226e-03 -2.321843323234496544e-03
1.871000000000000000e+04 1.999971537320903048e+00 4.845890623231166594e-02 2.676328769595549568e-03 1.951513232251974594e+00 -2.302146344271825597e-03 -3.747835887072394306e-04
1.871500000000000000e+04 1.999971528430746881e+00 1.168221455596234470e+00 3.169910722660949486e-03 8.317506741907724210e-01 5.511268901457775987e-04 -3.721638969066807037e-03
1.872000000000000000e+04 1.999971519296020128e+00 1.994088336852091858e+00 1.268411864292390149e-03 5.883784001913888728e-03 1.569916723166285295e-03 -2.838930145444207385e-03
1.872500000000000000e+04 1.999971515175033465e+00 9.480886320033458103e-01 9.385303674726586673e-04 1.051883484819705394e+00 8.122364740291503852e-04 -1.751368489519522465e-03
1.873000000000000000e+04 1.999971507225854372e+00 9.267760848629966533e-03 1.041353068978869128e-03 1.990704348199475060e+00 -1.015664635828324560e-03 -2.629025540131900445e-05
1.873500000000000000e+04 1.999971499040065659e+00 9.465452919176458035e-01 2.960205015650067221e-03 1.053426809123976460e+00 -1.332871062116742101e-03 -1.627935955089944691e-03
1.874000000000000000e+04 1.999971489886780862e+00 1.991603083727928380e+00 7.299307895490013409e-03 8.369008362007043095e-03 7.889841492366925094e-05 -7.378808513568266628e-03
1.874500000000000000e+04 1.999971485320955367e+00 1.209406347375900914e+00 5.520087478720887494e-03 7.905657402480960050e-01 -1.400003205274913745e-03 -4.120686576487651159e-03
1.875000000000000000e+04 1.999971477063257952e+00 5.735110754500528929e-02 2.304903803094603045e-03 1.942620972002060409e+00 -2.463744818033270379e-03 1.582385311312638058e-04
1.875500000000000000e+04 1.999971468504660566e+00 6.874351716821297531e-01 2.629071964850121859e-03 1.312536899494281650e+00 -1.649037284350941617e-05 -2.613184263757487372e-03
1.876000000000000000e+04 1.999971459420087916e+00 1.927712759239669893e+00 1.398387526068549250e-03 7.225930305359133665e-02 1.588459427815172359e-03 -2.987449827057184985e-03
1.876500000000000000e+04 1.999971454103490531e+00 1.423711855380376923e+00 1.178776233074758147e-03 5.762602017153670708e-01 1.221367584648307527e-03 -2.400746809976439695e-03
1.877000000000000000e+04 1.999971446293214550e+00 1.284188338391075157e-01 1.547132160645704095e-03 1.871553215618992461e+00 -7.326654215924271671e-04 -8.150699039386053628e-04
1.877500000000000000e+04 1.999971438351660913e+00 4.898655668627887594e-01 2.388641423804045618e-03 1.510106474829028933e+00 -1.953915407147840261e-03 -4.353293568131130515e-04
1.878000000000000000e+04 1.999971429962529301e+00 1.816540628612077324e+00 6.792588093282518440e-03 1.834314048756026660e-01 -3.082706621019217657e-04 -6.484920956331285784e-03
1.878500000000000000e+04 1.999971424476916226e+00 1.640663643187362464e+00 6.488297477487212604e-03 3.593083849360751980e-01 -6.437406783913067389e-04 -5.845160445617576979e-03
1.879000000000000000e+04 1.999971416402426705e+00 2.906882674499148278e-01 2.347537054858516836e-03 1.709283752777679188e+00 -2.271752352603619192e-03 -7.638852742218321266e-05
1.879500000000000000e+04 1.999971407510364729e+00 2.812957078702210123e-01 1.991419725043871644e-03 1.718676303662902471e+00 -5.775848344662488313e-04 -1.414438913336227678e-03
1.880000000000000000e+04 1.999971398185171001e+00 1.643424018357464655e+00 1.372468485821746716e-03 3.565479840590008442e-01 1.390564137445292076e-03 -2.763636854561906785e-03
1.880500000000000000e+04 1.999971393704832234e+00 1.799811149399654919e+00 1.302866295306384344e-03 2.001608486370606843e-01 1.511906574123880308e-03 -2.815377201313731727e-03
1.881000000000000000e+04 1.999971387037925430e+00 4.535458960860775934e-01 2.165073996438613910e-03 1.546426095431966852e+00 -2.542118821051200773e-04 -1.911466594452439867e-03
1.881500000000000000e+04 1.999971378596099525e+00 1.558004482317060513e-01 2.163767649373904943e-03 1.844171535031734033e+00 -2.320892255371701830e-03 1.565199386570654964e-04
1.882000000000000000e+04 1.999971369709183877e+00 1.453081197713919304e+00 5.939930117231587668e-03 5.468907768592253804e-01 -9.837865043417727204e-04 -4.956748476850523014e-03
1.882500000000000000e+04 1.999971362234648664e+00 1.924940836896529506e+00 7.198463317093906251e-03 7.503113036902236965e-02 -1.048985354996422124e-04 -7.094169812497567486e-03
1.883000000000000000e+04 1.999971356464990802e+00 6.936013517179747678e-01 2.786480083012855737e-03 1.306370609905426861e+00 -1.770264119529355289e-03 -1.016821121894376104e-03
1.883500000000000000e+04 1.999971347800403976e+00 4.529671129905995380e-02 1.400113593348467720e-03 1.954675241853388146e+00 -9.986947644864730984e-04 -4.020241809060100193e-04
1.884000000000000000e+04 1.999971338768847362e+00 1.208016451119825030e+00 1.199071788555369994e-03 7.919554932038503914e-01 1.025306300522497646e-03 -2.224983643906100136e-03
1.884500000000000000e+04 1.999971330626463262e+00 1.988006217693639943e+00 1.280319943058853046e-03 1.196571867198689861e-02 1.610851322842458662e-03 -2.891777005064530715e-03
1.885000000000000000e+04 1.999971326297517171e+00 9.081943651876617229e-01 2.759763080143527378e-03 1.091777566945050015e+00 3.042354681186305323e-04 -3.064604383457123979e-03
1.885500000000000000e+04 1.999971318286768440e+00 2.291523208711392784e-02 2.347963018506515551e-03 1.977056692212655342e+00 -2.351377388556217564e-03 2.808357049010857293e-06
1.886000000000000000e+04 1.999971309925523411e+00 9.867335733744930781e-01 4.941820204867439399e-03 1.013238342748691956e+00 -1.792600654155255451e-03 -3.149825748373771567e-03
1.886500000000000000e+04 1.999971300623630155e+00 1.995354364072747133e+00 7.484774425004031562e-03 4.617542955399000885e-03 9.161410589197625245e-05 -7.576994935411929429e-03
1.887000000000000000e+04 1.999971295124388870e+00 1.171325586422989229e+00 3.512277311046282328e-03 8.286463152283026767e-01 -1.074498029766988907e-03 -2.438385808182490060e-03
1.887500000000000000e+04 1.999971286504792722e+00 3.494353873792483550e-02 9.849338688771615280e-04 1.965028354486997753e+00 -1.179737977028785930e-03 1.941973880219481879e-04
1.888000000000000000e+04 1.999971277537447412e+00 7.238147816945449398e-01 9.213768693481864383e-04 1.276157102764829965e+00 5.818024922972223805e-04 -1.503786283572628064e-03
1.888500000000000000e+04 1.999971269569370769e+00 1.944087588856475257e+00 1.116061743729724730e-03 5.588428781425439779e-02 1.491559312680861178e-03 -2.608228157769580148e-03
1.889000000000000000e+04 1.999971266293825378e+00 1.385478071669084876e+00 3.198223791950588913e-03 6.144938017992497281e-01 8.075864287825734690e-04 -4.006417395242030909e-03
1.889500000000000000e+04 1.999971258086773895e+00 1.224482005781533656e-01 2.908807037095193036e-03 1.877523664865300423e+00 -2.040358245238111864e-03 -8.690561485368386400e-04
1.890000000000000000e+04 1.999971248991342820e+00 5.272053149137679862e-01 4.032006090359844044e-03 1.472766541634609405e+00 -2.548047776072732886e-03 -1.484565871321668652e-03
1.890500000000000000e+04 1.999971239346251428e+00 1.835319560812647133e+00 7.279116883481084703e-03 1.646522863035438933e-01 -9.854262914757926876e-05 -7.181182024272866199e-03
1.891000000000000000e+04 1.999971234571587653e+00 1.611488562089031129e+00 4.349283162967418868e-03 3.884832803584123417e-01 -3.439043171280986490e-04 -4.005986721695163275e-03
1.891500000000000000e+04 1.999971226903056509e+00 2.526897821400028721e-01 8.326390596300857353e-04 1.747282052809889130e+00 -1.076954028783603948e-03 2.437069223178321893e-04
1.892000000000000000e+04 1.999971218169465326e+00 3.046276883379370193e-01 6.058787502729693101e-04 1.695344138074309726e+00 1.676288745895863149e-04 -7.741158676440099400e-04
1.892500000000000000e+04 1.999971209269747252e+00 1.678401190487280870e+00 8.501488917800663564e-04 3.215706272255797749e-01 1.180526602758979332e-03 -2.031283937652605346e-03
1.893000000000000000e+04 1.999971205093870497e+00 1.773215974990761001e+00 3.381063110634076677e-03 2.267558386398582648e-01 1.132802523638955575e-03 -4.514474171021735059e-03
1.893500000000000000e+04 1.999971198125478411e+00 4.309693680749898670e-01 3.726024903686496383e-03 1.569002438741061267e+00 -1.461593319240201512e-03 -2.265040275019098923e-03
1.894000000000000000e+04 1.999971189246252168e+00 1.825992725355227719e-01 3.423324800611894647e-03 1.817372525595779553e+00 -3.075451609989357082e-03 -3.484820756726610103e-04
1.894500000000000000e+04 1.999971179523205356e+00 1.482452713621520646e+00 6.626754758627631525e-03 5.175190749991904759e-01 -6.287420081656497481e-04 -5.998621847967869521e-03
1.895000000000000000e+04 1.999971171693763594e+00 1.910538797769596897e+00 5.096514921256566598e-03 8.943298319536743812e-02 2.550343465775277560e-04 -5.352158539035125652e-03
1.895500000000000000e+04 1.999971165246027249e+00 6.473507196603699443e-01 9.675386867780256086e-04 1.352621054999272099e+00 -7.126959516944562662e-04 -2.554521486983662082e-04
1.896000000000000000e+04 1.999971156585700793e+00 4.899454709516646439e-02 3.258664675100715765e-04 1.950977219097274729e+00 -1.168541662032501131e-04 -2.096219080472864018e-04
1.896500000000000000e+04 1.999971147756500756e+00 1.253414658220693534e+00 5.485294988578124460e-04 7.465570993396408728e-01 7.511271160675178811e-04 -1.300266418759053700e-03
1.897000000000000000e+04 1.999971141561997179e+00 1.980302866976705101e+00 3.266594096461940266e-03 1.966888452703050710e-02 1.198289478293355177e-03 -4.465493516493703775e-03
1.897500000000000000e+04 1.999971137403256272e+00 8.759028795259733435e-01 4.618553728315383765e-03 1.124068867909763014e+00 -7.509723128286435560e-04 -3.868191447967092664e-03
1.898000000000000000e+04 1.999971127935975312e+00 3.398264151483469664e-02 3.258651667329613439e-03 1.965989096659402913e+00 -3.252669614158339335e-03 -6.592291433683835237e-06
1.898500000000000000e+04 1.999971118016488969e+00 1.019730003483397374e+00 5.675512382058830498e-03 9.802417249859590731e-01 -1.372533269321239355e-03 -4.303589565604983014e-03
1.899000000000000000e+04 1.999971109579086415e+00 1.998098219533820608e+00 5.574390729986639093e-03 1.873500681570718432e-03 5.876917189594080618e-04 -6.162693085251009714e-03
1.899500000000000000e+04 1.999971105421568307e+00 1.126134034258947869e+00 1.346613471739356539e-03 8.738376818894586506e-01 -1.698953998934411543e-04 -1.177328798684031510e-03
1.900000000000000000e+04 1.999971096968532480e+00 1.701488326615781255e-02 1.438829080540503984e-04 1.982956824615653479e+00 -2.021771278390649081e-04 5.768330650607528444e-05
1.900500000000000000e+04 1.999971088192525892e+00 7.690368548084192124e-01 2.870269856659141356e-04 1.230934844491659019e+00 3.058586114475716090e-04 -5.934967046659820299e-04
1.901000000000000000e+04 1.999971080454029826e+00 1.958116550757464713e+00 2.882012091658846080e-03 4.185514097474053730e-02 9.838922163145392974e-04 -3.866515586148555096e-03
1.901500000000000000e+04 1.999971076849587748e+00 1.352609602740685535e+00 5.385738590344146121e-03 6.473620854657353707e-01 -7.553050787854240732e-05 -5.310819439299103648e-03
1.902000000000000000e+04 1.999971067740743402e+00 1.163133256767408114e-01 3.578170402485472343e-03 1.883658353617003955e+00 -3.038269082150006108e-03 -5.405128733369865416e-04
1.902500000000000000e+04 1.999971057830502108e+00 5.559787124232858924e-01 4.641171001151670264e-03 1.443992957171771119e+00 -2.153562665463517548e-03 -2.488220100243493816e-03
1.903000000000000000e+04 1.999971048252746408e+00 1.853514537434365339e+00 5.666350419343280272e-03 1.464571227880119009e-01 5.826682144279048473e-04 -6.249630603402016663e-03
1.903500000000000000e+04 1.999971043803846715e+00 1.576456611472372371e+00 1.870307141844507583e-03 4.235150443972108825e-01 4.275680324080047973e-04 -2.298487239988829256e-03
1.904000000000000000e+04 1.999971036071200192e+00 2.162126138852906443e-01 9.717996920242586139e-05 1.783759034419544420e+00 -6.603253762995652562e-05 -3.175966520754763378e-05
1.904500000000000000e+04 1.999971027417728253e+00 3.391364549733669742e-01 1.326533433752325635e-04 1.660835184866920944e+00 -4.841887072899808220e-05 -8.484689520600969734e-05
1.905000000000000000e+04 1.999971018769171938e+00 1.711935670704302304e+00 2.318462963631476130e-03 2.880359606757166846e-01 5.363713772625338261e-04 -2.855446951741122744e-03
1.905500000000000000e+04 1.999971015198222180e+00 1.749004651670384547e+00 5.853528240759781238e-03 2.509669762159890682e-01 4.050408689428350154e-04 -6.259181797853731813e-03
1.906000000000000000e+04 1.999971007341139195e+00 4.102157335049999576e-01 4.310236600055932302e-03 1.589755886691466058e+00 -2.481066307959062418e-03 -1.829783147423640110e-03
1.906500000000000000e+04 1.999970997375721371e+00 2.002830160154944750e-01 3.757412239610592990e-03 1.799688594425455479e+00 -2.786999907711660250e-03 -9.710253971274507507e-04
1.907000000000000000e+04 1.999970987527501798e+00 1.510724769134191181e+00 5.345515624671424298e-03 4.892468316659090988e-01 2.481389717133085197e-04 -5.594267868983280288e-03
1.907500000000000000e+04 1.999970981983388185e+00 1.892413875709400672e+00 2.406498888661043594e-03 1.075577196642912986e-01 9.441041214816087070e-04 -3.351216400446884163e-03
1.908000000000000000e+04 1.999970975878394119e+00 5.997637479019319873e-01 1.893781860259659278e-04 1.400207841496571071e+00 2.614959164697391717e-04 -4.514876226046812802e-04
1.908500000000000000e+04 1.999970967043255277e+00 6.477495302029558089e-02 1.270342867441457248e-04 1.935196627732998387e+00 -2.261259237839986314e-04 9.847792700081873022e-05
1.909000000000000000e+04 1.999970957986626940e+00 1.299690366616007120e+00 1.710671079013890896e-03 7.002812052752308558e-01 -4.128381634348017099e-05 -1.670001167281342375e-03
1.909500000000000000e+04 1.999970951848129008e+00 1.971915191992534844e+00 5.915219117527718666e-03 2.805637389128104453e-02 5.756794186681512019e-04 -6.491512571882706618e-03
1.910000000000000000e+04 1.999970945554931490e+00 8.465436442140166218e-01 5.287766673881907041e-03 1.153427915509037227e+00 -1.709007355494123522e-03 -3.579373486510347042e-03
1.910500000000000000e+04 1.999970935876234091e+00 3.632138467052963698e-02 3.222073201325999919e-03 1.963650165574939876e+00 -3.122624893023720569e-03 -1.000626775375553081e-04
1.911000000000000000e+04 1.999970927345426697e+00 1.050286334029443047e+00 4.680220175186539447e-03 9.496852078614175241e-01 -3.306650475354228156e-04 -4.350169673085118108e-03
1.911500000000000000e+04 1.999970919315749107e+00 1.999677503923304123e+00 2.821960081572345326e-03 2.940301048841198104e-04 1.264376484395201465e-03 -4.086951278406724015e-03
1.912000000000000000e+04 1.999970913864215660e+00 1.077505355288810529e+00 3.901981671388574081e-04 9.224661734028323234e-01 7.049496796299457076e-04 -1.095762674196056963e-03
1.912500000000000000e+04 1.999970905349412575e+00 1.044628979781652908e-02 2.760381850226659595e-04 1.989525230558596203e+00 -1.833753410872824945e-04 -9.327785093562916479e-05
1.913000000000000000e+04 1.999970897111280621e+00 8.183407581783254114e-01 1.205713695024973088e-03 1.181630754113547788e+00 -6.142567757308280791e-04 -5.920720998866884580e-04
1.913500000000000000e+04 1.999970888834228466e+00 1.968981182986784484e+00 5.557196583207422817e-03 3.099032120212458566e-02 3.932828373421184466e-04 -5.951094775230220818e-03
1.914000000000000000e+04 1.999970883575338698e+00 1.322654325715403978e+00 6.286459720337931115e-03 6.773171733241947212e-01 -8.999128322607506583e-04 -5.387162352336847225e-03
1.914500000000000000e+04 1.999970875014810856e+00 1.026744900789843679e-01 3.152033962182116799e-03 1.897297000575507875e+00 -3.079596055660433276e-03 -7.305354620314030028e-05
1.915000000000000000e+04 1.999970867444672562e+00 5.804446735707374794e-01 3.817406461255072950e-03 1.419526809667359446e+00 -1.012052849713801321e-03 -2.805969404965866568e-03
1.915500000000000000e+04 1.999970858924618566e+00 1.872971033107978300e+00 3.013694104704603416e-03 1.270004417834948440e-01 1.320313012158172081e-03 -4.334623083717355219e-03
1.916000000000000000e+04 1.999970852422567003e+00 1.537133907870480876e+00 6.433848822346643296e-04 4.628375606543587151e-01 1.161267800636347700e-03 -1.805268785143600589e-03
1.916500000000000000e+04 1.999970844268035952e+00 1.889133900352354400e-01 5.480046730629845172e-04 1.811058070504002915e+00 7.149626785866066141e-05 -6.201172121237613719e-04
1.917000000000000000e+04 1.999970836280454023e+00 3.810820672918908691e-01 9.284168791298029683e-04 1.618889385425149374e+00 -1.048058286488694679e-03 1.190249707726291032e-04
1.917500000000000000e+04 1.999970828248976984e+00 1.740955345124389320e+00 4.863290336051650196e-03 2.590160997270364307e-01 -1.026181625335025657e-04 -4.761288775966743790e-03
1.918000000000000000e+04 1.999970822865126951e+00 1.726559572878861415e+00 7.076319780160478939e-03 2.734118667001601555e-01 -2.406204967331414734e-04 -6.836315997321915951e-03
1.918500000000000000e+04 1.999970815340852637e+00 3.837418399233573085e-01 3.556860890979657904e-03 1.616229592284028405e+00 -2.665040033939377381e-03 -8.924377235734100040e-04
1.919000000000000000e+04 1.999970807143935270e+00 2.116827161910602717e-01 2.948129647007054124e-03 1.788288707984244441e+00 -1.631435498719045751e-03 -1.317311179657238351e-03
1.919500000000000000e+04 1.999970797364331032e+00 1.542018869539539150e+00 2.932611265175428823e-03 4.579525450528724728e-01 1.106634442797745956e-03 -4.039862936054165569e-03
1.920000000000000000e+04 1.999970791233617984e+00 1.870604709597902149e+00 8.810135356227440095e-04 1.293666989889052932e-01 1.524302261079488272e-03 -2.405933149891602459e-03
1.920500000000000000e+04 1.999970784948489344e+00 5.582110359597912685e-01 8.808814989587291765e-04 1.441760366469653887e+00 4.795666905819023274e-04 -1.361065670496598625e-03
1.921000000000000000e+04 1.999970776572962183e+00 9.073121156459598713e-02 9.517532705691515629e-04 1.909240182659978080e+00 -1.240579010883677974e-03 2.882080887027693348e-04
1.921500000000000000e+04 1.999970767353177026e+00 1.341516651562034701e+00 3.996287065241186862e-03 6.584547336313240073e-01 -7.986994251511865452e-04 -3.198205480271414623e-03
1.922000000000000000e+04 1.999970758604899368e+00 1.963267896794144374e+00 7.474831166088613706e-03 3.670347983026295280e-02 1.162263692198860644e-04 -7.591675554816855638e-03
1.922500000000000000e+04 1.999970752312759892e+00 8.134084314605684041e-01 4.337032083037705397e-03 1.186562938998226624e+00 -1.972338485749220056e-03 -2.365311743323723903e-03
1.923000000000000000e+04 1.999970742425893233e+00 3.073384232217571746e-02 2.263404210645914016e-03 1.969237518447543689e+00 -2.039839944998004650e-03 -2.241826094742543657e-04
1.923500000000000000e+04 1.999970733762116648e+00 1.084570415547595257e+00 2.594035235634985226e-03 9.154009367307677225e-01 6.812678016512370861e-04 -3.275921553532426273e-03
1.924000000000000000e+04 1.999970726404378008e+00 1.999525165973075502e+00 1.040661027199182159e-03 4.461790947597563551e-04 1.710279892771103451e-03 -2.751559583427858752e-03
1.924500000000000000e+04 1.999970721105646776e+00 1.031519916528469860e+00 1.196627005128935708e-03 9.684514233475322031e-01 9.447474765226990256e-04 -2.141993252006628261e-03
1.925000000000000000e+04 1.999970711744647245e+00 1.555146308850451076e-02 1.279330425283184284e-03 1.984419867615288879e+00 -1.146379280304814403e-03 -1.335701041244351857e-04
1.925500000000000000e+04 1.999970703346295453e+00 8.646434513142823297e-01 3.160666179193433439e-03 1.135327871159984348e+00 -1.534283641663225593e-03 -1.627001665501318865e-03
1.926000000000000000e+04 1.999970694970701013e+00 1.977122132993081483e+00 7.389512817540968073e-03 2.284918127397290999e-02 8.773796645834917168e-05 -7.477870080352714242e-03
1.926500000000000000e+04 1.999970691209417062e+00 1.290598508098932840e+00 5.307109150141531978e-03 7.093728024815122435e-01 -1.159524891887435318e-03 -4.148203629281684533e-03
1.927000000000000000e+04 1.999970682953201351e+00 8.017252548103280529e-02 1.910556833987628409e-03 1.919798777007028168e+00 -2.138450884889743150e-03 2.272745160425658766e-04
1.927500000000000000e+04 1.999970673363782092e+00 6.081342094465261860e-01 2.072934614484384184e-03 1.391837083642083472e+00 1.508220173140639741e-04 -2.224376356626080794e-03
1.928000000000000000e+04 1.999970663770401780e+00 1.893576633114683938e+00 1.081021611451700622e-03 1.063946505714003232e-01 1.677948186842508982e-03 -2.759589713976710011e-03
1.928500000000000000e+04 1.999970660278320489e+00 1.497585329560565892e+00 1.419707790048561815e-03 5.023859507031041005e-01 1.356055579117564991e-03 -2.776383354515728728e-03
1.929000000000000000e+04 1.999970652363395551e+00 1.732030763047752442e-01 1.844035400431570226e-03 1.826768196201294048e+00 -7.876140372440889551e-04 -1.057041505861257063e-03
1.929500000000000000e+04 1.999970642581468505e+00 4.225127663008163559e-01 2.555277166624442438e-03 1.577458496618699302e+00 -2.139095741103005498e-03 -4.168017635686613797e-04
1.930000000000000000e+04 1.999970632634620493e+00 1.764883534115279984e+00 6.839786023232589073e-03 2.350877190562221664e-01 -3.197572659406649922e-04 -6.520649294173536115e-03
1.930500000000000000e+04 1.999970626245234140e+00 1.703053397428817117e+00 6.238642475846344938e-03 2.969178494813955460e-01 -4.126688628281098906e-04 -5.826594277996841736e-03
1.931000000000000000e+04 1.999970617905209691e+00 3.483892741451597441e-01 1.959905665412964380e-03 1.651581964590251639e+00 -1.901355420289294225e-03 -5.917107532556431472e-05
1.931500000000000000e+04 1.999970610082191458e+00 2.247089192077812436e-01 1.485492825871905951e-03 1.775262311858796238e+00 -3.550863074956755235e-04 -1.131027502762070201e-03
1.932000000000000000e+04 1.999970602130258124e+00 1.577640305330938464e+00 9.918846517477984768e-04 4.223309179402187086e-01 1.438329893313757078e-03 -2.430835685960676396e-03
1.932500000000000000e+04 1.999970595487249758e+00 1.846873777720617449e+00 1.495552766126403890e-03 1.530974390405454855e-01 1.613776379789047142e-03 -3.109950419828544105e-03
1.933000000000000000e+04 1.999970587489485307e+00 5.265976875325626416e-01 2.523065398646212945e-03 1.473373521389665930e+00 -2.492011750034402889e-04 -2.274485656386192062e-03
1.933500000000000000e+04 1.999970579824317474e+00 1.191188054666120905e-01 2.327127087964168950e-03 1.880852395941558841e+00 -2.473291852620117595e-03 1.455431808021522878e-04
1.934000000000000000e+04 1.999970571845625544e+00 1.376490192132299173e+00 5.952838463323045955e-03 6.234810014544320822e-01 -1.012084122245594407e-03 -4.941376082183402373e-03
1.934500000000000000e+04 1.999970562963830911e+00 1.953736590960857500e+00 6.913038919753427755e-03 4.623459392178404931e-02 9.736651656889153291e-05 -7.011027355133235724e-03
1.935000000000000000e+04 1.999970557628355738e+00 7.723132589274801507e-01 2.389197910198587529e-03 1.227657920724582352e+00 -1.381370364686828516e-03 -1.008449569218445403e-03
1.935500000000000000e+04 1.999970547756902972e+00 2.444815074515071032e-02 9.616600287691683948e-04 1.975523019231580024e+00 -7.143969488266745192e-04 -2.478852997701407198e-04
1.936000000000000000e+04 1.999970537854410146e+00 1.125954638671780472e+00 7.959695983738190221e-04 8.740165215992816705e-01 1.051656479944741924e-03 -1.848248494970194424e-03
1.936500000000000000e+04 1.999970531448727495e+00 1.997315814871219564e+00 1.404594485844089030e-03 2.655339121321644621e-03 1.653445700526214425e-03 -3.058662730184211892e-03
1.937000000000000000e+04 1.999970527253948083e+00 9.926313333740187650e-01 3.165907923312052171e-03 1.007339816506380714e+00 3.405941590996149917e-04 -3.507124708863354218e-03
1.937500000000000000e+04 1.999970516825539502e+00 2.581421734150750671e-02 2.537116259646760106e-03 1.974156922317430674e+00 -2.460297439745556553e-03 -7.744165329972010014e-05
1.938000000000000000e+04 1.999970506904861667e+00 9.033124725191563620e-01 4.934347576340381188e-03 1.096658657415850113e+00 -1.829174595180706187e-03 -3.105796011304432294e-03
1.938500000000000000e+04 1.999970498617507975e+00 1.983655625323465399e+00 7.172143795207871521e-03 1.631549648850753181e-02 2.547092563456544918e-04 -7.427476246018404997e-03
1.939000000000000000e+04 1.999970493481753708e+00 1.252243015270202875e+00 3.089317176559156896e-03 7.477281015086518767e-01 -6.975988162887124169e-04 -2.392341657371437318e-03
1.939500000000000000e+04 1.999970485627914352e+00 5.445291665206397624e-02 6.151125474951557809e-04 1.945518192429033233e+00 -8.409575954639062975e-04 2.252215947856726496e-04
1.940000000000000000e+04 1.999970477898918020e+00 6.446743048569045786e-01 5.424193421270944891e-04 1.355296796648760793e+00 6.123899243376956531e-04 -1.155432873212240219e-03
1.940500000000000000e+04 1.999970469026613573e+00 1.913587266630454975e+00 1.168233431648496752e-03 8.638382618030358839e-02 1.461787914512360786e-03 -2.630645130305655187e-03
1.941000000000000000e+04 1.999970463166563794e+00 1.461737237671371314e+00 3.628995878751476410e-03 5.382338493974230254e-01 8.398005359467937024e-04 -4.469420316928941414e-03
1.941500000000000000e+04 1.999970455493850663e+00 1.645293011951589890e-01 3.145599555560378308e-03 1.835441778352686404e+00 -2.104841271129364710e-03 -1.041382338425975163e-03
1.942000000000000000e+04 1.999970447668646623e+00 4.566642210423345061e-01 4.020951789669236290e-03 1.543306850834674782e+00 -2.582381921208401574e-03 -1.439194076823713600e-03
1.942500000000000000e+04 1.999970438629817382e+00 1.785737186865467674e+00 6.954673225506387627e-03 2.142338761520376778e-01 2.538402343553515877e-05 -6.980681636630041084e-03
1.943000000000000000e+04 1.999970432246328533e+00 1.675293570980561197e+00 3.890002522162362870e-03 3.246774857820730609e-01 -7.472795804125727931e-06 -3.883154242664272563e-03
1.943500000000000000e+04 1.999970424300929084e+00 3.076851317518917717e-01 5.173626266376160892e-04 1.692285917224876979e+00 -7.042836947547632606e-04 1.862963922775485721e-04
1.944000000000000000e+04 1.999970414792374696e+00 2.469236086775080108e-01 2.939669504125716655e-04 1.753047430982802801e+00 2.262468739537325593e-04 -5.208386923023380997e-04
1.944500000000000000e+04 1.999970405570749232e+00 1.615403338286979240e+00 8.448120571039030016e-04 3.845676923380120238e-01 1.080475511140400850e-03 -1.925912622486451167e-03
1.945000000000000000e+04 1.999970400642088197e+00 1.823653546634806943e+00 3.809265807375917471e-03 1.763174791613479064e-01 1.125928634641973954e-03 -4.935819596084840485e-03
1.945500000000000000e+04 1.999970392841802225e+00 5.026200650873223763e-01 4.021029770907973491e-03 1.497350953064766621e+00 -1.492104552317017382e-03 -2.529550528877835391e-03
1.946000000000000000e+04 1.999970382903460520e+00 1.416193913640350077e-01 3.425621012238011607e-03 1.858351617048796811e+00 -3.098316455074595459e-03 -3.279300665346643199e-04
1.946500000000000000e+04 1.999970374790355221e+00 1.406495802513281657e+00 6.309942092799437213e-03 5.934751979485721751e-01 -5.350468404249988669e-04 -5.775520923872975651e-03
1.947000000000000000e+04 1.999970368704001134e+00 1.941942417846251656e+00 4.599680716225473982e-03 5.802857665181031244e-02 5.302873620569461101e-04 -5.130593872342835253e-03
1.947500000000000000e+04 1.999970361411038899e+00 7.246149332875623239e-01 6.817705006686168622e-04 1.275356054066206113e+00 -3.363448984410651195e-04 -3.460515449568836530e-04
1.948000000000000000e+04 1.999970353535942325e+00 2.620390080699658633e-02 1.112316041534155747e-04 1.973767078831878408e+00 -1.504786150253258791e-05 -9.680984558336895064e-05
1.948500000000000000e+04 1.999970345605327715e+00 1.172880931430779095e+00 5.161787613255202625e-04 8.270900404390471028e-01 5.965423227173071233e-04 -1.113347348541139301e-03
1.949000000000000000e+04 1.999970337211235183e+00 1.993343841195087895e+00 3.668870647817899008e-03 6.627122453272949604e-03 1.125066276244126185e-03 -4.794563361187810513e-03
1.949500000000000000e+04 1.999970330823794384e+00 9.605571223939709524e-01 4.969722756225100971e-03 1.039413834996996133e+00 -7.681951562607187197e-04 -4.202154167136997430e-03
1.950000000000000000e+04 1.999970323198844380e+00 3.229205163786214722e-02 3.288590964918935208e-03 1.967678898281570055e+00 -3.258985352284073274e-03 -3.023233322262305268e-05
1.950500000000000000e+04 1.999970315210247707e+00 9.351029898746959779e-01 5.385806686662130728e-03 1.064867952216904445e+00 -1.294811770316669271e-03 -4.091621797698221860e-03
1.951000000000000000e+04 1.999970305821809013e+00 1.989431832745854667e+00 5.050053932082370148e-03 1.053910014907323729e-02 7.930555017308028214e-04 -5.843736506931905723e-03
1.951500000000000000e+04 1.999970300732281325e+00 1.207215514081902308e+00 1.061063771413827241e-03 7.927554138287145058e-01 1.761836840874349231e-04 -1.237874633836317118e-03
1.952000000000000000e+04 1.999970292868362254e+00 3.440720929521991905e-02 3.800026328271260268e-05 1.965563710913573958e+00 -5.529059972893831212e-05 1.666299601457567038e-05
1.952500000000000000e+04 1.999970284776049656e+00 6.900586355408115935e-01 2.679858267278429121e-04 1.309912276743180337e+00 1.217051076687743558e-04 -3.903184423391652005e-04
1.953000000000000000e+04 1.999970275873259817e+00 1.930978627960214133e+00 3.245058614830600378e-03 6.899227560604732912e-02 8.299241292984232098e-04 -4.075610437130734731e-03
1.953500000000000000e+04 1.999970270550486706e+00 1.430642221003561199e+00 5.780096660070978103e-03 5.693286773507153509e-01 -1.063409352938270348e-04 -5.674383528567036351e-03
1.954000000000000000e+04 1.999970262965466761e+00 1.543980080823642298e-01 3.645026328133819590e-03 1.845572882841807427e+00 -3.029044947932607243e-03 -6.166093389062807023e-04
1.954500000000000000e+04 1.999970254242224854e+00 4.824220605081154800e-01 4.393907568867541462e-03 1.517548821871200548e+00 -2.076869143096677153e-03 -2.317666562861930152e-03
1.955000000000000000e+04 1.999970244702306887e+00 1.806528613201078493e+00 5.134868685334406310e-03 1.934422598350888367e-01 7.230412279466944024e-04 -5.858538247141659508e-03
1.955500000000000000e+04 1.999970239862787880e+00 1.642011297080744336e+00 1.558995845822490909e-03 3.579595712172140010e-01 7.125399439517500879e-04 -2.272164224944524507e-03
1.956000000000000000e+04 1.999970232511811385e+00 2.696104429843440564e-01 9.084689538291728208e-05 1.730360418116469789e+00 1.132591624522107760e-04 -2.047346468377706646e-04
1.956500000000000000e+04 1.999970223942912906e+00 2.804436089224977002e-01 1.686360464597160685e-04 1.719527243789770621e+00 -2.343059493398125454e-04 6.504113352467394578e-05
1.957000000000000000e+04 1.999970215058816558e+00 1.651286838550024783e+00 2.642472879052665605e-03 3.486840054655383492e-01 3.022941945456916117e-04 -2.945396030344641161e-03
1.957500000000000000e+04 1.999970209297481594e+00 1.802343614708573849e+00 6.271434142716862843e-03 1.976272236676973604e-01 3.335360707102223992e-04 -6.605599292216911451e-03
1.958000000000000000e+04 1.999970201437915041e+00 4.792054240257161424e-01 4.416696040232429704e-03 1.520765406654827956e+00 -2.464009381922366640e-03 -1.953315900939517173e-03
1.958500000000000000e+04 1.999970191250296514e+00 1.549336602708538957e-01 3.560555262436397670e-03 1.845037160435100132e+00 -2.700008865567283048e-03 -8.611758525265188289e-04
1.959000000000000000e+04 1.999970181628392130e+00 1.436174142596281955e+00 4.833715359170999946e-03 5.637966686897261104e-01 3.404859083646581946e-04 -5.174830925151585603e-03
1.959500000000000000e+04 1.999970176127719546e+00 1.926756075826828729e+00 2.053456115732361573e-03 7.321473007479377404e-02 1.146671782013166611e-03 -3.200757671648401647e-03
1.960000000000000000e+04 1.999970171291239218e+00 6.765249865953103514e-01 2.553526563084887067e-04 1.323445814571641233e+00 4.483403361236163332e-04 -7.043228681444782448e-04
1.960500000000000000e+04 1.999970162400853013e+00 4.032940204302953163e-02 2.521709983468040637e-04 1.959641390423669582e+00 -3.898777925731854751e-04 1.370767283804501929e-04
1.961000000000000000e+04 1.999970153337832013e+00 1.220084422289960946e+00 2.009308342015490162e-03 7.798863613077406942e-01 -3.409196349042431322e-04 -1.669018966981050114e-03
1.961500000000000000e+04 1.999970145697494317e+00 1.988288073310520376e+00 6.335991396761689494e-03 1.168270281108190790e-02 4.425150075057824955e-04 -6.779136828375255386e-03
1.962000000000000000e+04 1.999970141053902806e+00 9.302991210764004482e-01 5.429554381486094081e-03 1.069671650499160798e+00 -1.697526764200460274e-03 -3.732658138944319401e-03
1.962500000000000000e+04 1.999970130934447976e+00 2.968314661139029309e-02 3.074676577218011381e-03 1.970287615059837627e+00 -3.020529256365625005e-03 -5.477805763214060614e-05
1.963000000000000000e+04 1.999970121317010907e+00 9.654006577020670665e-01 4.215482630472910421e-03 1.034570094556650277e+00 -2.617002915038507530e-04 -3.954413280675182253e-03
1.963500000000000000e+04 1.999970113528785509e+00 1.994468594790161475e+00 2.425486475899724711e-03 5.502149847064213492e-03 1.377387689712487959e-03 -3.803505274052557551e-03
1.964000000000000000e+04 1.999970110103534315e+00 1.159496593095046046e+00 4.897683601818578810e-04 8.404741481903105216e-01 8.678615226270302392e-04 -1.358261064630841407e-03
1.964500000000000000e+04 1.999970101448730553e+00 2.615750724525837609e-02 5.093141431719928934e-04 1.973813225572909724e+00 -3.108746388437494314e-04 -1.990708737657895971e-04
1.965000000000000000e+04 1.999970092404342203e+00 7.387970530032269556e-01 1.502789924049621360e-03 1.261173670966704741e+00 -9.548771873675674510e-04 -5.485443022713907364e-04
1.965500000000000000e+04 1.999970084305626283e+00 1.944799146779648824e+00 5.964526106238520961e-03 5.517156926715618276e-02 1.886944148417365032e-04 -6.153852262258785455e-03
1.966000000000000000e+04 1.999970078260224104e+00 1.401563813537999970e+00 6.453386072794886630e-03 5.984068965948534657e-01 -9.104921407466805283e-04 -5.543525804677544751e-03
1.966500000000000000e+04 1.999970069118868654e+00 1.361469196729917230e-01 3.044625076226810476e-03 1.863823781515549394e+00 -2.965034290265365201e-03 -8.022285563359044728e-05
1.967000000000000000e+04 1.999970060887906298e+00 5.048783824591541736e-01 3.421103752667793100e-03 1.495092310675810943e+00 -9.402720664057231774e-04 -2.481463933320834838e-03
1.967500000000000000e+04 1.999970052775637219e+00 1.829178877706249207e+00 2.587116436956416778e-03 1.707918074918997609e-01 1.352508549986554225e-03 -3.940257409454570904e-03
1.968000000000000000e+04 1.999970048078774765e+00 1.604995219061567724e+00 7.353504926082802965e-04 3.949754615427157334e-01 1.269520469449707516e-03 -2.005503487566561403e-03
1.968500000000000000e+04 1.999970040383111325e+00 2.412487815573950700e-01 8.887911910316143504e-04 1.758721891519763103e+00 -1.876656048438647852e-05 -8.706573245942861783e-04
1.969000000000000000e+04 1.999970031323297537e+00 3.206124961664136852e-01 1.252170136838917517e-03 1.679358168049605027e+00 -1.400684341416679564e-03 1.478813118564825755e-04
1.969500000000000000e+04 1.999970022584209195e+00 1.682158038641110798e+00 5.248978185005733453e-03 3.178126170273459783e-01 -3.748210292526943507e-04 -4.874790240000339420e-03
1.970000000000000000e+04 1.999970017441293324e+00 1.782149912387622326e+00 7.254666737965635541e-03 2.178207382509732004e-01 -2.889244600557312227e-04 -6.966375475211800811e-03
1.970500000000000000e+04 1.999970009003856353e+00 4.492901299090816813e-01 3.473494281630104801e-03 1.550680512476441120e+00 -2.547051151906521479e-03 -9.270765113897020543e-04
1.971000000000000000e+04 1.999970000197189846e+00 1.628956531263912599e-01 2.630083231632203509e-03 1.837074980645099886e+00 -1.535346956688340026e-03 -1.095369849245141124e-03
1.971500000000000000e+04 1.999969992026344068e+00 1.469687964504970079e+00 2.501258159252874903e-03 5.302826612746297519e-01 1.081073048354447719e-03 -3.582964960863171695e-03
1.972000000000000000e+04 1.999969986230531793e+00 1.908302857153237664e+00 9.309975189585431620e-04 9.166776295896730820e-02 1.555399965957938698e-03 -2.487031366589469075e-03
1.972500000000000000e+04 1.999969980121843571e+00 6.350278414600274424e-01 1.308619325846291153e-03 1.364942772678385596e+00 4.142775506620096477e-04 -1.723530893077782761e-03
1.973000000000000000e+04 1.999969970961621657e+00 6.386649906993822901e-02 1.328071322151364508e-03 1.936104106110848377e+00 -1.577909573744030536e-03 2.492040324277933010e-04
1.973500000000000000e+04 1.999969962065887286e+00 1.262179352481663130e+00 4.361422590551750945e-03 7.377912439998703942e-01 -1.122027972866323792e-03 -3.240029033331879096e-03
1.974000000000000000e+04 1.999969955759304474e+00 1.982545752097024438e+00 7.650573011744162856e-03 1.742483821716889203e-02 1.969117052596029412e-05 -7.670898737159202382e-03
1.974500000000000000e+04 1.999969948811561427e+00 8.954529324802945611e-01 4.258444302870836168e-03 1.104517651039919723e+00 -1.863767501954920018e-03 -2.395311509568771521e-03
1.975000000000000000e+04 1.999969940882628139e+00 1.988765077504514589e-02 2.018811569671692761e-03 1.980082924991029669e+00 -1.907433862609620497e-03 -1.120125905090703638e-04
1.975500000000000000e+04 1.999969933001721323e+00 1.000457512378421843e+00 2.189068981202613694e-03 9.995130556808070610e-01 6.306882067636386709e-04 -2.820392245473607278e-03
1.976000000000000000e+04 1.999969923788938342e+00 1.998124722419985844e+00 1.028582386663604237e-03 1.845836632532717831e-03 1.655710342837532359e-03 -2.684927993081334761e-03
1.976500000000000000e+04 1.999969918606474995e+00 1.114921956892854560e+00 1.674851988402280365e-03 8.850485970931518676e-01 8.822208795497882197e-04 -2.557708247483269238e-03
1.977000000000000000e+04 1.999969910021959674e+00 2.892038131982370072e-02 1.725383495163472546e-03 1.971050164272298177e+00 -1.448130386586885931e-03 -2.778886787390504303e-04
1.977500000000000000e+04 1.999969901872963307e+00 7.836722044872908022e-01 3.514153836061273926e-03 1.216298333136362597e+00 -1.883364426293823377e-03 -1.631425160457539766e-03
1.978000000000000000e+04 1.999969893577469238e+00 1.955625622951433940e+00 7.551523535346894508e-03 4.434490656072532372e-02 -5.873861194277344425e-05 -7.493420858094072129e-03
1.978500000000000000e+04 1.999969888450950029e+00 1.369679229789425357e+00 5.214290671603439425e-03 6.302912947105249186e-01 -1.073529740410064572e-03 -4.141396980193597609e-03
1.979000000000000000e+04 1.999969880491070828e+00 1.095073922611449618e-01 1.720198575361905728e-03 1.890463124455671773e+00 -1.969314535328423738e-03 2.484797342204819563e-04
1.979500000000000000e+04 1.999969872554431038e+00 5.317657321336067833e-01 1.723467429828690230e-03 1.468204776823351265e+00 1.109092747596640002e-04 -1.835013107115661315e-03
1.980000000000000000e+04 1.999969864020661792e+00 1.853342468061578430e+00 1.004994792670744303e-03 1.466280325525514405e-01 1.545831390581859938e-03 -2.551462776720866445e-03
1.980500000000000000e+04 1.999969858206054552e+00 1.568131658694467134e+00 1.903632852061033429e-03 4.318388362366626376e-01 1.270146664933272714e-03 -3.174416242069507885e-03
1.981000000000000000e+04 1.999969849880826711e+00 2.239710811906954480e-01 2.363647762709050401e-03 1.775999405600642733e+00 -1.044134767230736355e-03 -1.320149905990036961e-03
1.981500000000000000e+04 1.999969841531256343e+00 3.592021017708907915e-01 2.910355995386854858e-03 1.640768376856067468e+00 -2.485233109588074179e-03 -4.257599815007071528e-04
1.982000000000000000e+04 1.999969833491234805e+00 1.707728785394052817e+00 6.982098647432526811e-03 2.922416853709043361e-01 -5.072972367663630038e-04 -6.475438684388298664e-03
1.982500000000000000e+04 1.999969828882141254e+00 1.760406719714189050e+00 6.116165108271733389e-03 2.395637465437865654e-01 -3.590599523693127583e-04 -5.757742531737086375e-03
1.983000000000000000e+04 1.999969821299857120e+00 4.106980471913480035e-01 1.793614126732146711e-03 1.589272411653102512e+00 -1.705699374916367890e-03 -8.855229640887483651e-05
1.983500000000000000e+04 1.999969813062230539e+00 1.737877147304151826e-01 1.210867120366438190e-03 1.826182736060594669e+00 -3.530517737623665758e-04 -8.584530753834756275e-04
1.984000000000000000e+04 1.999969804513208604e+00 1.507976800409822626e+00 8.676796156088929617e-04 4.919936420239994224e-01 1.252337533183728573e-03 -2.120655069405914545e-03
1.984500000000000000e+04 1.999969797754539647e+00 1.888149234011689659e+00 1.941548310015793390e-03 1.118212018166738347e-01 1.481693670778880430e-03 -3.423880054618023451e-03
1.985000000000000000e+04 1.999969789959698430e+00 6.031333116671963035e-01 3.104828528781585373e-03 1.396837116540469825e+00 -4.627103263722476614e-04 -2.642756450376982248e-03
1.985500000000000000e+04 1.999969782083254488e+00 8.861509930782988931e-02 2.696972460154330609e-03 1.911355321197599766e+00 -2.790326338973408461e-03 9.271545664402414393e-05
1.986000000000000000e+04 1.999969774263673505e+00 1.297168226572949168e+00 6.075271995699429300e-03 7.028021862851415724e-01 -1.222006793893749658e-03 -4.853903796222663013e-03
1.986500000000000000e+04 1.999969766192307263e+00 1.975707059423433165e+00 6.751562780824975005e-03 2.426334554261791107e-02 1.152320299093588952e-04 -6.867433584478095307e-03
1.987000000000000000e+04 1.999969760662430041e+00 8.526367554250305902e-01 2.211780213380596175e-03 1.147333644133983643e+00 -1.176359210867370091e-03 -1.036059899097210510e-03
1.987500000000000000e+04 1.999969752556067570e+00 1.069005118205031656e-02 7.657773872479587806e-04 1.989280340451565543e+00 -6.498582696135637993e-04 -1.165581951824629699e-04
1.988000000000000000e+04 1.999969744395727389e+00 1.043195007078244974e+00 6.522527110553765547e-04 9.567753765776907393e-01 8.464716225299367871e-04 -1.499363593793713286e-03
1.988500000000000000e+04 1.999969735099238921e+00 1.999789625417236039e+00 1.779380922221041180e-03 1.807491523176313678e-04 1.462438393586101794e-03 -3.242458786121724286e-03
1.989000000000000000e+04 1.999969729703485966e+00 1.077243060551641207e+00 3.784539771857586485e-03 9.227273087422580566e-01 1.574135378689360684e-04 -3.942592900139801210e-03
1.989500000000000000e+04 1.999969721794728095e+00 3.555153757644655826e-02 2.930675417309340502e-03 1.964418823982634565e+00 -2.729404609777418174e-03 -2.019105718851174104e-04
1.990000000000000000e+04 1.999969714018950739e+00 8.205193260434675562e-01 5.041341135081861026e-03 1.179451027910080052e+00 -2.036364158695019941e-03 -3.005616910983550764e-03
1.990500000000000000e+04 1.999969705331823944e+00 1.964905407171421148e+00 6.969661533931171236e-03 3.506493828572428140e-02 2.418232750164374173e-04 -7.212124934268831014e-03
1.991000000000000000e+04 1.999969700764835379e+00 1.331387679101389887e+00 2.867566164396558211e-03 6.685826618891488327e-01 -5.020353554362511376e-04 -2.366171034663414312e-03
1.991500000000000000e+04 1.999969692674329558e+00 8.083281630169183996e-02 4.842295141158753889e-04 1.919137516777993824e+00 -7.079190958131418134e-04 2.230491763411411371e-04
1.992000000000000000e+04 1.999969684209290000e+00 5.682387734135813107e-01 4.130019494338527434e-04 1.431731551390015511e+00 4.267672087854905124e-04 -8.404097525260543523e-04
1.992500000000000000e+04 1.999969675519380541e+00 1.876853887906510199e+00 1.455610919055453463e-03 1.231164284017670502e-01 1.213436501926769707e-03 -2.669688209878937936e-03
1.993000000000000000e+04 1.999969669759589896e+00 1.534835502842653021e+00 4.249832597793306438e-03 4.651348078345954873e-01 6.676192051781190077e-04 -4.918092720630065813e-03
1.993500000000000000e+04 1.999969662059275510e+00 2.124777095769624369e-01 3.564609672158592507e-03 1.787492593568284382e+00 -2.317367581029894201e-03 -1.247883177100214897e-03
1.994000000000000000e+04 1.999969654157780274e+00 3.899082720609835517e-01 4.119032435948770908e-03 1.610062023354287497e+00 -2.760454257772839825e-03 -1.359219435666679217e-03
1.994500000000000000e+04 1.999969645603252744e+00 1.730499239246637400e+00 6.716237576214214265e-03 2.694710477991001940e-01 -4.725048388804850975e-06 -6.712153970310053008e-03
1.995000000000000000e+04 1.999969639634416207e+00 1.734344235861144057e+00 3.599221214273991016e-03 2.656260453466994242e-01 1.637545343413137678e-04 -3.763617322042665456e-03
1.995500000000000000e+04 1.999969632263040920e+00 3.677400892576818681e-01 4.219882571935946406e-04 1.632230184740799173e+00 -5.117721569578736378e-04 8.914216432410017928e-05
1.996000000000000000e+04 1.999969624034472870e+00 1.947495946296878278e-01 2.089612289091986104e-04 1.805220671322063541e+00 9.522650548589742876e-05 -3.048296516736370416e-04
1.996500000000000000e+04 1.999969615545688528e+00 1.548279510295751393e+00 1.048339019793709985e-03 4.516907473552554952e-01 7.913911460688912618e-04 -1.840372271180735477e-03
1.997000000000000000e+04 1.999969609255091818e+00 1.868357653881453251e+00 4.395065144157141168e-03 1.316125976187590974e-01 9.442338965505482629e-04 -5.339941285828534411e-03
1.997500000000000000e+04 1.999969601984500800e+00 5.777602021373786645e-01 4.458794988857780681e-03 1.422210042250050321e+00 -1.650092369230516526e-03 -2.809345022555235008e-03
1.998000000000000000e+04 1.999969594036601350e+00 1.066371506788246909e-01 3.520366902429767665e-03 1.893333085931444781e+00 -3.225243244144710558e-03 -2.957662319529778079e-04
1.998500000000000000e+04 1.999969585497646696e+00 1.327576974817409328e+00 6.045893519616284996e-03 6.723932534360531621e-01 -5.620587714634334370e-04 -5.484477503968569756e-03
1.999000000000000000e+04 1.999969576366344981e+00 1.966709082052346957e+00 4.228284251743126033e-03 3.326113726796060821e-02 6.706006780934437375e-04 -4.899527883798782298e-03
1.999500000000000000e+04 1.999969572005790175e+00 8.039672196589012776e-01 5.823505171469802203e-04 1.196002995394376933e+00 -1.053695277853507835e-04 -4.776240368495465868e-04
2.000000000000000000e+04 1.999969561655196015e+00 1.052387061915144133e-02 8.920650038693707167e-05 1.989446334311235853e+00 -6.710569107388078081e-05 -2.274408450430374281e-05
