0.000000000000000000e+00 2.000000000000000000e+00
5.000000000000000000e+00 1.999999994302006145e+00
1.000000000000000000e+01 1.999999984987192114e+00
1.500000000000000000e+01 1.999999979441666298e+00
2.000000000000000000e+01 1.999999971854638181e+00
2.500000000000000000e+01 1.999999963812911563e+00
3.000000000000000000e+01 1.999999954460758733e+00
3.500000000000000000e+01 1.999999949351010331e+00
4.000000000000000000e+01 1.999999941576486862e+00
4.500000000000000000e+01 1.999999933461998891e+00
5.000000000000000000e+01 1.999999924729462197e+00
5.500000000000000000e+01 1.999999919537429172e+00
6.000000000000000000e+01 1.999999911854731804e+00
6.500000000000000000e+01 1.999999902703561538e+00
7.000000000000000000e+01 1.999999892645459854e+00
7.500000000000000000e+01 1.999999887511222374e+00
8.000000000000000000e+01 1.999999881201145691e+00
8.500000000000000000e+01 1.999999872379033095e+00
9.000000000000000000e+01 1.999999863145128565e+00
9.500000000000000000e+01 1.999999856799782094e+00
1.000000000000000000e+02 1.999999850785946665e+00
1.050000000000000000e+02 1.999999840861694134e+00
1.100000000000000000e+02 1.999999830743028228e+00
1.150000000000000000e+02 1.999999823752985240e+00
1.200000000000000000e+02 1.999999820157296604e+00
1.250000000000000000e+02 1.999999811389769011e+00
1.300000000000000000e+02 1.999999802156118056e+00
1.350000000000000000e+02 1.999999793552283966e+00
1.400000000000000000e+02 1.999999789109947024e+00
1.450000000000000000e+02 1.999999779204045591e+00
1.500000000000000000e+02 1.999999769535378391e+00
1.550000000000000000e+02 1.999999761252751362e+00
1.600000000000000000e+02 1.999999758098617075e+00
1.650000000000000000e+02 1.999999749554596251e+00
1.700000000000000000e+02 1.999999740130418591e+00
1.750000000000000000e+02 1.999999731490905708e+00
1.800000000000000000e+02 1.999999726563718827e+00
1.850000000000000000e+02 1.999999717589009629e+00
1.900000000000000000e+02 1.999999708743983140e+00
1.950000000000000000e+02 1.999999700599642605e+00
2.000000000000000000e+02 1.999999695929138177e+00
2.050000000000000000e+02 1.999999689141418013e+00
2.100000000000000000e+02 1.999999679562475041e+00
2.150000000000000000e+02 1.999999670438144861e+00
2.200000000000000000e+02 1.999999664678075550e+00
2.250000000000000000e+02 1.999999656896707334e+00
2.300000000000000000e+02 1.999999648241724381e+00
2.350000000000000000e+02 1.999999640201733486e+00
2.400000000000000000e+02 1.999999633743130500e+00
2.450000000000000000e+02 1.999999627927004697e+00
2.500000000000000000e+02 1.999999618504513466e+00
2.550000000000000000e+02 1.999999609724688820e+00
2.600000000000000000e+02 1.999999602240700503e+00
2.650000000000000000e+02 1.999999596356344389e+00
2.700000000000000000e+02 1.999999587939118362e+00
2.750000000000000000e+02 1.999999579894091717e+00
2.800000000000000000e+02 1.999999571452175218e+00
2.850000000000000000e+02 1.999999567883967933e+00
2.900000000000000000e+02 1.999999558751151207e+00
2.950000000000000000e+02 1.999999549593624470e+00
3.000000000000000000e+02 1.999999541120358160e+00
3.050000000000000000e+02 1.999999535980940601e+00
3.100000000000000000e+02 1.999999527730871307e+00
3.150000000000000000e+02 1.999999519558831373e+00
3.200000000000000000e+02 1.999999511351642889e+00
3.250000000000000000e+02 1.999999506617928136e+00
3.300000000000000000e+02 1.999999498862851111e+00
3.350000000000000000e+02 1.999999489580873702e+00
3.400000000000000000e+02 1.999999480897472814e+00
3.450000000000000000e+02 1.999999475409735883e+00
3.500000000000000000e+02 1.999999467818226240e+00
3.550000000000000000e+02 1.999999459317994832e+00
3.600000000000000000e+02 1.999999450923768851e+00
3.650000000000000000e+02 1.999999445335575388e+00
3.700000000000000000e+02 1.999999440308186882e+00
3.750000000000000000e+02 1.999999430635310826e+00
3.800000000000000000e+02 1.999999421491963192e+00
3.850000000000000000e+02 1.999999413924975711e+00
3.900000000000000000e+02 1.999999408530860778e+00
3.950000000000000000e+02 1.999999400071365008e+00
4.000000000000000000e+02 1.999999391626793299e+00
4.050000000000000000e+02 1.999999384583202700e+00
4.100000000000000000e+02 1.999999381406068366e+00
4.150000000000000000e+02 1.999999372436435108e+00
4.200000000000000000e+02 1.999999363211534709e+00
4.250000000000000000e+02 1.999999354214000435e+00
4.300000000000000000e+02 1.999999349602855858e+00
4.350000000000000000e+02 1.999999341979753487e+00
4.400000000000000000e+02 1.999999333694239212e+00
4.450000000000000000e+02 1.999999325488471591e+00
4.500000000000000000e+02 1.999999321032132071e+00
4.550000000000000000e+02 1.999999313563584735e+00
4.600000000000000000e+02 1.999999305096308078e+00
4.650000000000000000e+02 1.999999296307615415e+00
4.700000000000000000e+02 1.999999289659993629e+00
4.750000000000000000e+02 1.999999283422460916e+00
4.800000000000000000e+02 1.999999275206484572e+00
4.850000000000000000e+02 1.999999266978244261e+00
4.900000000000000000e+02 1.999999259718233668e+00
4.950000000000000000e+02 1.999999252382142823e+00
5.000000000000000000e+02 1.999999244504659046e+00
5.050000000000000000e+02 1.999999236647628686e+00
5.100000000000000000e+02 1.999999227455712347e+00
5.150000000000000000e+02 1.999999222071524585e+00
5.200000000000000000e+02 1.999999213890422789e+00
5.250000000000000000e+02 1.999999205701653349e+00
5.300000000000000000e+02 1.999999198036410686e+00
5.350000000000000000e+02 1.999999192541407567e+00
5.400000000000000000e+02 1.999999184397702079e+00
5.450000000000000000e+02 1.999999176510748544e+00
5.500000000000000000e+02 1.999999168198367094e+00
5.550000000000000000e+02 1.999999162228936367e+00
5.600000000000000000e+02 1.999999154387009703e+00
5.650000000000000000e+02 1.999999146092136471e+00
5.700000000000000000e+02 1.999999137936309346e+00
5.750000000000000000e+02 1.999999133329104728e+00
5.800000000000000000e+02 1.999999124794094474e+00
5.850000000000000000e+02 1.999999115978592368e+00
5.900000000000000000e+02 1.999999107557948630e+00
5.950000000000000000e+02 1.999999102230614945e+00
6.000000000000000000e+02 1.999999095966479068e+00
6.050000000000000000e+02 1.999999087479520155e+00
6.100000000000000000e+02 1.999999078847337186e+00
6.150000000000000000e+02 1.999999072587518301e+00
6.200000000000000000e+02 1.999999066407700532e+00
6.250000000000000000e+02 1.999999057177311634e+00
6.300000000000000000e+02 1.999999047977236488e+00
6.350000000000000000e+02 1.999999041487025675e+00
6.400000000000000000e+02 1.999999037467434571e+00
6.450000000000000000e+02 1.999999029014911001e+00
6.500000000000000000e+02 1.999999020334282118e+00
6.550000000000000000e+02 1.999999012211266303e+00
6.600000000000000000e+02 1.999999007407120777e+00
6.650000000000000000e+02 1.999998998372765735e+00
6.700000000000000000e+02 1.999998989115892467e+00
6.750000000000000000e+02 1.999998980403691728e+00
6.800000000000000000e+02 1.999998977591044946e+00
6.850000000000000000e+02 1.999998969905212753e+00
6.900000000000000000e+02 1.999998961405075049e+00
6.950000000000000000e+02 1.999998952541472752e+00
7.000000000000000000e+02 1.999998945994299726e+00
7.050000000000000000e+02 1.999998937674592803e+00
7.100000000000000000e+02 1.999998928554434618e+00
7.150000000000000000e+02 1.999998919405669762e+00
7.200000000000000000e+02 1.999998915287358958e+00
7.250000000000000000e+02 1.999998909261228919e+00
7.300000000000000000e+02 1.999998900240215427e+00
7.350000000000000000e+02 1.999998890894698400e+00
7.400000000000000000e+02 1.999998883989346110e+00
7.450000000000000000e+02 1.999998877875707848e+00
7.500000000000000000e+02 1.999998868742515645e+00
7.550000000000000000e+02 1.999998859373067539e+00
7.600000000000000000e+02 1.999998852973197794e+00
7.650000000000000000e+02 1.999998849306164894e+00
7.700000000000000000e+02 1.999998840389021204e+00
7.750000000000000000e+02 1.999998831066137406e+00
7.800000000000000000e+02 1.999998822094189777e+00
7.850000000000000000e+02 1.999998816681742619e+00
7.900000000000000000e+02 1.999998807833460290e+00
7.950000000000000000e+02 1.999998798843779513e+00
8.000000000000000000e+02 1.999998790810386673e+00
8.050000000000000000e+02 1.999998786709403120e+00
8.100000000000000000e+02 1.999998777892248558e+00
8.150000000000000000e+02 1.999998768810500982e+00
8.200000000000000000e+02 1.999998760397915909e+00
8.250000000000000000e+02 1.999998755049291255e+00
8.300000000000000000e+02 1.999998746946664241e+00
8.350000000000000000e+02 1.999998738995549363e+00
8.400000000000000000e+02 1.999998730936590086e+00
8.450000000000000000e+02 1.999998724880142964e+00
8.500000000000000000e+02 1.999998717155994310e+00
8.550000000000000000e+02 1.999998708125160007e+00
8.600000000000000000e+02 1.999998700088047698e+00
8.650000000000000000e+02 1.999998694162627766e+00
8.700000000000000000e+02 1.999998686713958307e+00
8.750000000000000000e+02 1.999998678798204477e+00
8.800000000000000000e+02 1.999998670871917739e+00
8.850000000000000000e+02 1.999998662880046352e+00
8.900000000000000000e+02 1.999998656320030488e+00
8.950000000000000000e+02 1.999998648468765294e+00
9.000000000000000000e+02 1.999998640810606743e+00
9.050000000000000000e+02 1.999998631391344261e+00
9.100000000000000000e+02 1.999998627169419452e+00
9.150000000000000000e+02 1.999998618840919784e+00
9.200000000000000000e+02 1.999998609963133278e+00
9.250000000000000000e+02 1.999998601386961727e+00
9.300000000000000000e+02 1.999998597057283556e+00
9.350000000000000000e+02 1.999998589018106010e+00
9.400000000000000000e+02 1.999998579801022691e+00
9.450000000000000000e+02 1.999998569605755838e+00
9.500000000000000000e+02 1.999998565449665922e+00
9.550000000000000000e+02 1.999998557957905598e+00
9.600000000000000000e+02 1.999998549199051734e+00
9.650000000000000000e+02 1.999998540115466072e+00
9.700000000000000000e+02 1.999998535472807815e+00
9.750000000000000000e+02 1.999998528134208309e+00
9.800000000000000000e+02 1.999998518429938921e+00
9.850000000000000000e+02 1.999998507959648730e+00
9.900000000000000000e+02 1.999998501761893088e+00
9.950000000000000000e+02 1.999998496118305047e+00
1.000000000000000000e+03 1.999998487165357997e+00
1.005000000000000000e+03 1.999998477949442188e+00
1.010000000000000000e+03 1.999998471371447373e+00
1.015000000000000000e+03 1.999998466098797500e+00
1.020000000000000000e+03 1.999998456103707634e+00
1.025000000000000000e+03 1.999998446511965344e+00
1.030000000000000000e+03 1.999998438705402837e+00
1.035000000000000000e+03 1.999998434553678317e+00
1.040000000000000000e+03 1.999998425788166445e+00
1.045000000000000000e+03 1.999998416683638203e+00
1.050000000000000000e+03 1.999998408814814610e+00
1.055000000000000000e+03 1.999998404115498785e+00
1.060000000000000000e+03 1.999998394717112049e+00
1.065000000000000000e+03 1.999998385950434887e+00
1.070000000000000000e+03 1.999998377888090983e+00
1.075000000000000000e+03 1.999998372325243690e+00
1.080000000000000000e+03 1.999998364247017602e+00
1.085000000000000000e+03 1.999998355702623298e+00
1.090000000000000000e+03 1.999998347558121115e+00
1.095000000000000000e+03 1.999998342803048113e+00
1.100000000000000000e+03 1.999998335173618136e+00
1.105000000000000000e+03 1.999998327196871317e+00
1.110000000000000000e+03 1.999998318194733615e+00
1.115000000000000000e+03 1.999998311532770856e+00
1.120000000000000000e+03 1.999998304765061130e+00
1.125000000000000000e+03 1.999998296830642897e+00
1.130000000000000000e+03 1.999998288448513017e+00
1.135000000000000000e+03 1.999998280260389505e+00
1.140000000000000000e+03 1.999998274887109684e+00
1.145000000000000000e+03 1.999998266498375976e+00
1.150000000000000000e+03 1.999998257290974246e+00
1.155000000000000000e+03 1.999998247891523695e+00
1.160000000000000000e+03 1.999998243857935121e+00
1.165000000000000000e+03 1.999998236066443891e+00
1.170000000000000000e+03 1.999998227757287417e+00
1.175000000000000000e+03 1.999998218754452051e+00
1.180000000000000000e+03 1.999998214226334170e+00
1.185000000000000000e+03 1.999998205512685479e+00
1.190000000000000000e+03 1.999998196059659339e+00
1.195000000000000000e+03 1.999998187000416872e+00
1.200000000000000000e+03 1.999998183553992614e+00
1.205000000000000000e+03 1.999998175936619882e+00
1.210000000000000000e+03 1.999998166943885325e+00
1.215000000000000000e+03 1.999998157736829096e+00
1.220000000000000000e+03 1.999998152617865177e+00
1.225000000000000000e+03 1.999998144893020857e+00
1.230000000000000000e+03 1.999998135644075914e+00
1.235000000000000000e+03 1.999998126215467797e+00
1.240000000000000000e+03 1.999998121505384585e+00
1.245000000000000000e+03 1.999998115437418011e+00
1.250000000000000000e+03 1.999998106741262660e+00
1.255000000000000000e+03 1.999998097590952151e+00
1.260000000000000000e+03 1.999998089003850898e+00
1.265000000000000000e+03 1.999998082926182974e+00
1.270000000000000000e+03 1.999998073799313714e+00
1.275000000000000000e+03 1.999998064802434250e+00
1.280000000000000000e+03 1.999998058443317905e+00
1.285000000000000000e+03 1.999998053750714266e+00
1.290000000000000000e+03 1.999998044143526332e+00
1.295000000000000000e+03 1.999998034885600351e+00
1.300000000000000000e+03 1.999998026889297176e+00
1.305000000000000000e+03 1.999998021646736568e+00
1.310000000000000000e+03 1.999998013060842350e+00
1.315000000000000000e+03 1.999998004492624881e+00
1.320000000000000000e+03 1.999997996586949212e+00
1.325000000000000000e+03 1.999997993868363855e+00
1.330000000000000000e+03 1.999997985218596286e+00
1.335000000000000000e+03 1.999997975635699810e+00
1.340000000000000000e+03 1.999997966611075206e+00
1.345000000000000000e+03 1.999997961382441680e+00
1.350000000000000000e+03 1.999997953632022485e+00
1.355000000000000000e+03 1.999997945051333437e+00
1.360000000000000000e+03 1.999997936637521123e+00
1.365000000000000000e+03 1.999997932863008199e+00
1.370000000000000000e+03 1.999997926513773283e+00
1.375000000000000000e+03 1.999997917018125237e+00
1.380000000000000000e+03 1.999997907625027604e+00
1.385000000000000000e+03 1.999997900475931845e+00
1.390000000000000000e+03 1.999997895447581886e+00
1.395000000000000000e+03 1.999997886937571856e+00
1.400000000000000000e+03 1.999997878454409461e+00
1.405000000000000000e+03 1.999997870725629845e+00
1.410000000000000000e+03 1.999997866876892294e+00
1.415000000000000000e+03 1.999997857473933882e+00
1.420000000000000000e+03 1.999997848112605503e+00
1.425000000000000000e+03 1.999997839812950762e+00
1.430000000000000000e+03 1.999997835818740910e+00
1.435000000000000000e+03 1.999997827769367520e+00
1.440000000000000000e+03 1.999997819512578934e+00
1.445000000000000000e+03 1.999997811369340406e+00
1.450000000000000000e+03 1.999997806890912999e+00
1.455000000000000000e+03 1.999997798901163026e+00
1.460000000000000000e+03 1.999997790138979825e+00
1.465000000000000000e+03 1.999997781084001280e+00
1.470000000000000000e+03 1.999997776083594747e+00
1.475000000000000000e+03 1.999997768846981216e+00
1.480000000000000000e+03 1.999997760649391276e+00
1.485000000000000000e+03 1.999997752261759798e+00
1.490000000000000000e+03 1.999997746006074939e+00
1.495000000000000000e+03 1.999997738360030475e+00
1.500000000000000000e+03 1.999997730436984922e+00
1.505000000000000000e+03 1.999997722242761622e+00
1.510000000000000000e+03 1.999997714799249593e+00
1.515000000000000000e+03 1.999997707975535111e+00
1.520000000000000000e+03 1.999997699813189866e+00
1.525000000000000000e+03 1.999997691692005031e+00
1.530000000000000000e+03 1.999997684560811395e+00
1.535000000000000000e+03 1.999997677847584532e+00
1.540000000000000000e+03 1.999997669181837967e+00
1.545000000000000000e+03 1.999997661165683116e+00
1.550000000000000000e+03 1.999997652701816619e+00
1.555000000000000000e+03 1.999997648098875480e+00
1.560000000000000000e+03 1.999997639898783763e+00
1.565000000000000000e+03 1.999997631492945738e+00
1.570000000000000000e+03 1.999997623831969218e+00
1.575000000000000000e+03 1.999997619119840309e+00
1.580000000000000000e+03 1.999997609910064256e+00
1.585000000000000000e+03 1.999997601002302616e+00
1.590000000000000000e+03 1.999997592544841440e+00
1.595000000000000000e+03 1.999997589192371805e+00
1.600000000000000000e+03 1.999997582190824907e+00
1.605000000000000000e+03 1.999997573587021460e+00
1.610000000000000000e+03 1.999997564969082431e+00
1.615000000000000000e+03 1.999997558501507289e+00
1.620000000000000000e+03 1.999997550422443204e+00
1.625000000000000000e+03 1.999997541345250429e+00
1.630000000000000000e+03 1.999997532554874002e+00
1.635000000000000000e+03 1.999997527142432396e+00
1.640000000000000000e+03 1.999997521962837199e+00
1.645000000000000000e+03 1.999997513113457748e+00
1.650000000000000000e+03 1.999997504282572613e+00
1.655000000000000000e+03 1.999997496965925992e+00
1.660000000000000000e+03 1.999997491462213173e+00
1.665000000000000000e+03 1.999997482151246730e+00
1.670000000000000000e+03 1.999997472995961756e+00
1.675000000000000000e+03 1.999997465614734793e+00
1.680000000000000000e+03 1.999997462630723533e+00
1.685000000000000000e+03 1.999997454063840774e+00
1.690000000000000000e+03 1.999997445194278356e+00
1.695000000000000000e+03 1.999997436611507196e+00
1.700000000000000000e+03 1.999997430089565320e+00
1.705000000000000000e+03 1.999997421272993181e+00
1.710000000000000000e+03 1.999997412634035410e+00
1.715000000000000000e+03 1.999997404374962873e+00
1.720000000000000000e+03 1.999997400627187005e+00
1.725000000000000000e+03 1.999997392684305764e+00
1.730000000000000000e+03 1.999997383572384768e+00
1.735000000000000000e+03 1.999997374562783037e+00
1.740000000000000000e+03 1.999997369116213841e+00
1.745000000000000000e+03 1.999997361079292268e+00
1.750000000000000000e+03 1.999997352397373751e+00
1.755000000000000000e+03 1.999997344115868270e+00
1.760000000000000000e+03 1.999997338671346325e+00
1.765000000000000000e+03 1.999997332621337831e+00
1.770000000000000000e+03 1.999997323268076777e+00
1.775000000000000000e+03 1.999997314093485246e+00
1.780000000000000000e+03 1.999997307539446378e+00
1.785000000000000000e+03 1.999997301034132091e+00
1.790000000000000000e+03 1.999997293121491104e+00
1.795000000000000000e+03 1.999997285246744472e+00
1.800000000000000000e+03 1.999997276025009096e+00
1.805000000000000000e+03 1.999997271069177351e+00
1.810000000000000000e+03 1.999997263292992322e+00
1.815000000000000000e+03 1.999997255431887222e+00
1.820000000000000000e+03 1.999997246580138333e+00
1.825000000000000000e+03 1.999997241649906776e+00
1.830000000000000000e+03 1.999997233648621586e+00
1.835000000000000000e+03 1.999997225188351102e+00
1.840000000000000000e+03 1.999997216290360535e+00
1.845000000000000000e+03 1.999997210582027396e+00
1.850000000000000000e+03 1.999997202891436343e+00
1.855000000000000000e+03 1.999997194968293535e+00
1.860000000000000000e+03 1.999997186318901221e+00
1.865000000000000000e+03 1.999997180226038340e+00
1.870000000000000000e+03 1.999997173120153349e+00
1.875000000000000000e+03 1.999997164594763843e+00
1.880000000000000000e+03 1.999997155631048962e+00
1.885000000000000000e+03 1.999997149695508902e+00
1.890000000000000000e+03 1.999997143258962717e+00
1.895000000000000000e+03 1.999997134670952192e+00
1.900000000000000000e+03 1.999997125209408644e+00
1.905000000000000000e+03 1.999997116332115965e+00
1.910000000000000000e+03 1.999997112002645849e+00
1.915000000000000000e+03 1.999997103238898788e+00
1.920000000000000000e+03 1.999997094213362470e+00
1.925000000000000000e+03 1.999997086039831728e+00
1.930000000000000000e+03 1.999997082651531644e+00
1.935000000000000000e+03 1.999997073797794567e+00
1.940000000000000000e+03 1.999997064148078207e+00
1.945000000000000000e+03 1.999997054649553130e+00
1.950000000000000000e+03 1.999997050831076706e+00
1.955000000000000000e+03 1.999997042590353269e+00
1.960000000000000000e+03 1.999997033707892502e+00
1.965000000000000000e+03 1.999997025101481807e+00
1.970000000000000000e+03 1.999997021255095486e+00
1.975000000000000000e+03 1.999997012405472896e+00
1.980000000000000000e+03 1.999997002579965377e+00
1.985000000000000000e+03 1.999996992805838092e+00
1.990000000000000000e+03 1.999996989032857719e+00
1.995000000000000000e+03 1.999996982247683963e+00
2.000000000000000000e+03 1.999996973333246331e+00
2.005000000000000000e+03 1.999996964094306495e+00
2.010000000000000000e+03 1.999996958921826939e+00
2.015000000000000000e+03 1.999996952097075509e+00
2.020000000000000000e+03 1.999996942352471718e+00
2.025000000000000000e+03 1.999996932347293699e+00
2.030000000000000000e+03 1.999996926180924284e+00
2.035000000000000000e+03 1.999996921121616422e+00
2.040000000000000000e+03 1.999996912137754324e+00
2.045000000000000000e+03 1.999996902892132056e+00
2.050000000000000000e+03 1.999996895921287487e+00
2.055000000000000000e+03 1.999996889153538682e+00
2.060000000000000000e+03 1.999996880413929867e+00
2.065000000000000000e+03 1.999996872561499162e+00
2.070000000000000000e+03 1.999996863842147032e+00
2.075000000000000000e+03 1.999996858511042586e+00
2.080000000000000000e+03 1.999996850188177300e+00
2.085000000000000000e+03 1.999996842071423364e+00
2.090000000000000000e+03 1.999996833811232833e+00
2.095000000000000000e+03 1.999996828210704347e+00
2.100000000000000000e+03 1.999996820031872735e+00
2.105000000000000000e+03 1.999996812252108791e+00
2.110000000000000000e+03 1.999996804088934432e+00
2.115000000000000000e+03 1.999996797526740533e+00
2.120000000000000000e+03 1.999996789582941803e+00
2.125000000000000000e+03 1.999996781205385821e+00
2.130000000000000000e+03 1.999996773225014346e+00
2.135000000000000000e+03 1.999996767916301765e+00
2.140000000000000000e+03 1.999996760189081124e+00
2.145000000000000000e+03 1.999996752323807803e+00
2.150000000000000000e+03 1.999996744076974364e+00
2.155000000000000000e+03 1.999996736472051895e+00
2.160000000000000000e+03 1.999996729429126319e+00
2.165000000000000000e+03 1.999996721559101021e+00
2.170000000000000000e+03 1.999996713759012223e+00
2.175000000000000000e+03 1.999996704748766785e+00
2.180000000000000000e+03 1.999996699731059868e+00
2.185000000000000000e+03 1.999996691832212514e+00
2.190000000000000000e+03 1.999996683733893166e+00
2.195000000000000000e+03 1.999996674374189487e+00
2.200000000000000000e+03 1.999996668730661842e+00
2.205000000000000000e+03 1.999996660694883577e+00
2.210000000000000000e+03 1.999996652918807349e+00
2.215000000000000000e+03 1.999996644477126662e+00
2.220000000000000000e+03 1.999996639944049637e+00
2.225000000000000000e+03 1.999996631907221545e+00
2.230000000000000000e+03 1.999996623191194534e+00
2.235000000000000000e+03 1.999996614119785354e+00
2.240000000000000000e+03 1.999996609485979793e+00
2.245000000000000000e+03 1.999996602197151807e+00
2.250000000000000000e+03 1.999996593384975707e+00
2.255000000000000000e+03 1.999996584059642535e+00
2.260000000000000000e+03 1.999996577888195404e+00
2.265000000000000000e+03 1.999996571246468013e+00
2.270000000000000000e+03 1.999996562435175429e+00
2.275000000000000000e+03 1.999996553292946677e+00
2.280000000000000000e+03 1.999996547272516079e+00
2.285000000000000000e+03 1.999996541635389979e+00
2.290000000000000000e+03 1.999996533408023414e+00
2.295000000000000000e+03 1.999996524605239800e+00
2.300000000000000000e+03 1.999996515239883532e+00
2.305000000000000000e+03 1.999996511299859447e+00
2.310000000000000000e+03 1.999996502805881260e+00
2.315000000000000000e+03 1.999996494077225240e+00
2.320000000000000000e+03 1.999996485849275141e+00
2.325000000000000000e+03 1.999996480879668193e+00
2.330000000000000000e+03 1.999996473153725418e+00
2.335000000000000000e+03 1.999996464916766969e+00
2.340000000000000000e+03 1.999996455973048759e+00
2.345000000000000000e+03 1.999996451040762180e+00
2.350000000000000000e+03 1.999996443161648152e+00
2.355000000000000000e+03 1.999996434920223942e+00
2.360000000000000000e+03 1.999996426285687523e+00
2.365000000000000000e+03 1.999996421006571490e+00
2.370000000000000000e+03 1.999996413442775900e+00
2.375000000000000000e+03 1.999996405167581370e+00
2.380000000000000000e+03 1.999996396302295310e+00
2.385000000000000000e+03 1.999996390162239512e+00
2.390000000000000000e+03 1.999996383289895263e+00
2.395000000000000000e+03 1.999996375061730003e+00
2.400000000000000000e+03 1.999996366723055807e+00
2.405000000000000000e+03 1.999996359995172890e+00
2.410000000000000000e+03 1.999996352400831734e+00
2.415000000000000000e+03 1.999996344639714430e+00
2.420000000000000000e+03 1.999996336671471475e+00
2.425000000000000000e+03 1.999996327685978459e+00
2.430000000000000000e+03 1.999996322657896952e+00
2.435000000000000000e+03 1.999996314514529416e+00
2.440000000000000000e+03 1.999996306381577327e+00
2.445000000000000000e+03 1.999996297854894856e+00
2.450000000000000000e+03 1.999996292741798465e+00
2.455000000000000000e+03 1.999996283699964739e+00
2.460000000000000000e+03 1.999996275524394740e+00
2.465000000000000000e+03 1.999996267211936907e+00
2.470000000000000000e+03 1.999996262058669982e+00
2.475000000000000000e+03 1.999996254046634281e+00
2.480000000000000000e+03 1.999996245766377578e+00
2.485000000000000000e+03 1.999996237839578805e+00
2.490000000000000000e+03 1.999996234299698417e+00
2.495000000000000000e+03 1.999996225455062726e+00
2.500000000000000000e+03 1.999996215983568471e+00
2.505000000000000000e+03 1.999996207042078700e+00
2.510000000000000000e+03 1.999996202715884408e+00
2.515000000000000000e+03 1.999996196537739079e+00
2.520000000000000000e+03 1.999996188071789804e+00
2.525000000000000000e+03 1.999996179519748063e+00
2.530000000000000000e+03 1.999996172826583374e+00
2.535000000000000000e+03 1.999996166179472290e+00
2.540000000000000000e+03 1.999996156549437965e+00
2.545000000000000000e+03 1.999996147355744380e+00
2.550000000000000000e+03 1.999996141084095846e+00
2.555000000000000000e+03 1.999996136816001080e+00
2.560000000000000000e+03 1.999996128253572314e+00
2.565000000000000000e+03 1.999996119625040869e+00
2.570000000000000000e+03 1.999996111390576647e+00
2.575000000000000000e+03 1.999996107257675737e+00
2.580000000000000000e+03 1.999996097734382472e+00
2.585000000000000000e+03 1.999996088318788390e+00
2.590000000000000000e+03 1.999996080110369112e+00
2.595000000000000000e+03 1.999996077119179372e+00
2.600000000000000000e+03 1.999996069157248257e+00
2.605000000000000000e+03 1.999996060461254777e+00
2.610000000000000000e+03 1.999996051947034115e+00
2.615000000000000000e+03 1.999996047403042043e+00
2.620000000000000000e+03 1.999996038932430276e+00
2.625000000000000000e+03 1.999996029670760844e+00
2.630000000000000000e+03 1.999996020364106286e+00
2.635000000000000000e+03 1.999996016319192549e+00
2.640000000000000000e+03 1.999996009407476905e+00
2.645000000000000000e+03 1.999996001003351731e+00
2.650000000000000000e+03 1.999995992418366786e+00
2.655000000000000000e+03 1.999995984856117959e+00
2.660000000000000000e+03 1.999995978060380653e+00
2.665000000000000000e+03 1.999995968641424371e+00
2.670000000000000000e+03 1.999995959314714522e+00
2.675000000000000000e+03 1.999995953064110932e+00
2.680000000000000000e+03 1.999995949188046573e+00
2.685000000000000000e+03 1.999995940170335329e+00
2.690000000000000000e+03 1.999995931169750163e+00
2.695000000000000000e+03 1.999995922456053066e+00
2.700000000000000000e+03 1.999995918050672117e+00
2.705000000000000000e+03 1.999995908757351781e+00
2.710000000000000000e+03 1.999995899483172579e+00
2.715000000000000000e+03 1.999995891715063978e+00
2.720000000000000000e+03 1.999995888764429575e+00
2.725000000000000000e+03 1.999995880285371008e+00
2.730000000000000000e+03 1.999995871198411823e+00
2.735000000000000000e+03 1.999995862180247830e+00
2.740000000000000000e+03 1.999995855596187644e+00
2.745000000000000000e+03 1.999995846987616233e+00
2.750000000000000000e+03 1.999995838338835430e+00
2.755000000000000000e+03 1.999995830077202497e+00
2.760000000000000000e+03 1.999995825977232355e+00
2.765000000000000000e+03 1.999995818147978666e+00
2.770000000000000000e+03 1.999995808802100816e+00
2.775000000000000000e+03 1.999995799860699419e+00
2.780000000000000000e+03 1.999995794259403104e+00
2.785000000000000000e+03 1.999995786609385373e+00
2.790000000000000000e+03 1.999995777954151510e+00
2.795000000000000000e+03 1.999995769687107128e+00
2.800000000000000000e+03 1.999995763850525687e+00
2.805000000000000000e+03 1.999995758048114247e+00
2.810000000000000000e+03 1.999995748411733443e+00
2.815000000000000000e+03 1.999995739348996882e+00
2.820000000000000000e+03 1.999995732302625173e+00
2.825000000000000000e+03 1.999995725991482454e+00
2.830000000000000000e+03 1.999995717800536088e+00
2.835000000000000000e+03 1.999995709829004653e+00
2.840000000000000000e+03 1.999995701352755839e+00
2.845000000000000000e+03 1.999995696188452854e+00
2.850000000000000000e+03 1.999995688144906802e+00
2.855000000000000000e+03 1.999995680375785234e+00
2.860000000000000000e+03 1.999995672039826422e+00
2.865000000000000000e+03 1.999995666547897955e+00
2.870000000000000000e+03 1.999995658734626813e+00
2.875000000000000000e+03 1.999995650644416090e+00
2.880000000000000000e+03 1.999995642064074763e+00
2.885000000000000000e+03 1.999995635686143247e+00
2.890000000000000000e+03 1.999995627859599834e+00
2.895000000000000000e+03 1.999995620064161317e+00
2.900000000000000000e+03 1.999995611898863102e+00
2.905000000000000000e+03 1.999995605200222348e+00
2.910000000000000000e+03 1.999995598281590903e+00
2.915000000000000000e+03 1.999995590155470460e+00
2.920000000000000000e+03 1.999995581842118009e+00
2.925000000000000000e+03 1.999995574214239236e+00
2.930000000000000000e+03 1.999995568869500140e+00
2.935000000000000000e+03 1.999995560054357524e+00
2.940000000000000000e+03 1.999995550639810604e+00
2.945000000000000000e+03 1.999995541876951277e+00
2.950000000000000000e+03 1.999995537915796096e+00
2.955000000000000000e+03 1.999995529433564734e+00
2.960000000000000000e+03 1.999995520606184130e+00
2.965000000000000000e+03 1.999995512371673723e+00
2.970000000000000000e+03 1.999995508300467240e+00
2.975000000000000000e+03 1.999995499582292835e+00
2.980000000000000000e+03 1.999995490254836694e+00
2.985000000000000000e+03 1.999995480572455353e+00
2.990000000000000000e+03 1.999995477030533708e+00
2.995000000000000000e+03 1.999995469345363652e+00
3.000000000000000000e+03 1.999995460652514545e+00
3.005000000000000000e+03 1.999995451690892212e+00
3.010000000000000000e+03 1.999995446112431408e+00
3.015000000000000000e+03 1.999995437511604246e+00
3.020000000000000000e+03 1.999995428047159907e+00
3.025000000000000000e+03 1.999995418661326463e+00
3.030000000000000000e+03 1.999995413724440674e+00
3.035000000000000000e+03 1.999995407446826912e+00
3.040000000000000000e+03 1.999995398440870042e+00
3.045000000000000000e+03 1.999995389299982884e+00
3.050000000000000000e+03 1.999995383380069658e+00
3.055000000000000000e+03 1.999995376917619749e+00
3.060000000000000000e+03 1.999995367575274186e+00
3.065000000000000000e+03 1.999995358291451364e+00
3.070000000000000000e+03 1.999995351856146852e+00
3.075000000000000000e+03 1.999995347528086942e+00
3.080000000000000000e+03 1.999995338625415675e+00
3.085000000000000000e+03 1.999995329391671239e+00
3.090000000000000000e+03 1.999995321369681722e+00
3.095000000000000000e+03 1.999995315848069888e+00
3.100000000000000000e+03 1.999995306889322588e+00
3.105000000000000000e+03 1.999995298057319459e+00
3.110000000000000000e+03 1.999995289783985664e+00
3.115000000000000000e+03 1.999995287062476867e+00
3.120000000000000000e+03 1.999995279004817883e+00
3.125000000000000000e+03 1.999995269769735406e+00
3.130000000000000000e+03 1.999995260627190907e+00
3.135000000000000000e+03 1.999995255585997889e+00
3.140000000000000000e+03 1.999995247298274936e+00
3.145000000000000000e+03 1.999995238232166850e+00
3.150000000000000000e+03 1.999995229250716600e+00
3.155000000000000000e+03 1.999995225173032853e+00
3.160000000000000000e+03 1.999995218941147179e+00
3.165000000000000000e+03 1.999995209680095920e+00
3.170000000000000000e+03 1.999995200177962174e+00
3.175000000000000000e+03 1.999995193879124278e+00
3.180000000000000000e+03 1.999995186065362640e+00
3.185000000000000000e+03 1.999995177690838011e+00
3.190000000000000000e+03 1.999995169656940464e+00
3.195000000000000000e+03 1.999995162822290062e+00
3.200000000000000000e+03 1.999995157864421946e+00
3.205000000000000000e+03 1.999995148614270635e+00
3.210000000000000000e+03 1.999995139356830931e+00
3.215000000000000000e+03 1.999995131487786404e+00
3.220000000000000000e+03 1.999995125966654186e+00
3.225000000000000000e+03 1.999995117492432639e+00
3.230000000000000000e+03 1.999995109016903028e+00
3.235000000000000000e+03 1.999995101023783750e+00
3.240000000000000000e+03 1.999995097784897702e+00
3.245000000000000000e+03 1.999995089118005831e+00
3.250000000000000000e+03 1.999995079733907444e+00
3.255000000000000000e+03 1.999995070789400753e+00
3.260000000000000000e+03 1.999995065733296551e+00
3.265000000000000000e+03 1.999995057783589436e+00
3.270000000000000000e+03 1.999995049185963714e+00
3.275000000000000000e+03 1.999995040734133589e+00
3.280000000000000000e+03 1.999995037236819817e+00
3.285000000000000000e+03 1.999995030458511902e+00
3.290000000000000000e+03 1.999995020995125161e+00
3.295000000000000000e+03 1.999995011323294047e+00
3.300000000000000000e+03 1.999995005043673668e+00
3.305000000000000000e+03 1.999994998601968499e+00
3.310000000000000000e+03 1.999994990062994971e+00
3.315000000000000000e+03 1.999994981336314037e+00
3.320000000000000000e+03 1.999994975142107334e+00
3.325000000000000000e+03 1.999994971305258495e+00
3.330000000000000000e+03 1.999994962519240360e+00
3.335000000000000000e+03 1.999994953117070651e+00
3.340000000000000000e+03 1.999994944007989606e+00
3.345000000000000000e+03 1.999994940242813213e+00
3.350000000000000000e+03 1.999994932085782606e+00
3.355000000000000000e+03 1.999994923631698729e+00
3.360000000000000000e+03 1.999994915475345580e+00
3.365000000000000000e+03 1.999994911319448621e+00
3.370000000000000000e+03 1.999994902945891440e+00
3.375000000000000000e+03 1.999994893613218139e+00
3.380000000000000000e+03 1.999994884160770425e+00
3.385000000000000000e+03 1.999994880097463401e+00
3.390000000000000000e+03 1.999994872745807228e+00
3.395000000000000000e+03 1.999994864497969704e+00
3.400000000000000000e+03 1.999994856012532685e+00
3.405000000000000000e+03 1.999994850538495905e+00
3.410000000000000000e+03 1.999994843093390262e+00
3.415000000000000000e+03 1.999994834869608162e+00
3.420000000000000000e+03 1.999994825906452833e+00
3.425000000000000000e+03 1.999994818357951232e+00
3.430000000000000000e+03 1.999994813068598498e+00
3.435000000000000000e+03 1.999994804826591865e+00
3.440000000000000000e+03 1.999994796473374858e+00
3.445000000000000000e+03 1.999994788728105322e+00
3.450000000000000000e+03 1.999994782734104026e+00
3.455000000000000000e+03 1.999994774873432579e+00
3.460000000000000000e+03 1.999994766493677245e+00
3.465000000000000000e+03 1.999994756566366938e+00
3.470000000000000000e+03 1.999994752397504794e+00
3.475000000000000000e+03 1.999994744351657472e+00
3.480000000000000000e+03 1.999994736264337769e+00
3.485000000000000000e+03 1.999994727349381218e+00
3.490000000000000000e+03 1.999994721858306290e+00
3.495000000000000000e+03 1.999994713971678717e+00
3.500000000000000000e+03 1.999994706218501728e+00
3.505000000000000000e+03 1.999994697629746465e+00
3.510000000000000000e+03 1.999994691243419442e+00
3.515000000000000000e+03 1.999994683169843634e+00
3.520000000000000000e+03 1.999994674888476487e+00
3.525000000000000000e+03 1.999994666675222632e+00
3.530000000000000000e+03 1.999994661851407285e+00
3.535000000000000000e+03 1.999994653990199822e+00
3.540000000000000000e+03 1.999994646213748561e+00
3.545000000000000000e+03 1.999994637970248679e+00
3.550000000000000000e+03 1.999994631287507652e+00
3.555000000000000000e+03 1.999994623426984530e+00
3.560000000000000000e+03 1.999994615356722516e+00
3.565000000000000000e+03 1.999994607331129215e+00
3.570000000000000000e+03 1.999994600911630060e+00
3.575000000000000000e+03 1.999994593422792066e+00
3.580000000000000000e+03 1.999994585605760378e+00
3.585000000000000000e+03 1.999994577773051230e+00
3.590000000000000000e+03 1.999994568603898237e+00
3.595000000000000000e+03 1.999994563121573643e+00
3.600000000000000000e+03 1.999994554721248541e+00
3.605000000000000000e+03 1.999994546611947310e+00
3.610000000000000000e+03 1.999994538295084112e+00
3.615000000000000000e+03 1.999994534151873227e+00
3.620000000000000000e+03 1.999994526304477160e+00
3.625000000000000000e+03 1.999994517919821524e+00
3.630000000000000000e+03 1.999994508880789335e+00
3.635000000000000000e+03 1.999994503985916827e+00
3.640000000000000000e+03 1.999994496354536189e+00
3.645000000000000000e+03 1.999994487987981406e+00
3.650000000000000000e+03 1.999994479285305049e+00
3.655000000000000000e+03 1.999994473813183626e+00
3.660000000000000000e+03 1.999994466113911962e+00
3.665000000000000000e+03 1.999994457218739141e+00
3.670000000000000000e+03 1.999994447877019965e+00
3.675000000000000000e+03 1.999994442473489009e+00
3.680000000000000000e+03 1.999994435554512950e+00
3.685000000000000000e+03 1.999994427413556597e+00
3.690000000000000000e+03 1.999994418875155500e+00
3.695000000000000000e+03 1.999994410597449646e+00
3.700000000000000000e+03 1.999994405424324606e+00
3.705000000000000000e+03 1.999994396176424383e+00
3.710000000000000000e+03 1.999994386752451447e+00
3.715000000000000000e+03 1.999994379222939100e+00
3.720000000000000000e+03 1.999994375400652835e+00
3.725000000000000000e+03 1.999994365923650763e+00
3.730000000000000000e+03 1.999994356463595135e+00
3.735000000000000000e+03 1.999994348143401490e+00
3.740000000000000000e+03 1.999994342775969436e+00
3.745000000000000000e+03 1.999994333664378621e+00
3.750000000000000000e+03 1.999994324700223647e+00
3.755000000000000000e+03 1.999994316685055118e+00
3.760000000000000000e+03 1.999994314165825404e+00
3.765000000000000000e+03 1.999994305244906734e+00
3.770000000000000000e+03 1.999994295564301305e+00
3.775000000000000000e+03 1.999994286354753292e+00
3.780000000000000000e+03 1.999994281060708534e+00
3.785000000000000000e+03 1.999994272835324827e+00
3.790000000000000000e+03 1.999994264090269702e+00
3.795000000000000000e+03 1.999994255760081385e+00
3.800000000000000000e+03 1.999994251114173727e+00
3.805000000000000000e+03 1.999994243543954386e+00
3.810000000000000000e+03 1.999994234032741236e+00
3.815000000000000000e+03 1.999994225455694385e+00
3.820000000000000000e+03 1.999994219764385850e+00
3.825000000000000000e+03 1.999994212085230538e+00
3.830000000000000000e+03 1.999994204027758737e+00
3.835000000000000000e+03 1.999994196112478084e+00
3.840000000000000000e+03 1.999994188738044132e+00
3.845000000000000000e+03 1.999994182622760519e+00
3.850000000000000000e+03 1.999994173255433827e+00
3.855000000000000000e+03 1.999994165082301212e+00
3.860000000000000000e+03 1.999994156647247889e+00
3.865000000000000000e+03 1.999994151420121158e+00
3.870000000000000000e+03 1.999994143362507693e+00
3.875000000000000000e+03 1.999994135404365103e+00
3.880000000000000000e+03 1.999994126851381449e+00
3.885000000000000000e+03 1.999994121527392199e+00
3.890000000000000000e+03 1.999994113308787957e+00
3.895000000000000000e+03 1.999994105537203470e+00
3.900000000000000000e+03 1.999994097390864978e+00
3.905000000000000000e+03 1.999994091970837440e+00
3.910000000000000000e+03 1.999994084454107979e+00
3.915000000000000000e+03 1.999994076221347061e+00
3.920000000000000000e+03 1.999994067626950534e+00
3.925000000000000000e+03 1.999994061445244720e+00
3.930000000000000000e+03 1.999994054039247571e+00
3.935000000000000000e+03 1.999994045852954594e+00
3.940000000000000000e+03 1.999994037075258690e+00
3.945000000000000000e+03 1.999994029518080252e+00
3.950000000000000000e+03 1.999994023522774889e+00
3.955000000000000000e+03 1.999994015443397055e+00
3.960000000000000000e+03 1.999994007235484483e+00
3.965000000000000000e+03 1.999993998475115387e+00
3.970000000000000000e+03 1.999993993938875780e+00
3.975000000000000000e+03 1.999993985498976556e+00
3.980000000000000000e+03 1.999993976601607049e+00
3.985000000000000000e+03 1.999993966904437093e+00
3.990000000000000000e+03 1.999993963439825828e+00
3.995000000000000000e+03 1.999993955429766546e+00
4.000000000000000000e+03 1.999993946984391702e+00
4.005000000000000000e+03 1.999993938162698104e+00
4.010000000000000000e+03 1.999993933402788748e+00
4.015000000000000000e+03 1.999993925165986619e+00
4.020000000000000000e+03 1.999993916389020798e+00
4.025000000000000000e+03 1.999993906927857834e+00
4.030000000000000000e+03 1.999993902380176936e+00
4.035000000000000000e+03 1.999993894880935930e+00
4.040000000000000000e+03 1.999993886667975396e+00
4.045000000000000000e+03 1.999993878039098449e+00
4.050000000000000000e+03 1.999993871771409193e+00
4.055000000000000000e+03 1.999993864023973611e+00
4.060000000000000000e+03 1.999993854792404990e+00
4.065000000000000000e+03 1.999993845172057361e+00
4.070000000000000000e+03 1.999993839561117426e+00
4.075000000000000000e+03 1.999993834731227826e+00
4.080000000000000000e+03 1.999993825940414860e+00
4.085000000000000000e+03 1.999993816837710936e+00
4.090000000000000000e+03 1.999993808616916224e+00
4.095000000000000000e+03 1.999993803966205075e+00
4.100000000000000000e+03 1.999993794914682210e+00
4.105000000000000000e+03 1.999993785588700668e+00
4.110000000000000000e+03 1.999993777525550520e+00
4.115000000000000000e+03 1.999993774444245309e+00
4.120000000000000000e+03 1.999993766197128320e+00
4.125000000000000000e+03 1.999993757443345954e+00
4.130000000000000000e+03 1.999993748523969828e+00
4.135000000000000000e+03 1.999993742187748058e+00
4.140000000000000000e+03 1.999993733499712434e+00
4.145000000000000000e+03 1.999993724575718002e+00
4.150000000000000000e+03 1.999993716037939295e+00
4.155000000000000000e+03 1.999993713102615978e+00
4.160000000000000000e+03 1.999993705432246527e+00
4.165000000000000000e+03 1.999993696292964751e+00
4.170000000000000000e+03 1.999993686914913971e+00
4.175000000000000000e+03 1.999993681448284821e+00
4.180000000000000000e+03 1.999993673962153995e+00
4.185000000000000000e+03 1.999993665182543623e+00
4.190000000000000000e+03 1.999993656114397833e+00
4.195000000000000000e+03 1.999993651426266172e+00
4.200000000000000000e+03 1.999993646104991862e+00
4.205000000000000000e+03 1.999993637188923090e+00
4.210000000000000000e+03 1.999993627820529252e+00
4.215000000000000000e+03 1.999993619709028669e+00
4.220000000000000000e+03 1.999993613149073202e+00
4.225000000000000000e+03 1.999993604601537855e+00
4.230000000000000000e+03 1.999993595867153529e+00
4.235000000000000000e+03 1.999993589112581960e+00
4.240000000000000000e+03 1.999993586044842786e+00
4.245000000000000000e+03 1.999993577411480095e+00
4.250000000000000000e+03 1.999993568237517838e+00
4.255000000000000000e+03 1.999993559153596001e+00
4.260000000000000000e+03 1.999993554311094934e+00
4.265000000000000000e+03 1.999993546231668695e+00
4.270000000000000000e+03 1.999993537609504601e+00
4.275000000000000000e+03 1.999993529402809278e+00
4.280000000000000000e+03 1.999993525577877351e+00
4.285000000000000000e+03 1.999993517558423584e+00
4.290000000000000000e+03 1.999993508299365175e+00
4.295000000000000000e+03 1.999993498606002396e+00
4.300000000000000000e+03 1.999993493720555016e+00
4.305000000000000000e+03 1.999993486943799859e+00
4.310000000000000000e+03 1.999993478553258486e+00
4.315000000000000000e+03 1.999993469904856935e+00
4.320000000000000000e+03 1.999993464659749032e+00
4.325000000000000000e+03 1.999993458253332523e+00
4.330000000000000000e+03 1.999993449789704947e+00
4.335000000000000000e+03 1.999993440612765960e+00
4.340000000000000000e+03 1.999993431712628000e+00
4.345000000000000000e+03 1.999993427062579432e+00
4.350000000000000000e+03 1.999993418772546994e+00
4.355000000000000000e+03 1.999993410327716381e+00
4.360000000000000000e+03 1.999993401949431648e+00
4.365000000000000000e+03 1.999993397973321985e+00
4.370000000000000000e+03 1.999993389966529644e+00
4.375000000000000000e+03 1.999993381411108162e+00
4.380000000000000000e+03 1.999993372092248256e+00
4.385000000000000000e+03 1.999993367704317571e+00
4.390000000000000000e+03 1.999993359786287117e+00
4.395000000000000000e+03 1.999993351626003335e+00
4.400000000000000000e+03 1.999993342899336612e+00
4.405000000000000000e+03 1.999993337011792160e+00
4.410000000000000000e+03 1.999993329187073732e+00
4.415000000000000000e+03 1.999993321409464953e+00
4.420000000000000000e+03 1.999993312891441555e+00
4.425000000000000000e+03 1.999993306557674488e+00
4.430000000000000000e+03 1.999993298442369616e+00
4.435000000000000000e+03 1.999993290299155291e+00
4.440000000000000000e+03 1.999993282150557272e+00
4.445000000000000000e+03 1.999993276887618743e+00
4.450000000000000000e+03 1.999993269119497485e+00
4.455000000000000000e+03 1.999993261358096408e+00
4.460000000000000000e+03 1.999993253210561317e+00
4.465000000000000000e+03 1.999993244796477887e+00
4.470000000000000000e+03 1.999993239660077693e+00
4.475000000000000000e+03 1.999993231559219264e+00
4.480000000000000000e+03 1.999993223423394584e+00
4.485000000000000000e+03 1.999993214392127516e+00
4.490000000000000000e+03 1.999993209053990695e+00
4.495000000000000000e+03 1.999993201312223690e+00
4.500000000000000000e+03 1.999993193259449242e+00
4.505000000000000000e+03 1.999993183905692584e+00
4.510000000000000000e+03 1.999993178455947485e+00
4.515000000000000000e+03 1.999993170446891622e+00
4.520000000000000000e+03 1.999993162481402909e+00
4.525000000000000000e+03 1.999993153917967614e+00
4.530000000000000000e+03 1.999993149546147375e+00
4.535000000000000000e+03 1.999993141692453236e+00
4.540000000000000000e+03 1.999993133041948701e+00
4.545000000000000000e+03 1.999993123574951737e+00
4.550000000000000000e+03 1.999993118680655657e+00
4.555000000000000000e+03 1.999993111622260678e+00
4.560000000000000000e+03 1.999993103038763431e+00
4.565000000000000000e+03 1.999993094104097757e+00
4.570000000000000000e+03 1.999993088354965254e+00
4.575000000000000000e+03 1.999993081327530176e+00
4.580000000000000000e+03 1.999993072172318476e+00
4.585000000000000000e+03 1.999993062323105697e+00
4.590000000000000000e+03 1.999993055892515637e+00
4.595000000000000000e+03 1.999993050940330308e+00
4.600000000000000000e+03 1.999993042584643943e+00
4.605000000000000000e+03 1.999993033798443731e+00
4.610000000000000000e+03 1.999993024629955984e+00
4.615000000000000000e+03 1.999993019314296294e+00
4.620000000000000000e+03 1.999993009682024425e+00
4.625000000000000000e+03 1.999993000198839965e+00
4.630000000000000000e+03 1.999992992720622809e+00
4.635000000000000000e+03 1.999992989565976931e+00
4.640000000000000000e+03 1.999992980414731836e+00
4.645000000000000000e+03 1.999992970868867292e+00
4.650000000000000000e+03 1.999992962330373603e+00
4.655000000000000000e+03 1.999992957250835701e+00
4.660000000000000000e+03 1.999992948278906280e+00
4.665000000000000000e+03 1.999992939501161526e+00
4.670000000000000000e+03 1.999992931293176790e+00
4.675000000000000000e+03 1.999992927596212944e+00
4.680000000000000000e+03 1.999992919536469405e+00
4.685000000000000000e+03 1.999992909760983872e+00
4.690000000000000000e+03 1.999992900690304110e+00
4.695000000000000000e+03 1.999992895375935165e+00
4.700000000000000000e+03 1.999992887276742515e+00
4.705000000000000000e+03 1.999992879173090987e+00
4.710000000000000000e+03 1.999992871305544595e+00
4.715000000000000000e+03 1.999992864862714548e+00
4.720000000000000000e+03 1.999992857411783564e+00
4.725000000000000000e+03 1.999992848664348566e+00
4.730000000000000000e+03 1.999992840848248132e+00
4.735000000000000000e+03 1.999992832485316230e+00
4.740000000000000000e+03 1.999992828378527765e+00
4.745000000000000000e+03 1.999992819958144263e+00
4.750000000000000000e+03 1.999992811022603956e+00
4.755000000000000000e+03 1.999992802290789129e+00
4.760000000000000000e+03 1.999992798434152563e+00
4.765000000000000000e+03 1.999992789517886393e+00
4.770000000000000000e+03 1.999992779783429153e+00
4.775000000000000000e+03 1.999992770619240634e+00
4.780000000000000000e+03 1.999992765682556239e+00
4.785000000000000000e+03 1.999992756881468825e+00
4.790000000000000000e+03 1.999992747701879070e+00
4.795000000000000000e+03 1.999992739321528656e+00
4.800000000000000000e+03 1.999992736655944903e+00
4.805000000000000000e+03 1.999992728048755497e+00
4.810000000000000000e+03 1.999992717932097985e+00
4.815000000000000000e+03 1.999992708396151064e+00
4.820000000000000000e+03 1.999992703126470373e+00
4.825000000000000000e+03 1.999992695650950392e+00
4.830000000000000000e+03 1.999992686704390010e+00
4.835000000000000000e+03 1.999992678016941694e+00
4.840000000000000000e+03 1.999992672914561176e+00
4.845000000000000000e+03 1.999992665960330429e+00
4.850000000000000000e+03 1.999992656146050152e+00
4.855000000000000000e+03 1.999992647681492430e+00
4.860000000000000000e+03 1.999992640953657475e+00
4.865000000000000000e+03 1.999992634256766433e+00
4.870000000000000000e+03 1.999992626073328728e+00
4.875000000000000000e+03 1.999992618089342589e+00
4.880000000000000000e+03 1.999992610014663219e+00
4.885000000000000000e+03 1.999992604665405072e+00
4.890000000000000000e+03 1.999992595497503522e+00
4.895000000000000000e+03 1.999992587600859295e+00
4.900000000000000000e+03 1.999992579184704633e+00
4.905000000000000000e+03 1.999992573394797857e+00
4.910000000000000000e+03 1.999992565209477879e+00
4.915000000000000000e+03 1.999992557131578641e+00
4.920000000000000000e+03 1.999992548862467467e+00
4.925000000000000000e+03 1.999992543550290103e+00
4.930000000000000000e+03 1.999992535463380960e+00
4.935000000000000000e+03 1.999992527707038281e+00
4.940000000000000000e+03 1.999992519541318403e+00
4.945000000000000000e+03 1.999992513318147980e+00
4.950000000000000000e+03 1.999992505470584492e+00
4.955000000000000000e+03 1.999992497547309123e+00
4.960000000000000000e+03 1.999992489459245792e+00
4.965000000000000000e+03 1.999992482880937894e+00
4.970000000000000000e+03 1.999992475203867581e+00
4.975000000000000000e+03 1.999992467384085648e+00
4.980000000000000000e+03 1.999992459266806133e+00
4.985000000000000000e+03 1.999992450737930971e+00
4.990000000000000000e+03 1.999992444443988271e+00
4.995000000000000000e+03 1.999992436498593706e+00
5.000000000000000000e+03 1.999992428601215178e+00
5.005000000000000000e+03 1.999992419903418472e+00
5.010000000000000000e+03 1.999992415324078010e+00
5.015000000000000000e+03 1.999992407359862279e+00
5.020000000000000000e+03 1.999992399012470834e+00
5.025000000000000000e+03 1.999992389834560624e+00
5.030000000000000000e+03 1.999992383898783865e+00
5.035000000000000000e+03 1.999992375872608363e+00
5.040000000000000000e+03 1.999992367952107664e+00
5.045000000000000000e+03 1.999992359623209870e+00
5.050000000000000000e+03 1.999992354338683054e+00
5.055000000000000000e+03 1.999992346557668554e+00
5.060000000000000000e+03 1.999992338518303603e+00
5.065000000000000000e+03 1.999992329968099947e+00
5.070000000000000000e+03 1.999992323574987241e+00
5.075000000000000000e+03 1.999992315555588096e+00
5.080000000000000000e+03 1.999992307616693221e+00
5.085000000000000000e+03 1.999992299655733330e+00
5.090000000000000000e+03 1.999992293831970525e+00
5.095000000000000000e+03 1.999992287012877235e+00
5.100000000000000000e+03 1.999992278422360492e+00
5.105000000000000000e+03 1.999992269519600629e+00
5.110000000000000000e+03 1.999992261750543232e+00
5.115000000000000000e+03 1.999992256090790566e+00
5.120000000000000000e+03 1.999992248187290489e+00
5.125000000000000000e+03 1.999992240131210242e+00
5.130000000000000000e+03 1.999992230406524296e+00
5.135000000000000000e+03 1.999992226692156816e+00
5.140000000000000000e+03 1.999992218367636188e+00
5.145000000000000000e+03 1.999992209891465311e+00
5.150000000000000000e+03 1.999992200940724940e+00
5.155000000000000000e+03 1.999992195694519692e+00
5.160000000000000000e+03 1.999992187899014118e+00
5.165000000000000000e+03 1.999992179953381521e+00
5.170000000000000000e+03 1.999992171444982647e+00
5.175000000000000000e+03 1.999992166287222428e+00
5.180000000000000000e+03 1.999992158351582061e+00
5.185000000000000000e+03 1.999992150073212960e+00
5.190000000000000000e+03 1.999992141360472209e+00
5.195000000000000000e+03 1.999992135010473460e+00
5.200000000000000000e+03 1.999992126971578354e+00
5.205000000000000000e+03 1.999992119040623129e+00
5.210000000000000000e+03 1.999992111182739007e+00
5.215000000000000000e+03 1.999992105264292608e+00
5.220000000000000000e+03 1.999992097993309237e+00
5.225000000000000000e+03 1.999992089839660592e+00
5.230000000000000000e+03 1.999992081637989694e+00
5.235000000000000000e+03 1.999992074396944153e+00
5.240000000000000000e+03 1.999992067007506424e+00
5.245000000000000000e+03 1.999992058553326180e+00
5.250000000000000000e+03 1.999992050604057159e+00
5.255000000000000000e+03 1.999992042547086957e+00
5.260000000000000000e+03 1.999992036901538484e+00
5.265000000000000000e+03 1.999992028746307327e+00
5.270000000000000000e+03 1.999992020643853063e+00
5.275000000000000000e+03 1.999992012432033173e+00
5.280000000000000000e+03 1.999992008024785495e+00
5.285000000000000000e+03 1.999991999070998450e+00
5.290000000000000000e+03 1.999991990288026988e+00
5.295000000000000000e+03 1.999991981997053081e+00
5.300000000000000000e+03 1.999991976867126597e+00
5.305000000000000000e+03 1.999991968952744781e+00
5.310000000000000000e+03 1.999991960621785303e+00
5.315000000000000000e+03 1.999991952508566539e+00
5.320000000000000000e+03 1.999991949112857936e+00
5.325000000000000000e+03 1.999991941180498944e+00
5.330000000000000000e+03 1.999991931839223192e+00
5.335000000000000000e+03 1.999991922242265074e+00
5.340000000000000000e+03 1.999991916585892815e+00
5.345000000000000000e+03 1.999991909261376932e+00
5.350000000000000000e+03 1.999991901013696616e+00
5.355000000000000000e+03 1.999991892602038357e+00
5.360000000000000000e+03 1.999991887311950212e+00
5.365000000000000000e+03 1.999991882089854123e+00
5.370000000000000000e+03 1.999991872775428448e+00
5.375000000000000000e+03 1.999991863031658212e+00
5.380000000000000000e+03 1.999991855818474384e+00
5.385000000000000000e+03 1.999991851276567090e+00
5.390000000000000000e+03 1.999991843106490919e+00
5.395000000000000000e+03 1.999991834680847402e+00
5.400000000000000000e+03 1.999991826842799636e+00
5.405000000000000000e+03 1.999991822782840378e+00
5.410000000000000000e+03 1.999991814125503309e+00
5.415000000000000000e+03 1.999991804750804070e+00
5.420000000000000000e+03 1.999991795277835216e+00
5.425000000000000000e+03 1.999991791845860067e+00
5.430000000000000000e+03 1.999991784225995328e+00
5.435000000000000000e+03 1.999991775949784056e+00
5.440000000000000000e+03 1.999991767290448585e+00
5.445000000000000000e+03 1.999991762131762885e+00
5.450000000000000000e+03 1.999991754147105283e+00
5.455000000000000000e+03 1.999991744811729255e+00
5.460000000000000000e+03 1.999991734775621088e+00
5.465000000000000000e+03 1.999991729989612610e+00
5.470000000000000000e+03 1.999991724113837632e+00
5.475000000000000000e+03 1.999991715595550001e+00
5.480000000000000000e+03 1.999991706686169657e+00
5.485000000000000000e+03 1.999991700008095341e+00
5.490000000000000000e+03 1.999991694282523991e+00
5.495000000000000000e+03 1.999991685236690353e+00
5.500000000000000000e+03 1.999991675312309258e+00
5.505000000000000000e+03 1.999991667435235598e+00
5.510000000000000000e+03 1.999991663887916271e+00
5.515000000000000000e+03 1.999991655611825125e+00
5.520000000000000000e+03 1.999991646918837906e+00
5.525000000000000000e+03 1.999991638099703373e+00
5.530000000000000000e+03 1.999991632707578848e+00
5.535000000000000000e+03 1.999991623356754067e+00
5.540000000000000000e+03 1.999991613645559774e+00
5.545000000000000000e+03 1.999991605188106369e+00
5.550000000000000000e+03 1.999991602171897087e+00
5.555000000000000000e+03 1.999991593975005921e+00
5.560000000000000000e+03 1.999991584638357134e+00
5.565000000000000000e+03 1.999991575648974340e+00
5.570000000000000000e+03 1.999991571139305035e+00
5.575000000000000000e+03 1.999991562528312672e+00
5.580000000000000000e+03 1.999991553023085178e+00
5.585000000000000000e+03 1.999991544193935322e+00
5.590000000000000000e+03 1.999991539972936883e+00
5.595000000000000000e+03 1.999991533421979328e+00
5.600000000000000000e+03 1.999991523841471386e+00
5.605000000000000000e+03 1.999991514351876720e+00
5.610000000000000000e+03 1.999991508538554452e+00
5.615000000000000000e+03 1.999991500779505049e+00
5.620000000000000000e+03 1.999991492280620342e+00
5.625000000000000000e+03 1.999991484534132447e+00
5.630000000000000000e+03 1.999991477253757477e+00
5.635000000000000000e+03 1.999991470933224713e+00
5.640000000000000000e+03 1.999991461902521417e+00
5.645000000000000000e+03 1.999991453856508228e+00
5.650000000000000000e+03 1.999991445302973680e+00
5.655000000000000000e+03 1.999991440421229782e+00
5.660000000000000000e+03 1.999991432683775106e+00
5.665000000000000000e+03 1.999991424684612218e+00
5.670000000000000000e+03 1.999991415496192415e+00
5.675000000000000000e+03 1.999991409399509035e+00
5.680000000000000000e+03 1.999991401184427087e+00
5.685000000000000000e+03 1.999991393511878490e+00
5.690000000000000000e+03 1.999991385201556948e+00
5.695000000000000000e+03 1.999991379952554604e+00
5.700000000000000000e+03 1.999991372223973274e+00
5.705000000000000000e+03 1.999991363610463591e+00
5.710000000000000000e+03 1.999991354316569714e+00
5.715000000000000000e+03 1.999991349153359854e+00
5.720000000000000000e+03 1.999991341958049063e+00
5.725000000000000000e+03 1.999991333322622022e+00
5.730000000000000000e+03 1.999991323667423826e+00
5.735000000000000000e+03 1.999991316240624872e+00
5.740000000000000000e+03 1.999991310144616286e+00
5.745000000000000000e+03 1.999991300688431561e+00
5.750000000000000000e+03 1.999991291209265665e+00
5.755000000000000000e+03 1.999991284960665805e+00
5.760000000000000000e+03 1.999991279428428692e+00
5.765000000000000000e+03 1.999991269205385391e+00
5.770000000000000000e+03 1.999991260279940120e+00
5.775000000000000000e+03 1.999991252198780822e+00
5.780000000000000000e+03 1.999991247698074570e+00
5.785000000000000000e+03 1.999991239882685568e+00
5.790000000000000000e+03 1.999991231790871460e+00
5.795000000000000000e+03 1.999991222680263414e+00
5.800000000000000000e+03 1.999991217174611924e+00
5.805000000000000000e+03 1.999991209675423098e+00
5.810000000000000000e+03 1.999991201340546310e+00
5.815000000000000000e+03 1.999991191972227966e+00
5.820000000000000000e+03 1.999991186954103384e+00
5.825000000000000000e+03 1.999991179263974406e+00
5.830000000000000000e+03 1.999991170751961311e+00
5.835000000000000000e+03 1.999991161858251987e+00
5.840000000000000000e+03 1.999991156593834196e+00
5.845000000000000000e+03 1.999991149226632459e+00
5.850000000000000000e+03 1.999991140006461610e+00
5.855000000000000000e+03 1.999991130033270004e+00
5.860000000000000000e+03 1.999991123627896661e+00
5.865000000000000000e+03 1.999991117989572409e+00
5.870000000000000000e+03 1.999991109090485386e+00
5.875000000000000000e+03 1.999991099938777994e+00
5.880000000000000000e+03 1.999991092527757752e+00
5.885000000000000000e+03 1.999991086792359818e+00
5.890000000000000000e+03 1.999991076493083497e+00
5.895000000000000000e+03 1.999991067407918877e+00
5.900000000000000000e+03 1.999991060274933119e+00
5.905000000000000000e+03 1.999991054642323851e+00
5.910000000000000000e+03 1.999991045961194036e+00
5.915000000000000000e+03 1.999991037459041276e+00
5.920000000000000000e+03 1.999991029680915133e+00
5.925000000000000000e+03 1.999991024823492225e+00
5.930000000000000000e+03 1.999991015369884106e+00
5.935000000000000000e+03 1.999991007267874377e+00
5.940000000000000000e+03 1.999990999086673105e+00
5.945000000000000000e+03 1.999990993442409382e+00
5.950000000000000000e+03 1.999990985258187637e+00
5.955000000000000000e+03 1.999990976605506621e+00
5.960000000000000000e+03 1.999990968349746545e+00
5.965000000000000000e+03 1.999990963244477893e+00
5.970000000000000000e+03 1.999990955001991422e+00
5.975000000000000000e+03 1.999990947203044378e+00
5.980000000000000000e+03 1.999990939226924613e+00
5.985000000000000000e+03 1.999990932635129504e+00
5.990000000000000000e+03 1.999990924698045847e+00
5.995000000000000000e+03 1.999990916691307685e+00
6.000000000000000000e+03 1.999990908768343401e+00
6.005000000000000000e+03 1.999990902179108687e+00
6.010000000000000000e+03 1.999990894847845535e+00
6.015000000000000000e+03 1.999990887038092469e+00
6.020000000000000000e+03 1.999990878994714505e+00
6.025000000000000000e+03 1.999990869580366093e+00
6.030000000000000000e+03 1.999990863989632217e+00
6.035000000000000000e+03 1.999990855748633223e+00
6.040000000000000000e+03 1.999990847802573857e+00
6.045000000000000000e+03 1.999990839241174045e+00
6.050000000000000000e+03 1.999990834758871072e+00
6.055000000000000000e+03 1.999990826905304164e+00
6.060000000000000000e+03 1.999990818727465314e+00
6.065000000000000000e+03 1.999990809797582259e+00
6.070000000000000000e+03 1.999990803927215621e+00
6.075000000000000000e+03 1.999990796034176732e+00
6.080000000000000000e+03 1.999990788155877386e+00
6.085000000000000000e+03 1.999990779919043948e+00
6.090000000000000000e+03 1.999990774153697082e+00
6.095000000000000000e+03 1.999990766386914531e+00
6.100000000000000000e+03 1.999990758291261272e+00
6.105000000000000000e+03 1.999990749853363559e+00
6.110000000000000000e+03 1.999990743188432507e+00
6.115000000000000000e+03 1.999990735195179559e+00
6.120000000000000000e+03 1.999990727174219884e+00
6.125000000000000000e+03 1.999990719273726070e+00
6.130000000000000000e+03 1.999990712480316235e+00
6.135000000000000000e+03 1.999990706783783212e+00
6.140000000000000000e+03 1.999990698296209679e+00
6.145000000000000000e+03 1.999990689714590930e+00
6.150000000000000000e+03 1.999990680699256673e+00
6.155000000000000000e+03 1.999990675804693696e+00
6.160000000000000000e+03 1.999990668002547878e+00
6.165000000000000000e+03 1.999990659982091135e+00
6.170000000000000000e+03 1.999990650939065695e+00
6.175000000000000000e+03 1.999990646309828479e+00
6.180000000000000000e+03 1.999990638209349303e+00
6.185000000000000000e+03 1.999990629973137590e+00
6.190000000000000000e+03 1.999990621100771415e+00
6.195000000000000000e+03 1.999990615229463309e+00
6.200000000000000000e+03 1.999990607291787459e+00
6.205000000000000000e+03 1.999990599419724013e+00
6.210000000000000000e+03 1.999990591293423048e+00
6.215000000000000000e+03 1.999990585805122789e+00
6.220000000000000000e+03 1.999990577978766781e+00
6.225000000000000000e+03 1.999990569827301057e+00
6.230000000000000000e+03 1.999990561441735704e+00
6.235000000000000000e+03 1.999990554855107572e+00
6.240000000000000000e+03 1.999990546856785345e+00
6.245000000000000000e+03 1.999990538561801756e+00
6.250000000000000000e+03 1.999990530671474476e+00
6.255000000000000000e+03 1.999990524574478457e+00
6.260000000000000000e+03 1.999990517179897287e+00
6.265000000000000000e+03 1.999990509019790252e+00
6.270000000000000000e+03 1.999990500921726477e+00
6.275000000000000000e+03 1.999990493948403225e+00
6.280000000000000000e+03 1.999990488223055696e+00
6.285000000000000000e+03 1.999990478960405493e+00
6.290000000000000000e+03 1.999990470098305551e+00
6.295000000000000000e+03 1.999990462094711097e+00
6.300000000000000000e+03 1.999990457093812513e+00
6.305000000000000000e+03 1.999990448904555906e+00
6.310000000000000000e+03 1.999990440591089103e+00
6.315000000000000000e+03 1.999990433105068188e+00
6.320000000000000000e+03 1.999990428463497949e+00
6.325000000000000000e+03 1.999990419433662403e+00
6.330000000000000000e+03 1.999990410511062189e+00
6.335000000000000000e+03 1.999990402067589601e+00
6.340000000000000000e+03 1.999990397032465284e+00
6.345000000000000000e+03 1.999990389513353728e+00
6.350000000000000000e+03 1.999990381256194327e+00
6.355000000000000000e+03 1.999990372919281612e+00
6.360000000000000000e+03 1.999990368756901393e+00
6.365000000000000000e+03 1.999990361174490028e+00
6.370000000000000000e+03 1.999990351809157740e+00
6.375000000000000000e+03 1.999990342295290713e+00
6.380000000000000000e+03 1.999990336504845700e+00
6.385000000000000000e+03 1.999990330867447375e+00
6.390000000000000000e+03 1.999990322513901297e+00
6.395000000000000000e+03 1.999990313878522219e+00
6.400000000000000000e+03 1.999990306771476600e+00
6.405000000000000000e+03 1.999990302538100062e+00
6.410000000000000000e+03 1.999990293350754067e+00
6.415000000000000000e+03 1.999990283727669738e+00
6.420000000000000000e+03 1.999990275204474033e+00
6.425000000000000000e+03 1.999990272014607218e+00
6.430000000000000000e+03 1.999990263940203850e+00
6.435000000000000000e+03 1.999990255410349027e+00
6.440000000000000000e+03 1.999990246899504331e+00
6.445000000000000000e+03 1.999990241730294382e+00
6.450000000000000000e+03 1.999990232647186117e+00
6.455000000000000000e+03 1.999990223132150025e+00
6.460000000000000000e+03 1.999990213911210901e+00
6.465000000000000000e+03 1.999990210524541956e+00
6.470000000000000000e+03 1.999990203303287251e+00
6.475000000000000000e+03 1.999990194503326935e+00
6.480000000000000000e+03 1.999990185479718408e+00
6.485000000000000000e+03 1.999990180412109186e+00
6.490000000000000000e+03 1.999990172517458253e+00
6.495000000000000000e+03 1.999990163040049396e+00
6.500000000000000000e+03 1.999990153438047980e+00
6.505000000000000000e+03 1.999990148223216746e+00
6.510000000000000000e+03 1.999990143061159742e+00
6.515000000000000000e+03 1.999990134079813631e+00
6.520000000000000000e+03 1.999990124750084863e+00
6.525000000000000000e+03 1.999990117603065221e+00
6.530000000000000000e+03 1.999990110358629281e+00
6.535000000000000000e+03 1.999990101705057421e+00
6.540000000000000000e+03 1.999990093846585548e+00
6.545000000000000000e+03 1.999990085269313544e+00
6.550000000000000000e+03 1.999990079990803915e+00
6.555000000000000000e+03 1.999990071790283430e+00
6.560000000000000000e+03 1.999990063922506556e+00
6.565000000000000000e+03 1.999990055387154575e+00
6.570000000000000000e+03 1.999990050226042149e+00
6.575000000000000000e+03 1.999990042450590755e+00
6.580000000000000000e+03 1.999990034497239444e+00
6.585000000000000000e+03 1.999990025393606707e+00
6.590000000000000000e+03 1.999990019104161965e+00
6.595000000000000000e+03 1.999990011058249584e+00
6.600000000000000000e+03 1.999990003273291794e+00
6.605000000000000000e+03 1.999989995225299522e+00
6.610000000000000000e+03 1.999989989689247238e+00
6.615000000000000000e+03 1.999989982202592165e+00
6.620000000000000000e+03 1.999989973585741376e+00
6.625000000000000000e+03 1.999989963950173033e+00
6.630000000000000000e+03 1.999989958220103725e+00
6.635000000000000000e+03 1.999989951840208890e+00
6.640000000000000000e+03 1.999989943474338006e+00
6.645000000000000000e+03 1.999989934152949900e+00
6.650000000000000000e+03 1.999989925165832183e+00
6.655000000000000000e+03 1.999989918899212515e+00
6.660000000000000000e+03 1.999989909604444005e+00
6.665000000000000000e+03 1.999989900613551308e+00
6.670000000000000000e+03 1.999989894170919547e+00
6.675000000000000000e+03 1.999989889369016449e+00
6.680000000000000000e+03 1.999989879584774810e+00
6.685000000000000000e+03 1.999989870256708713e+00
6.690000000000000000e+03 1.999989861956725790e+00
6.695000000000000000e+03 1.999989856739753824e+00
6.700000000000000000e+03 1.999989848764746725e+00
6.705000000000000000e+03 1.999989841042078220e+00
6.710000000000000000e+03 1.999989832366886544e+00
6.715000000000000000e+03 1.999989826615265587e+00
6.720000000000000000e+03 1.999989817837062756e+00
6.725000000000000000e+03 1.999989809843313315e+00
6.730000000000000000e+03 1.999989801986998383e+00
6.735000000000000000e+03 1.999989796168938794e+00
6.740000000000000000e+03 1.999989788549486613e+00
6.745000000000000000e+03 1.999989780511246762e+00
6.750000000000000000e+03 1.999989771818919904e+00
6.755000000000000000e+03 1.999989765540267417e+00
6.760000000000000000e+03 1.999989758293277964e+00
6.765000000000000000e+03 1.999989750268222011e+00
6.770000000000000000e+03 1.999989740913370451e+00
6.775000000000000000e+03 1.999989732205966320e+00
6.780000000000000000e+03 1.999989727685536289e+00
6.785000000000000000e+03 1.999989718661220328e+00
6.790000000000000000e+03 1.999989709340725730e+00
6.795000000000000000e+03 1.999989701766409445e+00
6.800000000000000000e+03 1.999989697082487750e+00
6.805000000000000000e+03 1.999989686765738073e+00
6.810000000000000000e+03 1.999989676957654394e+00
6.815000000000000000e+03 1.999989668643136209e+00
6.820000000000000000e+03 1.999989664324650196e+00
6.825000000000000000e+03 1.999989655635801000e+00
6.830000000000000000e+03 1.999989646828691736e+00
6.835000000000000000e+03 1.999989638730382380e+00
6.840000000000000000e+03 1.999989635174542091e+00
6.845000000000000000e+03 1.999989625514556391e+00
6.850000000000000000e+03 1.999989616049559382e+00
6.855000000000000000e+03 1.999989607993474694e+00
6.860000000000000000e+03 1.999989602243429587e+00
6.865000000000000000e+03 1.999989594291963435e+00
6.870000000000000000e+03 1.999989585847716356e+00
6.875000000000000000e+03 1.999989577711003719e+00
6.880000000000000000e+03 1.999989572274010863e+00
6.885000000000000000e+03 1.999989564129186048e+00
6.890000000000000000e+03 1.999989556363350740e+00
6.895000000000000000e+03 1.999989548494567337e+00
6.900000000000000000e+03 1.999989540827846746e+00
6.905000000000000000e+03 1.999989534211436215e+00
6.910000000000000000e+03 1.999989526341442003e+00
6.915000000000000000e+03 1.999989518370619113e+00
6.920000000000000000e+03 1.999989509496957529e+00
6.925000000000000000e+03 1.999989504151103770e+00
6.930000000000000000e+03 1.999989496402902578e+00
6.935000000000000000e+03 1.999989487823727652e+00
6.940000000000000000e+03 1.999989478464814896e+00
6.945000000000000000e+03 1.999989473223619196e+00
6.950000000000000000e+03 1.999989465450879411e+00
6.955000000000000000e+03 1.999989457477236110e+00
6.960000000000000000e+03 1.999989448685757232e+00
6.965000000000000000e+03 1.999989443940838330e+00
6.970000000000000000e+03 1.999989435877611577e+00
6.975000000000000000e+03 1.999989426783218560e+00
6.980000000000000000e+03 1.999989417241390122e+00
6.985000000000000000e+03 1.999989412889924267e+00
6.990000000000000000e+03 1.999989405621105387e+00
6.995000000000000000e+03 1.999989397063219432e+00
7.000000000000000000e+03 1.999989388131930168e+00
7.005000000000000000e+03 1.999989382350053857e+00
7.010000000000000000e+03 1.999989374976121947e+00
7.015000000000000000e+03 1.999989365475437042e+00
7.020000000000000000e+03 1.999989355777824773e+00
7.025000000000000000e+03 1.999989349968555485e+00
7.030000000000000000e+03 1.999989344764405264e+00
7.035000000000000000e+03 1.999989336377657301e+00
7.040000000000000000e+03 1.999989327609459577e+00
7.045000000000000000e+03 1.999989318470660304e+00
7.050000000000000000e+03 1.999989314172036403e+00
7.055000000000000000e+03 1.999989304745413365e+00
7.060000000000000000e+03 1.999989295312039506e+00
7.065000000000000000e+03 1.999989287416422235e+00
7.070000000000000000e+03 1.999989284382550636e+00
7.075000000000000000e+03 1.999989275870072358e+00
7.080000000000000000e+03 1.999989266755865192e+00
7.085000000000000000e+03 1.999989258062674802e+00
7.090000000000000000e+03 1.999989253447310045e+00
7.095000000000000000e+03 1.999989244635628216e+00
7.100000000000000000e+03 1.999989235478068839e+00
7.105000000000000000e+03 1.999989226759333993e+00
7.110000000000000000e+03 1.999989223361736901e+00
7.115000000000000000e+03 1.999989215901971207e+00
7.120000000000000000e+03 1.999989207089620136e+00
7.125000000000000000e+03 1.999989198091971065e+00
7.130000000000000000e+03 1.999989190861797939e+00
7.135000000000000000e+03 1.999989183257469216e+00
7.140000000000000000e+03 1.999989174332068131e+00
7.145000000000000000e+03 1.999989165526569135e+00
7.150000000000000000e+03 1.999989160097656926e+00
7.155000000000000000e+03 1.999989154434990590e+00
7.160000000000000000e+03 1.999989144832055032e+00
7.165000000000000000e+03 1.999989135695910081e+00
7.170000000000000000e+03 1.999989129015842027e+00
7.175000000000000000e+03 1.999989122770408301e+00
7.180000000000000000e+03 1.999989114035328530e+00
7.185000000000000000e+03 1.999989105404350154e+00
7.190000000000000000e+03 1.999989098577515723e+00
7.195000000000000000e+03 1.999989095406925266e+00
7.200000000000000000e+03 1.999989086159449370e+00
7.205000000000000000e+03 1.999989076872336735e+00
7.210000000000000000e+03 1.999989068190213715e+00
7.215000000000000000e+03 1.999989063172343817e+00
7.220000000000000000e+03 1.999989054876694539e+00
7.225000000000000000e+03 1.999989046331033915e+00
7.230000000000000000e+03 1.999989038369010874e+00
7.235000000000000000e+03 1.999989035297921269e+00
7.240000000000000000e+03 1.999989027433535238e+00
7.245000000000000000e+03 1.999989018453580902e+00
7.250000000000000000e+03 1.999989009226101899e+00
7.255000000000000000e+03 1.999989003520938224e+00
7.260000000000000000e+03 1.999988996823690135e+00
7.265000000000000000e+03 1.999988988446385285e+00
7.270000000000000000e+03 1.999988979956306645e+00
7.275000000000000000e+03 1.999988973704184714e+00
7.280000000000000000e+03 1.999988967793614680e+00
7.285000000000000000e+03 1.999988958671179651e+00
7.290000000000000000e+03 1.999988949396396043e+00
7.295000000000000000e+03 1.999988941158360234e+00
7.300000000000000000e+03 1.999988937243064591e+00
7.305000000000000000e+03 1.999988928985703129e+00
7.310000000000000000e+03 1.999988920724632635e+00
7.315000000000000000e+03 1.999988911462023733e+00
7.320000000000000000e+03 1.999988907529868021e+00
7.325000000000000000e+03 1.999988899436502043e+00
7.330000000000000000e+03 1.999988890943801056e+00
7.335000000000000000e+03 1.999988881770474958e+00
7.340000000000000000e+03 1.999988877281250188e+00
7.345000000000000000e+03 1.999988869383408252e+00
7.350000000000000000e+03 1.999988861203435775e+00
7.355000000000000000e+03 1.999988852561068509e+00
7.360000000000000000e+03 1.999988846734621184e+00
7.365000000000000000e+03 1.999988839017793119e+00
7.370000000000000000e+03 1.999988831051929372e+00
7.375000000000000000e+03 1.999988822546631795e+00
7.380000000000000000e+03 1.999988816434489669e+00
7.385000000000000000e+03 1.999988808585592581e+00
7.390000000000000000e+03 1.999988800477643602e+00
7.395000000000000000e+03 1.999988792328659892e+00
7.400000000000000000e+03 1.999988786117698147e+00
7.405000000000000000e+03 1.999988778246222010e+00
7.410000000000000000e+03 1.999988770407112204e+00
7.415000000000000000e+03 1.999988762571067502e+00
7.420000000000000000e+03 1.999988754540939606e+00
7.425000000000000000e+03 1.999988747632896358e+00
7.430000000000000000e+03 1.999988739332821730e+00
7.435000000000000000e+03 1.999988731128754749e+00
7.440000000000000000e+03 1.999988723819039249e+00
7.445000000000000000e+03 1.999988718505160135e+00
7.450000000000000000e+03 1.999988710692100602e+00
7.455000000000000000e+03 1.999988702696733345e+00
7.460000000000000000e+03 1.999988693438744525e+00
7.465000000000000000e+03 1.999988688003130566e+00
7.470000000000000000e+03 1.999988680023961907e+00
7.475000000000000000e+03 1.999988672056010719e+00
7.480000000000000000e+03 1.999988663616347306e+00
7.485000000000000000e+03 1.999988657908718270e+00
7.490000000000000000e+03 1.999988650124536305e+00
7.495000000000000000e+03 1.999988642247753523e+00
7.500000000000000000e+03 1.999988633610472188e+00
7.505000000000000000e+03 1.999988627118239437e+00
7.510000000000000000e+03 1.999988619047535776e+00
7.515000000000000000e+03 1.999988611047231801e+00
7.520000000000000000e+03 1.999988603118769026e+00
7.525000000000000000e+03 1.999988597450594430e+00
7.530000000000000000e+03 1.999988590549525824e+00
7.535000000000000000e+03 1.999988581797428777e+00
7.540000000000000000e+03 1.999988572221663929e+00
7.545000000000000000e+03 1.999988564886719722e+00
7.550000000000000000e+03 1.999988560239100543e+00
7.555000000000000000e+03 1.999988551938569170e+00
7.560000000000000000e+03 1.999988543222452897e+00
7.565000000000000000e+03 1.999988533520214551e+00
7.570000000000000000e+03 1.999988529440781093e+00
7.575000000000000000e+03 1.999988520336058784e+00
7.580000000000000000e+03 1.999988510674491016e+00
7.585000000000000000e+03 1.999988502601354856e+00
7.590000000000000000e+03 1.999988499315008328e+00
7.595000000000000000e+03 1.999988491183773753e+00
7.600000000000000000e+03 1.999988482215514063e+00
7.605000000000000000e+03 1.999988472714797183e+00
7.610000000000000000e+03 1.999988467301924810e+00
7.615000000000000000e+03 1.999988458613201292e+00
7.620000000000000000e+03 1.999988449196442142e+00
7.625000000000000000e+03 1.999988440223032793e+00
7.630000000000000000e+03 1.999988437009004416e+00
7.635000000000000000e+03 1.999988429327508088e+00
7.640000000000000000e+03 1.999988419575117193e+00
7.645000000000000000e+03 1.999988409836893188e+00
7.650000000000000000e+03 1.999988404697939481e+00
7.655000000000000000e+03 1.999988396797483192e+00
7.660000000000000000e+03 1.999988388970038056e+00
7.665000000000000000e+03 1.999988380986871261e+00
7.670000000000000000e+03 1.999988373869630021e+00
7.675000000000000000e+03 1.999988366336722834e+00
7.680000000000000000e+03 1.999988358521151532e+00
7.685000000000000000e+03 1.999988350819397631e+00
7.690000000000000000e+03 1.999988340887929983e+00
7.695000000000000000e+03 1.999988337110778724e+00
7.700000000000000000e+03 1.999988328855577979e+00
7.705000000000000000e+03 1.999988320012171972e+00
7.710000000000000000e+03 1.999988311165685761e+00
7.715000000000000000e+03 1.999988306061085019e+00
7.720000000000000000e+03 1.999988298389658858e+00
7.725000000000000000e+03 1.999988289942322695e+00
7.730000000000000000e+03 1.999988280200110990e+00
7.735000000000000000e+03 1.999988275529528847e+00
7.740000000000000000e+03 1.999988267470159897e+00
7.745000000000000000e+03 1.999988258404096664e+00
7.750000000000000000e+03 1.999988249353089831e+00
7.755000000000000000e+03 1.999988245478632187e+00
7.760000000000000000e+03 1.999988237569098937e+00
7.765000000000000000e+03 1.999988227666966489e+00
7.770000000000000000e+03 1.999988217219698550e+00
7.775000000000000000e+03 1.999988211593323628e+00
7.780000000000000000e+03 1.999988204635931632e+00
7.785000000000000000e+03 1.999988195650769685e+00
7.790000000000000000e+03 1.999988186711156191e+00
7.795000000000000000e+03 1.999988181267348342e+00
7.800000000000000000e+03 1.999988174941482511e+00
7.805000000000000000e+03 1.999988164964158432e+00
7.810000000000000000e+03 1.999988156066268896e+00
7.815000000000000000e+03 1.999988148829702883e+00
7.820000000000000000e+03 1.999988142900572363e+00
7.825000000000000000e+03 1.999988134196423184e+00
7.830000000000000000e+03 1.999988125623771484e+00
7.835000000000000000e+03 1.999988118182436381e+00
7.840000000000000000e+03 1.999988113020629399e+00
7.845000000000000000e+03 1.999988103761306535e+00
7.850000000000000000e+03 1.999988095807621935e+00
7.855000000000000000e+03 1.999988087453094199e+00
7.860000000000000000e+03 1.999988081674503482e+00
7.865000000000000000e+03 1.999988073618311324e+00
7.870000000000000000e+03 1.999988065722335895e+00
7.875000000000000000e+03 1.999988057442977585e+00
7.880000000000000000e+03 1.999988052605736089e+00
7.885000000000000000e+03 1.999988044995870018e+00
7.890000000000000000e+03 1.999988036418347992e+00
7.895000000000000000e+03 1.999988026570868049e+00
7.900000000000000000e+03 1.999988021163721541e+00
7.905000000000000000e+03 1.999988014620370791e+00
7.910000000000000000e+03 1.999988006124441720e+00
7.915000000000000000e+03 1.999987997083220392e+00
7.920000000000000000e+03 1.999987990479888955e+00
7.925000000000000000e+03 1.999987984372880945e+00
7.930000000000000000e+03 1.999987975185692601e+00
7.935000000000000000e+03 1.999987965133940060e+00
7.940000000000000000e+03 1.999987957245509040e+00
7.945000000000000000e+03 1.999987953620020908e+00
7.950000000000000000e+03 1.999987945241959775e+00
7.955000000000000000e+03 1.999987936302930480e+00
7.960000000000000000e+03 1.999987927084964534e+00
7.965000000000000000e+03 1.999987923059987516e+00
7.970000000000000000e+03 1.999987913563506803e+00
7.975000000000000000e+03 1.999987903682306944e+00
7.980000000000000000e+03 1.999987895184217601e+00
7.985000000000000000e+03 1.999987892265039813e+00
7.990000000000000000e+03 1.999987883996542815e+00
7.995000000000000000e+03 1.999987874577025648e+00
8.000000000000000000e+03 1.999987865661059017e+00
8.005000000000000000e+03 1.999987861248315957e+00
8.010000000000000000e+03 1.999987852500788588e+00
8.015000000000000000e+03 1.999987842927004378e+00
8.020000000000000000e+03 1.999987833813422933e+00
8.025000000000000000e+03 1.999987830320572701e+00
8.030000000000000000e+03 1.999987823823170530e+00
8.035000000000000000e+03 1.999987814422969912e+00
8.040000000000000000e+03 1.999987805007807706e+00
8.045000000000000000e+03 1.999987798464505140e+00
8.050000000000000000e+03 1.999987791418757155e+00
8.055000000000000000e+03 1.999987782176113837e+00
8.060000000000000000e+03 1.999987773265890167e+00
8.065000000000000000e+03 1.999987767429042718e+00
8.070000000000000000e+03 1.999987763628254145e+00
8.075000000000000000e+03 1.999987754378632854e+00
8.080000000000000000e+03 1.999987744954885960e+00
8.085000000000000000e+03 1.999987736596511745e+00
8.090000000000000000e+03 1.999987731856281759e+00
8.095000000000000000e+03 1.999987722734855700e+00
8.100000000000000000e+03 1.999987713586212967e+00
8.105000000000000000e+03 1.999987705993965692e+00
8.110000000000000000e+03 1.999987703103792480e+00
8.115000000000000000e+03 1.999987694502576963e+00
8.120000000000000000e+03 1.999987685051589192e+00
8.125000000000000000e+03 1.999987676083968990e+00
8.130000000000000000e+03 1.999987669909542021e+00
8.135000000000000000e+03 1.999987661560157948e+00
8.140000000000000000e+03 1.999987652927474491e+00
8.145000000000000000e+03 1.999987644620982108e+00
8.150000000000000000e+03 1.999987641321619769e+00
8.155000000000000000e+03 1.999987634064166242e+00
8.160000000000000000e+03 1.999987624398056996e+00
8.165000000000000000e+03 1.999987615097524651e+00
8.170000000000000000e+03 1.999987609074057593e+00
8.175000000000000000e+03 1.999987602341103177e+00
8.180000000000000000e+03 1.999987593592218005e+00
8.185000000000000000e+03 1.999987584895807968e+00
8.190000000000000000e+03 1.999987579015367611e+00
8.195000000000000000e+03 1.999987574735972107e+00
8.200000000000000000e+03 1.999987565114746957e+00
8.205000000000000000e+03 1.999987555687951390e+00
8.210000000000000000e+03 1.999987547643318653e+00
8.215000000000000000e+03 1.999987543408336066e+00
8.220000000000000000e+03 1.999987534890525387e+00
8.225000000000000000e+03 1.999987526305104346e+00
8.230000000000000000e+03 1.999987518757429861e+00
8.235000000000000000e+03 1.999987514978023961e+00
8.240000000000000000e+03 1.999987506475181975e+00
8.245000000000000000e+03 1.999987497303128192e+00
8.250000000000000000e+03 1.999987488185784201e+00
8.255000000000000000e+03 1.999987483612339911e+00
8.260000000000000000e+03 1.999987475982477836e+00
8.265000000000000000e+03 1.999987467611054726e+00
8.270000000000000000e+03 1.999987459220124553e+00
8.275000000000000000e+03 1.999987454161090916e+00
8.280000000000000000e+03 1.999987446700572047e+00
8.285000000000000000e+03 1.999987438278391982e+00
8.290000000000000000e+03 1.999987429412867224e+00
8.295000000000000000e+03 1.999987422821216443e+00
8.300000000000000000e+03 1.999987416517585936e+00
8.305000000000000000e+03 1.999987408286881818e+00
8.310000000000000000e+03 1.999987400027840589e+00
8.315000000000000000e+03 1.999987392723391766e+00
8.320000000000000000e+03 1.999987385842432852e+00
8.325000000000000000e+03 1.999987378033529106e+00
8.330000000000000000e+03 1.999987369925486203e+00
8.335000000000000000e+03 1.999987360132811531e+00
8.340000000000000000e+03 1.999987355198443284e+00
8.345000000000000000e+03 1.999987347090939283e+00
8.350000000000000000e+03 1.999987338991965347e+00
8.355000000000000000e+03 1.999987330470471170e+00
8.360000000000000000e+03 1.999987325855350218e+00
8.365000000000000000e+03 1.999987318139355041e+00
8.370000000000000000e+03 1.999987310053064959e+00
8.375000000000000000e+03 1.999987301169930509e+00
8.380000000000000000e+03 1.999987294939341131e+00
8.385000000000000000e+03 1.999987286806200304e+00
8.390000000000000000e+03 1.999987278678598379e+00
8.395000000000000000e+03 1.999987270439424814e+00
8.400000000000000000e+03 1.999987265038106754e+00
8.405000000000000000e+03 1.999987256911743172e+00
8.410000000000000000e+03 1.999987249065177775e+00
8.415000000000000000e+03 1.999987241143676986e+00
8.420000000000000000e+03 1.999987234579950979e+00
8.425000000000000000e+03 1.999987226639211135e+00
8.430000000000000000e+03 1.999987218371245712e+00
8.435000000000000000e+03 1.999987210237787805e+00
8.440000000000000000e+03 1.999987204412828179e+00
8.445000000000000000e+03 1.999987196576739734e+00
8.450000000000000000e+03 1.999987188611718425e+00
8.455000000000000000e+03 1.999987180870734127e+00
8.460000000000000000e+03 1.999987172287235326e+00
8.465000000000000000e+03 1.999987166779733760e+00
8.470000000000000000e+03 1.999987158047152214e+00
8.475000000000000000e+03 1.999987149487564952e+00
8.480000000000000000e+03 1.999987141751990327e+00
8.485000000000000000e+03 1.999987136249452124e+00
8.490000000000000000e+03 1.999987128277054271e+00
8.495000000000000000e+03 1.999987120509753025e+00
8.500000000000000000e+03 1.999987111840224152e+00
8.505000000000000000e+03 1.999987105960405298e+00
8.510000000000000000e+03 1.999987097707988326e+00
8.515000000000000000e+03 1.999987089585672839e+00
8.520000000000000000e+03 1.999987081498139974e+00
8.525000000000000000e+03 1.999987075852317275e+00
8.530000000000000000e+03 1.999987067974779542e+00
8.535000000000000000e+03 1.999987060150367757e+00
8.540000000000000000e+03 1.999987051929905668e+00
8.545000000000000000e+03 1.999987045085973802e+00
8.550000000000000000e+03 1.999987037122905376e+00
8.555000000000000000e+03 1.999987028880467088e+00
8.560000000000000000e+03 1.999987021010990462e+00
8.565000000000000000e+03 1.999987014858596757e+00
8.570000000000000000e+03 1.999987008280093903e+00
8.575000000000000000e+03 1.999987000128690795e+00
8.580000000000000000e+03 1.999986991555654292e+00
8.585000000000000000e+03 1.999986982483908937e+00
8.590000000000000000e+03 1.999986977516132969e+00
8.595000000000000000e+03 1.999986969721508245e+00
8.600000000000000000e+03 1.999986961624133031e+00
8.605000000000000000e+03 1.999986952341220592e+00
8.610000000000000000e+03 1.999986947833615192e+00
8.615000000000000000e+03 1.999986939339654324e+00
8.620000000000000000e+03 1.999986930274401775e+00
8.625000000000000000e+03 1.999986921470553902e+00
8.630000000000000000e+03 1.999986916982508411e+00
8.635000000000000000e+03 1.999986909258349543e+00
8.640000000000000000e+03 1.999986900824481273e+00
8.645000000000000000e+03 1.999986891458112037e+00
8.650000000000000000e+03 1.999986885852402141e+00
8.655000000000000000e+03 1.999986877934448293e+00
8.660000000000000000e+03 1.999986868757015923e+00
8.665000000000000000e+03 1.999986859440662457e+00
8.670000000000000000e+03 1.999986855458201873e+00
8.675000000000000000e+03 1.999986848527967043e+00
8.680000000000000000e+03 1.999986838969368019e+00
8.685000000000000000e+03 1.999986828858614674e+00
8.690000000000000000e+03 1.999986822308304824e+00
8.695000000000000000e+03 1.999986814575319016e+00
8.700000000000000000e+03 1.999986806196346389e+00
8.705000000000000000e+03 1.999986798192864734e+00
8.710000000000000000e+03 1.999986791384544382e+00
8.715000000000000000e+03 1.999986784621456515e+00
8.720000000000000000e+03 1.999986776666236032e+00
8.725000000000000000e+03 1.999986769043235579e+00
8.730000000000000000e+03 1.999986759695873140e+00
8.735000000000000000e+03 1.999986755553755158e+00
8.740000000000000000e+03 1.999986747271426557e+00
8.745000000000000000e+03 1.999986738499372363e+00
8.750000000000000000e+03 1.999986729823562515e+00
8.755000000000000000e+03 1.999986725367160156e+00
8.760000000000000000e+03 1.999986717306665884e+00
8.765000000000000000e+03 1.999986708221282328e+00
8.770000000000000000e+03 1.999986698055117973e+00
8.775000000000000000e+03 1.999986693862151554e+00
8.780000000000000000e+03 1.999986686386876711e+00
8.785000000000000000e+03 1.999986677726205198e+00
8.790000000000000000e+03 1.999986668667084411e+00
8.795000000000000000e+03 1.999986663860839897e+00
8.800000000000000000e+03 1.999986656455220224e+00
8.805000000000000000e+03 1.999986646939167390e+00
8.810000000000000000e+03 1.999986636544476282e+00
8.815000000000000000e+03 1.999986630243745456e+00
8.820000000000000000e+03 1.999986624813988589e+00
8.825000000000000000e+03 1.999986615915209098e+00
8.830000000000000000e+03 1.999986606674567291e+00
8.835000000000000000e+03 1.999986599797330511e+00
8.840000000000000000e+03 1.999986594752064972e+00
8.845000000000000000e+03 1.999986584949652757e+00
8.850000000000000000e+03 1.999986575123052113e+00
8.855000000000000000e+03 1.999986567343276400e+00
8.860000000000000000e+03 1.999986563756484426e+00
8.865000000000000000e+03 1.999986555106489261e+00
8.870000000000000000e+03 1.999986545914153924e+00
8.875000000000000000e+03 1.999986537846555779e+00
8.880000000000000000e+03 1.999986533165688973e+00
8.885000000000000000e+03 1.999986523810151073e+00
8.890000000000000000e+03 1.999986514413272909e+00
8.895000000000000000e+03 1.999986505980457796e+00
8.900000000000000000e+03 1.999986501439261932e+00
8.905000000000000000e+03 1.999986493568837176e+00
8.910000000000000000e+03 1.999986484570424050e+00
8.915000000000000000e+03 1.999986475913535511e+00
8.920000000000000000e+03 1.999986470815522610e+00
8.925000000000000000e+03 1.999986462512533647e+00
8.930000000000000000e+03 1.999986454117983925e+00
8.935000000000000000e+03 1.999986446362872039e+00
8.940000000000000000e+03 1.999986439630530244e+00
8.945000000000000000e+03 1.999986433042889145e+00
8.950000000000000000e+03 1.999986423948509451e+00
8.955000000000000000e+03 1.999986415102495751e+00
8.960000000000000000e+03 1.999986409377434660e+00
8.965000000000000000e+03 1.999986401844476402e+00
8.970000000000000000e+03 1.999986393623977010e+00
8.975000000000000000e+03 1.999986385905544450e+00
8.980000000000000000e+03 1.999986377233409218e+00
8.985000000000000000e+03 1.999986371900954296e+00
8.990000000000000000e+03 1.999986363236971432e+00
8.995000000000000000e+03 1.999986355067598032e+00
9.000000000000000000e+03 1.999986346711898788e+00
9.005000000000000000e+03 1.999986341525998856e+00
9.010000000000000000e+03 1.999986333570706432e+00
9.015000000000000000e+03 1.999986325773262630e+00
9.020000000000000000e+03 1.999986317099826660e+00
9.025000000000000000e+03 1.999986311209249745e+00
9.030000000000000000e+03 1.999986302893630885e+00
9.035000000000000000e+03 1.999986294279876065e+00
9.040000000000000000e+03 1.999986286169849858e+00
9.045000000000000000e+03 1.999986281134327637e+00
9.050000000000000000e+03 1.999986273164071404e+00
9.055000000000000000e+03 1.999986265259373619e+00
9.060000000000000000e+03 1.999986257086917796e+00
9.065000000000000000e+03 1.999986250473618332e+00
9.070000000000000000e+03 1.999986242625073185e+00
9.075000000000000000e+03 1.999986234342350455e+00
9.080000000000000000e+03 1.999986226508582376e+00
9.085000000000000000e+03 1.999986219745613747e+00
9.090000000000000000e+03 1.999986212429770926e+00
9.095000000000000000e+03 1.999986204410814761e+00
9.100000000000000000e+03 1.999986196503434011e+00
9.105000000000000000e+03 1.999986188453834579e+00
9.110000000000000000e+03 1.999986182894279318e+00
9.115000000000000000e+03 1.999986173829024771e+00
9.120000000000000000e+03 1.999986165535676097e+00
9.125000000000000000e+03 1.999986157210215998e+00
9.130000000000000000e+03 1.999986153055276938e+00
9.135000000000000000e+03 1.999986145089954537e+00
9.140000000000000000e+03 1.999986136997472963e+00
9.145000000000000000e+03 1.999986128145200270e+00
9.150000000000000000e+03 1.999986122154912005e+00
9.155000000000000000e+03 1.999986113836511148e+00
9.160000000000000000e+03 1.999986105950152693e+00
9.165000000000000000e+03 1.999986097911851779e+00
9.170000000000000000e+03 1.999986092085989986e+00
9.175000000000000000e+03 1.999986084020586308e+00
9.180000000000000000e+03 1.999986075953786413e+00
9.185000000000000000e+03 1.999986067739315532e+00
9.190000000000000000e+03 1.999986061782561775e+00
9.195000000000000000e+03 1.999986054000779889e+00
9.200000000000000000e+03 1.999986045368886467e+00
9.205000000000000000e+03 1.999986037472343714e+00
9.210000000000000000e+03 1.999986031041161683e+00
9.215000000000000000e+03 1.999986023524848555e+00
9.220000000000000000e+03 1.999986015318662602e+00
9.225000000000000000e+03 1.999986007172025015e+00
9.230000000000000000e+03 1.999986000735128000e+00
9.235000000000000000e+03 1.999985995058035870e+00
9.240000000000000000e+03 1.999985985478978545e+00
9.245000000000000000e+03 1.999985976759360184e+00
9.250000000000000000e+03 1.999985968631694755e+00
9.255000000000000000e+03 1.999985963659581367e+00
9.260000000000000000e+03 1.999985955405535032e+00
9.265000000000000000e+03 1.999985947091663441e+00
9.270000000000000000e+03 1.999985939414502312e+00
9.275000000000000000e+03 1.999985936368497530e+00
9.280000000000000000e+03 1.999985927112913231e+00
9.285000000000000000e+03 1.999985917456871043e+00
9.290000000000000000e+03 1.999985908488250974e+00
9.295000000000000000e+03 1.999985904275125348e+00
9.300000000000000000e+03 1.999985897148061298e+00
9.305000000000000000e+03 1.999985888706191428e+00
9.310000000000000000e+03 1.999985880219748102e+00
9.315000000000000000e+03 1.999985874794022012e+00
9.320000000000000000e+03 1.999985867097502590e+00
9.325000000000000000e+03 1.999985857395638167e+00
9.330000000000000000e+03 1.999985848384490561e+00
9.335000000000000000e+03 1.999985842649848022e+00
9.340000000000000000e+03 1.999985837100029862e+00
9.345000000000000000e+03 1.999985828485368433e+00
9.350000000000000000e+03 1.999985819800406794e+00
9.355000000000000000e+03 1.999985812850324729e+00
9.360000000000000000e+03 1.999985807905842794e+00
9.365000000000000000e+03 1.999985797978202084e+00
9.370000000000000000e+03 1.999985788584657254e+00
9.375000000000000000e+03 1.999985780843819727e+00
9.380000000000000000e+03 1.999985777296436229e+00
9.385000000000000000e+03 1.999985768877438730e+00
9.390000000000000000e+03 1.999985760077366281e+00
9.395000000000000000e+03 1.999985752094931346e+00
9.400000000000000000e+03 1.999985748015754128e+00
9.405000000000000000e+03 1.999985738550676739e+00
9.410000000000000000e+03 1.999985728964925880e+00
9.415000000000000000e+03 1.999985719989683997e+00
9.420000000000000000e+03 1.999985716956350634e+00
9.425000000000000000e+03 1.999985709765149222e+00
9.430000000000000000e+03 1.999985700864286065e+00
9.435000000000000000e+03 1.999985691996325032e+00
9.440000000000000000e+03 1.999985685410317293e+00
9.445000000000000000e+03 1.999985677080378776e+00
9.450000000000000000e+03 1.999985667916528209e+00
9.455000000000000000e+03 1.999985659536471783e+00
9.460000000000000000e+03 1.999985653843786126e+00
9.465000000000000000e+03 1.999985647811604483e+00
9.470000000000000000e+03 1.999985638595413562e+00
9.475000000000000000e+03 1.999985629699099432e+00
9.480000000000000000e+03 1.999985623282620084e+00
9.485000000000000000e+03 1.999985616479178274e+00
9.490000000000000000e+03 1.999985607428505840e+00
9.495000000000000000e+03 1.999985599242265488e+00
9.500000000000000000e+03 1.999985591217382952e+00
9.505000000000000000e+03 1.999985587511999618e+00
9.510000000000000000e+03 1.999985578260387475e+00
9.515000000000000000e+03 1.999985569170192434e+00
9.520000000000000000e+03 1.999985560900890524e+00
9.525000000000000000e+03 1.999985555424403483e+00
9.530000000000000000e+03 1.999985547163970923e+00
9.535000000000000000e+03 1.999985539316283978e+00
9.540000000000000000e+03 1.999985530993586780e+00
9.545000000000000000e+03 1.999985525287218957e+00
9.550000000000000000e+03 1.999985516884924541e+00
9.555000000000000000e+03 1.999985508568556725e+00
9.560000000000000000e+03 1.999985500599230415e+00
9.565000000000000000e+03 1.999985495163463467e+00
9.570000000000000000e+03 1.999985487451279687e+00
9.575000000000000000e+03 1.999985479521509069e+00
9.580000000000000000e+03 1.999985471168257201e+00
9.585000000000000000e+03 1.999985464029735427e+00
9.590000000000000000e+03 1.999985456151482488e+00
9.595000000000000000e+03 1.999985448044368619e+00
9.600000000000000000e+03 1.999985440279800075e+00
9.605000000000000000e+03 1.999985432249679285e+00
9.610000000000000000e+03 1.999985427215598355e+00
9.615000000000000000e+03 1.999985419049304713e+00
9.620000000000000000e+03 1.999985410524053098e+00
9.625000000000000000e+03 1.999985400946581171e+00
9.630000000000000000e+03 1.999985396576108743e+00
9.635000000000000000e+03 1.999985388805546993e+00
9.640000000000000000e+03 1.999985380496238196e+00
9.645000000000000000e+03 1.999985371278473867e+00
9.650000000000000000e+03 1.999985365524481917e+00
9.655000000000000000e+03 1.999985356802616243e+00
9.660000000000000000e+03 1.999985347626983989e+00
9.665000000000000000e+03 1.999985339143917962e+00
9.670000000000000000e+03 1.999985335189383262e+00
9.675000000000000000e+03 1.999985326172696309e+00
9.680000000000000000e+03 1.999985316659889989e+00
9.685000000000000000e+03 1.999985307701797721e+00
9.690000000000000000e+03 1.999985302366176221e+00
9.695000000000000000e+03 1.999985294325256513e+00
9.700000000000000000e+03 1.999985286087913261e+00
9.705000000000000000e+03 1.999985278042425874e+00
9.710000000000000000e+03 1.999985272273029802e+00
9.715000000000000000e+03 1.999985264872276902e+00
9.720000000000000000e+03 1.999985255619011637e+00
9.725000000000000000e+03 1.999985247389604259e+00
9.730000000000000000e+03 1.999985240708237688e+00
9.735000000000000000e+03 1.999985233682305186e+00
9.740000000000000000e+03 1.999985225566975222e+00
9.745000000000000000e+03 1.999985217624956402e+00
9.750000000000000000e+03 1.999985209922656049e+00
9.755000000000000000e+03 1.999985203761732500e+00
9.760000000000000000e+03 1.999985195614571776e+00
9.765000000000000000e+03 1.999985187943178477e+00
9.770000000000000000e+03 1.999985179147377723e+00
9.775000000000000000e+03 1.999985173142463379e+00
9.780000000000000000e+03 1.999985165056766379e+00
9.785000000000000000e+03 1.999985157072568631e+00
9.790000000000000000e+03 1.999985148708871563e+00
9.795000000000000000e+03 1.999985143132043452e+00
9.800000000000000000e+03 1.999985134831453237e+00
9.805000000000000000e+03 1.999985127018159892e+00
9.810000000000000000e+03 1.999985119069819683e+00
9.815000000000000000e+03 1.999985112733022818e+00
9.820000000000000000e+03 1.999985104716488271e+00
9.825000000000000000e+03 1.999985096759872905e+00
9.830000000000000000e+03 1.999985088765356078e+00
9.835000000000000000e+03 1.999985083100999761e+00
9.840000000000000000e+03 1.999985076026207231e+00
9.845000000000000000e+03 1.999985067697795937e+00
9.850000000000000000e+03 1.999985058560125761e+00
9.855000000000000000e+03 1.999985050173225476e+00
9.860000000000000000e+03 1.999985045665916283e+00
9.865000000000000000e+03 1.999985037490466633e+00
9.870000000000000000e+03 1.999985029022741223e+00
9.875000000000000000e+03 1.999985019399885378e+00
9.880000000000000000e+03 1.999985015562978585e+00
9.885000000000000000e+03 1.999985007216715349e+00
9.890000000000000000e+03 1.999984998275403880e+00
9.895000000000000000e+03 1.999984989000661129e+00
9.900000000000000000e+03 1.999984984733879978e+00
9.905000000000000000e+03 1.999984976914904733e+00
9.910000000000000000e+03 1.999984968669252128e+00
9.915000000000000000e+03 1.999984959786180738e+00
9.920000000000000000e+03 1.999984954410351179e+00
9.925000000000000000e+03 1.999984945795669988e+00
9.930000000000000000e+03 1.999984936402323887e+00
9.935000000000000000e+03 1.999984926819938114e+00
9.940000000000000000e+03 1.999984923374840795e+00
9.945000000000000000e+03 1.999984916523082301e+00
9.950000000000000000e+03 1.999984907540100831e+00
9.955000000000000000e+03 1.999984898126688115e+00
9.960000000000000000e+03 1.999984892434028216e+00
9.965000000000000000e+03 1.999984885533824919e+00
9.970000000000000000e+03 1.999984876372655318e+00
9.975000000000000000e+03 1.999984866667100958e+00
9.980000000000000000e+03 1.999984860616372373e+00
9.985000000000000000e+03 1.999984856370117914e+00
9.990000000000000000e+03 1.999984847684858735e+00
9.995000000000000000e+03 1.999984838498535700e+00
1.000000000000000000e+04 1.999984829925604668e+00
1.000500000000000000e+04 1.999984823576578474e+00
1.001000000000000000e+04 1.999984814692281843e+00
1.001500000000000000e+04 1.999984805688730605e+00
1.002000000000000000e+04 1.999984798198087166e+00
1.002500000000000000e+04 1.999984795720976205e+00
1.003000000000000000e+04 1.999984787253814122e+00
1.003500000000000000e+04 1.999984777945279735e+00
1.004000000000000000e+04 1.999984768834677684e+00
1.004500000000000000e+04 1.999984764035665608e+00
1.005000000000000000e+04 1.999984755752264531e+00
1.005500000000000000e+04 1.999984746691586102e+00
1.006000000000000000e+04 1.999984737891657982e+00
1.006500000000000000e+04 1.999984734811375287e+00
1.007000000000000000e+04 1.999984727521665784e+00
1.007500000000000000e+04 1.999984718358264191e+00
1.008000000000000000e+04 1.999984708717894799e+00
1.008500000000000000e+04 1.999984701793336761e+00
1.009000000000000000e+04 1.999984694505415606e+00
1.009500000000000000e+04 1.999984685785515692e+00
1.010000000000000000e+04 1.999984677018944002e+00
1.010500000000000000e+04 1.999984672007265152e+00
1.011000000000000000e+04 1.999984667311178299e+00
1.011500000000000000e+04 1.999984658084805300e+00
1.012000000000000000e+04 1.999984648379433683e+00
1.012500000000000000e+04 1.999984640649535406e+00
1.013000000000000000e+04 1.999984635433998514e+00
1.013500000000000000e+04 1.999984626817999267e+00
1.014000000000000000e+04 1.999984617932170528e+00
1.014500000000000000e+04 1.999984610851079259e+00
1.015000000000000000e+04 1.999984606710372592e+00
1.015500000000000000e+04 1.999984597484413928e+00
1.016000000000000000e+04 1.999984587773318001e+00
1.016500000000000000e+04 1.999984578947980873e+00
1.017000000000000000e+04 1.999984574326974851e+00
1.017500000000000000e+04 1.999984566284848109e+00
1.018000000000000000e+04 1.999984557662701112e+00
1.018500000000000000e+04 1.999984549527785482e+00
1.019000000000000000e+04 1.999984546480375602e+00
1.019500000000000000e+04 1.999984538568325032e+00
1.020000000000000000e+04 1.999984528886931789e+00
1.020500000000000000e+04 1.999984519141789985e+00
1.021000000000000000e+04 1.999984513750169279e+00
1.021500000000000000e+04 1.999984507316430182e+00
1.022000000000000000e+04 1.999984498823206280e+00
1.022500000000000000e+04 1.999984490182550534e+00
1.023000000000000000e+04 1.999984484780245264e+00
1.023500000000000000e+04 1.999984479153572803e+00
1.024000000000000000e+04 1.999984470107757817e+00
1.024500000000000000e+04 1.999984460401022179e+00
1.025000000000000000e+04 1.999984452118818368e+00
1.025500000000000000e+04 1.999984448396779246e+00
1.026000000000000000e+04 1.999984440120766704e+00
1.026500000000000000e+04 1.999984431756021142e+00
1.027000000000000000e+04 1.999984423015227497e+00
1.027500000000000000e+04 1.999984419050653939e+00
1.028000000000000000e+04 1.999984409966264032e+00
1.028500000000000000e+04 1.999984400170895515e+00
1.029000000000000000e+04 1.999984391208033729e+00
1.029500000000000000e+04 1.999984386637198464e+00
1.030000000000000000e+04 1.999984378733589807e+00
1.030500000000000000e+04 1.999984370085073460e+00
1.031000000000000000e+04 1.999984361800107191e+00
1.031500000000000000e+04 1.999984358215827873e+00
1.032000000000000000e+04 1.999984349699115871e+00
1.032500000000000000e+04 1.999984339807159284e+00
1.033000000000000000e+04 1.999984330179559455e+00
1.033500000000000000e+04 1.999984325916712047e+00
1.034000000000000000e+04 1.999984319692260870e+00
1.034500000000000000e+04 1.999984310950922550e+00
1.035000000000000000e+04 1.999984302054098162e+00
1.035500000000000000e+04 1.999984295156909342e+00
1.036000000000000000e+04 1.999984288296781099e+00
1.036500000000000000e+04 1.999984278442942909e+00
1.037000000000000000e+04 1.999984269375923551e+00
1.037500000000000000e+04 1.999984263275516483e+00
1.038000000000000000e+04 1.999984259086976746e+00
1.038500000000000000e+04 1.999984250152868182e+00
1.039000000000000000e+04 1.999984241096979254e+00
1.039500000000000000e+04 1.999984233091227859e+00
1.040000000000000000e+04 1.999984228511840101e+00
1.040500000000000000e+04 1.999984218599781816e+00
1.041000000000000000e+04 1.999984209103156552e+00
1.041500000000000000e+04 1.999984200970617687e+00
1.042000000000000000e+04 1.999984197874992820e+00
1.042500000000000000e+04 1.999984189327289386e+00
1.043000000000000000e+04 1.999984180065043082e+00
1.043500000000000000e+04 1.999984171510998499e+00
1.044000000000000000e+04 1.999984165664367985e+00
1.044500000000000000e+04 1.999984157247331584e+00
1.045000000000000000e+04 1.999984149434631986e+00
1.045500000000000000e+04 1.999984141357132206e+00
1.046000000000000000e+04 1.999984134995755447e+00
1.046500000000000000e+04 1.999984126973730181e+00
1.047000000000000000e+04 1.999984118719634996e+00
1.047500000000000000e+04 1.999984110751747313e+00
1.048000000000000000e+04 1.999984104805011764e+00
1.048500000000000000e+04 1.999984097053351784e+00
1.049000000000000000e+04 1.999984089285548716e+00
1.049500000000000000e+04 1.999984081163943106e+00
1.050000000000000000e+04 1.999984073158220355e+00
1.050500000000000000e+04 1.999984066170699348e+00
1.051000000000000000e+04 1.999984058073968951e+00
1.051500000000000000e+04 1.999984050256790491e+00
1.052000000000000000e+04 1.999984041266130719e+00
1.052500000000000000e+04 1.999984037351992816e+00
1.053000000000000000e+04 1.999984029096484317e+00
1.053500000000000000e+04 1.999984020233658288e+00
1.054000000000000000e+04 1.999984011316491950e+00
1.054500000000000000e+04 1.999984006653736879e+00
1.055000000000000000e+04 1.999983998899536264e+00
1.055500000000000000e+04 1.999983990295229885e+00
1.056000000000000000e+04 1.999983981231069352e+00
1.056500000000000000e+04 1.999983975812821502e+00
1.057000000000000000e+04 1.999983967143818209e+00
1.057500000000000000e+04 1.999983957689489555e+00
1.058000000000000000e+04 1.999983948605198902e+00
1.058500000000000000e+04 1.999983945376470063e+00
1.059000000000000000e+04 1.999983938008550011e+00
1.059500000000000000e+04 1.999983928436236402e+00
1.060000000000000000e+04 1.999983918761833124e+00
1.060500000000000000e+04 1.999983912295415500e+00
1.061000000000000000e+04 1.999983905346454094e+00
1.061500000000000000e+04 1.999983896059687405e+00
1.062000000000000000e+04 1.999983886996052451e+00
1.062500000000000000e+04 1.999983881316975909e+00
1.063000000000000000e+04 1.999983876219108003e+00
1.063500000000000000e+04 1.999983866081633810e+00
1.064000000000000000e+04 1.999983856645440428e+00
1.064500000000000000e+04 1.999983849614842324e+00
1.065000000000000000e+04 1.999983843162675523e+00
1.065500000000000000e+04 1.999983834785472370e+00
1.066000000000000000e+04 1.999983826769585527e+00
1.066500000000000000e+04 1.999983818410018932e+00
1.067000000000000000e+04 1.999983813217611095e+00
1.067500000000000000e+04 1.999983805284708538e+00
1.068000000000000000e+04 1.999983797526795337e+00
1.068500000000000000e+04 1.999983789007770740e+00
1.069000000000000000e+04 1.999983783705303830e+00
1.069500000000000000e+04 1.999983775928372953e+00
1.070000000000000000e+04 1.999983767638069176e+00
1.070500000000000000e+04 1.999983758903960851e+00
1.071000000000000000e+04 1.999983752750213784e+00
1.071500000000000000e+04 1.999983745178288697e+00
1.072000000000000000e+04 1.999983737152404961e+00
1.072500000000000000e+04 1.999983728441059316e+00
1.073000000000000000e+04 1.999983721762250255e+00
1.073500000000000000e+04 1.999983715193452083e+00
1.074000000000000000e+04 1.999983706924397309e+00
1.074500000000000000e+04 1.999983698402983512e+00
1.075000000000000000e+04 1.999983691038371925e+00
1.075500000000000000e+04 1.999983685387396237e+00
1.076000000000000000e+04 1.999983676684750966e+00
1.076500000000000000e+04 1.999983667442069235e+00
1.077000000000000000e+04 1.999983658217191040e+00
1.077500000000000000e+04 1.999983654578592729e+00
1.078000000000000000e+04 1.999983646470121057e+00
1.078500000000000000e+04 1.999983638100905958e+00
1.079000000000000000e+04 1.999983629082525027e+00
1.079500000000000000e+04 1.999983624573723029e+00
1.080000000000000000e+04 1.999983616324510605e+00
1.080500000000000000e+04 1.999983607494401960e+00
1.081000000000000000e+04 1.999983597975781846e+00
1.081500000000000000e+04 1.999983593782467706e+00
1.082000000000000000e+04 1.999983586105579914e+00
1.082500000000000000e+04 1.999983577705409798e+00
1.083000000000000000e+04 1.999983568894834418e+00
1.083500000000000000e+04 1.999983563418008314e+00
1.084000000000000000e+04 1.999983554919319229e+00
1.084500000000000000e+04 1.999983545479624203e+00
1.085000000000000000e+04 1.999983535771615362e+00
1.085500000000000000e+04 1.999983531691555294e+00
1.086000000000000000e+04 1.999983525721753974e+00
1.086500000000000000e+04 1.999983517129414912e+00
1.087000000000000000e+04 1.999983508149554501e+00
1.087500000000000000e+04 1.999983500898080635e+00
1.088000000000000000e+04 1.999983495191357319e+00
1.088500000000000000e+04 1.999983485981098985e+00
1.089000000000000000e+04 1.999983476382754644e+00
1.089500000000000000e+04 1.999983468856952884e+00
1.090000000000000000e+04 1.999983465317560105e+00
1.090500000000000000e+04 1.999983456850023655e+00
1.091000000000000000e+04 1.999983447980609341e+00
1.091500000000000000e+04 1.999983439370577543e+00
1.092000000000000000e+04 1.999983433186641291e+00
1.092500000000000000e+04 1.999983424137604437e+00
1.093000000000000000e+04 1.999983415065256009e+00
1.093500000000000000e+04 1.999983406734044955e+00
1.094000000000000000e+04 1.999983403815014826e+00
1.094500000000000000e+04 1.999983395714321377e+00
1.095000000000000000e+04 1.999983386570065358e+00
1.095500000000000000e+04 1.999983377461156175e+00
1.096000000000000000e+04 1.999983372348725252e+00
1.096500000000000000e+04 1.999983364066710845e+00
1.097000000000000000e+04 1.999983355132241014e+00
1.097500000000000000e+04 1.999983346201371415e+00
1.098000000000000000e+04 1.999983342242217521e+00
1.098500000000000000e+04 1.999983335999238721e+00
1.099000000000000000e+04 1.999983326844209541e+00
1.099500000000000000e+04 1.999983317363993152e+00
1.100000000000000000e+04 1.999983310767169176e+00
1.100500000000000000e+04 1.999983303037386140e+00
1.101000000000000000e+04 1.999983294584678495e+00
1.101500000000000000e+04 1.999983286390556669e+00
1.102000000000000000e+04 1.999983279876118347e+00
1.102500000000000000e+04 1.999983275384318082e+00
1.103000000000000000e+04 1.999983266180901609e+00
1.103500000000000000e+04 1.999983256794399367e+00
1.104000000000000000e+04 1.999983248660746282e+00
1.104500000000000000e+04 1.999983243196868044e+00
1.105000000000000000e+04 1.999983234704786339e+00
1.105500000000000000e+04 1.999983226029879768e+00
1.106000000000000000e+04 1.999983218255176443e+00
1.106500000000000000e+04 1.999983215265739966e+00
1.107000000000000000e+04 1.999983206652781620e+00
1.107500000000000000e+04 1.999983197225755349e+00
1.108000000000000000e+04 1.999983187977997900e+00
1.108500000000000000e+04 1.999983183096575301e+00
1.109000000000000000e+04 1.999983175295620308e+00
1.109500000000000000e+04 1.999983166625805442e+00
1.110000000000000000e+04 1.999983158028054042e+00
1.110500000000000000e+04 1.999983154584197731e+00
1.111000000000000000e+04 1.999983147778150450e+00
1.111500000000000000e+04 1.999983138448906628e+00
1.112000000000000000e+04 1.999983128598498361e+00
1.112500000000000000e+04 1.999983121988087476e+00
1.113000000000000000e+04 1.999983115833531055e+00
1.113500000000000000e+04 1.999983107276759098e+00
1.114000000000000000e+04 1.999983098473234522e+00
1.114500000000000000e+04 1.999983092080283242e+00
1.115000000000000000e+04 1.999983088165576017e+00
1.115500000000000000e+04 1.999983079421935317e+00
1.116000000000000000e+04 1.999983069928557677e+00
1.116500000000000000e+04 1.999983060687446468e+00
1.117000000000000000e+04 1.999983056950781490e+00
1.117500000000000000e+04 1.999983048755630932e+00
1.118000000000000000e+04 1.999983040222877539e+00
1.118500000000000000e+04 1.999983032055112853e+00
1.119000000000000000e+04 1.999983027881563347e+00
1.119500000000000000e+04 1.999983019227720593e+00
1.120000000000000000e+04 1.999983009552411151e+00
1.120500000000000000e+04 1.999982999891923185e+00
1.121000000000000000e+04 1.999982995648116324e+00
1.121500000000000000e+04 1.999982988302698939e+00
1.122000000000000000e+04 1.999982979863150101e+00
1.122500000000000000e+04 1.999982971268279730e+00
1.123000000000000000e+04 1.999982967011547430e+00
1.123500000000000000e+04 1.999982959680115302e+00
1.124000000000000000e+04 1.999982950306751217e+00
1.124500000000000000e+04 1.999982940204935833e+00
1.125000000000000000e+04 1.999982934042453753e+00
1.125500000000000000e+04 1.999982928839864726e+00
1.126000000000000000e+04 1.999982920386990992e+00
1.126500000000000000e+04 1.999982911635196592e+00
1.127000000000000000e+04 1.999982904092092006e+00
1.127500000000000000e+04 1.999982899599893393e+00
1.128000000000000000e+04 1.999982890567461036e+00
1.128500000000000000e+04 1.999982880647796835e+00
1.129000000000000000e+04 1.999982871916752281e+00
1.129500000000000000e+04 1.999982868722202989e+00
1.130000000000000000e+04 1.999982860608701563e+00
1.130500000000000000e+04 1.999982852093739494e+00
1.131000000000000000e+04 1.999982843351947759e+00
1.131500000000000000e+04 1.999982839049063044e+00
1.132000000000000000e+04 1.999982830392768474e+00
1.132500000000000000e+04 1.999982820620153756e+00
1.133000000000000000e+04 1.999982811030297514e+00
1.133500000000000000e+04 1.999982807615702463e+00
1.134000000000000000e+04 1.999982800156909324e+00
1.134500000000000000e+04 1.999982791281368355e+00
1.135000000000000000e+04 1.999982782278541871e+00
1.135500000000000000e+04 1.999982777648998455e+00
1.136000000000000000e+04 1.999982769793278825e+00
1.136500000000000000e+04 1.999982759963002454e+00
1.137000000000000000e+04 1.999982749886321631e+00
1.137500000000000000e+04 1.999982745008265450e+00
1.138000000000000000e+04 1.999982739599264869e+00
1.138500000000000000e+04 1.999982730629217054e+00
1.139000000000000000e+04 1.999982721317112411e+00
1.139500000000000000e+04 1.999982713465254358e+00
1.140000000000000000e+04 1.999982706719240833e+00
1.140500000000000000e+04 1.999982697223421590e+00
1.141000000000000000e+04 1.999982688944787812e+00
1.141500000000000000e+04 1.999982681540142915e+00
1.142000000000000000e+04 1.999982676343487142e+00
1.142500000000000000e+04 1.999982667146787074e+00
1.143000000000000000e+04 1.999982658428673288e+00
1.143500000000000000e+04 1.999982650343958612e+00
1.144000000000000000e+04 1.999982645965968642e+00
1.144500000000000000e+04 1.999982638257175482e+00
1.145000000000000000e+04 1.999982629830139302e+00
1.145500000000000000e+04 1.999982620555506241e+00
1.146000000000000000e+04 1.999982614639316036e+00
1.146500000000000000e+04 1.999982606791890216e+00
1.147000000000000000e+04 1.999982599024686003e+00
1.147500000000000000e+04 1.999982590641040225e+00
1.148000000000000000e+04 1.999982585006360614e+00
1.148500000000000000e+04 1.999982577408202067e+00
1.149000000000000000e+04 1.999982568618698053e+00
1.149500000000000000e+04 1.999982559016126871e+00
1.150000000000000000e+04 1.999982553561862275e+00
1.150500000000000000e+04 1.999982546746900791e+00
1.151000000000000000e+04 1.999982538388315412e+00
1.151500000000000000e+04 1.999982529255260877e+00
1.152000000000000000e+04 1.999982520832813027e+00
1.152500000000000000e+04 1.999982515334562061e+00
1.153000000000000000e+04 1.999982505556010981e+00
1.153500000000000000e+04 1.999982495921206027e+00
1.154000000000000000e+04 1.999982489555390153e+00
1.154500000000000000e+04 1.999982485500212848e+00
1.155000000000000000e+04 1.999982475387097614e+00
1.155500000000000000e+04 1.999982465593714398e+00
1.156000000000000000e+04 1.999982457356469512e+00
1.156500000000000000e+04 1.999982452005472977e+00
1.157000000000000000e+04 1.999982444233301626e+00
1.157500000000000000e+04 1.999982436397698793e+00
1.158000000000000000e+04 1.999982427502480897e+00
1.158500000000000000e+04 1.999982421617463313e+00
1.159000000000000000e+04 1.999982413885791344e+00
1.159500000000000000e+04 1.999982406082706499e+00
1.160000000000000000e+04 1.999982397445732252e+00
1.160500000000000000e+04 1.999982391783241775e+00
1.161000000000000000e+04 1.999982384156877568e+00
1.161500000000000000e+04 1.999982375223273046e+00
1.162000000000000000e+04 1.999982365976663345e+00
1.162500000000000000e+04 1.999982360823812533e+00
1.163000000000000000e+04 1.999982353845013439e+00
1.163500000000000000e+04 1.999982345055108190e+00
1.164000000000000000e+04 1.999982335501931052e+00
1.164500000000000000e+04 1.999982327624645118e+00
1.165000000000000000e+04 1.999982322577483984e+00
1.165500000000000000e+04 1.999982313445323179e+00
1.166000000000000000e+04 1.999982304193409721e+00
1.166500000000000000e+04 1.999982296767652823e+00
1.167000000000000000e+04 1.999982292940506445e+00
1.167500000000000000e+04 1.999982282825285340e+00
1.168000000000000000e+04 1.999982272895165281e+00
1.168500000000000000e+04 1.999982264438280533e+00
1.169000000000000000e+04 1.999982259705149090e+00
1.169500000000000000e+04 1.999982250919712934e+00
1.170000000000000000e+04 1.999982242134548782e+00
1.170500000000000000e+04 1.999982234245370805e+00
1.171000000000000000e+04 1.999982230321100118e+00
1.171500000000000000e+04 1.999982220480349682e+00
1.172000000000000000e+04 1.999982211416827749e+00
1.172500000000000000e+04 1.999982203301348349e+00
1.173000000000000000e+04 1.999982197833094721e+00
1.173500000000000000e+04 1.999982189905244123e+00
1.174000000000000000e+04 1.999982181261051206e+00
1.174500000000000000e+04 1.999982172838824068e+00
1.175000000000000000e+04 1.999982168035998376e+00
1.175500000000000000e+04 1.999982159589124509e+00
1.176000000000000000e+04 1.999982150900560862e+00
1.176500000000000000e+04 1.999982143089783948e+00
1.177000000000000000e+04 1.999982136742694205e+00
1.177500000000000000e+04 1.999982129076419257e+00
1.178000000000000000e+04 1.999982120843196931e+00
1.178500000000000000e+04 1.999982112829414183e+00
1.179000000000000000e+04 1.999982105960694589e+00
1.179500000000000000e+04 1.999982099082936449e+00
1.180000000000000000e+04 1.999982091249371985e+00
1.180500000000000000e+04 1.999982083443714975e+00
1.181000000000000000e+04 1.999982074106713581e+00
1.181500000000000000e+04 1.999982068399666080e+00
1.182000000000000000e+04 1.999982060184339661e+00
1.182500000000000000e+04 1.999982052144713363e+00
1.183000000000000000e+04 1.999982043757504879e+00
1.183500000000000000e+04 1.999982038632273085e+00
1.184000000000000000e+04 1.999982030825643298e+00
1.184500000000000000e+04 1.999982022944537086e+00
1.185000000000000000e+04 1.999982014394247498e+00
1.185500000000000000e+04 1.999982008225938745e+00
1.186000000000000000e+04 1.999982000205908994e+00
1.186500000000000000e+04 1.999981992273640596e+00
1.187000000000000000e+04 1.999981984191829820e+00
1.187500000000000000e+04 1.999981978428952312e+00
1.188000000000000000e+04 1.999981970745007054e+00
1.188500000000000000e+04 1.999981962722703566e+00
1.189000000000000000e+04 1.999981954383786231e+00
1.189500000000000000e+04 1.999981947168153917e+00
1.190000000000000000e+04 1.999981939427252220e+00
1.190500000000000000e+04 1.999981931250395473e+00
1.191000000000000000e+04 1.999981923318228327e+00
1.191500000000000000e+04 1.999981916248199321e+00
1.192000000000000000e+04 1.999981910362662374e+00
1.192500000000000000e+04 1.999981902353361818e+00
1.193000000000000000e+04 1.999981894241259273e+00
1.193500000000000000e+04 1.999981884504115959e+00
1.194000000000000000e+04 1.999981879427368714e+00
1.194500000000000000e+04 1.999981871427465530e+00
1.195000000000000000e+04 1.999981863549567640e+00
1.195500000000000000e+04 1.999981855011498055e+00
1.196000000000000000e+04 1.999981849748883489e+00
1.196500000000000000e+04 1.999981841803256666e+00
1.197000000000000000e+04 1.999981833809143961e+00
1.197500000000000000e+04 1.999981825163027693e+00
1.198000000000000000e+04 1.999981818997848215e+00
1.198500000000000000e+04 1.999981810805515181e+00
1.199000000000000000e+04 1.999981802650249385e+00
1.199500000000000000e+04 1.999981794690987913e+00
1.200000000000000000e+04 1.999981789880561411e+00
1.200500000000000000e+04 1.999981782363562388e+00
1.201000000000000000e+04 1.999981774100443088e+00
1.201500000000000000e+04 1.999981765504195375e+00
1.202000000000000000e+04 1.999981758795195796e+00
1.202500000000000000e+04 1.999981751044164424e+00
1.203000000000000000e+04 1.999981743149749303e+00
1.203500000000000000e+04 1.999981735348179246e+00
1.204000000000000000e+04 1.999981727274863008e+00
1.204500000000000000e+04 1.999981721722358330e+00
1.205000000000000000e+04 1.999981713615188728e+00
1.205500000000000000e+04 1.999981705510045948e+00
1.206000000000000000e+04 1.999981696330683789e+00
1.206500000000000000e+04 1.999981690827953074e+00
1.207000000000000000e+04 1.999981682691068130e+00
1.207500000000000000e+04 1.999981674887536087e+00
1.208000000000000000e+04 1.999981666365039601e+00
1.208500000000000000e+04 1.999981661294856439e+00
1.209000000000000000e+04 1.999981653256889924e+00
1.209500000000000000e+04 1.999981645200163749e+00
1.210000000000000000e+04 1.999981636516147798e+00
1.210500000000000000e+04 1.999981630832041279e+00
1.211000000000000000e+04 1.999981622356671096e+00
1.211500000000000000e+04 1.999981614080996728e+00
1.212000000000000000e+04 1.999981606227460462e+00
1.212500000000000000e+04 1.999981600694618056e+00
1.213000000000000000e+04 1.999981592606767000e+00
1.213500000000000000e+04 1.999981584487176001e+00
1.214000000000000000e+04 1.999981576343415890e+00
1.214500000000000000e+04 1.999981570289421029e+00
1.215000000000000000e+04 1.999981562900746468e+00
1.215500000000000000e+04 1.999981553888068309e+00
1.216000000000000000e+04 1.999981545665689531e+00
1.216500000000000000e+04 1.999981539231206584e+00
1.217000000000000000e+04 1.999981532075468360e+00
1.217500000000000000e+04 1.999981523749962298e+00
1.218000000000000000e+04 1.999981515406011878e+00
1.218500000000000000e+04 1.999981509264518120e+00
1.219000000000000000e+04 1.999981503611562683e+00
1.219500000000000000e+04 1.999981494255494985e+00
1.220000000000000000e+04 1.999981485298486517e+00
1.220500000000000000e+04 1.999981477013002884e+00
1.221000000000000000e+04 1.999981472017882123e+00
1.221500000000000000e+04 1.999981463848514718e+00
1.222000000000000000e+04 1.999981455437421785e+00
1.222500000000000000e+04 1.999981447438071935e+00
1.223000000000000000e+04 1.999981443520747248e+00
1.223500000000000000e+04 1.999981434523584456e+00
1.224000000000000000e+04 1.999981425196706741e+00
1.224500000000000000e+04 1.999981416798939593e+00
1.225000000000000000e+04 1.999981411458977565e+00
1.225500000000000000e+04 1.999981403993837281e+00
1.226000000000000000e+04 1.999981395431432718e+00
1.226500000000000000e+04 1.999981386838792563e+00
1.227000000000000000e+04 1.999981381807824476e+00
1.227500000000000000e+04 1.999981374139106372e+00
1.228000000000000000e+04 1.999981364886219914e+00
1.228500000000000000e+04 1.999981356739985561e+00
1.229000000000000000e+04 1.999981350185068063e+00
1.229500000000000000e+04 1.999981344088635149e+00
1.230000000000000000e+04 1.999981335270732519e+00
1.230500000000000000e+04 1.999981326329758557e+00
1.231000000000000000e+04 1.999981320008427321e+00
1.231500000000000000e+04 1.999981313455537757e+00
1.232000000000000000e+04 1.999981304306064800e+00
1.232500000000000000e+04 1.999981296269891295e+00
1.233000000000000000e+04 1.999981287617080605e+00
1.233500000000000000e+04 1.999981282553193296e+00
1.234000000000000000e+04 1.999981274071321202e+00
1.234500000000000000e+04 1.999981265721718415e+00
1.235000000000000000e+04 1.999981257474927387e+00
1.235500000000000000e+04 1.999981252176796787e+00
1.236000000000000000e+04 1.999981244248613343e+00
1.236500000000000000e+04 1.999981236634177151e+00
1.237000000000000000e+04 1.999981227987653432e+00
1.237500000000000000e+04 1.999981221248638974e+00
1.238000000000000000e+04 1.999981213152629778e+00
1.238500000000000000e+04 1.999981205137487006e+00
1.239000000000000000e+04 1.999981197228683838e+00
1.239500000000000000e+04 1.999981191581678530e+00
1.240000000000000000e+04 1.999981184179911997e+00
1.240500000000000000e+04 1.999981176046720988e+00
1.241000000000000000e+04 1.999981166706210844e+00
1.241500000000000000e+04 1.999981159416604148e+00
1.242000000000000000e+04 1.999981153553443525e+00
1.242500000000000000e+04 1.999981145547388595e+00
1.243000000000000000e+04 1.999981136852663433e+00
1.243500000000000000e+04 1.999981127373741341e+00
1.244000000000000000e+04 1.999981121904939041e+00
1.244500000000000000e+04 1.999981112113622839e+00
1.245000000000000000e+04 1.999981102629996288e+00
1.245500000000000000e+04 1.999981094988039887e+00
1.246000000000000000e+04 1.999981091390496735e+00
1.246500000000000000e+04 1.999981081821078588e+00
1.247000000000000000e+04 1.999981072324696463e+00
1.247500000000000000e+04 1.999981063907069645e+00
1.248000000000000000e+04 1.999981059710881581e+00
1.248500000000000000e+04 1.999981052016881256e+00
1.249000000000000000e+04 1.999981043687078408e+00
1.249500000000000000e+04 1.999981034356096643e+00
1.250000000000000000e+04 1.999981029109537900e+00
1.250500000000000000e+04 1.999981021670903303e+00
1.251000000000000000e+04 1.999981013233482985e+00
1.251500000000000000e+04 1.999981003723278139e+00
1.252000000000000000e+04 1.999980996233924557e+00
1.252500000000000000e+04 1.999980988525871028e+00
1.253000000000000000e+04 1.999980979054859942e+00
1.253500000000000000e+04 1.999980970333379737e+00
1.254000000000000000e+04 1.999980964860233135e+00
1.254500000000000000e+04 1.999980958471652803e+00
1.255000000000000000e+04 1.999980948476003828e+00
1.255500000000000000e+04 1.999980940063937007e+00
1.256000000000000000e+04 1.999980932605360806e+00
1.256500000000000000e+04 1.999980926920129631e+00
1.257000000000000000e+04 1.999980919164689563e+00
1.257500000000000000e+04 1.999980911047076093e+00
1.258000000000000000e+04 1.999980901612002926e+00
1.258500000000000000e+04 1.999980895977650164e+00
1.259000000000000000e+04 1.999980888375850974e+00
1.259500000000000000e+04 1.999980880412896678e+00
1.260000000000000000e+04 1.999980871224338985e+00
1.260500000000000000e+04 1.999980866270014701e+00
1.261000000000000000e+04 1.999980858300622000e+00
1.261500000000000000e+04 1.999980849538905536e+00
1.262000000000000000e+04 1.999980840536048410e+00
1.262500000000000000e+04 1.999980835798839562e+00
1.263000000000000000e+04 1.999980828151460166e+00
1.263500000000000000e+04 1.999980818646728498e+00
1.264000000000000000e+04 1.999980808526847564e+00
1.264500000000000000e+04 1.999980802841891281e+00
1.265000000000000000e+04 1.999980795842137837e+00
1.265500000000000000e+04 1.999980786606681438e+00
1.266000000000000000e+04 1.999980777433972179e+00
1.266500000000000000e+04 1.999980772175076194e+00
1.267000000000000000e+04 1.999980765765210666e+00
1.267500000000000000e+04 1.999980755299816337e+00
1.268000000000000000e+04 1.999980746018346300e+00
1.268500000000000000e+04 1.999980739359977777e+00
1.269000000000000000e+04 1.999980732970426223e+00
1.269500000000000000e+04 1.999980724986044400e+00
1.270000000000000000e+04 1.999980717104526962e+00
1.270500000000000000e+04 1.999980708349953895e+00
1.271000000000000000e+04 1.999980702771569252e+00
1.271500000000000000e+04 1.999980695030940447e+00
1.272000000000000000e+04 1.999980687186894368e+00
1.272500000000000000e+04 1.999980678113726817e+00
1.273000000000000000e+04 1.999980672249470404e+00
1.273500000000000000e+04 1.999980664361863614e+00
1.274000000000000000e+04 1.999980656452392980e+00
1.274500000000000000e+04 1.999980647917744880e+00
1.275000000000000000e+04 1.999980642330967395e+00
1.275500000000000000e+04 1.999980634792112966e+00
1.276000000000000000e+04 1.999980626535214911e+00
1.276500000000000000e+04 1.999980617397246530e+00
1.277000000000000000e+04 1.999980611722977031e+00
1.277500000000000000e+04 1.999980604557542785e+00
1.278000000000000000e+04 1.999980596376445208e+00
1.278500000000000000e+04 1.999980587816338806e+00
1.279000000000000000e+04 1.999980580953373721e+00
1.279500000000000000e+04 1.999980574333410255e+00
1.280000000000000000e+04 1.999980564471263156e+00
1.280500000000000000e+04 1.999980554678296496e+00
1.281000000000000000e+04 1.999980547794902641e+00
1.281500000000000000e+04 1.999980542796981231e+00
1.282000000000000000e+04 1.999980533665560056e+00
1.282500000000000000e+04 1.999980524601701726e+00
1.283000000000000000e+04 1.999980517238805211e+00
1.283500000000000000e+04 1.999980512249465381e+00
1.284000000000000000e+04 1.999980502471827570e+00
1.284500000000000000e+04 1.999980493337419896e+00
1.285000000000000000e+04 1.999980485297385702e+00
1.285500000000000000e+04 1.999980482299460904e+00
1.286000000000000000e+04 1.999980473779451540e+00
1.286500000000000000e+04 1.999980464618318576e+00
1.287000000000000000e+04 1.999980456075998614e+00
1.287500000000000000e+04 1.999980450066118021e+00
1.288000000000000000e+04 1.999980441553146582e+00
1.288500000000000000e+04 1.999980433504734201e+00
1.289000000000000000e+04 1.999980425448431243e+00
1.289500000000000000e+04 1.999980419614021621e+00
1.290000000000000000e+04 1.999980411916995271e+00
1.290500000000000000e+04 1.999980403131151663e+00
1.291000000000000000e+04 1.999980394805071171e+00
1.291500000000000000e+04 1.999980389254852442e+00
1.292000000000000000e+04 1.999980381184289335e+00
1.292500000000000000e+04 1.999980372961415620e+00
1.293000000000000000e+04 1.999980365020092465e+00
1.293500000000000000e+04 1.999980358451724172e+00
1.294000000000000000e+04 1.999980352493801794e+00
1.294500000000000000e+04 1.999980343251775539e+00
1.295000000000000000e+04 1.999980334412024829e+00
1.295500000000000000e+04 1.999980327220189702e+00
1.296000000000000000e+04 1.999980321625079105e+00
1.296500000000000000e+04 1.999980313667709231e+00
1.297000000000000000e+04 1.999980305685873816e+00
1.297500000000000000e+04 1.999980296579433992e+00
1.298000000000000000e+04 1.999980291286593825e+00
1.298500000000000000e+04 1.999980282785129848e+00
1.299000000000000000e+04 1.999980274699878269e+00
1.299500000000000000e+04 1.999980266540354323e+00
1.300000000000000000e+04 1.999980260932110676e+00
1.300500000000000000e+04 1.999980252840830808e+00
1.301000000000000000e+04 1.999980244796391471e+00
1.301500000000000000e+04 1.999980236516164522e+00
1.302000000000000000e+04 1.999980231171471834e+00
1.302500000000000000e+04 1.999980223121392786e+00
1.303000000000000000e+04 1.999980214257931266e+00
1.303500000000000000e+04 1.999980205913042042e+00
1.304000000000000000e+04 1.999980201095819199e+00
1.304500000000000000e+04 1.999980193525257910e+00
1.305000000000000000e+04 1.999980185420626722e+00
1.305500000000000000e+04 1.999980177287699723e+00
1.306000000000000000e+04 1.999980170192770412e+00
1.306500000000000000e+04 1.999980162980643073e+00
1.307000000000000000e+04 1.999980154198703675e+00
1.307500000000000000e+04 1.999980146095187150e+00
1.308000000000000000e+04 1.999980138381295403e+00
1.308500000000000000e+04 1.999980132496863794e+00
1.309000000000000000e+04 1.999980124341715015e+00
1.309500000000000000e+04 1.999980116244348238e+00
1.310000000000000000e+04 1.999980108077916041e+00
1.310500000000000000e+04 1.999980103524209962e+00
1.311000000000000000e+04 1.999980094447816770e+00
1.311500000000000000e+04 1.999980085873299451e+00
1.312000000000000000e+04 1.999980077708564563e+00
1.312500000000000000e+04 1.999980072201307468e+00
1.313000000000000000e+04 1.999980064071564367e+00
1.313500000000000000e+04 1.999980055776844790e+00
1.314000000000000000e+04 1.999980047600732558e+00
1.314500000000000000e+04 1.999980043705002375e+00
1.315000000000000000e+04 1.999980035260298994e+00
1.315500000000000000e+04 1.999980026038748360e+00
1.316000000000000000e+04 1.999980017270968302e+00
1.316500000000000000e+04 1.999980011891675069e+00
1.317000000000000000e+04 1.999980004376251896e+00
1.317500000000000000e+04 1.999979996023530049e+00
1.318000000000000000e+04 1.999979987574589169e+00
1.318500000000000000e+04 1.999979982221259389e+00
1.319000000000000000e+04 1.999979976397800563e+00
1.319500000000000000e+04 1.999979966809686038e+00
1.320000000000000000e+04 1.999979957270178854e+00
1.320500000000000000e+04 1.999979950525965888e+00
1.321000000000000000e+04 1.999979945370293777e+00
1.321500000000000000e+04 1.999979936933190539e+00
1.322000000000000000e+04 1.999979928245630978e+00
1.322500000000000000e+04 1.999979920934182420e+00
1.323000000000000000e+04 1.999979915112887419e+00
1.323500000000000000e+04 1.999979905842160122e+00
1.324000000000000000e+04 1.999979897108192572e+00
1.324500000000000000e+04 1.999979888910806247e+00
1.325000000000000000e+04 1.999979883744232634e+00
1.325500000000000000e+04 1.999979875652606154e+00
1.326000000000000000e+04 1.999979867121118415e+00
1.326500000000000000e+04 1.999979858817228395e+00
1.327000000000000000e+04 1.999979854234601895e+00
1.327500000000000000e+04 1.999979845516186794e+00
1.328000000000000000e+04 1.999979836751212714e+00
1.328500000000000000e+04 1.999979828905788404e+00
1.329000000000000000e+04 1.999979822693138010e+00
1.329500000000000000e+04 1.999979815400338534e+00
1.330000000000000000e+04 1.999979806652719461e+00
1.330500000000000000e+04 1.999979798095003813e+00
1.331000000000000000e+04 1.999979792963829217e+00
1.331500000000000000e+04 1.999979785543276156e+00
1.332000000000000000e+04 1.999979777785087842e+00
1.332500000000000000e+04 1.999979769549081521e+00
1.333000000000000000e+04 1.999979760055854872e+00
1.333500000000000000e+04 1.999979755175270713e+00
1.334000000000000000e+04 1.999979747330545843e+00
1.334500000000000000e+04 1.999979739332527817e+00
1.335000000000000000e+04 1.999979730038561998e+00
1.335500000000000000e+04 1.999979725769172267e+00
1.336000000000000000e+04 1.999979717382824429e+00
1.336500000000000000e+04 1.999979708001033973e+00
1.337000000000000000e+04 1.999979698527634575e+00
1.337500000000000000e+04 1.999979694530882535e+00
1.338000000000000000e+04 1.999979686818337710e+00
1.338500000000000000e+04 1.999979678376565095e+00
1.339000000000000000e+04 1.999979669151788375e+00
1.339500000000000000e+04 1.999979663859281276e+00
1.340000000000000000e+04 1.999979655429519498e+00
1.340500000000000000e+04 1.999979645598745748e+00
1.341000000000000000e+04 1.999979635703653225e+00
1.341500000000000000e+04 1.999979631925924872e+00
1.342000000000000000e+04 1.999979625382050319e+00
1.342500000000000000e+04 1.999979615662502708e+00
1.343000000000000000e+04 1.999979605673670946e+00
1.343500000000000000e+04 1.999979599520558926e+00
1.344000000000000000e+04 1.999979591753482833e+00
1.344500000000000000e+04 1.999979583266548566e+00
1.345000000000000000e+04 1.999979575616027683e+00
1.345500000000000000e+04 1.999979568075669567e+00
1.346000000000000000e+04 1.999979561493621771e+00
1.346500000000000000e+04 1.999979552859126652e+00
1.347000000000000000e+04 1.999979545209922271e+00
1.347500000000000000e+04 1.999979536174126826e+00
1.348000000000000000e+04 1.999979532257962322e+00
1.348500000000000000e+04 1.999979523449109120e+00
1.349000000000000000e+04 1.999979513664331687e+00
1.349500000000000000e+04 1.999979505027442928e+00
1.350000000000000000e+04 1.999979501771292911e+00
1.350500000000000000e+04 1.999979493153472232e+00
1.351000000000000000e+04 1.999979483029014737e+00
1.351500000000000000e+04 1.999979473097273974e+00
1.352000000000000000e+04 1.999979467387963838e+00
1.352500000000000000e+04 1.999979459223520717e+00
1.353000000000000000e+04 1.999979451417149168e+00
1.353500000000000000e+04 1.999979443289100933e+00
1.354000000000000000e+04 1.999979437434352469e+00
1.354500000000000000e+04 1.999979429774376705e+00
1.355000000000000000e+04 1.999979422026906706e+00
1.355500000000000000e+04 1.999979413004629336e+00
1.356000000000000000e+04 1.999979404559659280e+00
1.356500000000000000e+04 1.999979398367041306e+00
1.357000000000000000e+04 1.999979388883670328e+00
1.357500000000000000e+04 1.999979379423191483e+00
1.358000000000000000e+04 1.999979373420321060e+00
1.358500000000000000e+04 1.999979367186315082e+00
1.359000000000000000e+04 1.999979357323208529e+00
1.359500000000000000e+04 1.999979349251946870e+00
1.360000000000000000e+04 1.999979340496203406e+00
1.360500000000000000e+04 1.999979335890388565e+00
1.361000000000000000e+04 1.999979328095914388e+00
1.361500000000000000e+04 1.999979320084773304e+00
1.362000000000000000e+04 1.999979310957866296e+00
1.362500000000000000e+04 1.999979305513511774e+00
1.363000000000000000e+04 1.999979298010849282e+00
1.363500000000000000e+04 1.999979289585688047e+00
1.364000000000000000e+04 1.999979279863681736e+00
1.364500000000000000e+04 1.999979275107254262e+00
1.365000000000000000e+04 1.999979267407481442e+00
1.365500000000000000e+04 1.999979258680387950e+00
1.366000000000000000e+04 1.999979249635791989e+00
1.366500000000000000e+04 1.999979244860074390e+00
1.367000000000000000e+04 1.999979237379565067e+00
1.367500000000000000e+04 1.999979227667866732e+00
1.368000000000000000e+04 1.999979217258394559e+00
1.368500000000000000e+04 1.999979211311807559e+00
1.369000000000000000e+04 1.999979205654647041e+00
1.369500000000000000e+04 1.999979196652504010e+00
1.370000000000000000e+04 1.999979187392980640e+00
1.370500000000000000e+04 1.999979180626525022e+00
1.371000000000000000e+04 1.999979175343864712e+00
1.371500000000000000e+04 1.999979164925386410e+00
1.372000000000000000e+04 1.999979155288151622e+00
1.372500000000000000e+04 1.999979148348512537e+00
1.373000000000000000e+04 1.999979142949842803e+00
1.373500000000000000e+04 1.999979134141688819e+00
1.374000000000000000e+04 1.999979125351534215e+00
1.374500000000000000e+04 1.999979117729485889e+00
1.375000000000000000e+04 1.999979113186799662e+00
1.375500000000000000e+04 1.999979103427275362e+00
1.376000000000000000e+04 1.999979094780809152e+00
1.376500000000000000e+04 1.999979086627484692e+00
1.377000000000000000e+04 1.999979081534714265e+00
1.377500000000000000e+04 1.999979073385621309e+00
1.378000000000000000e+04 1.999979064502216186e+00
1.378500000000000000e+04 1.999979056105175568e+00
1.379000000000000000e+04 1.999979051104396888e+00
1.379500000000000000e+04 1.999979042673475815e+00
1.380000000000000000e+04 1.999979034787998433e+00
1.380500000000000000e+04 1.999979026884739275e+00
1.381000000000000000e+04 1.999979020333711333e+00
1.381500000000000000e+04 1.999979012406397416e+00
1.382000000000000000e+04 1.999979004267550931e+00
1.382500000000000000e+04 1.999978996330789904e+00
1.383000000000000000e+04 1.999978989904488857e+00
1.383500000000000000e+04 1.999978982301052977e+00
1.384000000000000000e+04 1.999978974502668816e+00
1.384500000000000000e+04 1.999978966589886387e+00
1.385000000000000000e+04 1.999978957413833580e+00
1.385500000000000000e+04 1.999978951794874948e+00
1.386000000000000000e+04 1.999978943334073112e+00
1.386500000000000000e+04 1.999978935321514495e+00
1.387000000000000000e+04 1.999978926872248319e+00
1.387500000000000000e+04 1.999978922252899416e+00
1.388000000000000000e+04 1.999978914459317858e+00
1.388500000000000000e+04 1.999978906355989405e+00
1.389000000000000000e+04 1.999978897431009095e+00
1.389500000000000000e+04 1.999978891488542354e+00
1.390000000000000000e+04 1.999978883550463715e+00
1.390500000000000000e+04 1.999978875695228142e+00
1.391000000000000000e+04 1.999978867465354471e+00
1.391500000000000000e+04 1.999978861696567467e+00
1.392000000000000000e+04 1.999978853926070999e+00
1.392500000000000000e+04 1.999978845868314759e+00
1.393000000000000000e+04 1.999978837416630517e+00
1.393500000000000000e+04 1.999978830760327009e+00
1.394000000000000000e+04 1.999978822762130237e+00
1.394500000000000000e+04 1.999978814765643209e+00
1.395000000000000000e+04 1.999978806859354252e+00
1.395500000000000000e+04 1.999978800005157709e+00
1.396000000000000000e+04 1.999978794336643384e+00
1.396500000000000000e+04 1.999978785781136192e+00
1.397000000000000000e+04 1.999978777099038485e+00
1.397500000000000000e+04 1.999978768144663466e+00
1.398000000000000000e+04 1.999978764339238158e+00
1.398500000000000000e+04 1.999978756090511123e+00
1.399000000000000000e+04 1.999978747438592608e+00
1.399500000000000000e+04 1.999978738487351082e+00
1.400000000000000000e+04 1.999978733961897071e+00
1.400500000000000000e+04 1.999978725582036043e+00
1.401000000000000000e+04 1.999978716984366134e+00
1.401500000000000000e+04 1.999978708420030671e+00
1.402000000000000000e+04 1.999978703286074966e+00
1.402500000000000000e+04 1.999978695626757119e+00
1.403000000000000000e+04 1.999978687458666471e+00
1.403500000000000000e+04 1.999978678815312660e+00
1.404000000000000000e+04 1.999978672690603032e+00
1.404500000000000000e+04 1.999978665078151030e+00
1.405000000000000000e+04 1.999978656454432624e+00
1.405500000000000000e+04 1.999978647786868624e+00
1.406000000000000000e+04 1.999978642962741748e+00
1.406500000000000000e+04 1.999978636013989064e+00
1.407000000000000000e+04 1.999978627409112031e+00
1.407500000000000000e+04 1.999978618444871570e+00
1.408000000000000000e+04 1.999978610771251386e+00
1.408500000000000000e+04 1.999978605543741184e+00
1.409000000000000000e+04 1.999978597144428161e+00
1.409500000000000000e+04 1.999978588709481198e+00
1.410000000000000000e+04 1.999978580173847886e+00
1.410500000000000000e+04 1.999978575496937472e+00
1.411000000000000000e+04 1.999978567450059641e+00
1.411500000000000000e+04 1.999978558997032252e+00
1.412000000000000000e+04 1.999978549699530816e+00
1.412500000000000000e+04 1.999978545361644100e+00
1.413000000000000000e+04 1.999978537267762313e+00
1.413500000000000000e+04 1.999978528991281257e+00
1.414000000000000000e+04 1.999978520246775693e+00
1.414500000000000000e+04 1.999978514808006036e+00
1.415000000000000000e+04 1.999978507118063353e+00
1.415500000000000000e+04 1.999978498990605091e+00
1.416000000000000000e+04 1.999978490101589568e+00
1.416500000000000000e+04 1.999978484704325821e+00
1.417000000000000000e+04 1.999978477068143912e+00
1.417500000000000000e+04 1.999978468893827577e+00
1.418000000000000000e+04 1.999978460475108966e+00
1.418500000000000000e+04 1.999978454312202114e+00
1.419000000000000000e+04 1.999978446737468385e+00
1.419500000000000000e+04 1.999978438775212197e+00
1.420000000000000000e+04 1.999978430304811816e+00
1.420500000000000000e+04 1.999978422914773901e+00
1.421000000000000000e+04 1.999978415814795518e+00
1.421500000000000000e+04 1.999978407747312392e+00
1.422000000000000000e+04 1.999978399744808621e+00
1.422500000000000000e+04 1.999978392235013391e+00
1.423000000000000000e+04 1.999978386083032467e+00
1.423500000000000000e+04 1.999978378289309688e+00
1.424000000000000000e+04 1.999978370196368038e+00
1.424500000000000000e+04 1.999978360121608345e+00
1.425000000000000000e+04 1.999978355917589656e+00
1.425500000000000000e+04 1.999978347981943072e+00
1.426000000000000000e+04 1.999978339947117156e+00
1.426500000000000000e+04 1.999978331080704663e+00
1.427000000000000000e+04 1.999978325668862800e+00
1.427500000000000000e+04 1.999978317936909722e+00
1.428000000000000000e+04 1.999978309827337375e+00
1.428500000000000000e+04 1.999978300600245618e+00
1.429000000000000000e+04 1.999978294979904980e+00
1.429500000000000000e+04 1.999978287129658971e+00
1.430000000000000000e+04 1.999978279177326401e+00
1.430500000000000000e+04 1.999978270887427634e+00
1.431000000000000000e+04 1.999978265218376849e+00
1.431500000000000000e+04 1.999978257483829402e+00
1.432000000000000000e+04 1.999978248102164624e+00
1.432500000000000000e+04 1.999978237977835693e+00
1.433000000000000000e+04 1.999978232430171809e+00
1.433500000000000000e+04 1.999978227342763981e+00
1.434000000000000000e+04 1.999978218381353923e+00
1.434500000000000000e+04 1.999978208956930459e+00
1.435000000000000000e+04 1.999978200950186746e+00
1.435500000000000000e+04 1.999978194982729329e+00
1.436000000000000000e+04 1.999978185469047043e+00
1.436500000000000000e+04 1.999978176225482462e+00
1.437000000000000000e+04 1.999978168857242666e+00
1.437500000000000000e+04 1.999978165270493102e+00
1.438000000000000000e+04 1.999978156024124765e+00
1.438500000000000000e+04 1.999978146509967081e+00
1.439000000000000000e+04 1.999978137964065539e+00
1.439500000000000000e+04 1.999978132519568241e+00
1.440000000000000000e+04 1.999978123917822703e+00
1.440500000000000000e+04 1.999978115996060346e+00
1.441000000000000000e+04 1.999978107718883402e+00
1.441500000000000000e+04 1.999978102125851809e+00
1.442000000000000000e+04 1.999978093644667609e+00
1.442500000000000000e+04 1.999978085183707455e+00
1.443000000000000000e+04 1.999978077355795802e+00
1.443500000000000000e+04 1.999978072217988068e+00
1.444000000000000000e+04 1.999978064657891741e+00
1.444500000000000000e+04 1.999978056411209959e+00
1.445000000000000000e+04 1.999978047114705282e+00
1.445500000000000000e+04 1.999978040974931037e+00
1.446000000000000000e+04 1.999978034224056067e+00
1.446500000000000000e+04 1.999978026072125603e+00
1.447000000000000000e+04 1.999978016898557032e+00
1.447500000000000000e+04 1.999978007641798117e+00
1.448000000000000000e+04 1.999978001367227254e+00
1.448500000000000000e+04 1.999977992079325917e+00
1.449000000000000000e+04 1.999977983088438993e+00
1.449500000000000000e+04 1.999977976613809272e+00
1.450000000000000000e+04 1.999977971612132199e+00
1.450500000000000000e+04 1.999977961821387762e+00
1.451000000000000000e+04 1.999977952712844287e+00
1.451500000000000000e+04 1.999977944447205669e+00
1.452000000000000000e+04 1.999977939542955996e+00
1.452500000000000000e+04 1.999977931748292193e+00
1.453000000000000000e+04 1.999977923892943821e+00
1.453500000000000000e+04 1.999977914997219663e+00
1.454000000000000000e+04 1.999977908679460681e+00
1.454500000000000000e+04 1.999977900653466589e+00
1.455000000000000000e+04 1.999977893076294366e+00
1.455500000000000000e+04 1.999977884552149865e+00
1.456000000000000000e+04 1.999977878567132716e+00
1.456500000000000000e+04 1.999977871142516905e+00
1.457000000000000000e+04 1.999977862793576255e+00
1.457500000000000000e+04 1.999977853776481407e+00
1.458000000000000000e+04 1.999977847846248435e+00
1.458500000000000000e+04 1.999977840966863152e+00
1.459000000000000000e+04 1.999977832409537637e+00
1.459500000000000000e+04 1.999977822371906466e+00
1.460000000000000000e+04 1.999977814104792584e+00
1.460500000000000000e+04 1.999977809333167489e+00
1.461000000000000000e+04 1.999977800262000560e+00
1.461500000000000000e+04 1.999977790957562007e+00
1.462000000000000000e+04 1.999977783840004353e+00
1.462500000000000000e+04 1.999977778444460563e+00
1.463000000000000000e+04 1.999977768393252919e+00
1.463500000000000000e+04 1.999977759255845422e+00
1.464000000000000000e+04 1.999977750928317421e+00
1.464500000000000000e+04 1.999977745739110357e+00
1.465000000000000000e+04 1.999977737577441239e+00
1.465500000000000000e+04 1.999977729589570874e+00
1.466000000000000000e+04 1.999977721186685820e+00
1.466500000000000000e+04 1.999977715826185332e+00
1.467000000000000000e+04 1.999977707234520841e+00
1.467500000000000000e+04 1.999977699571948042e+00
1.468000000000000000e+04 1.999977691374260846e+00
1.468500000000000000e+04 1.999977684681670365e+00
1.469000000000000000e+04 1.999977676619140610e+00
1.469500000000000000e+04 1.999977668655567475e+00
1.470000000000000000e+04 1.999977660642324739e+00
1.470500000000000000e+04 1.999977654746332822e+00
1.471000000000000000e+04 1.999977646946743626e+00
1.471500000000000000e+04 1.999977639270625218e+00
1.472000000000000000e+04 1.999977630756587965e+00
1.472500000000000000e+04 1.999977622779797626e+00
1.473000000000000000e+04 1.999977616967478111e+00
1.473500000000000000e+04 1.999977608994615741e+00
1.474000000000000000e+04 1.999977600778048759e+00
1.474500000000000000e+04 1.999977591442714697e+00
1.475000000000000000e+04 1.999977587332897100e+00
1.475500000000000000e+04 1.999977578861604099e+00
1.476000000000000000e+04 1.999977569351239604e+00
1.476500000000000000e+04 1.999977560389945674e+00
1.477000000000000000e+04 1.999977556234264098e+00
1.477500000000000000e+04 1.999977548389896942e+00
1.478000000000000000e+04 1.999977539974444829e+00
1.478500000000000000e+04 1.999977531096095662e+00
1.479000000000000000e+04 1.999977526449444376e+00
1.479500000000000000e+04 1.999977517953642314e+00
1.480000000000000000e+04 1.999977508371975521e+00
1.480500000000000000e+04 1.999977498744933690e+00
1.481000000000000000e+04 1.999977495103173908e+00
1.481500000000000000e+04 1.999977487951556832e+00
1.482000000000000000e+04 1.999977479073173692e+00
1.482500000000000000e+04 1.999977469930071194e+00
1.483000000000000000e+04 1.999977463179555937e+00
1.483500000000000000e+04 1.999977455366672263e+00
1.484000000000000000e+04 1.999977445833466927e+00
1.484500000000000000e+04 1.999977436837335754e+00
1.485000000000000000e+04 1.999977431316647625e+00
1.485500000000000000e+04 1.999977426164017524e+00
1.486000000000000000e+04 1.999977416669594721e+00
1.486500000000000000e+04 1.999977407395294948e+00
1.487000000000000000e+04 1.999977400742743994e+00
1.487500000000000000e+04 1.999977394416698084e+00
1.488000000000000000e+04 1.999977385159988907e+00
1.488500000000000000e+04 1.999977376404810991e+00
1.489000000000000000e+04 1.999977368974243053e+00
1.489500000000000000e+04 1.999977365580186905e+00
1.490000000000000000e+04 1.999977356355751024e+00
1.490500000000000000e+04 1.999977347025021279e+00
1.491000000000000000e+04 1.999977338741175226e+00
1.491500000000000000e+04 1.999977333129070889e+00
1.492000000000000000e+04 1.999977325018046592e+00
1.492500000000000000e+04 1.999977317097381579e+00
1.493000000000000000e+04 1.999977308698660750e+00
1.493500000000000000e+04 1.999977303052456579e+00
1.494000000000000000e+04 1.999977294940109118e+00
1.494500000000000000e+04 1.999977287057060904e+00
1.495000000000000000e+04 1.999977279040354938e+00
1.495500000000000000e+04 1.999977273036689152e+00
1.496000000000000000e+04 1.999977265137829585e+00
1.496500000000000000e+04 1.999977257155206578e+00
1.497000000000000000e+04 1.999977249007623969e+00
1.497500000000000000e+04 1.999977242272592104e+00
1.498000000000000000e+04 1.999977234688195216e+00
1.498500000000000000e+04 1.999977226107341854e+00
1.499000000000000000e+04 1.999977218168630388e+00
1.499500000000000000e+04 1.999977210474266576e+00
1.500000000000000000e+04 1.999977205755957055e+00
1.500500000000000000e+04 1.999977197598919121e+00
1.501000000000000000e+04 1.999977189318485005e+00
1.501500000000000000e+04 1.999977180005942490e+00
1.502000000000000000e+04 1.999977175544999763e+00
1.502500000000000000e+04 1.999977167782942322e+00
1.503000000000000000e+04 1.999977159448408370e+00
1.503500000000000000e+04 1.999977150509214541e+00
1.504000000000000000e+04 1.999977145478287532e+00
1.504500000000000000e+04 1.999977137511774972e+00
1.505000000000000000e+04 1.999977129255165131e+00
1.505500000000000000e+04 1.999977120572816514e+00
1.506000000000000000e+04 1.999977114591851901e+00
1.506500000000000000e+04 1.999977106865760135e+00
1.507000000000000000e+04 1.999977098997392844e+00
1.507500000000000000e+04 1.999977090675007174e+00
1.508000000000000000e+04 1.999977084729752885e+00
1.508500000000000000e+04 1.999977077370269196e+00
1.509000000000000000e+04 1.999977069170900901e+00
1.509500000000000000e+04 1.999977060827136999e+00
1.510000000000000000e+04 1.999977053935737770e+00
1.510500000000000000e+04 1.999977045985263491e+00
1.511000000000000000e+04 1.999977038131008689e+00
1.511500000000000000e+04 1.999977030319568083e+00
1.512000000000000000e+04 1.999977022150546180e+00
1.512500000000000000e+04 1.999977016100178417e+00
1.513000000000000000e+04 1.999977008003902545e+00
1.513500000000000000e+04 1.999976999941504241e+00
1.514000000000000000e+04 1.999976991628332090e+00
1.514500000000000000e+04 1.999976986492169262e+00
1.515000000000000000e+04 1.999976978808013506e+00
1.515500000000000000e+04 1.999976970754610228e+00
1.516000000000000000e+04 1.999976961693607613e+00
1.516500000000000000e+04 1.999976956559913477e+00
1.517000000000000000e+04 1.999976948609922811e+00
1.517500000000000000e+04 1.999976940506812184e+00
1.518000000000000000e+04 1.999976931875987907e+00
1.518500000000000000e+04 1.999976926079370498e+00
1.519000000000000000e+04 1.999976918431060957e+00
1.519500000000000000e+04 1.999976910476455538e+00
1.520000000000000000e+04 1.999976901862304812e+00
1.520500000000000000e+04 1.999976895795855691e+00
1.521000000000000000e+04 1.999976888061954616e+00
1.521500000000000000e+04 1.999976880025239989e+00
1.522000000000000000e+04 1.999976871844180826e+00
1.522500000000000000e+04 1.999976865842638896e+00
1.523000000000000000e+04 1.999976859049907851e+00
1.523500000000000000e+04 1.999976850219073343e+00
1.524000000000000000e+04 1.999976840807707212e+00
1.524500000000000000e+04 1.999976832586698228e+00
1.525000000000000000e+04 1.999976828534392403e+00
1.525500000000000000e+04 1.999976820179395265e+00
1.526000000000000000e+04 1.999976811602474758e+00
1.526500000000000000e+04 1.999976802124706632e+00
1.527000000000000000e+04 1.999976798520422649e+00
1.527500000000000000e+04 1.999976789395043086e+00
1.528000000000000000e+04 1.999976779867863153e+00
1.528500000000000000e+04 1.999976771055355318e+00
1.529000000000000000e+04 1.999976767733377070e+00
1.529500000000000000e+04 1.999976759675415661e+00
1.530000000000000000e+04 1.999976750898506905e+00
1.530500000000000000e+04 1.999976741970739935e+00
1.531000000000000000e+04 1.999976735697790886e+00
1.531500000000000000e+04 1.999976726444789410e+00
1.532000000000000000e+04 1.999976717300241180e+00
1.532500000000000000e+04 1.999976708868980602e+00
1.533000000000000000e+04 1.999976704311494435e+00
1.533500000000000000e+04 1.999976696825722211e+00
1.534000000000000000e+04 1.999976687597162073e+00
1.534500000000000000e+04 1.999976678657847007e+00
1.535000000000000000e+04 1.999976673234447500e+00
1.535500000000000000e+04 1.999976665158340827e+00
1.536000000000000000e+04 1.999976657198528018e+00
1.536500000000000000e+04 1.999976649490836644e+00
1.537000000000000000e+04 1.999976642070575572e+00
1.537500000000000000e+04 1.999976635256850654e+00
1.538000000000000000e+04 1.999976626200520302e+00
1.538500000000000000e+04 1.999976617919142496e+00
1.539000000000000000e+04 1.999976610345614025e+00
1.539500000000000000e+04 1.999976604978681571e+00
1.540000000000000000e+04 1.999976597175826099e+00
1.540500000000000000e+04 1.999976589098602764e+00
1.541000000000000000e+04 1.999976579723240500e+00
1.541500000000000000e+04 1.999976574223929937e+00
1.542000000000000000e+04 1.999976566494158892e+00
1.542500000000000000e+04 1.999976558645828462e+00
1.543000000000000000e+04 1.999976549880188026e+00
1.543500000000000000e+04 1.999976544727199101e+00
1.544000000000000000e+04 1.999976536365805080e+00
1.544500000000000000e+04 1.999976527090572054e+00
1.545000000000000000e+04 1.999976517618740068e+00
1.545500000000000000e+04 1.999976514046054143e+00
1.546000000000000000e+04 1.999976506565139589e+00
1.546500000000000000e+04 1.999976497150408594e+00
1.547000000000000000e+04 1.999976487018035654e+00
1.547500000000000000e+04 1.999976480519160882e+00
1.548000000000000000e+04 1.999976473166817037e+00
1.548500000000000000e+04 1.999976464051500979e+00
1.549000000000000000e+04 1.999976455200962455e+00
1.549500000000000000e+04 1.999976449737236095e+00
1.550000000000000000e+04 1.999976444572865164e+00
1.550500000000000000e+04 1.999976434630569067e+00
1.551000000000000000e+04 1.999976424773224126e+00
1.551500000000000000e+04 1.999976417747032054e+00
1.552000000000000000e+04 1.999976411217980976e+00
1.552500000000000000e+04 1.999976402707140277e+00
1.553000000000000000e+04 1.999976394647365652e+00
1.553500000000000000e+04 1.999976386407197992e+00
1.554000000000000000e+04 1.999976381587543983e+00
1.554500000000000000e+04 1.999976372482303200e+00
1.555000000000000000e+04 1.999976364481699909e+00
1.555500000000000000e+04 1.999976356363424523e+00
1.556000000000000000e+04 1.999976351143551101e+00
1.556500000000000000e+04 1.999976343328398132e+00
1.557000000000000000e+04 1.999976335315470033e+00
1.557500000000000000e+04 1.999976326653916336e+00
1.558000000000000000e+04 1.999976321403435620e+00
1.558500000000000000e+04 1.999976313832311892e+00
1.559000000000000000e+04 1.999976305067114213e+00
1.559500000000000000e+04 1.999976294912639840e+00
1.560000000000000000e+04 1.999976287917863749e+00
1.560500000000000000e+04 1.999976281298637470e+00
1.561000000000000000e+04 1.999976272358590768e+00
1.561500000000000000e+04 1.999976263249836350e+00
1.562000000000000000e+04 1.999976257782159372e+00
1.562500000000000000e+04 1.999976252054547654e+00
1.563000000000000000e+04 1.999976242089415601e+00
1.563500000000000000e+04 1.999976232089305750e+00
1.564000000000000000e+04 1.999976225333050639e+00
1.564500000000000000e+04 1.999976220238594449e+00
1.565000000000000000e+04 1.999976211436812923e+00
1.565500000000000000e+04 1.999976202408615400e+00
1.566000000000000000e+04 1.999976194967466370e+00
1.566500000000000000e+04 1.999976190291076872e+00
1.567000000000000000e+04 1.999976180653594726e+00
1.567500000000000000e+04 1.999976171361473209e+00
1.568000000000000000e+04 1.999976163078896363e+00
1.568500000000000000e+04 1.999976158129596948e+00
1.569000000000000000e+04 1.999976149902361389e+00
1.569500000000000000e+04 1.999976141317510114e+00
1.570000000000000000e+04 1.999976133061631467e+00
1.570500000000000000e+04 1.999976128119706598e+00
1.571000000000000000e+04 1.999976119471299274e+00
1.571500000000000000e+04 1.999976111194680772e+00
1.572000000000000000e+04 1.999976103433042107e+00
1.572500000000000000e+04 1.999976096735548881e+00
1.573000000000000000e+04 1.999976089359597031e+00
1.573500000000000000e+04 1.999976080582349658e+00
1.574000000000000000e+04 1.999976072164757035e+00
1.574500000000000000e+04 1.999976066794251883e+00
1.575000000000000000e+04 1.999976058827145797e+00
1.575500000000000000e+04 1.999976050798987437e+00
1.576000000000000000e+04 1.999976043138771642e+00
1.576500000000000000e+04 1.999976034765605704e+00
1.577000000000000000e+04 1.999976028508214654e+00
1.577500000000000000e+04 1.999976020331777793e+00
1.578000000000000000e+04 1.999976012460700892e+00
1.578500000000000000e+04 1.999976003765747468e+00
1.579000000000000000e+04 1.999975998474713190e+00
1.579500000000000000e+04 1.999975990628113154e+00
1.580000000000000000e+04 1.999975982841119881e+00
1.580500000000000000e+04 1.999975973779830607e+00
1.581000000000000000e+04 1.999975967767684049e+00
1.581500000000000000e+04 1.999975959484846522e+00
1.582000000000000000e+04 1.999975951433310639e+00
1.582500000000000000e+04 1.999975943251202093e+00
1.583000000000000000e+04 1.999975938273449882e+00
1.583500000000000000e+04 1.999975930456724837e+00
1.584000000000000000e+04 1.999975922500070835e+00
1.584500000000000000e+04 1.999975913819402207e+00
1.585000000000000000e+04 1.999975907523499075e+00
1.585500000000000000e+04 1.999975899561828196e+00
1.586000000000000000e+04 1.999975891756980095e+00
1.586500000000000000e+04 1.999975883766045071e+00
1.587000000000000000e+04 1.999975877220170117e+00
1.587500000000000000e+04 1.999975869854829336e+00
1.588000000000000000e+04 1.999975861882216766e+00
1.588500000000000000e+04 1.999975853618296773e+00
1.589000000000000000e+04 1.999975845475525871e+00
1.589500000000000000e+04 1.999975838801262951e+00
1.590000000000000000e+04 1.999975830775439389e+00
1.590500000000000000e+04 1.999975822990448071e+00
1.591000000000000000e+04 1.999975813944818048e+00
1.591500000000000000e+04 1.999975810218805661e+00
1.592000000000000000e+04 1.999975801863350000e+00
1.592500000000000000e+04 1.999975793073477170e+00
1.593000000000000000e+04 1.999975784360040754e+00
1.593500000000000000e+04 1.999975780113521395e+00
1.594000000000000000e+04 1.999975772137084773e+00
1.594500000000000000e+04 1.999975763180265043e+00
1.595000000000000000e+04 1.999975754039829967e+00
1.595500000000000000e+04 1.999975749118615642e+00
1.596000000000000000e+04 1.999975741179197630e+00
1.596500000000000000e+04 1.999975732287621266e+00
1.597000000000000000e+04 1.999975723415582163e+00
1.597500000000000000e+04 1.999975718990335549e+00
1.598000000000000000e+04 1.999975711760396457e+00
1.598500000000000000e+04 1.999975703234760260e+00
1.599000000000000000e+04 1.999975694138994120e+00
1.599500000000000000e+04 1.999975687038213490e+00
1.600000000000000000e+04 1.999975681139988026e+00
1.600500000000000000e+04 1.999975672421056894e+00
1.601000000000000000e+04 1.999975663533614334e+00
1.601500000000000000e+04 1.999975656392424250e+00
1.602000000000000000e+04 1.999975651490685680e+00
1.602500000000000000e+04 1.999975643111266521e+00
1.603000000000000000e+04 1.999975634095561672e+00
1.603500000000000000e+04 1.999975624480647696e+00
1.604000000000000000e+04 1.999975621004322468e+00
1.604500000000000000e+04 1.999975612717944218e+00
1.605000000000000000e+04 1.999975604238758864e+00
1.605500000000000000e+04 1.999975595577341281e+00
1.606000000000000000e+04 1.999975590822449689e+00
1.606500000000000000e+04 1.999975583022552073e+00
1.607000000000000000e+04 1.999975574355165042e+00
1.607500000000000000e+04 1.999975565188880200e+00
1.608000000000000000e+04 1.999975559827279259e+00
1.608500000000000000e+04 1.999975552117977173e+00
1.609000000000000000e+04 1.999975543581254511e+00
1.609500000000000000e+04 1.999975535049303810e+00
1.610000000000000000e+04 1.999975530377632760e+00
1.610500000000000000e+04 1.999975522938514327e+00
1.611000000000000000e+04 1.999975514071443694e+00
1.611500000000000000e+04 1.999975504657960812e+00
1.612000000000000000e+04 1.999975498397458029e+00
1.612500000000000000e+04 1.999975492461758320e+00
1.613000000000000000e+04 1.999975484097366474e+00
1.613500000000000000e+04 1.999975475588253060e+00
1.614000000000000000e+04 1.999975467688648756e+00
1.614500000000000000e+04 1.999975462784292501e+00
1.615000000000000000e+04 1.999975453120028002e+00
1.615500000000000000e+04 1.999975443370159089e+00
1.616000000000000000e+04 1.999975435608293717e+00
1.616500000000000000e+04 1.999975430572452861e+00
1.617000000000000000e+04 1.999975421937368436e+00
1.617500000000000000e+04 1.999975413145161918e+00
1.618000000000000000e+04 1.999975405736226897e+00
1.618500000000000000e+04 1.999975401797259300e+00
1.619000000000000000e+04 1.999975391937482971e+00
1.619500000000000000e+04 1.999975382229456589e+00
1.620000000000000000e+04 1.999975373429667913e+00
1.620500000000000000e+04 1.999975370248574302e+00
1.621000000000000000e+04 1.999975362421718916e+00
1.621500000000000000e+04 1.999975353442064563e+00
1.622000000000000000e+04 1.999975344733133209e+00
1.622500000000000000e+04 1.999975338971327954e+00
1.623000000000000000e+04 1.999975330001349194e+00
1.623500000000000000e+04 1.999975321312171150e+00
1.624000000000000000e+04 1.999975313412023281e+00
1.624500000000000000e+04 1.999975307381735679e+00
1.625000000000000000e+04 1.999975299974170229e+00
1.625500000000000000e+04 1.999975291197385596e+00
1.626000000000000000e+04 1.999975282851122360e+00
1.626500000000000000e+04 1.999975277140719099e+00
1.627000000000000000e+04 1.999975269249522292e+00
1.627500000000000000e+04 1.999975261236590640e+00
1.628000000000000000e+04 1.999975253541213860e+00
1.628500000000000000e+04 1.999975244856462497e+00
1.629000000000000000e+04 1.999975239233303226e+00
1.629500000000000000e+04 1.999975230329331888e+00
1.630000000000000000e+04 1.999975222000815567e+00
1.630500000000000000e+04 1.999975213860863521e+00
1.631000000000000000e+04 1.999975208994482667e+00
1.631500000000000000e+04 1.999975201307454764e+00
1.632000000000000000e+04 1.999975193300568277e+00
1.632500000000000000e+04 1.999975184232648973e+00
1.633000000000000000e+04 1.999975178448269109e+00
1.633500000000000000e+04 1.999975170674207048e+00
1.634000000000000000e+04 1.999975162790043948e+00
1.634500000000000000e+04 1.999975154388604182e+00
1.635000000000000000e+04 1.999975148721700346e+00
1.635500000000000000e+04 1.999975140232183035e+00
1.636000000000000000e+04 1.999975130667164258e+00
1.636500000000000000e+04 1.999975121065529660e+00
1.637000000000000000e+04 1.999975116989909152e+00
1.637500000000000000e+04 1.999975110603953388e+00
1.638000000000000000e+04 1.999975101023180990e+00
1.638500000000000000e+04 1.999975091368552338e+00
1.639000000000000000e+04 1.999975084506969480e+00
1.639500000000000000e+04 1.999975077604949192e+00
1.640000000000000000e+04 1.999975068335706929e+00
1.640500000000000000e+04 1.999975059574786274e+00
1.641000000000000000e+04 1.999975053294385408e+00
1.641500000000000000e+04 1.999975048845391123e+00
1.642000000000000000e+04 1.999975038971616437e+00
1.642500000000000000e+04 1.999975029468572307e+00
1.643000000000000000e+04 1.999975021249190466e+00
1.643500000000000000e+04 1.999975015641825449e+00
1.644000000000000000e+04 1.999975007458783205e+00
1.644500000000000000e+04 1.999974999639510198e+00
1.645000000000000000e+04 1.999974990981630452e+00
1.645500000000000000e+04 1.999974985721689524e+00
1.646000000000000000e+04 1.999974977041860225e+00
1.646500000000000000e+04 1.999974969131236957e+00
1.647000000000000000e+04 1.999974961211478774e+00
1.647500000000000000e+04 1.999974955981178359e+00
1.648000000000000000e+04 1.999974948298691491e+00
1.648500000000000000e+04 1.999974939977527066e+00
1.649000000000000000e+04 1.999974931059882666e+00
1.649500000000000000e+04 1.999974925220268984e+00
1.650000000000000000e+04 1.999974917924951967e+00
1.650500000000000000e+04 1.999974909672383783e+00
1.651000000000000000e+04 1.999974900552407675e+00
1.651500000000000000e+04 1.999974892808582094e+00
1.652000000000000000e+04 1.999974887340507879e+00
1.652500000000000000e+04 1.999974878657039490e+00
1.653000000000000000e+04 1.999974869607285433e+00
1.653500000000000000e+04 1.999974861496911727e+00
1.654000000000000000e+04 1.999974857407996964e+00
1.654500000000000000e+04 1.999974848654257009e+00
1.655000000000000000e+04 1.999974839153886963e+00
1.655500000000000000e+04 1.999974829541622201e+00
1.656000000000000000e+04 1.999974825542070844e+00
1.656500000000000000e+04 1.999974816883641537e+00
1.657000000000000000e+04 1.999974807869795645e+00
1.657500000000000000e+04 1.999974799806589543e+00
1.658000000000000000e+04 1.999974795113666826e+00
1.658500000000000000e+04 1.999974785572038005e+00
1.659000000000000000e+04 1.999974776142036559e+00
1.659500000000000000e+04 1.999974767607290760e+00
1.660000000000000000e+04 1.999974762375427373e+00
1.660500000000000000e+04 1.999974754322780601e+00
1.661000000000000000e+04 1.999974745960732658e+00
1.661500000000000000e+04 1.999974737764317334e+00
1.662000000000000000e+04 1.999974732890865692e+00
1.662500000000000000e+04 1.999974724584086205e+00
1.663000000000000000e+04 1.999974715496542821e+00
1.663500000000000000e+04 1.999974707470266511e+00
1.664000000000000000e+04 1.999974701258426579e+00
1.664500000000000000e+04 1.999974693824497107e+00
1.665000000000000000e+04 1.999974685287679854e+00
1.665500000000000000e+04 1.999974676939730855e+00
1.666000000000000000e+04 1.999974670993487136e+00
1.666500000000000000e+04 1.999974663659548568e+00
1.667000000000000000e+04 1.999974655308947247e+00
1.667500000000000000e+04 1.999974647649924719e+00
1.668000000000000000e+04 1.999974638402151061e+00
1.668500000000000000e+04 1.999974633255005019e+00
1.669000000000000000e+04 1.999974625148979390e+00
1.669500000000000000e+04 1.999974617211324190e+00
1.670000000000000000e+04 1.999974608648918517e+00
1.670500000000000000e+04 1.999974603078054303e+00
1.671000000000000000e+04 1.999974594934450289e+00
1.671500000000000000e+04 1.999974587196463593e+00
1.672000000000000000e+04 1.999974578815847392e+00
1.672500000000000000e+04 1.999974572496746372e+00
1.673000000000000000e+04 1.999974564397323684e+00
1.673500000000000000e+04 1.999974556270507575e+00
1.674000000000000000e+04 1.999974548219175086e+00
1.674500000000000000e+04 1.999974543504484670e+00
1.675000000000000000e+04 1.999974535890336469e+00
1.675500000000000000e+04 1.999974527667821578e+00
1.676000000000000000e+04 1.999974518590245331e+00
1.676500000000000000e+04 1.999974512077394850e+00
1.677000000000000000e+04 1.999974505250147860e+00
1.677500000000000000e+04 1.999974497312357435e+00
1.678000000000000000e+04 1.999974489106613795e+00
1.678500000000000000e+04 1.999974480909265218e+00
1.679000000000000000e+04 1.999974475363948345e+00
1.679500000000000000e+04 1.999974467188285532e+00
1.680000000000000000e+04 1.999974458528360532e+00
1.680500000000000000e+04 1.999974448815439843e+00
1.681000000000000000e+04 1.999974444198588275e+00
1.681500000000000000e+04 1.999974436395349997e+00
1.682000000000000000e+04 1.999974428497225398e+00
1.682500000000000000e+04 1.999974419548743887e+00
1.683000000000000000e+04 1.999974414941539491e+00
1.683500000000000000e+04 1.999974406454493092e+00
1.684000000000000000e+04 1.999974397277466398e+00
1.684500000000000000e+04 1.999974388251146262e+00
1.685000000000000000e+04 1.999974384630764268e+00
1.685500000000000000e+04 1.999974377035811157e+00
1.686000000000000000e+04 1.999974368377477330e+00
1.686500000000000000e+04 1.999974359134869095e+00
1.687000000000000000e+04 1.999974353789987225e+00
1.687500000000000000e+04 1.999974346342360265e+00
1.688000000000000000e+04 1.999974337510745492e+00
1.688500000000000000e+04 1.999974328144481506e+00
1.689000000000000000e+04 1.999974322966532769e+00
1.689500000000000000e+04 1.999974316413034359e+00
1.690000000000000000e+04 1.999974308184191418e+00
1.690500000000000000e+04 1.999974299295820712e+00
1.691000000000000000e+04 1.999974290229795448e+00
1.691500000000000000e+04 1.999974284867251040e+00
1.692000000000000000e+04 1.999974275910885391e+00
1.692500000000000000e+04 1.999974266691356473e+00
1.693000000000000000e+04 1.999974259929835352e+00
1.693500000000000000e+04 1.999974255725165184e+00
1.694000000000000000e+04 1.999974246303550141e+00
1.694500000000000000e+04 1.999974236620262635e+00
1.695000000000000000e+04 1.999974228259201459e+00
1.695500000000000000e+04 1.999974223518945271e+00
1.696000000000000000e+04 1.999974214982647158e+00
1.696500000000000000e+04 1.999974206083064088e+00
1.697000000000000000e+04 1.999974198153847249e+00
1.697500000000000000e+04 1.999974195374376373e+00
1.698000000000000000e+04 1.999974186913199281e+00
1.698500000000000000e+04 1.999974177121241148e+00
1.699000000000000000e+04 1.999974167593082219e+00
1.699500000000000000e+04 1.999974162461640281e+00
1.700000000000000000e+04 1.999974154897229406e+00
1.700500000000000000e+04 1.999974146148857823e+00
1.701000000000000000e+04 1.999974137526854934e+00
1.701500000000000000e+04 1.999974133553131583e+00
1.702000000000000000e+04 1.999974127054555684e+00
1.702500000000000000e+04 1.999974117182424127e+00
1.703000000000000000e+04 1.999974107312178173e+00
1.703500000000000000e+04 1.999974100880636207e+00
1.704000000000000000e+04 1.999974095505799410e+00
1.704500000000000000e+04 1.999974086784731320e+00
1.705000000000000000e+04 1.999974077983789345e+00
1.705500000000000000e+04 1.999974071017639909e+00
1.706000000000000000e+04 1.999974067079850037e+00
1.706500000000000000e+04 1.999974057336240785e+00
1.707000000000000000e+04 1.999974047370665087e+00
1.707500000000000000e+04 1.999974039076349408e+00
1.708000000000000000e+04 1.999974033712172305e+00
1.708500000000000000e+04 1.999974025324837257e+00
1.709000000000000000e+04 1.999974016815681210e+00
1.709500000000000000e+04 1.999974009007077447e+00
1.710000000000000000e+04 1.999974005843373925e+00
1.710500000000000000e+04 1.999973996396887221e+00
1.711000000000000000e+04 1.999973986530203307e+00
1.711500000000000000e+04 1.999973977616473997e+00
1.712000000000000000e+04 1.999973973219441925e+00
1.712500000000000000e+04 1.999973965821607136e+00
1.713000000000000000e+04 1.999973957059588248e+00
1.713500000000000000e+04 1.999973948360277864e+00
1.714000000000000000e+04 1.999973942962173235e+00
1.714500000000000000e+04 1.999973934746933191e+00
1.715000000000000000e+04 1.999973926038830729e+00
1.715500000000000000e+04 1.999973918309100540e+00
1.716000000000000000e+04 1.999973911739129084e+00
1.716500000000000000e+04 1.999973904171325589e+00
1.717000000000000000e+04 1.999973895879479047e+00
1.717500000000000000e+04 1.999973887832828368e+00
1.718000000000000000e+04 1.999973880908771484e+00
1.718500000000000000e+04 1.999973874032624721e+00
1.719000000000000000e+04 1.999973865690823471e+00
1.719500000000000000e+04 1.999973858061702359e+00
1.720000000000000000e+04 1.999973848878614513e+00
1.720500000000000000e+04 1.999973843367534032e+00
1.721000000000000000e+04 1.999973834964549946e+00
1.721500000000000000e+04 1.999973826870724558e+00
1.722000000000000000e+04 1.999973818515000001e+00
1.722500000000000000e+04 1.999973813533250100e+00
1.723000000000000000e+04 1.999973805942385052e+00
1.723500000000000000e+04 1.999973797939564868e+00
1.724000000000000000e+04 1.999973788886562298e+00
1.724500000000000000e+04 1.999973783230549307e+00
1.725000000000000000e+04 1.999973775543878451e+00
1.725500000000000000e+04 1.999973767561563642e+00
1.726000000000000000e+04 1.999973759077483981e+00
1.726500000000000000e+04 1.999973753225607664e+00
1.727000000000000000e+04 1.999973745812379189e+00
1.727500000000000000e+04 1.999973736470584296e+00
1.728000000000000000e+04 1.999973726534042484e+00
1.728500000000000000e+04 1.999973720596776472e+00
1.729000000000000000e+04 1.999973715136478702e+00
1.729500000000000000e+04 1.999973706579803778e+00
1.730000000000000000e+04 1.999973697524562555e+00
1.730500000000000000e+04 1.999973688574709030e+00
1.731000000000000000e+04 1.999973683826772541e+00
1.731500000000000000e+04 1.999973673849415823e+00
1.732000000000000000e+04 1.999973664130359596e+00
1.732500000000000000e+04 1.999973656686962142e+00
1.733000000000000000e+04 1.999973653590645828e+00
1.733500000000000000e+04 1.999973644075974111e+00
1.734000000000000000e+04 1.999973634400130207e+00
1.734500000000000000e+04 1.999973625808253885e+00
1.735000000000000000e+04 1.999973620160916177e+00
1.735500000000000000e+04 1.999973611570391885e+00
1.736000000000000000e+04 1.999973603725311300e+00
1.736500000000000000e+04 1.999973595422117167e+00
1.737000000000000000e+04 1.999973589690680953e+00
1.737500000000000000e+04 1.999973581201498041e+00
1.738000000000000000e+04 1.999973573201753396e+00
1.738500000000000000e+04 1.999973565319767221e+00
1.739000000000000000e+04 1.999973559882695096e+00
1.739500000000000000e+04 1.999973552426516532e+00
1.740000000000000000e+04 1.999973543247071328e+00
1.740500000000000000e+04 1.999973533632575906e+00
1.741000000000000000e+04 1.999973527502957760e+00
1.741500000000000000e+04 1.999973521928037901e+00
1.742000000000000000e+04 1.999973511878468058e+00
1.742500000000000000e+04 1.999973502087578181e+00
1.743000000000000000e+04 1.999973495144527824e+00
1.743500000000000000e+04 1.999973488103712782e+00
1.744000000000000000e+04 1.999973480192333675e+00
1.744500000000000000e+04 1.999973472387918560e+00
1.745000000000000000e+04 1.999973463310843025e+00
1.745500000000000000e+04 1.999973458386418379e+00
1.746000000000000000e+04 1.999973450782240647e+00
1.746500000000000000e+04 1.999973442615009533e+00
1.747000000000000000e+04 1.999973433436990300e+00
1.747500000000000000e+04 1.999973427901441836e+00
1.748000000000000000e+04 1.999973419122933027e+00
1.748500000000000000e+04 1.999973409874661989e+00
1.749000000000000000e+04 1.999973401352220792e+00
1.749500000000000000e+04 1.999973397338461911e+00
1.750000000000000000e+04 1.999973388027908472e+00
1.750500000000000000e+04 1.999973378419977577e+00
1.751000000000000000e+04 1.999973369692240821e+00
1.751500000000000000e+04 1.999973364374272755e+00
1.752000000000000000e+04 1.999973356300943861e+00
1.752500000000000000e+04 1.999973348206719237e+00
1.753000000000000000e+04 1.999973340200996708e+00
1.753500000000000000e+04 1.999973334109937273e+00
1.754000000000000000e+04 1.999973326405940277e+00
1.754500000000000000e+04 1.999973317418960228e+00
1.755000000000000000e+04 1.999973309556011269e+00
1.755500000000000000e+04 1.999973302460665625e+00
1.756000000000000000e+04 1.999973295556271236e+00
1.756500000000000000e+04 1.999973287500706132e+00
1.757000000000000000e+04 1.999973279573308504e+00
1.757500000000000000e+04 1.999973271661850793e+00
1.758000000000000000e+04 1.999973265574500170e+00
1.758500000000000000e+04 1.999973257679834804e+00
1.759000000000000000e+04 1.999973249950764309e+00
1.759500000000000000e+04 1.999973240982088063e+00
1.760000000000000000e+04 1.999973235871221000e+00
1.760500000000000000e+04 1.999973227985639257e+00
1.761000000000000000e+04 1.999973219974374050e+00
1.761500000000000000e+04 1.999973211302121134e+00
1.762000000000000000e+04 1.999973205168607882e+00
1.762500000000000000e+04 1.999973197410672254e+00
1.763000000000000000e+04 1.999973189552777031e+00
1.763500000000000000e+04 1.999973180995156641e+00
1.764000000000000000e+04 1.999973174787527563e+00
1.764500000000000000e+04 1.999973166962630833e+00
1.765000000000000000e+04 1.999973159008316292e+00
1.765500000000000000e+04 1.999973150882829120e+00
1.766000000000000000e+04 1.999973144925534907e+00
1.766500000000000000e+04 1.999973138029995656e+00
1.767000000000000000e+04 1.999973129258793447e+00
1.767500000000000000e+04 1.999973119789679066e+00
1.768000000000000000e+04 1.999973111834230322e+00
1.768500000000000000e+04 1.999973107634380742e+00
1.769000000000000000e+04 1.999973099315869307e+00
1.769500000000000000e+04 1.999973090714360913e+00
1.770000000000000000e+04 1.999973081243676676e+00
1.770500000000000000e+04 1.999973077545350142e+00
1.771000000000000000e+04 1.999973068903228901e+00
1.771500000000000000e+04 1.999973059790381980e+00
1.772000000000000000e+04 1.999973050770723182e+00
1.772500000000000000e+04 1.999973046711477798e+00
1.773000000000000000e+04 1.999973038869568676e+00
1.773500000000000000e+04 1.999973030589047074e+00
1.774000000000000000e+04 1.999973021737008194e+00
1.774500000000000000e+04 1.999973016209992460e+00
1.775000000000000000e+04 1.999973007507471534e+00
1.775500000000000000e+04 1.999972998227076415e+00
1.776000000000000000e+04 1.999972988817926511e+00
1.776500000000000000e+04 1.999972985433799755e+00
1.777000000000000000e+04 1.999972978549178881e+00
1.777500000000000000e+04 1.999972969644482124e+00
1.778000000000000000e+04 1.999972960322981885e+00
1.778500000000000000e+04 1.999972954493850263e+00
1.779000000000000000e+04 1.999972947538957380e+00
1.779500000000000000e+04 1.999972938470224060e+00
1.780000000000000000e+04 1.999972928888322343e+00
1.780500000000000000e+04 1.999972922797002450e+00
1.781000000000000000e+04 1.999972918452944670e+00
1.781500000000000000e+04 1.999972909858455328e+00
1.782000000000000000e+04 1.999972900823733024e+00
1.782500000000000000e+04 1.999972892008062830e+00
1.783000000000000000e+04 1.999972885728448002e+00
1.783500000000000000e+04 1.999972876867483818e+00
1.784000000000000000e+04 1.999972867859040049e+00
1.784500000000000000e+04 1.999972860496264326e+00
1.785000000000000000e+04 1.999972856275068045e+00
1.785500000000000000e+04 1.999972847342607052e+00
1.786000000000000000e+04 1.999972838148242893e+00
1.786500000000000000e+04 1.999972829540794139e+00
1.787000000000000000e+04 1.999972824418364103e+00
1.787500000000000000e+04 1.999972816083916971e+00
1.788000000000000000e+04 1.999972807582491408e+00
1.788500000000000000e+04 1.999972799332926821e+00
1.789000000000000000e+04 1.999972795696917327e+00
1.789500000000000000e+04 1.999972787975742516e+00
1.790000000000000000e+04 1.999972778498776638e+00
1.790500000000000000e+04 1.999972769129540362e+00
1.791000000000000000e+04 1.999972763718142366e+00
1.791500000000000000e+04 1.999972755911526123e+00
1.792000000000000000e+04 1.999972747427341879e+00
1.792500000000000000e+04 1.999972739149919576e+00
1.793000000000000000e+04 1.999972733514772782e+00
1.793500000000000000e+04 1.999972727722633570e+00
1.794000000000000000e+04 1.999972718163618879e+00
1.794500000000000000e+04 1.999972708821490031e+00
1.795000000000000000e+04 1.999972702130160540e+00
1.795500000000000000e+04 1.999972695884953078e+00
1.796000000000000000e+04 1.999972687316809550e+00
1.796500000000000000e+04 1.999972678673239246e+00
1.797000000000000000e+04 1.999972671607149755e+00
1.797500000000000000e+04 1.999972667872944143e+00
1.798000000000000000e+04 1.999972658432749295e+00
1.798500000000000000e+04 1.999972648819128507e+00
1.799000000000000000e+04 1.999972640122312351e+00
1.799500000000000000e+04 1.999972635220740758e+00
1.800000000000000000e+04 1.999972627076790355e+00
1.800500000000000000e+04 1.999972618994366513e+00
1.801000000000000000e+04 1.999972610685145424e+00
1.801500000000000000e+04 1.999972605915107726e+00
1.802000000000000000e+04 1.999972597306293620e+00
1.802500000000000000e+04 1.999972588302133314e+00
1.803000000000000000e+04 1.999972580382437970e+00
1.803500000000000000e+04 1.999972574331652986e+00
1.804000000000000000e+04 1.999972566430012755e+00
1.804500000000000000e+04 1.999972558080711060e+00
1.805000000000000000e+04 1.999972549845562719e+00
1.805500000000000000e+04 1.999972544385806517e+00
1.806000000000000000e+04 1.999972537069637291e+00
1.806500000000000000e+04 1.999972527990973470e+00
1.807000000000000000e+04 1.999972520197429215e+00
1.807500000000000000e+04 1.999972512329060592e+00
1.808000000000000000e+04 1.999972506165194952e+00
1.808500000000000000e+04 1.999972498021635126e+00
1.809000000000000000e+04 1.999972490009566561e+00
1.809500000000000000e+04 1.999972481778409694e+00
1.810000000000000000e+04 1.999972476472191341e+00
1.810500000000000000e+04 1.999972467561112799e+00
1.811000000000000000e+04 1.999972459856358853e+00
1.811500000000000000e+04 1.999972451298167364e+00
1.812000000000000000e+04 1.999972445372804941e+00
1.812500000000000000e+04 1.999972437224837529e+00
1.813000000000000000e+04 1.999972429187924838e+00
1.813500000000000000e+04 1.999972420915957061e+00
1.814000000000000000e+04 1.999972416206162062e+00
1.814500000000000000e+04 1.999972408660736889e+00
1.815000000000000000e+04 1.999972400282730600e+00
1.815500000000000000e+04 1.999972390567564595e+00
1.816000000000000000e+04 1.999972385180611267e+00
1.816500000000000000e+04 1.999972378347860014e+00
1.817000000000000000e+04 1.999972369949219564e+00
1.817500000000000000e+04 1.999972361028792278e+00
1.818000000000000000e+04 1.999972354317693934e+00
1.818500000000000000e+04 1.999972348040787162e+00
1.819000000000000000e+04 1.999972338211554623e+00
1.819500000000000000e+04 1.999972327824497409e+00
1.820000000000000000e+04 1.999972320848379281e+00
1.820500000000000000e+04 1.999972317115288778e+00
1.821000000000000000e+04 1.999972308066481519e+00
1.821500000000000000e+04 1.999972298563948536e+00
1.822000000000000000e+04 1.999972290185036528e+00
1.822500000000000000e+04 1.999972285436154573e+00
1.823000000000000000e+04 1.999972275336277416e+00
1.823500000000000000e+04 1.999972265873669830e+00
1.824000000000000000e+04 1.999972257632374850e+00
1.824500000000000000e+04 1.999972254044734887e+00
1.825000000000000000e+04 1.999972245027975548e+00
1.825500000000000000e+04 1.999972235643901586e+00
1.826000000000000000e+04 1.999972227154384496e+00
1.826500000000000000e+04 1.999972222113780340e+00
1.827000000000000000e+04 1.999972214242382584e+00
1.827500000000000000e+04 1.999972206595832303e+00
1.828000000000000000e+04 1.999972197920054651e+00
1.828500000000000000e+04 1.999972191633147878e+00
1.829000000000000000e+04 1.999972183866822739e+00
1.829500000000000000e+04 1.999972176132192470e+00
1.830000000000000000e+04 1.999972167710977189e+00
1.830500000000000000e+04 1.999972160087312378e+00
1.831000000000000000e+04 1.999972153207490555e+00
1.831500000000000000e+04 1.999972143127202173e+00
1.832000000000000000e+04 1.999972133427257548e+00
1.832500000000000000e+04 1.999972127542645639e+00
1.833000000000000000e+04 1.999972122773958638e+00
1.833500000000000000e+04 1.999972112522585777e+00
1.834000000000000000e+04 1.999972102982582101e+00
1.834500000000000000e+04 1.999972095471921563e+00
1.835000000000000000e+04 1.999972090324996676e+00
1.835500000000000000e+04 1.999972082599341006e+00
1.836000000000000000e+04 1.999972074220691454e+00
1.836500000000000000e+04 1.999972064992845411e+00
1.837000000000000000e+04 1.999972059836433891e+00
1.837500000000000000e+04 1.999972052291705049e+00
1.838000000000000000e+04 1.999972043706530034e+00
1.838500000000000000e+04 1.999972034391560571e+00
1.839000000000000000e+04 1.999972027953551557e+00
1.839500000000000000e+04 1.999972018946049923e+00
1.840000000000000000e+04 1.999972009580721410e+00
1.840500000000000000e+04 1.999972000993122112e+00
1.841000000000000000e+04 1.999971997176740013e+00
1.841500000000000000e+04 1.999971988756922725e+00
1.842000000000000000e+04 1.999971978971884168e+00
1.842500000000000000e+04 1.999971970646012842e+00
1.843000000000000000e+04 1.999971965203208191e+00
1.843500000000000000e+04 1.999971957435399794e+00
1.844000000000000000e+04 1.999971949623630341e+00
1.844500000000000000e+04 1.999971941544627319e+00
1.845000000000000000e+04 1.999971934044234123e+00
1.845500000000000000e+04 1.999971926482900120e+00
1.846000000000000000e+04 1.999971918572196694e+00
1.846500000000000000e+04 1.999971910824138499e+00
1.847000000000000000e+04 1.999971901012424835e+00
1.847500000000000000e+04 1.999971897037496449e+00
1.848000000000000000e+04 1.999971889000431879e+00
1.848500000000000000e+04 1.999971880565437621e+00
1.849000000000000000e+04 1.999971871513569477e+00
1.849500000000000000e+04 1.999971866680536614e+00
1.850000000000000000e+04 1.999971858844221906e+00
1.850500000000000000e+04 1.999971849866477136e+00
1.851000000000000000e+04 1.999971840300818204e+00
1.851500000000000000e+04 1.999971835637829765e+00
1.852000000000000000e+04 1.999971827561629611e+00
1.852500000000000000e+04 1.999971818595458695e+00
1.853000000000000000e+04 1.999971809742380646e+00
1.853500000000000000e+04 1.999971805079118203e+00
1.854000000000000000e+04 1.999971796201342578e+00
1.854500000000000000e+04 1.999971786269818308e+00
1.855000000000000000e+04 1.999971777209222701e+00
1.855500000000000000e+04 1.999971772123810165e+00
1.856000000000000000e+04 1.999971764131062590e+00
1.856500000000000000e+04 1.999971756021700076e+00
1.857000000000000000e+04 1.999971748038721575e+00
1.857500000000000000e+04 1.999971741725585339e+00
1.858000000000000000e+04 1.999971733912150773e+00
1.858500000000000000e+04 1.999971725730714134e+00
1.859000000000000000e+04 1.999971718042576230e+00
1.859500000000000000e+04 1.999971709042230206e+00
1.860000000000000000e+04 1.999971703283365043e+00
1.860500000000000000e+04 1.999971695091335100e+00
1.861000000000000000e+04 1.999971687064874049e+00
1.861500000000000000e+04 1.999971678716039758e+00
1.862000000000000000e+04 1.999971673418713625e+00
1.862500000000000000e+04 1.999971665560913658e+00
1.863000000000000000e+04 1.999971657760372112e+00
1.863500000000000000e+04 1.999971649048158273e+00
1.864000000000000000e+04 1.999971643282894451e+00
1.864500000000000000e+04 1.999971635333023245e+00
1.865000000000000000e+04 1.999971627396973206e+00
1.865500000000000000e+04 1.999971619080052720e+00
1.866000000000000000e+04 1.999971612987304859e+00
1.866500000000000000e+04 1.999971605195685953e+00
1.867000000000000000e+04 1.999971597309443849e+00
1.867500000000000000e+04 1.999971589003276096e+00
1.868000000000000000e+04 1.999971582232846767e+00
1.868500000000000000e+04 1.999971574248970319e+00
1.869000000000000000e+04 1.999971566222513042e+00
1.869500000000000000e+04 1.999971558277545247e+00
1.870000000000000000e+04 1.999971552046295065e+00
1.870500000000000000e+04 1.999971545843693299e+00
1.871000000000000000e+04 1.999971537320903048e+00
1.871500000000000000e+04 1.999971528430746881e+00
1.872000000000000000e+04 1.999971519296020128e+00
1.872500000000000000e+04 1.999971515175033465e+00
1.873000000000000000e+04 1.999971507225854372e+00
1.873500000000000000e+04 1.999971499040065659e+00
1.874000000000000000e+04 1.999971489886780862e+00
1.874500000000000000e+04 1.999971485320955367e+00
1.875000000000000000e+04 1.999971477063257952e+00
1.875500000000000000e+04 1.999971468504660566e+00
1.876000000000000000e+04 1.999971459420087916e+00
1.876500000000000000e+04 1.999971454103490531e+00
1.877000000000000000e+04 1.999971446293214550e+00
1.877500000000000000e+04 1.999971438351660913e+00
1.878000000000000000e+04 1.999971429962529301e+00
1.878500000000000000e+04 1.999971424476916226e+00
1.879000000000000000e+04 1.999971416402426705e+00
1.879500000000000000e+04 1.999971407510364729e+00
1.880000000000000000e+04 1.999971398185171001e+00
1.880500000000000000e+04 1.999971393704832234e+00
1.881000000000000000e+04 1.999971387037925430e+00
1.881500000000000000e+04 1.999971378596099525e+00
1.882000000000000000e+04 1.999971369709183877e+00
1.882500000000000000e+04 1.999971362234648664e+00
1.883000000000000000e+04 1.999971356464990802e+00
1.883500000000000000e+04 1.999971347800403976e+00
1.884000000000000000e+04 1.999971338768847362e+00
1.884500000000000000e+04 1.999971330626463262e+00
1.885000000000000000e+04 1.999971326297517171e+00
1.885500000000000000e+04 1.999971318286768440e+00
1.886000000000000000e+04 1.999971309925523411e+00
1.886500000000000000e+04 1.999971300623630155e+00
1.887000000000000000e+04 1.999971295124388870e+00
1.887500000000000000e+04 1.999971286504792722e+00
1.888000000000000000e+04 1.999971277537447412e+00
1.888500000000000000e+04 1.999971269569370769e+00
1.889000000000000000e+04 1.999971266293825378e+00
1.889500000000000000e+04 1.999971258086773895e+00
1.890000000000000000e+04 1.999971248991342820e+00
1.890500000000000000e+04 1.999971239346251428e+00
1.891000000000000000e+04 1.999971234571587653e+00
1.891500000000000000e+04 1.999971226903056509e+00
1.892000000000000000e+04 1.999971218169465326e+00
1.892500000000000000e+04 1.999971209269747252e+00
1.893000000000000000e+04 1.999971205093870497e+00
1.893500000000000000e+04 1.999971198125478411e+00
1.894000000000000000e+04 1.999971189246252168e+00
1.894500000000000000e+04 1.999971179523205356e+00
1.895000000000000000e+04 1.999971171693763594e+00
1.895500000000000000e+04 1.999971165246027249e+00
1.896000000000000000e+04 1.999971156585700793e+00
1.896500000000000000e+04 1.999971147756500756e+00
1.897000000000000000e+04 1.999971141561997179e+00
1.897500000000000000e+04 1.999971137403256272e+00
1.898000000000000000e+04 1.999971127935975312e+00
1.898500000000000000e+04 1.999971118016488969e+00
1.899000000000000000e+04 1.999971109579086415e+00
1.899500000000000000e+04 1.999971105421568307e+00
1.900000000000000000e+04 1.999971096968532480e+00
1.900500000000000000e+04 1.999971088192525892e+00
1.901000000000000000e+04 1.999971080454029826e+00
1.901500000000000000e+04 1.999971076849587748e+00
1.902000000000000000e+04 1.999971067740743402e+00
1.902500000000000000e+04 1.999971057830502108e+00
1.903000000000000000e+04 1.999971048252746408e+00
1.903500000000000000e+04 1.999971043803846715e+00
1.904000000000000000e+04 1.999971036071200192e+00
1.904500000000000000e+04 1.999971027417728253e+00
1.905000000000000000e+04 1.999971018769171938e+00
1.905500000000000000e+04 1.999971015198222180e+00
1.906000000000000000e+04 1.999971007341139195e+00
1.906500000000000000e+04 1.999970997375721371e+00
1.907000000000000000e+04 1.999970987527501798e+00
1.907500000000000000e+04 1.999970981983388185e+00
1.908000000000000000e+04 1.999970975878394119e+00
1.908500000000000000e+04 1.999970967043255277e+00
1.909000000000000000e+04 1.999970957986626940e+00
1.909500000000000000e+04 1.999970951848129008e+00
1.910000000000000000e+04 1.999970945554931490e+00
1.910500000000000000e+04 1.999970935876234091e+00
1.911000000000000000e+04 1.999970927345426697e+00
1.911500000000000000e+04 1.999970919315749107e+00
1.912000000000000000e+04 1.999970913864215660e+00
1.912500000000000000e+04 1.999970905349412575e+00
1.913000000000000000e+04 1.999970897111280621e+00
1.913500000000000000e+04 1.999970888834228466e+00
1.914000000000000000e+04 1.999970883575338698e+00
1.914500000000000000e+04 1.999970875014810856e+00
1.915000000000000000e+04 1.999970867444672562e+00
1.915500000000000000e+04 1.999970858924618566e+00
1.916000000000000000e+04 1.999970852422567003e+00
1.916500000000000000e+04 1.999970844268035952e+00
1.917000000000000000e+04 1.999970836280454023e+00
1.917500000000000000e+04 1.999970828248976984e+00
1.918000000000000000e+04 1.999970822865126951e+00
1.918500000000000000e+04 1.999970815340852637e+00
1.919000000000000000e+04 1.999970807143935270e+00
1.919500000000000000e+04 1.999970797364331032e+00
1.920000000000000000e+04 1.999970791233617984e+00
1.920500000000000000e+04 1.999970784948489344e+00
1.921000000000000000e+04 1.999970776572962183e+00
1.921500000000000000e+04 1.999970767353177026e+00
1.922000000000000000e+04 1.999970758604899368e+00
1.922500000000000000e+04 1.999970752312759892e+00
1.923000000000000000e+04 1.999970742425893233e+00
1.923500000000000000e+04 1.999970733762116648e+00
1.924000000000000000e+04 1.999970726404378008e+00
1.924500000000000000e+04 1.999970721105646776e+00
1.925000000000000000e+04 1.999970711744647245e+00
1.925500000000000000e+04 1.999970703346295453e+00
1.926000000000000000e+04 1.999970694970701013e+00
1.926500000000000000e+04 1.999970691209417062e+00
1.927000000000000000e+04 1.999970682953201351e+00
1.927500000000000000e+04 1.999970673363782092e+00
1.928000000000000000e+04 1.999970663770401780e+00
1.928500000000000000e+04 1.999970660278320489e+00
1.929000000000000000e+04 1.999970652363395551e+00
1.929500000000000000e+04 1.999970642581468505e+00
1.930000000000000000e+04 1.999970632634620493e+00
1.930500000000000000e+04 1.999970626245234140e+00
1.931000000000000000e+04 1.999970617905209691e+00
1.931500000000000000e+04 1.999970610082191458e+00
1.932000000000000000e+04 1.999970602130258124e+00
1.932500000000000000e+04 1.999970595487249758e+00
1.933000000000000000e+04 1.999970587489485307e+00
1.933500000000000000e+04 1.999970579824317474e+00
1.934000000000000000e+04 1.999970571845625544e+00
1.934500000000000000e+04 1.999970562963830911e+00
1.935000000000000000e+04 1.999970557628355738e+00
1.935500000000000000e+04 1.999970547756902972e+00
1.936000000000000000e+04 1.999970537854410146e+00
1.936500000000000000e+04 1.999970531448727495e+00
1.937000000000000000e+04 1.999970527253948083e+00
1.937500000000000000e+04 1.999970516825539502e+00
1.938000000000000000e+04 1.999970506904861667e+00
1.938500000000000000e+04 1.999970498617507975e+00
1.939000000000000000e+04 1.999970493481753708e+00
1.939500000000000000e+04 1.999970485627914352e+00
1.940000000000000000e+04 1.999970477898918020e+00
1.940500000000000000e+04 1.999970469026613573e+00
1.941000000000000000e+04 1.999970463166563794e+00
1.941500000000000000e+04 1.999970455493850663e+00
1.942000000000000000e+04 1.999970447668646623e+00
1.942500000000000000e+04 1.999970438629817382e+00
1.943000000000000000e+04 1.999970432246328533e+00
1.943500000000000000e+04 1.999970424300929084e+00
1.944000000000000000e+04 1.999970414792374696e+00
1.944500000000000000e+04 1.999970405570749232e+00
1.945000000000000000e+04 1.999970400642088197e+00
1.945500000000000000e+04 1.999970392841802225e+00
1.946000000000000000e+04 1.999970382903460520e+00
1.946500000000000000e+04 1.999970374790355221e+00
1.947000000000000000e+04 1.999970368704001134e+00
1.947500000000000000e+04 1.999970361411038899e+00
1.948000000000000000e+04 1.999970353535942325e+00
1.948500000000000000e+04 1.999970345605327715e+00
1.949000000000000000e+04 1.999970337211235183e+00
1.949500000000000000e+04 1.999970330823794384e+00
1.950000000000000000e+04 1.999970323198844380e+00
1.950500000000000000e+04 1.999970315210247707e+00
1.951000000000000000e+04 1.999970305821809013e+00
1.951500000000000000e+04 1.999970300732281325e+00
1.952000000000000000e+04 1.999970292868362254e+00
1.952500000000000000e+04 1.999970284776049656e+00
1.953000000000000000e+04 1.999970275873259817e+00
1.953500000000000000e+04 1.999970270550486706e+00
1.954000000000000000e+04 1.999970262965466761e+00
1.954500000000000000e+04 1.999970254242224854e+00
1.955000000000000000e+04 1.999970244702306887e+00
1.955500000000000000e+04 1.999970239862787880e+00
1.956000000000000000e+04 1.999970232511811385e+00
1.956500000000000000e+04 1.999970223942912906e+00
1.957000000000000000e+04 1.999970215058816558e+00
1.957500000000000000e+04 1.999970209297481594e+00
1.958000000000000000e+04 1.999970201437915041e+00
1.958500000000000000e+04 1.999970191250296514e+00
1.959000000000000000e+04 1.999970181628392130e+00
1.959500000000000000e+04 1.999970176127719546e+00
1.960000000000000000e+04 1.999970171291239218e+00
1.960500000000000000e+04 1.999970162400853013e+00
1.961000000000000000e+04 1.999970153337832013e+00
1.961500000000000000e+04 1.999970145697494317e+00
1.962000000000000000e+04 1.999970141053902806e+00
1.962500000000000000e+04 1.999970130934447976e+00
1.963000000000000000e+04 1.999970121317010907e+00
1.963500000000000000e+04 1.999970113528785509e+00
1.964000000000000000e+04 1.999970110103534315e+00
1.964500000000000000e+04 1.999970101448730553e+00
1.965000000000000000e+04 1.999970092404342203e+00
1.965500000000000000e+04 1.999970084305626283e+00
1.966000000000000000e+04 1.999970078260224104e+00
1.966500000000000000e+04 1.999970069118868654e+00
1.967000000000000000e+04 1.999970060887906298e+00
1.967500000000000000e+04 1.999970052775637219e+00
1.968000000000000000e+04 1.999970048078774765e+00
1.968500000000000000e+04 1.999970040383111325e+00
1.969000000000000000e+04 1.999970031323297537e+00
1.969500000000000000e+04 1.999970022584209195e+00
1.970000000000000000e+04 1.999970017441293324e+00
1.970500000000000000e+04 1.999970009003856353e+00
1.971000000000000000e+04 1.999970000197189846e+00
1.971500000000000000e+04 1.999969992026344068e+00
1.972000000000000000e+04 1.999969986230531793e+00
1.972500000000000000e+04 1.999969980121843571e+00
1.973000000000000000e+04 1.999969970961621657e+00
1.973500000000000000e+04 1.999969962065887286e+00
1.974000000000000000e+04 1.999969955759304474e+00
1.974500000000000000e+04 1.999969948811561427e+00
1.975000000000000000e+04 1.999969940882628139e+00
1.975500000000000000e+04 1.999969933001721323e+00
1.976000000000000000e+04 1.999969923788938342e+00
1.976500000000000000e+04 1.999969918606474995e+00
1.977000000000000000e+04 1.999969910021959674e+00
1.977500000000000000e+04 1.999969901872963307e+00
1.978000000000000000e+04 1.999969893577469238e+00
1.978500000000000000e+04 1.999969888450950029e+00
1.979000000000000000e+04 1.999969880491070828e+00
1.979500000000000000e+04 1.999969872554431038e+00
1.980000000000000000e+04 1.999969864020661792e+00
1.980500000000000000e+04 1.999969858206054552e+00
1.981000000000000000e+04 1.999969849880826711e+00
1.981500000000000000e+04 1.999969841531256343e+00
1.982000000000000000e+04 1.999969833491234805e+00
1.982500000000000000e+04 1.999969828882141254e+00
1.983000000000000000e+04 1.999969821299857120e+00
1.983500000000000000e+04 1.999969813062230539e+00
1.984000000000000000e+04 1.999969804513208604e+00
1.984500000000000000e+04 1.999969797754539647e+00
1.985000000000000000e+04 1.999969789959698430e+00
1.985500000000000000e+04 1.999969782083254488e+00
1.986000000000000000e+04 1.999969774263673505e+00
1.986500000000000000e+04 1.999969766192307263e+00
1.987000000000000000e+04 1.999969760662430041e+00
1.987500000000000000e+04 1.999969752556067570e+00
1.988000000000000000e+04 1.999969744395727389e+00
1.988500000000000000e+04 1.999969735099238921e+00
1.989000000000000000e+04 1.999969729703485966e+00
1.989500000000000000e+04 1.999969721794728095e+00
1.990000000000000000e+04 1.999969714018950739e+00
1.990500000000000000e+04 1.999969705331823944e+00
1.991000000000000000e+04 1.999969700764835379e+00
1.991500000000000000e+04 1.999969692674329558e+00
1.992000000000000000e+04 1.999969684209290000e+00
1.992500000000000000e+04 1.999969675519380541e+00
1.993000000000000000e+04 1.999969669759589896e+00
1.993500000000000000e+04 1.999969662059275510e+00
1.994000000000000000e+04 1.999969654157780274e+00
1.994500000000000000e+04 1.999969645603252744e+00
1.995000000000000000e+04 1.999969639634416207e+00
1.995500000000000000e+04 1.999969632263040920e+00
1.996000000000000000e+04 1.999969624034472870e+00
1.996500000000000000e+04 1.999969615545688528e+00
1.997000000000000000e+04 1.999969609255091818e+00
1.997500000000000000e+04 1.999969601984500800e+00
1.998000000000000000e+04 1.999969594036601350e+00
1.998500000000000000e+04 1.999969585497646696e+00
1.999000000000000000e+04 1.999969576366344981e+00
1.999500000000000000e+04 1.999969572005790175e+00
2.000000000000000000e+04 1.999969561655196015e+00
