0.000000000000000000e+00 2.000000000000000000e+00
5.000000000000000000e+00 1.999999994315399654e+00
1.000000000000000000e+01 1.999999984979341727e+00
1.500000000000000000e+01 1.999999979579405673e+00
2.000000000000000000e+01 1.999999972068439602e+00
2.500000000000000000e+01 1.999999963592254959e+00
3.000000000000000000e+01 1.999999953882247494e+00
3.500000000000000000e+01 1.999999949339355876e+00
4.000000000000000000e+01 1.999999941568039397e+00
4.500000000000000000e+01 1.999999933099668725e+00
5.000000000000000000e+01 1.999999924102890514e+00
5.500000000000000000e+01 1.999999919355837319e+00
6.000000000000000000e+01 1.999999911261155727e+00
6.500000000000000000e+01 1.999999901161902294e+00
7.000000000000000000e+01 1.999999890786856138e+00
7.500000000000000000e+01 1.999999885942002953e+00
8.000000000000000000e+01 1.999999879497068367e+00
8.500000000000000000e+01 1.999999870150100723e+00
9.000000000000000000e+01 1.999999860739371860e+00
9.500000000000000000e+01 1.999999854708713887e+00
1.000000000000000000e+02 1.999999846958425920e+00
1.050000000000000000e+02 1.999999838352324089e+00
1.100000000000000000e+02 1.999999830782037247e+00
1.150000000000000000e+02 1.999999822322891863e+00
1.200000000000000000e+02 1.999999816292987953e+00
1.250000000000000000e+02 1.999999808405689583e+00
1.300000000000000000e+02 1.999999800621909518e+00
1.350000000000000000e+02 1.999999791487855560e+00
1.400000000000000000e+02 1.999999786642470578e+00
1.450000000000000000e+02 1.999999778967249897e+00
1.500000000000000000e+02 1.999999770348112271e+00
1.550000000000000000e+02 1.999999760938154347e+00
1.600000000000000000e+02 1.999999755665311074e+00
1.650000000000000000e+02 1.999999747969562369e+00
1.700000000000000000e+02 1.999999739972047497e+00
1.750000000000000000e+02 1.999999731253934598e+00
1.800000000000000000e+02 1.999999726204701567e+00
1.850000000000000000e+02 1.999999718187080777e+00
1.900000000000000000e+02 1.999999708768718021e+00
1.950000000000000000e+02 1.999999698889342703e+00
2.000000000000000000e+02 1.999999694440796061e+00
2.050000000000000000e+02 1.999999687862941578e+00
2.100000000000000000e+02 1.999999678953505722e+00
2.150000000000000000e+02 1.999999669656031376e+00
2.200000000000000000e+02 1.999999662169787973e+00
2.250000000000000000e+02 1.999999654926421622e+00
2.300000000000000000e+02 1.999999645361501877e+00
2.350000000000000000e+02 1.999999636688604809e+00
2.400000000000000000e+02 1.999999630559057495e+00
2.450000000000000000e+02 1.999999625170950202e+00
2.500000000000000000e+02 1.999999615684968202e+00
2.550000000000000000e+02 1.999999606651123196e+00
2.600000000000000000e+02 1.999999599303041498e+00
2.650000000000000000e+02 1.999999593589917080e+00
2.700000000000000000e+02 1.999999584573739497e+00
2.750000000000000000e+02 1.999999576387462286e+00
2.800000000000000000e+02 1.999999568001066264e+00
2.850000000000000000e+02 1.999999564229491877e+00
2.900000000000000000e+02 1.999999555299612819e+00
2.950000000000000000e+02 1.999999546134512807e+00
3.000000000000000000e+02 1.999999537728503807e+00
3.050000000000000000e+02 1.999999532618685461e+00
3.100000000000000000e+02 1.999999524420414732e+00
3.150000000000000000e+02 1.999999516466714589e+00
3.200000000000000000e+02 1.999999508317271246e+00
3.250000000000000000e+02 1.999999502481450309e+00
3.300000000000000000e+02 1.999999494430044766e+00
3.350000000000000000e+02 1.999999486493425627e+00
3.400000000000000000e+02 1.999999478554839394e+00
3.450000000000000000e+02 1.999999472441878368e+00
3.500000000000000000e+02 1.999999464828014162e+00
3.550000000000000000e+02 1.999999456839425926e+00
3.600000000000000000e+02 1.999999448742496133e+00
3.650000000000000000e+02 1.999999441213886175e+00
3.700000000000000000e+02 1.999999434342447646e+00
3.750000000000000000e+02 1.999999425654363616e+00
3.800000000000000000e+02 1.999999417624509945e+00
3.850000000000000000e+02 1.999999409405410100e+00
3.900000000000000000e+02 1.999999405356393423e+00
3.950000000000000000e+02 1.999999397254675237e+00
4.000000000000000000e+02 1.999999389010481243e+00
4.050000000000000000e+02 1.999999379933590005e+00
4.100000000000000000e+02 1.999999374906145322e+00
4.150000000000000000e+02 1.999999367211813039e+00
4.200000000000000000e+02 1.999999359154207124e+00
4.250000000000000000e+02 1.999999350588259839e+00
4.300000000000000000e+02 1.999999345045704757e+00
4.350000000000000000e+02 1.999999337138588684e+00
4.400000000000000000e+02 1.999999328975409219e+00
4.450000000000000000e+02 1.999999320457736873e+00
4.500000000000000000e+02 1.999999314175568310e+00
4.550000000000000000e+02 1.999999306051672976e+00
4.600000000000000000e+02 1.999999297967871126e+00
4.650000000000000000e+02 1.999999290007497876e+00
4.700000000000000000e+02 1.999999284310133740e+00
4.750000000000000000e+02 1.999999276505245449e+00
4.800000000000000000e+02 1.999999268346304371e+00
4.850000000000000000e+02 1.999999260188375372e+00
4.900000000000000000e+02 1.999999253797724919e+00
4.950000000000000000e+02 1.999999247589474116e+00
5.000000000000000000e+02 1.999999238283544756e+00
5.050000000000000000e+02 1.999999229548536483e+00
5.100000000000000000e+02 1.999999222851487124e+00
5.150000000000000000e+02 1.999999216620269804e+00
5.200000000000000000e+02 1.999999208360005554e+00
5.250000000000000000e+02 1.999999200115132325e+00
5.300000000000000000e+02 1.999999193268982012e+00
5.350000000000000000e+02 1.999999190254099224e+00
5.400000000000000000e+02 1.999999181476636467e+00
5.450000000000000000e+02 1.999999172472220810e+00
5.500000000000000000e+02 1.999999163654256451e+00
5.550000000000000000e+02 1.999999159122280545e+00
5.600000000000000000e+02 1.999999151616648874e+00
5.650000000000000000e+02 1.999999143508597754e+00
5.700000000000000000e+02 1.999999135321257615e+00
5.750000000000000000e+02 1.999999129626262029e+00
5.800000000000000000e+02 1.999999121894834309e+00
5.850000000000000000e+02 1.999999113911369530e+00
5.900000000000000000e+02 1.999999105745960515e+00
5.950000000000000000e+02 1.999999099371251532e+00
6.000000000000000000e+02 1.999999091831831777e+00
6.050000000000000000e+02 1.999999083558923862e+00
6.100000000000000000e+02 1.999999075312557828e+00
6.150000000000000000e+02 1.999999069111779049e+00
6.200000000000000000e+02 1.999999062651926840e+00
6.250000000000000000e+02 1.999999053501334778e+00
6.300000000000000000e+02 1.999999044757412969e+00
6.350000000000000000e+02 1.999999038235987570e+00
6.400000000000000000e+02 1.999999032910605434e+00
6.450000000000000000e+02 1.999999024994468355e+00
6.500000000000000000e+02 1.999999017017902059e+00
6.550000000000000000e+02 1.999999009770601743e+00
6.600000000000000000e+02 1.999999005760150439e+00
6.650000000000000000e+02 1.999998997350608709e+00
6.700000000000000000e+02 1.999998988720206761e+00
6.750000000000000000e+02 1.999998979801477450e+00
6.800000000000000000e+02 1.999998975269684509e+00
6.850000000000000000e+02 1.999998967492449653e+00
6.900000000000000000e+02 1.999998959294087220e+00
6.950000000000000000e+02 1.999998950785234930e+00
7.000000000000000000e+02 1.999998944553131874e+00
7.050000000000000000e+02 1.999998936406742311e+00
7.100000000000000000e+02 1.999998928392053621e+00
7.150000000000000000e+02 1.999998920459166829e+00
7.200000000000000000e+02 1.999998914292988594e+00
7.250000000000000000e+02 1.999998906809939747e+00
7.300000000000000000e+02 1.999998898684215876e+00
7.350000000000000000e+02 1.999998890465174206e+00
7.400000000000000000e+02 1.999998884996538884e+00
7.450000000000000000e+02 1.999998879094896820e+00
7.500000000000000000e+02 1.999998869928192979e+00
7.550000000000000000e+02 1.999998860819084845e+00
7.600000000000000000e+02 1.999998853952096090e+00
7.650000000000000000e+02 1.999998850160432884e+00
7.700000000000000000e+02 1.999998842089975026e+00
7.750000000000000000e+02 1.999998833865388237e+00
7.800000000000000000e+02 1.999998825324888152e+00
7.850000000000000000e+02 1.999998820814737233e+00
7.900000000000000000e+02 1.999998812575631169e+00
7.950000000000000000e+02 1.999998804116369877e+00
8.000000000000000000e+02 1.999998795113008043e+00
8.050000000000000000e+02 1.999998789889397832e+00
8.100000000000000000e+02 1.999998781853775220e+00
8.150000000000000000e+02 1.999998773723402401e+00
8.200000000000000000e+02 1.999998765366522324e+00
8.250000000000000000e+02 1.999998759769143986e+00
8.300000000000000000e+02 1.999998751846766565e+00
8.350000000000000000e+02 1.999998743925403888e+00
8.400000000000000000e+02 1.999998735832601904e+00
8.450000000000000000e+02 1.999998729030777689e+00
8.500000000000000000e+02 1.999998721634149490e+00
8.550000000000000000e+02 1.999998713190930033e+00
8.600000000000000000e+02 1.999998704725874044e+00
8.650000000000000000e+02 1.999998699537060665e+00
8.700000000000000000e+02 1.999998691803069661e+00
8.750000000000000000e+02 1.999998683850430892e+00
8.800000000000000000e+02 1.999998676033158063e+00
8.850000000000000000e+02 1.999998667722679757e+00
8.900000000000000000e+02 1.999998661726318350e+00
8.950000000000000000e+02 1.999998653251835457e+00
9.000000000000000000e+02 1.999998644907682754e+00
9.050000000000000000e+02 1.999998637149179803e+00
9.100000000000000000e+02 1.999998631558526752e+00
9.150000000000000000e+02 1.999998623401139319e+00
9.200000000000000000e+02 1.999998615516304312e+00
9.250000000000000000e+02 1.999998606944624058e+00
9.300000000000000000e+02 1.999998602062877495e+00
9.350000000000000000e+02 1.999998593715521578e+00
9.400000000000000000e+02 1.999998585055017708e+00
9.450000000000000000e+02 1.999998576607900702e+00
9.500000000000000000e+02 1.999998571389192126e+00
9.550000000000000000e+02 1.999998563202200375e+00
9.600000000000000000e+02 1.999998555175381165e+00
9.650000000000000000e+02 1.999998547192703757e+00
9.700000000000000000e+02 1.999998541391752926e+00
9.750000000000000000e+02 1.999998534386849380e+00
9.800000000000000000e+02 1.999998525316073472e+00
9.850000000000000000e+02 1.999998516290314887e+00
9.900000000000000000e+02 1.999998510850867106e+00
9.950000000000000000e+02 1.999998502911477738e+00
1.000000000000000000e+03 1.999998494771301871e+00
1.005000000000000000e+03 1.999998486961484634e+00
1.010000000000000000e+03 1.999998479807143514e+00
1.015000000000000000e+03 1.999998473563497692e+00
1.020000000000000000e+03 1.999998464608762960e+00
1.025000000000000000e+03 1.999998456171733441e+00
1.030000000000000000e+03 1.999998447954093317e+00
1.035000000000000000e+03 1.999998442505249052e+00
1.040000000000000000e+03 1.999998434430977801e+00
1.045000000000000000e+03 1.999998426624363779e+00
1.050000000000000000e+03 1.999998417862390410e+00
1.055000000000000000e+03 1.999998412938265080e+00
1.060000000000000000e+03 1.999998404119224693e+00
1.065000000000000000e+03 1.999998395596923384e+00
1.070000000000000000e+03 1.999998387603345140e+00
1.075000000000000000e+03 1.999998382590678192e+00
1.080000000000000000e+03 1.999998374749709429e+00
1.085000000000000000e+03 1.999998366841419184e+00
1.090000000000000000e+03 1.999998358328451520e+00
1.095000000000000000e+03 1.999998352032205329e+00
1.100000000000000000e+03 1.999998344144943152e+00
1.105000000000000000e+03 1.999998336419565703e+00
1.110000000000000000e+03 1.999998328381663582e+00
1.115000000000000000e+03 1.999998321001972723e+00
1.120000000000000000e+03 1.999998314793670184e+00
1.125000000000000000e+03 1.999998306395842196e+00
1.130000000000000000e+03 1.999998297455974683e+00
1.135000000000000000e+03 1.999998289524306916e+00
1.140000000000000000e+03 1.999998283948778210e+00
1.145000000000000000e+03 1.999998276106760509e+00
1.150000000000000000e+03 1.999998267552414166e+00
1.155000000000000000e+03 1.999998257291376369e+00
1.160000000000000000e+03 1.999998253690089767e+00
1.165000000000000000e+03 1.999998245114560813e+00
1.170000000000000000e+03 1.999998235945928737e+00
1.175000000000000000e+03 1.999998227607963530e+00
1.180000000000000000e+03 1.999998223902448302e+00
1.185000000000000000e+03 1.999998215184217054e+00
1.190000000000000000e+03 1.999998205302184084e+00
1.195000000000000000e+03 1.999998195172240978e+00
1.200000000000000000e+03 1.999998190428665445e+00
1.205000000000000000e+03 1.999998182293227789e+00
1.210000000000000000e+03 1.999998173279689873e+00
1.215000000000000000e+03 1.999998164608582485e+00
1.220000000000000000e+03 1.999998160774706824e+00
1.225000000000000000e+03 1.999998152566856202e+00
1.230000000000000000e+03 1.999998142723119710e+00
1.235000000000000000e+03 1.999998133980137816e+00
1.240000000000000000e+03 1.999998127980204154e+00
1.245000000000000000e+03 1.999998120615355202e+00
1.250000000000000000e+03 1.999998111912367982e+00
1.255000000000000000e+03 1.999998103569517127e+00
1.260000000000000000e+03 1.999998097716971790e+00
1.265000000000000000e+03 1.999998090566466047e+00
1.270000000000000000e+03 1.999998081637633263e+00
1.275000000000000000e+03 1.999998074044005758e+00
1.280000000000000000e+03 1.999998064726442593e+00
1.285000000000000000e+03 1.999998059902985403e+00
1.290000000000000000e+03 1.999998052041026542e+00
1.295000000000000000e+03 1.999998044194829294e+00
1.300000000000000000e+03 1.999998035156082432e+00
1.305000000000000000e+03 1.999998030997180321e+00
1.310000000000000000e+03 1.999998022862741642e+00
1.315000000000000000e+03 1.999998013447272793e+00
1.320000000000000000e+03 1.999998003229549015e+00
1.325000000000000000e+03 1.999997999359718781e+00
1.330000000000000000e+03 1.999997991645356521e+00
1.335000000000000000e+03 1.999997982506580785e+00
1.340000000000000000e+03 1.999997973231967485e+00
1.345000000000000000e+03 1.999997968925308456e+00
1.350000000000000000e+03 1.999997960635143013e+00
1.355000000000000000e+03 1.999997950503362265e+00
1.360000000000000000e+03 1.999997940758142745e+00
1.365000000000000000e+03 1.999997935609166166e+00
1.370000000000000000e+03 1.999997929728528856e+00
1.375000000000000000e+03 1.999997920444261945e+00
1.380000000000000000e+03 1.999997911019579133e+00
1.385000000000000000e+03 1.999997904922393932e+00
1.390000000000000000e+03 1.999997898269437302e+00
1.395000000000000000e+03 1.999997888698599846e+00
1.400000000000000000e+03 1.999997880343174828e+00
1.405000000000000000e+03 1.999997872605081772e+00
1.410000000000000000e+03 1.999997867053806333e+00
1.415000000000000000e+03 1.999997858288817598e+00
1.420000000000000000e+03 1.999997849978203401e+00
1.425000000000000000e+03 1.999997841741775639e+00
1.430000000000000000e+03 1.999997837425640634e+00
1.435000000000000000e+03 1.999997829679176053e+00
1.440000000000000000e+03 1.999997821259220654e+00
1.445000000000000000e+03 1.999997811743670084e+00
1.450000000000000000e+03 1.999997806987488635e+00
1.455000000000000000e+03 1.999997799373895990e+00
1.460000000000000000e+03 1.999997791102659406e+00
1.465000000000000000e+03 1.999997782151348602e+00
1.470000000000000000e+03 1.999997776866388577e+00
1.475000000000000000e+03 1.999997769057265673e+00
1.480000000000000000e+03 1.999997759741599213e+00
1.485000000000000000e+03 1.999997749695705096e+00
1.490000000000000000e+03 1.999997744965102964e+00
1.495000000000000000e+03 1.999997738541511749e+00
1.500000000000000000e+03 1.999997730189842615e+00
1.505000000000000000e+03 1.999997721179366694e+00
1.510000000000000000e+03 1.999997713214093809e+00
1.515000000000000000e+03 1.999997707861940421e+00
1.520000000000000000e+03 1.999997698397524504e+00
1.525000000000000000e+03 1.999997688542181962e+00
1.530000000000000000e+03 1.999997681536874961e+00
1.535000000000000000e+03 1.999997677939068241e+00
1.540000000000000000e+03 1.999997669058202643e+00
1.545000000000000000e+03 1.999997659593473642e+00
1.550000000000000000e+03 1.999997651288898393e+00
1.555000000000000000e+03 1.999997646114220817e+00
1.560000000000000000e+03 1.999997636935133105e+00
1.565000000000000000e+03 1.999997627546388879e+00
1.570000000000000000e+03 1.999997619255768022e+00
1.575000000000000000e+03 1.999997616816904689e+00
1.580000000000000000e+03 1.999997608817444483e+00
1.585000000000000000e+03 1.999997599428912753e+00
1.590000000000000000e+03 1.999997590194156460e+00
1.595000000000000000e+03 1.999997584753064217e+00
1.600000000000000000e+03 1.999997576589857884e+00
1.605000000000000000e+03 1.999997567426040623e+00
1.610000000000000000e+03 1.999997558508544326e+00
1.615000000000000000e+03 1.999997554531075528e+00
1.620000000000000000e+03 1.999997548385216373e+00
1.625000000000000000e+03 1.999997538850732948e+00
1.630000000000000000e+03 1.999997529375582506e+00
1.635000000000000000e+03 1.999997522878339540e+00
1.640000000000000000e+03 1.999997516956109278e+00
1.645000000000000000e+03 1.999997507913096273e+00
1.650000000000000000e+03 1.999997498804799712e+00
1.655000000000000000e+03 1.999997492297742818e+00
1.660000000000000000e+03 1.999997488763278763e+00
1.665000000000000000e+03 1.999997479837991810e+00
1.670000000000000000e+03 1.999997470510246789e+00
1.675000000000000000e+03 1.999997462149379457e+00
1.680000000000000000e+03 1.999997455879025443e+00
1.685000000000000000e+03 1.999997447258914152e+00
1.690000000000000000e+03 1.999997438538239969e+00
1.695000000000000000e+03 1.999997430909000506e+00
1.700000000000000000e+03 1.999997428268802668e+00
1.705000000000000000e+03 1.999997419955334754e+00
1.710000000000000000e+03 1.999997410592450953e+00
1.715000000000000000e+03 1.999997401505875461e+00
1.720000000000000000e+03 1.999997396529328730e+00
1.725000000000000000e+03 1.999997388954047217e+00
1.730000000000000000e+03 1.999997380332280583e+00
1.735000000000000000e+03 1.999997371790791734e+00
1.740000000000000000e+03 1.999997367118806935e+00
1.745000000000000000e+03 1.999997360522959733e+00
1.750000000000000000e+03 1.999997351160757386e+00
1.755000000000000000e+03 1.999997341830236808e+00
1.760000000000000000e+03 1.999997335048286251e+00
1.765000000000000000e+03 1.999997329784705569e+00
1.770000000000000000e+03 1.999997321333157219e+00
1.775000000000000000e+03 1.999997312835025687e+00
1.780000000000000000e+03 1.999997305123378366e+00
1.785000000000000000e+03 1.999997300831839242e+00
1.790000000000000000e+03 1.999997292678228789e+00
1.795000000000000000e+03 1.999997284099882533e+00
1.800000000000000000e+03 1.999997275054293366e+00
1.805000000000000000e+03 1.999997270465421861e+00
1.810000000000000000e+03 1.999997262381945751e+00
1.815000000000000000e+03 1.999997254134379121e+00
1.820000000000000000e+03 1.999997245829759240e+00
1.825000000000000000e+03 1.999997240141537791e+00
1.830000000000000000e+03 1.999997232390476221e+00
1.835000000000000000e+03 1.999997224444333810e+00
1.840000000000000000e+03 1.999997215986806021e+00
1.845000000000000000e+03 1.999997210425050298e+00
1.850000000000000000e+03 1.999997202416969211e+00
1.855000000000000000e+03 1.999997194182732585e+00
1.860000000000000000e+03 1.999997185793970678e+00
1.865000000000000000e+03 1.999997180460509005e+00
1.870000000000000000e+03 1.999997172627607789e+00
1.875000000000000000e+03 1.999997163519204424e+00
1.880000000000000000e+03 1.999997154949154643e+00
1.885000000000000000e+03 1.999997149493506710e+00
1.890000000000000000e+03 1.999997142905967529e+00
1.895000000000000000e+03 1.999997134853192415e+00
1.900000000000000000e+03 1.999997126719442075e+00
1.905000000000000000e+03 1.999997120208902635e+00
1.910000000000000000e+03 1.999997116153547250e+00
1.915000000000000000e+03 1.999997107261224372e+00
1.920000000000000000e+03 1.999997098246664384e+00
1.925000000000000000e+03 1.999997089241744685e+00
1.930000000000000000e+03 1.999997085842155187e+00
1.935000000000000000e+03 1.999997077851442429e+00
1.940000000000000000e+03 1.999997069705175212e+00
1.945000000000000000e+03 1.999997060827693574e+00
1.950000000000000000e+03 1.999997054916060613e+00
1.955000000000000000e+03 1.999997046968461589e+00
1.960000000000000000e+03 1.999997039091581108e+00
1.965000000000000000e+03 1.999997030751753835e+00
1.970000000000000000e+03 1.999997024716629657e+00
1.975000000000000000e+03 1.999997016670298278e+00
1.980000000000000000e+03 1.999997008490204120e+00
1.985000000000000000e+03 1.999997000412377490e+00
1.990000000000000000e+03 1.999996996440921437e+00
1.995000000000000000e+03 1.999996988392659603e+00
2.000000000000000000e+03 1.999996979146160037e+00
2.005000000000000000e+03 1.999996970225870419e+00
2.010000000000000000e+03 1.999996964979269043e+00
2.015000000000000000e+03 1.999996959898665327e+00
2.020000000000000000e+03 1.999996951638105092e+00
2.025000000000000000e+03 1.999996943308462782e+00
2.030000000000000000e+03 1.999996935793849850e+00
2.035000000000000000e+03 1.999996931104360165e+00
2.040000000000000000e+03 1.999996922386377385e+00
2.045000000000000000e+03 1.999996913510980523e+00
2.050000000000000000e+03 1.999996904291390987e+00
2.055000000000000000e+03 1.999996900393750332e+00
2.060000000000000000e+03 1.999996892370120349e+00
2.065000000000000000e+03 1.999996884217044801e+00
2.070000000000000000e+03 1.999996875324381307e+00
2.075000000000000000e+03 1.999996870176228514e+00
2.080000000000000000e+03 1.999996862370746920e+00
2.085000000000000000e+03 1.999996854375507116e+00
2.090000000000000000e+03 1.999996845720652283e+00
2.095000000000000000e+03 1.999996839354254208e+00
2.100000000000000000e+03 1.999996831332437885e+00
2.105000000000000000e+03 1.999996823015005587e+00
2.110000000000000000e+03 1.999996814811207058e+00
2.115000000000000000e+03 1.999996810038640049e+00
2.120000000000000000e+03 1.999996802148196418e+00
2.125000000000000000e+03 1.999996794247361764e+00
2.130000000000000000e+03 1.999996786167276275e+00
2.135000000000000000e+03 1.999996779406166825e+00
2.140000000000000000e+03 1.999996771674371177e+00
2.145000000000000000e+03 1.999996763279404899e+00
2.150000000000000000e+03 1.999996755044999519e+00
2.155000000000000000e+03 1.999996749340563040e+00
2.160000000000000000e+03 1.999996741718191640e+00
2.165000000000000000e+03 1.999996733654838765e+00
2.170000000000000000e+03 1.999996725809973563e+00
2.175000000000000000e+03 1.999996717655105005e+00
2.180000000000000000e+03 1.999996712405010646e+00
2.185000000000000000e+03 1.999996703675018583e+00
2.190000000000000000e+03 1.999996695139108160e+00
2.195000000000000000e+03 1.999996687323674749e+00
2.200000000000000000e+03 1.999996681923215336e+00
2.205000000000000000e+03 1.999996673241456469e+00
2.210000000000000000e+03 1.999996665024018849e+00
2.215000000000000000e+03 1.999996656766143133e+00
2.220000000000000000e+03 1.999996653040502892e+00
2.225000000000000000e+03 1.999996644822793490e+00
2.230000000000000000e+03 1.999996635824966784e+00
2.235000000000000000e+03 1.999996627068251431e+00
2.240000000000000000e+03 1.999996621566269672e+00
2.245000000000000000e+03 1.999996613510909738e+00
2.250000000000000000e+03 1.999996605586345622e+00
2.255000000000000000e+03 1.999996597587943015e+00
2.260000000000000000e+03 1.999996591185533301e+00
2.265000000000000000e+03 1.999996583583660170e+00
2.270000000000000000e+03 1.999996574925322124e+00
2.275000000000000000e+03 1.999996566759360883e+00
2.280000000000000000e+03 1.999996560730892714e+00
2.285000000000000000e+03 1.999996553075340522e+00
2.290000000000000000e+03 1.999996545042735718e+00
2.295000000000000000e+03 1.999996537211285785e+00
2.300000000000000000e+03 1.999996529322345395e+00
2.305000000000000000e+03 1.999996523686801364e+00
2.310000000000000000e+03 1.999996514620681287e+00
2.315000000000000000e+03 1.999996506191223045e+00
2.320000000000000000e+03 1.999996497947060803e+00
2.325000000000000000e+03 1.999996493240955076e+00
2.330000000000000000e+03 1.999996485377038224e+00
2.335000000000000000e+03 1.999996477479604406e+00
2.340000000000000000e+03 1.999996468679333894e+00
2.345000000000000000e+03 1.999996463268766123e+00
2.350000000000000000e+03 1.999996455566194875e+00
2.355000000000000000e+03 1.999996447641158692e+00
2.360000000000000000e+03 1.999996439173967300e+00
2.365000000000000000e+03 1.999996433400579754e+00
2.370000000000000000e+03 1.999996425833374225e+00
2.375000000000000000e+03 1.999996417376721070e+00
2.380000000000000000e+03 1.999996408441552020e+00
2.385000000000000000e+03 1.999996402517361549e+00
2.390000000000000000e+03 1.999996395156535378e+00
2.395000000000000000e+03 1.999996387175834167e+00
2.400000000000000000e+03 1.999996378685290788e+00
2.405000000000000000e+03 1.999996370174171645e+00
2.410000000000000000e+03 1.999996365208549065e+00
2.415000000000000000e+03 1.999996356469498915e+00
2.420000000000000000e+03 1.999996347426633347e+00
2.425000000000000000e+03 1.999996339125192923e+00
2.430000000000000000e+03 1.999996335495278110e+00
2.435000000000000000e+03 1.999996326682822012e+00
2.440000000000000000e+03 1.999996317293981418e+00
2.445000000000000000e+03 1.999996308044487359e+00
2.450000000000000000e+03 1.999996303375437767e+00
2.455000000000000000e+03 1.999996294662461871e+00
2.460000000000000000e+03 1.999996285572195776e+00
2.465000000000000000e+03 1.999996277441725478e+00
2.470000000000000000e+03 1.999996274403854191e+00
2.475000000000000000e+03 1.999996265574045307e+00
2.480000000000000000e+03 1.999996255898551345e+00
2.485000000000000000e+03 1.999996245959672736e+00
2.490000000000000000e+03 1.999996241290939558e+00
2.495000000000000000e+03 1.999996233617381103e+00
2.500000000000000000e+03 1.999996224659913002e+00
2.505000000000000000e+03 1.999996215783883535e+00
2.510000000000000000e+03 1.999996211408607838e+00
2.515000000000000000e+03 1.999996203676758677e+00
2.520000000000000000e+03 1.999996194007052308e+00
2.525000000000000000e+03 1.999996184886818851e+00
2.530000000000000000e+03 1.999996179262744089e+00
2.535000000000000000e+03 1.999996171818940516e+00
2.540000000000000000e+03 1.999996163316087205e+00
2.545000000000000000e+03 1.999996155103500373e+00
2.550000000000000000e+03 1.999996148598054635e+00
2.555000000000000000e+03 1.999996142303789970e+00
2.560000000000000000e+03 1.999996132977534424e+00
2.565000000000000000e+03 1.999996124696203026e+00
2.570000000000000000e+03 1.999996116186806061e+00
2.575000000000000000e+03 1.999996110932257043e+00
2.580000000000000000e+03 1.999996102556930611e+00
2.585000000000000000e+03 1.999996094359068444e+00
2.590000000000000000e+03 1.999996086099401493e+00
2.595000000000000000e+03 1.999996080930262599e+00
2.600000000000000000e+03 1.999996072742111775e+00
2.605000000000000000e+03 1.999996065043144533e+00
2.610000000000000000e+03 1.999996056796568222e+00
2.615000000000000000e+03 1.999996050776532641e+00
2.620000000000000000e+03 1.999996042866717172e+00
2.625000000000000000e+03 1.999996034992881588e+00
2.630000000000000000e+03 1.999996026812884464e+00
2.635000000000000000e+03 1.999996020526399576e+00
2.640000000000000000e+03 1.999996012835944637e+00
2.645000000000000000e+03 1.999996004983817688e+00
2.650000000000000000e+03 1.999995996494286166e+00
2.655000000000000000e+03 1.999995989065292523e+00
2.660000000000000000e+03 1.999995981997211070e+00
2.665000000000000000e+03 1.999995974120435616e+00
2.670000000000000000e+03 1.999995966206400855e+00
2.675000000000000000e+03 1.999995957781796729e+00
2.680000000000000000e+03 1.999995952863505178e+00
2.685000000000000000e+03 1.999995944663621072e+00
2.690000000000000000e+03 1.999995935822748150e+00
2.695000000000000000e+03 1.999995925996768564e+00
2.700000000000000000e+03 1.999995922366353263e+00
2.705000000000000000e+03 1.999995914462893820e+00
2.710000000000000000e+03 1.999995906075532126e+00
2.715000000000000000e+03 1.999995897099332787e+00
2.720000000000000000e+03 1.999995892402487652e+00
2.725000000000000000e+03 1.999995884111823718e+00
2.730000000000000000e+03 1.999995875120095246e+00
2.735000000000000000e+03 1.999995865460126199e+00
2.740000000000000000e+03 1.999995861274949993e+00
2.745000000000000000e+03 1.999995853761989295e+00
2.750000000000000000e+03 1.999995845546705953e+00
2.755000000000000000e+03 1.999995836731621512e+00
2.760000000000000000e+03 1.999995830922437712e+00
2.765000000000000000e+03 1.999995823472480838e+00
2.770000000000000000e+03 1.999995814428008334e+00
2.775000000000000000e+03 1.999995804632592966e+00
2.780000000000000000e+03 1.999995798938741576e+00
2.785000000000000000e+03 1.999995793710743319e+00
2.790000000000000000e+03 1.999995785148520389e+00
2.795000000000000000e+03 1.999995776054275920e+00
2.800000000000000000e+03 1.999995767495397203e+00
2.805000000000000000e+03 1.999995763097126789e+00
2.810000000000000000e+03 1.999995754267902770e+00
2.815000000000000000e+03 1.999995744887323124e+00
2.820000000000000000e+03 1.999995736412194969e+00
2.825000000000000000e+03 1.999995733034869883e+00
2.830000000000000000e+03 1.999995724996645352e+00
2.835000000000000000e+03 1.999995716379282085e+00
2.840000000000000000e+03 1.999995707368718678e+00
2.845000000000000000e+03 1.999995701398217474e+00
2.850000000000000000e+03 1.999995692805377923e+00
2.855000000000000000e+03 1.999995683682105563e+00
2.860000000000000000e+03 1.999995675054777378e+00
2.865000000000000000e+03 1.999995671456378687e+00
2.870000000000000000e+03 1.999995663633548970e+00
2.875000000000000000e+03 1.999995654285784408e+00
2.880000000000000000e+03 1.999995645020013812e+00
2.885000000000000000e+03 1.999995639960012062e+00
2.890000000000000000e+03 1.999995632477594043e+00
2.895000000000000000e+03 1.999995623633615605e+00
2.900000000000000000e+03 1.999995614619620943e+00
2.905000000000000000e+03 1.999995610124379430e+00
2.910000000000000000e+03 1.999995604775369751e+00
2.915000000000000000e+03 1.999995595760022615e+00
2.920000000000000000e+03 1.999995586301777095e+00
2.925000000000000000e+03 1.999995578505675997e+00
2.930000000000000000e+03 1.999995571900318181e+00
2.935000000000000000e+03 1.999995563312625402e+00
2.940000000000000000e+03 1.999995554563801958e+00
2.945000000000000000e+03 1.999995547917116978e+00
2.950000000000000000e+03 1.999995544760370336e+00
2.955000000000000000e+03 1.999995536048160494e+00
2.960000000000000000e+03 1.999995526762854636e+00
2.965000000000000000e+03 1.999995518011618012e+00
2.970000000000000000e+03 1.999995513251519919e+00
2.975000000000000000e+03 1.999995505135404139e+00
2.980000000000000000e+03 1.999995496477571910e+00
2.985000000000000000e+03 1.999995488326240300e+00
2.990000000000000000e+03 1.999995484537073764e+00
2.995000000000000000e+03 1.999995476647605352e+00
3.000000000000000000e+03 1.999995467444416031e+00
3.005000000000000000e+03 1.999995458030603412e+00
3.010000000000000000e+03 1.999995453086522046e+00
3.015000000000000000e+03 1.999995446220087292e+00
3.020000000000000000e+03 1.999995437841465717e+00
3.025000000000000000e+03 1.999995429231532729e+00
3.030000000000000000e+03 1.999995423824021179e+00
3.035000000000000000e+03 1.999995416992325081e+00
3.040000000000000000e+03 1.999995408887004222e+00
3.045000000000000000e+03 1.999995400301354476e+00
3.050000000000000000e+03 1.999995391235467102e+00
3.055000000000000000e+03 1.999995386922449381e+00
3.060000000000000000e+03 1.999995378678215197e+00
3.065000000000000000e+03 1.999995370339622047e+00
3.070000000000000000e+03 1.999995361433024588e+00
3.075000000000000000e+03 1.999995356382433975e+00
3.080000000000000000e+03 1.999995348588991195e+00
3.085000000000000000e+03 1.999995340700850610e+00
3.090000000000000000e+03 1.999995331706467816e+00
3.095000000000000000e+03 1.999995326782870286e+00
3.100000000000000000e+03 1.999995318671354383e+00
3.105000000000000000e+03 1.999995310488053901e+00
3.110000000000000000e+03 1.999995301809131654e+00
3.115000000000000000e+03 1.999995297175716447e+00
3.120000000000000000e+03 1.999995288522644410e+00
3.125000000000000000e+03 1.999995279522473579e+00
3.130000000000000000e+03 1.999995271116297824e+00
3.135000000000000000e+03 1.999995266047903453e+00
3.140000000000000000e+03 1.999995258742286453e+00
3.145000000000000000e+03 1.999995250650216549e+00
3.150000000000000000e+03 1.999995242492056180e+00
3.155000000000000000e+03 1.999995238520168250e+00
3.160000000000000000e+03 1.999995232082144581e+00
3.165000000000000000e+03 1.999995223003120381e+00
3.170000000000000000e+03 1.999995213546127637e+00
3.175000000000000000e+03 1.999995206190837482e+00
3.180000000000000000e+03 1.999995201928482569e+00
3.185000000000000000e+03 1.999995193773202562e+00
3.190000000000000000e+03 1.999995185619801052e+00
3.195000000000000000e+03 1.999995176679710829e+00
3.200000000000000000e+03 1.999995171237483715e+00
3.205000000000000000e+03 1.999995163449439506e+00
3.210000000000000000e+03 1.999995155540480907e+00
3.215000000000000000e+03 1.999995146398818369e+00
3.220000000000000000e+03 1.999995140941829286e+00
3.225000000000000000e+03 1.999995132759953442e+00
3.230000000000000000e+03 1.999995124571603222e+00
3.235000000000000000e+03 1.999995116368317838e+00
3.240000000000000000e+03 1.999995112089778537e+00
3.245000000000000000e+03 1.999995103191533952e+00
3.250000000000000000e+03 1.999995094248198990e+00
3.255000000000000000e+03 1.999995085933889971e+00
3.260000000000000000e+03 1.999995081436695132e+00
3.265000000000000000e+03 1.999995074578151177e+00
3.270000000000000000e+03 1.999995066219407924e+00
3.275000000000000000e+03 1.999995057847604452e+00
3.280000000000000000e+03 1.999995053010608759e+00
3.285000000000000000e+03 1.999995045961967088e+00
3.290000000000000000e+03 1.999995036464262466e+00
3.295000000000000000e+03 1.999995026968093947e+00
3.300000000000000000e+03 1.999995021009054241e+00
3.305000000000000000e+03 1.999995016600453646e+00
3.310000000000000000e+03 1.999995008318534717e+00
3.315000000000000000e+03 1.999994999952853902e+00
3.320000000000000000e+03 1.999994990841472031e+00
3.325000000000000000e+03 1.999994986878064429e+00
3.330000000000000000e+03 1.999994977670088270e+00
3.335000000000000000e+03 1.999994968192274403e+00
3.340000000000000000e+03 1.999994960189733995e+00
3.345000000000000000e+03 1.999994956629250531e+00
3.350000000000000000e+03 1.999994948645796855e+00
3.355000000000000000e+03 1.999994940203304816e+00
3.360000000000000000e+03 1.999994931629675232e+00
3.365000000000000000e+03 1.999994926999329570e+00
3.370000000000000000e+03 1.999994918680606970e+00
3.375000000000000000e+03 1.999994909582238023e+00
3.380000000000000000e+03 1.999994900381332874e+00
3.385000000000000000e+03 1.999994896144152712e+00
3.390000000000000000e+03 1.999994888752002931e+00
3.395000000000000000e+03 1.999994880490657101e+00
3.400000000000000000e+03 1.999994871989713818e+00
3.405000000000000000e+03 1.999994866034338958e+00
3.410000000000000000e+03 1.999994858689473576e+00
3.415000000000000000e+03 1.999994850258756118e+00
3.420000000000000000e+03 1.999994841282076052e+00
3.425000000000000000e+03 1.999994834408999500e+00
3.430000000000000000e+03 1.999994827457152624e+00
3.435000000000000000e+03 1.999994819541824009e+00
3.440000000000000000e+03 1.999994811517595616e+00
3.445000000000000000e+03 1.999994802758283008e+00
3.450000000000000000e+03 1.999994798701532073e+00
3.455000000000000000e+03 1.999994789842655551e+00
3.460000000000000000e+03 1.999994780580450326e+00
3.465000000000000000e+03 1.999994771833285778e+00
3.470000000000000000e+03 1.999994768259642397e+00
3.475000000000000000e+03 1.999994760271607275e+00
3.480000000000000000e+03 1.999994751758353173e+00
3.485000000000000000e+03 1.999994742978770113e+00
3.490000000000000000e+03 1.999994738198010324e+00
3.495000000000000000e+03 1.999994729815628647e+00
3.500000000000000000e+03 1.999994720721201658e+00
3.505000000000000000e+03 1.999994711651687407e+00
3.510000000000000000e+03 1.999994707353838441e+00
3.515000000000000000e+03 1.999994699860671465e+00
3.520000000000000000e+03 1.999994691444831219e+00
3.525000000000000000e+03 1.999994682681043967e+00
3.530000000000000000e+03 1.999994675658759213e+00
3.535000000000000000e+03 1.999994667958868044e+00
3.540000000000000000e+03 1.999994658529149261e+00
3.545000000000000000e+03 1.999994649335961716e+00
3.550000000000000000e+03 1.999994644358075613e+00
3.555000000000000000e+03 1.999994639138044095e+00
3.560000000000000000e+03 1.999994629459041606e+00
3.565000000000000000e+03 1.999994620042381044e+00
3.570000000000000000e+03 1.999994612800616300e+00
3.575000000000000000e+03 1.999994606975840972e+00
3.580000000000000000e+03 1.999994597625764037e+00
3.585000000000000000e+03 1.999994588599787404e+00
3.590000000000000000e+03 1.999994581626941326e+00
3.595000000000000000e+03 1.999994578412618296e+00
3.600000000000000000e+03 1.999994568754270396e+00
3.605000000000000000e+03 1.999994559210962253e+00
3.610000000000000000e+03 1.999994550614611732e+00
3.615000000000000000e+03 1.999994545262057999e+00
3.620000000000000000e+03 1.999994536544780876e+00
3.625000000000000000e+03 1.999994528176320951e+00
3.630000000000000000e+03 1.999994519955726302e+00
3.635000000000000000e+03 1.999994515761654323e+00
3.640000000000000000e+03 1.999994506806038963e+00
3.645000000000000000e+03 1.999994497884139966e+00
3.650000000000000000e+03 1.999994489797007891e+00
3.655000000000000000e+03 1.999994484362873859e+00
3.660000000000000000e+03 1.999994476405087873e+00
3.665000000000000000e+03 1.999994468535182479e+00
3.670000000000000000e+03 1.999994460475702951e+00
3.675000000000000000e+03 1.999994453669233563e+00
3.680000000000000000e+03 1.999994445848162883e+00
3.685000000000000000e+03 1.999994437431603433e+00
3.690000000000000000e+03 1.999994429691193787e+00
3.695000000000000000e+03 1.999994421983931403e+00
3.700000000000000000e+03 1.999994416154721844e+00
3.705000000000000000e+03 1.999994408251489109e+00
3.710000000000000000e+03 1.999994400171780651e+00
3.715000000000000000e+03 1.999994390804092248e+00
3.720000000000000000e+03 1.999994385810429431e+00
3.725000000000000000e+03 1.999994378189029254e+00
3.730000000000000000e+03 1.999994370019186452e+00
3.735000000000000000e+03 1.999994360848541763e+00
3.740000000000000000e+03 1.999994356252542183e+00
3.745000000000000000e+03 1.999994348139013001e+00
3.750000000000000000e+03 1.999994339458033510e+00
3.755000000000000000e+03 1.999994330685420207e+00
3.760000000000000000e+03 1.999994325740509060e+00
3.765000000000000000e+03 1.999994318028176732e+00
3.770000000000000000e+03 1.999994309190963104e+00
3.775000000000000000e+03 1.999994299622060767e+00
3.780000000000000000e+03 1.999994294343216072e+00
3.785000000000000000e+03 1.999994287350977284e+00
3.790000000000000000e+03 1.999994278697549754e+00
3.795000000000000000e+03 1.999994269718665008e+00
3.800000000000000000e+03 1.999994263972766362e+00
3.805000000000000000e+03 1.999994257432131883e+00
3.810000000000000000e+03 1.999994247832245886e+00
3.815000000000000000e+03 1.999994237972057887e+00
3.820000000000000000e+03 1.999994230607192724e+00
3.825000000000000000e+03 1.999994225805753034e+00
3.830000000000000000e+03 1.999994216875492281e+00
3.835000000000000000e+03 1.999994207815116276e+00
3.840000000000000000e+03 1.999994200322290805e+00
3.845000000000000000e+03 1.999994196233284782e+00
3.850000000000000000e+03 1.999994186278011954e+00
3.855000000000000000e+03 1.999994176642169164e+00
3.860000000000000000e+03 1.999994168114281878e+00
3.865000000000000000e+03 1.999994164800098506e+00
3.870000000000000000e+03 1.999994156411010859e+00
3.875000000000000000e+03 1.999994147377516018e+00
3.880000000000000000e+03 1.999994138919108932e+00
3.885000000000000000e+03 1.999994134638471976e+00
3.890000000000000000e+03 1.999994125182247506e+00
3.895000000000000000e+03 1.999994115835437292e+00
3.900000000000000000e+03 1.999994107057682324e+00
3.905000000000000000e+03 1.999994102298476628e+00
3.910000000000000000e+03 1.999994094945471534e+00
3.915000000000000000e+03 1.999994086045614683e+00
3.920000000000000000e+03 1.999994077296844530e+00
3.925000000000000000e+03 1.999994072221774166e+00
3.930000000000000000e+03 1.999994064322858867e+00
3.935000000000000000e+03 1.999994055227945600e+00
3.940000000000000000e+03 1.999994046855775531e+00
3.945000000000000000e+03 1.999994040667951944e+00
3.950000000000000000e+03 1.999994034870463677e+00
3.955000000000000000e+03 1.999994025886511428e+00
3.960000000000000000e+03 1.999994016923683615e+00
3.965000000000000000e+03 1.999994010508022946e+00
3.970000000000000000e+03 1.999994003648350116e+00
3.975000000000000000e+03 1.999993994863823898e+00
3.980000000000000000e+03 1.999993986754158293e+00
3.985000000000000000e+03 1.999993978299660080e+00
3.990000000000000000e+03 1.999993973695813887e+00
3.995000000000000000e+03 1.999993965165986820e+00
4.000000000000000000e+03 1.999993956514283244e+00
4.005000000000000000e+03 1.999993948289772838e+00
4.010000000000000000e+03 1.999993943238016936e+00
4.015000000000000000e+03 1.999993934604446189e+00
4.020000000000000000e+03 1.999993926308797798e+00
4.025000000000000000e+03 1.999993918243669455e+00
4.030000000000000000e+03 1.999993913071286489e+00
4.035000000000000000e+03 1.999993905602856170e+00
4.040000000000000000e+03 1.999993896654527425e+00
4.045000000000000000e+03 1.999993887878916299e+00
4.050000000000000000e+03 1.999993882993465144e+00
4.055000000000000000e+03 1.999993875091509166e+00
4.060000000000000000e+03 1.999993867116636626e+00
4.065000000000000000e+03 1.999993859195338120e+00
4.070000000000000000e+03 1.999993852003937977e+00
4.075000000000000000e+03 1.999993844970492818e+00
4.080000000000000000e+03 1.999993837032813859e+00
4.085000000000000000e+03 1.999993829197294959e+00
4.090000000000000000e+03 1.999993820540938660e+00
4.095000000000000000e+03 1.999993815262475660e+00
4.100000000000000000e+03 1.999993807256639222e+00
4.105000000000000000e+03 1.999993799295917363e+00
4.110000000000000000e+03 1.999993790045829334e+00
4.115000000000000000e+03 1.999993784728860247e+00
4.120000000000000000e+03 1.999993776286561831e+00
4.125000000000000000e+03 1.999993768102442671e+00
4.130000000000000000e+03 1.999993759896151246e+00
4.135000000000000000e+03 1.999993755775642867e+00
4.140000000000000000e+03 1.999993747797342403e+00
4.145000000000000000e+03 1.999993739668400439e+00
4.150000000000000000e+03 1.999993731013253617e+00
4.155000000000000000e+03 1.999993724501833769e+00
4.160000000000000000e+03 1.999993716428281054e+00
4.165000000000000000e+03 1.999993708207101983e+00
4.170000000000000000e+03 1.999993700248115847e+00
4.175000000000000000e+03 1.999993694885649820e+00
4.180000000000000000e+03 1.999993686910936042e+00
4.185000000000000000e+03 1.999993678799584895e+00
4.190000000000000000e+03 1.999993670764149023e+00
4.195000000000000000e+03 1.999993664297496920e+00
4.200000000000000000e+03 1.999993657407507230e+00
4.205000000000000000e+03 1.999993648561675830e+00
4.210000000000000000e+03 1.999993639969873227e+00
4.215000000000000000e+03 1.999993633257358905e+00
4.220000000000000000e+03 1.999993626787873069e+00
4.225000000000000000e+03 1.999993618474071866e+00
4.230000000000000000e+03 1.999993610009988432e+00
4.235000000000000000e+03 1.999993603037995893e+00
4.240000000000000000e+03 1.999993599797279531e+00
4.245000000000000000e+03 1.999993591048429442e+00
4.250000000000000000e+03 1.999993581882387739e+00
4.255000000000000000e+03 1.999993572962101673e+00
4.260000000000000000e+03 1.999993568301392743e+00
4.265000000000000000e+03 1.999993560521917013e+00
4.270000000000000000e+03 1.999993552142341091e+00
4.275000000000000000e+03 1.999993543946874119e+00
4.280000000000000000e+03 1.999993540329083164e+00
4.285000000000000000e+03 1.999993532817514907e+00
4.290000000000000000e+03 1.999993524331742156e+00
4.295000000000000000e+03 1.999993515228360552e+00
4.300000000000000000e+03 1.999993508077921645e+00
4.305000000000000000e+03 1.999993501778001503e+00
4.310000000000000000e+03 1.999993493581349480e+00
4.315000000000000000e+03 1.999993485102693258e+00
4.320000000000000000e+03 1.999993479249089656e+00
4.325000000000000000e+03 1.999993472493492463e+00
4.330000000000000000e+03 1.999993464553343925e+00
4.335000000000000000e+03 1.999993456435244843e+00
4.340000000000000000e+03 1.999993447003446390e+00
4.345000000000000000e+03 1.999993442774430141e+00
4.350000000000000000e+03 1.999993434613756671e+00
4.355000000000000000e+03 1.999993426457192358e+00
4.360000000000000000e+03 1.999993417380331540e+00
4.365000000000000000e+03 1.999993412354690303e+00
4.370000000000000000e+03 1.999993403600332176e+00
4.375000000000000000e+03 1.999993395107825700e+00
4.380000000000000000e+03 1.999993386868047507e+00
4.385000000000000000e+03 1.999993381746984600e+00
4.390000000000000000e+03 1.999993373843285127e+00
4.395000000000000000e+03 1.999993365700984738e+00
4.400000000000000000e+03 1.999993357862060117e+00
4.405000000000000000e+03 1.999993354975945881e+00
4.410000000000000000e+03 1.999993347059606297e+00
4.415000000000000000e+03 1.999993337888882117e+00
4.420000000000000000e+03 1.999993328251499447e+00
4.425000000000000000e+03 1.999993323300952142e+00
4.430000000000000000e+03 1.999993317202199750e+00
4.435000000000000000e+03 1.999993309128145658e+00
4.440000000000000000e+03 1.999993300793706741e+00
4.445000000000000000e+03 1.999993294507153685e+00
4.450000000000000000e+03 1.999993287534431063e+00
4.455000000000000000e+03 1.999993279568004656e+00
4.460000000000000000e+03 1.999993271226113700e+00
4.465000000000000000e+03 1.999993262157944818e+00
4.470000000000000000e+03 1.999993257025985072e+00
4.475000000000000000e+03 1.999993248839385451e+00
4.480000000000000000e+03 1.999993240711934961e+00
4.485000000000000000e+03 1.999993232347278882e+00
4.490000000000000000e+03 1.999993226771347166e+00
4.495000000000000000e+03 1.999993218351863389e+00
4.500000000000000000e+03 1.999993210458788750e+00
4.505000000000000000e+03 1.999993201958464084e+00
4.510000000000000000e+03 1.999993196684311858e+00
4.515000000000000000e+03 1.999993188817847711e+00
4.520000000000000000e+03 1.999993180473138565e+00
4.525000000000000000e+03 1.999993172473312431e+00
4.530000000000000000e+03 1.999993167345655909e+00
4.535000000000000000e+03 1.999993158821602446e+00
4.540000000000000000e+03 1.999993150187658442e+00
4.545000000000000000e+03 1.999993142156510251e+00
4.550000000000000000e+03 1.999993136478621869e+00
4.555000000000000000e+03 1.999993129556443483e+00
4.560000000000000000e+03 1.999993121061863333e+00
4.565000000000000000e+03 1.999993112459491407e+00
4.570000000000000000e+03 1.999993107095570100e+00
4.575000000000000000e+03 1.999993100181639338e+00
4.580000000000000000e+03 1.999993090815764596e+00
4.585000000000000000e+03 1.999993081725022437e+00
4.590000000000000000e+03 1.999993075816359545e+00
4.595000000000000000e+03 1.999993070762889014e+00
4.600000000000000000e+03 1.999993062124419962e+00
4.605000000000000000e+03 1.999993053271503118e+00
4.610000000000000000e+03 1.999993045658838620e+00
4.615000000000000000e+03 1.999993041558091322e+00
4.620000000000000000e+03 1.999993032253139624e+00
4.625000000000000000e+03 1.999993022527587039e+00
4.630000000000000000e+03 1.999993014342179576e+00
4.635000000000000000e+03 1.999993011483826466e+00
4.640000000000000000e+03 1.999993003498196753e+00
4.645000000000000000e+03 1.999992994629678833e+00
4.650000000000000000e+03 1.999992985924198052e+00
4.655000000000000000e+03 1.999992980027047729e+00
4.660000000000000000e+03 1.999992971220617033e+00
4.665000000000000000e+03 1.999992961856551732e+00
4.670000000000000000e+03 1.999992953215218527e+00
4.675000000000000000e+03 1.999992948376621449e+00
4.680000000000000000e+03 1.999992940993643442e+00
4.685000000000000000e+03 1.999992932006065871e+00
4.690000000000000000e+03 1.999992923358216323e+00
4.695000000000000000e+03 1.999992917937449155e+00
4.700000000000000000e+03 1.999992910205221408e+00
4.705000000000000000e+03 1.999992901401736800e+00
4.710000000000000000e+03 1.999992893468944821e+00
4.715000000000000000e+03 1.999992886944399251e+00
4.720000000000000000e+03 1.999992881060231431e+00
4.725000000000000000e+03 1.999992871732457766e+00
4.730000000000000000e+03 1.999992862749326195e+00
4.735000000000000000e+03 1.999992855650479573e+00
4.740000000000000000e+03 1.999992850035779535e+00
4.745000000000000000e+03 1.999992842306011154e+00
4.750000000000000000e+03 1.999992834292460886e+00
4.755000000000000000e+03 1.999992825003201968e+00
4.760000000000000000e+03 1.999992819434902147e+00
4.765000000000000000e+03 1.999992811617252064e+00
4.770000000000000000e+03 1.999992803813790632e+00
4.775000000000000000e+03 1.999992795247187871e+00
4.780000000000000000e+03 1.999992790172701485e+00
4.785000000000000000e+03 1.999992782272858483e+00
4.790000000000000000e+03 1.999992773419751124e+00
4.795000000000000000e+03 1.999992764003508894e+00
4.800000000000000000e+03 1.999992758808097237e+00
4.805000000000000000e+03 1.999992751253212964e+00
4.810000000000000000e+03 1.999992743266067130e+00
4.815000000000000000e+03 1.999992734521412796e+00
4.820000000000000000e+03 1.999992727831235939e+00
4.825000000000000000e+03 1.999992721152562103e+00
4.830000000000000000e+03 1.999992711808242118e+00
4.835000000000000000e+03 1.999992702009995682e+00
4.840000000000000000e+03 1.999992695669161602e+00
4.845000000000000000e+03 1.999992691236279763e+00
4.850000000000000000e+03 1.999992681851053389e+00
4.855000000000000000e+03 1.999992671985759696e+00
4.860000000000000000e+03 1.999992663922375513e+00
4.865000000000000000e+03 1.999992657060497780e+00
4.870000000000000000e+03 1.999992648360439551e+00
4.875000000000000000e+03 1.999992640434196778e+00
4.880000000000000000e+03 1.999992631891040151e+00
4.885000000000000000e+03 1.999992627218468932e+00
4.890000000000000000e+03 1.999992618058063165e+00
4.895000000000000000e+03 1.999992610166893003e+00
4.900000000000000000e+03 1.999992601956373406e+00
4.905000000000000000e+03 1.999992597406026862e+00
4.910000000000000000e+03 1.999992589418890798e+00
4.915000000000000000e+03 1.999992580452897517e+00
4.920000000000000000e+03 1.999992571280178932e+00
4.925000000000000000e+03 1.999992566783242554e+00
4.930000000000000000e+03 1.999992558851695801e+00
4.935000000000000000e+03 1.999992548596707387e+00
4.940000000000000000e+03 1.999992538699960853e+00
4.945000000000000000e+03 1.999992532918175803e+00
4.950000000000000000e+03 1.999992524895624957e+00
4.955000000000000000e+03 1.999992516810420895e+00
4.960000000000000000e+03 1.999992508937684654e+00
4.965000000000000000e+03 1.999992502627817359e+00
4.970000000000000000e+03 1.999992495315516594e+00
4.975000000000000000e+03 1.999992487712980660e+00
4.980000000000000000e+03 1.999992479277913127e+00
4.985000000000000000e+03 1.999992469545055274e+00
4.990000000000000000e+03 1.999992465207915071e+00
4.995000000000000000e+03 1.999992456025104337e+00
5.000000000000000000e+03 1.999992446664323298e+00
5.005000000000000000e+03 1.999992439179022252e+00
5.010000000000000000e+03 1.999992434367811933e+00
5.015000000000000000e+03 1.999992424008007808e+00
5.020000000000000000e+03 1.999992414783282380e+00
5.025000000000000000e+03 1.999992406581597493e+00
5.030000000000000000e+03 1.999992401925726027e+00
5.035000000000000000e+03 1.999992394134934681e+00
5.040000000000000000e+03 1.999992386204555439e+00
5.045000000000000000e+03 1.999992377645690711e+00
5.050000000000000000e+03 1.999992372459567402e+00
5.055000000000000000e+03 1.999992364877743567e+00
5.060000000000000000e+03 1.999992355574939040e+00
5.065000000000000000e+03 1.999992345625665413e+00
5.070000000000000000e+03 1.999992339003642483e+00
5.075000000000000000e+03 1.999992332226323333e+00
5.080000000000000000e+03 1.999992323123087834e+00
5.085000000000000000e+03 1.999992314064616750e+00
5.090000000000000000e+03 1.999992308540378572e+00
5.095000000000000000e+03 1.999992301889341517e+00
5.100000000000000000e+03 1.999992291736853112e+00
5.105000000000000000e+03 1.999992283003872107e+00
5.110000000000000000e+03 1.999992276053131013e+00
5.115000000000000000e+03 1.999992270362188629e+00
5.120000000000000000e+03 1.999992261442058883e+00
5.125000000000000000e+03 1.999992252679294369e+00
5.130000000000000000e+03 1.999992245403006130e+00
5.135000000000000000e+03 1.999992239997762766e+00
5.140000000000000000e+03 1.999992230712010821e+00
5.145000000000000000e+03 1.999992222829415134e+00
5.150000000000000000e+03 1.999992214452793071e+00
5.155000000000000000e+03 1.999992208717952913e+00
5.160000000000000000e+03 1.999992200607883186e+00
5.165000000000000000e+03 1.999992192663044399e+00
5.170000000000000000e+03 1.999992184413452723e+00
5.175000000000000000e+03 1.999992179730915476e+00
5.180000000000000000e+03 1.999992172103675747e+00
5.185000000000000000e+03 1.999992163422662950e+00
5.190000000000000000e+03 1.999992154022949054e+00
5.195000000000000000e+03 1.999992148531351654e+00
5.200000000000000000e+03 1.999992141809489921e+00
5.205000000000000000e+03 1.999992133416455431e+00
5.210000000000000000e+03 1.999992124629878409e+00
5.215000000000000000e+03 1.999992117954812132e+00
5.220000000000000000e+03 1.999992111622164837e+00
5.225000000000000000e+03 1.999992102500157687e+00
5.230000000000000000e+03 1.999992093022124218e+00
5.235000000000000000e+03 1.999992084769561806e+00
5.240000000000000000e+03 1.999992080966807029e+00
5.245000000000000000e+03 1.999992072744720906e+00
5.250000000000000000e+03 1.999992064151643545e+00
5.255000000000000000e+03 1.999992054686504428e+00
5.260000000000000000e+03 1.999992050849999314e+00
5.265000000000000000e+03 1.999992041423162226e+00
5.270000000000000000e+03 1.999992031996511432e+00
5.275000000000000000e+03 1.999992023418310394e+00
5.280000000000000000e+03 1.999992020309281582e+00
5.285000000000000000e+03 1.999992012265848551e+00
5.290000000000000000e+03 1.999992003310590238e+00
5.295000000000000000e+03 1.999991994468519607e+00
5.300000000000000000e+03 1.999991989877475840e+00
5.305000000000000000e+03 1.999991981167188460e+00
5.310000000000000000e+03 1.999991971924238054e+00
5.315000000000000000e+03 1.999991962670407242e+00
5.320000000000000000e+03 1.999991958837222805e+00
5.325000000000000000e+03 1.999991952267874851e+00
5.330000000000000000e+03 1.999991943516616688e+00
5.335000000000000000e+03 1.999991934556689666e+00
5.340000000000000000e+03 1.999991926763994510e+00
5.345000000000000000e+03 1.999991919614102720e+00
5.350000000000000000e+03 1.999991910578798437e+00
5.355000000000000000e+03 1.999991901682786954e+00
5.360000000000000000e+03 1.999991895694025690e+00
5.365000000000000000e+03 1.999991890457292865e+00
5.370000000000000000e+03 1.999991881241771630e+00
5.375000000000000000e+03 1.999991872286010608e+00
5.380000000000000000e+03 1.999991864732260982e+00
5.385000000000000000e+03 1.999991859252273629e+00
5.390000000000000000e+03 1.999991850424841511e+00
5.395000000000000000e+03 1.999991841745666576e+00
5.400000000000000000e+03 1.999991834102821331e+00
5.405000000000000000e+03 1.999991831349310356e+00
5.410000000000000000e+03 1.999991822842520861e+00
5.415000000000000000e+03 1.999991813799521623e+00
5.420000000000000000e+03 1.999991804947547802e+00
5.425000000000000000e+03 1.999991798630005757e+00
5.430000000000000000e+03 1.999991790332358299e+00
5.435000000000000000e+03 1.999991781894837617e+00
5.440000000000000000e+03 1.999991773598141176e+00
5.445000000000000000e+03 1.999991770316114303e+00
5.450000000000000000e+03 1.999991763421570257e+00
5.455000000000000000e+03 1.999991754366533536e+00
5.460000000000000000e+03 1.999991745218844041e+00
5.465000000000000000e+03 1.999991738547856945e+00
5.470000000000000000e+03 1.999991731936280326e+00
5.475000000000000000e+03 1.999991723419088263e+00
5.480000000000000000e+03 1.999991714738735604e+00
5.485000000000000000e+03 1.999991708261118495e+00
5.490000000000000000e+03 1.999991703997928028e+00
5.495000000000000000e+03 1.999991694927614194e+00
5.500000000000000000e+03 1.999991685875082137e+00
5.505000000000000000e+03 1.999991677417803926e+00
5.510000000000000000e+03 1.999991673184968066e+00
5.515000000000000000e+03 1.999991664900762300e+00
5.520000000000000000e+03 1.999991656483897762e+00
5.525000000000000000e+03 1.999991648653903331e+00
5.530000000000000000e+03 1.999991644435282545e+00
5.535000000000000000e+03 1.999991636503404946e+00
5.540000000000000000e+03 1.999991628192894000e+00
5.545000000000000000e+03 1.999991619350542482e+00
5.550000000000000000e+03 1.999991614148231456e+00
5.555000000000000000e+03 1.999991606451419823e+00
5.560000000000000000e+03 1.999991598255950853e+00
5.565000000000000000e+03 1.999991589762010635e+00
5.570000000000000000e+03 1.999991583532409134e+00
5.575000000000000000e+03 1.999991575527021226e+00
5.580000000000000000e+03 1.999991567589518793e+00
5.585000000000000000e+03 1.999991559719527245e+00
5.590000000000000000e+03 1.999991553483576823e+00
5.595000000000000000e+03 1.999991546775647056e+00
5.600000000000000000e+03 1.999991538554383386e+00
5.605000000000000000e+03 1.999991530334958467e+00
5.610000000000000000e+03 1.999991523188280107e+00
5.615000000000000000e+03 1.999991516136745417e+00
5.620000000000000000e+03 1.999991507377144373e+00
5.625000000000000000e+03 1.999991499001406936e+00
5.630000000000000000e+03 1.999991491750140460e+00
5.635000000000000000e+03 1.999991485796929425e+00
5.640000000000000000e+03 1.999991477696333231e+00
5.645000000000000000e+03 1.999991469522812704e+00
5.650000000000000000e+03 1.999991462588776914e+00
5.655000000000000000e+03 1.999991459401614158e+00
5.660000000000000000e+03 1.999991450698522355e+00
5.665000000000000000e+03 1.999991441643589107e+00
5.670000000000000000e+03 1.999991432409359504e+00
5.675000000000000000e+03 1.999991428364062740e+00
5.680000000000000000e+03 1.999991421078911591e+00
5.685000000000000000e+03 1.999991413030912213e+00
5.690000000000000000e+03 1.999991404719315247e+00
5.695000000000000000e+03 1.999991399204805731e+00
5.700000000000000000e+03 1.999991391492464521e+00
5.705000000000000000e+03 1.999991383495603348e+00
5.710000000000000000e+03 1.999991375126894511e+00
5.715000000000000000e+03 1.999991368530978475e+00
5.720000000000000000e+03 1.999991361088953479e+00
5.725000000000000000e+03 1.999991352846324011e+00
5.730000000000000000e+03 1.999991344680120520e+00
5.735000000000000000e+03 1.999991338327868684e+00
5.740000000000000000e+03 1.999991330876827567e+00
5.745000000000000000e+03 1.999991322264822680e+00
5.750000000000000000e+03 1.999991314180671553e+00
5.755000000000000000e+03 1.999991306701632388e+00
5.760000000000000000e+03 1.999991301166264890e+00
5.765000000000000000e+03 1.999991293084983024e+00
5.770000000000000000e+03 1.999991284766453603e+00
5.775000000000000000e+03 1.999991277666977707e+00
5.780000000000000000e+03 1.999991271973861284e+00
5.785000000000000000e+03 1.999991263058598090e+00
5.790000000000000000e+03 1.999991254247804218e+00
5.795000000000000000e+03 1.999991245951869168e+00
5.800000000000000000e+03 1.999991242045422002e+00
5.805000000000000000e+03 1.999991234625470904e+00
5.810000000000000000e+03 1.999991226215509732e+00
5.815000000000000000e+03 1.999991217768632978e+00
5.820000000000000000e+03 1.999991213277277247e+00
5.825000000000000000e+03 1.999991205121281590e+00
5.830000000000000000e+03 1.999991195802580890e+00
5.835000000000000000e+03 1.999991186222125128e+00
5.840000000000000000e+03 1.999991181549594321e+00
5.845000000000000000e+03 1.999991175909092700e+00
5.850000000000000000e+03 1.999991167418431637e+00
5.855000000000000000e+03 1.999991158574165429e+00
5.860000000000000000e+03 1.999991151780963872e+00
5.865000000000000000e+03 1.999991146268389253e+00
5.870000000000000000e+03 1.999991137101316818e+00
5.875000000000000000e+03 1.999991127294911797e+00
5.880000000000000000e+03 1.999991119961033181e+00
5.885000000000000000e+03 1.999991116378194045e+00
5.890000000000000000e+03 1.999991108081175639e+00
5.895000000000000000e+03 1.999991099411163820e+00
5.900000000000000000e+03 1.999991090781362058e+00
5.905000000000000000e+03 1.999991086207326241e+00
5.910000000000000000e+03 1.999991077318633792e+00
5.915000000000000000e+03 1.999991067705159775e+00
5.920000000000000000e+03 1.999991058717394132e+00
5.925000000000000000e+03 1.999991055685816033e+00
5.930000000000000000e+03 1.999991047988997739e+00
5.935000000000000000e+03 1.999991039543566274e+00
5.940000000000000000e+03 1.999991030604161280e+00
5.945000000000000000e+03 1.999991025329194594e+00
5.950000000000000000e+03 1.999991017239902691e+00
5.955000000000000000e+03 1.999991007803811227e+00
5.960000000000000000e+03 1.999990997902889811e+00
5.965000000000000000e+03 1.999990993765998315e+00
5.970000000000000000e+03 1.999990987632448647e+00
5.975000000000000000e+03 1.999990978717582246e+00
5.980000000000000000e+03 1.999990969253499173e+00
5.985000000000000000e+03 1.999990962206504186e+00
5.990000000000000000e+03 1.999990956220500271e+00
5.995000000000000000e+03 1.999990946715837437e+00
6.000000000000000000e+03 1.999990936862792834e+00
6.005000000000000000e+03 1.999990930390013855e+00
6.010000000000000000e+03 1.999990926807172498e+00
6.015000000000000000e+03 1.999990917857753958e+00
6.020000000000000000e+03 1.999990908283527213e+00
6.025000000000000000e+03 1.999990899494176855e+00
6.030000000000000000e+03 1.999990894093608640e+00
6.035000000000000000e+03 1.999990884888827036e+00
6.040000000000000000e+03 1.999990875828161263e+00
6.045000000000000000e+03 1.999990867631360025e+00
6.050000000000000000e+03 1.999990864071975682e+00
6.055000000000000000e+03 1.999990855139428980e+00
6.060000000000000000e+03 1.999990845723634392e+00
6.065000000000000000e+03 1.999990837190239512e+00
6.070000000000000000e+03 1.999990832871189284e+00
6.075000000000000000e+03 1.999990825165913311e+00
6.080000000000000000e+03 1.999990817109996266e+00
6.085000000000000000e+03 1.999990808007575005e+00
6.090000000000000000e+03 1.999990802162761039e+00
6.095000000000000000e+03 1.999990794694066709e+00
6.100000000000000000e+03 1.999990786774374252e+00
6.105000000000000000e+03 1.999990777818571042e+00
6.110000000000000000e+03 1.999990770126130801e+00
6.115000000000000000e+03 1.999990764297143953e+00
6.120000000000000000e+03 1.999990754980275343e+00
6.125000000000000000e+03 1.999990745001750447e+00
6.130000000000000000e+03 1.999990738044623573e+00
6.135000000000000000e+03 1.999990734163288542e+00
6.140000000000000000e+03 1.999990725253505186e+00
6.145000000000000000e+03 1.999990715206585445e+00
6.150000000000000000e+03 1.999990706061153034e+00
6.155000000000000000e+03 1.999990701185078379e+00
6.160000000000000000e+03 1.999990691864345305e+00
6.165000000000000000e+03 1.999990682542149845e+00
6.170000000000000000e+03 1.999990674634770427e+00
6.175000000000000000e+03 1.999990671208037751e+00
6.180000000000000000e+03 1.999990661499515987e+00
6.185000000000000000e+03 1.999990651987428425e+00
6.190000000000000000e+03 1.999990643898236442e+00
6.195000000000000000e+03 1.999990638738516013e+00
6.200000000000000000e+03 1.999990630934259439e+00
6.205000000000000000e+03 1.999990623151604918e+00
6.210000000000000000e+03 1.999990614589775895e+00
6.215000000000000000e+03 1.999990608435783690e+00
6.220000000000000000e+03 1.999990600895139803e+00
6.225000000000000000e+03 1.999990593006913953e+00
6.230000000000000000e+03 1.999990583618498574e+00
6.235000000000000000e+03 1.999990576031641210e+00
6.240000000000000000e+03 1.999990570284561064e+00
6.245000000000000000e+03 1.999990560931791617e+00
6.250000000000000000e+03 1.999990551267995853e+00
6.255000000000000000e+03 1.999990544477546983e+00
6.260000000000000000e+03 1.999990540075413437e+00
6.265000000000000000e+03 1.999990529530004002e+00
6.270000000000000000e+03 1.999990519343029627e+00
6.275000000000000000e+03 1.999990511459126985e+00
6.280000000000000000e+03 1.999990506023575865e+00
6.285000000000000000e+03 1.999990497310984772e+00
6.290000000000000000e+03 1.999990489162809748e+00
6.295000000000000000e+03 1.999990480839721974e+00
6.300000000000000000e+03 1.999990476346451551e+00
6.305000000000000000e+03 1.999990466753241991e+00
6.310000000000000000e+03 1.999990458866020893e+00
6.315000000000000000e+03 1.999990450727530344e+00
6.320000000000000000e+03 1.999990444671864820e+00
6.325000000000000000e+03 1.999990436825366258e+00
6.330000000000000000e+03 1.999990428984576463e+00
6.335000000000000000e+03 1.999990420622633103e+00
6.340000000000000000e+03 1.999990414662930149e+00
6.345000000000000000e+03 1.999990407246912794e+00
6.350000000000000000e+03 1.999990398968899408e+00
6.355000000000000000e+03 1.999990389187179085e+00
6.360000000000000000e+03 1.999990382448509463e+00
6.365000000000000000e+03 1.999990376773205458e+00
6.370000000000000000e+03 1.999990367916643974e+00
6.375000000000000000e+03 1.999990358585852723e+00
6.380000000000000000e+03 1.999990350811813977e+00
6.385000000000000000e+03 1.999990345128936697e+00
6.390000000000000000e+03 1.999990334655518565e+00
6.395000000000000000e+03 1.999990325631897159e+00
6.400000000000000000e+03 1.999990318162569558e+00
6.405000000000000000e+03 1.999990312480463661e+00
6.410000000000000000e+03 1.999990303870432529e+00
6.415000000000000000e+03 1.999990295737895662e+00
6.420000000000000000e+03 1.999990287428936142e+00
6.425000000000000000e+03 1.999990282063533797e+00
6.430000000000000000e+03 1.999990274153029768e+00
6.435000000000000000e+03 1.999990266456448396e+00
6.440000000000000000e+03 1.999990257528526882e+00
6.445000000000000000e+03 1.999990251536391206e+00
6.450000000000000000e+03 1.999990243721385674e+00
6.455000000000000000e+03 1.999990235886160095e+00
6.460000000000000000e+03 1.999990227452750791e+00
6.465000000000000000e+03 1.999990221731685169e+00
6.470000000000000000e+03 1.999990214248042131e+00
6.475000000000000000e+03 1.999990205579792235e+00
6.480000000000000000e+03 1.999990195935467119e+00
6.485000000000000000e+03 1.999990190012921998e+00
6.490000000000000000e+03 1.999990183710931291e+00
6.495000000000000000e+03 1.999990175365861544e+00
6.500000000000000000e+03 1.999990166505227984e+00
6.505000000000000000e+03 1.999990158063480683e+00
6.510000000000000000e+03 1.999990152311060365e+00
6.515000000000000000e+03 1.999990142197986875e+00
6.520000000000000000e+03 1.999990132689912326e+00
6.525000000000000000e+03 1.999990126216845798e+00
6.530000000000000000e+03 1.999990121714843694e+00
6.535000000000000000e+03 1.999990112443385204e+00
6.540000000000000000e+03 1.999990103179734025e+00
6.545000000000000000e+03 1.999990095507490739e+00
6.550000000000000000e+03 1.999990090005997034e+00
6.555000000000000000e+03 1.999990080683409222e+00
6.560000000000000000e+03 1.999990072278179598e+00
6.565000000000000000e+03 1.999990064018121183e+00
6.570000000000000000e+03 1.999990060171291884e+00
6.575000000000000000e+03 1.999990051822088999e+00
6.580000000000000000e+03 1.999990042500222165e+00
6.585000000000000000e+03 1.999990033830103764e+00
6.590000000000000000e+03 1.999990028645372231e+00
6.595000000000000000e+03 1.999990020102945243e+00
6.600000000000000000e+03 1.999990011833654213e+00
6.605000000000000000e+03 1.999990003853922671e+00
6.610000000000000000e+03 1.999989997919668916e+00
6.615000000000000000e+03 1.999989990791811501e+00
6.620000000000000000e+03 1.999989981721137289e+00
6.625000000000000000e+03 1.999989973260666742e+00
6.630000000000000000e+03 1.999989967612340713e+00
6.635000000000000000e+03 1.999989959768578185e+00
6.640000000000000000e+03 1.999989951538154065e+00
6.645000000000000000e+03 1.999989943608700749e+00
6.650000000000000000e+03 1.999989936234827237e+00
6.655000000000000000e+03 1.999989931178074665e+00
6.660000000000000000e+03 1.999989921846784036e+00
6.665000000000000000e+03 1.999989912958075156e+00
6.670000000000000000e+03 1.999989905213018337e+00
6.675000000000000000e+03 1.999989899599965648e+00
6.680000000000000000e+03 1.999989891334844838e+00
6.685000000000000000e+03 1.999989883282637493e+00
6.690000000000000000e+03 1.999989874835633508e+00
6.695000000000000000e+03 1.999989870697690630e+00
6.700000000000000000e+03 1.999989861996883889e+00
6.705000000000000000e+03 1.999989853029822795e+00
6.710000000000000000e+03 1.999989844565486230e+00
6.715000000000000000e+03 1.999989839419888948e+00
6.720000000000000000e+03 1.999989831188954792e+00
6.725000000000000000e+03 1.999989822798929229e+00
6.730000000000000000e+03 1.999989814559265611e+00
6.735000000000000000e+03 1.999989810146849845e+00
6.740000000000000000e+03 1.999989803438043445e+00
6.745000000000000000e+03 1.999989794066084681e+00
6.750000000000000000e+03 1.999989785080111604e+00
6.755000000000000000e+03 1.999989778944641916e+00
6.760000000000000000e+03 1.999989772114687092e+00
6.765000000000000000e+03 1.999989763516236030e+00
6.770000000000000000e+03 1.999989754963675592e+00
6.775000000000000000e+03 1.999989748828436165e+00
6.780000000000000000e+03 1.999989745166188770e+00
6.785000000000000000e+03 1.999989736105061144e+00
6.790000000000000000e+03 1.999989727078255175e+00
6.795000000000000000e+03 1.999989718734735966e+00
6.800000000000000000e+03 1.999989712517912910e+00
6.805000000000000000e+03 1.999989704141109215e+00
6.810000000000000000e+03 1.999989695731999584e+00
6.815000000000000000e+03 1.999989688353874140e+00
6.820000000000000000e+03 1.999989685321502897e+00
6.825000000000000000e+03 1.999989677164666135e+00
6.830000000000000000e+03 1.999989668356100037e+00
6.835000000000000000e+03 1.999989659405876141e+00
6.840000000000000000e+03 1.999989654260790672e+00
6.845000000000000000e+03 1.999989646890434347e+00
6.850000000000000000e+03 1.999989638637859279e+00
6.855000000000000000e+03 1.999989630274599417e+00
6.860000000000000000e+03 1.999989624670764021e+00
6.865000000000000000e+03 1.999989617217791116e+00
6.870000000000000000e+03 1.999989609161912707e+00
6.875000000000000000e+03 1.999989600904474640e+00
6.880000000000000000e+03 1.999989593607603533e+00
6.885000000000000000e+03 1.999989587051785866e+00
6.890000000000000000e+03 1.999989578817647828e+00
6.895000000000000000e+03 1.999989570628646129e+00
6.900000000000000000e+03 1.999989563148318439e+00
6.905000000000000000e+03 1.999989556784501632e+00
6.910000000000000000e+03 1.999989548890946489e+00
6.915000000000000000e+03 1.999989541015280814e+00
6.920000000000000000e+03 1.999989531976973378e+00
6.925000000000000000e+03 1.999989526481444901e+00
6.930000000000000000e+03 1.999989518286142687e+00
6.935000000000000000e+03 1.999989510083722832e+00
6.940000000000000000e+03 1.999989502387395479e+00
6.945000000000000000e+03 1.999989498343604843e+00
6.950000000000000000e+03 1.999989489293316991e+00
6.955000000000000000e+03 1.999989480435621747e+00
6.960000000000000000e+03 1.999989471873229840e+00
6.965000000000000000e+03 1.999989467268356025e+00
6.970000000000000000e+03 1.999989459967981276e+00
6.975000000000000000e+03 1.999989451940561214e+00
6.980000000000000000e+03 1.999989443851015292e+00
6.985000000000000000e+03 1.999989439746924891e+00
6.990000000000000000e+03 1.999989432335718131e+00
6.995000000000000000e+03 1.999989423225799090e+00
7.000000000000000000e+03 1.999989413880375100e+00
7.005000000000000000e+03 1.999989407520254225e+00
7.010000000000000000e+03 1.999989402600054644e+00
7.015000000000000000e+03 1.999989394463927983e+00
7.020000000000000000e+03 1.999989386210967224e+00
7.025000000000000000e+03 1.999989378175017318e+00
7.030000000000000000e+03 1.999989373301245488e+00
7.035000000000000000e+03 1.999989365027064370e+00
7.040000000000000000e+03 1.999989356518099060e+00
7.045000000000000000e+03 1.999989346703424431e+00
7.050000000000000000e+03 1.999989342856632435e+00
7.055000000000000000e+03 1.999989334787180884e+00
7.060000000000000000e+03 1.999989326640378984e+00
7.065000000000000000e+03 1.999989317759496732e+00
7.070000000000000000e+03 1.999989312022334653e+00
7.075000000000000000e+03 1.999989303997418810e+00
7.080000000000000000e+03 1.999989296155031626e+00
7.085000000000000000e+03 1.999989287887372402e+00
7.090000000000000000e+03 1.999989281711307409e+00
7.095000000000000000e+03 1.999989273729940065e+00
7.100000000000000000e+03 1.999989265452805975e+00
7.105000000000000000e+03 1.999989257214164651e+00
7.110000000000000000e+03 1.999989252267075024e+00
7.115000000000000000e+03 1.999989243969610531e+00
7.120000000000000000e+03 1.999989235349894479e+00
7.125000000000000000e+03 1.999989227275804859e+00
7.130000000000000000e+03 1.999989221300321418e+00
7.135000000000000000e+03 1.999989215449978763e+00
7.140000000000000000e+03 1.999989206871954694e+00
7.145000000000000000e+03 1.999989198111731259e+00
7.150000000000000000e+03 1.999989191432024471e+00
7.155000000000000000e+03 1.999989184121899521e+00
7.160000000000000000e+03 1.999989175455420209e+00
7.165000000000000000e+03 1.999989167404561563e+00
7.170000000000000000e+03 1.999989159659589122e+00
7.175000000000000000e+03 1.999989154691589777e+00
7.180000000000000000e+03 1.999989146144506957e+00
7.185000000000000000e+03 1.999989137466480882e+00
7.190000000000000000e+03 1.999989129592575576e+00
7.195000000000000000e+03 1.999989124379165206e+00
7.200000000000000000e+03 1.999989115513001847e+00
7.205000000000000000e+03 1.999989107007397404e+00
7.210000000000000000e+03 1.999989098811546517e+00
7.215000000000000000e+03 1.999989094482732099e+00
7.220000000000000000e+03 1.999989086580607145e+00
7.225000000000000000e+03 1.999989077649368285e+00
7.230000000000000000e+03 1.999989068824873151e+00
7.235000000000000000e+03 1.999989063686363977e+00
7.240000000000000000e+03 1.999989055717360964e+00
7.245000000000000000e+03 1.999989047906494566e+00
7.250000000000000000e+03 1.999989039896539644e+00
7.255000000000000000e+03 1.999989032791727794e+00
7.260000000000000000e+03 1.999989025577085577e+00
7.265000000000000000e+03 1.999989016727242941e+00
7.270000000000000000e+03 1.999989008286290559e+00
7.275000000000000000e+03 1.999989002394725546e+00
7.280000000000000000e+03 1.999988994931905850e+00
7.285000000000000000e+03 1.999988987044856170e+00
7.290000000000000000e+03 1.999988979331591699e+00
7.295000000000000000e+03 1.999988970263173904e+00
7.300000000000000000e+03 1.999988964664123126e+00
7.305000000000000000e+03 1.999988956227128911e+00
7.310000000000000000e+03 1.999988948323117910e+00
7.315000000000000000e+03 1.999988939823385214e+00
7.320000000000000000e+03 1.999988935865806949e+00
7.325000000000000000e+03 1.999988927527949878e+00
7.330000000000000000e+03 1.999988918434753016e+00
7.335000000000000000e+03 1.999988909196231734e+00
7.340000000000000000e+03 1.999988905288675012e+00
7.345000000000000000e+03 1.999988897570955437e+00
7.350000000000000000e+03 1.999988888776197626e+00
7.355000000000000000e+03 1.999988879092758687e+00
7.360000000000000000e+03 1.999988872992282785e+00
7.365000000000000000e+03 1.999988864994948434e+00
7.370000000000000000e+03 1.999988855557826684e+00
7.375000000000000000e+03 1.999988846250279950e+00
7.380000000000000000e+03 1.999988842205236317e+00
7.385000000000000000e+03 1.999988836051825869e+00
7.390000000000000000e+03 1.999988826310058254e+00
7.395000000000000000e+03 1.999988816214433474e+00
7.400000000000000000e+03 1.999988809718598270e+00
7.405000000000000000e+03 1.999988802660858322e+00
7.410000000000000000e+03 1.999988793708191270e+00
7.415000000000000000e+03 1.999988785411407122e+00
7.420000000000000000e+03 1.999988778633916775e+00
7.425000000000000000e+03 1.999988773116551544e+00
7.430000000000000000e+03 1.999988763535375247e+00
7.435000000000000000e+03 1.999988754968281546e+00
7.440000000000000000e+03 1.999988746623490687e+00
7.445000000000000000e+03 1.999988741949496385e+00
7.450000000000000000e+03 1.999988734174936944e+00
7.455000000000000000e+03 1.999988726171639364e+00
7.460000000000000000e+03 1.999988717152095363e+00
7.465000000000000000e+03 1.999988711587733503e+00
7.470000000000000000e+03 1.999988704026743669e+00
7.475000000000000000e+03 1.999988695912113146e+00
7.480000000000000000e+03 1.999988686277826000e+00
7.485000000000000000e+03 1.999988679569726369e+00
7.490000000000000000e+03 1.999988671753910152e+00
7.495000000000000000e+03 1.999988662373552772e+00
7.500000000000000000e+03 1.999988653243141234e+00
7.505000000000000000e+03 1.999988648234757971e+00
7.510000000000000000e+03 1.999988640427385889e+00
7.515000000000000000e+03 1.999988631221224056e+00
7.520000000000000000e+03 1.999988623576278046e+00
7.525000000000000000e+03 1.999988616637444760e+00
7.530000000000000000e+03 1.999988610098589081e+00
7.535000000000000000e+03 1.999988602191175469e+00
7.540000000000000000e+03 1.999988594009253440e+00
7.545000000000000000e+03 1.999988584838016781e+00
7.550000000000000000e+03 1.999988579967910240e+00
7.555000000000000000e+03 1.999988572160640299e+00
7.560000000000000000e+03 1.999988563090349780e+00
7.565000000000000000e+03 1.999988553338657882e+00
7.570000000000000000e+03 1.999988549236611624e+00
7.575000000000000000e+03 1.999988540725782027e+00
7.580000000000000000e+03 1.999988531540890291e+00
7.585000000000000000e+03 1.999988522888474840e+00
7.590000000000000000e+03 1.999988519280879951e+00
7.595000000000000000e+03 1.999988510479588255e+00
7.600000000000000000e+03 1.999988500154549209e+00
7.605000000000000000e+03 1.999988489973149930e+00
7.610000000000000000e+03 1.999988485738231958e+00
7.615000000000000000e+03 1.999988478069261388e+00
7.620000000000000000e+03 1.999988468902926364e+00
7.625000000000000000e+03 1.999988459852634959e+00
7.630000000000000000e+03 1.999988455207446503e+00
7.635000000000000000e+03 1.999988447103284717e+00
7.640000000000000000e+03 1.999988437555783261e+00
7.645000000000000000e+03 1.999988429720399141e+00
7.650000000000000000e+03 1.999988423255599113e+00
7.655000000000000000e+03 1.999988415639364359e+00
7.660000000000000000e+03 1.999988407613958907e+00
7.665000000000000000e+03 1.999988399842953957e+00
7.670000000000000000e+03 1.999988391726991166e+00
7.675000000000000000e+03 1.999988386930175110e+00
7.680000000000000000e+03 1.999988378757379115e+00
7.685000000000000000e+03 1.999988369250887965e+00
7.690000000000000000e+03 1.999988359532155036e+00
7.695000000000000000e+03 1.999988356252470068e+00
7.700000000000000000e+03 1.999988347939653632e+00
7.705000000000000000e+03 1.999988338779921770e+00
7.710000000000000000e+03 1.999988330027360872e+00
7.715000000000000000e+03 1.999988325956079338e+00
7.720000000000000000e+03 1.999988316817349343e+00
7.725000000000000000e+03 1.999988306595831933e+00
7.730000000000000000e+03 1.999988296926498155e+00
7.735000000000000000e+03 1.999988293850994969e+00
7.740000000000000000e+03 1.999988286506030555e+00
7.745000000000000000e+03 1.999988277167478845e+00
7.750000000000000000e+03 1.999988267764835959e+00
7.755000000000000000e+03 1.999988262614909917e+00
7.760000000000000000e+03 1.999988254501648299e+00
7.765000000000000000e+03 1.999988244713856833e+00
7.770000000000000000e+03 1.999988235902797173e+00
7.775000000000000000e+03 1.999988230204129636e+00
7.780000000000000000e+03 1.999988223879888949e+00
7.785000000000000000e+03 1.999988214620600502e+00
7.790000000000000000e+03 1.999988205723066237e+00
7.795000000000000000e+03 1.999988199490611462e+00
7.800000000000000000e+03 1.999988192906786422e+00
7.805000000000000000e+03 1.999988185182707268e+00
7.810000000000000000e+03 1.999988177161886593e+00
7.815000000000000000e+03 1.999988167586691512e+00
7.820000000000000000e+03 1.999988163273809461e+00
7.825000000000000000e+03 1.999988155486986940e+00
7.830000000000000000e+03 1.999988147135143057e+00
7.835000000000000000e+03 1.999988138176763686e+00
7.840000000000000000e+03 1.999988133456711115e+00
7.845000000000000000e+03 1.999988125086740176e+00
7.850000000000000000e+03 1.999988115845102943e+00
7.855000000000000000e+03 1.999988106457485371e+00
7.860000000000000000e+03 1.999988102234302456e+00
7.865000000000000000e+03 1.999988094716889320e+00
7.870000000000000000e+03 1.999988086455363412e+00
7.875000000000000000e+03 1.999988077621249083e+00
7.880000000000000000e+03 1.999988071828393110e+00
7.885000000000000000e+03 1.999988064326490456e+00
7.890000000000000000e+03 1.999988055071003856e+00
7.895000000000000000e+03 1.999988045464365705e+00
7.900000000000000000e+03 1.999988040072227635e+00
7.905000000000000000e+03 1.999988034664849312e+00
7.910000000000000000e+03 1.999988025949154924e+00
7.915000000000000000e+03 1.999988016791124590e+00
7.920000000000000000e+03 1.999988008375827242e+00
7.925000000000000000e+03 1.999988003945413206e+00
7.930000000000000000e+03 1.999987994926636148e+00
7.935000000000000000e+03 1.999987985626065390e+00
7.940000000000000000e+03 1.999987977395532246e+00
7.945000000000000000e+03 1.999987973888819548e+00
7.950000000000000000e+03 1.999987965838511572e+00
7.955000000000000000e+03 1.999987957137439931e+00
7.960000000000000000e+03 1.999987948276468419e+00
7.965000000000000000e+03 1.999987942433657295e+00
7.970000000000000000e+03 1.999987933691256714e+00
7.975000000000000000e+03 1.999987924625916902e+00
7.980000000000000000e+03 1.999987916332670590e+00
7.985000000000000000e+03 1.999987912801946432e+00
7.990000000000000000e+03 1.999987904731304500e+00
7.995000000000000000e+03 1.999987895234203839e+00
8.000000000000000000e+03 1.999987886166581408e+00
8.005000000000000000e+03 1.999987881241318544e+00
8.010000000000000000e+03 1.999987873767965052e+00
8.015000000000000000e+03 1.999987864908059798e+00
8.020000000000000000e+03 1.999987856100650108e+00
8.025000000000000000e+03 1.999987851609400957e+00
8.030000000000000000e+03 1.999987845939183329e+00
8.035000000000000000e+03 1.999987836906618188e+00
8.040000000000000000e+03 1.999987827705794308e+00
8.045000000000000000e+03 1.999987819486976459e+00
8.050000000000000000e+03 1.999987813553017801e+00
8.055000000000000000e+03 1.999987804855365425e+00
8.060000000000000000e+03 1.999987796181041499e+00
8.065000000000000000e+03 1.999987789257576365e+00
8.070000000000000000e+03 1.999987785920120054e+00
8.075000000000000000e+03 1.999987777493550833e+00
8.080000000000000000e+03 1.999987768588765258e+00
8.085000000000000000e+03 1.999987759823333544e+00
8.090000000000000000e+03 1.999987755239224008e+00
8.095000000000000000e+03 1.999987747130647975e+00
8.100000000000000000e+03 1.999987738715933716e+00
8.105000000000000000e+03 1.999987730415783815e+00
8.110000000000000000e+03 1.999987725243629555e+00
8.115000000000000000e+03 1.999987717592382364e+00
8.120000000000000000e+03 1.999987709428994842e+00
8.125000000000000000e+03 1.999987700849274574e+00
8.130000000000000000e+03 1.999987695080529537e+00
8.135000000000000000e+03 1.999987687477553955e+00
8.140000000000000000e+03 1.999987679274233043e+00
8.145000000000000000e+03 1.999987670920291505e+00
8.150000000000000000e+03 1.999987664941570209e+00
8.155000000000000000e+03 1.999987657305964506e+00
8.160000000000000000e+03 1.999987649469347373e+00
8.165000000000000000e+03 1.999987641386860471e+00
8.170000000000000000e+03 1.999987633516889574e+00
8.175000000000000000e+03 1.999987627064292450e+00
8.180000000000000000e+03 1.999987618866798433e+00
8.185000000000000000e+03 1.999987610687575801e+00
8.190000000000000000e+03 1.999987603613760712e+00
8.195000000000000000e+03 1.999987597576667886e+00
8.200000000000000000e+03 1.999987588534490657e+00
8.205000000000000000e+03 1.999987580253746788e+00
8.210000000000000000e+03 1.999987572016574289e+00
8.215000000000000000e+03 1.999987567109691611e+00
8.220000000000000000e+03 1.999987558921894726e+00
8.225000000000000000e+03 1.999987550716178175e+00
8.230000000000000000e+03 1.999987542713244970e+00
8.235000000000000000e+03 1.999987539113111668e+00
8.240000000000000000e+03 1.999987530045008066e+00
8.245000000000000000e+03 1.999987520923478979e+00
8.250000000000000000e+03 1.999987512276886426e+00
8.255000000000000000e+03 1.999987507716969759e+00
8.260000000000000000e+03 1.999987500736900348e+00
8.265000000000000000e+03 1.999987492616677853e+00
8.270000000000000000e+03 1.999987484419212036e+00
8.275000000000000000e+03 1.999987480014865593e+00
8.280000000000000000e+03 1.999987473221614520e+00
8.285000000000000000e+03 1.999987464129786785e+00
8.290000000000000000e+03 1.999987454919148977e+00
8.295000000000000000e+03 1.999987447541366148e+00
8.300000000000000000e+03 1.999987443127288600e+00
8.305000000000000000e+03 1.999987434920786900e+00
8.310000000000000000e+03 1.999987426721696826e+00
8.315000000000000000e+03 1.999987417748892327e+00
8.320000000000000000e+03 1.999987412568716927e+00
8.325000000000000000e+03 1.999987404739464347e+00
8.330000000000000000e+03 1.999987396638058135e+00
8.335000000000000000e+03 1.999987387441503062e+00
8.340000000000000000e+03 1.999987381907612827e+00
8.345000000000000000e+03 1.999987373769057664e+00
8.350000000000000000e+03 1.999987365616585855e+00
8.355000000000000000e+03 1.999987357250512243e+00
8.360000000000000000e+03 1.999987352003128827e+00
8.365000000000000000e+03 1.999987343763240499e+00
8.370000000000000000e+03 1.999987335875267336e+00
8.375000000000000000e+03 1.999987327762866807e+00
8.380000000000000000e+03 1.999987321679485452e+00
8.385000000000000000e+03 1.999987314281795214e+00
8.390000000000000000e+03 1.999987305788120340e+00
8.395000000000000000e+03 1.999987297403450048e+00
8.400000000000000000e+03 1.999987291885414020e+00
8.405000000000000000e+03 1.999987283716391229e+00
8.410000000000000000e+03 1.999987275592721714e+00
8.415000000000000000e+03 1.999987267763518650e+00
8.420000000000000000e+03 1.999987261261445992e+00
8.425000000000000000e+03 1.999987254226418765e+00
8.430000000000000000e+03 1.999987245656910995e+00
8.435000000000000000e+03 1.999987237187537792e+00
8.440000000000000000e+03 1.999987231014731082e+00
8.445000000000000000e+03 1.999987224163756849e+00
8.450000000000000000e+03 1.999987215320516931e+00
8.455000000000000000e+03 1.999987207196344263e+00
8.460000000000000000e+03 1.999987198937557276e+00
8.465000000000000000e+03 1.999987194890681108e+00
8.470000000000000000e+03 1.999987186258061378e+00
8.475000000000000000e+03 1.999987177526297621e+00
8.480000000000000000e+03 1.999987169446418411e+00
8.485000000000000000e+03 1.999987163817812608e+00
8.490000000000000000e+03 1.999987155791156379e+00
8.495000000000000000e+03 1.999987147976173496e+00
8.500000000000000000e+03 1.999987139676678405e+00
8.505000000000000000e+03 1.999987133418682284e+00
8.510000000000000000e+03 1.999987125345748851e+00
8.515000000000000000e+03 1.999987116958317213e+00
8.520000000000000000e+03 1.999987108816513537e+00
8.525000000000000000e+03 1.999987103513729547e+00
8.530000000000000000e+03 1.999987095606608145e+00
8.535000000000000000e+03 1.999987087767832517e+00
8.540000000000000000e+03 1.999987079776760268e+00
8.545000000000000000e+03 1.999987072741020722e+00
8.550000000000000000e+03 1.999987065067037495e+00
8.555000000000000000e+03 1.999987056781824535e+00
8.560000000000000000e+03 1.999987048846443294e+00
8.565000000000000000e+03 1.999987040939622540e+00
8.570000000000000000e+03 1.999987036610873625e+00
8.575000000000000000e+03 1.999987028103281661e+00
8.580000000000000000e+03 1.999987019140495148e+00
8.585000000000000000e+03 1.999987009893093193e+00
8.590000000000000000e+03 1.999987006029603664e+00
8.595000000000000000e+03 1.999986998114216874e+00
8.600000000000000000e+03 1.999986989700833551e+00
8.605000000000000000e+03 1.999986980654463453e+00
8.610000000000000000e+03 1.999986975797626743e+00
8.615000000000000000e+03 1.999986967336234933e+00
8.620000000000000000e+03 1.999986958211125376e+00
8.625000000000000000e+03 1.999986949039001649e+00
8.630000000000000000e+03 1.999986945122119053e+00
8.635000000000000000e+03 1.999986937566005540e+00
8.640000000000000000e+03 1.999986928913222162e+00
8.645000000000000000e+03 1.999986919594858303e+00
8.650000000000000000e+03 1.999986913055628479e+00
8.655000000000000000e+03 1.999986905526486725e+00
8.660000000000000000e+03 1.999986896212505361e+00
8.665000000000000000e+03 1.999986886848121870e+00
8.670000000000000000e+03 1.999986881862060972e+00
8.675000000000000000e+03 1.999986876324950202e+00
8.680000000000000000e+03 1.999986866598616908e+00
8.685000000000000000e+03 1.999986856838905425e+00
8.690000000000000000e+03 1.999986849866893568e+00
8.695000000000000000e+03 1.999986842910500995e+00
8.700000000000000000e+03 1.999986834279002146e+00
8.705000000000000000e+03 1.999986826201144430e+00
8.710000000000000000e+03 1.999986818355287355e+00
8.715000000000000000e+03 1.999986814140530589e+00
8.720000000000000000e+03 1.999986804452861922e+00
8.725000000000000000e+03 1.999986795330733313e+00
8.730000000000000000e+03 1.999986787033039892e+00
8.735000000000000000e+03 1.999986781767796096e+00
8.740000000000000000e+03 1.999986773716698085e+00
8.745000000000000000e+03 1.999986765884354201e+00
8.750000000000000000e+03 1.999986757462038245e+00
8.755000000000000000e+03 1.999986751687080622e+00
8.760000000000000000e+03 1.999986743412011103e+00
8.765000000000000000e+03 1.999986735666191784e+00
8.770000000000000000e+03 1.999986727756235316e+00
8.775000000000000000e+03 1.999986721750587115e+00
8.780000000000000000e+03 1.999986714471511551e+00
8.785000000000000000e+03 1.999986706173295881e+00
8.790000000000000000e+03 1.999986697340064179e+00
8.795000000000000000e+03 1.999986690772965314e+00
8.800000000000000000e+03 1.999986684640662205e+00
8.805000000000000000e+03 1.999986675309785689e+00
8.810000000000000000e+03 1.999986665145423004e+00
8.815000000000000000e+03 1.999986657401020995e+00
8.820000000000000000e+03 1.999986650786606868e+00
8.825000000000000000e+03 1.999986641988918956e+00
8.830000000000000000e+03 1.999986633434378103e+00
8.835000000000000000e+03 1.999986626379856913e+00
8.840000000000000000e+03 1.999986620957931338e+00
8.845000000000000000e+03 1.999986611571682893e+00
8.850000000000000000e+03 1.999986603357917225e+00
8.855000000000000000e+03 1.999986595048758975e+00
8.860000000000000000e+03 1.999986589223039291e+00
8.865000000000000000e+03 1.999986581095729354e+00
8.870000000000000000e+03 1.999986573135290158e+00
8.875000000000000000e+03 1.999986564814707268e+00
8.880000000000000000e+03 1.999986559217366455e+00
8.885000000000000000e+03 1.999986551015366487e+00
8.890000000000000000e+03 1.999986543344441925e+00
8.895000000000000000e+03 1.999986535207177951e+00
8.900000000000000000e+03 1.999986529008398684e+00
8.905000000000000000e+03 1.999986521357641989e+00
8.910000000000000000e+03 1.999986513411995404e+00
8.915000000000000000e+03 1.999986505135112447e+00
8.920000000000000000e+03 1.999986498759168452e+00
8.925000000000000000e+03 1.999986492128190019e+00
8.930000000000000000e+03 1.999986483014416949e+00
8.935000000000000000e+03 1.999986472835210138e+00
8.940000000000000000e+03 1.999986465162672866e+00
8.945000000000000000e+03 1.999986460952071665e+00
8.950000000000000000e+03 1.999986452101907064e+00
8.955000000000000000e+03 1.999986442834990941e+00
8.960000000000000000e+03 1.999986434775654187e+00
8.965000000000000000e+03 1.999986430603894583e+00
8.970000000000000000e+03 1.999986420986892943e+00
8.975000000000000000e+03 1.999986411036586809e+00
8.980000000000000000e+03 1.999986402454829282e+00
8.985000000000000000e+03 1.999986399523613345e+00
8.990000000000000000e+03 1.999986391217314807e+00
8.995000000000000000e+03 1.999986381985591866e+00
9.000000000000000000e+03 1.999986373197718770e+00
9.005000000000000000e+03 1.999986368603142051e+00
9.010000000000000000e+03 1.999986359544225101e+00
9.015000000000000000e+03 1.999986350063004847e+00
9.020000000000000000e+03 1.999986341288360059e+00
9.025000000000000000e+03 1.999986336616599969e+00
9.030000000000000000e+03 1.999986329357891446e+00
9.035000000000000000e+03 1.999986320246433413e+00
9.040000000000000000e+03 1.999986311316439336e+00
9.045000000000000000e+03 1.999986305955390620e+00
9.050000000000000000e+03 1.999986298056608325e+00
9.055000000000000000e+03 1.999986289394184658e+00
9.060000000000000000e+03 1.999986281556530354e+00
9.065000000000000000e+03 1.999986274729292468e+00
9.070000000000000000e+03 1.999986268795744593e+00
9.075000000000000000e+03 1.999986259679898515e+00
9.080000000000000000e+03 1.999986250633024820e+00
9.085000000000000000e+03 1.999986244172421879e+00
9.090000000000000000e+03 1.999986237352330720e+00
9.095000000000000000e+03 1.999986228922545850e+00
9.100000000000000000e+03 1.999986221068765113e+00
9.105000000000000000e+03 1.999986212304006195e+00
9.110000000000000000e+03 1.999986207440448194e+00
9.115000000000000000e+03 1.999986198862818476e+00
9.120000000000000000e+03 1.999986190402333497e+00
9.125000000000000000e+03 1.999986182186740846e+00
9.130000000000000000e+03 1.999986176805653049e+00
9.135000000000000000e+03 1.999986168630879968e+00
9.140000000000000000e+03 1.999986160714701366e+00
9.145000000000000000e+03 1.999986152552520435e+00
9.150000000000000000e+03 1.999986146629109340e+00
9.155000000000000000e+03 1.999986138909847666e+00
9.160000000000000000e+03 1.999986129964260284e+00
9.165000000000000000e+03 1.999986121551024620e+00
9.170000000000000000e+03 1.999986116496119459e+00
9.175000000000000000e+03 1.999986108444561816e+00
9.180000000000000000e+03 1.999986100444005599e+00
9.185000000000000000e+03 1.999986092566547136e+00
9.190000000000000000e+03 1.999986085797171409e+00
9.195000000000000000e+03 1.999986078401070122e+00
9.200000000000000000e+03 1.999986070362140156e+00
9.205000000000000000e+03 1.999986062588317903e+00
9.210000000000000000e+03 1.999986054098390253e+00
9.215000000000000000e+03 1.999986048498571867e+00
9.220000000000000000e+03 1.999986040503392681e+00
9.225000000000000000e+03 1.999986032602688590e+00
9.230000000000000000e+03 1.999986023441462812e+00
9.235000000000000000e+03 1.999986018496120455e+00
9.240000000000000000e+03 1.999986009798398801e+00
9.245000000000000000e+03 1.999986001469880925e+00
9.250000000000000000e+03 1.999985993248839744e+00
9.255000000000000000e+03 1.999985989010410359e+00
9.260000000000000000e+03 1.999985981054226647e+00
9.265000000000000000e+03 1.999985972981333848e+00
9.270000000000000000e+03 1.999985964333314659e+00
9.275000000000000000e+03 1.999985957967908456e+00
9.280000000000000000e+03 1.999985949846448730e+00
9.285000000000000000e+03 1.999985941556462476e+00
9.290000000000000000e+03 1.999985933613214195e+00
9.295000000000000000e+03 1.999985928071204011e+00
9.300000000000000000e+03 1.999985920007202100e+00
9.305000000000000000e+03 1.999985911902466329e+00
9.310000000000000000e+03 1.999985903830121980e+00
9.315000000000000000e+03 1.999985897621887609e+00
9.320000000000000000e+03 1.999985890845062064e+00
9.325000000000000000e+03 1.999985881718028269e+00
9.330000000000000000e+03 1.999985873176525430e+00
9.335000000000000000e+03 1.999985866422621994e+00
9.340000000000000000e+03 1.999985860137587723e+00
9.345000000000000000e+03 1.999985851719280339e+00
9.350000000000000000e+03 1.999985843215941195e+00
9.355000000000000000e+03 1.999985836366491965e+00
9.360000000000000000e+03 1.999985833035291538e+00
9.365000000000000000e+03 1.999985823947688868e+00
9.370000000000000000e+03 1.999985814447074350e+00
9.375000000000000000e+03 1.999985805805784445e+00
9.380000000000000000e+03 1.999985801211228598e+00
9.385000000000000000e+03 1.999985793318868055e+00
9.390000000000000000e+03 1.999985784853248516e+00
9.395000000000000000e+03 1.999985776838792750e+00
9.400000000000000000e+03 1.999985773427714442e+00
9.405000000000000000e+03 1.999985765812824834e+00
9.410000000000000000e+03 1.999985756785666258e+00
9.415000000000000000e+03 1.999985747423492111e+00
9.420000000000000000e+03 1.999985741653437454e+00
9.425000000000000000e+03 1.999985735358569272e+00
9.430000000000000000e+03 1.999985727074328423e+00
9.435000000000000000e+03 1.999985718647951272e+00
9.440000000000000000e+03 1.999985712342793764e+00
9.445000000000000000e+03 1.999985705239400113e+00
9.450000000000000000e+03 1.999985697405240348e+00
9.455000000000000000e+03 1.999985689173910064e+00
9.460000000000000000e+03 1.999985679969560781e+00
9.465000000000000000e+03 1.999985675402501162e+00
9.470000000000000000e+03 1.999985667240710807e+00
9.475000000000000000e+03 1.999985659085025347e+00
9.480000000000000000e+03 1.999985650212753763e+00
9.485000000000000000e+03 1.999985645099986886e+00
9.490000000000000000e+03 1.999985636146071277e+00
9.495000000000000000e+03 1.999985627967091784e+00
9.500000000000000000e+03 1.999985619652802082e+00
9.505000000000000000e+03 1.999985614458412053e+00
9.510000000000000000e+03 1.999985606459593779e+00
9.515000000000000000e+03 1.999985598265904052e+00
9.520000000000000000e+03 1.999985590421317738e+00
9.525000000000000000e+03 1.999985587064329495e+00
9.530000000000000000e+03 1.999985578465465208e+00
9.535000000000000000e+03 1.999985568864363961e+00
9.540000000000000000e+03 1.999985559760128595e+00
9.545000000000000000e+03 1.999985555390852099e+00
9.550000000000000000e+03 1.999985549182109690e+00
9.555000000000000000e+03 1.999985540899756886e+00
9.560000000000000000e+03 1.999985532444585212e+00
9.565000000000000000e+03 1.999985525935879860e+00
9.570000000000000000e+03 1.999985519800810740e+00
9.575000000000000000e+03 1.999985510096350616e+00
9.580000000000000000e+03 1.999985500558985718e+00
9.585000000000000000e+03 1.999985493804619097e+00
9.590000000000000000e+03 1.999985489864298804e+00
9.595000000000000000e+03 1.999985481556229461e+00
9.600000000000000000e+03 1.999985473117497081e+00
9.605000000000000000e+03 1.999985464277204139e+00
9.610000000000000000e+03 1.999985460770459689e+00
9.615000000000000000e+03 1.999985451802094527e+00
9.620000000000000000e+03 1.999985442361198240e+00
9.625000000000000000e+03 1.999985433666370938e+00
9.630000000000000000e+03 1.999985430103389472e+00
9.635000000000000000e+03 1.999985422315178951e+00
9.640000000000000000e+03 1.999985413911237853e+00
9.645000000000000000e+03 1.999985405351378809e+00
9.650000000000000000e+03 1.999985400277355385e+00
9.655000000000000000e+03 1.999985392425812414e+00
9.660000000000000000e+03 1.999985383626261548e+00
9.665000000000000000e+03 1.999985374343033362e+00
9.670000000000000000e+03 1.999985369220820930e+00
9.675000000000000000e+03 1.999985361898042324e+00
9.680000000000000000e+03 1.999985353772540497e+00
9.685000000000000000e+03 1.999985345437083950e+00
9.690000000000000000e+03 1.999985338956151937e+00
9.695000000000000000e+03 1.999985332397818283e+00
9.700000000000000000e+03 1.999985323128562698e+00
9.705000000000000000e+03 1.999985313551505772e+00
9.710000000000000000e+03 1.999985306083134518e+00
9.715000000000000000e+03 1.999985302086458638e+00
9.720000000000000000e+03 1.999985293744014125e+00
9.725000000000000000e+03 1.999985285208578212e+00
9.730000000000000000e+03 1.999985275731522849e+00
9.735000000000000000e+03 1.999985272124868763e+00
9.740000000000000000e+03 1.999985262975820133e+00
9.745000000000000000e+03 1.999985253462430501e+00
9.750000000000000000e+03 1.999985245038109261e+00
9.755000000000000000e+03 1.999985241585177764e+00
9.760000000000000000e+03 1.999985233576183408e+00
9.765000000000000000e+03 1.999985224855456378e+00
9.770000000000000000e+03 1.999985216106604291e+00
9.775000000000000000e+03 1.999985210077614317e+00
9.780000000000000000e+03 1.999985200886165382e+00
9.785000000000000000e+03 1.999985191490657011e+00
9.790000000000000000e+03 1.999985182729701050e+00
9.795000000000000000e+03 1.999985178252996487e+00
9.800000000000000000e+03 1.999985170659538403e+00
9.805000000000000000e+03 1.999985161469195916e+00
9.810000000000000000e+03 1.999985152778874786e+00
9.815000000000000000e+03 1.999985147299733867e+00
9.820000000000000000e+03 1.999985139289293112e+00
9.825000000000000000e+03 1.999985130867556693e+00
9.830000000000000000e+03 1.999985123026336797e+00
9.835000000000000000e+03 1.999985116349048297e+00
9.840000000000000000e+03 1.999985110173760239e+00
9.845000000000000000e+03 1.999985100725796716e+00
9.850000000000000000e+03 1.999985091991961728e+00
9.855000000000000000e+03 1.999985085126601447e+00
9.860000000000000000e+03 1.999985078937511096e+00
9.865000000000000000e+03 1.999985071159118943e+00
9.870000000000000000e+03 1.999985063311949807e+00
9.875000000000000000e+03 1.999985054104527871e+00
9.880000000000000000e+03 1.999985048538032384e+00
9.885000000000000000e+03 1.999985040521886415e+00
9.890000000000000000e+03 1.999985032725406953e+00
9.895000000000000000e+03 1.999985024364185460e+00
9.900000000000000000e+03 1.999985019323867519e+00
9.905000000000000000e+03 1.999985011416429481e+00
9.910000000000000000e+03 1.999985002774153253e+00
9.915000000000000000e+03 1.999984993633674657e+00
9.920000000000000000e+03 1.999984987964579908e+00
9.925000000000000000e+03 1.999984980384756028e+00
9.930000000000000000e+03 1.999984972416657625e+00
9.935000000000000000e+03 1.999984963873937538e+00
9.940000000000000000e+03 1.999984957132186159e+00
9.945000000000000000e+03 1.999984950408464135e+00
9.950000000000000000e+03 1.999984941323158738e+00
9.955000000000000000e+03 1.999984931868367122e+00
9.960000000000000000e+03 1.999984925335122732e+00
9.965000000000000000e+03 1.999984920572096092e+00
9.970000000000000000e+03 1.999984911324125259e+00
9.975000000000000000e+03 1.999984901746725940e+00
9.980000000000000000e+03 1.999984893510158956e+00
9.985000000000000000e+03 1.999984887655493759e+00
9.990000000000000000e+03 1.999984878408089584e+00
9.995000000000000000e+03 1.999984869379380248e+00
1.000000000000000000e+04 1.999984862097618166e+00
1.000500000000000000e+04 1.999984857132652616e+00
1.001000000000000000e+04 1.999984847608458294e+00
1.001500000000000000e+04 1.999984839260772418e+00
1.002000000000000000e+04 1.999984831199270063e+00
1.002500000000000000e+04 1.999984826751244560e+00
1.003000000000000000e+04 1.999984818945095499e+00
1.003500000000000000e+04 1.999984810606013186e+00
1.004000000000000000e+04 1.999984801747344498e+00
1.004500000000000000e+04 1.999984796171379475e+00
1.005000000000000000e+04 1.999984788710604589e+00
1.005500000000000000e+04 1.999984780213335700e+00
1.006000000000000000e+04 1.999984770869845940e+00
1.006500000000000000e+04 1.999984764599438636e+00
1.007000000000000000e+04 1.999984758061541745e+00
1.007500000000000000e+04 1.999984749379578819e+00
1.008000000000000000e+04 1.999984740327060972e+00
1.008500000000000000e+04 1.999984733641176460e+00
1.009000000000000000e+04 1.999984728159934111e+00
1.009500000000000000e+04 1.999984718958031094e+00
1.010000000000000000e+04 1.999984709239064795e+00
1.010500000000000000e+04 1.999984700880415023e+00
1.011000000000000000e+04 1.999984696267588458e+00
1.011500000000000000e+04 1.999984687333593358e+00
1.012000000000000000e+04 1.999984678251674142e+00
1.012500000000000000e+04 1.999984670788533148e+00
1.013000000000000000e+04 1.999984665349651136e+00
1.013500000000000000e+04 1.999984655555877566e+00
1.014000000000000000e+04 1.999984646652597009e+00
1.014500000000000000e+04 1.999984638464682440e+00
1.015000000000000000e+04 1.999984633156980385e+00
1.015500000000000000e+04 1.999984624972775515e+00
1.016000000000000000e+04 1.999984616861236297e+00
1.016500000000000000e+04 1.999984608680077658e+00
1.017000000000000000e+04 1.999984603417135798e+00
1.017500000000000000e+04 1.999984594629222956e+00
1.018000000000000000e+04 1.999984586445865409e+00
1.018500000000000000e+04 1.999984578731165641e+00
1.019000000000000000e+04 1.999984572200835142e+00
1.019500000000000000e+04 1.999984564222262673e+00
1.020000000000000000e+04 1.999984556039358541e+00
1.020500000000000000e+04 1.999984548062126555e+00
1.021000000000000000e+04 1.999984542235997642e+00
1.021500000000000000e+04 1.999984534453925322e+00
1.022000000000000000e+04 1.999984526648475702e+00
1.022500000000000000e+04 1.999984518840604908e+00
1.023000000000000000e+04 1.999984509574835867e+00
1.023500000000000000e+04 1.999984504448689915e+00
1.024000000000000000e+04 1.999984496563974146e+00
1.024500000000000000e+04 1.999984488652063019e+00
1.025000000000000000e+04 1.999984479450618524e+00
1.025500000000000000e+04 1.999984474246949917e+00
1.026000000000000000e+04 1.999984466464496347e+00
1.026500000000000000e+04 1.999984458488600181e+00
1.027000000000000000e+04 1.999984449376515983e+00
1.027500000000000000e+04 1.999984443548484370e+00
1.028000000000000000e+04 1.999984435615822065e+00
1.028500000000000000e+04 1.999984427736321013e+00
1.029000000000000000e+04 1.999984419395433255e+00
1.029500000000000000e+04 1.999984414260796539e+00
1.030000000000000000e+04 1.999984406492171463e+00
1.030500000000000000e+04 1.999984398237582894e+00
1.031000000000000000e+04 1.999984389202562829e+00
1.031500000000000000e+04 1.999984382946797368e+00
1.032000000000000000e+04 1.999984375008030169e+00
1.032500000000000000e+04 1.999984367094633342e+00
1.033000000000000000e+04 1.999984359172064741e+00
1.033500000000000000e+04 1.999984352844810909e+00
1.034000000000000000e+04 1.999984345608090353e+00
1.034500000000000000e+04 1.999984337593669670e+00
1.035000000000000000e+04 1.999984329387533455e+00
1.035500000000000000e+04 1.999984320524065495e+00
1.036000000000000000e+04 1.999984314697835774e+00
1.036500000000000000e+04 1.999984306777539134e+00
1.037000000000000000e+04 1.999984298939819549e+00
1.037500000000000000e+04 1.999984289877897670e+00
1.038000000000000000e+04 1.999984286104480313e+00
1.038500000000000000e+04 1.999984277711472025e+00
1.039000000000000000e+04 1.999984268982241797e+00
1.039500000000000000e+04 1.999984259956983479e+00
1.040000000000000000e+04 1.999984255055049287e+00
1.040500000000000000e+04 1.999984247272146298e+00
1.041000000000000000e+04 1.999984239279513520e+00
1.041500000000000000e+04 1.999984230699330290e+00
1.042000000000000000e+04 1.999984225508951274e+00
1.042500000000000000e+04 1.999984217618840265e+00
1.043000000000000000e+04 1.999984209225463827e+00
1.043500000000000000e+04 1.999984200217686858e+00
1.044000000000000000e+04 1.999984194590882058e+00
1.044500000000000000e+04 1.999984186932637131e+00
1.045000000000000000e+04 1.999984179031000231e+00
1.045500000000000000e+04 1.999984170912435522e+00
1.046000000000000000e+04 1.999984164125371722e+00
1.046500000000000000e+04 1.999984157386988981e+00
1.047000000000000000e+04 1.999984149173875680e+00
1.047500000000000000e+04 1.999984140772012697e+00
1.048000000000000000e+04 1.999984132637884660e+00
1.048500000000000000e+04 1.999984126019854758e+00
1.049000000000000000e+04 1.999984117956847829e+00
1.049500000000000000e+04 1.999984110141199922e+00
1.050000000000000000e+04 1.999984101246846890e+00
1.050500000000000000e+04 1.999984097497842672e+00
1.051000000000000000e+04 1.999984089341600102e+00
1.051500000000000000e+04 1.999984081015822701e+00
1.052000000000000000e+04 1.999984072025802639e+00
1.052500000000000000e+04 1.999984066349284051e+00
1.053000000000000000e+04 1.999984058428072808e+00
1.053500000000000000e+04 1.999984050606048225e+00
1.054000000000000000e+04 1.999984042296299558e+00
1.054500000000000000e+04 1.999984036810892540e+00
1.055000000000000000e+04 1.999984028802537894e+00
1.055500000000000000e+04 1.999984020719841382e+00
1.056000000000000000e+04 1.999984012301657454e+00
1.056500000000000000e+04 1.999984006090725464e+00
1.057000000000000000e+04 1.999983998145153929e+00
1.057500000000000000e+04 1.999983989747003754e+00
1.058000000000000000e+04 1.999983981802670563e+00
1.058500000000000000e+04 1.999983975887087650e+00
1.059000000000000000e+04 1.999983967877660085e+00
1.059500000000000000e+04 1.999983959644141995e+00
1.060000000000000000e+04 1.999983951462114273e+00
1.060500000000000000e+04 1.999983945621402359e+00
1.061000000000000000e+04 1.999983940200889654e+00
1.061500000000000000e+04 1.999983930967309753e+00
1.062000000000000000e+04 1.999983921682372490e+00
1.062500000000000000e+04 1.999983914236056703e+00
1.063000000000000000e+04 1.999983908184954418e+00
1.063500000000000000e+04 1.999983899966394585e+00
1.064000000000000000e+04 1.999983891708884354e+00
1.064500000000000000e+04 1.999983884245865484e+00
1.065000000000000000e+04 1.999983881336712566e+00
1.065500000000000000e+04 1.999983872602306256e+00
1.066000000000000000e+04 1.999983863177154708e+00
1.066500000000000000e+04 1.999983854013392071e+00
1.067000000000000000e+04 1.999983849469278097e+00
1.067500000000000000e+04 1.999983841989769529e+00
1.068000000000000000e+04 1.999983833676336697e+00
1.068500000000000000e+04 1.999983825437005702e+00
1.069000000000000000e+04 1.999983821605776368e+00
1.069500000000000000e+04 1.999983814259162607e+00
1.070000000000000000e+04 1.999983805698310579e+00
1.070500000000000000e+04 1.999983796375214506e+00
1.071000000000000000e+04 1.999983789881812468e+00
1.071500000000000000e+04 1.999983783980898711e+00
1.072000000000000000e+04 1.999983775774469175e+00
1.072500000000000000e+04 1.999983767469524221e+00
1.073000000000000000e+04 1.999983760123573040e+00
1.073500000000000000e+04 1.999983753432414080e+00
1.074000000000000000e+04 1.999983745644098754e+00
1.074500000000000000e+04 1.999983737620284696e+00
1.075000000000000000e+04 1.999983727730757055e+00
1.075500000000000000e+04 1.999983722967989985e+00
1.076000000000000000e+04 1.999983714794800971e+00
1.076500000000000000e+04 1.999983706645050541e+00
1.077000000000000000e+04 1.999983698244315544e+00
1.077500000000000000e+04 1.999983693145813479e+00
1.078000000000000000e+04 1.999983685207628037e+00
1.078500000000000000e+04 1.999983677502663593e+00
1.079000000000000000e+04 1.999983668942683313e+00
1.079500000000000000e+04 1.999983663063427564e+00
1.080000000000000000e+04 1.999983654895981067e+00
1.080500000000000000e+04 1.999983646731201326e+00
1.081000000000000000e+04 1.999983638444419176e+00
1.081500000000000000e+04 1.999983633217444545e+00
1.082000000000000000e+04 1.999983624880127708e+00
1.082500000000000000e+04 1.999983616570429223e+00
1.083000000000000000e+04 1.999983608764350329e+00
1.083500000000000000e+04 1.999983602620531542e+00
1.084000000000000000e+04 1.999983594852368540e+00
1.084500000000000000e+04 1.999983586528902846e+00
1.085000000000000000e+04 1.999983578200301260e+00
1.085500000000000000e+04 1.999983572609069338e+00
1.086000000000000000e+04 1.999983566256212209e+00
1.086500000000000000e+04 1.999983556717317201e+00
1.087000000000000000e+04 1.999983547762531622e+00
1.087500000000000000e+04 1.999983541110670338e+00
1.088000000000000000e+04 1.999983536105578441e+00
1.088500000000000000e+04 1.999983527606971290e+00
1.089000000000000000e+04 1.999983518847046504e+00
1.089500000000000000e+04 1.999983511549867199e+00
1.090000000000000000e+04 1.999983505557975549e+00
1.090500000000000000e+04 1.999983496416065432e+00
1.091000000000000000e+04 1.999983488067587079e+00
1.091500000000000000e+04 1.999983479808662201e+00
1.092000000000000000e+04 1.999983474688675766e+00
1.092500000000000000e+04 1.999983466609558835e+00
1.093000000000000000e+04 1.999983457924338071e+00
1.093500000000000000e+04 1.999983449592050322e+00
1.094000000000000000e+04 1.999983444819683598e+00
1.094500000000000000e+04 1.999983436202755316e+00
1.095000000000000000e+04 1.999983427725563256e+00
1.095500000000000000e+04 1.999983419883782920e+00
1.096000000000000000e+04 1.999983413667393517e+00
1.096500000000000000e+04 1.999983406388778473e+00
1.097000000000000000e+04 1.999983397548884101e+00
1.097500000000000000e+04 1.999983389079399432e+00
1.098000000000000000e+04 1.999983383880568955e+00
1.098500000000000000e+04 1.999983376497242338e+00
1.099000000000000000e+04 1.999983368766796055e+00
1.099500000000000000e+04 1.999983360480438455e+00
1.100000000000000000e+04 1.999983351324265524e+00
1.100500000000000000e+04 1.999983345405767832e+00
1.101000000000000000e+04 1.999983337205482714e+00
1.101500000000000000e+04 1.999983329325767833e+00
1.102000000000000000e+04 1.999983320587380042e+00
1.102500000000000000e+04 1.999983315715073262e+00
1.103000000000000000e+04 1.999983308054822162e+00
1.103500000000000000e+04 1.999983299894148026e+00
1.104000000000000000e+04 1.999983290692296078e+00
1.104500000000000000e+04 1.999983284988295917e+00
1.105000000000000000e+04 1.999983277224156586e+00
1.105500000000000000e+04 1.999983269357135107e+00
1.106000000000000000e+04 1.999983260840348942e+00
1.106500000000000000e+04 1.999983255383957825e+00
1.107000000000000000e+04 1.999983246967468542e+00
1.107500000000000000e+04 1.999983237088047927e+00
1.108000000000000000e+04 1.999983227415417231e+00
1.108500000000000000e+04 1.999983223515335862e+00
1.109000000000000000e+04 1.999983217060673280e+00
1.109500000000000000e+04 1.999983207292395759e+00
1.110000000000000000e+04 1.999983197615119002e+00
1.110500000000000000e+04 1.999983191202504784e+00
1.111000000000000000e+04 1.999983183260194197e+00
1.111500000000000000e+04 1.999983175269393287e+00
1.112000000000000000e+04 1.999983167567402020e+00
1.112500000000000000e+04 1.999983159475708705e+00
1.113000000000000000e+04 1.999983153003508818e+00
1.113500000000000000e+04 1.999983144842257810e+00
1.114000000000000000e+04 1.999983137132569366e+00
1.114500000000000000e+04 1.999983128066517457e+00
1.115000000000000000e+04 1.999983123690411313e+00
1.115500000000000000e+04 1.999983115610697748e+00
1.116000000000000000e+04 1.999983106661154197e+00
1.116500000000000000e+04 1.999983097633069917e+00
1.117000000000000000e+04 1.999983092326352851e+00
1.117500000000000000e+04 1.999983084814612733e+00
1.118000000000000000e+04 1.999983076451431696e+00
1.118500000000000000e+04 1.999983067278602755e+00
1.119000000000000000e+04 1.999983061963745090e+00
1.119500000000000000e+04 1.999983053626641416e+00
1.120000000000000000e+04 1.999983043925451565e+00
1.120500000000000000e+04 1.999983034467752496e+00
1.121000000000000000e+04 1.999983030820875030e+00
1.121500000000000000e+04 1.999983023638482349e+00
1.122000000000000000e+04 1.999983013356243067e+00
1.122500000000000000e+04 1.999983003465711562e+00
1.123000000000000000e+04 1.999982997468067181e+00
1.123500000000000000e+04 1.999982989775289877e+00
1.124000000000000000e+04 1.999982981199788012e+00
1.124500000000000000e+04 1.999982973330448388e+00
1.125000000000000000e+04 1.999982966558992992e+00
1.125500000000000000e+04 1.999982959639580615e+00
1.126000000000000000e+04 1.999982951013166144e+00
1.126500000000000000e+04 1.999982943382173639e+00
1.127000000000000000e+04 1.999982934237615417e+00
1.127500000000000000e+04 1.999982930354841759e+00
1.128000000000000000e+04 1.999982921637816435e+00
1.128500000000000000e+04 1.999982912309224314e+00
1.129000000000000000e+04 1.999982903891591279e+00
1.129500000000000000e+04 1.999982900216288328e+00
1.130000000000000000e+04 1.999982891088919468e+00
1.130500000000000000e+04 1.999982880904956684e+00
1.131000000000000000e+04 1.999982871286108965e+00
1.131500000000000000e+04 1.999982865680424160e+00
1.132000000000000000e+04 1.999982857373622247e+00
1.132500000000000000e+04 1.999982849257528450e+00
1.133000000000000000e+04 1.999982841174634096e+00
1.133500000000000000e+04 1.999982835704555706e+00
1.134000000000000000e+04 1.999982828007646596e+00
1.134500000000000000e+04 1.999982820252659055e+00
1.135000000000000000e+04 1.999982811585617748e+00
1.135500000000000000e+04 1.999982803556653144e+00
1.136000000000000000e+04 1.999982797844260363e+00
1.136500000000000000e+04 1.999982788707837855e+00
1.137000000000000000e+04 1.999982779390300003e+00
1.137500000000000000e+04 1.999982772243686480e+00
1.138000000000000000e+04 1.999982766607673268e+00
1.138500000000000000e+04 1.999982756252835614e+00
1.139000000000000000e+04 1.999982747276474404e+00
1.139500000000000000e+04 1.999982739342744953e+00
1.140000000000000000e+04 1.999982734311638310e+00
1.140500000000000000e+04 1.999982726444114345e+00
1.141000000000000000e+04 1.999982718567234974e+00
1.141500000000000000e+04 1.999982709614770204e+00
1.142000000000000000e+04 1.999982704142698964e+00
1.142500000000000000e+04 1.999982696592014664e+00
1.143000000000000000e+04 1.999982688474658765e+00
1.143500000000000000e+04 1.999982679341320457e+00
1.144000000000000000e+04 1.999982673782102260e+00
1.144500000000000000e+04 1.999982666059473058e+00
1.145000000000000000e+04 1.999982658009602066e+00
1.145500000000000000e+04 1.999982649450181560e+00
1.146000000000000000e+04 1.999982643770522595e+00
1.146500000000000000e+04 1.999982636307299444e+00
1.147000000000000000e+04 1.999982627533311907e+00
1.147500000000000000e+04 1.999982618002283496e+00
1.148000000000000000e+04 1.999982611600423121e+00
1.148500000000000000e+04 1.999982605846261086e+00
1.149000000000000000e+04 1.999982597306619425e+00
1.149500000000000000e+04 1.999982588402747785e+00
1.150000000000000000e+04 1.999982580122674047e+00
1.150500000000000000e+04 1.999982574586932405e+00
1.151000000000000000e+04 1.999982564545836672e+00
1.151500000000000000e+04 1.999982555071345258e+00
1.152000000000000000e+04 1.999982548286450834e+00
1.152500000000000000e+04 1.999982543511580113e+00
1.153000000000000000e+04 1.999982534615398322e+00
1.153500000000000000e+04 1.999982525583837489e+00
1.154000000000000000e+04 1.999982517919981273e+00
1.154500000000000000e+04 1.999982513381772353e+00
1.155000000000000000e+04 1.999982503659262223e+00
1.155500000000000000e+04 1.999982494504825459e+00
1.156000000000000000e+04 1.999982486046220309e+00
1.156500000000000000e+04 1.999982482455870958e+00
1.157000000000000000e+04 1.999982474495762386e+00
1.157500000000000000e+04 1.999982465409883670e+00
1.158000000000000000e+04 1.999982456664503694e+00
1.158500000000000000e+04 1.999982451065553501e+00
1.159000000000000000e+04 1.999982442786705228e+00
1.159500000000000000e+04 1.999982434801684361e+00
1.160000000000000000e+04 1.999982426924119538e+00
1.160500000000000000e+04 1.999982420489122115e+00
1.161000000000000000e+04 1.999982412810801025e+00
1.161500000000000000e+04 1.999982404325522545e+00
1.162000000000000000e+04 1.999982396209881053e+00
1.162500000000000000e+04 1.999982390225996998e+00
1.163000000000000000e+04 1.999982382426111593e+00
1.163500000000000000e+04 1.999982374289861475e+00
1.164000000000000000e+04 1.999982366434568837e+00
1.164500000000000000e+04 1.999982358440503427e+00
1.165000000000000000e+04 1.999982353090431264e+00
1.165500000000000000e+04 1.999982344244960908e+00
1.166000000000000000e+04 1.999982335614203688e+00
1.166500000000000000e+04 1.999982327768565771e+00
1.167000000000000000e+04 1.999982323017089669e+00
1.167500000000000000e+04 1.999982315091467067e+00
1.168000000000000000e+04 1.999982307087553979e+00
1.168500000000000000e+04 1.999982298303929262e+00
1.169000000000000000e+04 1.999982292791217642e+00
1.169500000000000000e+04 1.999982284919952891e+00
1.170000000000000000e+04 1.999982277010096787e+00
1.170500000000000000e+04 1.999982268786367756e+00
1.171000000000000000e+04 1.999982263014988826e+00
1.171500000000000000e+04 1.999982255159054034e+00
1.172000000000000000e+04 1.999982247065860141e+00
1.172500000000000000e+04 1.999982238743097218e+00
1.173000000000000000e+04 1.999982232061112475e+00
1.173500000000000000e+04 1.999982224152026200e+00
1.174000000000000000e+04 1.999982215890297566e+00
1.174500000000000000e+04 1.999982207911193521e+00
1.175000000000000000e+04 1.999982201767948276e+00
1.175500000000000000e+04 1.999982195611045732e+00
1.176000000000000000e+04 1.999982187387554733e+00
1.176500000000000000e+04 1.999982179161074569e+00
1.177000000000000000e+04 1.999982170228248757e+00
1.177500000000000000e+04 1.999982164362529513e+00
1.178000000000000000e+04 1.999982155901100622e+00
1.178500000000000000e+04 1.999982147819933553e+00
1.179000000000000000e+04 1.999982139443315265e+00
1.179500000000000000e+04 1.999982134628416786e+00
1.180000000000000000e+04 1.999982126522785508e+00
1.180500000000000000e+04 1.999982118460355007e+00
1.181000000000000000e+04 1.999982109805060748e+00
1.181500000000000000e+04 1.999982104609198785e+00
1.182000000000000000e+04 1.999982096341675009e+00
1.182500000000000000e+04 1.999982088250083168e+00
1.183000000000000000e+04 1.999982080234038229e+00
1.183500000000000000e+04 1.999982074467977045e+00
1.184000000000000000e+04 1.999982066298068961e+00
1.184500000000000000e+04 1.999982058109284200e+00
1.185000000000000000e+04 1.999982049908647586e+00
1.185500000000000000e+04 1.999982045017684618e+00
1.186000000000000000e+04 1.999982038037608767e+00
1.186500000000000000e+04 1.999982028956805769e+00
1.187000000000000000e+04 1.999982019893872254e+00
1.187500000000000000e+04 1.999982014382717388e+00
1.188000000000000000e+04 1.999982006603080009e+00
1.188500000000000000e+04 1.999981998380608639e+00
1.189000000000000000e+04 1.999981990179827696e+00
1.189500000000000000e+04 1.999981984007118463e+00
1.190000000000000000e+04 1.999981979640557350e+00
1.190500000000000000e+04 1.999981970507720419e+00
1.191000000000000000e+04 1.999981961243255002e+00
1.191500000000000000e+04 1.999981952834407162e+00
1.192000000000000000e+04 1.999981948084030625e+00
1.192500000000000000e+04 1.999981940032675265e+00
1.193000000000000000e+04 1.999981931707664140e+00
1.193500000000000000e+04 1.999981924178790837e+00
1.194000000000000000e+04 1.999981920620749642e+00
1.194500000000000000e+04 1.999981912623252089e+00
1.195000000000000000e+04 1.999981904020356138e+00
1.195500000000000000e+04 1.999981894708861896e+00
1.196000000000000000e+04 1.999981889710696681e+00
1.196500000000000000e+04 1.999981882454686888e+00
1.197000000000000000e+04 1.999981874268797366e+00
1.197500000000000000e+04 1.999981865833672323e+00
1.198000000000000000e+04 1.999981859801339468e+00
1.198500000000000000e+04 1.999981852105809255e+00
1.199000000000000000e+04 1.999981844227146643e+00
1.199500000000000000e+04 1.999981836087467935e+00
1.200000000000000000e+04 1.999981828724122668e+00
1.200500000000000000e+04 1.999981821707291774e+00
1.201000000000000000e+04 1.999981813488983740e+00
1.201500000000000000e+04 1.999981805361790377e+00
1.202000000000000000e+04 1.999981798309099057e+00
1.202500000000000000e+04 1.999981791807472709e+00
1.203000000000000000e+04 1.999981783931953583e+00
1.203500000000000000e+04 1.999981776206996464e+00
1.204000000000000000e+04 1.999981766908792702e+00
1.204500000000000000e+04 1.999981761703164329e+00
1.205000000000000000e+04 1.999981753527686701e+00
1.205500000000000000e+04 1.999981745372122033e+00
1.206000000000000000e+04 1.999981736967098245e+00
1.206500000000000000e+04 1.999981732028919046e+00
1.207000000000000000e+04 1.999981723391882626e+00
1.207500000000000000e+04 1.999981715242580727e+00
1.208000000000000000e+04 1.999981707241851536e+00
1.208500000000000000e+04 1.999981701402040679e+00
1.209000000000000000e+04 1.999981693425818774e+00
1.209500000000000000e+04 1.999981685151233535e+00
1.210000000000000000e+04 1.999981676891978255e+00
1.210500000000000000e+04 1.999981672502997077e+00
1.211000000000000000e+04 1.999981664564676187e+00
1.211500000000000000e+04 1.999981655276782400e+00
1.212000000000000000e+04 1.999981646469880747e+00
1.212500000000000000e+04 1.999981640822193540e+00
1.213000000000000000e+04 1.999981634685847443e+00
1.213500000000000000e+04 1.999981626170388216e+00
1.214000000000000000e+04 1.999981617378600030e+00
1.214500000000000000e+04 1.999981610927636044e+00
1.215000000000000000e+04 1.999981604059170026e+00
1.215500000000000000e+04 1.999981595053283767e+00
1.216000000000000000e+04 1.999981586911034892e+00
1.216500000000000000e+04 1.999981578507767255e+00
1.217000000000000000e+04 1.999981573659401102e+00
1.217500000000000000e+04 1.999981565226596647e+00
1.218000000000000000e+04 1.999981556581328368e+00
1.218500000000000000e+04 1.999981548733006154e+00
1.219000000000000000e+04 1.999981543693122532e+00
1.219500000000000000e+04 1.999981534796648086e+00
1.220000000000000000e+04 1.999981526548255450e+00
1.220500000000000000e+04 1.999981518455846929e+00
1.221000000000000000e+04 1.999981512823507668e+00
1.221500000000000000e+04 1.999981504863401760e+00
1.222000000000000000e+04 1.999981496186407526e+00
1.222500000000000000e+04 1.999981487850025275e+00
1.223000000000000000e+04 1.999981483175780950e+00
1.223500000000000000e+04 1.999981475436655165e+00
1.224000000000000000e+04 1.999981467647033107e+00
1.224500000000000000e+04 1.999981458946770818e+00
1.225000000000000000e+04 1.999981451974519375e+00
1.225500000000000000e+04 1.999981444112569617e+00
1.226000000000000000e+04 1.999981436062610030e+00
1.226500000000000000e+04 1.999981428245815485e+00
1.227000000000000000e+04 1.999981421084633837e+00
1.227500000000000000e+04 1.999981414706990313e+00
1.228000000000000000e+04 1.999981406897190617e+00
1.228500000000000000e+04 1.999981398346685202e+00
1.229000000000000000e+04 1.999981388435010610e+00
1.229500000000000000e+04 1.999981383937741386e+00
1.230000000000000000e+04 1.999981376198960215e+00
1.230500000000000000e+04 1.999981368165963058e+00
1.231000000000000000e+04 1.999981359090665434e+00
1.231500000000000000e+04 1.999981354549897672e+00
1.232000000000000000e+04 1.999981345790974530e+00
1.232500000000000000e+04 1.999981335892172307e+00
1.233000000000000000e+04 1.999981326463477593e+00
1.233500000000000000e+04 1.999981323472186823e+00
1.234000000000000000e+04 1.999981315578813534e+00
1.234500000000000000e+04 1.999981305922098329e+00
1.235000000000000000e+04 1.999981296139939468e+00
1.235500000000000000e+04 1.999981290428334058e+00
1.236000000000000000e+04 1.999981282003891581e+00
1.236500000000000000e+04 1.999981272935920096e+00
1.237000000000000000e+04 1.999981264993812680e+00
1.237500000000000000e+04 1.999981258898023473e+00
1.238000000000000000e+04 1.999981251821724815e+00
1.238500000000000000e+04 1.999981242407046000e+00
1.239000000000000000e+04 1.999981234308420674e+00
1.239500000000000000e+04 1.999981227849705778e+00
1.240000000000000000e+04 1.999981220652033320e+00
1.240500000000000000e+04 1.999981212983291678e+00
1.241000000000000000e+04 1.999981204883188646e+00
1.241500000000000000e+04 1.999981195246825161e+00
1.242000000000000000e+04 1.999981189846921970e+00
1.242500000000000000e+04 1.999981182220729403e+00
1.243000000000000000e+04 1.999981174316681320e+00
1.243500000000000000e+04 1.999981165033687835e+00
1.244000000000000000e+04 1.999981160409431524e+00
1.244500000000000000e+04 1.999981151537991941e+00
1.245000000000000000e+04 1.999981141580783994e+00
1.245500000000000000e+04 1.999981132605934464e+00
1.246000000000000000e+04 1.999981129646148492e+00
1.246500000000000000e+04 1.999981121006361384e+00
1.247000000000000000e+04 1.999981110566303677e+00
1.247500000000000000e+04 1.999981100735144013e+00
1.248000000000000000e+04 1.999981095427178834e+00
1.248500000000000000e+04 1.999981087174044880e+00
1.249000000000000000e+04 1.999981079204555146e+00
1.249500000000000000e+04 1.999981071299118396e+00
1.250000000000000000e+04 1.999981064894087446e+00
1.250500000000000000e+04 1.999981056862203843e+00
1.251000000000000000e+04 1.999981049248440002e+00
1.251500000000000000e+04 1.999981041209310861e+00
1.252000000000000000e+04 1.999981032644793100e+00
1.252500000000000000e+04 1.999981027700746594e+00
1.253000000000000000e+04 1.999981018535777144e+00
1.253500000000000000e+04 1.999981008733995536e+00
1.254000000000000000e+04 1.999981001080246568e+00
1.254500000000000000e+04 1.999980997424563922e+00
1.255000000000000000e+04 1.999980987301611446e+00
1.255500000000000000e+04 1.999980976749757611e+00
1.256000000000000000e+04 1.999980968127880399e+00
1.256500000000000000e+04 1.999980962801230833e+00
1.257000000000000000e+04 1.999980954944673650e+00
1.257500000000000000e+04 1.999980947214604843e+00
1.258000000000000000e+04 1.999980938400343966e+00
1.258500000000000000e+04 1.999980932685935686e+00
1.259000000000000000e+04 1.999980925217639705e+00
1.259500000000000000e+04 1.999980917057569973e+00
1.260000000000000000e+04 1.999980907376176953e+00
1.260500000000000000e+04 1.999980901981555537e+00
1.261000000000000000e+04 1.999980894391612196e+00
1.261500000000000000e+04 1.999980885041678480e+00
1.262000000000000000e+04 1.999980875603087238e+00
1.262500000000000000e+04 1.999980871076964650e+00
1.263000000000000000e+04 1.999980863749669657e+00
1.263500000000000000e+04 1.999980852990521418e+00
1.264000000000000000e+04 1.999980843190902302e+00
1.264500000000000000e+04 1.999980837407681511e+00
1.265000000000000000e+04 1.999980830190494441e+00
1.265500000000000000e+04 1.999980821400060504e+00
1.266000000000000000e+04 1.999980813192201001e+00
1.266500000000000000e+04 1.999980806582613901e+00
1.267000000000000000e+04 1.999980800179394835e+00
1.267500000000000000e+04 1.999980790820052867e+00
1.268000000000000000e+04 1.999980783214184044e+00
1.268500000000000000e+04 1.999980774222348989e+00
1.269000000000000000e+04 1.999980768759298977e+00
1.269500000000000000e+04 1.999980760892250409e+00
1.270000000000000000e+04 1.999980753073678619e+00
1.270500000000000000e+04 1.999980744313510694e+00
1.271000000000000000e+04 1.999980738994562524e+00
1.271500000000000000e+04 1.999980731510398568e+00
1.272000000000000000e+04 1.999980722937624522e+00
1.272500000000000000e+04 1.999980713239174923e+00
1.273000000000000000e+04 1.999980708454005773e+00
1.273500000000000000e+04 1.999980701114652426e+00
1.274000000000000000e+04 1.999980692382300917e+00
1.274500000000000000e+04 1.999980683246459501e+00
1.275000000000000000e+04 1.999980677305621679e+00
1.275500000000000000e+04 1.999980669176443460e+00
1.276000000000000000e+04 1.999980658909822573e+00
1.276500000000000000e+04 1.999980649759057982e+00
1.277000000000000000e+04 1.999980644158654508e+00
1.277500000000000000e+04 1.999980637546397988e+00
1.278000000000000000e+04 1.999980628496420776e+00
1.278500000000000000e+04 1.999980619779145874e+00
1.279000000000000000e+04 1.999980613572895027e+00
1.279500000000000000e+04 1.999980606904849578e+00
1.280000000000000000e+04 1.999980597604643640e+00
1.280500000000000000e+04 1.999980589708724832e+00
1.281000000000000000e+04 1.999980580970011745e+00
1.281500000000000000e+04 1.999980576169406499e+00
1.282000000000000000e+04 1.999980567406502985e+00
1.282500000000000000e+04 1.999980558838131417e+00
1.283000000000000000e+04 1.999980550724113959e+00
1.283500000000000000e+04 1.999980545547614286e+00
1.284000000000000000e+04 1.999980537530453795e+00
1.284500000000000000e+04 1.999980529783226713e+00
1.285000000000000000e+04 1.999980521292426872e+00
1.285500000000000000e+04 1.999980515106361656e+00
1.286000000000000000e+04 1.999980507096444260e+00
1.286500000000000000e+04 1.999980499233515507e+00
1.287000000000000000e+04 1.999980491126474247e+00
1.287500000000000000e+04 1.999980485254388762e+00
1.288000000000000000e+04 1.999980477632889775e+00
1.288500000000000000e+04 1.999980469606193134e+00
1.289000000000000000e+04 1.999980461059213344e+00
1.289500000000000000e+04 1.999980453930766400e+00
1.290000000000000000e+04 1.999980446242909604e+00
1.290500000000000000e+04 1.999980438272682903e+00
1.291000000000000000e+04 1.999980430386039121e+00
1.291500000000000000e+04 1.999980422843908423e+00
1.292000000000000000e+04 1.999980417368499186e+00
1.292500000000000000e+04 1.999980409245028845e+00
1.293000000000000000e+04 1.999980400787598533e+00
1.293500000000000000e+04 1.999980391076977781e+00
1.294000000000000000e+04 1.999980386410142197e+00
1.294500000000000000e+04 1.999980378642126633e+00
1.295000000000000000e+04 1.999980370686341047e+00
1.295500000000000000e+04 1.999980361927302219e+00
1.296000000000000000e+04 1.999980356722542929e+00
1.296500000000000000e+04 1.999980348815338038e+00
1.297000000000000000e+04 1.999980340603394025e+00
1.297500000000000000e+04 1.999980331813888901e+00
1.298000000000000000e+04 1.999980325618196497e+00
1.298500000000000000e+04 1.999980317593745616e+00
1.299000000000000000e+04 1.999980309689177060e+00
1.299500000000000000e+04 1.999980301612505285e+00
1.300000000000000000e+04 1.999980296539842994e+00
1.300500000000000000e+04 1.999980289047311954e+00
1.301000000000000000e+04 1.999980280507366093e+00
1.301500000000000000e+04 1.999980271730173120e+00
1.302000000000000000e+04 1.999980265355625786e+00
1.302500000000000000e+04 1.999980258109778752e+00
1.303000000000000000e+04 1.999980250237441970e+00
1.303500000000000000e+04 1.999980242186740309e+00
1.304000000000000000e+04 1.999980233906293314e+00
1.304500000000000000e+04 1.999980228771537138e+00
1.305000000000000000e+04 1.999980220528576158e+00
1.305500000000000000e+04 1.999980212244039546e+00
1.306000000000000000e+04 1.999980202824144238e+00
1.306500000000000000e+04 1.999980197602777343e+00
1.307000000000000000e+04 1.999980189646010764e+00
1.307500000000000000e+04 1.999980181749825725e+00
1.308000000000000000e+04 1.999980173174192410e+00
1.308500000000000000e+04 1.999980167971497025e+00
1.309000000000000000e+04 1.999980159934195978e+00
1.309500000000000000e+04 1.999980151841633802e+00
1.310000000000000000e+04 1.999980143199691973e+00
1.310500000000000000e+04 1.999980137972604322e+00
1.311000000000000000e+04 1.999980129487779257e+00
1.311500000000000000e+04 1.999980120866450051e+00
1.312000000000000000e+04 1.999980112629087259e+00
1.312500000000000000e+04 1.999980108094266296e+00
1.313000000000000000e+04 1.999980100138264438e+00
1.313500000000000000e+04 1.999980091982938690e+00
1.314000000000000000e+04 1.999980083748644777e+00
1.314500000000000000e+04 1.999980077499189601e+00
1.315000000000000000e+04 1.999980070634733265e+00
1.315500000000000000e+04 1.999980061507988571e+00
1.316000000000000000e+04 1.999980052740855552e+00
1.316500000000000000e+04 1.999980046879862083e+00
1.317000000000000000e+04 1.999980039753349592e+00
1.317500000000000000e+04 1.999980031433554961e+00
1.318000000000000000e+04 1.999980023108707705e+00
1.318500000000000000e+04 1.999980016702669339e+00
1.319000000000000000e+04 1.999980012815984365e+00
1.319500000000000000e+04 1.999980003539507223e+00
1.320000000000000000e+04 1.999979994406758665e+00
1.320500000000000000e+04 1.999979985939191129e+00
1.321000000000000000e+04 1.999979981778942539e+00
1.321500000000000000e+04 1.999979973806103262e+00
1.322000000000000000e+04 1.999979965552176386e+00
1.322500000000000000e+04 1.999979957620336091e+00
1.323000000000000000e+04 1.999979953474636973e+00
1.323500000000000000e+04 1.999979945100166745e+00
1.324000000000000000e+04 1.999979936010641834e+00
1.324500000000000000e+04 1.999979926668298713e+00
1.325000000000000000e+04 1.999979921695678620e+00
1.325500000000000000e+04 1.999979914931333536e+00
1.326000000000000000e+04 1.999979906743059477e+00
1.326500000000000000e+04 1.999979898390453981e+00
1.327000000000000000e+04 1.999979892906281087e+00
1.327500000000000000e+04 1.999979886110519356e+00
1.328000000000000000e+04 1.999979877688441210e+00
1.328500000000000000e+04 1.999979868903954960e+00
1.329000000000000000e+04 1.999979860428130474e+00
1.329500000000000000e+04 1.999979855958824215e+00
1.330000000000000000e+04 1.999979847755620321e+00
1.330500000000000000e+04 1.999979839595585895e+00
1.331000000000000000e+04 1.999979830618406451e+00
1.331500000000000000e+04 1.999979825124737598e+00
1.332000000000000000e+04 1.999979817309683217e+00
1.332500000000000000e+04 1.999979809456291502e+00
1.333000000000000000e+04 1.999979800391450402e+00
1.333500000000000000e+04 1.999979795115258474e+00
1.334000000000000000e+04 1.999979786972190698e+00
1.334500000000000000e+04 1.999979778819168441e+00
1.335000000000000000e+04 1.999979770323283557e+00
1.335500000000000000e+04 1.999979765166450152e+00
1.336000000000000000e+04 1.999979756452477275e+00
1.336500000000000000e+04 1.999979748190136464e+00
1.337000000000000000e+04 1.999979740252387783e+00
1.337500000000000000e+04 1.999979734342597792e+00
1.338000000000000000e+04 1.999979726820553250e+00
1.338500000000000000e+04 1.999979718466653900e+00
1.339000000000000000e+04 1.999979710053288118e+00
1.339500000000000000e+04 1.999979704752905985e+00
1.340000000000000000e+04 1.999979696669115459e+00
1.340500000000000000e+04 1.999979688422503399e+00
1.341000000000000000e+04 1.999979680691789996e+00
1.341500000000000000e+04 1.999979673871892016e+00
1.342000000000000000e+04 1.999979666618095786e+00
1.342500000000000000e+04 1.999979658240570224e+00
1.343000000000000000e+04 1.999979649887109856e+00
1.343500000000000000e+04 1.999979643602236790e+00
1.344000000000000000e+04 1.999979636797447169e+00
1.344500000000000000e+04 1.999979628156072664e+00
1.345000000000000000e+04 1.999979620255646351e+00
1.345500000000000000e+04 1.999979611584268957e+00
1.346000000000000000e+04 1.999979606580835956e+00
1.346500000000000000e+04 1.999979598237511036e+00
1.347000000000000000e+04 1.999979589733450247e+00
1.347500000000000000e+04 1.999979581579784504e+00
1.348000000000000000e+04 1.999979576380791935e+00
1.348500000000000000e+04 1.999979568008271924e+00
1.349000000000000000e+04 1.999979560162535419e+00
1.349500000000000000e+04 1.999979552112602477e+00
1.350000000000000000e+04 1.999979545776371603e+00
1.350500000000000000e+04 1.999979538072114149e+00
1.351000000000000000e+04 1.999979529313611559e+00
1.351500000000000000e+04 1.999979520790625021e+00
1.352000000000000000e+04 1.999979515639129568e+00
1.352500000000000000e+04 1.999979507593502959e+00
1.353000000000000000e+04 1.999979499772412517e+00
1.353500000000000000e+04 1.999979492002377457e+00
1.354000000000000000e+04 1.999979484763116933e+00
1.354500000000000000e+04 1.999979477225160673e+00
1.355000000000000000e+04 1.999979469092522999e+00
1.355500000000000000e+04 1.999979461279897563e+00
1.356000000000000000e+04 1.999979453064522072e+00
1.356500000000000000e+04 1.999979448175231544e+00
1.357000000000000000e+04 1.999979440165995825e+00
1.357500000000000000e+04 1.999979431473876579e+00
1.358000000000000000e+04 1.999979422136613616e+00
1.358500000000000000e+04 1.999979417105110402e+00
1.359000000000000000e+04 1.999979409359953220e+00
1.359500000000000000e+04 1.999979401322790951e+00
1.360000000000000000e+04 1.999979392343857798e+00
1.360500000000000000e+04 1.999979387462724301e+00
1.361000000000000000e+04 1.999979379011809888e+00
1.361500000000000000e+04 1.999979369523500861e+00
1.362000000000000000e+04 1.999979359741582252e+00
1.362500000000000000e+04 1.999979356405984010e+00
1.363000000000000000e+04 1.999979348961967052e+00
1.363500000000000000e+04 1.999979339813531487e+00
1.364000000000000000e+04 1.999979329875699596e+00
1.364500000000000000e+04 1.999979323427490963e+00
1.365000000000000000e+04 1.999979315513782829e+00
1.365500000000000000e+04 1.999979306201426388e+00
1.366000000000000000e+04 1.999979297736997008e+00
1.366500000000000000e+04 1.999979291957119543e+00
1.367000000000000000e+04 1.999979285430438791e+00
1.367500000000000000e+04 1.999979275876776041e+00
1.368000000000000000e+04 1.999979267351509771e+00
1.368500000000000000e+04 1.999979259759570471e+00
1.369000000000000000e+04 1.999979255310653903e+00
1.369500000000000000e+04 1.999979246957005685e+00
1.370000000000000000e+04 1.999979237628726203e+00
1.370500000000000000e+04 1.999979228403293341e+00
1.371000000000000000e+04 1.999979224907153963e+00
1.371500000000000000e+04 1.999979216619962363e+00
1.372000000000000000e+04 1.999979207053760311e+00
1.372500000000000000e+04 1.999979197161907640e+00
1.373000000000000000e+04 1.999979190780618143e+00
1.373500000000000000e+04 1.999979182108278852e+00
1.374000000000000000e+04 1.999979174021796480e+00
1.374500000000000000e+04 1.999979165815612081e+00
1.375000000000000000e+04 1.999979160300730641e+00
1.375500000000000000e+04 1.999979151761247076e+00
1.376000000000000000e+04 1.999979143930033398e+00
1.376500000000000000e+04 1.999979136087852494e+00
1.377000000000000000e+04 1.999979129542930112e+00
1.377500000000000000e+04 1.999979122391433162e+00
1.378000000000000000e+04 1.999979112945247994e+00
1.378500000000000000e+04 1.999979103011233716e+00
1.379000000000000000e+04 1.999979097762967006e+00
1.379500000000000000e+04 1.999979092069072761e+00
1.380000000000000000e+04 1.999979081763157529e+00
1.380500000000000000e+04 1.999979071376014828e+00
1.381000000000000000e+04 1.999979064865256007e+00
1.381500000000000000e+04 1.999979057838538798e+00
1.382000000000000000e+04 1.999979049661976704e+00
1.382500000000000000e+04 1.999979041958516834e+00
1.383000000000000000e+04 1.999979033056313416e+00
1.383500000000000000e+04 1.999979028179814433e+00
1.384000000000000000e+04 1.999979020662968621e+00
1.384500000000000000e+04 1.999979012136186007e+00
1.385000000000000000e+04 1.999979002175606091e+00
1.385500000000000000e+04 1.999978997612346099e+00
1.386000000000000000e+04 1.999978989011031105e+00
1.386500000000000000e+04 1.999978979479895891e+00
1.387000000000000000e+04 1.999978970602048323e+00
1.387500000000000000e+04 1.999978967199484314e+00
1.388000000000000000e+04 1.999978958122046624e+00
1.388500000000000000e+04 1.999978947631995130e+00
1.389000000000000000e+04 1.999978938484090030e+00
1.389500000000000000e+04 1.999978933010815529e+00
1.390000000000000000e+04 1.999978924994056495e+00
1.390500000000000000e+04 1.999978916780296823e+00
1.391000000000000000e+04 1.999978908877630301e+00
1.391500000000000000e+04 1.999978902600651365e+00
1.392000000000000000e+04 1.999978894722970413e+00
1.392500000000000000e+04 1.999978886317589133e+00
1.393000000000000000e+04 1.999978878813001071e+00
1.393500000000000000e+04 1.999978870232403061e+00
1.394000000000000000e+04 1.999978864296297898e+00
1.394500000000000000e+04 1.999978856455299381e+00
1.395000000000000000e+04 1.999978848495115091e+00
1.395500000000000000e+04 1.999978839000761788e+00
1.396000000000000000e+04 1.999978834587526899e+00
1.396500000000000000e+04 1.999978826741645621e+00
1.397000000000000000e+04 1.999978817434434397e+00
1.397500000000000000e+04 1.999978807661098923e+00
1.398000000000000000e+04 1.999978803827206608e+00
1.398500000000000000e+04 1.999978795608623239e+00
1.399000000000000000e+04 1.999978786465772762e+00
1.399500000000000000e+04 1.999978777534350272e+00
1.400000000000000000e+04 1.999978772452366105e+00
1.400500000000000000e+04 1.999978762926522657e+00
1.401000000000000000e+04 1.999978753263656150e+00
1.401500000000000000e+04 1.999978745205584163e+00
1.402000000000000000e+04 1.999978739444505882e+00
1.402500000000000000e+04 1.999978731523611497e+00
1.403000000000000000e+04 1.999978723162525007e+00
1.403500000000000000e+04 1.999978715179566935e+00
1.404000000000000000e+04 1.999978709354452100e+00
1.404500000000000000e+04 1.999978701386316171e+00
1.405000000000000000e+04 1.999978693755622539e+00
1.405500000000000000e+04 1.999978685616800700e+00
1.406000000000000000e+04 1.999978677254166115e+00
1.406500000000000000e+04 1.999978670777698309e+00
1.407000000000000000e+04 1.999978662966141796e+00
1.407500000000000000e+04 1.999978655095278501e+00
1.408000000000000000e+04 1.999978645935935884e+00
1.408500000000000000e+04 1.999978641395450119e+00
1.409000000000000000e+04 1.999978633435514297e+00
1.409500000000000000e+04 1.999978624466836719e+00
1.410000000000000000e+04 1.999978615166625007e+00
1.410500000000000000e+04 1.999978610826221415e+00
1.411000000000000000e+04 1.999978603046235204e+00
1.411500000000000000e+04 1.999978594588097014e+00
1.412000000000000000e+04 1.999978585681472687e+00
1.412500000000000000e+04 1.999978580330927125e+00
1.413000000000000000e+04 1.999978571180140108e+00
1.413500000000000000e+04 1.999978561271104960e+00
1.414000000000000000e+04 1.999978552031817403e+00
1.414500000000000000e+04 1.999978548389117039e+00
1.415000000000000000e+04 1.999978541365749596e+00
1.415500000000000000e+04 1.999978531896124512e+00
1.416000000000000000e+04 1.999978522678094617e+00
1.416500000000000000e+04 1.999978517435741399e+00
1.417000000000000000e+04 1.999978509946900962e+00
1.417500000000000000e+04 1.999978500332759923e+00
1.418000000000000000e+04 1.999978491246755530e+00
1.418500000000000000e+04 1.999978485556096031e+00
1.419000000000000000e+04 1.999978481011803977e+00
1.419500000000000000e+04 1.999978471604278774e+00
1.420000000000000000e+04 1.999978462242467447e+00
1.420500000000000000e+04 1.999978455335378769e+00
1.421000000000000000e+04 1.999978448805815878e+00
1.421500000000000000e+04 1.999978439603601332e+00
1.422000000000000000e+04 1.999978430978355037e+00
1.422500000000000000e+04 1.999978423143018880e+00
1.423000000000000000e+04 1.999978420527846579e+00
1.423500000000000000e+04 1.999978411705232162e+00
1.424000000000000000e+04 1.999978402310716330e+00
1.424500000000000000e+04 1.999978393798664822e+00
1.425000000000000000e+04 1.999978388904363413e+00
1.425500000000000000e+04 1.999978380042231718e+00
1.426000000000000000e+04 1.999978370946934980e+00
1.426500000000000000e+04 1.999978362420766098e+00
1.427000000000000000e+04 1.999978359314654730e+00
1.427500000000000000e+04 1.999978351974040613e+00
1.428000000000000000e+04 1.999978342515029484e+00
1.428500000000000000e+04 1.999978333381489115e+00
1.429000000000000000e+04 1.999978327077477358e+00
1.429500000000000000e+04 1.999978319157898810e+00
1.430000000000000000e+04 1.999978310616759902e+00
1.430500000000000000e+04 1.999978302413283338e+00
1.431000000000000000e+04 1.999978296664887578e+00
1.431500000000000000e+04 1.999978291728037982e+00
1.432000000000000000e+04 1.999978282182556466e+00
1.432500000000000000e+04 1.999978272965949655e+00
1.433000000000000000e+04 1.999978266115066683e+00
1.433500000000000000e+04 1.999978259795804902e+00
1.434000000000000000e+04 1.999978250971705229e+00
1.434500000000000000e+04 1.999978242286984953e+00
1.435000000000000000e+04 1.999978235259215031e+00
1.435500000000000000e+04 1.999978232188699412e+00
1.436000000000000000e+04 1.999978223107694797e+00
1.436500000000000000e+04 1.999978213804241900e+00
1.437000000000000000e+04 1.999978205268521325e+00
1.437500000000000000e+04 1.999978200960491392e+00
1.438000000000000000e+04 1.999978192687465128e+00
1.438500000000000000e+04 1.999978183990580360e+00
1.439000000000000000e+04 1.999978175733053476e+00
1.439500000000000000e+04 1.999978172158063172e+00
1.440000000000000000e+04 1.999978164669740544e+00
1.440500000000000000e+04 1.999978155790007595e+00
1.441000000000000000e+04 1.999978146794397782e+00
1.441500000000000000e+04 1.999978140514962366e+00
1.442000000000000000e+04 1.999978133939761982e+00
1.442500000000000000e+04 1.999978125435579956e+00
1.443000000000000000e+04 1.999978116871886424e+00
1.443500000000000000e+04 1.999978110711684520e+00
1.444000000000000000e+04 1.999978104239420462e+00
1.444500000000000000e+04 1.999978096216553869e+00
1.445000000000000000e+04 1.999978087882767763e+00
1.445500000000000000e+04 1.999978078432683493e+00
1.446000000000000000e+04 1.999978074567934083e+00
1.446500000000000000e+04 1.999978066350856176e+00
1.447000000000000000e+04 1.999978058113155877e+00
1.447500000000000000e+04 1.999978048928504615e+00
1.448000000000000000e+04 1.999978043271636974e+00
1.448500000000000000e+04 1.999978035015811839e+00
1.449000000000000000e+04 1.999978027127039981e+00
1.449500000000000000e+04 1.999978018735961038e+00
1.450000000000000000e+04 1.999978013346321859e+00
1.450500000000000000e+04 1.999978005184668728e+00
1.451000000000000000e+04 1.999977996995424778e+00
1.451500000000000000e+04 1.999977988671762796e+00
1.452000000000000000e+04 1.999977984486004612e+00
1.452500000000000000e+04 1.999977975769073657e+00
1.453000000000000000e+04 1.999977966749741043e+00
1.453500000000000000e+04 1.999977958257462829e+00
1.454000000000000000e+04 1.999977953037404665e+00
1.454500000000000000e+04 1.999977945986859851e+00
1.455000000000000000e+04 1.999977937757277724e+00
1.455500000000000000e+04 1.999977929471731031e+00
1.456000000000000000e+04 1.999977923726326434e+00
1.456500000000000000e+04 1.999977917172186981e+00
1.457000000000000000e+04 1.999977907679134415e+00
1.457500000000000000e+04 1.999977898711100321e+00
1.458000000000000000e+04 1.999977892310046412e+00
1.458500000000000000e+04 1.999977887101757279e+00
1.459000000000000000e+04 1.999977878847273294e+00
1.459500000000000000e+04 1.999977870537958724e+00
1.460000000000000000e+04 1.999977862891073599e+00
1.460500000000000000e+04 1.999977859242519695e+00
1.461000000000000000e+04 1.999977849853593170e+00
1.461500000000000000e+04 1.999977840517711547e+00
1.462000000000000000e+04 1.999977831818450014e+00
1.462500000000000000e+04 1.999977828228292287e+00
1.463000000000000000e+04 1.999977820499730274e+00
1.463500000000000000e+04 1.999977812167131663e+00
1.464000000000000000e+04 1.999977803853176139e+00
1.464500000000000000e+04 1.999977799408707346e+00
1.465000000000000000e+04 1.999977791317178788e+00
1.465500000000000000e+04 1.999977782322467368e+00
1.466000000000000000e+04 1.999977772920926933e+00
1.466500000000000000e+04 1.999977767956998775e+00
1.467000000000000000e+04 1.999977761291072964e+00
1.467500000000000000e+04 1.999977753027291971e+00
1.468000000000000000e+04 1.999977744599540586e+00
1.468500000000000000e+04 1.999977738112966863e+00
1.469000000000000000e+04 1.999977731393365987e+00
1.469500000000000000e+04 1.999977722912763323e+00
1.470000000000000000e+04 1.999977713985809258e+00
1.470500000000000000e+04 1.999977705382905757e+00
1.471000000000000000e+04 1.999977700284269355e+00
1.471500000000000000e+04 1.999977692260628936e+00
1.472000000000000000e+04 1.999977684202860040e+00
1.472500000000000000e+04 1.999977675055136350e+00
1.473000000000000000e+04 1.999977671404967516e+00
1.473500000000000000e+04 1.999977662743180007e+00
1.474000000000000000e+04 1.999977653652909249e+00
1.474500000000000000e+04 1.999977644604224336e+00
1.475000000000000000e+04 1.999977640750003172e+00
1.475500000000000000e+04 1.999977632905218128e+00
1.476000000000000000e+04 1.999977624530146159e+00
1.476500000000000000e+04 1.999977615823506527e+00
1.477000000000000000e+04 1.999977610759785529e+00
1.477500000000000000e+04 1.999977602679295252e+00
1.478000000000000000e+04 1.999977593794880271e+00
1.478500000000000000e+04 1.999977584228886718e+00
1.479000000000000000e+04 1.999977579487835833e+00
1.479500000000000000e+04 1.999977572281330884e+00
1.480000000000000000e+04 1.999977564077363601e+00
1.480500000000000000e+04 1.999977555570782384e+00
1.481000000000000000e+04 1.999977548136014693e+00
1.481500000000000000e+04 1.999977541151815696e+00
1.482000000000000000e+04 1.999977531591102364e+00
1.482500000000000000e+04 1.999977521958316240e+00
1.483000000000000000e+04 1.999977515782794146e+00
1.483500000000000000e+04 1.999977511565100174e+00
1.484000000000000000e+04 1.999977502392916717e+00
1.484500000000000000e+04 1.999977493125400851e+00
1.485000000000000000e+04 1.999977484987325971e+00
1.485500000000000000e+04 1.999977479421797932e+00
1.486000000000000000e+04 1.999977470025603221e+00
1.486500000000000000e+04 1.999977461039326165e+00
1.487000000000000000e+04 1.999977453007483419e+00
1.487500000000000000e+04 1.999977450219560415e+00
1.488000000000000000e+04 1.999977441340874851e+00
1.488500000000000000e+04 1.999977431929044425e+00
1.489000000000000000e+04 1.999977422897279755e+00
1.489500000000000000e+04 1.999977417425555792e+00
1.490000000000000000e+04 1.999977408838873982e+00
1.490500000000000000e+04 1.999977400756133727e+00
1.491000000000000000e+04 1.999977392769249240e+00
1.491500000000000000e+04 1.999977386887903164e+00
1.492000000000000000e+04 1.999977378819011831e+00
1.492500000000000000e+04 1.999977370210118011e+00
1.493000000000000000e+04 1.999977362323472452e+00
1.493500000000000000e+04 1.999977356858595012e+00
1.494000000000000000e+04 1.999977350036822976e+00
1.494500000000000000e+04 1.999977341282837218e+00
1.495000000000000000e+04 1.999977331712073925e+00
1.495500000000000000e+04 1.999977324472660634e+00
1.496000000000000000e+04 1.999977319812258347e+00
1.496500000000000000e+04 1.999977311175640704e+00
1.497000000000000000e+04 1.999977301833705923e+00
1.497500000000000000e+04 1.999977292446650790e+00
1.498000000000000000e+04 1.999977287102789880e+00
1.498500000000000000e+04 1.999977277753715921e+00
1.499000000000000000e+04 1.999977268458698276e+00
1.499500000000000000e+04 1.999977260826253156e+00
1.500000000000000000e+04 1.999977257722552082e+00
1.500500000000000000e+04 1.999977248195010215e+00
1.501000000000000000e+04 1.999977238406877245e+00
1.501500000000000000e+04 1.999977229331676432e+00
1.502000000000000000e+04 1.999977224194276593e+00
1.502500000000000000e+04 1.999977215767809291e+00
1.503000000000000000e+04 1.999977207676524760e+00
1.503500000000000000e+04 1.999977199583389487e+00
1.504000000000000000e+04 1.999977194043029760e+00
1.504500000000000000e+04 1.999977185572335614e+00
1.505000000000000000e+04 1.999977177175466192e+00
1.505500000000000000e+04 1.999977169584335579e+00
1.506000000000000000e+04 1.999977163469393693e+00
1.506500000000000000e+04 1.999977156371988363e+00
1.507000000000000000e+04 1.999977148200877686e+00
1.507500000000000000e+04 1.999977139381649893e+00
1.508000000000000000e+04 1.999977132056780516e+00
1.508500000000000000e+04 1.999977126219837142e+00
1.509000000000000000e+04 1.999977117934307325e+00
1.509500000000000000e+04 1.999977108535814452e+00
1.510000000000000000e+04 1.999977099294550698e+00
1.510500000000000000e+04 1.999977094439952419e+00
1.511000000000000000e+04 1.999977085299645019e+00
1.511500000000000000e+04 1.999977075890055245e+00
1.512000000000000000e+04 1.999977068423307802e+00
1.512500000000000000e+04 1.999977064520521264e+00
1.513000000000000000e+04 1.999977054673403698e+00
1.513500000000000000e+04 1.999977044758434186e+00
1.514000000000000000e+04 1.999977036019249477e+00
1.514500000000000000e+04 1.999977030796824540e+00
1.515000000000000000e+04 1.999977022491796097e+00
1.515500000000000000e+04 1.999977014302991352e+00
1.516000000000000000e+04 1.999977006162917403e+00
1.516500000000000000e+04 1.999977000988751419e+00
1.517000000000000000e+04 1.999976992258920339e+00
1.517500000000000000e+04 1.999976983886125437e+00
1.518000000000000000e+04 1.999976976315140265e+00
1.518500000000000000e+04 1.999976969852182540e+00
1.519000000000000000e+04 1.999976962109808687e+00
1.519500000000000000e+04 1.999976954221661440e+00
1.520000000000000000e+04 1.999976946222346452e+00
1.520500000000000000e+04 1.999976939358889538e+00
1.521000000000000000e+04 1.999976932357711901e+00
1.521500000000000000e+04 1.999976924541696510e+00
1.522000000000000000e+04 1.999976915762065932e+00
1.522500000000000000e+04 1.999976905971552421e+00
1.523000000000000000e+04 1.999976902366976006e+00
1.523500000000000000e+04 1.999976893989221516e+00
1.524000000000000000e+04 1.999976885143367467e+00
1.524500000000000000e+04 1.999976876470085374e+00
1.525000000000000000e+04 1.999976872341020062e+00
1.525500000000000000e+04 1.999976863274500305e+00
1.526000000000000000e+04 1.999976853188518700e+00
1.526500000000000000e+04 1.999976843502687007e+00
1.527000000000000000e+04 1.999976840301309178e+00
1.527500000000000000e+04 1.999976832319912301e+00
1.528000000000000000e+04 1.999976823175714458e+00
1.528500000000000000e+04 1.999976814117538915e+00
1.529000000000000000e+04 1.999976810013300188e+00
1.529500000000000000e+04 1.999976801313372521e+00
1.530000000000000000e+04 1.999976791372918283e+00
1.530500000000000000e+04 1.999976781864424735e+00
1.531000000000000000e+04 1.999976776920084021e+00
1.531500000000000000e+04 1.999976770260967207e+00
1.532000000000000000e+04 1.999976761141276649e+00
1.532500000000000000e+04 1.999976752046225936e+00
1.533000000000000000e+04 1.999976746643179704e+00
1.533500000000000000e+04 1.999976738705477208e+00
1.534000000000000000e+04 1.999976730755209209e+00
1.534500000000000000e+04 1.999976723116423827e+00
1.535000000000000000e+04 1.999976714211804785e+00
1.535500000000000000e+04 1.999976708433241601e+00
1.536000000000000000e+04 1.999976700508478533e+00
1.536500000000000000e+04 1.999976692718392401e+00
1.537000000000000000e+04 1.999976683644846043e+00
1.537500000000000000e+04 1.999976678395952945e+00
1.538000000000000000e+04 1.999976670621025798e+00
1.538500000000000000e+04 1.999976662740148070e+00
1.539000000000000000e+04 1.999976653556597928e+00
1.539500000000000000e+04 1.999976647561194643e+00
1.540000000000000000e+04 1.999976639575936410e+00
1.540500000000000000e+04 1.999976631765729485e+00
1.541000000000000000e+04 1.999976623458179947e+00
1.541500000000000000e+04 1.999976618369052606e+00
1.542000000000000000e+04 1.999976610610936456e+00
1.542500000000000000e+04 1.999976602357770972e+00
1.543000000000000000e+04 1.999976593156318483e+00
1.543500000000000000e+04 1.999976587436401498e+00
1.544000000000000000e+04 1.999976579983593794e+00
1.544500000000000000e+04 1.999976572074831482e+00
1.545000000000000000e+04 1.999976563717491995e+00
1.545500000000000000e+04 1.999976556849232479e+00
1.546000000000000000e+04 1.999976550107821938e+00
1.546500000000000000e+04 1.999976541864512569e+00
1.547000000000000000e+04 1.999976533031237347e+00
1.547500000000000000e+04 1.999976524428278113e+00
1.548000000000000000e+04 1.999976518970296491e+00
1.548500000000000000e+04 1.999976511186558614e+00
1.549000000000000000e+04 1.999976503232161029e+00
1.549500000000000000e+04 1.999976493915353926e+00
1.550000000000000000e+04 1.999976489816161607e+00
1.550500000000000000e+04 1.999976481144124962e+00
1.551000000000000000e+04 1.999976471901493413e+00
1.551500000000000000e+04 1.999976463374235403e+00
1.552000000000000000e+04 1.999976459613298729e+00
1.552500000000000000e+04 1.999976451502585073e+00
1.553000000000000000e+04 1.999976442322557668e+00
1.553500000000000000e+04 1.999976433243627616e+00
1.554000000000000000e+04 1.999976428544936624e+00
1.554500000000000000e+04 1.999976420486259787e+00
1.555000000000000000e+04 1.999976411388314945e+00
1.555500000000000000e+04 1.999976402266551379e+00
1.556000000000000000e+04 1.999976398490791230e+00
1.556500000000000000e+04 1.999976391611462789e+00
1.557000000000000000e+04 1.999976383006704106e+00
1.557500000000000000e+04 1.999976373908997962e+00
1.558000000000000000e+04 1.999976365980024928e+00
1.558500000000000000e+04 1.999976359615688759e+00
1.559000000000000000e+04 1.999976350674495640e+00
1.559500000000000000e+04 1.999976341581568562e+00
1.560000000000000000e+04 1.999976335309687547e+00
1.560500000000000000e+04 1.999976331492590242e+00
1.561000000000000000e+04 1.999976322515111482e+00
1.561500000000000000e+04 1.999976313174294917e+00
1.562000000000000000e+04 1.999976304440549191e+00
1.562500000000000000e+04 1.999976300389183503e+00
1.563000000000000000e+04 1.999976291814695717e+00
1.563500000000000000e+04 1.999976282932195204e+00
1.564000000000000000e+04 1.999976275116706947e+00
1.564500000000000000e+04 1.999976271270343053e+00
1.565000000000000000e+04 1.999976263298730794e+00
1.565500000000000000e+04 1.999976254483924132e+00
1.566000000000000000e+04 1.999976245447257384e+00
1.566500000000000000e+04 1.999976240502936431e+00
1.567000000000000000e+04 1.999976232792865405e+00
1.567500000000000000e+04 1.999976224279153669e+00
1.568000000000000000e+04 1.999976215651409372e+00
1.568500000000000000e+04 1.999976210322399917e+00
1.569000000000000000e+04 1.999976202757346444e+00
1.569500000000000000e+04 1.999976194777482785e+00
1.570000000000000000e+04 1.999976186285725266e+00
1.570500000000000000e+04 1.999976179466544268e+00
1.571000000000000000e+04 1.999976173137472113e+00
1.571500000000000000e+04 1.999976164863481065e+00
1.572000000000000000e+04 1.999976156491852342e+00
1.572500000000000000e+04 1.999976149009725201e+00
1.573000000000000000e+04 1.999976141683942110e+00
1.573500000000000000e+04 1.999976133576741422e+00
1.574000000000000000e+04 1.999976125785336123e+00
1.574500000000000000e+04 1.999976116958865457e+00
1.575000000000000000e+04 1.999976111910868770e+00
1.575500000000000000e+04 1.999976103785718884e+00
1.576000000000000000e+04 1.999976095661674114e+00
1.576500000000000000e+04 1.999976087184095253e+00
1.577000000000000000e+04 1.999976082766983021e+00
1.577500000000000000e+04 1.999976073574764479e+00
1.578000000000000000e+04 1.999976064930086839e+00
1.578500000000000000e+04 1.999976056732563512e+00
1.579000000000000000e+04 1.999976051620181661e+00
1.579500000000000000e+04 1.999976043688176608e+00
1.580000000000000000e+04 1.999976035386327622e+00
1.580500000000000000e+04 1.999976027327443839e+00
1.581000000000000000e+04 1.999976022785702190e+00
1.581500000000000000e+04 1.999976014422329751e+00
1.582000000000000000e+04 1.999976005241498989e+00
1.582500000000000000e+04 1.999975996886103502e+00
1.583000000000000000e+04 1.999975991301941036e+00
1.583500000000000000e+04 1.999975984131462603e+00
1.584000000000000000e+04 1.999975975838718112e+00
1.584500000000000000e+04 1.999975967464894477e+00
1.585000000000000000e+04 1.999975961800645852e+00
1.585500000000000000e+04 1.999975956354219875e+00
1.586000000000000000e+04 1.999975946493058876e+00
1.586500000000000000e+04 1.999975937148104066e+00
1.587000000000000000e+04 1.999975930531417090e+00
1.587500000000000000e+04 1.999975925479022587e+00
1.588000000000000000e+04 1.999975917156229022e+00
1.588500000000000000e+04 1.999975908696508542e+00
1.589000000000000000e+04 1.999975901394021927e+00
1.589500000000000000e+04 1.999975897628893273e+00
1.590000000000000000e+04 1.999975888491596576e+00
1.590500000000000000e+04 1.999975878900894122e+00
1.591000000000000000e+04 1.999975869886947866e+00
1.591500000000000000e+04 1.999975866444494876e+00
1.592000000000000000e+04 1.999975858898701775e+00
1.592500000000000000e+04 1.999975850441551462e+00
1.593000000000000000e+04 1.999975841912538188e+00
1.593500000000000000e+04 1.999975837097255571e+00
1.594000000000000000e+04 1.999975829128277427e+00
1.594500000000000000e+04 1.999975819668110333e+00
1.595000000000000000e+04 1.999975810037393886e+00
1.595500000000000000e+04 1.999975805170070009e+00
1.596000000000000000e+04 1.999975798885353262e+00
1.596500000000000000e+04 1.999975790600848402e+00
1.597000000000000000e+04 1.999975782142382252e+00
1.597500000000000000e+04 1.999975774862704947e+00
1.598000000000000000e+04 1.999975769211860932e+00
1.598500000000000000e+04 1.999975760148270387e+00
1.599000000000000000e+04 1.999975750663692153e+00
1.599500000000000000e+04 1.999975742331717488e+00
1.600000000000000000e+04 1.999975738732906017e+00
1.600500000000000000e+04 1.999975730471440505e+00
1.601000000000000000e+04 1.999975721924674543e+00
1.601500000000000000e+04 1.999975713170353497e+00
1.602000000000000000e+04 1.999975708762593563e+00
1.602500000000000000e+04 1.999975700082250230e+00
1.603000000000000000e+04 1.999975690742425316e+00
1.603500000000000000e+04 1.999975681613368250e+00
1.604000000000000000e+04 1.999975677792246831e+00
1.604500000000000000e+04 1.999975670085445190e+00
1.605000000000000000e+04 1.999975661625890799e+00
1.605500000000000000e+04 1.999975652893668965e+00
1.606000000000000000e+04 1.999975647002720125e+00
1.606500000000000000e+04 1.999975638088925312e+00
1.607000000000000000e+04 1.999975628394760285e+00
1.607500000000000000e+04 1.999975619178575359e+00
1.608000000000000000e+04 1.999975614849051286e+00
1.608500000000000000e+04 1.999975608599796839e+00
1.609000000000000000e+04 1.999975599206885946e+00
1.609500000000000000e+04 1.999975590015214300e+00
1.610000000000000000e+04 1.999975583669497459e+00
1.610500000000000000e+04 1.999975576544636091e+00
1.611000000000000000e+04 1.999975567146220712e+00
1.611500000000000000e+04 1.999975558670386011e+00
1.612000000000000000e+04 1.999975552057066785e+00
1.612500000000000000e+04 1.999975547622756977e+00
1.613000000000000000e+04 1.999975538063422542e+00
1.613500000000000000e+04 1.999975528791838597e+00
1.614000000000000000e+04 1.999975520910525884e+00
1.614500000000000000e+04 1.999975514954568157e+00
1.615000000000000000e+04 1.999975506487631227e+00
1.615500000000000000e+04 1.999975498719595013e+00
1.616000000000000000e+04 1.999975490098125253e+00
1.616500000000000000e+04 1.999975484740198262e+00
1.617000000000000000e+04 1.999975476095803506e+00
1.617500000000000000e+04 1.999975468003404977e+00
1.618000000000000000e+04 1.999975459968743596e+00
1.618500000000000000e+04 1.999975455493975263e+00
1.619000000000000000e+04 1.999975447517250871e+00
1.619500000000000000e+04 1.999975438431308428e+00
1.620000000000000000e+04 1.999975428835525149e+00
1.620500000000000000e+04 1.999975424235011845e+00
1.621000000000000000e+04 1.999975417447273252e+00
1.621500000000000000e+04 1.999975408435228807e+00
1.622000000000000000e+04 1.999975398954210393e+00
1.622500000000000000e+04 1.999975391331497043e+00
1.623000000000000000e+04 1.999975384787795019e+00
1.623500000000000000e+04 1.999975375220816254e+00
1.624000000000000000e+04 1.999975365947709971e+00
1.624500000000000000e+04 1.999975359814468723e+00
1.625000000000000000e+04 1.999975355849000547e+00
1.625500000000000000e+04 1.999975345946223948e+00
1.626000000000000000e+04 1.999975336208865917e+00
1.626500000000000000e+04 1.999975327864324859e+00
1.627000000000000000e+04 1.999975322193647154e+00
1.627500000000000000e+04 1.999975313378917541e+00
1.628000000000000000e+04 1.999975305261448844e+00
1.628500000000000000e+04 1.999975296863959473e+00
1.629000000000000000e+04 1.999975292429965190e+00
1.629500000000000000e+04 1.999975283138342164e+00
1.630000000000000000e+04 1.999975274805291470e+00
1.630500000000000000e+04 1.999975266909923999e+00
1.631000000000000000e+04 1.999975261849184838e+00
1.631500000000000000e+04 1.999975254156441729e+00
1.632000000000000000e+04 1.999975246006211238e+00
1.632500000000000000e+04 1.999975237178525322e+00
1.633000000000000000e+04 1.999975231312532742e+00
1.633500000000000000e+04 1.999975223969994609e+00
1.634000000000000000e+04 1.999975215713879928e+00
1.634500000000000000e+04 1.999975206556435570e+00
1.635000000000000000e+04 1.999975198015400579e+00
1.635500000000000000e+04 1.999975191683112330e+00
1.636000000000000000e+04 1.999975182420621556e+00
1.636500000000000000e+04 1.999975173251757443e+00
1.637000000000000000e+04 1.999975167213954297e+00
1.637500000000000000e+04 1.999975160776249705e+00
1.638000000000000000e+04 1.999975151237019633e+00
1.638500000000000000e+04 1.999975143060200189e+00
1.639000000000000000e+04 1.999975134491847495e+00
1.639500000000000000e+04 1.999975130538659940e+00
1.640000000000000000e+04 1.999975122570313735e+00
1.640500000000000000e+04 1.999975114239354479e+00
1.641000000000000000e+04 1.999975105224058858e+00
1.641500000000000000e+04 1.999975100176371479e+00
1.642000000000000000e+04 1.999975092383356357e+00
1.642500000000000000e+04 1.999975083687228983e+00
1.643000000000000000e+04 1.999975073889388888e+00
1.643500000000000000e+04 1.999975069277012851e+00
1.644000000000000000e+04 1.999975061616637850e+00
1.644500000000000000e+04 1.999975052946307175e+00
1.645000000000000000e+04 1.999975043910704242e+00
1.645500000000000000e+04 1.999975039121833831e+00
1.646000000000000000e+04 1.999975031576653572e+00
1.646500000000000000e+04 1.999975022200067842e+00
1.647000000000000000e+04 1.999975012025546617e+00
1.647500000000000000e+04 1.999975005560705510e+00
1.648000000000000000e+04 1.999974999915393736e+00
1.648500000000000000e+04 1.999974990982469558e+00
1.649000000000000000e+04 1.999974981773205984e+00
1.649500000000000000e+04 1.999974974903262703e+00
1.650000000000000000e+04 1.999974968450001667e+00
1.650500000000000000e+04 1.999974958904688682e+00
1.651000000000000000e+04 1.999974950307030097e+00
1.651500000000000000e+04 1.999974942467467987e+00
1.652000000000000000e+04 1.999974936882027432e+00
1.652500000000000000e+04 1.999974928528254203e+00
1.653000000000000000e+04 1.999974920394626210e+00
1.653500000000000000e+04 1.999974912124995008e+00
1.654000000000000000e+04 1.999974907039558936e+00
1.654500000000000000e+04 1.999974898153052516e+00
1.655000000000000000e+04 1.999974890141410278e+00
1.655500000000000000e+04 1.999974882070965743e+00
1.656000000000000000e+04 1.999974875922745809e+00
1.656500000000000000e+04 1.999974867822546187e+00
1.657000000000000000e+04 1.999974859542551497e+00
1.657500000000000000e+04 1.999974851418447219e+00
1.658000000000000000e+04 1.999974846086039149e+00
1.658500000000000000e+04 1.999974838058683924e+00
1.659000000000000000e+04 1.999974830252323033e+00
1.659500000000000000e+04 1.999974822318724810e+00
1.660000000000000000e+04 1.999974815559775632e+00
1.660500000000000000e+04 1.999974807827003209e+00
1.661000000000000000e+04 1.999974799891470534e+00
1.661500000000000000e+04 1.999974792016294467e+00
1.662000000000000000e+04 1.999974784941499495e+00
1.662500000000000000e+04 1.999974777714041307e+00
1.663000000000000000e+04 1.999974769859630852e+00
1.663500000000000000e+04 1.999974762011119900e+00
1.664000000000000000e+04 1.999974752310573978e+00
1.664500000000000000e+04 1.999974747028905098e+00
1.665000000000000000e+04 1.999974738971708854e+00
1.665500000000000000e+04 1.999974731095735425e+00
1.666000000000000000e+04 1.999974722414554984e+00
1.666500000000000000e+04 1.999974718519410111e+00
1.667000000000000000e+04 1.999974710369979647e+00
1.667500000000000000e+04 1.999974701788405307e+00
1.668000000000000000e+04 1.999974692462069603e+00
1.668500000000000000e+04 1.999974687736820078e+00
1.669000000000000000e+04 1.999974680048002496e+00
1.669500000000000000e+04 1.999974671967838180e+00
1.670000000000000000e+04 1.999974663348356607e+00
1.670500000000000000e+04 1.999974657699159497e+00
1.671000000000000000e+04 1.999974649993331965e+00
1.671500000000000000e+04 1.999974641683816445e+00
1.672000000000000000e+04 1.999974632688044540e+00
1.672500000000000000e+04 1.999974626481409334e+00
1.673000000000000000e+04 1.999974618993053399e+00
1.673500000000000000e+04 1.999974611116249523e+00
1.674000000000000000e+04 1.999974603116381644e+00
1.674500000000000000e+04 1.999974595008514378e+00
1.675000000000000000e+04 1.999974589844867978e+00
1.675500000000000000e+04 1.999974581169576826e+00
1.676000000000000000e+04 1.999974572011855578e+00
1.676500000000000000e+04 1.999974563395833016e+00
1.677000000000000000e+04 1.999974559570254495e+00
1.677500000000000000e+04 1.999974551599123629e+00
1.678000000000000000e+04 1.999974543265309768e+00
1.678500000000000000e+04 1.999974534181993002e+00
1.679000000000000000e+04 1.999974529624938713e+00
1.679500000000000000e+04 1.999974521391376214e+00
1.680000000000000000e+04 1.999974512758282863e+00
1.680500000000000000e+04 1.999974503850968421e+00
1.681000000000000000e+04 1.999974498935045197e+00
1.681500000000000000e+04 1.999974491193623249e+00
1.682000000000000000e+04 1.999974483204723263e+00
1.682500000000000000e+04 1.999974474636366795e+00
1.683000000000000000e+04 1.999974469054253357e+00
1.683500000000000000e+04 1.999974461449404606e+00
1.684000000000000000e+04 1.999974453111466488e+00
1.684500000000000000e+04 1.999974444288303177e+00
1.685000000000000000e+04 1.999974438042413372e+00
1.685500000000000000e+04 1.999974430130072589e+00
1.686000000000000000e+04 1.999974422266324936e+00
1.686500000000000000e+04 1.999974414418150825e+00
1.687000000000000000e+04 1.999974407283800826e+00
1.687500000000000000e+04 1.999974401137529556e+00
1.688000000000000000e+04 1.999974392979603888e+00
1.688500000000000000e+04 1.999974384778590020e+00
1.689000000000000000e+04 1.999974376021662392e+00
1.689500000000000000e+04 1.999974370035680682e+00
1.690000000000000000e+04 1.999974361586851268e+00
1.690500000000000000e+04 1.999974353654059511e+00
1.691000000000000000e+04 1.999974345078109561e+00
1.691500000000000000e+04 1.999974340078937152e+00
1.692000000000000000e+04 1.999974331954960327e+00
1.692500000000000000e+04 1.999974323917919294e+00
1.693000000000000000e+04 1.999974315283556514e+00
1.693500000000000000e+04 1.999974310702415492e+00
1.694000000000000000e+04 1.999974302080703703e+00
1.694500000000000000e+04 1.999974293299659145e+00
1.695000000000000000e+04 1.999974285107231742e+00
1.695500000000000000e+04 1.999974279604497251e+00
1.696000000000000000e+04 1.999974271766408185e+00
1.696500000000000000e+04 1.999974263344140413e+00
1.697000000000000000e+04 1.999974255011362168e+00
1.697500000000000000e+04 1.999974251054219554e+00
1.698000000000000000e+04 1.999974244278289293e+00
1.698500000000000000e+04 1.999974234753175262e+00
1.699000000000000000e+04 1.999974225229346425e+00
1.699500000000000000e+04 1.999974219207072634e+00
1.700000000000000000e+04 1.999974212708508503e+00
1.700500000000000000e+04 1.999974204282610524e+00
1.701000000000000000e+04 1.999974195701199609e+00
1.701500000000000000e+04 1.999974189332479613e+00
1.702000000000000000e+04 1.999974185564406204e+00
1.702500000000000000e+04 1.999974176436868145e+00
1.703000000000000000e+04 1.999974166771804063e+00
1.703500000000000000e+04 1.999974158101187838e+00
1.704000000000000000e+04 1.999974154038976604e+00
1.704500000000000000e+04 1.999974145920710322e+00
1.705000000000000000e+04 1.999974137477891656e+00
1.705500000000000000e+04 1.999974129592179573e+00
1.706000000000000000e+04 1.999974125356547505e+00
1.706500000000000000e+04 1.999974117476541302e+00
1.707000000000000000e+04 1.999974108709077214e+00
1.707500000000000000e+04 1.999974099252497695e+00
1.708000000000000000e+04 1.999974094518224277e+00
1.708500000000000000e+04 1.999974087168364889e+00
1.709000000000000000e+04 1.999974078931818999e+00
1.709500000000000000e+04 1.999974070434967111e+00
1.710000000000000000e+04 1.999974064873676127e+00
1.710500000000000000e+04 1.999974057729863697e+00
1.711000000000000000e+04 1.999974048934678894e+00
1.711500000000000000e+04 1.999974039299017736e+00
1.712000000000000000e+04 1.999974032397321855e+00
1.712500000000000000e+04 1.999974027163634815e+00
1.713000000000000000e+04 1.999974018907071160e+00
1.713500000000000000e+04 1.999974010573239980e+00
1.714000000000000000e+04 1.999974002207368651e+00
1.714500000000000000e+04 1.999973997201344389e+00
1.715000000000000000e+04 1.999973989129569807e+00
1.715500000000000000e+04 1.999973980204690971e+00
1.716000000000000000e+04 1.999973970461103256e+00
1.716500000000000000e+04 1.999973966932438119e+00
1.717000000000000000e+04 1.999973958926383411e+00
1.717500000000000000e+04 1.999973950667365941e+00
1.718000000000000000e+04 1.999973941795441634e+00
1.718500000000000000e+04 1.999973936270787567e+00
1.719000000000000000e+04 1.999973928634502407e+00
1.719500000000000000e+04 1.999973920388588677e+00
1.720000000000000000e+04 1.999973911123600789e+00
1.720500000000000000e+04 1.999973905777797212e+00
1.721000000000000000e+04 1.999973897962393332e+00
1.721500000000000000e+04 1.999973889924498982e+00
1.722000000000000000e+04 1.999973881539755860e+00
1.722500000000000000e+04 1.999973876185828781e+00
1.723000000000000000e+04 1.999973868771949936e+00
1.723500000000000000e+04 1.999973859536798626e+00
1.724000000000000000e+04 1.999973849522366898e+00
1.724500000000000000e+04 1.999973843459671219e+00
1.725000000000000000e+04 1.999973838303627405e+00
1.725500000000000000e+04 1.999973829688358018e+00
1.726000000000000000e+04 1.999973820744950226e+00
1.726500000000000000e+04 1.999973812687839025e+00
1.727000000000000000e+04 1.999973808182866408e+00
1.727500000000000000e+04 1.999973798783957424e+00
1.728000000000000000e+04 1.999973788706412403e+00
1.728500000000000000e+04 1.999973780448705440e+00
1.729000000000000000e+04 1.999973777372504813e+00
1.729500000000000000e+04 1.999973769005730651e+00
1.730000000000000000e+04 1.999973760000040235e+00
1.730500000000000000e+04 1.999973751377870146e+00
1.731000000000000000e+04 1.999973746553445508e+00
1.731500000000000000e+04 1.999973736845486405e+00
1.732000000000000000e+04 1.999973726905041715e+00
1.732500000000000000e+04 1.999973718106655918e+00
1.733000000000000000e+04 1.999973714776395850e+00
1.733500000000000000e+04 1.999973706702044884e+00
1.734000000000000000e+04 1.999973697171559595e+00
1.734500000000000000e+04 1.999973688214887524e+00
1.735000000000000000e+04 1.999973683047133743e+00
1.735500000000000000e+04 1.999973674425105097e+00
1.736000000000000000e+04 1.999973666016721108e+00
1.736500000000000000e+04 1.999973658272408139e+00
1.737000000000000000e+04 1.999973651518402118e+00
1.737500000000000000e+04 1.999973644454328570e+00
1.738000000000000000e+04 1.999973635219987056e+00
1.738500000000000000e+04 1.999973626968500007e+00
1.739000000000000000e+04 1.999973620868130686e+00
1.739500000000000000e+04 1.999973613847366938e+00
1.740000000000000000e+04 1.999973606189798581e+00
1.740500000000000000e+04 1.999973597893163868e+00
1.741000000000000000e+04 1.999973588071216835e+00
1.741500000000000000e+04 1.999973583189066151e+00
1.742000000000000000e+04 1.999973575575710649e+00
1.742500000000000000e+04 1.999973567492447923e+00
1.743000000000000000e+04 1.999973558439674948e+00
1.743500000000000000e+04 1.999973553823259254e+00
1.744000000000000000e+04 1.999973544586827412e+00
1.744500000000000000e+04 1.999973534582446089e+00
1.745000000000000000e+04 1.999973525588377044e+00
1.745500000000000000e+04 1.999973522730358777e+00
1.746000000000000000e+04 1.999973514220019455e+00
1.746500000000000000e+04 1.999973504128609969e+00
1.747000000000000000e+04 1.999973494650820083e+00
1.747500000000000000e+04 1.999973489161469997e+00
1.748000000000000000e+04 1.999973481290659327e+00
1.748500000000000000e+04 1.999973473610057617e+00
1.749000000000000000e+04 1.999973465235791892e+00
1.749500000000000000e+04 1.999973458618735878e+00
1.750000000000000000e+04 1.999973450960043087e+00
1.750500000000000000e+04 1.999973443300814946e+00
1.751000000000000000e+04 1.999973434876263223e+00
1.751500000000000000e+04 1.999973425618570610e+00
1.752000000000000000e+04 1.999973420029666382e+00
1.752500000000000000e+04 1.999973410152763975e+00
1.753000000000000000e+04 1.999973400666015477e+00
1.753500000000000000e+04 1.999973394438834262e+00
1.754000000000000000e+04 1.999973389777688126e+00
1.754500000000000000e+04 1.999973379365417747e+00
1.755000000000000000e+04 1.999973370016737251e+00
1.755500000000000000e+04 1.999973361763262902e+00
1.756000000000000000e+04 1.999973357700841170e+00
1.756500000000000000e+04 1.999973349886403629e+00
1.757000000000000000e+04 1.999973341392726311e+00
1.757500000000000000e+04 1.999973332324564979e+00
1.758000000000000000e+04 1.999973327315690774e+00
1.758500000000000000e+04 1.999973319703072461e+00
1.759000000000000000e+04 1.999973310588880615e+00
1.759500000000000000e+04 1.999973300782760477e+00
1.760000000000000000e+04 1.999973294022070469e+00
1.760500000000000000e+04 1.999973285707305370e+00
1.761000000000000000e+04 1.999973276669413380e+00
1.761500000000000000e+04 1.999973268330668796e+00
1.762000000000000000e+04 1.999973263294467785e+00
1.762500000000000000e+04 1.999973255309088760e+00
1.763000000000000000e+04 1.999973246265898341e+00
1.763500000000000000e+04 1.999973238560953881e+00
1.764000000000000000e+04 1.999973231281871211e+00
1.764500000000000000e+04 1.999973225943514343e+00
1.765000000000000000e+04 1.999973217455417895e+00
1.765500000000000000e+04 1.999973208551909520e+00
1.766000000000000000e+04 1.999973199639150545e+00
1.766500000000000000e+04 1.999973195932931880e+00
1.767000000000000000e+04 1.999973185866751546e+00
1.767500000000000000e+04 1.999973175763457789e+00
1.768000000000000000e+04 1.999973167127568230e+00
1.768500000000000000e+04 1.999973161421666035e+00
1.769000000000000000e+04 1.999973153054411146e+00
1.769500000000000000e+04 1.999973145038122180e+00
1.770000000000000000e+04 1.999973136648006466e+00
1.770500000000000000e+04 1.999973131584063868e+00
1.771000000000000000e+04 1.999973124020877568e+00
1.771500000000000000e+04 1.999973116011997565e+00
1.772000000000000000e+04 1.999973106984106019e+00
1.772500000000000000e+04 1.999973101342507054e+00
1.773000000000000000e+04 1.999973093774840782e+00
1.773500000000000000e+04 1.999973085632690495e+00
1.774000000000000000e+04 1.999973077049395975e+00
1.774500000000000000e+04 1.999973070759717420e+00
1.775000000000000000e+04 1.999973063452583188e+00
1.775500000000000000e+04 1.999973055154072421e+00
1.776000000000000000e+04 1.999973045998303611e+00
1.776500000000000000e+04 1.999973038138121550e+00
1.777000000000000000e+04 1.999973033120910682e+00
1.777500000000000000e+04 1.999973024710706371e+00
1.778000000000000000e+04 1.999973016023601557e+00
1.778500000000000000e+04 1.999973007095349642e+00
1.779000000000000000e+04 1.999973003271751537e+00
1.779500000000000000e+04 1.999972993791333087e+00
1.780000000000000000e+04 1.999972984032323486e+00
1.780500000000000000e+04 1.999972975157080057e+00
1.781000000000000000e+04 1.999972971691084345e+00
1.781500000000000000e+04 1.999972963196425590e+00
1.782000000000000000e+04 1.999972954168422135e+00
1.782500000000000000e+04 1.999972945841843153e+00
1.783000000000000000e+04 1.999972942059694558e+00
1.783500000000000000e+04 1.999972932628084843e+00
1.784000000000000000e+04 1.999972922950129517e+00
1.784500000000000000e+04 1.999972913540410957e+00
1.785000000000000000e+04 1.999972910120336067e+00
1.785500000000000000e+04 1.999972902898865978e+00
1.786000000000000000e+04 1.999972893941579732e+00
1.786500000000000000e+04 1.999972884889543723e+00
1.787000000000000000e+04 1.999972879636512380e+00
1.787500000000000000e+04 1.999972871502411875e+00
1.788000000000000000e+04 1.999972861991188289e+00
1.788500000000000000e+04 1.999972852764972941e+00
1.789000000000000000e+04 1.999972847213003835e+00
1.789500000000000000e+04 1.999972841754387831e+00
1.790000000000000000e+04 1.999972832745264384e+00
1.790500000000000000e+04 1.999972823686136492e+00
1.791000000000000000e+04 1.999972816939805220e+00
1.791500000000000000e+04 1.999972811182219923e+00
1.792000000000000000e+04 1.999972801727806893e+00
1.792500000000000000e+04 1.999972792602510374e+00
1.793000000000000000e+04 1.999972785052472002e+00
1.793500000000000000e+04 1.999972781754328022e+00
1.794000000000000000e+04 1.999972773128453563e+00
1.794500000000000000e+04 1.999972764102379008e+00
1.795000000000000000e+04 1.999972755803274715e+00
1.795500000000000000e+04 1.999972749564168151e+00
1.796000000000000000e+04 1.999972740880600508e+00
1.796500000000000000e+04 1.999972732620891369e+00
1.797000000000000000e+04 1.999972724462124596e+00
1.797500000000000000e+04 1.999972719145814981e+00
1.798000000000000000e+04 1.999972711101026146e+00
1.798500000000000000e+04 1.999972702736435792e+00
1.799000000000000000e+04 1.999972694606382495e+00
1.799500000000000000e+04 1.999972689002417869e+00
1.800000000000000000e+04 1.999972680851517914e+00
1.800500000000000000e+04 1.999972672715410349e+00
1.801000000000000000e+04 1.999972664786710874e+00
1.801500000000000000e+04 1.999972658459049146e+00
1.802000000000000000e+04 1.999972651943407564e+00
1.802500000000000000e+04 1.999972643005593742e+00
1.803000000000000000e+04 1.999972634199238541e+00
1.803500000000000000e+04 1.999972627913038536e+00
1.804000000000000000e+04 1.999972621341915557e+00
1.804500000000000000e+04 1.999972613311223446e+00
1.805000000000000000e+04 1.999972605387546176e+00
1.805500000000000000e+04 1.999972596326153651e+00
1.806000000000000000e+04 1.999972591448262449e+00
1.806500000000000000e+04 1.999972582748673622e+00
1.807000000000000000e+04 1.999972574229325506e+00
1.807500000000000000e+04 1.999972566028517473e+00
1.808000000000000000e+04 1.999972560853818360e+00
1.808500000000000000e+04 1.999972552661618552e+00
1.809000000000000000e+04 1.999972544556685383e+00
1.809500000000000000e+04 1.999972536237996756e+00
1.810000000000000000e+04 1.999972531828713818e+00
1.810500000000000000e+04 1.999972523753002607e+00
1.811000000000000000e+04 1.999972514821217073e+00
1.811500000000000000e+04 1.999972506036899134e+00
1.812000000000000000e+04 1.999972500725357261e+00
1.812500000000000000e+04 1.999972492917825750e+00
1.813000000000000000e+04 1.999972484455108335e+00
1.813500000000000000e+04 1.999972475951294903e+00
1.814000000000000000e+04 1.999972471310098587e+00
1.814500000000000000e+04 1.999972465828887991e+00
1.815000000000000000e+04 1.999972456723418057e+00
1.815500000000000000e+04 1.999972447367699857e+00
1.816000000000000000e+04 1.999972440158512832e+00
1.816500000000000000e+04 1.999972433062497945e+00
1.817000000000000000e+04 1.999972424684577588e+00
1.817500000000000000e+04 1.999972416232901562e+00
1.818000000000000000e+04 1.999972409565412557e+00
1.818500000000000000e+04 1.999972406308934580e+00
1.819000000000000000e+04 1.999972397448414929e+00
1.819500000000000000e+04 1.999972388223297814e+00
1.820000000000000000e+04 1.999972379349643115e+00
1.820500000000000000e+04 1.999972374526662877e+00
1.821000000000000000e+04 1.999972366468287577e+00
1.821500000000000000e+04 1.999972357947549018e+00
1.822000000000000000e+04 1.999972349897654933e+00
1.822500000000000000e+04 1.999972346112947497e+00
1.823000000000000000e+04 1.999972338015814977e+00
1.823500000000000000e+04 1.999972328793625076e+00
1.824000000000000000e+04 1.999972319202641291e+00
1.824500000000000000e+04 1.999972314201437174e+00
1.825000000000000000e+04 1.999972307365835533e+00
1.825500000000000000e+04 1.999972298990714048e+00
1.826000000000000000e+04 1.999972290380594098e+00
1.826500000000000000e+04 1.999972285333588840e+00
1.827000000000000000e+04 1.999972279061497771e+00
1.827500000000000000e+04 1.999972270498614479e+00
1.828000000000000000e+04 1.999972261275050345e+00
1.828500000000000000e+04 1.999972252477478563e+00
1.829000000000000000e+04 1.999972247461812902e+00
1.829500000000000000e+04 1.999972239135893171e+00
1.830000000000000000e+04 1.999972230629777581e+00
1.830500000000000000e+04 1.999972222645955311e+00
1.831000000000000000e+04 1.999972218915233801e+00
1.831500000000000000e+04 1.999972210762445801e+00
1.832000000000000000e+04 1.999972202022791690e+00
1.832500000000000000e+04 1.999972192651108038e+00
1.833000000000000000e+04 1.999972188415380048e+00
1.833500000000000000e+04 1.999972180520614762e+00
1.834000000000000000e+04 1.999972172283349670e+00
1.834500000000000000e+04 1.999972163632402600e+00
1.835000000000000000e+04 1.999972158306244419e+00
1.835500000000000000e+04 1.999972150604719001e+00
1.836000000000000000e+04 1.999972142459197633e+00
1.836500000000000000e+04 1.999972133277899244e+00
1.837000000000000000e+04 1.999972127533693023e+00
1.837500000000000000e+04 1.999972119800384140e+00
1.838000000000000000e+04 1.999972111653617768e+00
1.838500000000000000e+04 1.999972103435138315e+00
1.839000000000000000e+04 1.999972097320411590e+00
1.839500000000000000e+04 1.999972089512756623e+00
1.840000000000000000e+04 1.999972081795421186e+00
1.840500000000000000e+04 1.999972073754323842e+00
1.841000000000000000e+04 1.999972064993481125e+00
1.841500000000000000e+04 1.999972060308293775e+00
1.842000000000000000e+04 1.999972052124508348e+00
1.842500000000000000e+04 1.999972043886470319e+00
1.843000000000000000e+04 1.999972034631050999e+00
1.843500000000000000e+04 1.999972029566426057e+00
1.844000000000000000e+04 1.999972021845254355e+00
1.844500000000000000e+04 1.999972013633938062e+00
1.845000000000000000e+04 1.999972004138089732e+00
1.845500000000000000e+04 1.999971999260342859e+00
1.846000000000000000e+04 1.999971991327547327e+00
1.846500000000000000e+04 1.999971983280460330e+00
1.847000000000000000e+04 1.999971974534657582e+00
1.847500000000000000e+04 1.999971970008691535e+00
1.848000000000000000e+04 1.999971961875918636e+00
1.848500000000000000e+04 1.999971952523778684e+00
1.849000000000000000e+04 1.999971942350639686e+00
1.849500000000000000e+04 1.999971938306049246e+00
1.850000000000000000e+04 1.999971931392296565e+00
1.850500000000000000e+04 1.999971922657589385e+00
1.851000000000000000e+04 1.999971913486602526e+00
1.851500000000000000e+04 1.999971908121709552e+00
1.852000000000000000e+04 1.999971901081841308e+00
1.852500000000000000e+04 1.999971891432945625e+00
1.853000000000000000e+04 1.999971880997008178e+00
1.853500000000000000e+04 1.999971874779661318e+00
1.854000000000000000e+04 1.999971870474994695e+00
1.854500000000000000e+04 1.999971861619374236e+00
1.855000000000000000e+04 1.999971852268524586e+00
1.855500000000000000e+04 1.999971844167282908e+00
1.856000000000000000e+04 1.999971838905368227e+00
1.856500000000000000e+04 1.999971828975334986e+00
1.857000000000000000e+04 1.999971819387840188e+00
1.857500000000000000e+04 1.999971811392412535e+00
1.858000000000000000e+04 1.999971807453635675e+00
1.858500000000000000e+04 1.999971798455922212e+00
1.859000000000000000e+04 1.999971789261405508e+00
1.859500000000000000e+04 1.999971780910430263e+00
1.860000000000000000e+04 1.999971776309357407e+00
1.860500000000000000e+04 1.999971768709012165e+00
1.861000000000000000e+04 1.999971760629496220e+00
1.861500000000000000e+04 1.999971751065815262e+00
1.862000000000000000e+04 1.999971745897745290e+00
1.862500000000000000e+04 1.999971738432866575e+00
1.863000000000000000e+04 1.999971730177253493e+00
1.863500000000000000e+04 1.999971720992797408e+00
1.864000000000000000e+04 1.999971714756703101e+00
1.864500000000000000e+04 1.999971707297276247e+00
1.865000000000000000e+04 1.999971697166551099e+00
1.865500000000000000e+04 1.999971686986169228e+00
1.866000000000000000e+04 1.999971681470274598e+00
1.866500000000000000e+04 1.999971676610537319e+00
1.867000000000000000e+04 1.999971666603305165e+00
1.867500000000000000e+04 1.999971656633663830e+00
1.868000000000000000e+04 1.999971649899011883e+00
1.868500000000000000e+04 1.999971643061333015e+00
1.869000000000000000e+04 1.999971634155650380e+00
1.869500000000000000e+04 1.999971626554224446e+00
1.870000000000000000e+04 1.999971617438371707e+00
1.870500000000000000e+04 1.999971612419018552e+00
1.871000000000000000e+04 1.999971603402106446e+00
1.871500000000000000e+04 1.999971595642668243e+00
1.872000000000000000e+04 1.999971587247847182e+00
1.872500000000000000e+04 1.999971582528213165e+00
1.873000000000000000e+04 1.999971574550675868e+00
1.873500000000000000e+04 1.999971565225058256e+00
1.874000000000000000e+04 1.999971555406623080e+00
1.874500000000000000e+04 1.999971551551535276e+00
1.875000000000000000e+04 1.999971543990413991e+00
1.875500000000000000e+04 1.999971534190785771e+00
1.876000000000000000e+04 1.999971523862395184e+00
1.876500000000000000e+04 1.999971517775370522e+00
1.877000000000000000e+04 1.999971509607352482e+00
1.877500000000000000e+04 1.999971500607945041e+00
1.878000000000000000e+04 1.999971492787874450e+00
1.878500000000000000e+04 1.999971486449966473e+00
1.879000000000000000e+04 1.999971478876878983e+00
1.879500000000000000e+04 1.999971470321524780e+00
1.880000000000000000e+04 1.999971462770612884e+00
1.880500000000000000e+04 1.999971453712398262e+00
1.881000000000000000e+04 1.999971449539918789e+00
1.881500000000000000e+04 1.999971440682920765e+00
1.882000000000000000e+04 1.999971430819370566e+00
1.882500000000000000e+04 1.999971422276355382e+00
1.883000000000000000e+04 1.999971419088329316e+00
1.883500000000000000e+04 1.999971409548256585e+00
1.884000000000000000e+04 1.999971398911857490e+00
1.884500000000000000e+04 1.999971389676682199e+00
1.885000000000000000e+04 1.999971384433124832e+00
1.885500000000000000e+04 1.999971375783557992e+00
1.886000000000000000e+04 1.999971367902954489e+00
1.886500000000000000e+04 1.999971359591849795e+00
1.887000000000000000e+04 1.999971353858107870e+00
1.887500000000000000e+04 1.999971345644198983e+00
1.888000000000000000e+04 1.999971338146955935e+00
1.888500000000000000e+04 1.999971329495778161e+00
1.889000000000000000e+04 1.999971323293273651e+00
1.889500000000000000e+04 1.999971316155610968e+00
1.890000000000000000e+04 1.999971306846057395e+00
1.890500000000000000e+04 1.999971297141870163e+00
1.891000000000000000e+04 1.999971291664409234e+00
1.891500000000000000e+04 1.999971285658963316e+00
1.892000000000000000e+04 1.999971274875569360e+00
1.892500000000000000e+04 1.999971264676772220e+00
1.893000000000000000e+04 1.999971258337557733e+00
1.893500000000000000e+04 1.999971251351337465e+00
1.894000000000000000e+04 1.999971242859114540e+00
1.894500000000000000e+04 1.999971234976914314e+00
1.895000000000000000e+04 1.999971226720377748e+00
1.895500000000000000e+04 1.999971221441475100e+00
1.896000000000000000e+04 1.999971213990790142e+00
1.896500000000000000e+04 1.999971205414612374e+00
1.897000000000000000e+04 1.999971195832132675e+00
1.897500000000000000e+04 1.999971191457663222e+00
1.898000000000000000e+04 1.999971183078862902e+00
1.898500000000000000e+04 1.999971173941136549e+00
1.899000000000000000e+04 1.999971165091313452e+00
1.899500000000000000e+04 1.999971161321824065e+00
1.900000000000000000e+04 1.999971152369356853e+00
1.900500000000000000e+04 1.999971141828212673e+00
1.901000000000000000e+04 1.999971132034869647e+00
1.901500000000000000e+04 1.999971127532224502e+00
1.902000000000000000e+04 1.999971120318914108e+00
1.902500000000000000e+04 1.999971111146523040e+00
1.903000000000000000e+04 1.999971102076252727e+00
1.903500000000000000e+04 1.999971097090288641e+00
1.904000000000000000e+04 1.999971089611766839e+00
1.904500000000000000e+04 1.999971079547240516e+00
1.905000000000000000e+04 1.999971071209595275e+00
1.905500000000000000e+04 1.999971064670023502e+00
1.906000000000000000e+04 1.999971057707687017e+00
1.906500000000000000e+04 1.999971049206121565e+00
1.907000000000000000e+04 1.999971041123852267e+00
1.907500000000000000e+04 1.999971033501777740e+00
1.908000000000000000e+04 1.999971028266056772e+00
1.908500000000000000e+04 1.999971020592186122e+00
1.909000000000000000e+04 1.999971012016809491e+00
1.909500000000000000e+04 1.999971002670807518e+00
1.910000000000000000e+04 1.999970998238285613e+00
1.910500000000000000e+04 1.999970990398807213e+00
1.911000000000000000e+04 1.999970981973042239e+00
1.911500000000000000e+04 1.999970973156119713e+00
1.912000000000000000e+04 1.999970968340798017e+00
1.912500000000000000e+04 1.999970959937763082e+00
1.913000000000000000e+04 1.999970950348080700e+00
1.913500000000000000e+04 1.999970940597151303e+00
1.914000000000000000e+04 1.999970936556777046e+00
1.914500000000000000e+04 1.999970929581994739e+00
1.915000000000000000e+04 1.999970921066569263e+00
1.915500000000000000e+04 1.999970912209921403e+00
1.916000000000000000e+04 1.999970906060757336e+00
1.916500000000000000e+04 1.999970899053762796e+00
1.917000000000000000e+04 1.999970889310114686e+00
1.917500000000000000e+04 1.999970879578686800e+00
1.918000000000000000e+04 1.999970872878643613e+00
1.918500000000000000e+04 1.999970868866647988e+00
1.919000000000000000e+04 1.999970859977358018e+00
1.919500000000000000e+04 1.999970850953180612e+00
1.920000000000000000e+04 1.999970842529765314e+00
1.920500000000000000e+04 1.999970837978206406e+00
1.921000000000000000e+04 1.999970828211885765e+00
1.921500000000000000e+04 1.999970818794186256e+00
1.922000000000000000e+04 1.999970810913059838e+00
1.922500000000000000e+04 1.999970808144130530e+00
1.923000000000000000e+04 1.999970799962635271e+00
1.923500000000000000e+04 1.999970791093270472e+00
1.924000000000000000e+04 1.999970782408470482e+00
1.924500000000000000e+04 1.999970777328450078e+00
1.925000000000000000e+04 1.999970768212167016e+00
1.925500000000000000e+04 1.999970758936518322e+00
1.926000000000000000e+04 1.999970749997652897e+00
1.926500000000000000e+04 1.999970746697752544e+00
1.927000000000000000e+04 1.999970739737504388e+00
1.927500000000000000e+04 1.999970730712725908e+00
1.928000000000000000e+04 1.999970721698944631e+00
1.928500000000000000e+04 1.999970715937066545e+00
1.929000000000000000e+04 1.999970708741727332e+00
1.929500000000000000e+04 1.999970699565816412e+00
1.930000000000000000e+04 1.999970690373430449e+00
1.930500000000000000e+04 1.999970684302960544e+00
1.931000000000000000e+04 1.999970679978018806e+00
1.931500000000000000e+04 1.999970671343527240e+00
1.932000000000000000e+04 1.999970662592736259e+00
1.932500000000000000e+04 1.999970653756572014e+00
1.933000000000000000e+04 1.999970647783787081e+00
1.933500000000000000e+04 1.999970638755976804e+00
1.934000000000000000e+04 1.999970629896451690e+00
1.934500000000000000e+04 1.999970622672816889e+00
1.935000000000000000e+04 1.999970619657776227e+00
1.935500000000000000e+04 1.999970611217788408e+00
1.936000000000000000e+04 1.999970602341247572e+00
1.936500000000000000e+04 1.999970593562193644e+00
1.937000000000000000e+04 1.999970588417137041e+00
1.937500000000000000e+04 1.999970579964309270e+00
1.938000000000000000e+04 1.999970571217120519e+00
1.938500000000000000e+04 1.999970562668055063e+00
1.939000000000000000e+04 1.999970559198030351e+00
1.939500000000000000e+04 1.999970551883061720e+00
1.940000000000000000e+04 1.999970543224562913e+00
1.940500000000000000e+04 1.999970534325501870e+00
1.941000000000000000e+04 1.999970528160727179e+00
1.941500000000000000e+04 1.999970521388740208e+00
1.942000000000000000e+04 1.999970512899113873e+00
1.942500000000000000e+04 1.999970504234706015e+00
1.943000000000000000e+04 1.999970497594465879e+00
1.943500000000000000e+04 1.999970491180494525e+00
1.944000000000000000e+04 1.999970483232925034e+00
1.944500000000000000e+04 1.999970475139768888e+00
1.945000000000000000e+04 1.999970465536824227e+00
1.945500000000000000e+04 1.999970461514280817e+00
1.946000000000000000e+04 1.999970453116750591e+00
1.946500000000000000e+04 1.999970444651059776e+00
1.947000000000000000e+04 1.999970436222492154e+00
1.947500000000000000e+04 1.999970430713531755e+00
1.948000000000000000e+04 1.999970422908976309e+00
1.948500000000000000e+04 1.999970415003613056e+00
1.949000000000000000e+04 1.999970406455310323e+00
1.949500000000000000e+04 1.999970401396866881e+00
1.950000000000000000e+04 1.999970393418446291e+00
1.950500000000000000e+04 1.999970385250809723e+00
1.951000000000000000e+04 1.999970376655686888e+00
1.951500000000000000e+04 1.999970370471474190e+00
1.952000000000000000e+04 1.999970362330564244e+00
1.952500000000000000e+04 1.999970354359791536e+00
1.953000000000000000e+04 1.999970346509146069e+00
1.953500000000000000e+04 1.999970340372024591e+00
1.954000000000000000e+04 1.999970332272268836e+00
1.954500000000000000e+04 1.999970324082466888e+00
1.955000000000000000e+04 1.999970315916493879e+00
1.955500000000000000e+04 1.999970310215636982e+00
1.956000000000000000e+04 1.999970303185775844e+00
1.956500000000000000e+04 1.999970294171187657e+00
1.957000000000000000e+04 1.999970285674969261e+00
1.957500000000000000e+04 1.999970278774771959e+00
1.958000000000000000e+04 1.999970272508180713e+00
1.958500000000000000e+04 1.999970264221785810e+00
1.959000000000000000e+04 1.999970255874580660e+00
1.959500000000000000e+04 1.999970248981922660e+00
1.960000000000000000e+04 1.999970244958008347e+00
1.960500000000000000e+04 1.999970235589087819e+00
1.961000000000000000e+04 1.999970226284187635e+00
1.961500000000000000e+04 1.999970217539869921e+00
1.962000000000000000e+04 1.999970213127872931e+00
1.962500000000000000e+04 1.999970205226170084e+00
1.963000000000000000e+04 1.999970196887253859e+00
1.963500000000000000e+04 1.999970188784041980e+00
1.964000000000000000e+04 1.999970185594461380e+00
1.964500000000000000e+04 1.999970177280033568e+00
1.965000000000000000e+04 1.999970167888090344e+00
1.965500000000000000e+04 1.999970158058221648e+00
1.966000000000000000e+04 1.999970153101588322e+00
1.966500000000000000e+04 1.999970146847159347e+00
1.967000000000000000e+04 1.999970138448505130e+00
1.967500000000000000e+04 1.999970129739926383e+00
1.968000000000000000e+04 1.999970123699305935e+00
1.968500000000000000e+04 1.999970117741857623e+00
1.969000000000000000e+04 1.999970108382246758e+00
1.969500000000000000e+04 1.999970098479488367e+00
1.970000000000000000e+04 1.999970091019693585e+00
1.970500000000000000e+04 1.999970087278180264e+00
1.971000000000000000e+04 1.999970078960156217e+00
1.971500000000000000e+04 1.999970070393313204e+00
1.972000000000000000e+04 1.999970061292213552e+00
1.972500000000000000e+04 1.999970057711325744e+00
1.973000000000000000e+04 1.999970048683991086e+00
1.973500000000000000e+04 1.999970039003429623e+00
1.974000000000000000e+04 1.999970029700931740e+00
1.974500000000000000e+04 1.999970026370852860e+00
1.975000000000000000e+04 1.999970018481403322e+00
1.975500000000000000e+04 1.999970009694806983e+00
1.976000000000000000e+04 1.999970000876229115e+00
1.976500000000000000e+04 1.999969996755596613e+00
1.977000000000000000e+04 1.999969988245813290e+00
1.977500000000000000e+04 1.999969978582541996e+00
1.978000000000000000e+04 1.999969968466132730e+00
1.978500000000000000e+04 1.999969964533725886e+00
1.979000000000000000e+04 1.999969958141770476e+00
1.979500000000000000e+04 1.999969949291955817e+00
1.980000000000000000e+04 1.999969939981552480e+00
1.980500000000000000e+04 1.999969933457324878e+00
1.981000000000000000e+04 1.999969926536013354e+00
1.981500000000000000e+04 1.999969916793708391e+00
1.982000000000000000e+04 1.999969907314092410e+00
1.982500000000000000e+04 1.999969901244385229e+00
1.983000000000000000e+04 1.999969895757050642e+00
1.983500000000000000e+04 1.999969886586021373e+00
1.984000000000000000e+04 1.999969877410306074e+00
1.984500000000000000e+04 1.999969869990907201e+00
1.985000000000000000e+04 1.999969863919297541e+00
1.985500000000000000e+04 1.999969855351177772e+00
1.986000000000000000e+04 1.999969847745801887e+00
1.986500000000000000e+04 1.999969838894098517e+00
1.987000000000000000e+04 1.999969833249120921e+00
1.987500000000000000e+04 1.999969824658842210e+00
1.988000000000000000e+04 1.999969816410547940e+00
1.988500000000000000e+04 1.999969808317803910e+00
1.989000000000000000e+04 1.999969803205326135e+00
1.989500000000000000e+04 1.999969795559896513e+00
1.990000000000000000e+04 1.999969787482937633e+00
1.990500000000000000e+04 1.999969777890201028e+00
1.991000000000000000e+04 1.999969772397678147e+00
1.991500000000000000e+04 1.999969764965476182e+00
1.992000000000000000e+04 1.999969756918289931e+00
1.992500000000000000e+04 1.999969747901489736e+00
1.993000000000000000e+04 1.999969740599104595e+00
1.993500000000000000e+04 1.999969733754040080e+00
1.994000000000000000e+04 1.999969723818593170e+00
1.994500000000000000e+04 1.999969713764060186e+00
1.995000000000000000e+04 1.999969707863794355e+00
1.995500000000000000e+04 1.999969702960367135e+00
1.996000000000000000e+04 1.999969692998987858e+00
1.996500000000000000e+04 1.999969683281755062e+00
1.997000000000000000e+04 1.999969676074179192e+00
1.997500000000000000e+04 1.999969670101346741e+00
1.998000000000000000e+04 1.999969662452103059e+00
1.998500000000000000e+04 1.999969654547271825e+00
1.999000000000000000e+04 1.999969645079086478e+00
1.999500000000000000e+04 1.999969639815639910e+00
2.000000000000000000e+04 1.999969630784478980e+00
