0.000000000000000000e+00 0.000000000000000000e+00 0.000000000000000000e+00 0.000000000000000000e+00
5.000000000000000000e+00 5.302590996317089388e-08 2.494999971371686906e-13 5.302566046317375415e-08
1.000000000000000000e+01 4.162783680800323599e-07 2.481887934274708146e-12 4.162758861920981503e-07
1.500000000000000000e+01 5.841246108421898900e-07 4.272036005470298219e-12 5.841203388061843869e-07
2.000000000000000000e+01 3.581316173457768823e-07 3.926074837814526882e-11 3.580923565973987014e-07
2.500000000000000000e+01 5.055917389242362626e-07 1.133409241130760905e-10 5.054783980001231998e-07
3.000000000000000000e+01 5.084910111689202706e-07 1.764244034586663621e-10 5.083145867654615995e-07
3.500000000000000000e+01 1.208700188214391673e-07 1.770538223835381574e-10 1.206929649990556505e-07
4.000000000000000000e+01 1.160161211790434159e-09 1.918751448824800426e-10 9.682860669079540387e-10
4.500000000000000000e+01 1.679566768756816884e-08 1.967222372917535934e-10 1.659894545027641589e-08
5.000000000000000000e+01 2.991099412694423790e-07 2.095517393349254737e-10 2.989003895301074087e-07
5.500000000000000000e+01 6.205116471449217600e-07 2.228995452407745336e-10 6.202887475996809685e-07
6.000000000000000000e+01 4.172908863199251227e-07 3.476268367307448740e-10 4.169432594831943816e-07
6.500000000000000000e+01 4.178469610020122196e-07 5.321126357825646495e-10 4.173148483662297622e-07
7.000000000000000000e+01 5.528892929075796521e-07 7.097238708976988752e-10 5.521795690366819101e-07
7.500000000000000000e+01 2.163289571185713584e-07 7.316218948208602521e-10 2.155973352237504688e-07
8.000000000000000000e+01 8.565047130220925616e-09 7.602930448172096144e-10 7.804754085403715278e-09
8.500000000000000000e+01 5.420684965027257701e-09 7.699164259299450470e-10 4.650768539097312447e-09
9.000000000000000000e+01 1.848906110021824890e-07 7.970411581355425173e-10 1.840935698440469234e-07
9.500000000000000000e+01 5.966593727592699004e-07 7.987329709447922406e-10 5.958606397883251253e-07
1.000000000000000000e+02 5.137223197989113297e-07 9.625536083656192226e-10 5.127597661905458238e-07
1.050000000000000000e+02 3.573958190884944932e-07 1.255951629078834933e-09 3.561398674594156940e-07
1.100000000000000000e+02 5.410361065497985930e-07 1.566328942209961838e-09 5.394697776075886289e-07
1.150000000000000000e+02 3.232747191254002378e-07 1.666539288304955817e-09 3.216081798370952832e-07
1.200000000000000000e+02 3.157303116163886803e-08 1.691668261222220478e-09 2.988136290041664052e-08
1.250000000000000000e+02 7.198805777081851659e-09 1.724122369088484445e-09 5.474683407993366593e-09
1.300000000000000000e+02 9.638933280612336391e-08 1.752655069034795187e-09 9.463667773708855569e-08
1.350000000000000000e+02 5.146837418173200026e-07 1.756036190272255800e-09 5.129277056270477052e-07
1.400000000000000000e+02 6.115833439844666152e-07 1.891347130850028916e-09 6.096919968536165536e-07
1.450000000000000000e+02 3.511620735694041658e-07 2.282553587175211511e-09 3.488795199822290275e-07
1.500000000000000000e+02 4.835635651073780343e-07 2.715553399766170148e-09 4.808480117076118592e-07
1.550000000000000000e+02 4.176880895429718688e-07 2.965046067157901177e-09 4.147230434758140061e-07
1.600000000000000000e+02 7.895915979769353638e-08 2.980472272859838546e-09 7.597868752483369535e-08
1.650000000000000000e+02 1.264754546907280633e-08 3.050568998909622340e-09 9.596976470163183993e-09
1.700000000000000000e+02 4.423982678783013052e-08 3.069034433268904648e-09 4.117079235456122711e-08
1.750000000000000000e+02 3.947673017589185289e-07 3.096619710092678716e-09 3.916706820488258361e-07
1.800000000000000000e+02 6.739065449842655602e-07 3.158007870853583555e-09 6.707485371134119754e-07
1.850000000000000000e+02 4.063897159662033360e-07 3.603481596021328816e-09 4.027862343701820576e-07
1.900000000000000000e+02 4.078204900019339208e-07 4.145106443703439216e-09 4.036753835582305056e-07
1.950000000000000000e+02 4.761815787821756078e-07 4.585457442422914351e-09 4.715961213397526165e-07
2.000000000000000000e+02 1.523672435727378562e-07 4.631530575033039463e-09 1.477357129977048167e-07
2.050000000000000000e+02 1.945752166525670962e-08 4.724863680548378573e-09 1.473265798470832939e-08
2.100000000000000000e+02 2.558876923529375286e-08 4.748040346045171098e-09 2.084072888924858342e-08
2.150000000000000000e+02 2.667754838676672886e-07 4.799120649419063682e-09 2.619763632182482655e-07
2.200000000000000000e+02 6.754910263380843982e-07 4.794205251724056017e-09 6.706968210863603025e-07
2.250000000000000000e+02 5.075342421792143059e-07 5.210229612872904382e-09 5.023240125663414843e-07
2.300000000000000000e+02 3.488910117465632036e-07 5.855570962631551053e-09 3.430354407839315955e-07
2.350000000000000000e+02 4.855109074517670531e-07 6.476706239781768106e-09 4.790342012119854148e-07
2.400000000000000000e+02 2.426474364715385654e-07 6.643408339685347902e-09 2.360040281318532208e-07
2.450000000000000000e+02 3.290731546241680843e-08 6.721702425654636122e-09 2.618561303676217231e-08
2.500000000000000000e+02 2.836517188472206318e-08 6.787570320853724157e-09 2.157760156386834564e-08
2.550000000000000000e+02 1.591785593471571554e-07 6.836497818074299882e-09 1.523420615290828630e-07
2.600000000000000000e+02 6.111308427346863393e-07 6.816603805173964465e-09 6.043142389295124204e-07
2.650000000000000000e+02 6.214630568381184836e-07 7.109802963932927362e-09 6.143532538741854752e-07
2.700000000000000000e+02 3.370172364416902160e-07 7.843625905625983395e-09 3.291736105360641714e-07
2.750000000000000000e+02 4.491234331620320030e-07 8.603314469779264370e-09 4.405201186922526923e-07
2.800000000000000000e+02 3.312153542503094114e-07 8.987127531068995411e-09 3.222282267192404689e-07
2.850000000000000000e+02 6.173707632712604654e-08 9.032514445124048675e-09 5.270456188200199125e-08
2.900000000000000000e+02 3.873880437483336489e-08 9.165479710326615805e-09 2.957332466450674743e-08
2.950000000000000000e+02 8.965081039017160440e-08 9.194973532749966858e-09 8.045583685742162431e-08
3.000000000000000000e+02 4.963740423683272894e-07 9.209287414516072369e-09 4.871647549538113130e-07
3.050000000000000000e+02 7.090838606871221467e-07 9.331559055864248656e-09 6.997523016312579063e-07
3.100000000000000000e+02 3.860827890741559139e-07 1.009342892299800581e-08 3.759893601511578750e-07
3.150000000000000000e+02 3.877235052889182690e-07 1.095742172246055482e-08 3.767660835664577141e-07
3.200000000000000000e+02 3.963062151378380563e-07 1.160282759583005783e-08 3.847033875420079670e-07
3.250000000000000000e+02 1.117421679371232451e-07 1.166501921701754048e-08 1.000771487201056930e-07
3.300000000000000000e+02 4.808601815800461645e-08 1.184052333567065037e-08 3.624549482233397269e-08
3.350000000000000000e+02 6.080315102813876247e-08 1.187479141601640551e-08 4.892835961212235365e-08
3.400000000000000000e+02 3.609122585456378779e-07 1.192868592630116010e-08 3.489835726193367591e-07
3.450000000000000000e+02 7.390469583771241814e-07 1.191206806956946250e-08 7.271348903075547289e-07
3.500000000000000000e+02 4.876645719910939007e-07 1.258792836791839912e-08 4.750766436231755214e-07
3.550000000000000000e+02 3.330363964480350324e-07 1.354668551924788849e-08 3.194897109287871026e-07
3.600000000000000000e+02 4.217653495728135617e-07 1.442254017919487749e-08 4.073428093936186644e-07
3.650000000000000000e+02 1.804561969678841747e-07 1.461955677257980201e-08 1.658366401953043528e-07
3.700000000000000000e+02 5.626336764498811385e-08 1.477403926058355979e-08 4.148932838440456894e-08
3.750000000000000000e+02 6.223443181451801431e-08 1.487051408001932847e-08 4.736391773449868088e-08
3.800000000000000000e+02 2.374545167588228259e-07 1.492909938937631372e-08 2.225254173694465685e-07
3.850000000000000000e+02 6.984256983426575435e-07 1.486510715823601535e-08 6.835605911844214008e-07
3.900000000000000000e+02 6.131708799753983979e-07 1.533073202452495626e-08 5.978401479508733259e-07
3.950000000000000000e+02 3.166439835104153349e-07 1.637005047011162675e-08 3.002739330403037346e-07
4.000000000000000000e+02 4.047394762213814459e-07 1.740246222929892690e-08 3.873370139920824594e-07
4.050000000000000000e+02 2.557713967288429477e-07 1.786133629936210140e-08 2.379100604294808265e-07
4.100000000000000000e+02 6.994315393514068461e-08 1.795314333749486934e-08 5.199001059764580203e-08
4.150000000000000000e+02 7.740398550861118491e-08 1.815034971363670539e-08 5.925363579497446297e-08
4.200000000000000000e+02 1.504982632280087524e-07 1.818680725054791941e-08 1.323114559774608363e-07
4.250000000000000000e+02 5.965324905192427788e-07 1.816081462758767128e-08 5.783716758916550645e-07
4.300000000000000000e+02 7.234857542974921904e-07 1.835503526285977670e-08 7.051307190346322946e-07
4.350000000000000000e+02 3.579143905898281071e-07 1.940624023635975185e-08 3.385081503534684281e-07
4.400000000000000000e+02 3.588114532589392936e-07 2.053702949906569785e-08 3.382744237598736553e-07
4.450000000000000000e+02 3.195168193154362807e-07 2.131614420476783272e-08 2.982006751106684778e-07
4.500000000000000000e+02 9.721206365498490321e-08 2.139013095806711484e-08 7.582193269691777844e-08
4.550000000000000000e+02 9.189649000774012933e-08 2.165808777016373028e-08 7.023840223757640898e-08
4.600000000000000000e+02 1.092105884045345037e-07 2.169988590476603018e-08 8.751070249976849667e-08
4.650000000000000000e+02 4.607230261421475114e-07 2.173404552549721790e-08 4.389889806166503564e-07
4.700000000000000000e+02 7.825918228988115554e-07 2.170423403133664444e-08 7.608875888674748878e-07
4.750000000000000000e+02 4.557274889065466585e-07 2.262874076920484046e-08 4.330987481373417783e-07
4.800000000000000000e+02 3.107253045337369426e-07 2.384191911415729052e-08 2.868833854195796058e-07
4.850000000000000000e+02 3.547433042425624228e-07 2.489885773514160973e-08 3.298444465074208330e-07
4.900000000000000000e+02 1.413864225134738228e-07 2.509246935957021550e-08 1.162939531539036470e-07
4.950000000000000000e+02 9.931833500687227007e-08 2.534110721549002850e-08 7.397722779138223826e-08
5.000000000000000000e+02 1.067815904018601353e-07 2.546247786037697177e-08 8.131911254148316024e-08
5.050000000000000000e+02 3.260839496171363440e-07 2.551802068973970685e-08 3.005659289273966769e-07
5.100000000000000000e+02 7.700811764282235965e-07 2.539401141433424189e-08 7.446871650138892950e-07
5.150000000000000000e+02 5.874856291670559156e-07 2.603484083019355158e-08 5.614507883368623971e-07
5.200000000000000000e+02 2.913387107104845584e-07 2.732149137263581787e-08 2.640172193378487008e-07
5.250000000000000000e+02 3.537105410216089876e-07 2.855430426382443201e-08 3.251562367577845656e-07
5.300000000000000000e+02 1.972787791389453738e-07 2.902665701178175413e-08 1.682521221271636362e-07
5.350000000000000000e+02 1.024399944062662515e-07 2.918085180641700327e-08 7.325914259984924488e-08
5.400000000000000000e+02 1.258788914360272695e-07 2.943763632014171904e-08 9.644125511588555043e-08
5.450000000000000000e+02 2.231124729997392345e-07 2.947593964655527929e-08 1.936365333531839420e-07
5.500000000000000000e+02 6.879259146567896593e-07 2.938562975309115690e-08 6.585402849036985421e-07
5.550000000000000000e+02 7.161598691561758585e-07 2.965935754926889650e-08 6.865005116069070083e-07
5.600000000000000000e+02 3.239007083917225188e-07 3.095176135634284808e-08 2.929489470353796443e-07
5.650000000000000000e+02 3.230261636649266398e-07 3.227641359452380969e-08 2.907497500704028632e-07
5.700000000000000000e+02 2.519329790531000323e-07 3.310964360045632798e-08 2.188233354526437109e-07
5.750000000000000000e+02 1.095736585228257158e-07 3.319489619617859476e-08 7.637876232664712106e-08
5.800000000000000000e+02 1.473753850468846250e-07 3.355749379589420224e-08 1.138178912509904294e-07
5.850000000000000000e+02 1.680593439091449301e-07 3.360273670207102234e-08 1.344566072070739077e-07
5.900000000000000000e+02 5.591414033400518818e-07 3.359497893731871552e-08 5.255464244027330803e-07
5.950000000000000000e+02 8.029424368681927412e-07 3.355346649760572330e-08 7.693889703705870841e-07
6.000000000000000000e+02 4.141623897553353654e-07 3.469685529801811311e-08 3.794655344573172655e-07
6.050000000000000000e+02 2.832877995271108273e-07 3.608878849582273808e-08 2.471990110312880760e-07
6.100000000000000000e+02 2.897577105298809682e-07 3.724068351702029901e-08 2.525170270128606626e-07
6.150000000000000000e+02 1.283891615682745374e-07 3.740224642413043223e-08 9.098691514414409859e-08
6.200000000000000000e+02 1.583884707263994276e-07 3.775606956384050072e-08 1.206324011625589269e-07
6.250000000000000000e+02 1.593394955567861930e-07 3.789465210940068875e-08 1.214448434473854645e-07
6.300000000000000000e+02 4.190911209863792529e-07 3.793349860165683918e-08 3.811576223847223740e-07
6.350000000000000000e+02 8.208044474097610582e-07 3.773922789280314106e-08 7.830652195169579767e-07
6.400000000000000000e+02 5.464667408657979320e-07 3.854528301363419265e-08 5.079214578521636931e-07
6.450000000000000000e+02 2.626618151950772633e-07 4.000389618427475599e-08 2.226579190108024808e-07
6.500000000000000000e+02 2.999461872438604361e-07 4.135106852669602458e-08 2.585951187171643983e-07
6.550000000000000000e+02 1.604255150496869768e-07 4.177783536992117423e-08 1.186476796797657827e-07
6.600000000000000000e+02 1.563158670367731965e-07 4.200794716619755980e-08 1.143079198705756367e-07
6.650000000000000000e+02 1.808582909035284405e-07 4.231443335003406255e-08 1.385438575534943515e-07
6.700000000000000000e+02 3.029118185988165937e-07 4.234888673808072147e-08 2.605629318607358126e-07
6.750000000000000000e+02 7.638667636464557909e-07 4.217492672141056456e-08 7.216918369250450411e-07
6.800000000000000000e+02 6.878067654837486496e-07 4.253078878024109467e-08 6.452759767035076409e-07
6.850000000000000000e+02 2.863686683908144125e-07 4.399826630582102068e-08 2.423704020849933984e-07
6.900000000000000000e+02 2.828871981523275076e-07 4.543104518085323000e-08 2.374561529714742644e-07
6.950000000000000000e+02 1.990711690246124487e-07 4.623653590685567457e-08 1.528346331177567940e-07
7.000000000000000000e+02 1.476061741561907853e-07 4.633574489233239162e-08 1.012704292638583870e-07
7.050000000000000000e+02 2.103185400701252401e-07 4.678703611052531802e-08 1.635315039595999287e-07
7.100000000000000000e+02 2.338526114928442821e-07 4.683169858830799257e-08 1.870209129045362565e-07
7.150000000000000000e+02 6.491311697867570722e-07 4.676185091708292663e-08 6.023693188696741654e-07
7.200000000000000000e+02 7.986962133489340569e-07 4.671226677837426353e-08 7.519839465705599721e-07
7.250000000000000000e+02 3.660238689843993443e-07 4.802780607341416801e-08 3.179960629109851762e-07
7.300000000000000000e+02 2.524262513913453654e-07 4.951100172733567358e-08 2.029152496640096852e-07
7.350000000000000000e+02 2.320952080949613946e-07 5.066527532156761030e-08 1.814299327733937777e-07
7.400000000000000000e+02 1.424489774641057662e-07 5.077308887649791710e-08 9.167588858760784913e-08
7.450000000000000000e+02 2.287221913829711038e-07 5.123495537287162999e-08 1.774872360100994804e-07
7.500000000000000000e+02 2.167532332254131295e-07 5.138218633805373067e-08 1.653710468873594054e-07
7.550000000000000000e+02 5.100773816497939150e-07 5.139073966447264379e-08 4.586866419853212183e-07
7.600000000000000000e+02 8.468947495143464671e-07 5.112192140753043147e-08 7.957728281068161217e-07
7.650000000000000000e+02 4.932664904043376313e-07 5.207047848533664643e-08 4.411960119190010908e-07
7.700000000000000000e+02 2.323421159955375666e-07 5.361343715546796289e-08 1.787286788400696037e-07
7.750000000000000000e+02 2.476939100222304446e-07 5.498083491998899463e-08 1.927130751022414235e-07
7.800000000000000000e+02 1.482934557403556849e-07 5.530987342234552949e-08 9.298358231801012891e-08
7.850000000000000000e+02 2.271191095857108774e-07 5.562517039197025159e-08 1.714939391937406059e-07
7.900000000000000000e+02 2.387161007320070877e-07 5.596760287190820799e-08 1.827484978600988466e-07
7.950000000000000000e+02 3.847002998095936904e-07 5.599237196174960892e-08 3.287079278478440682e-07
8.000000000000000000e+02 8.188021586996755712e-07 5.572131109554533929e-08 7.630808476041301856e-07
8.050000000000000000e+02 6.407000805190518760e-07 5.615604212588647027e-08 5.845440383931655381e-07
8.100000000000000000e+02 2.477814798850697865e-07 5.771881402740090289e-08 1.900626658576688505e-07
8.150000000000000000e+02 2.413378185273805950e-07 5.916660483448395811e-08 1.821712136928966700e-07
8.200000000000000000e+02 1.654119039625698738e-07 5.986629458686159863e-08 1.055456093757083016e-07
8.250000000000000000e+02 2.081675943265586747e-07 5.998427656113378252e-08 1.481833177654248790e-07
8.300000000000000000e+02 2.761401737222929217e-07 6.051096498180396918e-08 2.156292087404889525e-07
8.350000000000000000e+02 3.025538601738101473e-07 6.055155269202611773e-08 2.420023074817840031e-07
8.400000000000000000e+02 7.242100638210616082e-07 6.040285863192419489e-08 6.638072051891372545e-07
8.450000000000000000e+02 7.703224066836421159e-07 6.035003687382407592e-08 7.099723698098179341e-07
8.500000000000000000e+02 3.147321323245309506e-07 6.177689228501564469e-08 2.529552400395152530e-07
8.550000000000000000e+02 2.201270590395574961e-07 6.325764062080676643e-08 1.568694184187507032e-07
8.600000000000000000e+02 1.866119562363543295e-07 6.432179722054307028e-08 1.222901590158112857e-07
8.650000000000000000e+02 1.824992423681945048e-07 6.436209060388100899e-08 1.181371517643135091e-07
8.700000000000000000e+02 3.048662862784211362e-07 6.492627914442705986e-08 2.399400071339940366e-07
8.750000000000000000e+02 2.755614122116263650e-07 6.507378523454856339e-08 2.104876269770777222e-07
8.800000000000000000e+02 5.926804894996347827e-07 6.503943010601055643e-08 5.276410593936243719e-07
8.850000000000000000e+02 8.465209125717239580e-07 6.469760476481313414e-08 7.818233078069108238e-07
8.900000000000000000e+02 4.318617956564332265e-07 6.575421320092267316e-08 3.661075824555105004e-07
8.950000000000000000e+02 2.021779700797989964e-07 6.728743058637077059e-08 1.348905394934281994e-07
9.000000000000000000e+02 2.012313905990588861e-07 6.857909498110492704e-08 1.326522956179539458e-07
9.050000000000000000e+02 1.621038161533622778e-07 6.876875611671401997e-08 9.333506003664827104e-08
9.100000000000000000e+02 3.092063725136008320e-07 6.917278968485079014e-08 2.400335828287500418e-07
9.150000000000000000e+02 2.957361974066322965e-07 6.953516612842987534e-08 2.262010312782024476e-07
9.200000000000000000e+02 4.630162963329100840e-07 6.954461646986640937e-08 3.934716798630437672e-07
9.250000000000000000e+02 8.487375765770277058e-07 6.916965913226261693e-08 7.795679174447650359e-07
9.300000000000000000e+02 5.784854866597906209e-07 6.967368611687441825e-08 5.088118005429161762e-07
9.350000000000000000e+02 2.105651554096697213e-07 7.124362361857812420e-08 1.393215317910915838e-07
9.400000000000000000e+02 2.015535682783491356e-07 7.261190403117775860e-08 1.289416642471714034e-07
9.450000000000000000e+02 1.540367048486401954e-07 7.313716114949603786e-08 8.089954369914414428e-08
9.500000000000000000e+02 2.864371065994339935e-07 7.327947886695909700e-08 2.131576277324748965e-07
9.550000000000000000e+02 3.401976259212205426e-07 7.386239589460857116e-08 2.663352300266119714e-07
9.600000000000000000e+02 3.698329341304112828e-07 7.389621102695804101e-08 2.959367231034532286e-07
9.650000000000000000e+02 7.789400971625741504e-07 7.365644941207022173e-08 7.052836477505038228e-07
9.700000000000000000e+02 7.201085227639648425e-07 7.360553797422117009e-08 6.465029847897436592e-07
9.750000000000000000e+02 2.638052701495508919e-07 7.507267978297053542e-08 1.887325903665803168e-07
9.800000000000000000e+02 1.885521472811222252e-07 7.645709553404649923e-08 1.120950517470757127e-07
9.850000000000000000e+02 1.573504321860557581e-07 7.734525853689116352e-08 8.000517364916459456e-08
9.900000000000000000e+02 2.454934945664488154e-07 7.731229178093569189e-08 1.681812027855131367e-07
9.950000000000000000e+02 3.810761244354081184e-07 7.796496302212988233e-08 3.031111614132782758e-07
1.000000000000000000e+03 3.321942692112108811e-07 7.810543678868854057e-08 2.540888324225223935e-07
1.005000000000000000e+03 6.610419343518617973e-07 7.801734408570837231e-08 5.830245902661533323e-07
1.010000000000000000e+03 8.198562180884524506e-07 7.760942267325864482e-08 7.422467954151939381e-07
1.015000000000000000e+03 3.667282171766136153e-07 7.872985281397281130e-08 2.879983643626408305e-07
1.020000000000000000e+03 1.739408719573568620e-07 8.015899650242983034e-08 9.378187545492703162e-08
1.025000000000000000e+03 1.645444039555134100e-07 8.128360363606949632e-08 8.326080031944394019e-08
1.030000000000000000e+03 2.011012903700184170e-07 8.130523787232548199e-08 1.197960524976929483e-07
1.035000000000000000e+03 3.961779216949530722e-07 8.179503898927931052e-08 3.143828827056738014e-07
1.040000000000000000e+03 3.483389045554606511e-07 8.216080184902885771e-08 2.661781027064318463e-07
1.045000000000000000e+03 5.325117890036634966e-07 8.214971768617920370e-08 4.503620713174841605e-07
1.050000000000000000e+03 8.515462580783935380e-07 8.167105838495702174e-08 7.698751996934365031e-07
1.055000000000000000e+03 5.058756052217160814e-07 8.222864285365430938e-08 4.236469623680618646e-07
1.060000000000000000e+03 1.769498500132190524e-07 8.371519695993637934e-08 9.323465305328267304e-08
1.065000000000000000e+03 1.667245204116228455e-07 8.491417428034275703e-08 8.181034613128006200e-08
1.070000000000000000e+03 1.663642736684495013e-07 8.521055088908170422e-08 8.115372277936779704e-08
1.075000000000000000e+03 3.762858722779254306e-07 8.538208160811502831e-08 2.909037906698103891e-07
1.080000000000000000e+03 3.981072660709117898e-07 8.599815155076874000e-08 3.121091145201430498e-07
1.085000000000000000e+03 4.313398647626532517e-07 8.602332689020242489e-08 3.453165378724508268e-07
1.090000000000000000e+03 8.093475881097077768e-07 8.568565436847901829e-08 7.236619337412288246e-07
1.095000000000000000e+03 6.519656740142217476e-07 8.564131887101577972e-08 5.663243551432058752e-07
1.100000000000000000e+03 2.165959023397064856e-07 8.707224974668291951e-08 1.295236525930235925e-07
1.105000000000000000e+03 1.599145245047805831e-07 8.827235233255916833e-08 7.164217217222144119e-08
1.110000000000000000e+03 1.472065804708996433e-07 8.891127508164479063e-08 5.829530538925483943e-08
1.115000000000000000e+03 3.266296746669794606e-07 8.880667501664540976e-08 2.378229996503341037e-07
1.120000000000000000e+03 4.517373157558940500e-07 8.952714994509259109e-08 3.622101658108014589e-07
1.125000000000000000e+03 3.831786227012709631e-07 8.965490452576404444e-08 2.935237181755069583e-07
1.130000000000000000e+03 7.102486497710455885e-07 8.950470403288717058e-08 6.207439457381585106e-07
1.135000000000000000e+03 7.690587447982821007e-07 8.904226172352869251e-08 6.800164830747534347e-07
1.140000000000000000e+03 3.024841406446245535e-07 9.017521997214675334e-08 2.123089206724777472e-07
1.145000000000000000e+03 1.492859385684062148e-07 9.141202332385927771e-08 5.787391524454693712e-08
1.150000000000000000e+03 1.410131573737445337e-07 9.228911727815987692e-08 4.872404009558464352e-08
1.155000000000000000e+03 2.625890480014114333e-07 9.212833975128505926e-08 1.704607082501263740e-07
1.160000000000000000e+03 4.813647134181671038e-07 9.269427863468109785e-08 3.886704347834861383e-07
1.165000000000000000e+03 3.932886313690118162e-07 9.304783215552477808e-08 3.002407992134870116e-07
1.170000000000000000e+03 5.883360953688698341e-07 9.301157001003949895e-08 4.953245253588303351e-07
1.175000000000000000e+03 8.271381870232546756e-07 9.243638897179313079e-08 7.347017980514615845e-07
1.180000000000000000e+03 4.282660507739159260e-07 9.302631321167480325e-08 3.352397375622411227e-07
1.185000000000000000e+03 1.488369228207150045e-07 9.434272756067392686e-08 5.449419526004106439e-08
1.190000000000000000e+03 1.398240224504016921e-07 9.529322840463537959e-08 4.453079404576631249e-08
1.195000000000000000e+03 2.020090183770403102e-07 9.532394362605800480e-08 1.066850747509823054e-07
1.200000000000000000e+03 4.707478305465866218e-07 9.552765221491956402e-08 3.752201783316670313e-07
1.205000000000000000e+03 4.460287335032426962e-07 9.615207056495885479e-08 3.498766629382838282e-07
1.210000000000000000e+03 4.829908896634250642e-07 9.616739508445351958e-08 3.868234945789715711e-07
1.215000000000000000e+03 8.132391235978512497e-07 9.573089790076839548e-08 7.175082256970828012e-07
1.220000000000000000e+03 5.711085735401200831e-07 9.569666295818495628e-08 4.754119105819351268e-07
1.225000000000000000e+03 1.760537050192602964e-07 9.701463183539395720e-08 7.903907318386633918e-08
1.230000000000000000e+03 1.363427458337447144e-07 9.795411025395214432e-08 3.838863557979255020e-08
1.235000000000000000e+03 1.576746802503271058e-07 9.828824167082138821e-08 5.938643857950571760e-08
1.240000000000000000e+03 4.197119818700360630e-07 9.811974276008140040e-08 3.215922391099547023e-07
1.245000000000000000e+03 5.117656630759329832e-07 9.888233383832807095e-08 4.128833292376049519e-07
1.250000000000000000e+03 4.253398843756821657e-07 9.899350614455907738e-08 3.263463782311231545e-07
1.255000000000000000e+03 7.367159680540786933e-07 9.877589859539809114e-08 6.379400694586805624e-07
1.260000000000000000e+03 6.980975867605197175e-07 9.827425150733078843e-08 5.998233352531888497e-07
1.265000000000000000e+03 2.435350649916992500e-07 9.936477059577360971e-08 1.441702943959256006e-07
1.270000000000000000e+03 1.296718673156088093e-07 1.003329639301071733e-07 2.933890338550162276e-08
1.275000000000000000e+03 1.331312095195122196e-07 1.008984299816381449e-07 3.223277953787410120e-08
1.280000000000000000e+03 3.421152548269542279e-07 1.005551775036099599e-07 2.415600773233443077e-07
1.285000000000000000e+03 5.583292983102385144e-07 1.011815989207238574e-07 4.571476993895146703e-07
1.290000000000000000e+03 4.278726368129577770e-07 1.015094764654359411e-07 3.263631603475217830e-07
1.295000000000000000e+03 6.264983445932746677e-07 1.014440956111634201e-07 5.250542489821113137e-07
1.300000000000000000e+03 7.774735350595374147e-07 1.007861620274914522e-07 6.766873730320458566e-07
1.305000000000000000e+03 3.513053914342848006e-07 1.013828929406016269e-07 2.499224984936831604e-07
1.310000000000000000e+03 1.276993216270285111e-07 1.024522415543223660e-07 2.524708007270614841e-08
1.315000000000000000e+03 1.233792151901286102e-07 1.030909658706501302e-07 2.028824931947848329e-08
1.320000000000000000e+03 2.587770648644292923e-07 1.028389542679758438e-07 1.559381105964534485e-07
1.325000000000000000e+03 5.625532750117924323e-07 1.030750169237190685e-07 4.594782580880732844e-07
1.330000000000000000e+03 4.808984185690802538e-07 1.036833355409002453e-07 3.772150830281799291e-07
1.335000000000000000e+03 5.212496683254098873e-07 1.036879684915901275e-07 4.175616998338197731e-07
1.340000000000000000e+03 7.903870928508019907e-07 1.031579670920260955e-07 6.872291257587758688e-07
1.345000000000000000e+03 4.836361721982820938e-07 1.031356973696347397e-07 3.805004748286473805e-07
1.350000000000000000e+03 1.445316027189823169e-07 1.042691536770597635e-07 4.026244904192257985e-08
1.355000000000000000e+03 1.197403406408962312e-07 1.048883797547011590e-07 1.485196088619506896e-08
1.360000000000000000e+03 1.886931783251303325e-07 1.048835016855174138e-07 8.380967663961293196e-08
1.365000000000000000e+03 5.176230623514252237e-07 1.046633438398663494e-07 4.129597185115588213e-07
1.370000000000000000e+03 5.569557684286990248e-07 1.054396210745004502e-07 4.515161473541985350e-07
1.375000000000000000e+03 4.559923941100110487e-07 1.055320465311464916e-07 3.504603475788645571e-07
1.380000000000000000e+03 7.384809249729145859e-07 1.052453102815831066e-07 6.332356146913313998e-07
1.385000000000000000e+03 6.124377456877761114e-07 1.047223794257385733e-07 5.077153662620375514e-07
1.390000000000000000e+03 1.937474202760207564e-07 1.057155900725158142e-07 8.803183020350492891e-08
1.395000000000000000e+03 1.162911468351230345e-07 1.063561244088063066e-07 9.935022426316741082e-09
1.400000000000000000e+03 1.422800291742444977e-07 1.065665528560999917e-07 3.571347631814449942e-08
1.405000000000000000e+03 4.337995106633871013e-07 1.060540060936586828e-07 3.277455045697283921e-07
1.410000000000000000e+03 6.213399282760884642e-07 1.067204694776868769e-07 5.146194587984016931e-07
1.415000000000000000e+03 4.500429490813634725e-07 1.070120901370215829e-07 3.430308589443419028e-07
1.420000000000000000e+03 6.441812724863118406e-07 1.069145497247690551e-07 5.372667227615428781e-07
1.425000000000000000e+03 7.064172382909267883e-07 1.061934417686410290e-07 6.002237965222858255e-07
1.430000000000000000e+03 2.804547627672232953e-07 1.067687120523628048e-07 1.736860507148605038e-07
1.435000000000000000e+03 1.145185230270778680e-07 1.075294320958600305e-07 6.989090931217818427e-09
1.440000000000000000e+03 1.192602852899340561e-07 1.078131702372115854e-07 1.144711505272247571e-08
1.445000000000000000e+03 3.328040966400343450e-07 1.072815073709693081e-07 2.255225892690650369e-07
1.450000000000000000e+03 6.446826669892830872e-07 1.075469216835910792e-07 5.371357453056920477e-07
1.455000000000000000e+03 5.005993710820995855e-07 1.081168770428837347e-07 3.924824940392157979e-07
1.460000000000000000e+03 5.433859203573177985e-07 1.081100622589930885e-07 4.352758580983246703e-07
1.465000000000000000e+03 7.425670430443985870e-07 1.074980987420403537e-07 6.350689443023582201e-07
1.470000000000000000e+03 3.960478691037010279e-07 1.074876429313405596e-07 2.885602261723604683e-07
1.475000000000000000e+03 1.236485894946888296e-07 1.083754852049706459e-07 1.527310428971817709e-08
1.480000000000000000e+03 1.116475640834872878e-07 1.086354376490531737e-07 3.012126434434108745e-09
1.485000000000000000e+03 2.386077719176377538e-07 1.082807225975720425e-07 1.303270493200657643e-07
1.490000000000000000e+03 6.128700366598691918e-07 1.080239405413163457e-07 5.048460961185528991e-07
1.495000000000000000e+03 5.842525711392292039e-07 1.087849979424473376e-07 4.754675731967819457e-07
1.500000000000000000e+03 4.731084717245853267e-07 1.088578686796051380e-07 3.642506030449803210e-07
1.505000000000000000e+03 7.153803183220663115e-07 1.085043342546488988e-07 6.068759840674173464e-07
1.510000000000000000e+03 5.186088610425466310e-07 1.079793276929931355e-07 4.106295333495534161e-07
1.515000000000000000e+03 1.561774619804419740e-07 1.088244825810555727e-07 4.735297939938640135e-08
1.520000000000000000e+03 1.100109640764531475e-07 1.090995534803323176e-07 9.114105961208040073e-10
1.525000000000000000e+03 1.685803290250250264e-07 1.089351442433607270e-07 5.964518478166429937e-08
1.530000000000000000e+03 5.307756664002295200e-07 1.082777876198432592e-07 4.224978787803862873e-07
1.535000000000000000e+03 6.657810944918607776e-07 1.089607018658736659e-07 5.568203926259870719e-07
1.540000000000000000e+03 4.585171700545650255e-07 1.092086777503441512e-07 3.493084923042208082e-07
1.545000000000000000e+03 6.399807246322030214e-07 1.090771789414853415e-07 5.309035456907175872e-07
1.550000000000000000e+03 6.194442806475895714e-07 1.083171619067545849e-07 5.111271187408349998e-07
1.555000000000000000e+03 2.205738490034690848e-07 1.088418907787677041e-07 1.117319582247013543e-07
1.560000000000000000e+03 1.097575488973152556e-07 1.092522758571144619e-07 5.052730402007666099e-10
1.565000000000000000e+03 1.285058757497385831e-07 1.091608161015075034e-07 1.934505964823106980e-08
1.570000000000000000e+03 4.188282044197965122e-07 1.083716856369010349e-07 3.104565187828953582e-07
1.575000000000000000e+03 7.108959696338010140e-07 1.086603138744076678e-07 6.022356557593933991e-07
1.580000000000000000e+03 5.040600970640878459e-07 1.091732240500478015e-07 3.948868730140399914e-07
1.585000000000000000e+03 5.476923743774991176e-07 1.091541500627043146e-07 4.385382243147947898e-07
1.590000000000000000e+03 6.734406628644628667e-07 1.084776355866311433e-07 5.649630272778316970e-07
1.595000000000000000e+03 3.147355887870871627e-07 1.084766310913060992e-07 2.062589576957810238e-07
1.600000000000000000e+03 1.142156001206013716e-07 1.090729141607534786e-07 5.142685959847883084e-09
1.605000000000000000e+03 1.131145428040281154e-07 1.089577748648602804e-07 4.156767939167831730e-09
1.610000000000000000e+03 3.042595727874298678e-07 1.082660725631351192e-07 1.959935002242947884e-07
1.615000000000000000e+03 6.981602796220423145e-07 1.079888212205664804e-07 5.901714584014758209e-07
1.620000000000000000e+03 5.919297166788319067e-07 1.087074425309614885e-07 4.832222741478703520e-07
1.625000000000000000e+03 4.754579414727725968e-07 1.087609083896213922e-07 3.666970330831512179e-07
1.630000000000000000e+03 6.690958198739408050e-07 1.083472701863496148e-07 5.607485496875912960e-07
1.635000000000000000e+03 4.236927534950536321e-07 1.078392169545578835e-07 3.158535365404957750e-07
1.640000000000000000e+03 1.328747672611136345e-07 1.084936362903197966e-07 2.438113097079383792e-08
1.645000000000000000e+03 1.113249049872486721e-07 1.083893461512246994e-07 2.935558836023959048e-09
1.650000000000000000e+03 2.108363725444042174e-07 1.078551015510484585e-07 1.029812709933557721e-07
1.655000000000000000e+03 6.257169671348620745e-07 1.070861174013377078e-07 5.186308497335244859e-07
1.660000000000000000e+03 6.884703889566498116e-07 1.077606435463401122e-07 5.807097454103097391e-07
1.665000000000000000e+03 4.528370862350399842e-07 1.079607644191961827e-07 3.448763218158438677e-07
1.670000000000000000e+03 6.140493073041429526e-07 1.077951549377719303e-07 5.062541523663710223e-07
1.675000000000000000e+03 5.232182461319404555e-07 1.070235982097053501e-07 4.161946479222350656e-07
1.680000000000000000e+03 1.755662256138499856e-07 1.074701143437444579e-07 6.809611127010552773e-08
1.685000000000000000e+03 1.133663502539876962e-07 1.075115612999090871e-07 5.854788954078621508e-09
1.690000000000000000e+03 1.512014866601380337e-07 1.070489786994697568e-07 4.415250796066826369e-08
1.695000000000000000e+03 5.105788931335276679e-07 1.060412909138226693e-07 4.045376022197049722e-07
1.700000000000000000e+03 7.561958373481783935e-07 1.063443613014569101e-07 6.498514760467213511e-07
1.705000000000000000e+03 4.912815840444743826e-07 1.067860536897099655e-07 3.844955303547645759e-07
1.710000000000000000e+03 5.336420838726959726e-07 1.067538586042214026e-07 4.268882252684746097e-07
1.715000000000000000e+03 5.882907472394723530e-07 1.060352700616101288e-07 4.822554771778621845e-07
1.720000000000000000e+03 2.454935439540254882e-07 1.060392442409143541e-07 1.394542997131111606e-07
1.725000000000000000e+03 1.162248065216197447e-07 1.063169874273794377e-07 9.907819094240331819e-09
1.730000000000000000e+03 1.245961724928430777e-07 1.058351258771736464e-07 1.876104661566940147e-08
1.735000000000000000e+03 3.811959698298739533e-07 1.048415747101224293e-07 2.763543951197515769e-07
1.740000000000000000e+03 7.669609161455421981e-07 1.045596694782194181e-07 6.624012466673228065e-07
1.745000000000000000e+03 5.796655376745576223e-07 1.052121336593778093e-07 4.744534040151798130e-07
1.750000000000000000e+03 4.627082794790958601e-07 1.052469238136088829e-07 3.574613556654870699e-07
1.755000000000000000e+03 6.030581823105363846e-07 1.047843517258350360e-07 4.982738305847013354e-07
1.760000000000000000e+03 3.347720615397671775e-07 1.043106004774948972e-07 2.304614610622722935e-07
1.765000000000000000e+03 1.247720679703610556e-07 1.047433149029808774e-07 2.002875306738019137e-08
1.770000000000000000e+03 1.203166511415846103e-07 1.042706340596327642e-07 1.604601708195186603e-08
1.775000000000000000e+03 2.665830652810240879e-07 1.033958455647416699e-07 1.631872197162823915e-07
1.780000000000000000e+03 7.114016734805095204e-07 1.025541358525283445e-07 6.088475376279811892e-07
1.785000000000000000e+03 6.878589178152210984e-07 1.031960456551797043e-07 5.846628721600413544e-07
1.790000000000000000e+03 4.333843265628739368e-07 1.033470467593522659e-07 3.300372798035215915e-07
1.795000000000000000e+03 5.681282205692269930e-07 1.031493261812633144e-07 4.649788943879636786e-07
1.800000000000000000e+03 4.250765661955147150e-07 1.023947863309266431e-07 3.226817798645880455e-07
1.805000000000000000e+03 1.481109334506585232e-07 1.027391717351320492e-07 4.537176171552644087e-08
1.810000000000000000e+03 1.248139700915122143e-07 1.024177631594844967e-07 2.239620693202769112e-08
1.815000000000000000e+03 1.864252415607299124e-07 1.016121371414985786e-07 8.481310441923130738e-08
1.820000000000000000e+03 6.012530731712242071e-07 1.004380954430943726e-07 5.008149777281297948e-07
1.825000000000000000e+03 7.771879566980970100e-07 1.007449295423792840e-07 6.764430271557176996e-07
1.830000000000000000e+03 4.632964246292555597e-07 1.011062546366585113e-07 3.621901699925970617e-07
1.835000000000000000e+03 5.019707389293297863e-07 1.010602976168697020e-07 4.009104413124600446e-07
1.840000000000000000e+03 4.936273066584087439e-07 1.003259036701129374e-07 3.933014029882956609e-07
1.845000000000000000e+03 1.930854205156328945e-07 1.003286165272537977e-07 9.275680398837909683e-08
1.850000000000000000e+03 1.288970669155097846e-07 1.002823612093985058e-07 2.861470570611129536e-08
1.855000000000000000e+03 1.458798499525034399e-07 9.946574754465063640e-08 4.641410240785281015e-08
1.860000000000000000e+03 4.639907670717328817e-07 9.822480624511369825e-08 3.657659608266192761e-07
1.865000000000000000e+03 8.139962890842992018e-07 9.795252107772492103e-08 7.160437680065743073e-07
1.870000000000000000e+03 5.485173749500751878e-07 9.852003180872077822e-08 4.499973431413543699e-07
1.875000000000000000e+03 4.354773947213472891e-07 9.853724750067128882e-08 3.369401472206760665e-07
1.880000000000000000e+03 5.222144188894130242e-07 9.804112093204911091e-08 4.241732979573638736e-07
1.885000000000000000e+03 2.583850704573143420e-07 9.761593267367930030e-08 1.607691377836350417e-07
1.890000000000000000e+03 1.316648244154708037e-07 9.781070448930194899e-08 3.385411992616883486e-08
1.895000000000000000e+03 1.366383027017623161e-07 9.700472044864327340e-08 3.963358225311905598e-08
1.900000000000000000e+03 3.322369248728005643e-07 9.584074233654476664e-08 2.363961825362557580e-07
1.905000000000000000e+03 7.812732608636142798e-07 9.496782606884273305e-08 6.863054347947715599e-07
1.910000000000000000e+03 6.641049680617052315e-07 9.555523890679173126e-08 5.685497291549133415e-07
1.915000000000000000e+03 4.013546068688383908e-07 9.565845264617730213e-08 3.056961542226611549e-07
1.920000000000000000e+03 5.054595812588444707e-07 9.543318425816759293e-08 4.100263970006768645e-07
1.925000000000000000e+03 3.324640677190885510e-07 9.472324294746467596e-08 2.377408247716238353e-07
1.930000000000000000e+03 1.394981718078149589e-07 9.494770370349792590e-08 4.455046810431699991e-08
1.935000000000000000e+03 1.431417184179430316e-07 9.429404064872507419e-08 4.884767776921796401e-08
1.940000000000000000e+03 2.322706769453320126e-07 9.319551990520299949e-08 1.390751570401290396e-07
1.945000000000000000e+03 6.840402805887017017e-07 9.191645675278278430e-08 5.921238238359188512e-07
1.950000000000000000e+03 7.723129742655437174e-07 9.221538760126200632e-08 6.800975866642816581e-07
1.955000000000000000e+03 4.220683001963709247e-07 9.249236938052756018e-08 3.295759308158432587e-07
1.960000000000000000e+03 4.546720024877260086e-07 9.243263388843279103e-08 3.622393685992931514e-07
1.965000000000000000e+03 3.966949664796003270e-07 9.171073733023180077e-08 3.049842291493684998e-07
1.970000000000000000e+03 1.609022596203961601e-07 9.170490689860515979e-08 6.919735272179102679e-08
1.975000000000000000e+03 1.507783262983870690e-07 9.135174136866587229e-08 5.942658492972120331e-08
1.980000000000000000e+03 1.760561168158916707e-07 9.025375797585945943e-08 8.580235884003222451e-08
1.985000000000000000e+03 5.466504850885183845e-07 8.883502387272827911e-08 4.578154612157902245e-07
1.990000000000000000e+03 8.356442883158293906e-07 8.858417323540101737e-08 7.470601150804283865e-07
1.995000000000000000e+03 5.008019968743907073e-07 8.905383116981163692e-08 4.117481657045790836e-07
2.000000000000000000e+03 3.953308247136331509e-07 8.905491409463710333e-08 3.062759106189961138e-07
2.005000000000000000e+03 4.326731474072869019e-07 8.854414008565610778e-08 3.441290073216306883e-07
2.010000000000000000e+03 2.000308555504510077e-07 8.817754910085056407e-08 1.118533064496004304e-07
2.015000000000000000e+03 1.522761753546434366e-07 8.813494717886203914e-08 6.414122817578141067e-08
2.020000000000000000e+03 1.595070521853902106e-07 8.705245730540112487e-08 7.245459487998911217e-08
2.025000000000000000e+03 4.033431686247152416e-07 8.566902284153953965e-08 3.176741457831757285e-07
2.030000000000000000e+03 8.299495204413622365e-07 8.480598441344478208e-08 7.451435360279173882e-07
2.035000000000000000e+03 6.190199631951644561e-07 8.532082706372115829e-08 5.336991361314433242e-07
2.040000000000000000e+03 3.586916387197417926e-07 8.537985804909298600e-08 2.733117806706487669e-07
2.045000000000000000e+03 4.305813789416023800e-07 8.513439829423668140e-08 3.454469806473655927e-07
2.050000000000000000e+03 2.523610481950951477e-07 8.449340461161732907e-08 1.678676435834778319e-07
2.055000000000000000e+03 1.495774377502852016e-07 8.458843061449941512e-08 6.498900713578579976e-08
2.060000000000000000e+03 1.670319472302546862e-07 8.365570045544510442e-08 8.337624677480955534e-08
2.065000000000000000e+03 2.859501934714486932e-07 8.233311388694495420e-08 2.036170795845036729e-07
2.070000000000000000e+03 7.526543695269312285e-07 8.101488694830587194e-08 6.716394825786252772e-07
2.075000000000000000e+03 7.419345799763765864e-07 8.129424343818812447e-08 6.606403365381886076e-07
2.080000000000000000e+03 3.703419932489050747e-07 8.148799259258310403e-08 2.888540006563219972e-07
2.085000000000000000e+03 3.949006666958151757e-07 8.141555247571165835e-08 3.134851142201036232e-07
2.090000000000000000e+03 3.049210285222544990e-07 8.073431272261236403e-08 2.241867157996421349e-07
2.095000000000000000e+03 1.507357190171544756e-07 8.071266473910939732e-08 7.002305427804510472e-08
2.100000000000000000e+03 1.798732303267808369e-07 8.009159795320848156e-08 9.978163237357234211e-08
2.105000000000000000e+03 2.135401394824322139e-07 7.878344665087445138e-08 1.347566928315578022e-07
2.110000000000000000e+03 6.230746536636924253e-07 7.726653436541822237e-08 5.458081192982741235e-07
2.115000000000000000e+03 8.302008750806078973e-07 7.704585195979323161e-08 7.531550231208144804e-07
2.120000000000000000e+03 4.398964017582512245e-07 7.741127642754251331e-08 3.624851253307087774e-07
2.125000000000000000e+03 3.447185500121902468e-07 7.739812195761670318e-08 2.673204280545735966e-07
2.130000000000000000e+03 3.412545856643376525e-07 7.689391347265322772e-08 2.643606721916844248e-07
2.135000000000000000e+03 1.637635443330669042e-07 7.659104143377605819e-08 8.717250289929087244e-08
2.140000000000000000e+03 1.843963677731332799e-07 7.632936482068742176e-08 1.080670029524458582e-07
2.145000000000000000e+03 1.877245984153524982e-07 7.504495985473629318e-08 1.126796385606162447e-07
2.150000000000000000e+03 4.749014601212684362e-07 7.352528982290481116e-08 4.013761702983636382e-07
2.155000000000000000e+03 8.536393353327711167e-07 7.270999382571659056e-08 7.809293415070544997e-07
2.160000000000000000e+03 5.558966409304561990e-07 7.313919890629685901e-08 4.827574420241593399e-07
2.165000000000000000e+03 3.079825733107803574e-07 7.315960386745455806e-08 2.348229694433257729e-07
2.170000000000000000e+03 3.490172109004087568e-07 7.290395188591326481e-08 2.761132590144955052e-07
2.175000000000000000e+03 1.907517558814801868e-07 7.235096270619044451e-08 1.184007931752897687e-07
2.180000000000000000e+03 1.768164585929732037e-07 7.231708697461189098e-08 1.044993716183613392e-07
2.185000000000000000e+03 1.948882740348311388e-07 7.117742132561061654e-08 1.237108527092205619e-07
2.190000000000000000e+03 3.439753154954792671e-07 6.971369506130006902e-08 2.742616204341791583e-07
2.195000000000000000e+03 8.018283633887459482e-07 6.842203568594469457e-08 7.334063277028011477e-07
2.200000000000000000e+03 6.882813271714164555e-07 6.867110880101420439e-08 6.196102183704022909e-07
2.205000000000000000e+03 3.114552965264744868e-07 6.878749870688729532e-08 2.426677978195871650e-07
2.210000000000000000e+03 3.267852818375833529e-07 6.870488496925001587e-08 2.580803968683332312e-07
2.215000000000000000e+03 2.253482852759147246e-07 6.808996273754866211e-08 1.572583225383660625e-07
2.220000000000000000e+03 1.626804321712228964e-07 6.804655447297787457e-08 9.463387769824500857e-08
2.225000000000000000e+03 2.138034344736602532e-07 6.721614020722608392e-08 1.465872942664342355e-07
2.230000000000000000e+03 2.561479129620622154e-07 6.578214539605064574e-08 1.903657675660115299e-07
2.235000000000000000e+03 6.875332348314896228e-07 6.425107517166688843e-08 6.232821596598227874e-07
2.240000000000000000e+03 7.979942489087947963e-07 6.406587854532411963e-08 7.339283703634707031e-07
2.245000000000000000e+03 3.699770362070118643e-07 6.432741825299629903e-08 3.056496179540154594e-07
2.250000000000000000e+03 2.868497045913092959e-07 6.430255087135744284e-08 2.225471537199519192e-07
2.255000000000000000e+03 2.549799472381154575e-07 6.382678736084266752e-08 1.911531598772727503e-07
2.260000000000000000e+03 1.519057470082987185e-07 6.358774207020765314e-08 8.831800493809105215e-08
2.265000000000000000e+03 2.250810772367337613e-07 6.314253049732605189e-08 1.619385467394076962e-07
2.270000000000000000e+03 2.197231811454193142e-07 6.174352772627818822e-08 1.579796534191411260e-07
2.275000000000000000e+03 5.417455907792070298e-07 6.017864010519649270e-08 4.815669506740106297e-07
2.280000000000000000e+03 8.504340576191569692e-07 5.944330576880914315e-08 7.909907518503477466e-07
2.285000000000000000e+03 4.792371170613767148e-07 5.977970567663579103e-08 4.194574113847408973e-07
2.290000000000000000e+03 2.523176769761533916e-07 5.976868585110716867e-08 1.925489911250462362e-07
2.295000000000000000e+03 2.668827577770757685e-07 5.951491845013987809e-08 2.073678393269359036e-07
2.300000000000000000e+03 1.521752998908304505e-07 5.906207656897036841e-08 9.311322332186010198e-08
2.305000000000000000e+03 2.184607727864613631e-07 5.891095876608875539e-08 1.595498140203726077e-07
2.310000000000000000e+03 2.249247270521345335e-07 5.765042990714973211e-08 1.672742971449847882e-07
2.315000000000000000e+03 4.024021014181426334e-07 5.613709776131128351e-08 3.462650036568313499e-07
2.320000000000000000e+03 8.277312290359111520e-07 5.493313464765646203e-08 7.727980943882546039e-07
2.325000000000000000e+03 6.152511612769154354e-07 5.514314492970553915e-08 5.601080163472099293e-07
2.330000000000000000e+03 2.491246365585239753e-07 5.519235232531001974e-08 1.939322842332139423e-07
2.335000000000000000e+03 2.551604568288509909e-07 5.510369275143900852e-08 2.000567640774119758e-07
2.340000000000000000e+03 1.640983658037613612e-07 5.457587595770661128e-08 1.095224898460547499e-07
2.345000000000000000e+03 1.951681834151116765e-07 5.450753471563193649e-08 1.406606486994797400e-07
2.350000000000000000e+03 2.499790495881847181e-07 5.354197978835691088e-08 1.964370697998277874e-07
2.355000000000000000e+03 3.012257242019566940e-07 5.207407104398504429e-08 2.491516531579716365e-07
2.360000000000000000e+03 7.351209458483940442e-07 5.061147727281654615e-08 6.845094685755775312e-07
2.365000000000000000e+03 7.413425933845050237e-07 5.046364526793437882e-08 6.908789481165705787e-07
2.370000000000000000e+03 2.957179743581774238e-07 5.062830980822041962e-08 2.450896645499569778e-07
2.375000000000000000e+03 2.255088374680245632e-07 5.059501291553680430e-08 1.749138245524877721e-07
2.380000000000000000e+03 1.805409308727176987e-07 5.016824269031282754e-08 1.303726881824048712e-07
2.385000000000000000e+03 1.649006091363857113e-07 4.998863104784151603e-08 1.149119780885441555e-07
2.390000000000000000e+03 2.708908058813232969e-07 4.941077524349954841e-08 2.214800306378238015e-07
2.395000000000000000e+03 2.536401555643839488e-07 4.799134721116419292e-08 2.056488083532197625e-07
2.400000000000000000e+03 5.989458225877335947e-07 4.647391061780951398e-08 5.524719119699240543e-07
2.405000000000000000e+03 8.204517067910325940e-07 4.584322313681469781e-08 7.746084836542177837e-07
2.410000000000000000e+03 3.944047951409279797e-07 4.608612012816610878e-08 3.483186750127618180e-07
2.415000000000000000e+03 1.951185231887835850e-07 4.605219638153886806e-08 1.490663268072447236e-07
2.420000000000000000e+03 1.904384912630230617e-07 4.581348042234739164e-08 1.446250108406756701e-07
2.425000000000000000e+03 1.393930752256261682e-07 4.546503546567294447e-08 9.392803975995321053e-08
2.430000000000000000e+03 2.707765898839319868e-07 4.521962642020292424e-08 2.255569634637291088e-07
2.435000000000000000e+03 2.552615276525545575e-07 4.393226058160362851e-08 2.113292670709509621e-07
2.440000000000000000e+03 4.571238929878793753e-07 4.246352239498092833e-08 4.146603705928984470e-07
2.445000000000000000e+03 8.282735557065415972e-07 4.139976885561868394e-08 7.868737868509228669e-07
2.450000000000000000e+03 5.280978900816044708e-07 4.156475992492717033e-08 4.865331301566773004e-07
2.455000000000000000e+03 1.872156341520090054e-07 4.156058547984478082e-08 1.456550486721642179e-07
2.460000000000000000e+03 1.852363320117971226e-07 4.147142739030570312e-08 1.437649046214914063e-07
2.465000000000000000e+03 1.259076668091608313e-07 4.104462155565718307e-08 8.486304525350366145e-08
2.470000000000000000e+03 2.451260778081949866e-07 4.095229341107121619e-08 2.041737843971238234e-07
2.475000000000000000e+03 2.857722099234293535e-07 3.993625220546642512e-08 2.458359577179628953e-07
2.480000000000000000e+03 3.458258034230140136e-07 3.852805206534951435e-08 3.072977513576644265e-07
2.485000000000000000e+03 7.621516190020220020e-07 3.720963160029584151e-08 7.249419874017262200e-07
2.490000000000000000e+03 6.643624237239805562e-07 3.709791635718319147e-08 6.272645073667973581e-07
2.495000000000000000e+03 2.219688367459898919e-07 3.717894178728367592e-08 1.847898949587062359e-07
2.500000000000000000e+03 1.648225925662634904e-07 3.714123029366491533e-08 1.276813622725985817e-07
2.505000000000000000e+03 1.237914072353681889e-07 3.678058294325750740e-08 8.701082429211066165e-08
2.510000000000000000e+03 2.013097908106726021e-07 3.665260722718451451e-08 1.646571835834880611e-07
2.515000000000000000e+03 3.181521118034026586e-07 3.600507656338703236e-08 2.821470352400156395e-07
2.520000000000000000e+03 2.874200012557562705e-07 3.466002156676091931e-08 2.527599796889953645e-07
2.525000000000000000e+03 6.422009921469507586e-07 3.327819499083493267e-08 6.089227971561159120e-07
2.530000000000000000e+03 7.658244354512379086e-07 3.276803061060580458e-08 7.330564048406319783e-07
2.535000000000000000e+03 3.072275628583543128e-07 3.292346700460951661e-08 2.743040958537447763e-07
2.540000000000000000e+03 1.399415509012395409e-07 3.287602114460862735e-08 1.070655297566309466e-07
2.545000000000000000e+03 1.256239326730623113e-07 3.266525600848926584e-08 9.295867666457304547e-08
2.550000000000000000e+03 1.531962940688671918e-07 3.241742845293305023e-08 1.207788656159341283e-07
2.555000000000000000e+03 3.293553502717456917e-07 3.211113636027758190e-08 2.972442139114680833e-07
2.560000000000000000e+03 2.840254922304654245e-07 3.089238070134046624e-08 2.531331115291249649e-07
2.565000000000000000e+03 5.041869083288050850e-07 2.955900297674249473e-08 4.746279053520625009e-07
2.570000000000000000e+03 8.032776583568445566e-07 2.867606030000113739e-08 7.746015980568432570e-07
2.575000000000000000e+03 4.330262495423664780e-07 2.879373707191906466e-08 4.042325124704474133e-07
2.580000000000000000e+03 1.295101490646842376e-07 2.875272937043709352e-08 1.007574196942471342e-07
2.585000000000000000e+03 1.222293921533763004e-07 2.866952928480550127e-08 9.355986286857077266e-08
2.590000000000000000e+03 1.137716887874016700e-07 2.834933334527122101e-08 8.542235544213044570e-08
2.595000000000000000e+03 3.082418401828596599e-07 2.823906904405523686e-08 2.800027711388044132e-07
2.600000000000000000e+03 3.186838580379479341e-07 2.726158810492107506e-08 2.914222699330268260e-07
2.605000000000000000e+03 3.869159472369134095e-07 2.600248291138348447e-08 3.609134643255299416e-07
2.610000000000000000e+03 7.664599533823986196e-07 2.489200392716594315e-08 7.415679494552326831e-07
2.615000000000000000e+03 5.726452625024074293e-07 2.481266856022158130e-08 5.478325939421858083e-07
2.620000000000000000e+03 1.534328242101837267e-07 2.482871293175752470e-08 1.286041112784261722e-07
2.625000000000000000e+03 1.089912612618286640e-07 2.479109890322390024e-08 8.420016235860477036e-08
2.630000000000000000e+03 8.930141468357838521e-08 2.450836781498195640e-08 6.479304686859644535e-08
2.635000000000000000e+03 2.579531182940751072e-07 2.442232829440674268e-08 2.335307899996683678e-07
2.640000000000000000e+03 3.632226403141728189e-07 2.377575888541242987e-08 3.394468814287604552e-07
2.645000000000000000e+03 3.189394285478936390e-07 2.259435315038483380e-08 2.963450753975088085e-07
2.650000000000000000e+03 6.681874890290863174e-07 2.142597736844486172e-08 6.467615116606414722e-07
2.655000000000000000e+03 6.905326622477868873e-07 2.104284378558724312e-08 6.694898184621996442e-07
2.660000000000000000e+03 2.235809075328130281e-07 2.112348769636018849e-08 2.024574198364528263e-07
2.665000000000000000e+03 9.026645674272961010e-08 2.107216981749340706e-08 6.919428692523619973e-08
2.670000000000000000e+03 7.760983477124551949e-08 2.090046440876616666e-08 5.670937036247937269e-08
2.675000000000000000e+03 1.923654282942586435e-07 2.074214524395027780e-08 1.716232830503084054e-07
2.680000000000000000e+03 3.894553410129213637e-07 2.041691514950187716e-08 3.690384258634196255e-07
2.685000000000000000e+03 3.094521951503039085e-07 1.935709443095255543e-08 2.900951007193513034e-07
2.690000000000000000e+03 5.401033471814350831e-07 1.824058848004270985e-08 5.218627587013924494e-07
2.695000000000000000e+03 7.545000162676078752e-07 1.756474736444667315e-08 7.369352689031612881e-07
2.700000000000000000e+03 3.367276658362247259e-07 1.763717320296546565e-08 3.190904926332592669e-07
2.705000000000000000e+03 7.948129844809856537e-08 1.757749698017251589e-08 6.190380146792604286e-08
2.710000000000000000e+03 7.098296529656430030e-08 1.750682532931199015e-08 5.347613996725229691e-08
2.715000000000000000e+03 1.287237908464284182e-07 1.728993435761775712e-08 1.114338564888106544e-07
2.720000000000000000e+03 3.793128828754076497e-07 1.717334168062218148e-08 3.621395411947854583e-07
2.725000000000000000e+03 3.464955696658616057e-07 1.632140977539267972e-08 3.301741598904689524e-07
2.730000000000000000e+03 4.216058946838796408e-07 1.529094755401478403e-08 4.063149471298649097e-07
2.735000000000000000e+03 7.475860894008316476e-07 1.443612074788091776e-08 7.331499686529507133e-07
2.740000000000000000e+03 4.728299094699143116e-07 1.438389180765098412e-08 4.584460176622632811e-07
2.745000000000000000e+03 9.436378406341612039e-08 1.435783508746220240e-08 8.000594897595389483e-08
2.750000000000000000e+03 6.200373863652124489e-08 1.432489908350733065e-08 4.767883955301390597e-08
2.755000000000000000e+03 8.000777733057495883e-08 1.412508098440590682e-08 6.588269634616905532e-08
2.760000000000000000e+03 3.301754686716442212e-07 1.407105142115075903e-08 3.161044172504934374e-07
2.765000000000000000e+03 4.027426318432157735e-07 1.349851876112303013e-08 3.892441130820926871e-07
2.770000000000000000e+03 3.461470062064644442e-07 1.255884302681553257e-08 3.335881631796488768e-07
2.775000000000000000e+03 6.748357885100291305e-07 1.166632962582567479e-08 6.631694588842035268e-07
2.780000000000000000e+03 6.001009451751418697e-07 1.140759406238036833e-08 5.886933511127615709e-07
2.785000000000000000e+03 1.489793392603207920e-07 1.143217019752186355e-08 1.375471690627989284e-07
2.790000000000000000e+03 4.928165877098235317e-08 1.138617012174271683e-08 3.789548864923962972e-08
2.795000000000000000e+03 5.040367179255120930e-08 1.126137347289413240e-08 3.914229831965708186e-08
2.800000000000000000e+03 2.537813487940492956e-07 1.117557980165861824e-08 2.426057689923907105e-07
2.805000000000000000e+03 4.463552787674294310e-07 1.087899695567704728e-08 4.354762818117523192e-07
2.810000000000000000e+03 3.299853197522721080e-07 1.005722057676772541e-08 3.199280991755043991e-07
2.815000000000000000e+03 5.621349808173482848e-07 9.224616758906223190e-09 5.529103640584421394e-07
2.820000000000000000e+03 6.855055101190048668e-07 8.766538227851462443e-09 6.767389718911534474e-07
2.825000000000000000e+03 2.458908551228518767e-07 8.800603230314068178e-09 2.370902518925377787e-07
2.830000000000000000e+03 4.008798271749126426e-08 8.740695977051170288e-09 3.134728674044009231e-08
2.835000000000000000e+03 3.560691720353737756e-08 8.688296219772376013e-09 2.691862098376500155e-08
2.840000000000000000e+03 1.697633108587245917e-07 8.562813827488548993e-09 1.612004970312360510e-07
2.845000000000000000e+03 4.526511111100964692e-07 8.456785389551063079e-09 4.441943257205453862e-07
2.850000000000000000e+03 3.673995365029653371e-07 7.809033348027424566e-09 3.595905031549379208e-07
2.855000000000000000e+03 4.473722838623119244e-07 7.071993852005192599e-09 4.403002900103067351e-07
2.860000000000000000e+03 7.068294934935825072e-07 6.501474960142809069e-09 7.003280185334397329e-07
2.865000000000000000e+03 3.721037482224123698e-07 6.470716076058717312e-09 3.656330321463536475e-07
2.870000000000000000e+03 4.829965083764136687e-08 6.428050771756960432e-09 4.187160006588441719e-08
2.875000000000000000e+03 2.735737263201552703e-08 6.403872427692040362e-09 2.095350020432349080e-08
2.880000000000000000e+03 9.698768920766651657e-08 6.284375729993692302e-09 9.070331347767283420e-08
2.885000000000000000e+03 4.122174864054686969e-07 6.253778281146828924e-09 4.059637081243219052e-07
2.890000000000000000e+03 4.338584273658774235e-07 5.825225200085051408e-09 4.280332021657923762e-07
2.895000000000000000e+03 3.672073409227254556e-07 5.189318538868101906e-09 3.620180223838573123e-07
2.900000000000000000e+03 6.615128642630990332e-07 4.615557739782006886e-09 6.568973065233169469e-07
2.905000000000000000e+03 5.011804367022280445e-07 4.470423312673894848e-09 4.967100133895541050e-07
2.910000000000000000e+03 8.820218933395538735e-08 4.462651176262789694e-09 8.373953815769258608e-08
2.915000000000000000e+03 1.968088260631846044e-08 4.429896156313216751e-09 1.525098645000524617e-08
2.920000000000000000e+03 4.653890515321250090e-08 4.355410433429986724e-09 4.218349471978252576e-08
2.925000000000000000e+03 3.326766389973178924e-07 4.321272160215409427e-09 3.283553668371024739e-07
2.930000000000000000e+03 4.956952964110240688e-07 4.102909447926313295e-09 4.915923869630976331e-07
2.935000000000000000e+03 3.443675582279613303e-07 3.581852984362871529e-09 3.407857052435984769e-07
2.940000000000000000e+03 5.685237776303202039e-07 3.081378105647100187e-09 5.654423995246731517e-07
2.945000000000000000e+03 6.014044806606629587e-07 2.835950553727933121e-09 5.985685301069350049e-07
2.950000000000000000e+03 1.667218127124788075e-07 2.843482415841527949e-09 1.638783302966372770e-07
2.955000000000000000e+03 1.360061488288471346e-08 2.800575374369736386e-09 1.080003950851497418e-08
2.960000000000000000e+03 1.916495275411159773e-08 2.770444481552411525e-09 1.639450827255918910e-08
2.965000000000000000e+03 2.339361873480107932e-07 2.717071475747090568e-09 2.312191158722636708e-07
2.970000000000000000e+03 5.225130150347960769e-07 2.642749825454049514e-09 5.198702652093419869e-07
2.975000000000000000e+03 3.801000067159201259e-07 2.263778481477405025e-09 3.778362282344427081e-07
2.980000000000000000e+03 4.622624142620667859e-07 1.866172712621939052e-09 4.603962415494448514e-07
2.985000000000000000e+03 6.471677561316527992e-07 1.587900443686785104e-09 6.455798556879659744e-07
2.990000000000000000e+03 2.776700933164445119e-07 1.573880238316358837e-09 2.760962130781282192e-07
2.995000000000000000e+03 1.784723174800059314e-08 1.540768481415179363e-09 1.630646326658541482e-08
3.000000000000000000e+03 7.804168321398991037e-09 1.528341883643089965e-09 6.275826437755900866e-09
3.005000000000000000e+03 1.393710786121810217e-07 1.478997276149906701e-09 1.378920813360311034e-07
3.010000000000000000e+03 4.976609177904952072e-07 1.465822645484212408e-09 4.961950951450109861e-07
3.015000000000000000e+03 4.544042350797555661e-07 1.242596593648815628e-09 4.531616384861067312e-07
3.020000000000000000e+03 3.806368935579004788e-07 9.526976637212791393e-10 3.796841958941792176e-07
3.025000000000000000e+03 6.290950628158848155e-07 7.182387764045818543e-10 6.283768240394801918e-07
3.030000000000000000e+03 4.010502318480645263e-07 6.694190011142123285e-10 4.003808128469502788e-07
3.035000000000000000e+03 4.497757728538138269e-08 6.564143165031910741e-10 4.432116296887818241e-08
3.040000000000000000e+03 3.485692925198524885e-09 6.428100539292170888e-10 2.842882871269307589e-09
3.045000000000000000e+03 6.687156740560843272e-08 6.168827275602557077e-10 6.625468467804816553e-08
3.050000000000000000e+03 4.230059969335791820e-07 6.118932342389213349e-10 4.223941036993402791e-07
3.055000000000000000e+03 5.337831816665850228e-07 5.192344423728602352e-10 5.332639472242121849e-07
3.060000000000000000e+03 3.517168099786113571e-07 3.411179377748040001e-10 3.513756920408365738e-07
3.065000000000000000e+03 5.586507988700681928e-07 1.990279789394145387e-10 5.584517708911288369e-07
3.070000000000000000e+03 5.084735201129326364e-07 1.464266708163924282e-10 5.083270934421162479e-07
3.075000000000000000e+03 1.045057147879347085e-07 1.438268277652115947e-10 1.043618879601695023e-07
3.080000000000000000e+03 1.468839630241251023e-09 1.324762879556287334e-10 1.336363342285622367e-09
3.085000000000000000e+03 2.343352854091460983e-08 1.261381906287503417e-10 2.330739035028585646e-08
3.090000000000000000e+03 3.165600500600527762e-07 1.200690498431863173e-10 3.164399810102095831e-07
3.095000000000000000e+03 5.835242404620730444e-07 1.011071753790443921e-10 5.834231332866940259e-07
3.100000000000000000e+03 3.838806788333445157e-07 3.687093596071866140e-11 3.838438078973838883e-07
3.105000000000000000e+03 4.650599488291504207e-07 3.084354012832600290e-12 4.650568644751375892e-07
3.110000000000000000e+03 5.730475856551361381e-07 4.088087915833906837e-12 5.730434975672203590e-07
3.115000000000000000e+03 1.962201844391649559e-07 4.149488305383773024e-12 1.962160349508595782e-07
3.120000000000000000e+03 4.531043713546897406e-09 5.275311152218514885e-12 4.525768402394678860e-09
3.125000000000000000e+03 5.143333885098954065e-09 6.035134143863169579e-12 5.137298750955090081e-09
3.130000000000000000e+03 2.043971635335105669e-07 9.907430522112532426e-12 2.043872561029884510e-07
3.135000000000000000e+03 5.799150234536397371e-07 1.140398745175486559e-11 5.799036194661879258e-07
3.140000000000000000e+03 4.630322941254692379e-07 4.138631141457980993e-11 4.629909078140547253e-07
3.145000000000000000e+03 3.854203036815593504e-07 1.174480637724842174e-10 3.853028556177868907e-07
3.150000000000000000e+03 5.799264867290532125e-07 2.191553701552329000e-10 5.797073313588978658e-07
3.155000000000000000e+03 3.070747575487160500e-07 2.450619963830345325e-10 3.068296955523329868e-07
3.160000000000000000e+03 2.174370949892747205e-08 2.552737495483540033e-10 2.148843574937911428e-08
3.165000000000000000e+03 1.907288082774106589e-09 2.641246248714883823e-10 1.643163457902618051e-09
3.170000000000000000e+03 1.104988355521104607e-07 2.797308011769952640e-10 1.102191047509334687e-07
3.175000000000000000e+03 5.179069806062417697e-07 2.819458265813716415e-10 5.176250347796604715e-07
3.180000000000000000e+03 5.578456481330494718e-07 3.562660433558038546e-10 5.574893820896936747e-07
3.185000000000000000e+03 3.515809647861983315e-07 5.402522391061710893e-10 3.510407125470921625e-07
3.190000000000000000e+03 5.331102257874116310e-07 7.590210432077102678e-10 5.323512047442039935e-07
3.195000000000000000e+03 4.136887390667606213e-07 8.668959767798097141e-10 4.128218430899807619e-07
3.200000000000000000e+03 6.323998222724007015e-08 8.742165179911696658e-10 6.236576570924890214e-08
3.205000000000000000e+03 4.240292154050300528e-09 9.050275330462786024e-10 3.335264621004022132e-09
3.210000000000000000e+03 4.875083394185037847e-08 9.211303650590596361e-10 4.782970357679132070e-08
3.215000000000000000e+03 4.115759208724747531e-07 9.344028089732700321e-10 4.106415180635015081e-07
3.220000000000000000e+03 6.310695042908472909e-07 9.947072683002013398e-10 6.300747970225471307e-07
3.225000000000000000e+03 3.786338812184484663e-07 1.269264123314237438e-09 3.773646170951342456e-07
3.230000000000000000e+03 4.553989449344677602e-07 1.600493577997305725e-09 4.537984513564704737e-07
3.235000000000000000e+03 4.900636457026264520e-07 1.848212852364766733e-09 4.882154328502616383e-07
3.240000000000000000e+03 1.334463891019098402e-07 1.862646581250482060e-09 1.315837425206593598e-07
3.245000000000000000e+03 8.715198508389400800e-09 1.919076846047327559e-09 6.796121662342073241e-09
3.250000000000000000e+03 2.007612134992182684e-08 1.932647259530917595e-09 1.814347409039091049e-08
3.255000000000000000e+03 2.876102874210173572e-07 1.967530893219531455e-09 2.856427565277978766e-07
3.260000000000000000e+03 6.527089039675108014e-07 1.984279400354030316e-09 6.507246245671567819e-07
3.265000000000000000e+03 4.592831790160982960e-07 2.298000963057900879e-09 4.569851780530403521e-07
3.270000000000000000e+03 3.810970444640488682e-07 2.736584745521921620e-09 3.783604597185269636e-07
3.275000000000000000e+03 5.176658094639418556e-07 3.147891477331667494e-09 5.145179179866102047e-07
3.280000000000000000e+03 2.261563177524753660e-07 3.225100472689342619e-09 2.229312172797860395e-07
3.285000000000000000e+03 1.950259182908151793e-08 3.285924552024120848e-09 1.621666727705739501e-08
3.290000000000000000e+03 1.525854023126508477e-08 3.317655567507816703e-09 1.194088466375726393e-08
3.295000000000000000e+03 1.748054203633031224e-07 3.362981938729576994e-09 1.714424384245735524e-07
3.300000000000000000e+03 6.102169640845641886e-07 3.352909319883868831e-09 6.068640547646802859e-07
3.305000000000000000e+03 5.662082624502700963e-07 3.625512969365944161e-09 5.625827494809042448e-07
3.310000000000000000e+03 3.439664481375576295e-07 4.166638443445348777e-09 3.397998096941122732e-07
3.315000000000000000e+03 4.936930936906479729e-07 4.724639065993696004e-09 4.889684546246543141e-07
3.320000000000000000e+03 3.242059942917179779e-07 4.951247583496930662e-09 3.192547467082210431e-07
3.325000000000000000e+03 4.536293016304713041e-08 4.990706273167674254e-09 4.037222388987946112e-08
3.330000000000000000e+03 2.153645475941734568e-08 5.069436690297830682e-09 1.646701806911951334e-08
3.335000000000000000e+03 9.396687977124932778e-08 5.103738147292618650e-09 8.886314162395671078e-08
3.340000000000000000e+03 5.119997149691138475e-07 5.107734202176067962e-09 5.068919807669377141e-07
3.345000000000000000e+03 6.616203472766751125e-07 5.268945737624064450e-09 6.563514015390511035e-07
3.350000000000000000e+03 3.648488117170069473e-07 5.882766199533451494e-09 3.589660455174733825e-07
3.355000000000000000e+03 4.338169433370980210e-07 6.556842837676585430e-09 4.272601004994213934e-07
3.360000000000000000e+03 4.045492682213957225e-07 7.001888316990683084e-09 3.975473799044050609e-07
3.365000000000000000e+03 9.363100210435923070e-08 7.034329586789483410e-09 8.659667251756973406e-08
3.370000000000000000e+03 2.960345806868572388e-08 7.161632601514509191e-09 2.244182546717121221e-08
3.375000000000000000e+03 5.213400969031468808e-08 7.185860374712653538e-09 4.494814931560205191e-08
3.380000000000000000e+03 3.831799277973242039e-07 7.226250033178124146e-09 3.759536777641460872e-07
3.385000000000000000e+03 7.105545640892386853e-07 7.261657402632927392e-09 7.032929066866056479e-07
3.390000000000000000e+03 4.435920248308391070e-07 7.869700659523742357e-09 4.357223241713154308e-07
3.395000000000000000e+03 3.678111588425113543e-07 8.644281589710233776e-09 3.591668772528011189e-07
3.400000000000000000e+03 4.470325315554386485e-07 9.317069759225646171e-09 4.377154617962129593e-07
3.405000000000000000e+03 1.642221458120284865e-07 9.422777670124697649e-09 1.547993681419037938e-07
3.410000000000000000e+03 3.777533451132877602e-08 9.558080658429185863e-09 2.821725385289959512e-08
3.415000000000000000e+03 4.292304060781689945e-08 9.610335977201945366e-09 3.331270463061495740e-08
3.420000000000000000e+03 2.556341854151588598e-07 9.669779739339977864e-09 2.459644056758189001e-07
3.425000000000000000e+03 6.930087555705374314e-07 9.631777158141036240e-09 6.833769784123964315e-07
3.430000000000000000e+03 5.583928342554158727e-07 1.012094925388596677e-08 5.482718850015298282e-07
3.435000000000000000e+03 3.293379806629166655e-07 1.099060241394340765e-08 3.183473782489732711e-07
3.440000000000000000e+03 4.432813044335511158e-07 1.184334291786085008e-08 4.314379615156903004e-07
3.445000000000000000e+03 2.468252550136072536e-07 1.214134322160527720e-08 2.346839117920019648e-07
3.450000000000000000e+03 5.159590003659328790e-08 1.223537251942554391e-08 3.936052751716773406e-08
3.455000000000000000e+03 5.208767675614036846e-08 1.236256590351106921e-08 3.972511085262929594e-08
3.460000000000000000e+03 1.564985873363273635e-07 1.240829138338615639e-08 1.440902959529412088e-07
3.465000000000000000e+03 6.104415508385416173e-07 1.237610634288753326e-08 5.980654444956540856e-07
3.470000000000000000e+03 6.729789998617075848e-07 1.265511743624274734e-08 6.603238824254648342e-07
3.475000000000000000e+03 3.435600999163508703e-07 1.358502219111992265e-08 3.299750777252309096e-07
3.480000000000000000e+03 4.017432767775587969e-07 1.455764954430922604e-08 3.871856272332496139e-07
3.485000000000000000e+03 3.231078718245294978e-07 1.513781085180976833e-08 3.079700609727196964e-07
3.490000000000000000e+03 7.933883765440448393e-08 1.519504708724596836e-08 6.414379056715853212e-08
3.495000000000000000e+03 6.531730442279628994e-08 1.540191862485516778e-08 4.991538579794113540e-08
3.500000000000000000e+03 9.968547626779286942e-08 1.543318496543560566e-08 8.425229130235726708e-08
3.505000000000000000e+03 4.843225554019781618e-07 1.545246591463634182e-08 4.688700894873419358e-07
3.510000000000000000e+03 7.491479389430791705e-07 1.551180361871239756e-08 7.336361353243667729e-07
3.515000000000000000e+03 4.172304761171051280e-07 1.640366829858345419e-08 4.008268078185217466e-07
3.520000000000000000e+03 3.463206663057651569e-07 1.746631895001297743e-08 3.288543473557521199e-07
3.525000000000000000e+03 3.734705628955093796e-07 1.833434051971547761e-08 3.551362223757938391e-07
3.530000000000000000e+03 1.257823274310856950e-07 1.844851824852088005e-08 1.073338091825648183e-07
3.535000000000000000e+03 7.466185744271413909e-08 1.867635890661719827e-08 5.598549853609694743e-08
3.540000000000000000e+03 8.338337047963545546e-08 1.874447993783437904e-08 6.463889054180107643e-08
3.545000000000000000e+03 3.475694301676982084e-07 1.880000408429745101e-08 3.287694260834006979e-07
3.550000000000000000e+03 7.601066237989657603e-07 1.872310422757570198e-08 7.413835195713900484e-07
3.555000000000000000e+03 5.351249288414251384e-07 1.943204778439915552e-08 5.156928810570259664e-07
3.560000000000000000e+03 3.085894081873159454e-07 2.057992441132308884e-08 2.880094837759928500e-07
3.565000000000000000e+03 3.856591746607451452e-07 2.166281380107170218e-08 3.639963608596733867e-07
3.570000000000000000e+03 1.874779261016944605e-07 2.198335763527205720e-08 1.654945684664224067e-07
3.575000000000000000e+03 8.091018144058615556e-08 2.215238275433355706e-08 5.875779868625259850e-08
3.580000000000000000e+03 9.382460085812819174e-08 2.232360189497776537e-08 7.150099896315042306e-08
3.585000000000000000e+03 2.324862549194453734e-07 2.237209039481290832e-08 2.101141645246324452e-07
3.590000000000000000e+03 6.996549721591992915e-07 2.228054561818726996e-08 6.773744265410119587e-07
3.595000000000000000e+03 6.644201405338653267e-07 2.268734000862394927e-08 6.417328005252413278e-07
3.600000000000000000e+03 3.162599257421180636e-07 2.388802432231192452e-08 2.923719014198061821e-07
3.605000000000000000e+03 3.614228830508410274e-07 2.509539352605708803e-08 3.363274895247839658e-07
3.610000000000000000e+03 2.521191184968627908e-07 2.574058277397988044e-08 2.263785357228828772e-07
3.615000000000000000e+03 9.123609158727254242e-08 2.583175792805042238e-08 6.540433365922211674e-08
3.620000000000000000e+03 1.130462348902327860e-07 2.611935153587597960e-08 8.692688335435679650e-08
3.625000000000000000e+03 1.600210288489659787e-07 2.615309179678649809e-08 1.338679370521794541e-07
3.630000000000000000e+03 5.837954923634135357e-07 2.612570016988259101e-08 5.576697921935309116e-07
3.635000000000000000e+03 7.656789150664059995e-07 2.621487659962757734e-08 7.394640384667783262e-07
3.640000000000000000e+03 3.821887212313693018e-07 2.735936450062273703e-08 3.548293567307466012e-07
3.645000000000000000e+03 3.179659490342391398e-07 2.864372081636285536e-08 2.893222282178762845e-07
3.650000000000000000e+03 3.027524670349730739e-07 2.962735087224418836e-08 2.731251161627288756e-07
3.655000000000000000e+03 1.135909111344214645e-07 2.973434939680156287e-08 8.385656173761990492e-08
3.660000000000000000e+03 1.270005737022430408e-07 3.006519503610152774e-08 9.693537866614152627e-08
3.665000000000000000e+03 1.343062405538159312e-07 3.014300188412090455e-08 1.041632386696950267e-07
3.670000000000000000e+03 4.443137866032683086e-07 3.017565488189833271e-08 4.141381317213699693e-07
3.675000000000000000e+03 8.065453083588859068e-07 3.005383447937956607e-08 7.764914738795062679e-07
3.680000000000000000e+03 4.982517854111961359e-07 3.096976362694073932e-08 4.672820217842554297e-07
3.685000000000000000e+03 2.829886330312444374e-07 3.232715698022101568e-08 2.506614760510234680e-07
3.690000000000000000e+03 3.252548242484761158e-07 3.355967476023912829e-08 2.916951494882370206e-07
3.695000000000000000e+03 1.507740822638298556e-07 3.385640110340005910e-08 1.169176811604297965e-07
3.700000000000000000e+03 1.306209053022656808e-07 3.411661525431177587e-08 9.650429004795389175e-08
3.705000000000000000e+03 1.440188795510050687e-07 3.432324904565172643e-08 1.096956305053533422e-07
3.710000000000000000e+03 3.170417982947992255e-07 3.436475922317179695e-08 2.826770390716274815e-07
3.715000000000000000e+03 7.730775245608781684e-07 3.419592776193286111e-08 7.388815967989452742e-07
3.720000000000000000e+03 6.367210495703124650e-07 3.473197983401735247e-08 6.019890697362950000e-07
3.725000000000000000e+03 2.847815718654368234e-07 3.613899326083836116e-08 2.486425786045984755e-07
3.730000000000000000e+03 3.157804606157786726e-07 3.750166247721445690e-08 2.782787981385642223e-07
3.735000000000000000e+03 1.972543671702187701e-07 3.813938048033926559e-08 1.591149866898794913e-07
3.740000000000000000e+03 1.280488452672174585e-07 3.827469130321517773e-08 8.977415396400227419e-08
3.745000000000000000e+03 1.692588301078556028e-07 3.863675113826732286e-08 1.306220789695882733e-07
3.750000000000000000e+03 2.295112183072770235e-07 3.866806593186545762e-08 1.908431523754115990e-07
3.755000000000000000e+03 6.744285368124951999e-07 3.857141601223310990e-08 6.358571208002621297e-07
3.760000000000000000e+03 7.590274205327630768e-07 3.869568593380101057e-08 7.203317345989619140e-07
3.765000000000000000e+03 3.410071882237084667e-07 4.004274841175822269e-08 3.009644398119501911e-07
3.770000000000000000e+03 2.845997035638471504e-07 4.146810410962910984e-08 2.431315994542180935e-07
3.775000000000000000e+03 2.405515739867862981e-07 4.248010052775760832e-08 1.980714734590286699e-07
3.780000000000000000e+03 1.284356494303542497e-07 4.256954312597368461e-08 8.586610630438057171e-08
3.785000000000000000e+03 1.906161810311983799e-07 4.300521940420621415e-08 1.476109616269921591e-07
3.790000000000000000e+03 1.926781949336082531e-07 4.308595614055813489e-08 1.495922387930501580e-07
3.795000000000000000e+03 5.391336365504408587e-07 4.307737337441777770e-08 4.960562631760231406e-07
3.800000000000000000e+03 8.289381226821260352e-07 4.290936316934193423e-08 7.860287595127841142e-07
3.805000000000000000e+03 4.505767916787921479e-07 4.400380866563808196e-08 4.065729830131540925e-07
3.810000000000000000e+03 2.541016119902881882e-07 4.548803083998378659e-08 2.086135811503043883e-07
3.815000000000000000e+03 2.668280605736835217e-07 4.677906479717681835e-08 2.200489957765066769e-07
3.820000000000000000e+03 1.396433549139584387e-07 4.701162471730587789e-08 9.263173019665254756e-08
3.825000000000000000e+03 1.966016339338902150e-07 4.737307432290785281e-08 1.492285596109823423e-07
3.830000000000000000e+03 1.994621429797095960e-07 4.760358980034315976e-08 1.518585531793664031e-07
3.835000000000000000e+03 4.045732168661748812e-07 4.762812701547491360e-08 3.569450898506999146e-07
3.840000000000000000e+03 8.253229687714734272e-07 4.737031553530059404e-08 7.779526532361727869e-07
3.845000000000000000e+03 5.920774254598714139e-07 4.802769796062360352e-08 5.440497274992478567e-07
3.850000000000000000e+03 2.511643297248996510e-07 4.956166819134890921e-08 2.016026615335507087e-07
3.855000000000000000e+03 2.682329822365045473e-07 5.098951112771234714e-08 2.172434711087922465e-07
3.860000000000000000e+03 1.630370596135716699e-07 5.155037345955697593e-08 1.114866861540146874e-07
3.865000000000000000e+03 1.866654851497482220e-07 5.173946658046557144e-08 1.349260185692826506e-07
3.870000000000000000e+03 2.299582154861145503e-07 5.216324228165949812e-08 1.777949732044550852e-07
3.875000000000000000e+03 3.038281396436282690e-07 5.218746652077134645e-08 2.516406731228569424e-07
3.880000000000000000e+03 7.496560144989734482e-07 5.200351219642478677e-08 6.976525023025486018e-07
3.885000000000000000e+03 7.298306324772884884e-07 5.216630373086903506e-08 6.776643287464193805e-07
3.890000000000000000e+03 2.965718340491184847e-07 5.365020403330773712e-08 2.429216300158107079e-07
3.895000000000000000e+03 2.484825868313497842e-07 5.512651790580902946e-08 1.933560689255407349e-07
3.900000000000000000e+03 1.920116971550303212e-07 5.607835634826458622e-08 1.359333408067657085e-07
3.905000000000000000e+03 1.690733852692168640e-07 5.614527676218675488e-08 1.129281085070300958e-07
3.910000000000000000e+03 2.606368422724495925e-07 5.667881073372379462e-08 2.039580315387258574e-07
3.915000000000000000e+03 2.549828781648819331e-07 5.675607975466116961e-08 1.982267984102207569e-07
3.920000000000000000e+03 6.253435429398854904e-07 5.668982708547076069e-08 5.686537158544147099e-07
3.925000000000000000e+03 8.257263148552242249e-07 5.647858015894717928e-08 7.692477346962768802e-07
3.930000000000000000e+03 3.956240484528142960e-07 5.770887872881744078e-08 3.379151697239968552e-07
3.935000000000000000e+03 2.237017099446076258e-07 5.922855404957395711e-08 1.644731558950336687e-07
3.940000000000000000e+03 2.151252120313584207e-07 6.048256801270431063e-08 1.546426440186540969e-07
3.945000000000000000e+03 1.550976124415618478e-07 6.061935608566575184e-08 9.447825635589608271e-08
3.950000000000000000e+03 2.736037780431164203e-07 6.108459630961195393e-08 2.125191817335044796e-07
3.955000000000000000e+03 2.566694356090548552e-07 6.132603532922280446e-08 1.953434002798321301e-07
3.960000000000000000e+03 4.891651349036219044e-07 6.132409099892204433e-08 4.278410439046999262e-07
3.965000000000000000e+03 8.525887740117200106e-07 6.097232289192303494e-08 7.916164511197968566e-07
3.970000000000000000e+03 5.339115291100378207e-07 6.173360524772570281e-08 4.721779238623121708e-07
3.975000000000000000e+03 2.175114681273814186e-07 6.330544951212941860e-08 1.542060186152520265e-07
3.980000000000000000e+03 2.224613523494117604e-07 6.470340584661389804e-08 1.577579465027978756e-07
3.985000000000000000e+03 1.524809762317319020e-07 6.512624502648292084e-08 8.735473120524900763e-08
3.990000000000000000e+03 2.623763820417620619e-07 6.537652687690489241e-08 1.969998551648571827e-07
3.995000000000000000e+03 2.909616321072737021e-07 6.584432678479674671e-08 2.251173053224769157e-07
4.000000000000000000e+03 3.782175735251967887e-07 6.585745547779091853e-08 3.123601180474058702e-07
4.005000000000000000e+03 8.040109429855673433e-07 6.557384569618583796e-08 7.384370972893814921e-07
4.010000000000000000e+03 6.804154908832430225e-07 6.577584889068399347e-08 6.146396419925590555e-07
4.015000000000000000e+03 2.518904059474676036e-07 6.731943395516577338e-08 1.845709719923018435e-07
4.020000000000000000e+03 2.121503486372175085e-07 6.875296550999968804e-08 1.433973831272177940e-07
4.025000000000000000e+03 1.613455330822301117e-07 6.956123867923658042e-08 9.178429440299354454e-08
4.030000000000000000e+03 2.323180128641618527e-07 6.960552667895311167e-08 1.627124861852087542e-07
4.035000000000000000e+03 3.318558610482759836e-07 7.022189698235736449e-08 2.616339640659186191e-07
4.040000000000000000e+03 3.174089230990858005e-07 7.029041996252418296e-08 2.471185031365615911e-07
4.045000000000000000e+03 6.967964366988306974e-07 7.015310212168084131e-08 6.266433345771498561e-07
4.050000000000000000e+03 7.972895061847236144e-07 6.990504743137372467e-08 7.273844587533501147e-07
4.055000000000000000e+03 3.373522229803516452e-07 7.121688304290284824e-08 2.661353399374489029e-07
4.060000000000000000e+03 1.936705463930518568e-07 7.267781368832259124e-08 1.209927327047292523e-07
4.065000000000000000e+03 1.745237123891964944e-07 7.380142485192452586e-08 1.007222875372719553e-07
4.070000000000000000e+03 1.961355069344379179e-07 7.382131897080842778e-08 1.223141879636294240e-07
4.075000000000000000e+03 3.556566801431668027e-07 7.438484224022493294e-08 2.812718379029418565e-07
4.080000000000000000e+03 3.120928386219100216e-07 7.462432706230445017e-08 2.374685115596055979e-07
4.085000000000000000e+03 5.649917254565210490e-07 7.458747472522936163e-08 4.904042507312916742e-07
4.090000000000000000e+03 8.529468970594954798e-07 7.414353485501109342e-08 7.788033622044844260e-07
4.095000000000000000e+03 4.665878107109469344e-07 7.498246102608675600e-08 3.916053496848602975e-07
4.100000000000000000e+03 1.858532065243942557e-07 7.649925753750063342e-08 1.093539489868936090e-07
4.105000000000000000e+03 1.821548055180116938e-07 7.777350631931683643e-08 1.043812991986948574e-07
4.110000000000000000e+03 1.668354922323158416e-07 7.800961586273842182e-08 8.882587636957743303e-08
4.115000000000000000e+03 3.492340287951088859e-07 7.832482828887396227e-08 2.709092005062350031e-07
4.120000000000000000e+03 3.481829266697142872e-07 7.881598499776859194e-08 2.693669416719457349e-07
4.125000000000000000e+03 4.478064729938989822e-07 7.881487748829236386e-08 3.689915955056066051e-07
4.130000000000000000e+03 8.335440542001014488e-07 7.842567879891010729e-08 7.551183754011912621e-07
4.135000000000000000e+03 6.146011936514707190e-07 7.866424383241251359e-08 5.359369498190582187e-07
4.140000000000000000e+03 2.098687864341329755e-07 8.018403211344212553e-08 1.296847543206908500e-07
4.145000000000000000e+03 1.782587946575251034e-07 8.148330918409147892e-08 9.677548547343362449e-08
4.150000000000000000e+03 1.514918065122800756e-07 8.207571016967292184e-08 6.941609634260714056e-08
4.155000000000000000e+03 3.132765725172797015e-07 8.210103465423487397e-08 2.311755378630448540e-07
4.160000000000000000e+03 3.991094342382114893e-07 8.277868249152504096e-08 3.163307517466864351e-07
4.165000000000000000e+03 3.760769080149830834e-07 8.283476577686953700e-08 2.932421422381135994e-07
4.170000000000000000e+03 7.483448902642394386e-07 8.261689073506852171e-08 6.657279995291708772e-07
4.175000000000000000e+03 7.459074612330159992e-07 8.234107605964364665e-08 6.635663851733722070e-07
4.180000000000000000e+03 2.798419165127757056e-07 8.367193497507773524e-08 1.961699815376979703e-07
4.185000000000000000e+03 1.658959367812064946e-07 8.498318285586043262e-08 8.091275392534604874e-08
4.190000000000000000e+03 1.486912719507505383e-07 8.589164037372334089e-08 6.279963157702719746e-08
4.195000000000000000e+03 2.597993009808418510e-07 8.578468902124815930e-08 1.740146119595937050e-07
4.200000000000000000e+03 4.365174717961821498e-07 8.643321583990405608e-08 3.500842559562781732e-07
4.205000000000000000e+03 3.623315405418473640e-07 8.665924964247761253e-08 2.756722908993696588e-07
4.210000000000000000e+03 6.267350495745441944e-07 8.658058051617764088e-08 5.401544690583665402e-07
4.215000000000000000e+03 8.264939532929764449e-07 8.605266240106902964e-08 7.404412908919072697e-07
4.220000000000000000e+03 3.950594396758028233e-07 8.693554371035229790e-08 3.081238959654505651e-07
4.225000000000000000e+03 1.580249461659129523e-07 8.830670407162110528e-08 6.971824209429183380e-08
4.230000000000000000e+03 1.507431377499925210e-07 8.937090030647587758e-08 6.137223744351664339e-08
4.235000000000000000e+03 2.054599875003235095e-07 8.938713509492091254e-08 1.160728524054025572e-07
4.240000000000000000e+03 4.405061554003209996e-07 8.976632439257636710e-08 3.507398310077446854e-07
4.245000000000000000e+03 3.978963996577245740e-07 9.025925763091666667e-08 3.076371420268079338e-07
4.250000000000000000e+03 5.079278991231624267e-07 9.024164479627227511e-08 4.176862543268901251e-07
4.255000000000000000e+03 8.361350564713855154e-07 8.974772053301998722e-08 7.463873359383654091e-07
4.260000000000000000e+03 5.373871478708223939e-07 9.001662613805248490e-08 4.473705217327699488e-07
4.265000000000000000e+03 1.731061425863379914e-07 9.142844330390134827e-08 8.167769928243665635e-08
4.270000000000000000e+03 1.494140926023250295e-07 9.251013182544719729e-08 5.690396077687785867e-08
4.275000000000000000e+03 1.638592701005284230e-07 9.283047740244940230e-08 7.102879269807904712e-08
4.280000000000000000e+03 4.057174438548662003e-07 9.284293918086602873e-08 3.128745046740002113e-07
4.285000000000000000e+03 4.576413317017571861e-07 9.355587209365768335e-08 3.640854596080994763e-07
4.290000000000000000e+03 4.272739520748070147e-07 9.359751385436364256e-08 3.336764382204433456e-07
4.295000000000000000e+03 7.762393093245872102e-07 9.329411169370923091e-08 6.829451976308778734e-07
4.300000000000000000e+03 6.755748742298052852e-07 9.300128813643024612e-08 5.825735860933750523e-07
4.305000000000000000e+03 2.269828951007746378e-07 9.428456827070522647e-08 1.326983268300694510e-07
4.310000000000000000e+03 1.421709054242316168e-07 9.536437794819708047e-08 4.680652747603447672e-08
4.315000000000000000e+03 1.402847627352646458e-07 9.598748121590071329e-08 4.429728151936393247e-08
4.320000000000000000e+03 3.413829642171951912e-07 9.575457736791913709e-08 2.456283868492760806e-07
4.325000000000000000e+03 5.101348205901615145e-07 9.646814152941721380e-08 4.136666790607443271e-07
4.330000000000000000e+03 4.043261043360114821e-07 9.667151717685377119e-08 3.076545871591576977e-07
4.335000000000000000e+03 6.699801851161366384e-07 9.654596902300821051e-08 5.734342160931285338e-07
4.340000000000000000e+03 7.753470510369743786e-07 9.594804179545524146e-08 6.793990092415191768e-07
4.345000000000000000e+03 3.244749372980374978e-07 9.683576756792709057e-08 2.276391697301103675e-07
4.350000000000000000e+03 1.355682574844157793e-07 9.797916442104074794e-08 3.758909306337502479e-08
4.355000000000000000e+03 1.311344066338031547e-07 9.876025013801557411e-08 3.237415649578757397e-08
4.360000000000000000e+03 2.658412576812377461e-07 9.854069426223684483e-08 1.673005634190008881e-07
4.365000000000000000e+03 5.291872609669890147e-07 9.897781498109074901e-08 4.302094459858982657e-07
4.370000000000000000e+03 4.369647701926088948e-07 9.945198876620149861e-08 3.375127814264073830e-07
4.375000000000000000e+03 5.544445771244243359e-07 9.941632598375977080e-08 4.550282511406645121e-07
4.380000000000000000e+03 8.116694891644389140e-07 9.882532870456574952e-08 7.128441604598731115e-07
4.385000000000000000e+03 4.545514889313703255e-07 9.911485815848170294e-08 3.554366307728886225e-07
4.390000000000000000e+03 1.437248316781749115e-07 1.003396337582745511e-07 4.338519791990036041e-08
4.395000000000000000e+03 1.279963563564608699e-07 1.011340162960059099e-07 2.686234006045496667e-08
4.400000000000000000e+03 1.981802208283718543e-07 1.011459717200445620e-07 9.703424910832729229e-08
4.405000000000000000e+03 5.025431995650831641e-07 1.011526556253366566e-07 4.013905439397465604e-07
4.410000000000000000e+03 5.034260757177944121e-07 1.018728243498614120e-07 4.015532513679329339e-07
4.415000000000000000e+03 4.676841613710221585e-07 1.018995366663961338e-07 3.657846247046260379e-07
4.420000000000000000e+03 7.784314222797406640e-07 1.015105892939631214e-07 6.769208329857774765e-07
4.425000000000000000e+03 5.916827897224194922e-07 1.012122489367502333e-07 4.904705407856691927e-07
4.430000000000000000e+03 1.821871011814653322e-07 1.023817960700347597e-07 7.980530511143057255e-08
4.435000000000000000e+03 1.240967581063724341e-07 1.031630121114841464e-07 2.093374599488829759e-08
4.440000000000000000e+03 1.507134861142209077e-07 1.034499785933180215e-07 4.726350752090290610e-08
4.445000000000000000e+03 4.347784494505421895e-07 1.031016656230806601e-07 3.316767838274615029e-07
4.450000000000000000e+03 5.710903494888959385e-07 1.038553333423353565e-07 4.672350161465605423e-07
4.455000000000000000e+03 4.355283538155164832e-07 1.040296194308573576e-07 3.314987343846590859e-07
4.460000000000000000e+03 6.915586940136584664e-07 1.038542590973352671e-07 5.877044349163231993e-07
4.465000000000000000e+03 7.034830510256256583e-07 1.032051042964050947e-07 6.002779467292205503e-07
4.470000000000000000e+03 2.597780195290060905e-07 1.040556627305282574e-07 1.557223567984778331e-07
4.475000000000000000e+03 1.196588751256303083e-07 1.049032577591385376e-07 1.475561736649178230e-08
4.480000000000000000e+03 1.254766013099479515e-07 1.053464397340460049e-07 2.013016157590194325e-08
4.485000000000000000e+03 3.437568726421768490e-07 1.048926946162977314e-07 2.388641780258791043e-07
4.490000000000000000e+03 6.085275776590690923e-07 1.053768285116749640e-07 5.031507491473941813e-07
4.495000000000000000e+03 4.630166242527418817e-07 1.058143083128364016e-07 3.572023159399054801e-07
4.500000000000000000e+03 5.840498156182312522e-07 1.057595836458511723e-07 4.782902319723801328e-07
4.505000000000000000e+03 7.620643983429332547e-07 1.050856450778690373e-07 6.569787532650642703e-07
4.510000000000000000e+03 3.721930957759992325e-07 1.053830082893997391e-07 2.668100874865995067e-07
4.515000000000000000e+03 1.232470104650287394e-07 1.063523918099755343e-07 1.689461865505322496e-08
4.520000000000000000e+03 1.159864828892808515e-07 1.068079543376020189e-07 9.178528551678811131e-09
4.525000000000000000e+03 2.524897232066455004e-07 1.064971701937262010e-07 1.459925530129193127e-07
4.530000000000000000e+03 5.963321025210175844e-07 1.065049080741703046e-07 4.898271944468473857e-07
4.535000000000000000e+03 5.334276867683258017e-07 1.072045426223586548e-07 4.262231441459671602e-07
4.540000000000000000e+03 4.946031891132368926e-07 1.072169131113841330e-07 3.873862760018526934e-07
4.545000000000000000e+03 7.547565081689309295e-07 1.067475991385050791e-07 6.480089090304258503e-07
4.550000000000000000e+03 5.005917930986819890e-07 1.064550194012142537e-07 3.941367736974676823e-07
4.555000000000000000e+03 1.481505871133866344e-07 1.074498789519555472e-07 4.070070816143108722e-08
4.560000000000000000e+03 1.129924824433995911e-07 1.078843798056903545e-07 5.108102637709268819e-09
4.565000000000000000e+03 1.799882508139043939e-07 1.078072866781035010e-07 7.218096413580091930e-08
4.570000000000000000e+03 5.329352332935678805e-07 1.073619726451352425e-07 4.255732606484326116e-07
4.575000000000000000e+03 6.149830366176491394e-07 1.081279505794555083e-07 5.068550860381936576e-07
4.580000000000000000e+03 4.540397724376503050e-07 1.082695282120664090e-07 3.457702442255839754e-07
4.585000000000000000e+03 6.898125911718664620e-07 1.080438540255055229e-07 5.817687371463608068e-07
4.590000000000000000e+03 6.164322079174022015e-07 1.073658383544380297e-07 5.090663695629641453e-07
4.595000000000000000e+03 2.053337295783461824e-07 1.081371993014023058e-07 9.719653027694385011e-08
4.600000000000000000e+03 1.110622236276184132e-07 1.086397898948017683e-07 2.422433732816625413e-09
4.605000000000000000e+03 1.349623633650855016e-07 1.087123236267709973e-07 2.625003973831448441e-08
4.610000000000000000e+03 4.335757702896782835e-07 1.080424431384229592e-07 3.255333271512552846e-07
4.615000000000000000e+03 6.725375865215673041e-07 1.085585622532653912e-07 5.639790242683018732e-07
4.620000000000000000e+03 4.745658380387385594e-07 1.089451200468994324e-07 3.656207179918391799e-07
4.625000000000000000e+03 5.945252596112164582e-07 1.088707527907963219e-07 4.856545068204201231e-07
4.630000000000000000e+03 6.911373295101165190e-07 1.081338005321270977e-07 5.830035289779893816e-07
4.635000000000000000e+03 2.962553262997877964e-07 1.084238321639871317e-07 1.878314941358006912e-07
4.640000000000000000e+03 1.125241255470139029e-07 1.090851976401331197e-07 3.438927906880789001e-09
4.645000000000000000e+03 1.148068651988219694e-07 1.091721301407269686e-07 5.634735058095004952e-09
4.650000000000000000e+03 3.232372918005235275e-07 1.085466789180211861e-07 2.146906128825023678e-07
4.655000000000000000e+03 6.799047231432692969e-07 1.085610351696159486e-07 5.713436879736533748e-07
4.660000000000000000e+03 5.457771872828183396e-07 1.092147430729596955e-07 4.365624442098587765e-07
4.665000000000000000e+03 5.061257231597510918e-07 1.092139760827199208e-07 3.969117470770311974e-07
4.670000000000000000e+03 7.069766460089385845e-07 1.086747045480320609e-07 5.983019414609064177e-07
4.675000000000000000e+03 4.091317078561721776e-07 1.083979835789910852e-07 3.007337242771810792e-07
4.680000000000000000e+03 1.266818168530440125e-07 1.091669467503732300e-07 1.751487010267079906e-08
4.685000000000000000e+03 1.098126362179292376e-07 1.092289459804035032e-07 5.836902375257234051e-10
4.690000000000000000e+03 2.266729758993996173e-07 1.087844763149242783e-07 1.178884995844753389e-07
4.695000000000000000e+03 6.283980636552550035e-07 1.082662282820606791e-07 5.201318353731942185e-07
4.700000000000000000e+03 6.387281114013969819e-07 1.090161293738202099e-07 5.297119820275766793e-07
4.705000000000000000e+03 4.587145787440137756e-07 1.091239107288476009e-07 3.495906680151662145e-07
4.710000000000000000e+03 6.647556776648190276e-07 1.088501388248127812e-07 5.559055388400062994e-07
4.715000000000000000e+03 5.208494431936643952e-07 1.081676852331438617e-07 4.126817579605205203e-07
4.720000000000000000e+03 1.646110524461150951e-07 1.088209169272209792e-07 5.579013551889413576e-08
4.725000000000000000e+03 1.101144469294810622e-07 1.089516986308503379e-07 1.162748298630720387e-09
4.730000000000000000e+03 1.596949088984854462e-07 1.086451221190194551e-07 5.104978677946599773e-08
4.735000000000000000e+03 5.286755329893963010e-07 1.077913990947540887e-07 4.208841338946422387e-07
4.740000000000000000e+03 7.164283001846846197e-07 1.083215963605581813e-07 6.081067038241263325e-07
4.745000000000000000e+03 4.710696575179303348e-07 1.086472930066080721e-07 3.624223645113222230e-07
4.750000000000000000e+03 5.849345601552302309e-07 1.085531389833843707e-07 4.763814211718458337e-07
4.755000000000000000e+03 6.043259359928888811e-07 1.077778244470598445e-07 4.965481115458289439e-07
4.760000000000000000e+03 2.320705750851622352e-07 1.080439879282652105e-07 1.240265871568970115e-07
4.765000000000000000e+03 1.117200880632847419e-07 1.083645297719140321e-07 3.355558291370746195e-09
4.770000000000000000e+03 1.251884658795032556e-07 1.080767462472795435e-07 1.711171963222372529e-08
4.775000000000000000e+03 4.055271410818313873e-07 1.071658811710842309e-07 2.983612599107471830e-07
4.780000000000000000e+03 7.468708886763480349e-07 1.071905476692041715e-07 6.396803410071439164e-07
4.785000000000000000e+03 5.398598338040014446e-07 1.077769824040260871e-07 4.320828513999754237e-07
4.790000000000000000e+03 5.012933916118449617e-07 1.077644533795965052e-07 3.935289382322485094e-07
4.795000000000000000e+03 6.386765752146430878e-07 1.071706191721922772e-07 5.315059560424508767e-07
4.800000000000000000e+03 3.240687383226910623e-07 1.069178155643878024e-07 2.171509227583032996e-07
4.805000000000000000e+03 1.186068978694458971e-07 1.074235652780928213e-07 1.118333259135308410e-08
4.810000000000000000e+03 1.150769987746767440e-07 1.071113472608864126e-07 7.965651513790326439e-09
4.815000000000000000e+03 2.879483362091559728e-07 1.063207563490315904e-07 1.816275798601243957e-07
4.820000000000000000e+03 7.138803581073458211e-07 1.057569711439942239e-07 6.081233869633515045e-07
4.825000000000000000e+03 6.407490333634603054e-07 1.064639394435278752e-07 5.342850939199324567e-07
4.830000000000000000e+03 4.492242381055337567e-07 1.065388922437834977e-07 3.426853458617503649e-07
4.835000000000000000e+03 6.181149167459222664e-07 1.062222632365078093e-07 5.118926535094145630e-07
4.840000000000000000e+03 4.239973679572064857e-07 1.055601002752989484e-07 3.184372676819074446e-07
4.845000000000000000e+03 1.399462870274215106e-07 1.060625064273937103e-07 3.388378060002777382e-08
4.850000000000000000e+03 1.167251608446149653e-07 1.058190982238599430e-07 1.090606262075502561e-08
4.855000000000000000e+03 1.986304038137905357e-07 1.051498303925315227e-07 9.348057342125902624e-08
4.860000000000000000e+03 6.219449637880293466e-07 1.041556907050367908e-07 5.177892730829924896e-07
4.865000000000000000e+03 7.369526685389816044e-07 1.046806223318142132e-07 6.322720462071674176e-07
4.870000000000000000e+03 4.529272947146743060e-07 1.049399772660220737e-07 3.479873174486521660e-07
4.875000000000000000e+03 5.557353704890928232e-07 1.048265462842482533e-07 4.509088242048445170e-07
4.880000000000000000e+03 5.082784065887845501e-07 1.040407367331808469e-07 4.042376698556037429e-07
4.885000000000000000e+03 1.839627036584975205e-07 1.042664030736004743e-07 7.969630058489701968e-08
4.890000000000000000e+03 1.203438507865781881e-07 1.042359157507061276e-07 1.610793503587204401e-08
4.895000000000000000e+03 1.470767234033590897e-07 1.035915199224217591e-07 4.348520348093732397e-08
4.900000000000000000e+03 4.934720009709075849e-07 1.024429506936775959e-07 3.910290502772299890e-07
4.905000000000000000e+03 7.921124020218897617e-07 1.024794587605195243e-07 6.896329432613702241e-07
4.910000000000000000e+03 5.163110435214024273e-07 1.029824999383280101e-07 4.133285435830744172e-07
4.915000000000000000e+03 4.801920786449573901e-07 1.029595069559582061e-07 3.772325716889992634e-07
4.920000000000000000e+03 5.550164868107519464e-07 1.023308877894044439e-07 4.526855990213474892e-07
4.925000000000000000e+03 2.515839656011715396e-07 1.021073291461525883e-07 1.494766364550189380e-07
4.930000000000000000e+03 1.237546984306092910e-07 1.023297716115706988e-07 2.142492681903856907e-08
4.935000000000000000e+03 1.288163917377964243e-07 1.016658535013547265e-07 2.715053823644170436e-08
4.940000000000000000e+03 3.597879970511811795e-07 1.005731605743477047e-07 2.592148364768335145e-07
4.945000000000000000e+03 7.828268336908107190e-07 9.999226007957583683e-08 6.828345736112348557e-07
4.950000000000000000e+03 6.210523429723403459e-07 1.006328496339194909e-07 5.204194933384209079e-07
4.955000000000000000e+03 4.260818666790864377e-07 1.006774728910386518e-07 3.254043937880477859e-07
4.960000000000000000e+03 5.532431115240551074e-07 1.003264125545444835e-07 4.529166989695105710e-07
4.965000000000000000e+03 3.331829568793244891e-07 9.970770107669328384e-08 2.334752558026312053e-07
4.970000000000000000e+03 1.324032159332313976e-07 1.000358020113828188e-07 3.236741392184860525e-08
4.975000000000000000e+03 1.303978857936803078e-07 9.944058557525455162e-08 3.095730021842577598e-08
4.980000000000000000e+03 2.496071055567452305e-07 9.844874884848952237e-08 1.511583567082556816e-07
4.985000000000000000e+03 7.063325449021614674e-07 9.736510311437770610e-08 6.089674417877836951e-07
4.990000000000000000e+03 7.326237120345818377e-07 9.786552745391066516e-08 6.347581845806712387e-07
4.995000000000000000e+03 4.214244119163914833e-07 9.805732277253389079e-08 3.233670891438576322e-07
5.000000000000000000e+03 5.087955419988034915e-07 9.792609933972936546e-08 4.108694426590742319e-07
5.005000000000000000e+03 4.103462693176363331e-07 9.715899782848883414e-08 3.131872714891474593e-07
5.010000000000000000e+03 1.549382375465742873e-07 9.732900794319431784e-08 5.760922960337998270e-08
5.015000000000000000e+03 1.373233263656491245e-07 9.696107533750992400e-08 4.036225102813918722e-08
5.020000000000000000e+03 1.795879740035426539e-07 9.600118553892414019e-08 8.358678846461847399e-08
5.025000000000000000e+03 5.806348915308285990e-07 9.467718066464533883e-08 4.859577108661832999e-07
5.030000000000000000e+03 8.121636735474260357e-07 9.472490562599813366e-08 7.174387679214278756e-07
5.035000000000000000e+03 4.769272210590078097e-07 9.513433029573969012e-08 3.817928907632680932e-07
5.040000000000000000e+03 4.439879515687464921e-07 9.510205857109833157e-08 3.488858929976481870e-07
5.045000000000000000e+03 4.623578005024181014e-07 9.446179753164174529e-08 3.678960029707763693e-07
5.050000000000000000e+03 1.968054607831942400e-07 9.426970344058952551e-08 1.025357573426046880e-07
5.055000000000000000e+03 1.410175147448461081e-07 9.420817334616785794e-08 4.680934139867827666e-08
5.060000000000000000e+03 1.505402735024364997e-07 9.323783117419474749e-08 5.730244232824179195e-08
5.065000000000000000e+03 4.372382398364035647e-07 9.190645759503431188e-08 3.453317822413692793e-07
5.070000000000000000e+03 8.299198327903647842e-07 9.133575792107834078e-08 7.385840748692864567e-07
5.075000000000000000e+03 5.811838506227415973e-07 9.189138725627566772e-08 4.892924633664660487e-07
5.080000000000000000e+03 3.906246220143606735e-07 9.190926982827375063e-08 2.987153521860870420e-07
5.085000000000000000e+03 4.749044110019159991e-07 9.153535173083690945e-08 3.833690592710790235e-07
5.090000000000000000e+03 2.551939622123149192e-07 9.097982638467515797e-08 1.642141358276398142e-07
5.095000000000000000e+03 1.417369949585260663e-07 9.112189786627145823e-08 5.061509709225460148e-08
5.100000000000000000e+03 1.502645930329922064e-07 9.022062911270705286e-08 6.004396392028512711e-08
5.105000000000000000e+03 3.094651473915774578e-07 8.896727864389818855e-08 2.204978687476792295e-07
5.110000000000000000e+03 7.753960346039947710e-07 8.784855385607573978e-08 6.875474807479190312e-07
5.115000000000000000e+03 7.037946683236145194e-07 8.830676830569435284e-08 6.154879000179201665e-07
5.120000000000000000e+03 3.786309388533151897e-07 8.843367316293065327e-08 2.901972656903844967e-07
5.125000000000000000e+03 4.473064454319671839e-07 8.828751939481521721e-08 3.590189260371518873e-07
5.130000000000000000e+03 3.180201073858100104e-07 8.756748003459028450e-08 2.304526273512197524e-07
5.135000000000000000e+03 1.464886426433039019e-07 8.766982328784589294e-08 5.881881935545800234e-08
5.140000000000000000e+03 1.611105004255220411e-07 8.700132493677579357e-08 7.410917548874623434e-08
5.145000000000000000e+03 2.210256265389414713e-07 8.578737974513317395e-08 1.352382467938083106e-07
5.150000000000000000e+03 6.605241195280291168e-07 8.435995912685574957e-08 5.761641604011733276e-07
5.155000000000000000e+03 8.054608524928490132e-07 8.441636003104737256e-08 7.210444924618015083e-07
5.160000000000000000e+03 4.245034439448644240e-07 8.472813452085313152e-08 3.397753094240111601e-07
5.165000000000000000e+03 3.948946013726986511e-07 8.468780893617424667e-08 3.102067924365243912e-07
5.170000000000000000e+03 3.677898419553101669e-07 8.406090934930576138e-08 2.837289326060044850e-07
5.175000000000000000e+03 1.634308917713647721e-07 8.389941186979029829e-08 7.953147990157448705e-08
5.180000000000000000e+03 1.684771229476096655e-07 8.357356841820434527e-08 8.490355452940535994e-08
5.185000000000000000e+03 1.792323218141597834e-07 8.236180362317980125e-08 9.687051819098002187e-08
5.190000000000000000e+03 5.147815277546945388e-07 8.086988316980848802e-08 4.339116445848860243e-07
5.195000000000000000e+03 8.514880777712285500e-07 8.033376599901557045e-08 7.711543117722129266e-07
5.200000000000000000e+03 5.240752483804353049e-07 8.079183349011658594e-08 4.432834148903187455e-07
5.205000000000000000e+03 3.449532955901318943e-07 8.078730703109439021e-08 2.641659885590375835e-07
5.210000000000000000e+03 3.889452223170455747e-07 8.040481663367465718e-08 3.085404056833709042e-07
5.215000000000000000e+03 1.957806211525904175e-07 7.992721154224863811e-08 1.158534096103418323e-07
5.220000000000000000e+03 1.664595135664472251e-07 7.988516212665505883e-08 8.657435143979215306e-08
5.225000000000000000e+03 1.751323243962260450e-07 7.874390021725167042e-08 9.638842417897438784e-08
5.230000000000000000e+03 3.742523957160925710e-07 7.730679092135677755e-08 2.969456047947357670e-07
5.235000000000000000e+03 8.238084200855535063e-07 7.620700504622880205e-08 7.476014150393246645e-07
5.240000000000000000e+03 6.525994586848926826e-07 7.660814922120271175e-08 5.759913094636900768e-07
5.245000000000000000e+03 3.272609828261794152e-07 7.667623049280557365e-08 2.505847523333738945e-07
5.250000000000000000e+03 3.755938393180312716e-07 7.651966623790945827e-08 2.990741730801217869e-07
5.255000000000000000e+03 2.383538460371491068e-07 7.587186482594320565e-08 1.624819812112059408e-07
5.260000000000000000e+03 1.585155440134374382e-07 7.589942669766576142e-08 8.261611731577170327e-08
5.265000000000000000e+03 1.898071206393390247e-07 7.498830715878242539e-08 1.148188134805566258e-07
5.270000000000000000e+03 2.689607945811252864e-07 7.359799867911259724e-08 1.953627959020126892e-07
5.275000000000000000e+03 7.271016488521679142e-07 7.214364985944365874e-08 6.549579989927243878e-07
5.280000000000000000e+03 7.724419856249122692e-07 7.220468118178422691e-08 7.002373044431282408e-07
5.285000000000000000e+03 3.626136979614272413e-07 7.242088468751202626e-08 2.901928132739151753e-07
5.290000000000000000e+03 3.360672974133075624e-07 7.237404726262140908e-08 2.636932501506861930e-07
5.295000000000000000e+03 2.785941000228718535e-07 7.178549413018656440e-08 2.068086058926852494e-07
5.300000000000000000e+03 1.534687438904620769e-07 7.165112270579888871e-08 8.181762118466320142e-08
5.305000000000000000e+03 2.035816591595532768e-07 7.110027746284633792e-08 1.324813816967069786e-07
5.310000000000000000e+03 2.133795678569232612e-07 6.972749995157552363e-08 1.436520679053476713e-07
5.315000000000000000e+03 5.867567347851256441e-07 6.816230700849988340e-08 5.185944277766258798e-07
5.320000000000000000e+03 8.457858714653505931e-07 6.768072757460058703e-08 7.781051438907501516e-07
5.325000000000000000e+03 4.537971459926496836e-07 6.803526665204095886e-08 3.857618793406086453e-07
5.330000000000000000e+03 2.918287769386041905e-07 6.801320990791126194e-08 2.238155670306929418e-07
5.335000000000000000e+03 3.018732743541243654e-07 6.763833095738326726e-08 2.342349433967410585e-07
5.340000000000000000e+03 1.592238917788810190e-07 6.724722475030637571e-08 9.197666702857463006e-08
5.345000000000000000e+03 2.039957159825185613e-07 6.703750940542860134e-08 1.369582065770899600e-07
5.350000000000000000e+03 2.035409204033555644e-07 6.573812787243600818e-08 1.378027925309195298e-07
5.355000000000000000e+03 4.395040517281603590e-07 6.420643269495983298e-08 3.752976190332004863e-07
5.360000000000000000e+03 8.477782544812657551e-07 6.317548008870604393e-08 7.846027743925596185e-07
5.365000000000000000e+03 5.827620714719945054e-07 6.350863379573305384e-08 5.192534376762613853e-07
5.370000000000000000e+03 2.705035249898235035e-07 6.352677295009821274e-08 2.069767520397252511e-07
5.375000000000000000e+03 2.988356816015022338e-07 6.336603307174076608e-08 2.354696485297614545e-07
5.380000000000000000e+03 1.774240157901870202e-07 6.281030962276518575e-08 1.146137061674218477e-07
5.385000000000000000e+03 1.893802986054554861e-07 6.276246246583065118e-08 1.266178361396247952e-07
5.390000000000000000e+03 2.213006110448404114e-07 6.168384442865249915e-08 1.596167666161878990e-07
5.395000000000000000e+03 3.203763944450791361e-07 6.020600686081842023e-08 2.601703875842606761e-07
5.400000000000000000e+03 7.752628378083658827e-07 5.880031853355460245e-08 7.164625192748112935e-07
5.405000000000000000e+03 7.154933772842307771e-07 5.886099340131801106e-08 6.566323838829125609e-07
5.410000000000000000e+03 2.953517576523457879e-07 5.898945346851247363e-08 2.363623041838332812e-07
5.415000000000000000e+03 2.714259477011824542e-07 5.893822200030733338e-08 2.124877257008750812e-07
5.420000000000000000e+03 2.016890080561885952e-07 5.841083885280754875e-08 1.432781692033810795e-07
5.425000000000000000e+03 1.671156278988675479e-07 5.829846984984693390e-08 1.088171580490206074e-07
5.430000000000000000e+03 2.433566494592415677e-07 5.757935904318760362e-08 1.857772904160539310e-07
5.435000000000000000e+03 2.510385435671067284e-07 5.613605709464997832e-08 1.949024864724567369e-07
5.440000000000000000e+03 6.478017448535450860e-07 5.458791427548528790e-08 5.932138305780597253e-07
5.445000000000000000e+03 8.131214330183484556e-07 5.417534420694769602e-08 7.589460888114009713e-07
5.450000000000000000e+03 3.752410845818299806e-07 5.442734238022958750e-08 3.208137422016003998e-07
5.455000000000000000e+03 2.345272805498968098e-07 5.439303841596795584e-08 1.801342421339288473e-07
5.460000000000000000e+03 2.203767512697067637e-07 5.404260074137078291e-08 1.663341505283360073e-07
5.465000000000000000e+03 1.480231813392343623e-07 5.373991744920219864e-08 9.428326389003217684e-08
5.470000000000000000e+03 2.509141667610119730e-07 5.339331807280509821e-08 1.975208486882067954e-07
5.475000000000000000e+03 2.338319475598125372e-07 5.202792337116245211e-08 1.818040241886500785e-07
5.480000000000000000e+03 5.005752314261801390e-07 5.049621295160743548e-08 4.500790184745726043e-07
5.485000000000000000e+03 8.453506420987558712e-07 4.957662426509460490e-08 7.957740178336613127e-07
5.490000000000000000e+03 4.992936216329010849e-07 4.983568993476091110e-08 4.494579316981401870e-07
5.495000000000000000e+03 2.118327687035654916e-07 4.981498090136813217e-08 1.620177878021973065e-07
5.500000000000000000e+03 2.227051564308071954e-07 4.965775451456777211e-08 1.730474019162394299e-07
5.505000000000000000e+03 1.398673524296882972e-07 4.920680153396804588e-08 9.066055089572027117e-08
5.510000000000000000e+03 2.360690118506446772e-07 4.909058119502789492e-08 1.869784306556167823e-07
5.515000000000000000e+03 2.534020178629340225e-07 4.793160656025115154e-08 2.054704113026828908e-07
5.520000000000000000e+03 3.718677904299160037e-07 4.646041032047961939e-08 3.254073801094364174e-07
5.525000000000000000e+03 8.012472576290130795e-07 4.517290136520339873e-08 7.560743562638096742e-07
5.530000000000000000e+03 6.387494450267385246e-07 4.522796978598155182e-08 5.935214752407570323e-07
5.535000000000000000e+03 2.270510321163033375e-07 4.528163578966907114e-08 1.817693963266342465e-07
5.540000000000000000e+03 2.054144665882863107e-07 4.522884914449653737e-08 1.601856174437897468e-07
5.545000000000000000e+03 1.430998358987926040e-07 4.478113720600501344e-08 9.831869869278758399e-08
5.550000000000000000e+03 2.027753102908286570e-07 4.468529375118523693e-08 1.580900165396434069e-07
5.555000000000000000e+03 2.846328062969639704e-07 4.386838288086431880e-08 2.407644234160996384e-07
5.560000000000000000e+03 2.899388469027189151e-07 4.244918745145236984e-08 2.474896594512665254e-07
5.565000000000000000e+03 6.932819153191708387e-07 4.100528560422646342e-08 6.522766297149445275e-07
5.570000000000000000e+03 7.558263036452002906e-07 4.067013369150350266e-08 7.151561699536968211e-07
5.575000000000000000e+03 2.937559320110382868e-07 4.082746829801259034e-08 2.529284637130257296e-07
5.580000000000000000e+03 1.766587084589797514e-07 4.078645674707659937e-08 1.358722517119031586e-07
5.585000000000000000e+03 1.508211385597385840e-07 4.047636899935866348e-08 1.103447695603799470e-07
5.590000000000000000e+03 1.627258065302226222e-07 4.025761602870806309e-08 1.224681905015145591e-07
5.595000000000000000e+03 3.032107240714246826e-07 3.981779138204759588e-08 2.633929326893770602e-07
5.600000000000000000e+03 2.642286989727266738e-07 3.848246077623292525e-08 2.257462381964938081e-07
5.605000000000000000e+03 5.530002515398607892e-07 3.704437865370036250e-08 5.159558728861603937e-07
5.610000000000000000e+03 8.165647652544424781e-07 3.626872073283751590e-08 7.802960445216050218e-07
5.615000000000000000e+03 4.081032945430357269e-07 3.645307953099495331e-08 3.716502150120407934e-07
5.620000000000000000e+03 1.548069181303559203e-07 3.640613147064871601e-08 1.184007866597071976e-07
5.625000000000000000e+03 1.529644349883951015e-07 3.626094762293773766e-08 1.167034873654573837e-07
5.630000000000000000e+03 1.285323549014081374e-07 3.591917319097325047e-08 9.261318171043488696e-08
5.635000000000000000e+03 2.944558504297274866e-07 3.574983934874672219e-08 2.587060110809807445e-07
5.640000000000000000e+03 2.839784460171560767e-07 3.460354855312276982e-08 2.493748974640332804e-07
5.645000000000000000e+03 4.198860382381420004e-07 3.323238649955505807e-08 3.866536517385869423e-07
5.650000000000000000e+03 8.029469766312811774e-07 3.212191549013491753e-08 7.708250611411463459e-07
5.655000000000000000e+03 5.477649366515663713e-07 3.216667834848459055e-08 5.155982583030817477e-07
5.660000000000000000e+03 1.620013701205082920e-07 3.216274438052771124e-08 1.298386257399805741e-07
5.665000000000000000e+03 1.427105652845844854e-07 3.211190583175502336e-08 1.105986594528294819e-07
5.670000000000000000e+03 1.074959725419685417e-07 3.175613186482830414e-08 7.573984067714023091e-08
5.675000000000000000e+03 2.572135837975578444e-07 3.167239838375833044e-08 2.255411854137995272e-07
5.680000000000000000e+03 3.242740794840819808e-07 3.083697389497924867e-08 2.934371055891027256e-07
5.685000000000000000e+03 3.276203486873972633e-07 2.953452629246688831e-08 2.980858223949304114e-07
5.690000000000000000e+03 7.196683887097598899e-07 2.827306402762535920e-08 6.913953246821346267e-07
5.695000000000000000e+03 6.780704464470998424e-07 2.801761829811375911e-08 6.500528281489861230e-07
5.700000000000000000e+03 2.147655069516179187e-07 2.809464615951682542e-08 1.866708607921010999e-07
5.705000000000000000e+03 1.219558260752238192e-07 2.805250219460195161e-08 9.390332388062189078e-08
5.710000000000000000e+03 9.876369671146366227e-08 2.779604588333216768e-08 7.096765082813150452e-08
5.715000000000000000e+03 2.019084117330611892e-07 2.765124463611142573e-08 1.742571670969497966e-07
5.720000000000000000e+03 3.566219353271289991e-07 2.717204026234780855e-08 3.294498950647811509e-07
5.725000000000000000e+03 2.929263060794525477e-07 2.596036241877060272e-08 2.669659436606819019e-07
5.730000000000000000e+03 5.928490179752080896e-07 2.470242474537635552e-08 5.681465932298318465e-07
5.735000000000000000e+03 7.634567405091242556e-07 2.409150558848838830e-08 7.393652349206358276e-07
5.740000000000000000e+03 3.155541623467343133e-07 2.420640675684887841e-08 2.913477555898854779e-07
5.745000000000000000e+03 1.028644664476243251e-07 2.414654200000258148e-08 7.871792444762174036e-08
5.750000000000000000e+03 9.504019158285336404e-08 2.402185464094841977e-08 7.101833694190494758e-08
5.755000000000000000e+03 1.442708171735356962e-07 2.378505085743087585e-08 1.204857663161047906e-07
5.760000000000000000e+03 3.596411273583903552e-07 2.358584160368914550e-08 3.360552857547012230e-07
5.765000000000000000e+03 3.110745740033579706e-07 2.254460403566093796e-08 2.885299699676970227e-07
5.770000000000000000e+03 4.610051696607409367e-07 2.136006783723904497e-08 4.396451018235019612e-07
5.775000000000000000e+03 7.800866635077376586e-07 2.047107011632596050e-08 7.596155933914116187e-07
5.780000000000000000e+03 4.490869302710113553e-07 2.050226853983101804e-08 4.285846617311804498e-07
5.785000000000000000e+03 1.041794455398109959e-07 2.046101282847247766e-08 8.371843271133853482e-08
5.790000000000000000e+03 8.790544644666201475e-08 2.041599884073848826e-08 6.748944760592353311e-08
5.795000000000000000e+03 9.783207795801316298e-08 2.015680792300758512e-08 7.767527003500560764e-08
5.800000000000000000e+03 3.258334759651379863e-07 2.008320349282376044e-08 3.057502724723142292e-07
5.805000000000000000e+03 3.593912727440981676e-07 1.931163475481515038e-08 3.400796379892829907e-07
5.810000000000000000e+03 3.615960377285629283e-07 1.821065209990179052e-08 3.433853856286610716e-07
5.815000000000000000e+03 7.248342635120404346e-07 1.719564753126943461e-08 7.076386159807709868e-07
5.820000000000000000e+03 5.855397667283806637e-07 1.701657425518995306e-08 5.685231924731906114e-07
5.825000000000000000e+03 1.433939868370885114e-07 1.703328540323812693e-08 1.263607014338503580e-07
5.830000000000000000e+03 7.404548995558917881e-08 1.699529019418553655e-08 5.705019976140365218e-08
5.835000000000000000e+03 6.852456135980478171e-08 1.680151534470997553e-08 5.172304601509481610e-08
5.840000000000000000e+03 2.623083875040060405e-07 1.671672048194748654e-08 2.455916670220585142e-07
5.845000000000000000e+03 4.069445842532561496e-07 1.625842186373386371e-08 3.906861623895223553e-07
5.850000000000000000e+03 3.181892478649000358e-07 1.525528400102946381e-08 3.029339638638705886e-07
5.855000000000000000e+03 6.170500026977739799e-07 1.425117720488240703e-08 6.027988254928914868e-07
5.860000000000000000e+03 6.899086819221106603e-07 1.381318102021546117e-08 6.760955009018951197e-07
5.865000000000000000e+03 2.279971386915909642e-07 1.386979462439457055e-08 2.141273440671963672e-07
5.870000000000000000e+03 5.912745799490237481e-08 1.381013744646457304e-08 4.531732054843781004e-08
5.875000000000000000e+03 5.361416896799430137e-08 1.371324113932922291e-08 3.990092782866506523e-08
5.880000000000000000e+03 1.858833276195649948e-07 1.356913595825665558e-08 1.723141916613083160e-07
5.885000000000000000e+03 4.263365961614631458e-07 1.337012682916865057e-08 4.129664693322945994e-07
5.890000000000000000e+03 3.330185444542666409e-07 1.251913396202576845e-08 3.204994104922408311e-07
5.895000000000000000e+03 4.921918803129723271e-07 1.159546107089416984e-08 4.805964192420782399e-07
5.900000000000000000e+03 7.342619707324327887e-07 1.095526444948031907e-08 7.233067062829525192e-07
5.905000000000000000e+03 3.497605645621568257e-07 1.097198352031495559e-08 3.387885810418418585e-07
5.910000000000000000e+03 5.700762931762670861e-08 1.091534536370011987e-08 4.609228395392658046e-08
5.915000000000000000e+03 4.517685216569571225e-08 1.087992698964954396e-08 3.429692517604615506e-08
5.920000000000000000e+03 1.151202949855823073e-07 1.071368597462755987e-08 1.044066090109547574e-07
5.925000000000000000e+03 4.030461505494427538e-07 1.065165768865822728e-08 3.923944928607844984e-07
5.930000000000000000e+03 3.875281051239571157e-07 1.002329197352035901e-08 3.775048131504367848e-07
5.935000000000000000e+03 3.895286584184306466e-07 9.195212767730139748e-09 3.803334456507005780e-07
5.940000000000000000e+03 7.082437936542580845e-07 8.472323147360078854e-09 6.997714705068979841e-07
5.945000000000000000e+03 4.850024505325741977e-07 8.361691158720338873e-09 4.766407593738537794e-07
5.950000000000000000e+03 8.412323755785910626e-08 8.342437651277012251e-09 7.578079990658211056e-08
5.955000000000000000e+03 3.621598129354617192e-08 8.313158147595678464e-09 2.790282314595049180e-08
5.960000000000000000e+03 6.284829952659250264e-08 8.185618021808000074e-09 5.466268150478450587e-08
5.965000000000000000e+03 3.390919447020164187e-07 8.144788995705635650e-09 3.309471557063107962e-07
5.970000000000000000e+03 4.503388508982293708e-07 7.769604616608655892e-09 4.425692462816206570e-07
5.975000000000000000e+03 3.384518933244243666e-07 7.045653974224421385e-09 3.314062393501999386e-07
5.980000000000000000e+03 6.236527255960933894e-07 6.351387152200715929e-09 6.173013384438926834e-07
5.985000000000000000e+03 6.013571610769397129e-07 6.082000716559339957e-09 5.952751603603803712e-07
5.990000000000000000e+03 1.513163533197886732e-07 6.097058640872742316e-09 1.452192946789159185e-07
5.995000000000000000e+03 2.622178437129838346e-08 6.049555685432658943e-09 2.017222868586572865e-08
6.000000000000000000e+03 3.226133501656707547e-08 5.985507396381514066e-09 2.627582762018556058e-08
6.005000000000000000e+03 2.502205396294958510e-07 5.915119144709042898e-09 2.443054204847867651e-07
6.010000000000000000e+03 4.892683755493841613e-07 5.751200322249580057e-09 4.835171752271344795e-07
6.015000000000000000e+03 3.485081257996749809e-07 5.162507909108315623e-09 3.433456178905666256e-07
6.020000000000000000e+03 5.110545896200466303e-07 4.556824874605794558e-09 5.064977647454409582e-07
6.025000000000000000e+03 6.688329942910419988e-07 4.174221612715691049e-09 6.646587726783262349e-07
6.030000000000000000e+03 2.568053698518140950e-07 4.178689534992531663e-09 2.526266803168215369e-07
6.035000000000000000e+03 2.315418648239033885e-08 4.128632317921992471e-09 1.902555416446834555e-08
6.040000000000000000e+03 1.798041175520765213e-08 4.105894439731908389e-09 1.387451731547574374e-08
6.045000000000000000e+03 1.583501220916374548e-07 4.020874034504636972e-09 1.543292480571328270e-07
6.050000000000000000e+03 4.827083706480147501e-07 3.975774006596785492e-09 4.787325966414179688e-07
6.055000000000000000e+03 4.068101060627399838e-07 3.560975074469306482e-09 4.032491309882706967e-07
6.060000000000000000e+03 4.094077518011803596e-07 3.059496833272569875e-09 4.063482549679077269e-07
6.065000000000000000e+03 6.710194905221254939e-07 2.653104993272971257e-09 6.683663855288523903e-07
6.070000000000000000e+03 3.837979140031500484e-07 2.599836572241419797e-09 3.811980774309086472e-07
6.075000000000000000e+03 4.050351324715411267e-08 2.571634689935353505e-09 3.793187855721875751e-08
6.080000000000000000e+03 1.119633581047774724e-08 2.554475797916150841e-09 8.641860012561595157e-09
6.085000000000000000e+03 8.268221138895442902e-08 2.490503537619235731e-09 8.019170785133518998e-08
6.090000000000000000e+03 4.262361511539240425e-07 2.477440864774734426e-09 4.237587102891492647e-07
6.095000000000000000e+03 4.835946951970000002e-07 2.244591313139551033e-09 4.813501038838604661e-07
6.100000000000000000e+03 3.524157337525138723e-07 1.851719759279316056e-09 3.505640139932345753e-07
6.105000000000000000e+03 6.120069631483948589e-07 1.501929022076576731e-09 6.105050341263183053e-07
6.110000000000000000e+03 5.043843159216161601e-07 1.385464926106817300e-09 5.029988509955093012e-07
6.115000000000000000e+03 9.051738661357061592e-08 1.380398556660114457e-09 8.913698805691049816e-08
6.120000000000000000e+03 6.124603382299920156e-09 1.354858453836754575e-09 4.769744928463166201e-09
6.125000000000000000e+03 3.316447029226915121e-08 1.325593846770493077e-09 3.183887644549865772e-08
6.130000000000000000e+03 3.324301859351164351e-07 1.305207100060125267e-09 3.311249788350563464e-07
6.135000000000000000e+03 5.435682125503355853e-07 1.213334612141589474e-09 5.423548779381940134e-07
6.140000000000000000e+03 3.566734730020552482e-07 9.408796187904252928e-10 3.557325933832648384e-07
6.145000000000000000e+03 5.160502474022947659e-07 6.895213078406893241e-10 5.153607260944540372e-07
6.150000000000000000e+03 5.886817427785416719e-07 5.547087084806300835e-10 5.881270340700611130e-07
6.155000000000000000e+03 1.767008679338985144e-07 5.528412960223469555e-10 1.761480266378761721e-07
6.160000000000000000e+03 4.385657957658735940e-09 5.296093465775668858e-10 3.856048611081168434e-09
6.165000000000000000e+03 8.783727213832901845e-09 5.214009857351492445e-10 8.262326228097753324e-09
6.170000000000000000e+03 2.245606871432088375e-07 4.987838287123377725e-10 2.240619033144965078e-07
6.175000000000000000e+03 5.585923805988659839e-07 4.796798257729416436e-10 5.581127007730930191e-07
6.180000000000000000e+03 4.160477073514915318e-07 3.344891740308778781e-10 4.157132181774605310e-07
6.185000000000000000e+03 4.197113171751655173e-07 1.922489042626341572e-10 4.195190682709028893e-07
6.190000000000000000e+03 6.158808353714740726e-07 1.040270612880963620e-10 6.157768083101859408e-07
6.195000000000000000e+03 2.892871015587275860e-07 9.562503148061702706e-11 2.891914765272469522e-07
6.200000000000000000e+03 1.493516623461184520e-08 8.609760395837360109e-11 1.484906863065347370e-08
6.205000000000000000e+03 9.639342347985798100e-10 8.292521376302816852e-11 8.810090210355515639e-10
6.210000000000000000e+03 1.270883347199651939e-07 7.357317943574848848e-11 1.270147615405294259e-07
6.215000000000000000e+03 5.169946541000628281e-07 7.365212638670953265e-11 5.169210019736760500e-07
6.220000000000000000e+03 5.043442025194112155e-07 3.451030087077408832e-11 5.043096922185404182e-07
6.225000000000000000e+03 3.591363152737849757e-07 2.625067482095973326e-12 3.591336902063028736e-07
6.230000000000000000e+03 5.828438507402439959e-07 8.267790352006276547e-12 5.828355829498919277e-07
6.235000000000000000e+03 4.062232650201092825e-07 1.968315162701644936e-11 4.062035818684822478e-07
6.240000000000000000e+03 4.938559539517378135e-08 1.924125455792435960e-11 4.936635414061584741e-08
6.245000000000000000e+03 4.806324585004721193e-11 2.251958830914505521e-11 2.554365754090215995e-11
6.250000000000000000e+03 5.692770056747669344e-08 2.631334222664077768e-11 5.690138722525006419e-08
6.255000000000000000e+03 4.263298860826363656e-07 2.980223368366957098e-11 4.263000838489528358e-07
6.260000000000000000e+03 5.851255555996437087e-07 4.577682260452944424e-11 5.850797787770392638e-07
6.265000000000000000e+03 3.571138932051870476e-07 1.217061103764771444e-10 3.569921870948105300e-07
6.270000000000000000e+03 5.066315357413769035e-07 2.378276112333061286e-10 5.063937081301436222e-07
6.275000000000000000e+03 4.998526414192781497e-07 3.237306786561679163e-10 4.995289107406219884e-07
6.280000000000000000e+03 1.149175015717077996e-07 3.252671022060758671e-10 1.145922344695017333e-07
6.285000000000000000e+03 1.478911581852877563e-09 3.457062295976344789e-10 1.133205352255243032e-09
6.290000000000000000e+03 1.886422157940006000e-08 3.522370700891925510e-10 1.851198450931086801e-08
6.295000000000000000e+03 3.090589400624024614e-07 3.678099868422107162e-10 3.086911300755602784e-07
6.300000000000000000e+03 6.248538323702860289e-07 3.866395682149035182e-10 6.244671928020711787e-07
6.305000000000000000e+03 4.147890637909837312e-07 5.484843578663513404e-10 4.142405794331173984e-07
6.310000000000000000e+03 4.195391244061954526e-07 7.750554090308811236e-10 4.187640689971646787e-07
6.315000000000000000e+03 5.469595656543468012e-07 9.841149599764822165e-10 5.459754506943702220e-07
6.320000000000000000e+03 2.083041117653852603e-07 1.008444290033913130e-09 2.072956674753513317e-07
6.325000000000000000e+03 8.533787819124004527e-09 1.043558755060491717e-09 7.490229064063513637e-09
6.330000000000000000e+03 6.595010549962635142e-09 1.054487270586225985e-09 5.540523279376409571e-09
6.335000000000000000e+03 1.932956940272943803e-07 1.085135463956919043e-09 1.922105585633374309e-07
6.340000000000000000e+03 6.044118364511756331e-07 1.086615981341387512e-09 6.033252204698341559e-07
6.345000000000000000e+03 5.112069759802559517e-07 1.280338423291836115e-09 5.099266375569641230e-07
6.350000000000000000e+03 3.580929563051901812e-07 1.615579726082326989e-09 3.564773765791078867e-07
6.355000000000000000e+03 5.382512579106849314e-07 1.963182669592657327e-09 5.362880752410922567e-07
6.360000000000000000e+03 3.142146154181020451e-07 2.070808148122354641e-09 3.121438072699796623e-07
6.365000000000000000e+03 3.023744028033071154e-08 2.101183972561705648e-09 2.813625630776901788e-08
6.370000000000000000e+03 8.367213111610098478e-09 2.136645613882479889e-09 6.230567497727616520e-09
6.375000000000000000e+03 1.025038724233854100e-07 2.168007001737924373e-09 1.003358654216474881e-07
6.380000000000000000e+03 5.248765687438239581e-07 2.169211731633166223e-09 5.227073570121908105e-07
6.385000000000000000e+03 6.108755650262871717e-07 2.324314498485693685e-09 6.085512505278013316e-07
6.390000000000000000e+03 3.499066002177095856e-07 2.756843097798354079e-09 3.471497571199112783e-07
6.395000000000000000e+03 4.833214767921943105e-07 3.229473677967668799e-09 4.800920031142265945e-07
6.400000000000000000e+03 4.091028220518092964e-07 3.494359459251427179e-09 4.056084625925577501e-07
6.405000000000000000e+03 7.552586830832013349e-08 3.512473439043563308e-09 7.201339486927655943e-08
6.410000000000000000e+03 1.419741700025265761e-08 3.588612495409982689e-09 1.060880450484267409e-08
6.415000000000000000e+03 4.818717929583404634e-08 3.608281964382517778e-09 4.457889733145152484e-08
6.420000000000000000e+03 4.057668999836729016e-07 3.634588091258367045e-09 4.021323118924145180e-07
6.425000000000000000e+03 6.764641313782889513e-07 3.704762063814390790e-09 6.727593693144744658e-07
6.430000000000000000e+03 4.033204213808957672e-07 4.189522956136717238e-09 3.991308984247591004e-07
6.435000000000000000e+03 4.087054162044874710e-07 4.770828909326603905e-09 4.039345872951609730e-07
6.440000000000000000e+03 4.695048210938914121e-07 5.235478926465349904e-09 4.642693421674261830e-07
6.445000000000000000e+03 1.466492592711059890e-07 5.282361035148513770e-09 1.413668982359574901e-07
6.450000000000000000e+03 2.108657984610046022e-08 5.384178043073402251e-09 1.570240180302705715e-08
6.455000000000000000e+03 2.817006722366560262e-08 5.407594440954702359e-09 2.276247278271090357e-08
6.460000000000000000e+03 2.768887508704116440e-07 5.459139582763468586e-09 2.714296112876482143e-07
6.465000000000000000e+03 6.818473052489200593e-07 5.453922823118770628e-09 6.763933824258013680e-07
6.470000000000000000e+03 5.038592086965724722e-07 5.903954451650060547e-09 4.979552542449222594e-07
6.475000000000000000e+03 3.492352781275102151e-07 6.588435373878296997e-09 3.426468427536318354e-07
6.480000000000000000e+03 4.815447263475069137e-07 7.240977571005634161e-09 4.743037487765013565e-07
6.485000000000000000e+03 2.352542325767492779e-07 7.409680089869215906e-09 2.278445524868800463e-07
6.490000000000000000e+03 3.378059034315580254e-08 7.496284836535372761e-09 2.628430550662042482e-08
6.495000000000000000e+03 3.059697525542812015e-08 7.563650032700722742e-09 2.303332522272739906e-08
6.500000000000000000e+03 1.672419593683801012e-07 7.613657876792493041e-09 1.596283014915876263e-07
6.505000000000000000e+03 6.206979856538157742e-07 7.588544641114077381e-09 6.131094410127017349e-07
6.510000000000000000e+03 6.190040251185781672e-07 7.906380865884092474e-09 6.110976442526940582e-07
6.515000000000000000e+03 3.355875067792044101e-07 8.679281876742218989e-09 3.269082249024622772e-07
6.520000000000000000e+03 4.477082155694665108e-07 9.473898702552088896e-09 4.382343168669144649e-07
6.525000000000000000e+03 3.233956821776418713e-07 9.865073624319354486e-09 3.135306085533225367e-07
6.530000000000000000e+03 6.091184260989518700e-08 9.915415425484220219e-09 5.099642718441096678e-08
6.535000000000000000e+03 4.133212839697006755e-08 1.005350354984933398e-08 3.127862484712073853e-08
6.540000000000000000e+03 9.537415500074532019e-08 1.008299149393893726e-08 8.529116350680637632e-08
6.545000000000000000e+03 5.076720326915416317e-07 1.009167397455169642e-08 4.975803587169900048e-07
6.550000000000000000e+03 7.095755391919944659e-07 1.022632394719761126e-08 6.993492152447968993e-07
6.555000000000000000e+03 3.826152649366957721e-07 1.102695832175513137e-08 3.715883066149406292e-07
6.560000000000000000e+03 3.877831192560420529e-07 1.192613264097091051e-08 3.758569866150711258e-07
6.565000000000000000e+03 3.894998043781828641e-07 1.258714456529270943e-08 3.769126598128901762e-07
6.570000000000000000e+03 1.086597143455280886e-07 1.264953632787066807e-08 9.601017801765742876e-08
6.575000000000000000e+03 5.110106298932252669e-08 1.283422907910283482e-08 3.826683391021969683e-08
6.580000000000000000e+03 6.474192161314161010e-08 1.286707050192913208e-08 5.187485111121248298e-08
6.585000000000000000e+03 3.721187245138739282e-07 1.291752461124278835e-08 3.592011999026310736e-07
6.590000000000000000e+03 7.434725580510752804e-07 1.290133450030266367e-08 7.305712235507728500e-07
6.595000000000000000e+03 4.830234723759427507e-07 1.361308144689789853e-08 4.694103909290448522e-07
6.600000000000000000e+03 3.330024444409917184e-07 1.460613336495459057e-08 3.183963110760371461e-07
6.605000000000000000e+03 4.170423766824786627e-07 1.550554584491325448e-08 4.015368308375654181e-07
6.610000000000000000e+03 1.752724703910609706e-07 1.569999454904611092e-08 1.595724758420148564e-07
6.615000000000000000e+03 5.909183282306938931e-08 1.586509682056406195e-08 4.322673600250532736e-08
6.620000000000000000e+03 6.541991499835181503e-08 1.596071945749847880e-08 4.945919554085333954e-08
6.625000000000000000e+03 2.470521225569948902e-07 1.601772648312202685e-08 2.310343960738728236e-07
6.630000000000000000e+03 7.066470844933885936e-07 1.594613135183853861e-08 6.907009531415499789e-07
6.635000000000000000e+03 6.090545377429021690e-07 1.644000890866480112e-08 5.926145288342373745e-07
6.640000000000000000e+03 3.151057985684860281e-07 1.751372674088222826e-08 2.975920718276037072e-07
6.645000000000000000e+03 4.023594309468555763e-07 1.857434312406522837e-08 3.837850878227904836e-07
6.650000000000000000e+03 2.493746514752988262e-07 1.903261810247009510e-08 2.303420333728287245e-07
6.655000000000000000e+03 7.161727410961258816e-08 1.913184269296596710e-08 5.248543141664662437e-08
6.660000000000000000e+03 8.080289253399464111e-08 1.933198717038170287e-08 6.147090536361293494e-08
6.665000000000000000e+03 1.577654025235343219e-07 1.936657243840540026e-08 1.383988300851288885e-07
6.670000000000000000e+03 6.073480093732684406e-07 1.933065131361399912e-08 5.880173580596544051e-07
6.675000000000000000e+03 7.217931224655118933e-07 1.954076437677402944e-08 7.022523580887377216e-07
6.680000000000000000e+03 3.542374164496352882e-07 2.062755397346434167e-08 3.336098624761710160e-07
6.685000000000000000e+03 3.580948848477836641e-07 2.178720565297783236e-08 3.363076791948057953e-07
6.690000000000000000e+03 3.132174259212715450e-07 2.257236297199612640e-08 2.906450629492754417e-07
6.695000000000000000e+03 9.688933582375015475e-08 2.264694887959246778e-08 7.424238694415768366e-08
6.700000000000000000e+03 9.594130960672545952e-08 2.292334763727545946e-08 7.301796196945000336e-08
6.705000000000000000e+03 1.143699117594442141e-07 2.296158973609955885e-08 9.140832202334463540e-08
6.710000000000000000e+03 4.723160396964969431e-07 2.298788076354208282e-08 4.493281589329548602e-07
6.715000000000000000e+03 7.847033398570612031e-07 2.295994125537785892e-08 7.617433986016835360e-07
6.720000000000000000e+03 4.503809893469359878e-07 2.391979107864558772e-08 4.264611982682904067e-07
6.725000000000000000e+03 3.103132591564466088e-07 2.516062059481410127e-08 2.851526385616324711e-07
6.730000000000000000e+03 3.497592781262473538e-07 2.623177574198035498e-08 3.235275023842670087e-07
6.735000000000000000e+03 1.387831667731449921e-07 2.641946854466207066e-08 1.123636982284829313e-07
6.740000000000000000e+03 1.037131062347828664e-07 2.667997390271929138e-08 7.703313233206357176e-08
6.745000000000000000e+03 1.107628990832950775e-07 2.679752360663856430e-08 8.396537547665650986e-08
6.750000000000000000e+03 3.366777891480104788e-07 2.684810944963393874e-08 3.098296796983765632e-07
6.755000000000000000e+03 7.763386909898345906e-07 2.671495838613492229e-08 7.496237326036998602e-07
6.760000000000000000e+03 5.819312529771641665e-07 2.738605797941023359e-08 5.545451949977538667e-07
6.765000000000000000e+03 2.897563272888176803e-07 2.870034941003657060e-08 2.610559778787810667e-07
6.770000000000000000e+03 3.506608672221780786e-07 2.995303334518656999e-08 3.207078338769915416e-07
6.775000000000000000e+03 1.928554341619296723e-07 3.041755341992616690e-08 1.624378807420034855e-07
6.780000000000000000e+03 1.063178789950342270e-07 3.058148911212459810e-08 7.573638988290962888e-08
6.785000000000000000e+03 1.298122578386964263e-07 3.083795727254560006e-08 9.897430056615082627e-08
6.790000000000000000e+03 2.315738169377056807e-07 3.087198319904195416e-08 2.007018337386637067e-07
6.795000000000000000e+03 6.975087381202305350e-07 3.076785729887372788e-08 6.667408808213568005e-07
6.800000000000000000e+03 7.123338118743588461e-07 3.106054918043111485e-08 6.812732626939276518e-07
6.805000000000000000e+03 3.202066748033135387e-07 3.238292941551477181e-08 2.878237453877987603e-07
6.810000000000000000e+03 3.216502549483017645e-07 3.372869338577081463e-08 2.879215615625309366e-07
6.815000000000000000e+03 2.467470158092461001e-07 3.455827736917610368e-08 2.121887384400699832e-07
6.820000000000000000e+03 1.119214129146398472e-07 3.464540720717827432e-08 7.727600570746158610e-08
6.825000000000000000e+03 1.520403806179430190e-07 3.501427120765557525e-08 1.170261094102874504e-07
6.830000000000000000e+03 1.742191758523352472e-07 3.505352994319822846e-08 1.391656459091370055e-07
6.835000000000000000e+03 5.703748066439852347e-07 3.503330157593391160e-08 5.353415050680513496e-07
6.840000000000000000e+03 8.025357837920944308e-07 3.499564720861438913e-08 7.675401365834799888e-07
6.845000000000000000e+03 4.084147121558327629e-07 3.617140296841748935e-08 3.722433091874151875e-07
6.850000000000000000e+03 2.825272330632200485e-07 3.758299633840134733e-08 2.449442367248187276e-07
6.855000000000000000e+03 2.850423173777697105e-07 3.873893438210090931e-08 2.463033829956687681e-07
6.860000000000000000e+03 1.285362482578293977e-07 3.889267795098269917e-08 8.964357030684669194e-08
6.865000000000000000e+03 1.638577795478100912e-07 3.925834438786139962e-08 1.245994351599486784e-07
6.870000000000000000e+03 1.639175145241371947e-07 3.938978365337840285e-08 1.245277308707588051e-07
6.875000000000000000e+03 4.300571360051510335e-07 3.941981067519869248e-08 3.906373253299524138e-07
6.880000000000000000e+03 8.246291716702861326e-07 3.921580254946369017e-08 7.854133691208226145e-07
6.885000000000000000e+03 5.397980485743608814e-07 4.005230649852100140e-08 4.997457420758398072e-07
6.890000000000000000e+03 2.610953645855577873e-07 4.153021295175424778e-08 2.195651516338035858e-07
6.895000000000000000e+03 2.965890204773181828e-07 4.288784307541271265e-08 2.537011774019054702e-07
6.900000000000000000e+03 1.583749525624553657e-07 4.330085128821840599e-08 1.150741012742369465e-07
6.905000000000000000e+03 1.619398931113174026e-07 4.354255446538895674e-08 1.183973386459284459e-07
6.910000000000000000e+03 1.850395197507880049e-07 4.384469343391117388e-08 1.411948263168768178e-07
6.915000000000000000e+03 3.121213152185339418e-07 4.387207319624711552e-08 2.682492420222867998e-07
6.920000000000000000e+03 7.715547651875143246e-07 4.368112073743833641e-08 7.278736444500758823e-07
6.925000000000000000e+03 6.820603946973205165e-07 4.405824979720723318e-08 6.380021449001133429e-07
6.930000000000000000e+03 2.828386077883122156e-07 4.554807111332450965e-08 2.372905366749876795e-07
6.935000000000000000e+03 2.810316612508457494e-07 4.699325920910887244e-08 2.340384020417368835e-07
6.940000000000000000e+03 1.955264307934373062e-07 4.778604450250202068e-08 1.477403862909352987e-07
6.945000000000000000e+03 1.523292043148560026e-07 4.788905379644479112e-08 1.044401505184112049e-07
6.950000000000000000e+03 2.151717662841452631e-07 4.834316878139627694e-08 1.668285975027489795e-07
6.955000000000000000e+03 2.407197632397881864e-07 4.837929141863759967e-08 1.923404718211506396e-07
6.960000000000000000e+03 6.592752717105780134e-07 4.829254373119868797e-08 6.109827279793792791e-07
6.965000000000000000e+03 7.957606906060935667e-07 4.824912636288243198e-08 7.475115642432111744e-07
6.970000000000000000e+03 3.601967793205590614e-07 4.959179943745100314e-08 3.106049798831080781e-07
6.975000000000000000e+03 2.513783694256613509e-07 5.108584705511465297e-08 2.002925223705467310e-07
6.980000000000000000e+03 2.281710192434410293e-07 5.223389275184911044e-08 1.759371264915918792e-07
6.985000000000000000e+03 1.453009230962243429e-07 5.233351664895641198e-08 9.296740644726794416e-08
6.990000000000000000e+03 2.347106881323854756e-07 5.280584891321438529e-08 1.819048392191711101e-07
6.995000000000000000e+03 2.216963788156110393e-07 5.294254155310906912e-08 1.687538372625019900e-07
7.000000000000000000e+03 5.207500424712403162e-07 5.293819058779184499e-08 4.678118518834485307e-07
7.005000000000000000e+03 8.480027397976608322e-07 5.265999702109426244e-08 7.953427427765664441e-07
7.010000000000000000e+03 4.858828874794697208e-07 5.363725116549991773e-08 4.322456363139698824e-07
7.015000000000000000e+03 2.308463656171222403e-07 5.519015997971189126e-08 1.756562056374103689e-07
7.020000000000000000e+03 2.444321785846981466e-07 5.655814294975795473e-08 1.878740356349401324e-07
7.025000000000000000e+03 1.488308037830660426e-07 5.686925161996650417e-08 9.196155216309957153e-08
7.030000000000000000e+03 2.339066484309978905e-07 5.719722390082346440e-08 1.767094245301744922e-07
7.035000000000000000e+03 2.428603747552898813e-07 5.753085908115038079e-08 1.853295156741395402e-07
7.040000000000000000e+03 3.941440680819636666e-07 5.754552995319756540e-08 3.365985381287661342e-07
7.045000000000000000e+03 8.240723662152359422e-07 5.725524480219148346e-08 7.668171214130446771e-07
7.050000000000000000e+03 6.333888193979647056e-07 5.771251526402023876e-08 5.756763041339444602e-07
7.055000000000000000e+03 2.445722691438053339e-07 5.928852100093719420e-08 1.852837481428680603e-07
7.060000000000000000e+03 2.392351023230876786e-07 6.073961398107527488e-08 1.784954883420123508e-07
7.065000000000000000e+03 1.639143076377615957e-07 6.141887020360003288e-08 1.024954374341615496e-07
7.070000000000000000e+03 2.147881720954595999e-07 6.154292165478599713e-08 1.532452504406736028e-07
7.075000000000000000e+03 2.807584480332214418e-07 6.206801116093084412e-08 2.186904368722906507e-07
7.080000000000000000e+03 3.097774085451563137e-07 6.209753496405423643e-08 2.476798735811020508e-07
7.085000000000000000e+03 7.326073411705334970e-07 6.192800626102834902e-08 6.706793349095052141e-07
7.090000000000000000e+03 7.650394754964698612e-07 6.188374395487413238e-08 7.031557315415957553e-07
7.095000000000000000e+03 3.091386665252090844e-07 6.333059065014487157e-08 2.458080758750642393e-07
7.100000000000000000e+03 2.188846962365735228e-07 6.481314368065654075e-08 1.540715525559169820e-07
7.105000000000000000e+03 1.839525410408240586e-07 6.586145777929913710e-08 1.180910832615249215e-07
7.110000000000000000e+03 1.877975845384607487e-07 6.589464192705592519e-08 1.219029426114047970e-07
7.115000000000000000e+03 3.107980317446737882e-07 6.646662051636048968e-08 2.443314112283132853e-07
7.120000000000000000e+03 2.806160253006796639e-07 6.660038628663671509e-08 2.140156390140429488e-07
7.125000000000000000e+03 6.024017209479253048e-07 6.654908961319423022e-08 5.358526313347310481e-07
7.130000000000000000e+03 8.448346051401930625e-07 6.619915267309480254e-08 7.786354524670982335e-07
7.135000000000000000e+03 4.242042535441524636e-07 6.728083616689781624e-08 3.569234173772546077e-07
7.140000000000000000e+03 2.008024185669672816e-07 6.881431912997453471e-08 1.319880994369927336e-07
7.145000000000000000e+03 1.984782530489247853e-07 7.009690383328564335e-08 1.283813492156391684e-07
7.150000000000000000e+03 1.652406334681833359e-07 7.026649544942192842e-08 9.497413801876143397e-08
7.155000000000000000e+03 3.164960601155940667e-07 7.068331966782517163e-08 2.458127404477688157e-07
7.160000000000000000e+03 2.995762812700171585e-07 7.103241334649388806e-08 2.285438679235232572e-07
7.165000000000000000e+03 4.721475957290265011e-07 7.102867997365412298e-08 4.011189157553723516e-07
7.170000000000000000e+03 8.512470762194582793e-07 7.063337406132615288e-08 7.806137021581322985e-07
7.175000000000000000e+03 5.700760221338479371e-07 7.116000746156133782e-08 4.989160146722865199e-07
7.180000000000000000e+03 2.077999435849769937e-07 7.273324575889459863e-08 1.350666978260824215e-07
7.185000000000000000e+03 1.994737980397117221e-07 7.409589802009661550e-08 1.253779000196150933e-07
7.190000000000000000e+03 1.548354983982283345e-07 7.459490635040148007e-08 8.024059204782685440e-08
7.195000000000000000e+03 2.943326084591616318e-07 7.474557449506421141e-08 2.195870339640974601e-07
7.200000000000000000e+03 3.441953321018709909e-07 7.532186620335882787e-08 2.688734658985121895e-07
7.205000000000000000e+03 3.770244239880825421e-07 7.534226012267695049e-08 3.016821638654056181e-07
7.210000000000000000e+03 7.850562754471501790e-07 7.507851052618961481e-08 7.099777649209606039e-07
7.215000000000000000e+03 7.128352631043046873e-07 7.503839747059404618e-08 6.377968656337105750e-07
7.220000000000000000e+03 2.587255352180299243e-07 7.651697417071575284e-08 1.822085610473141582e-07
7.225000000000000000e+03 1.872372171867765261e-07 7.789449867185249401e-08 1.093427185149240188e-07
7.230000000000000000e+03 1.563409168761165612e-07 7.875857009799346593e-08 7.758234677812308203e-08
7.235000000000000000e+03 2.527858693557797509e-07 7.872081177489593878e-08 1.740650575808838783e-07
7.240000000000000000e+03 3.863979047684360579e-07 7.937749457534284328e-08 3.070204101930932411e-07
7.245000000000000000e+03 3.370963627489082626e-07 7.950144261421742531e-08 2.575949201346907579e-07
7.250000000000000000e+03 6.692109220316700369e-07 7.939268325439598591e-08 5.898182387772739980e-07
7.255000000000000000e+03 8.155096157752960406e-07 7.897869463111692720e-08 7.365309211441791928e-07
7.260000000000000000e+03 3.592428843973124098e-07 8.011890971528064341e-08 2.791239746820317664e-07
7.265000000000000000e+03 1.727309293233270547e-07 8.153896500108547788e-08 9.119196432224159010e-08
7.270000000000000000e+03 1.626902704302149786e-07 8.264570638329637469e-08 8.004456404691863038e-08
7.275000000000000000e+03 2.066419551392063185e-07 8.264726128243011907e-08 1.239946938567761995e-07
7.280000000000000000e+03 4.032813577469313292e-07 8.314890148804297752e-08 3.201324562588882723e-07
7.285000000000000000e+03 3.516384196316969754e-07 8.349722198925350221e-08 2.681411976424434864e-07
7.290000000000000000e+03 5.407897654620096825e-07 8.346996932803705273e-08 4.573197961339727356e-07
7.295000000000000000e+03 8.511592343596725634e-07 8.297103178687078004e-08 7.681882025728017833e-07
7.300000000000000000e+03 4.969064552891988317e-07 8.355000686987712042e-08 4.133564484193216186e-07
7.305000000000000000e+03 1.747123901532012560e-07 8.502982300827664436e-08 8.968256714492462483e-08
7.310000000000000000e+03 1.649561721117053288e-07 8.621500239629089122e-08 7.874116971541443755e-08
7.315000000000000000e+03 1.695288402950466531e-07 8.648164642640201651e-08 8.304719386864459694e-08
7.320000000000000000e+03 3.847377582625812818e-07 8.666350785391440109e-08 2.980742504086668542e-07
7.325000000000000000e+03 4.011608250408840587e-07 8.726774847559670142e-08 3.138930765652873441e-07
7.330000000000000000e+03 4.380974204551380104e-07 8.727741629668461374e-08 3.508200041584534761e-07
7.335000000000000000e+03 8.128140998353252348e-07 8.691362006578141701e-08 7.259004797695438840e-07
7.340000000000000000e+03 6.432043967543427679e-07 8.688194754099868909e-08 5.563224492133439729e-07
7.345000000000000000e+03 2.122569577159833140e-07 8.831494255288367842e-08 1.239420151630996223e-07
7.350000000000000000e+03 1.586725594588521694e-07 8.950037545290866031e-08 6.917218400594350912e-08
7.355000000000000000e+03 1.481098535061780122e-07 9.010893545057233935e-08 5.800091805560567948e-08
7.360000000000000000e+03 3.353044052873484987e-07 9.000278659617309534e-08 2.453016186911753901e-07
7.365000000000000000e+03 4.559587494916474392e-07 9.072269111131618510e-08 3.652360583803312938e-07
7.370000000000000000e+03 3.876665709176162838e-07 9.083170996410648507e-08 2.968348609535097988e-07
7.375000000000000000e+03 7.163686599870857765e-07 9.065767936250309280e-08 6.257109806245826307e-07
7.380000000000000000e+03 7.623858916795186923e-07 9.019183501779330505e-08 6.721940566617254666e-07
7.385000000000000000e+03 2.955867606245459940e-07 9.133796118884060685e-08 2.042487994357054401e-07
7.390000000000000000e+03 1.482846476926961830e-07 9.255730433868341464e-08 5.572734335401276838e-08
7.395000000000000000e+03 1.403928540996990651e-07 9.340924427854125041e-08 4.698360982115784779e-08
7.400000000000000000e+03 2.701435733094458581e-07 9.323040289614404737e-08 1.769131704133017843e-07
7.405000000000000000e+03 4.876194530818185611e-07 9.380619315411113154e-08 3.938132599277074031e-07
7.410000000000000000e+03 3.958524432540489066e-07 9.413878442541392411e-08 3.017136588286349693e-07
7.415000000000000000e+03 5.952661343060403238e-07 9.408363188983993647e-08 5.011825024162004535e-07
7.420000000000000000e+03 8.239370942245023222e-07 9.348944595994790230e-08 7.304476482645543008e-07
7.425000000000000000e+03 4.193031623799780649e-07 9.409828604092741948e-08 3.252048763390506455e-07
7.430000000000000000e+03 1.471699986355283766e-07 9.539853897030014107e-08 5.177145966522820907e-08
7.435000000000000000e+03 1.386515271563987784e-07 9.632837031558556965e-08 4.232315684081318230e-08
7.440000000000000000e+03 2.074195335978801519e-07 9.632842260964137214e-08 1.110911109882387797e-07
7.445000000000000000e+03 4.789979821506166191e-07 9.654389343084934681e-08 3.824540887197672458e-07
7.450000000000000000e+03 4.478950117374594302e-07 9.715152067403996856e-08 3.507434910634194616e-07
7.455000000000000000e+03 4.889259693729596844e-07 9.714959315665996024e-08 3.917763762162997771e-07
7.460000000000000000e+03 8.138833602333650333e-07 9.668603143163825199e-08 7.171973288017267813e-07
7.465000000000000000e+03 5.614650692646670555e-07 9.666576102845144635e-08 4.647993082362155827e-07
7.470000000000000000e+03 1.726150519316635962e-07 9.797629258073010694e-08 7.463875935093350251e-08
7.475000000000000000e+03 1.353344484596395402e-07 9.889475363848944249e-08 3.643969482115009113e-08
7.480000000000000000e+03 1.606063619961973434e-07 9.919468116179728558e-08 6.141168083440003136e-08
7.485000000000000000e+03 4.290454874739161859e-07 9.902842156440536653e-08 3.300170659095108193e-07
7.490000000000000000e+03 5.144930660432028637e-07 9.978543478206012289e-08 4.147076312611428203e-07
7.495000000000000000e+03 4.291680087720971579e-07 9.987633525816240549e-08 3.292916735139347392e-07
7.500000000000000000e+03 7.404346508287619702e-07 9.963252841504166873e-08 6.408021224137203677e-07
7.505000000000000000e+03 6.896051104939861625e-07 9.913054691943311185e-08 5.904745635745529845e-07
7.510000000000000000e+03 2.375793258376072709e-07 1.002267399493790458e-07 1.373525858882282119e-07
7.515000000000000000e+03 1.289215472430153598e-07 1.011706594646056121e-07 2.775088777840974769e-08
7.520000000000000000e+03 1.339940355908684224e-07 1.017057029973567598e-07 3.228833259351168244e-08
7.525000000000000000e+03 3.511278282692686016e-07 1.013481724990294118e-07 2.497796557702392162e-07
7.530000000000000000e+03 5.631487011107091217e-07 1.019815604664878827e-07 4.611671406442212257e-07
7.535000000000000000e+03 4.295540391482519073e-07 1.022858247468129126e-07 3.272682144014390080e-07
7.540000000000000000e+03 6.316706910793159629e-07 1.021992520721666397e-07 5.294714390071491909e-07
7.545000000000000000e+03 7.717530024539984856e-07 1.015247226531904515e-07 6.702282798008080738e-07
7.550000000000000000e+03 3.428965658843057985e-07 1.021367599634921516e-07 2.407598059208136733e-07
7.555000000000000000e+03 1.266070146179509424e-07 1.031818301878356532e-07 2.342518443011530902e-08
7.560000000000000000e+03 1.230590516822552242e-07 1.037947739724973677e-07 1.926427770975783328e-08
7.565000000000000000e+03 2.661301845411884551e-07 1.035137331374361454e-07 1.626164514037522832e-07
7.570000000000000000e+03 5.698630404550885795e-07 1.037622648437803054e-07 4.661007756113083138e-07
7.575000000000000000e+03 4.814262049052387597e-07 1.043494533134700514e-07 3.770767515917687216e-07
7.580000000000000000e+03 5.260150308240532794e-07 1.043354857112447249e-07 4.216795451128085281e-07
7.585000000000000000e+03 7.882477815185132617e-07 1.037787865225363560e-07 6.844689949959767469e-07
7.590000000000000000e+03 4.737701576761602765e-07 1.037710733287027786e-07 3.699990843474574317e-07
7.595000000000000000e+03 1.420773532964720589e-07 1.048881612813620519e-07 3.718919201511000701e-08
7.600000000000000000e+03 1.191303389603678521e-07 1.054818622486261335e-07 1.364847671174170532e-08
7.605000000000000000e+03 1.936077314408944390e-07 1.054416347941864107e-07 8.816609664670805478e-08
7.610000000000000000e+03 5.268364231383954089e-07 1.052276661461825611e-07 4.216087569922128213e-07
7.615000000000000000e+03 5.579173065631782080e-07 1.059933379908680684e-07 4.519239685723102322e-07
7.620000000000000000e+03 4.589449384797937376e-07 1.060646574496513480e-07 3.528802810301423897e-07
7.625000000000000000e+03 7.396202925117618503e-07 1.057503441660595465e-07 6.338699483457022244e-07
7.630000000000000000e+03 6.027637151188294666e-07 1.052303100944019373e-07 4.975334050244274234e-07
7.635000000000000000e+03 1.889997402092392086e-07 1.062213621600479192e-07 8.277837804919131586e-08
7.640000000000000000e+03 1.158342029084254006e-07 1.068328362985598854e-07 9.001366609865530111e-09
7.645000000000000000e+03 1.447654057282473493e-07 1.070099692933329989e-07 3.775543643491435041e-08
7.650000000000000000e+03 4.435907344482719440e-07 1.064883124950238162e-07 3.371024219532482469e-07
7.655000000000000000e+03 6.242560389760915264e-07 1.071581928127346450e-07 5.170978461633568813e-07
7.660000000000000000e+03 4.507479846216296206e-07 1.074245559143737585e-07 3.433234287072558621e-07
7.665000000000000000e+03 6.473049725110585623e-07 1.073040990060434289e-07 5.400008735050151334e-07
7.670000000000000000e+03 6.986611312480777495e-07 1.065697881606463821e-07 5.920913430874315395e-07
7.675000000000000000e+03 2.730869449345427243e-07 1.071558387143242370e-07 1.659311062202185005e-07
7.680000000000000000e+03 1.139716112294226737e-07 1.078860709071240386e-07 6.085540322298625979e-09
7.685000000000000000e+03 1.199975350069718166e-07 1.081410416002637072e-07 1.185649340670810443e-08
7.690000000000000000e+03 3.416336361457048376e-07 1.075843434129051154e-07 2.340492927327997355e-07
7.695000000000000000e+03 6.503898584116794035e-07 1.078621293960799330e-07 5.425277290155994837e-07
7.700000000000000000e+03 4.997336252684444969e-07 1.084075523336866872e-07 3.913260729347578627e-07
7.705000000000000000e+03 5.467027192969069733e-07 1.083812296795702121e-07 4.383214896173368009e-07
7.710000000000000000e+03 7.378931247631968043e-07 1.077442630200511257e-07 6.301488617431457448e-07
7.715000000000000000e+03 3.866199757015334581e-07 1.077481480620861392e-07 2.788718276394473189e-07
7.720000000000000000e+03 1.221865033675145508e-07 1.086119426723470080e-07 1.357456069516757749e-08
7.725000000000000000e+03 1.115909022870302812e-07 1.088439976752312869e-07 2.746904611799025764e-09
7.730000000000000000e+03 2.452974428232035726e-07 1.084555352372547979e-07 1.368419075859488143e-07
7.735000000000000000e+03 6.211900773427134287e-07 1.082086897554806597e-07 5.129813875872327292e-07
7.740000000000000000e+03 5.833131333164150697e-07 1.089544907448971203e-07 4.743586425715178699e-07
7.745000000000000000e+03 4.750135950729593228e-07 1.090061055125753976e-07 3.660074895603838988e-07
7.750000000000000000e+03 7.139538841683518924e-07 1.086247572175668449e-07 6.053291269507849946e-07
7.755000000000000000e+03 5.084714080779984186e-07 1.081057779998487028e-07 4.003656300781497555e-07
7.760000000000000000e+03 1.528001736448294644e-07 1.089411911810580708e-07 4.385898246377139357e-08
7.765000000000000000e+03 1.098891631185614594e-07 1.091847702668177945e-07 7.043928517436478895e-10
7.770000000000000000e+03 1.727015293417372613e-07 1.089867870956603045e-07 6.371474224607695682e-08
7.775000000000000000e+03 5.405952794490482543e-07 1.083263998293041554e-07 4.322688796197441518e-07
7.780000000000000000e+03 6.664772326463813116e-07 1.090088213928856772e-07 5.574684112534956080e-07
7.785000000000000000e+03 4.582064396031120998e-07 1.092309424292417366e-07 3.489754971738704690e-07
7.790000000000000000e+03 6.409097821503611493e-07 1.090755150268466739e-07 5.318342671235143827e-07
7.795000000000000000e+03 6.102876623045055222e-07 1.083064436651075511e-07 5.019812186393980373e-07
7.800000000000000000e+03 2.146366323928389851e-07 1.088368376896245280e-07 1.057997947032144703e-07
7.805000000000000000e+03 1.097009052880711774e-07 1.092128945731709422e-07 4.880107149002259228e-10
7.810000000000000000e+03 1.304334435321471584e-07 1.090919886543319901e-07 2.134145487781517817e-08
7.815000000000000000e+03 4.285396179500375385e-07 1.082838268962864800e-07 3.202557910537510850e-07
7.820000000000000000e+03 7.144651514797049376e-07 1.085839425565054269e-07 6.058812089231995372e-07
7.825000000000000000e+03 5.018392378514746134e-07 1.090700524115289854e-07 3.927691854399456280e-07
7.830000000000000000e+03 5.493741290300533092e-07 1.090310422607252236e-07 4.403430867693279533e-07
7.835000000000000000e+03 6.666734944726364392e-07 1.083324866797318398e-07 5.583410077929045861e-07
7.840000000000000000e+03 3.063553031222881649e-07 1.083447821020894782e-07 1.980105210201987661e-07
7.845000000000000000e+03 1.136825155455658486e-07 1.089111839959490193e-07 4.771331549616834205e-09
7.850000000000000000e+03 1.137420153928469477e-07 1.087680592731800904e-07 4.973956119666834955e-09
7.855000000000000000e+03 3.123668039465865102e-07 1.080468160025201568e-07 2.043199879440663666e-07
7.860000000000000000e+03 7.048801566221265683e-07 1.077827305323692398e-07 5.970974260897573814e-07
7.865000000000000000e+03 5.890947780568984959e-07 1.084821595508127797e-07 4.806126185060857030e-07
7.870000000000000000e+03 4.762008813172047418e-07 1.085148534995812222e-07 3.676860278176235065e-07
7.875000000000000000e+03 6.653109802593245643e-07 1.080743962294033353e-07 5.572365840299212025e-07
7.880000000000000000e+03 4.138327624533863039e-07 1.075751359857730352e-07 3.062576264676132290e-07
7.885000000000000000e+03 1.309186601361931240e-07 1.082130682143696785e-07 2.270559192182344546e-08
7.890000000000000000e+03 1.115768115718094001e-07 1.080773721211729683e-07 3.499439450636460779e-09
7.895000000000000000e+03 2.164743074377832467e-07 1.075118981726957018e-07 1.089624092650875449e-07
7.900000000000000000e+03 6.348027658394485261e-07 1.067463534615710485e-07 5.280564123778776364e-07
7.905000000000000000e+03 6.868009306259987676e-07 1.074164213951408491e-07 5.793845092308579185e-07
7.910000000000000000e+03 4.515256063777552700e-07 1.075911186331962950e-07 3.439344877445590147e-07
7.915000000000000000e+03 6.127986009795302731e-07 1.074014192249315393e-07 5.053971817545988926e-07
7.920000000000000000e+03 5.133973056480313402e-07 1.066253989000086688e-07 4.067719067480226449e-07
7.925000000000000000e+03 1.713246491343654232e-07 1.070722484306550891e-07 6.425240070371033409e-08
7.930000000000000000e+03 1.137271214177351813e-07 1.070781973064920437e-07 6.648924111243141760e-09
7.935000000000000000e+03 1.543642798375221152e-07 1.065878621895598759e-07 4.777641764796224594e-08
7.940000000000000000e+03 5.204947361967045538e-07 1.055686355215687793e-07 4.149261006751357216e-07
7.945000000000000000e+03 7.572577919200051797e-07 1.058816204423031278e-07 6.513761714777018931e-07
7.950000000000000000e+03 4.878290211174715488e-07 1.062954916536007390e-07 3.815335294638708098e-07
7.955000000000000000e+03 5.336134849949968552e-07 1.062434577004570826e-07 4.273700272945398653e-07
7.960000000000000000e+03 5.800308895374658923e-07 1.055068797302226611e-07 4.745240098072431783e-07
7.965000000000000000e+03 2.386725139781476813e-07 1.055223334287531229e-07 1.331501805493945584e-07
7.970000000000000000e+03 1.164974123808034739e-07 1.057666964897300242e-07 1.073071589107346457e-08
7.975000000000000000e+03 1.259999747055341627e-07 1.052590393344187974e-07 2.074093537111535874e-08
7.980000000000000000e+03 3.902384914296041105e-07 1.042424028998015948e-07 2.859960885298024759e-07
7.985000000000000000e+03 7.714951452802910478e-07 1.039761473070486440e-07 6.675189979732426024e-07
7.990000000000000000e+03 5.750745312502416424e-07 1.046064692166961852e-07 4.704680620335453778e-07
7.995000000000000000e+03 4.622427121473893241e-07 1.046215382780228290e-07 3.576211738693665215e-07
8.000000000000000000e+03 5.973032555198332620e-07 1.041343723985492617e-07 4.931688831212840929e-07
8.005000000000000000e+03 3.258947654512327040e-07 1.036715727480285726e-07 2.222231927032041579e-07
8.010000000000000000e+03 1.241784096341548700e-07 1.040824618711044291e-07 2.009594776305044422e-08
8.015000000000000000e+03 1.209732879789577361e-07 1.035809531148230000e-07 1.739233486413472618e-08
8.020000000000000000e+03 2.734909927899468386e-07 1.026797172124364416e-07 1.708112755775103970e-07
8.025000000000000000e+03 7.190397483669196355e-07 1.018478101154664185e-07 6.171919382514532435e-07
8.030000000000000000e+03 6.838555239528143883e-07 1.024815588790832732e-07 5.813739650737311018e-07
8.035000000000000000e+03 4.311398337970342445e-07 1.026084908576143264e-07 3.285313429394199842e-07
8.040000000000000000e+03 5.648771036448739623e-07 1.023874520043972929e-07 4.624896516404765635e-07
8.045000000000000000e+03 4.153705623192167741e-07 1.016331364389133733e-07 3.137374258803034273e-07
8.050000000000000000e+03 1.456893212144566471e-07 1.019727490406655476e-07 4.371657217379110614e-08
8.055000000000000000e+03 1.255093703149813854e-07 1.016174323459689080e-07 2.389193796901248073e-08
8.060000000000000000e+03 1.907711025163591007e-07 1.007880051928951908e-07 8.998309732346390987e-08
8.065000000000000000e+03 6.106660700716688203e-07 9.961081877750619921e-08 5.110552512941626344e-07
8.070000000000000000e+03 7.755654760525460624e-07 9.992545521409637784e-08 6.756400208384496978e-07
8.075000000000000000e+03 4.588075289662105853e-07 1.002591926464375389e-07 3.585483363197730861e-07
8.080000000000000000e+03 5.002789323145697401e-07 1.001940627101872476e-07 4.000848696043826249e-07
8.085000000000000000e+03 4.845884081827829029e-07 9.944655188473454539e-08 3.851418562980483178e-07
8.090000000000000000e+03 1.881998459114966524e-07 9.945828082830085287e-08 8.874156508319579954e-08
8.095000000000000000e+03 1.298064216397688386e-07 9.937778270071479004e-08 3.042863893905404858e-08
8.100000000000000000e+03 1.481011832837096483e-07 9.853969007849709231e-08 4.956149320521254938e-08
8.105000000000000000e+03 4.733977902902980111e-07 9.728387202383504229e-08 3.761139182664628762e-07
8.110000000000000000e+03 8.159257837162469610e-07 9.702881408941013946e-08 7.188969696268369142e-07
8.115000000000000000e+03 5.424276976765244517e-07 9.757239507774908672e-08 4.448553025987753517e-07
8.120000000000000000e+03 4.338336044218978582e-07 9.757144074522639168e-08 3.362621636766716253e-07
8.125000000000000000e+03 5.150310864766236880e-07 9.705408273499866184e-08 4.179770037416250129e-07
8.130000000000000000e+03 2.511054426843147545e-07 9.664120306977259877e-08 1.544642396145422219e-07
8.135000000000000000e+03 1.322760403075779644e-07 9.681068628284047905e-08 3.546535402473747211e-08
8.140000000000000000e+03 1.377175362839137712e-07 9.598075749503991877e-08 4.173677878887383916e-08
8.145000000000000000e+03 3.400563249927300209e-07 9.479720891984215097e-08 2.452591160728879097e-07
8.150000000000000000e+03 7.868545936485190962e-07 9.393987936194713489e-08 6.929147142865718687e-07
8.155000000000000000e+03 6.579689866243507740e-07 9.451596010902854366e-08 5.634530265153222965e-07
8.160000000000000000e+03 3.982945162282262235e-07 9.459726411146307864e-08 3.036972521167632111e-07
8.165000000000000000e+03 5.005426377283279411e-07 9.435041560040321542e-08 4.061922221279247124e-07
8.170000000000000000e+03 3.236343070292160722e-07 9.364508625513222323e-08 2.299892207740838886e-07
8.175000000000000000e+03 1.388759309677727721e-07 9.386034824588375147e-08 4.501558272188900082e-08
8.180000000000000000e+03 1.440855363345256519e-07 9.317702812562886632e-08 5.090850820889676574e-08
8.185000000000000000e+03 2.376494828344675187e-07 9.206064615204358460e-08 1.455888366824239077e-07
8.190000000000000000e+03 6.922694179767193499e-07 9.078708646069348939e-08 6.014823315160258605e-07
8.195000000000000000e+03 7.680311617485835307e-07 9.109137061587300755e-08 6.769397911327103246e-07
8.200000000000000000e+03 4.167943730390577972e-07 9.134219742321847506e-08 3.254521756158393751e-07
8.205000000000000000e+03 4.514889887599185302e-07 9.126454661136986358e-08 3.602244421485486666e-07
8.210000000000000000e+03 3.876485965793019224e-07 9.053484451766008253e-08 2.971137520616418134e-07
8.215000000000000000e+03 1.581671833199834428e-07 9.053514854550468027e-08 6.763203477447873605e-08
8.220000000000000000e+03 1.521263845666784207e-07 9.014963780015601645e-08 6.197674676652240420e-08
8.225000000000000000e+03 1.790764275817619436e-07 8.903630736407488364e-08 9.004012021768703347e-08
8.230000000000000000e+03 5.558069421559573175e-07 8.761203427232660640e-08 4.681949078836306714e-07
8.235000000000000000e+03 8.347478277546506495e-07 8.737902534031503695e-08 7.473688024143357449e-07
8.240000000000000000e+03 4.935656587717163302e-07 8.782422832107562013e-08 4.057414304506406703e-07
8.245000000000000000e+03 3.926194953004782667e-07 8.780910686126440080e-08 3.048103884392138659e-07
8.250000000000000000e+03 4.247163981453100016e-07 8.728137838715804153e-08 3.374350197581518939e-07
8.255000000000000000e+03 1.948272051634542811e-07 8.692755149701627041e-08 1.078996536664379842e-07
8.260000000000000000e+03 1.538536139202403057e-07 8.685843535272946599e-08 6.699517856751081324e-08
8.265000000000000000e+03 1.610076382750959380e-07 8.575881220936468065e-08 7.524882606573125736e-08
8.270000000000000000e+03 4.116295951093155846e-07 8.436428731391429710e-08 3.272653077954013272e-07
8.275000000000000000e+03 8.330181569873124148e-07 8.352165091753406635e-08 7.494965060697782690e-07
8.280000000000000000e+03 6.111024707755355573e-07 8.402276202908103092e-08 5.270797087464545396e-07
8.285000000000000000e+03 3.549785152868260349e-07 8.406266888679630325e-08 2.709158464000297978e-07
8.290000000000000000e+03 4.244665177640345247e-07 8.379827063714958517e-08 3.406682471268848866e-07
8.295000000000000000e+03 2.450916970540562609e-07 8.316563384481443283e-08 1.619260632092418149e-07
8.300000000000000000e+03 1.505964814335673187e-07 8.324815280056685145e-08 6.734832863300045406e-08
8.305000000000000000e+03 1.681392525798094134e-07 8.229234209548156709e-08 8.584691048432788601e-08
8.310000000000000000e+03 2.921216590041687594e-07 8.095943767321783012e-08 2.111622213309508631e-07
8.315000000000000000e+03 7.590995688988010425e-07 7.965500413418320959e-08 6.794445647646177932e-07
8.320000000000000000e+03 7.352152867878248558e-07 7.993713442013965047e-08 6.552781523676852980e-07
8.325000000000000000e+03 3.645725308767865220e-07 8.010720107192694601e-08 2.844653298048596025e-07
8.330000000000000000e+03 3.905158244462882905e-07 8.001868570974446302e-08 3.104971387365438275e-07
8.335000000000000000e+03 2.966367224319029554e-07 7.933498772662486578e-08 2.173017347052781029e-07
8.340000000000000000e+03 1.501928725972865657e-07 7.931647537089462741e-08 7.087639722639189863e-08
8.345000000000000000e+03 1.814496008612048458e-07 7.866758509428924944e-08 1.027820157669155964e-07
8.350000000000000000e+03 2.172774165818603042e-07 7.735163780840195513e-08 1.399257787734583093e-07
8.355000000000000000e+03 6.313701162326943689e-07 7.583898539632400968e-08 5.555311308363704651e-07
8.360000000000000000e+03 8.264705745062524609e-07 7.563579726658667412e-08 7.508347772396657735e-07
8.365000000000000000e+03 4.319315387142717537e-07 7.597749469689752001e-08 3.559540440173742469e-07
8.370000000000000000e+03 3.411290424263310619e-07 7.595044054234117686e-08 2.651786018839898983e-07
8.375000000000000000e+03 3.332431824106172075e-07 7.543416978002791955e-08 2.578090126305893144e-07
8.380000000000000000e+03 1.609428282029072971e-07 7.514360515716408897e-08 8.579922304574320813e-08
8.385000000000000000e+03 1.866430741192513495e-07 7.485658569736730431e-08 1.117864884218840187e-07
8.390000000000000000e+03 1.896211208595246579e-07 7.356331486070491518e-08 1.160578059988197559e-07
8.395000000000000000e+03 4.831584774302390838e-07 7.204204285056822222e-08 4.111164345796708881e-07
8.400000000000000000e+03 8.539282344520734717e-07 7.125068274434593052e-08 7.826775517077275015e-07
8.405000000000000000e+03 5.466681414830956500e-07 7.166470158011403313e-08 4.750034399029816301e-07
8.410000000000000000e+03 3.038178891797762800e-07 7.166922199644399954e-08 2.321486671833322937e-07
8.415000000000000000e+03 3.422726875275334562e-07 7.139803424704912943e-08 2.708746532804843003e-07
8.420000000000000000e+03 1.855975019070264199e-07 7.085618401445391754e-08 1.147413178925725156e-07
8.425000000000000000e+03 1.791990782210671889e-07 7.080798935723513399e-08 1.083910888638320549e-07
8.430000000000000000e+03 1.960785492057923689e-07 6.965366768292779734e-08 1.264248815228645848e-07
8.435000000000000000e+03 3.506249817383139013e-07 6.818825138579585860e-08 2.824367303525179898e-07
8.440000000000000000e+03 8.060186948500296847e-07 6.691772207297572797e-08 7.391009727770542347e-07
8.445000000000000000e+03 6.795226784305162606e-07 6.716709272282272369e-08 6.123555857076934708e-07
8.450000000000000000e+03 3.054998209867383907e-07 6.726314119277917336e-08 2.382366797939592041e-07
8.455000000000000000e+03 3.215882847480806843e-07 6.716681972955588355e-08 2.544214650185247611e-07
8.460000000000000000e+03 2.185340167747907729e-07 6.655435688265478145e-08 1.519796598921360179e-07
8.465000000000000000e+03 1.642000951437414929e-07 6.651130425137661152e-08 9.768879089236488139e-08
8.470000000000000000e+03 2.154012167810225583e-07 6.565991414117713798e-08 1.497413026398454335e-07
8.475000000000000000e+03 2.604587549090980399e-07 6.422659060797358619e-08 1.962321643011243875e-07
8.480000000000000000e+03 6.944108815700064298e-07 6.270931767950946528e-08 6.317015638904971498e-07
8.485000000000000000e+03 7.916341692976455091e-07 6.254038995802798363e-08 7.290937793396175652e-07
8.490000000000000000e+03 3.617367947984585979e-07 6.278012653257461667e-08 2.989566682658839679e-07
8.495000000000000000e+03 2.826422185968359258e-07 6.274391883663801621e-08 2.198982997601979361e-07
8.500000000000000000e+03 2.476414710805548467e-07 6.226120855554498565e-08 1.853802625250098478e-07
8.505000000000000000e+03 1.515832001059265513e-07 6.203319274039292062e-08 8.955000736553363071e-08
8.510000000000000000e+03 2.276674076429480783e-07 6.156618568903315820e-08 1.661012219539149995e-07
8.515000000000000000e+03 2.219629048641411694e-07 6.016747358601787242e-08 1.617954312781232970e-07
8.520000000000000000e+03 5.494638958183878735e-07 5.861081561181184995e-08 4.908530802065759640e-07
8.525000000000000000e+03 8.478858535724927301e-07 5.790146568169260180e-08 7.899843878908002672e-07
8.530000000000000000e+03 4.692498529285388934e-07 5.822225809481388995e-08 4.110275948337249505e-07
8.535000000000000000e+03 2.479334054091974221e-07 5.819886163154440637e-08 1.897345437776530157e-07
8.540000000000000000e+03 2.601354920167055058e-07 5.793349983744198353e-08 2.022019921792635355e-07
8.545000000000000000e+03 1.495198325636663640e-07 5.749341027025428820e-08 9.202642229341205593e-08
8.550000000000000000e+03 2.218357030676401435e-07 5.732789395761530663e-08 1.645078091100248170e-07
8.555000000000000000e+03 2.261234840458227897e-07 5.606236528938055106e-08 1.700611187564422255e-07
8.560000000000000000e+03 4.091646659991347335e-07 5.455650880693672241e-08 3.546081571921979780e-07
8.565000000000000000e+03 8.293632492509858577e-07 5.337956006987360491e-08 7.759836891811123521e-07
8.570000000000000000e+03 6.049943758466233618e-07 5.358770267702011461e-08 5.514066731696033002e-07
8.575000000000000000e+03 2.432947525443439595e-07 5.362053396073008138e-08 1.896742185836138583e-07
8.580000000000000000e+03 2.496154935779947861e-07 5.352094559707377494e-08 1.960945479809209913e-07
8.585000000000000000e+03 1.593459695615693937e-07 5.299967059360902623e-08 1.063462989679603873e-07
8.590000000000000000e+03 1.984642485714137161e-07 5.292948068974422736e-08 1.455347678816695152e-07
8.595000000000000000e+03 2.514084069901660445e-07 5.195159964108522625e-08 1.994568073490808844e-07
8.600000000000000000e+03 3.059133424392142880e-07 5.049320785713724700e-08 2.554201345820770741e-07
8.605000000000000000e+03 7.401231334698877908e-07 4.905301829124012435e-08 6.910701151786476664e-07
8.610000000000000000e+03 7.327511310880629120e-07 4.891951133202289654e-08 6.838316197560399559e-07
8.615000000000000000e+03 2.876590130376779737e-07 4.906534060713451451e-08 2.385936724305434592e-07
8.620000000000000000e+03 2.210005350965080906e-07 4.902339006595656985e-08 1.719771450305515539e-07
8.625000000000000000e+03 1.745559006654717785e-07 4.859457562996806182e-08 1.259613250355037167e-07
8.630000000000000000e+03 1.669947183430438209e-07 4.842411092130149027e-08 1.185706074217423769e-07
8.635000000000000000e+03 2.734805586345454120e-07 4.783016009926464162e-08 2.256503985352807241e-07
8.640000000000000000e+03 2.561425296543788287e-07 4.642044357193859641e-08 2.097220860824402058e-07
8.645000000000000000e+03 6.056442397585510784e-07 4.492072379902713336e-08 5.607235159595239517e-07
8.650000000000000000e+03 8.152227964758851803e-07 4.431650486688995364e-08 7.709062916089952532e-07
8.655000000000000000e+03 3.842507976711257462e-07 4.454446448023403209e-08 3.397063331908916347e-07
8.660000000000000000e+03 1.907665923460523518e-07 4.450172889980772848e-08 1.462648634462446431e-07
8.665000000000000000e+03 1.843272439406289115e-07 4.425557968831631478e-08 1.400716642523125967e-07
8.670000000000000000e+03 1.394215002075643670e-07 4.392024473524663818e-08 9.550125547231774869e-08
8.675000000000000000e+03 2.747110401330039888e-07 4.366221786307382940e-08 2.310488222699301925e-07
8.680000000000000000e+03 2.564013080323888191e-07 4.238003720759994845e-08 2.140212708247888640e-07
8.685000000000000000e+03 4.636114202145503449e-07 4.092786245669303691e-08 4.226835577578573278e-07
8.690000000000000000e+03 8.272361094083120288e-07 3.989516456011733168e-08 7.873409448481945912e-07
8.695000000000000000e+03 5.169843004668081111e-07 4.005663873922694440e-08 4.769276617275811932e-07
8.700000000000000000e+03 1.818080645394517026e-07 4.004041510365587180e-08 1.417676494357958308e-07
8.705000000000000000e+03 1.798496093815974188e-07 3.994334590113458589e-08 1.399062634804628527e-07
8.710000000000000000e+03 1.236476767012390547e-07 3.952598706423118852e-08 8.412168963700783309e-08
8.715000000000000000e+03 2.497825281659578046e-07 3.943049532568163241e-08 2.103520328402761788e-07
8.720000000000000000e+03 2.868714550550164421e-07 3.841192608874748962e-08 2.484595289662689525e-07
8.725000000000000000e+03 3.506534860647773470e-07 3.702191377981662884e-08 3.136315722849607512e-07
8.730000000000000000e+03 7.649576919369593951e-07 3.573296806964882212e-08 7.292247238673106458e-07
8.735000000000000000e+03 6.541000033784011943e-07 3.563312407085695170e-08 6.184668793075442294e-07
8.740000000000000000e+03 2.145213716311907558e-07 3.569911405957740323e-08 1.788222575716133724e-07
8.745000000000000000e+03 1.603683735096288343e-07 3.565542049013080953e-08 1.247129530194980380e-07
8.750000000000000000e+03 1.197407941511792152e-07 3.529698946764171019e-08 8.444380468353748512e-08
8.755000000000000000e+03 2.055525314460962350e-07 3.517596034595040155e-08 1.703765711001458401e-07
8.760000000000000000e+03 3.204273721076544604e-07 3.451976862635480457e-08 2.859076034812996161e-07
8.765000000000000000e+03 2.900794362402182061e-07 3.319350095660191860e-08 2.568859352836162676e-07
8.770000000000000000e+03 6.474659961415609580e-07 3.183787198581721665e-08 6.156281241557437745e-07
8.775000000000000000e+03 7.582724315731505120e-07 3.135313142664502453e-08 7.269193001465056794e-07
8.780000000000000000e+03 2.974956399445282592e-07 3.149535408259457855e-08 2.660002858619336873e-07
8.785000000000000000e+03 1.358811534824174210e-07 3.144250292324628429e-08 1.044386505591711698e-07
8.790000000000000000e+03 1.207507639532318017e-07 3.122833521170724711e-08 8.952242874152455462e-08
8.795000000000000000e+03 1.558832952831254792e-07 3.099277714211619709e-08 1.248905181410092821e-07
8.800000000000000000e+03 3.333899014093435555e-07 3.067744050805886383e-08 3.027124609012847909e-07
8.805000000000000000e+03 2.850465016890175624e-07 2.947386188526366198e-08 2.555726398037539004e-07
8.810000000000000000e+03 5.100199157373341533e-07 2.816546062397708968e-08 4.818544551133568882e-07
8.815000000000000000e+03 7.996616366049907486e-07 2.731553133691301659e-08 7.723461052680776261e-07
8.820000000000000000e+03 4.217481926840278960e-07 2.742873015321695782e-08 3.943194625308108323e-07
8.825000000000000000e+03 1.247911505437785659e-07 2.738006188279226350e-08 9.741108866098631563e-08
8.830000000000000000e+03 1.175123905775654282e-07 2.729198155104134797e-08 9.022040902652406703e-08
8.835000000000000000e+03 1.142409586353691449e-07 2.698273870806965831e-08 8.725821992729947006e-08
8.840000000000000000e+03 3.137481184164691754e-07 2.686912538836717792e-08 2.868789930281019974e-07
8.845000000000000000e+03 3.193276292941123551e-07 2.589931587514369801e-08 2.934283134189686174e-07
8.850000000000000000e+03 3.916246086789842529e-07 2.466635670089733234e-08 3.669582519780869503e-07
8.855000000000000000e+03 7.669133231153933765e-07 2.359039417856851603e-08 7.433229289368248935e-07
8.860000000000000000e+03 5.613904123044133564e-07 2.352022741136793112e-08 5.378701848930454881e-07
8.865000000000000000e+03 1.469738326101584654e-07 2.352559871942774404e-08 1.234482338907307214e-07
8.870000000000000000e+03 1.049604652778943849e-07 2.348449691483967474e-08 8.147596836305469029e-08
8.875000000000000000e+03 8.762174531840159416e-08 2.320722522386772708e-08 6.441452009453384391e-08
8.880000000000000000e+03 2.639141760271826040e-07 2.312594012535578952e-08 2.407882359018268509e-07
8.885000000000000000e+03 3.649056487022318102e-07 2.247929427428117648e-08 3.424263544279506238e-07
8.890000000000000000e+03 3.216309367397062588e-07 2.132483743198057115e-08 3.003060993077256447e-07
8.895000000000000000e+03 6.717076795948915367e-07 2.018953374382736675e-08 6.515181458510640773e-07
8.900000000000000000e+03 6.811884713355683406e-07 1.982941370393937779e-08 6.613590576316287180e-07
8.905000000000000000e+03 2.148155318258074948e-07 1.989951149216279223e-08 1.949160203336447588e-07
8.910000000000000000e+03 8.674984084533659953e-08 1.984581807659545173e-08 6.690402276874113787e-08
8.915000000000000000e+03 7.449388056298278436e-08 1.967424974913059749e-08 5.481963081385219018e-08
8.920000000000000000e+03 1.974797327781584213e-07 1.952634582423402952e-08 1.779533869539244051e-07
8.925000000000000000e+03 3.931392317775723826e-07 1.919720221937863289e-08 3.739420295581938390e-07
8.930000000000000000e+03 3.103030983400653922e-07 1.816167099302600563e-08 2.921414273470394130e-07
8.935000000000000000e+03 5.449418866846746979e-07 1.707731517202572036e-08 5.278645715126489842e-07
8.940000000000000000e+03 7.485922228021178295e-07 1.643427204785606199e-08 7.321579507542618634e-07
8.945000000000000000e+03 3.259770157274152020e-07 1.650207015798536290e-08 3.094749455694298325e-07
8.950000000000000000e+03 7.567296642176107838e-08 1.643886881410686757e-08 5.923409760765419758e-08
8.955000000000000000e+03 6.741439628642455294e-08 1.636611199789497596e-08 5.104828428852958360e-08
8.960000000000000000e+03 1.319482288535447955e-07 1.616020711094315146e-08 1.157880217426016341e-07
8.965000000000000000e+03 3.851052169066520453e-07 1.604134091850062793e-08 3.690638759881515199e-07
8.970000000000000000e+03 3.466002700334082699e-07 1.520691368736750190e-08 3.313933563460407548e-07
8.975000000000000000e+03 4.259344920598386878e-07 1.420935352609088314e-08 4.117251385337478460e-07
8.980000000000000000e+03 7.457085956612538038e-07 1.339170540965341990e-08 7.323168902516002614e-07
8.985000000000000000e+03 4.613272852638644881e-07 1.334597875250957817e-08 4.479813065113548405e-07
8.990000000000000000e+03 8.919473515001075641e-08 1.331383850689433776e-08 7.588089664311643188e-08
8.995000000000000000e+03 5.875472819271134278e-08 1.327955555176912615e-08 4.547517264094221828e-08
9.000000000000000000e+03 8.095739819302525887e-08 1.308714042086039994e-08 6.787025777216486058e-08
9.005000000000000000e+03 3.372980386820464531e-07 1.303601439601909870e-08 3.242620242860273593e-07
9.010000000000000000e+03 4.036138369077861646e-07 1.247246370243694988e-08 3.911413732053492131e-07
9.015000000000000000e+03 3.487346015877244389e-07 1.156649318184587787e-08 3.371681084058785081e-07
9.020000000000000000e+03 6.764288415914627855e-07 1.071182529966075417e-08 6.657170162918019337e-07
9.025000000000000000e+03 5.896278429841487615e-07 1.047259123490531547e-08 5.791552517492434013e-07
9.030000000000000000e+03 1.416439404608607683e-07 1.049004711481149283e-08 1.311538933460492689e-07
9.035000000000000000e+03 4.653928150135476246e-08 1.044411558006169100e-08 3.609516592129307643e-08
9.040000000000000000e+03 4.944079781705154503e-08 1.032217745369514901e-08 3.911862036335639437e-08
9.045000000000000000e+03 2.609056823903004786e-07 1.024421732105336826e-08 2.506614650692470773e-07
9.050000000000000000e+03 4.492794869260001335e-07 9.950011896617541262e-09 4.393294750293825194e-07
9.055000000000000000e+03 3.306242670504896212e-07 9.160157795341387919e-09 3.214641092551482911e-07
9.060000000000000000e+03 5.657072173321783343e-07 8.365146469648608712e-09 5.573420708625297107e-07
9.065000000000000000e+03 6.777673884915307457e-07 7.937557748377306707e-09 6.698298307431534903e-07
9.070000000000000000e+03 2.363088302867345434e-07 7.967715600176125890e-09 2.283411146865583827e-07
9.075000000000000000e+03 3.735703991336481613e-08 7.907852071185225806e-09 2.944918784217958867e-08
9.080000000000000000e+03 3.359633162296592693e-08 7.855679669763451456e-09 2.574065195320248540e-08
9.085000000000000000e+03 1.755567102355962009e-07 7.739815327119246258e-09 1.678168949084769414e-07
9.090000000000000000e+03 4.581562573900852966e-07 7.633833859991941321e-09 4.505224235300934297e-07
9.095000000000000000e+03 3.669257852577910104e-07 7.012324374333566001e-09 3.599134608834574841e-07
9.100000000000000000e+03 4.510789144378003255e-07 6.313324156353189595e-09 4.447655902814471533e-07
9.105000000000000000e+03 7.028216374126889559e-07 5.780091544475886576e-09 6.970415458682131049e-07
9.110000000000000000e+03 3.611079819484514484e-07 5.753493388480533483e-09 3.553544885599708777e-07
9.115000000000000000e+03 4.462959616178148656e-08 5.709197037010691834e-09 3.892039912477079059e-08
9.120000000000000000e+03 2.521174561409315852e-08 5.685298057867978206e-09 1.952644755622517783e-08
9.125000000000000000e+03 1.006264100484792778e-07 5.573696482395208511e-09 9.505271356608407179e-08
9.130000000000000000e+03 4.198627748604756842e-07 5.544771793607373927e-09 4.143180030668681977e-07
9.135000000000000000e+03 4.337693980110764239e-07 5.133999746208868894e-09 4.286353982648675608e-07
9.140000000000000000e+03 3.695538384447568005e-07 4.536759019545550419e-09 3.650170794252112418e-07
9.145000000000000000e+03 6.611422365157149653e-07 4.003158348353221901e-09 6.571390781673618625e-07
9.150000000000000000e+03 4.903234979703279024e-07 3.873276883982948523e-09 4.864502210863449233e-07
9.155000000000000000e+03 8.264922160934674945e-08 3.862292757828793786e-09 7.878692885151793995e-08
9.160000000000000000e+03 1.790710801244686874e-08 3.831287791811086092e-09 1.407582022063577768e-08
9.165000000000000000e+03 4.797034974627377325e-08 3.761310110689891776e-09 4.420903963558388230e-08
9.170000000000000000e+03 3.412413561731621739e-07 3.732052537767821161e-09 3.375093036353943229e-07
9.175000000000000000e+03 4.975214981924708253e-07 3.522999454866353758e-09 4.939984987376044505e-07
9.180000000000000000e+03 3.447633735321608151e-07 3.039538678882596807e-09 3.417238348532782303e-07
9.185000000000000000e+03 5.706496037401834802e-07 2.579974849514153016e-09 5.680696288906692833e-07
9.190000000000000000e+03 5.924374530123676887e-07 2.360879336357599276e-09 5.900765736760101229e-07
9.195000000000000000e+03 1.588535434390735944e-07 2.366071097996643228e-09 1.564874723410769359e-07
9.200000000000000000e+03 1.205029629583671943e-08 2.325924137669179573e-09 9.724372158167538620e-09
9.205000000000000000e+03 1.902076974988764632e-08 2.297636870086318627e-09 1.672313287980132935e-08
9.210000000000000000e+03 2.419150412215389221e-07 2.251322834811922239e-09 2.396637183867270309e-07
9.215000000000000000e+03 5.271915709611859120e-07 2.180456330414827897e-09 5.250111146307710679e-07
9.220000000000000000e+03 3.790524372755282194e-07 1.834739438654504916e-09 3.772176978368736831e-07
9.225000000000000000e+03 4.651446012889336939e-07 1.478366749791024121e-09 4.636662345391426841e-07
9.230000000000000000e+03 6.413951959148089764e-07 1.234945357437425451e-09 6.401602505573716509e-07
9.235000000000000000e+03 2.678898674447841401e-07 1.223324573827131387e-09 2.666665428709569638e-07
9.240000000000000000e+03 1.578228899500001558e-08 1.192513277843199326e-09 1.458977571715681605e-08
9.245000000000000000e+03 7.022842023596592078e-09 1.181346714187389147e-09 5.841495309409204998e-09
9.250000000000000000e+03 1.455548244305141624e-07 1.138927233817454638e-09 1.444158971966967051e-07
9.255000000000000000e+03 5.051577451194261176e-07 1.127010054640202651e-09 5.040307350647859108e-07
9.260000000000000000e+03 4.532854786204083415e-07 9.293981724152296960e-10 4.523560804479930556e-07
9.265000000000000000e+03 3.826146727912958665e-07 6.810572261257283638e-10 3.819336155651701513e-07
9.270000000000000000e+03 6.268756154363056530e-07 4.864232526409540829e-10 6.263891921836648207e-07
9.275000000000000000e+03 3.905800069944357013e-07 4.482924674347835715e-10 3.901317145270008550e-07
9.280000000000000000e+03 4.142669296940131435e-08 4.361280301548954479e-10 4.099056493924641285e-08
9.285000000000000000e+03 2.826010425477397753e-09 4.250684097842882650e-10 2.400942015693109695e-09
9.290000000000000000e+03 7.076384872644428323e-08 4.040728363813115369e-10 7.035977589006296921e-08
9.295000000000000000e+03 4.323336063033554389e-07 4.010070933152472577e-10 4.319325992100401712e-07
9.300000000000000000e+03 5.342665805754308938e-07 3.246381121758008752e-10 5.339419424632551094e-07
9.305000000000000000e+03 3.518499583232187967e-07 1.875000924386545252e-10 3.516624582307801448e-07
9.310000000000000000e+03 5.592585560359403452e-07 8.725176299821812282e-11 5.591713042729421421e-07
9.315000000000000000e+03 4.989737130893929419e-07 5.536573552442662627e-11 4.989183473538685105e-07
9.320000000000000000e+03 9.876250740251562249e-08 5.271880013733874095e-11 9.870978860237828050e-08
9.325000000000000000e+03 1.134458564469727335e-09 4.576246419454279190e-11 1.088696100275184556e-09
9.330000000000000000e+03 2.533802640246704975e-08 4.203207773544752930e-11 2.529599432473159206e-08
9.335000000000000000e+03 3.261730101459810744e-07 3.958798715480436072e-11 3.261334221588262430e-07
9.340000000000000000e+03 5.869102959073710388e-07 2.829223708887129516e-11 5.868820036702822495e-07
9.345000000000000000e+03 3.823049137617323453e-07 2.107718333488935858e-12 3.823028060433989406e-07
9.350000000000000000e+03 4.669723275884739456e-07 1.058991887461648216e-11 4.669617376695993921e-07
9.355000000000000000e+03 5.660148144931497982e-07 4.167049943817841844e-11 5.659731439937115758e-07
9.360000000000000000e+03 1.882662213486256660e-07 4.314349828427241346e-11 1.882230778503413707e-07
9.365000000000000000e+03 4.070634512465011941e-09 4.961738644505438491e-11 4.021017126019956864e-09
9.370000000000000000e+03 5.906185743161977196e-09 5.189125708165007723e-11 5.854294486080327325e-09
9.375000000000000000e+03 2.127877984494767574e-07 6.038376272076982655e-11 2.127274146867559594e-07
9.380000000000000000e+03 5.866108826784687385e-07 6.362199007069507587e-11 5.865472606883980044e-07
9.385000000000000000e+03 4.608951212435979813e-07 1.254578366269807161e-10 4.607696634069709666e-07
9.390000000000000000e+03 3.869217598903768421e-07 2.437551256254599446e-10 3.866780047647513508e-07
9.395000000000000000e+03 5.761183865410274404e-07 3.822967271917506942e-10 5.757360898138357075e-07
9.400000000000000000e+03 2.977293019422978548e-07 4.144556570251080882e-10 2.973148462852727653e-07
9.405000000000000000e+03 2.026955625601760712e-08 4.293168012600819007e-10 1.984023945475752801e-08
9.410000000000000000e+03 2.448252978529360280e-09 4.405667408157103208e-10 2.007686237713649959e-09
9.415000000000000000e+03 1.167364843183721060e-07 4.602633426670403580e-10 1.162762209757050397e-07
9.420000000000000000e+03 5.272641681150230008e-07 4.617810733310911114e-10 5.268023870416918704e-07
9.425000000000000000e+03 5.568504363019292418e-07 5.588095579887123683e-10 5.562916267439404440e-07
9.430000000000000000e+03 3.514441542136313010e-07 7.846958619947988347e-10 3.506594583516364477e-07
9.435000000000000000e+03 5.322452978036487182e-07 1.043734612019355223e-09 5.312015631916292902e-07
9.440000000000000000e+03 4.043945811695685625e-07 1.165757035966336422e-09 4.032288241336022559e-07
9.445000000000000000e+03 5.987167050841509124e-08 1.175832176631207336e-09 5.869583833178386384e-08
9.450000000000000000e+03 5.088911845996120885e-09 1.211445265333720320e-09 3.877466580662401185e-09
9.455000000000000000e+03 5.274388189207350480e-08 1.229986763431353269e-09 5.151389512864215298e-08
9.460000000000000000e+03 4.221454428060791569e-07 1.242955340995726872e-09 4.209024874650834895e-07
9.465000000000000000e+03 6.328040903351801639e-07 1.315556517902965379e-09 6.314885338172773392e-07
9.470000000000000000e+03 3.766108721003830083e-07 1.630430632197013873e-09 3.749804414681860250e-07
9.475000000000000000e+03 4.562669343510110265e-07 2.002715013081373709e-09 4.542642193379296681e-07
9.480000000000000000e+03 4.823769349789356749e-07 2.273784636440028853e-09 4.801031503424956109e-07
9.485000000000000000e+03 1.277870887256907722e-07 2.289516321699992969e-09 1.254975724039907883e-07
9.490000000000000000e+03 9.755411405106711133e-09 2.353153893408570228e-09 7.402257511698141319e-09
9.495000000000000000e+03 2.246674397487620181e-08 2.367745765078495172e-09 2.009899820979770581e-08
9.500000000000000000e+03 2.976997392699232267e-07 2.403854210101739560e-09 2.952958850598214429e-07
9.505000000000000000e+03 6.580189535662560563e-07 2.423695042142839135e-09 6.555952585241133603e-07
9.510000000000000000e+03 4.562159516956822097e-07 2.773418156710967133e-09 4.534425335389712393e-07
9.515000000000000000e+03 3.820441004251119083e-07 3.252684696364073675e-09 3.787914157287478834e-07
9.520000000000000000e+03 5.126571434359883441e-07 3.695366557471953457e-09 5.089617768785164833e-07
9.525000000000000000e+03 2.185857934647610882e-07 3.774936484675043493e-09 2.148108569800860050e-07
9.530000000000000000e+03 2.003276481997291373e-08 3.843579310299126816e-09 1.618918550967378609e-08
9.535000000000000000e+03 1.702106682756909152e-08 3.876652388357797446e-09 1.314441443921129407e-08
9.540000000000000000e+03 1.830969845421172426e-07 3.924037495132250189e-09 1.791729470469849494e-07
9.545000000000000000e+03 6.188702263931906905e-07 3.911255451455327293e-09 6.149589709417353251e-07
9.550000000000000000e+03 5.637150721381041019e-07 4.211855669279255939e-09 5.595032164688248153e-07
9.555000000000000000e+03 3.435649164894424568e-07 4.793333724526604100e-09 3.387715827649158328e-07
9.560000000000000000e+03 4.915176192933187634e-07 5.387579483544979585e-09 4.861300398097736705e-07
9.565000000000000000e+03 3.158422919609440559e-07 5.621398976149862663e-09 3.102208929847941618e-07
9.570000000000000000e+03 4.444192706013736898e-08 5.666622500983526011e-09 3.877530455915384380e-08
9.575000000000000000e+03 2.347073873004379868e-08 5.749300601401019558e-09 1.772143812864277912e-08
9.580000000000000000e+03 9.993968899623600100e-08 5.784938907278376006e-09 9.415475008895764154e-08
9.585000000000000000e+03 5.227731488197642034e-07 5.784605425440300520e-09 5.169885433943239409e-07
9.590000000000000000e+03 6.614765200948341201e-07 5.962724908826514450e-09 6.555137951860075619e-07
9.595000000000000000e+03 3.624869840157267848e-07 6.616466460494348727e-09 3.558705175552324187e-07
9.600000000000000000e+03 4.336454723715362929e-07 7.328175494824531118e-09 4.263172968767117180e-07
9.605000000000000000e+03 3.968714330543917870e-07 7.788433726930766631e-09 3.890829993274609393e-07
9.610000000000000000e+03 9.055863489185084314e-08 7.822922216966275061e-09 8.273571267488455981e-08
9.615000000000000000e+03 3.194732778171462669e-08 7.957896148546704881e-09 2.398943163316791684e-08
9.620000000000000000e+03 5.613067594222964393e-08 7.981949358569683301e-09 4.814872658365994574e-08
9.625000000000000000e+03 3.943270253323550482e-07 8.019407091087906063e-09 3.863076182412670760e-07
9.630000000000000000e+03 7.140049041452362554e-07 8.059982582489249952e-09 7.059449215627469757e-07
9.635000000000000000e+03 4.397506797957225286e-07 8.705751930239467303e-09 4.310449278654830249e-07
9.640000000000000000e+03 3.681630351036647432e-07 9.517345784668297844e-09 3.586456893189964503e-07
9.645000000000000000e+03 4.413119688952263338e-07 1.021395468529770019e-08 4.310980142099285774e-07
9.650000000000000000e+03 1.589398807969881833e-07 1.031902490205976835e-08 1.486208558949283934e-07
9.655000000000000000e+03 4.009870022455241563e-08 1.046431323694503524e-08 2.963438698760737873e-08
9.660000000000000000e+03 4.585948984599819818e-08 1.051605265539780091e-08 3.534343719060039727e-08
9.665000000000000000e+03 2.655311116322720609e-07 1.057450812408651254e-08 2.549566035081855831e-07
9.670000000000000000e+03 7.002798226304638387e-07 1.053257523284294086e-08 6.897472473976208879e-07
9.675000000000000000e+03 5.544970637372578833e-07 1.105342279534891948e-08 5.434436409419089721e-07
9.680000000000000000e+03 3.286891488951846463e-07 1.195956052846269402e-08 3.167295883667219010e-07
9.685000000000000000e+03 4.400650574176763520e-07 1.284228652985428217e-08 4.272227708878221625e-07
9.690000000000000000e+03 2.400481077168121113e-07 1.314079659561531214e-08 2.269073111211968074e-07
9.695000000000000000e+03 5.301427092641841775e-08 1.324345396804034079e-08 3.977081695837808854e-08
9.700000000000000000e+03 5.495351279003222925e-08 1.337256029935059919e-08 4.158095249068162510e-08
9.705000000000000000e+03 1.641978521029688106e-07 1.341766541301023482e-08 1.507801866899586188e-07
9.710000000000000000e+03 6.206474532940899594e-07 1.337740354035173890e-08 6.072700497537382800e-07
9.715000000000000000e+03 6.708765026280054731e-07 1.367746637377008666e-08 6.571990362542352772e-07
9.720000000000000000e+03 3.409854799065147734e-07 1.464429109131552219e-08 3.263411888151992959e-07
9.725000000000000000e+03 4.006196749194650957e-07 1.564909513379248092e-08 3.849705797856725784e-07
9.730000000000000000e+03 3.161085163064995136e-07 1.623557689978916462e-08 2.998729394067104052e-07
9.735000000000000000e+03 7.894882861070688956e-08 1.629634620740951367e-08 6.265248240329737258e-08
9.740000000000000000e+03 6.869126383177109827e-08 1.650987727743103794e-08 5.218138655434006365e-08
9.745000000000000000e+03 1.051589727021233049e-07 1.653916856123722218e-08 8.861980414088610256e-08
9.750000000000000000e+03 4.957997121854091529e-07 1.655097518315549830e-08 4.792487370022537208e-07
9.755000000000000000e+03 7.504102661695282640e-07 1.661805721469761513e-08 7.337922089548306720e-07
9.760000000000000000e+03 4.128241048699144551e-07 1.754680240747733035e-08 3.952773024624370917e-07
9.765000000000000000e+03 3.460793930894059235e-07 1.864091373259901117e-08 3.274384793568069255e-07
9.770000000000000000e+03 3.675919567587285709e-07 1.952364353507658445e-08 3.480683132236519434e-07
9.775000000000000000e+03 1.231259224156707997e-07 1.963531780506792272e-08 1.034906046106029067e-07
9.780000000000000000e+03 7.844666748848256131e-08 1.987402561854339554e-08 5.857264186993917239e-08
9.785000000000000000e+03 8.737861090081541595e-08 1.993915154991361777e-08 6.743945935090179157e-08
9.790000000000000000e+03 3.584966053273638946e-07 1.998987692311643354e-08 3.385067284042474478e-07
9.795000000000000000e+03 7.654234544199508522e-07 1.990869958201948899e-08 7.455147548379314161e-07
9.800000000000000000e+03 5.300267169272003152e-07 2.065103987624231260e-08 5.093756770509580456e-07
9.805000000000000000e+03 3.077223751270161288e-07 2.182950388900641888e-08 2.858928712380097066e-07
9.810000000000000000e+03 3.817620286439558418e-07 2.293426413948957455e-08 3.588277645044661746e-07
9.815000000000000000e+03 1.828241425464874286e-07 2.324941799241630508e-08 1.595747245540711466e-07
9.820000000000000000e+03 8.438967925301602404e-08 2.342941699361553694e-08 6.096026225940048710e-08
9.825000000000000000e+03 9.742196520150060417e-08 2.359952809049278939e-08 7.382243711100783133e-08
9.830000000000000000e+03 2.415287385199250698e-07 2.364472533447846727e-08 2.178840131854465760e-07
9.835000000000000000e+03 7.085612657837493915e-07 2.354195591593873227e-08 6.850193098678107287e-07
9.840000000000000000e+03 6.604290747323426425e-07 2.397306568731910127e-08 6.364560090450235577e-07
9.845000000000000000e+03 3.136056175032371991e-07 2.520529911761860039e-08 2.884003183856185293e-07
9.850000000000000000e+03 3.595138824941757184e-07 2.643766260779443346e-08 3.330762198863813445e-07
9.855000000000000000e+03 2.464232996914864722e-07 2.708024237645124939e-08 2.193430573150352459e-07
9.860000000000000000e+03 9.342069947956312825e-08 2.717694619614397696e-08 6.624375328341915460e-08
9.865000000000000000e+03 1.171215612661337324e-07 2.746877681907611601e-08 8.965278444705760981e-08
9.870000000000000000e+03 1.667396407639640429e-07 2.749827734069568456e-08 1.392413634232683616e-07
9.875000000000000000e+03 5.948422377211264890e-07 2.745886721140300099e-08 5.673833705097234483e-07
9.880000000000000000e+03 7.645939285853592185e-07 2.755858494212832895e-08 7.370353436432308730e-07
9.885000000000000000e+03 3.774613205393811215e-07 2.873658078808227279e-08 3.487247397512988487e-07
9.890000000000000000e+03 3.171793450117693027e-07 3.004530843592266175e-08 2.871340365758466476e-07
9.895000000000000000e+03 2.972937839202861519e-07 3.103364336081822849e-08 2.662601405594679433e-07
9.900000000000000000e+03 1.136962004212407463e-07 3.113751001903903081e-08 8.255869040220172868e-08
9.905000000000000000e+03 1.318211373102481511e-07 3.147865469646569641e-08 1.003424826137824812e-07
9.910000000000000000e+03 1.391824909640900013e-07 3.155059296366130889e-08 1.076318980004286991e-07
9.915000000000000000e+03 4.556096231326670618e-07 3.157417350568716723e-08 4.240354496269798615e-07
9.920000000000000000e+03 8.094850515289641596e-07 3.144859263113937139e-08 7.780364588978246558e-07
9.925000000000000000e+03 4.922377715733975045e-07 3.239748417006600224e-08 4.598402874033314162e-07
9.930000000000000000e+03 2.819434952139135861e-07 3.377795125536252750e-08 2.481655439585510387e-07
9.935000000000000000e+03 3.211020016897152014e-07 3.502289157203627980e-08 2.860791101176789547e-07
9.940000000000000000e+03 1.486189705600775996e-07 3.530961437684643317e-08 1.133093561832311796e-07
9.945000000000000000e+03 1.357356460974593511e-07 3.558230167077635000e-08 1.001533444266830011e-07
9.950000000000000000e+03 1.481149559842475950e-07 3.578410498654326869e-08 1.123308509977042932e-07
9.955000000000000000e+03 3.269384236136328978e-07 3.581912681804655844e-08 2.911192967955863526e-07
9.960000000000000000e+03 7.800468567011706748e-07 3.563676116882768544e-08 7.444100955323429562e-07
9.965000000000000000e+03 6.310538891495650561e-07 3.619917092240543954e-08 5.948547182271595967e-07
9.970000000000000000e+03 2.821772439078695609e-07 3.763038441168876044e-08 2.445468594961808269e-07
9.975000000000000000e+03 3.133231889952865031e-07 3.900956213078820928e-08 2.743136268644982343e-07
9.980000000000000000e+03 1.933938242423453522e-07 3.963641956543214183e-08 1.537574046769132633e-07
9.985000000000000000e+03 1.325060191821323842e-07 3.977946413110125559e-08 9.272655505103112203e-08
9.990000000000000000e+03 1.736762771054250543e-07 4.014213171599116845e-08 1.335341453894338859e-07
9.995000000000000000e+03 2.371525954593272195e-07 4.016664156369418581e-08 1.969859538956329741e-07
1.000000000000000000e+04 6.843080723837462770e-07 4.005378835442379209e-08 6.442542840293224717e-07
1.000500000000000000e+04 7.556152680435199436e-07 4.019131909311513738e-08 7.154239489504047532e-07
1.001000000000000000e+04 3.362170206647175943e-07 4.156621576298937421e-08 2.946508049017282068e-07
1.001500000000000000e+04 2.833613717811087579e-07 4.300775353198537647e-08 2.403536182491233484e-07
1.002000000000000000e+04 2.360709263468317946e-07 4.401430640895358624e-08 1.920566199378782679e-07
1.002500000000000000e+04 1.312256086447809024e-07 4.410119165952138290e-08 8.712441698525954593e-08
1.003000000000000000e+04 1.959861259957711873e-07 4.454513358637410763e-08 1.514409924093970797e-07
1.003500000000000000e+04 1.982034219061632948e-07 4.461697980547924961e-08 1.535864421006840519e-07
1.004000000000000000e+04 5.500973308452324580e-07 4.459490824996447888e-08 5.055024225952679328e-07
1.004500000000000000e+04 8.292588632005788912e-07 4.442442580200865396e-08 7.848344373985703696e-07
1.005000000000000000e+04 4.439954098898688602e-07 4.554921755460171705e-08 3.984461923352671564e-07
1.005500000000000000e+04 2.529289374618584632e-07 4.704789475165327020e-08 2.058810427102052129e-07
1.006000000000000000e+04 2.628796815074714045e-07 4.834120481284511071e-08 2.145384766946262739e-07
1.006500000000000000e+04 1.401701742684793081e-07 4.856077059307479448e-08 9.160940367540450042e-08
1.007000000000000000e+04 2.028115653402467956e-07 4.893508775895992291e-08 1.538764775812868991e-07
1.007500000000000000e+04 2.038053590134450031e-07 4.915669001337562482e-08 1.546486690000693915e-07
1.008000000000000000e+04 4.147610662124028209e-07 4.917122983318180881e-08 3.655898363792209591e-07
1.008500000000000000e+04 8.298614018203310219e-07 4.889857677235951242e-08 7.809628250479715558e-07
1.009000000000000000e+04 5.850699196855848226e-07 4.958289948624356364e-08 5.354870201993413979e-07
1.009500000000000000e+04 2.487268145522512554e-07 5.113226888303752885e-08 1.975945456692136339e-07
1.010000000000000000e+04 2.655203420189076625e-07 5.256735589044995773e-08 2.129529861284577246e-07
1.010500000000000000e+04 1.614073502271184743e-07 5.311043969891944402e-08 1.082969105281990369e-07
1.011000000000000000e+04 1.929222885991859166e-07 5.330933836131826825e-08 1.396129502378676550e-07
1.011500000000000000e+04 2.343537666153816720e-07 5.372920448974258146e-08 1.806245621256390906e-07
1.012000000000000000e+04 3.119975629608449907e-07 5.374392634161046974e-08 2.582536366192344813e-07
1.012500000000000000e+04 7.577108570029394809e-07 5.354025924563266081e-08 7.041705977573067803e-07
1.013000000000000000e+04 7.242874046706022731e-07 5.371866990852910409e-08 6.705687347620731756e-07
1.013500000000000000e+04 2.919702712018032871e-07 5.522282505862952093e-08 2.367474461431737927e-07
1.014000000000000000e+04 2.469288932992168332e-07 5.670653903554663242e-08 1.902223542636701941e-07
1.014500000000000000e+04 1.890036111913272012e-07 5.764340529516963636e-08 1.313602058961575318e-07
1.015000000000000000e+04 1.742630659577954763e-07 5.770937345451805213e-08 1.165536925032774043e-07
1.015500000000000000e+04 2.660462113096226731e-07 5.824780669492437620e-08 2.077984046146982969e-07
1.016000000000000000e+04 2.608822500191364860e-07 5.831325460831057033e-08 2.025689954108259355e-07
1.016500000000000000e+04 6.352861654273838984e-07 5.822927363534260790e-08 5.770568917920411913e-07
1.017000000000000000e+04 8.233849087530725564e-07 5.801745969202781054e-08 7.653674490610450172e-07
1.017500000000000000e+04 3.888561412450059542e-07 5.927344648428187677e-08 3.295826947607240443e-07
1.018000000000000000e+04 2.224620969008491339e-07 6.079842679093056339e-08 1.616636701099185970e-07
1.018500000000000000e+04 2.118421014949411979e-07 6.204457229301611246e-08 1.497975292019251251e-07
1.019000000000000000e+04 1.582811060456439854e-07 6.216718114778407322e-08 9.611392489785995187e-08
1.019500000000000000e+04 2.802967117231933644e-07 6.264444177970591134e-08 2.176522699434874399e-07
1.020000000000000000e+04 2.610038095964106892e-07 6.287288579834827574e-08 1.981309237980624532e-07
1.020500000000000000e+04 4.990459588797626847e-07 6.285735025139981950e-08 4.361886086283627858e-07
1.021000000000000000e+04 8.543839780295996017e-07 6.249050977424505610e-08 7.918934682553545059e-07
1.021500000000000000e+04 5.259940521510145875e-07 6.327773349550192946e-08 4.627163186555127506e-07
1.022000000000000000e+04 2.153375873990976814e-07 6.485534080460375328e-08 1.504822465944939678e-07
1.022500000000000000e+04 2.198227164478262642e-07 6.625107925921772859e-08 1.535716371886084827e-07
1.023000000000000000e+04 1.533081340270790826e-07 6.665107961888761509e-08 8.665705440819149398e-08
1.023500000000000000e+04 2.698255912073527347e-07 6.691280193019086126e-08 2.029127892771618734e-07
1.024000000000000000e+04 2.949914923103270198e-07 6.737169478041227510e-08 2.276197975299147976e-07
1.024500000000000000e+04 3.864718549357884421e-07 6.737265007697178125e-08 3.190992048588166741e-07
1.025000000000000000e+04 8.097135818900290634e-07 6.706674193463039584e-08 7.426468399553988132e-07
1.025500000000000000e+04 6.730959519348012192e-07 6.728610452787783260e-08 6.058098474069234396e-07
1.026000000000000000e+04 2.477022860105972378e-07 6.884097816462253455e-08 1.788613078459747165e-07
1.026500000000000000e+04 2.104542484604439199e-07 7.027308129597847065e-08 1.401811671644654492e-07
1.027000000000000000e+04 1.602006047976012815e-07 7.105820216583279031e-08 8.914240263176850443e-08
1.027500000000000000e+04 2.394354917714597485e-07 7.110391793104735536e-08 1.683315738404123402e-07
1.028000000000000000e+04 3.368091896422747819e-07 7.172075503734213118e-08 2.650884346049326507e-07
1.028500000000000000e+04 3.233788404600815645e-07 7.177481548254552118e-08 2.516040249775360963e-07
1.029000000000000000e+04 7.050923367744407144e-07 7.161599743556227464e-08 6.334763393388784927e-07
1.029500000000000000e+04 7.924440573747490482e-07 7.136971343159645425e-08 7.210743439431525145e-07
1.030000000000000000e+04 3.307796978715809289e-07 7.270082156164296632e-08 2.580788763099379758e-07
1.030500000000000000e+04 1.924342140893778809e-07 7.415798667159796829e-08 1.182762274177799523e-07
1.031000000000000000e+04 1.723315902893394991e-07 7.526431146923028067e-08 9.706727882010920517e-08
1.031500000000000000e+04 2.017412653735907253e-07 7.527065191952929688e-08 1.264706134540614019e-07
1.032000000000000000e+04 3.621954565972078138e-07 7.584410651375917996e-08 2.863513500834485677e-07
1.032500000000000000e+04 3.161713325953570843e-07 7.606685126143452644e-08 2.401044813339225050e-07
1.033000000000000000e+04 5.739740394933355839e-07 7.601294864564778404e-08 4.979610908476878396e-07
1.033500000000000000e+04 8.518926487761293651e-07 7.555477517119209023e-08 7.763378736049373146e-07
1.034000000000000000e+04 4.582493998380506998e-07 7.641706163321281872e-08 3.818323382048379075e-07
1.034500000000000000e+04 1.840152578867123673e-07 7.792982194073501036e-08 1.060854359459773570e-07
1.035000000000000000e+04 1.799327119211649907e-07 7.919281717927417690e-08 1.007398947418908138e-07
1.035500000000000000e+04 1.701547761593144950e-07 7.940325812236342104e-08 9.075151803695107397e-08
1.036000000000000000e+04 3.571810356076110596e-07 7.973084534144503727e-08 2.774501902661660620e-07
1.036500000000000000e+04 3.515453521645218782e-07 8.020804286941934591e-08 2.713373092951025455e-07
1.037000000000000000e+04 4.556819052908824860e-07 8.019225355784396013e-08 3.754896517330384994e-07
1.037500000000000000e+04 8.365385119737652727e-07 7.977928172385782913e-08 7.567592302499076685e-07
1.038000000000000000e+04 6.059889846924876128e-07 8.003613668182402130e-08 5.259528480106635915e-07
1.038500000000000000e+04 2.062759469179616628e-07 8.155750106404339142e-08 1.247184458539182581e-07
1.039000000000000000e+04 1.766204920578278002e-07 8.284703326455378841e-08 9.377345879327398534e-08
1.039500000000000000e+04 1.524629548519970090e-07 8.341006739942637548e-08 6.905288745257060704e-08
1.040000000000000000e+04 3.216985362501356174e-07 8.343963210233005023e-08 2.382589041478055937e-07
1.040500000000000000e+04 4.031615973206033878e-07 8.411262524919482637e-08 3.190489720714085482e-07
1.041000000000000000e+04 3.818012056501140605e-07 8.415205253346262216e-08 2.976491531166514384e-07
1.041500000000000000e+04 7.544800728262369782e-07 8.390963616693710929e-08 6.705704366592998424e-07
1.042000000000000000e+04 7.389039621159645326e-07 8.363814135304208124e-08 6.552658207629223587e-07
1.042500000000000000e+04 2.738171463484118849e-07 8.498052835825594026e-08 1.888366179901559447e-07
1.043000000000000000e+04 1.647420312412425673e-07 8.627960929287135603e-08 7.846242194837118484e-08
1.043500000000000000e+04 1.479459894282185189e-07 8.716277226117311109e-08 6.078321716704542100e-08
1.044000000000000000e+04 2.673994211782050810e-07 8.704455198660589352e-08 1.803548691915992007e-07
1.044500000000000000e+04 4.422884804685014575e-07 8.769981628873712581e-08 3.545886641797643979e-07
1.045000000000000000e+04 3.659279382221559695e-07 8.790597697389071473e-08 2.780219612482652680e-07
1.045500000000000000e+04 6.342774967960525836e-07 8.780713928643118048e-08 5.464703575096215222e-07
1.046000000000000000e+04 8.226989066461335970e-07 8.726682565848509102e-08 7.354320809876486648e-07
1.046500000000000000e+04 3.868076007136402764e-07 8.816902801467505350e-08 2.986385726989652758e-07
1.047000000000000000e+04 1.565691795342964103e-07 8.952688247888548247e-08 6.704229705541091458e-08
1.047500000000000000e+04 1.492675679138353136e-07 9.057182587320615858e-08 5.869574204062916164e-08
1.048000000000000000e+04 2.111091305200550517e-07 9.056195323035364292e-08 1.205471772897013956e-07
1.048500000000000000e+04 4.482226919710810219e-07 9.095358354754121271e-08 3.572691084235397828e-07
1.049000000000000000e+04 4.003492694896775853e-07 9.142787377869751113e-08 3.089213957109800477e-07
1.049500000000000000e+04 5.149712933790515752e-07 9.139335098873015310e-08 4.235779423903213956e-07
1.050000000000000000e+04 8.362661612552905494e-07 9.087540081851477059e-08 7.453907604367757523e-07
1.050500000000000000e+04 5.280548588580895995e-07 9.116258118954045265e-08 4.368922776685492263e-07
1.051000000000000000e+04 1.702357113276090245e-07 9.256621158496396524e-08 7.766949974264504601e-08
1.051500000000000000e+04 1.480488149224023538e-07 9.363088284503971517e-08 5.441793207736263867e-08
1.052000000000000000e+04 1.670375229978879036e-07 9.391807289237162067e-08 7.311945010551629614e-08
1.052500000000000000e+04 4.147169477097677510e-07 9.393767380099695354e-08 3.207792739087707975e-07
1.053000000000000000e+04 4.604282969961109184e-07 9.464057878541733351e-08 3.657877182106934922e-07
1.053500000000000000e+04 4.324415206959257448e-07 9.466391354409512942e-08 3.377776071518306022e-07
1.054000000000000000e+04 7.798525599384066300e-07 9.433386996168329445e-08 6.855186899767232958e-07
1.054500000000000000e+04 6.669189298799828185e-07 9.404790557912149067e-08 5.728710243008615263e-07
1.055000000000000000e+04 2.218015701709736187e-07 9.533417238462588274e-08 1.264673977863477756e-07
1.055500000000000000e+04 1.411861210140315706e-07 9.639464788218676065e-08 4.479147313184482317e-08
1.056000000000000000e+04 1.412411954593052633e-07 9.698645008294874231e-08 4.425474537635650775e-08
1.056500000000000000e+04 3.503871826461610405e-07 9.674591713134190974e-08 2.536412655148191308e-07
1.057000000000000000e+04 5.145939168494734296e-07 9.746216894688204152e-08 4.171317479025914939e-07
1.057500000000000000e+04 4.072451080910355405e-07 9.764335377406710019e-08 3.096017543169684932e-07
1.058000000000000000e+04 6.756331087211057968e-07 9.749505293125235179e-08 5.781380557898533524e-07
1.058500000000000000e+04 7.691266004109711816e-07 9.688742853308603856e-08 6.722391718778851695e-07
1.059000000000000000e+04 3.167947052731528135e-07 9.778922018379783177e-08 2.190054850893549420e-07
1.059500000000000000e+04 1.345162122000527573e-07 9.891121881496519449e-08 3.560499338508756946e-08
1.060000000000000000e+04 1.306962130329292259e-07 9.966664660229954709e-08 3.102956643062967224e-08
1.060500000000000000e+04 2.734691175343013945e-07 9.942289954989472295e-08 1.740462179844066451e-07
1.061000000000000000e+04 5.359675718288382868e-07 9.987159870870355339e-08 4.360959731201347863e-07
1.061500000000000000e+04 4.383376293050127740e-07 1.003231789901999796e-07 3.380144503148128077e-07
1.062000000000000000e+04 5.602452504368655858e-07 1.002687571939713668e-07 4.599764932428941660e-07
1.062500000000000000e+04 8.089969026778291062e-07 9.965473750674819439e-08 7.093421651710809515e-07
1.063000000000000000e+04 4.451139113792314134e-07 9.996152212213686219e-08 3.451523892570945379e-07
1.063500000000000000e+04 1.416430846732163405e-07 1.011690011800439480e-07 4.047408349317238584e-08
1.064000000000000000e+04 1.271196076510167052e-07 1.019406141474527416e-07 2.517899350356395358e-08
1.064500000000000000e+04 2.034824343769268107e-07 1.019183198773045471e-07 1.015641144996222635e-07
1.065000000000000000e+04 5.113458959021550139e-07 1.019348019347293639e-07 4.094110939674257161e-07
1.065500000000000000e+04 5.046881986642799536e-07 1.026397556070451100e-07 4.020484430572348569e-07
1.066000000000000000e+04 4.720074377276021186e-07 1.026470946927377592e-07 3.693603430348644520e-07
1.066500000000000000e+04 7.793450145412823422e-07 1.022305144121836969e-07 6.771145001290986454e-07
1.067000000000000000e+04 5.819985820834663502e-07 1.019413421915645835e-07 4.800572398919017270e-07
1.067500000000000000e+04 1.780669719628711644e-07 1.031051546511066415e-07 7.496181731176452282e-08
1.068000000000000000e+04 1.233728636111583937e-07 1.038615665799624344e-07 1.951129703119597250e-08
1.068500000000000000e+04 1.535007960431391435e-07 1.041136732562599649e-07 4.938712278687919848e-08
1.069000000000000000e+04 4.444786656662949049e-07 1.037623402572061226e-07 3.407163254090887558e-07
1.069500000000000000e+04 5.738024846097059893e-07 1.045141269692093361e-07 4.692883576404965738e-07
1.070000000000000000e+04 4.376136866891731005e-07 1.046648289868270557e-07 3.329488577023459124e-07
1.070500000000000000e+04 6.950006042653036201e-07 1.044648352932903193e-07 5.905357689720132346e-07
1.071000000000000000e+04 6.953347068627292532e-07 1.038093535216112236e-07 5.915253533411180957e-07
1.071500000000000000e+04 2.530938492170967525e-07 1.046678506576310927e-07 1.484259985594656334e-07
1.072000000000000000e+04 1.190109394106674038e-07 1.054877049282275102e-07 1.352323448243991019e-08
1.072500000000000000e+04 1.263020034582947987e-07 1.059008667377508013e-07 2.040113672054400732e-08
1.073000000000000000e+04 3.528474738457570293e-07 1.054269783084205726e-07 2.474204955373364964e-07
1.073500000000000000e+04 6.137425199734075309e-07 1.059209563578157263e-07 5.078215636155917913e-07
1.074000000000000000e+04 4.632168062492597163e-07 1.063328874303187607e-07 3.568839188189409159e-07
1.074500000000000000e+04 5.882705348443818311e-07 1.062580108780180949e-07 4.820125239663639082e-07
1.075000000000000000e+04 7.568599348196048966e-07 1.055632741515000400e-07 6.512966606681048301e-07
1.075500000000000000e+04 3.632576620914968439e-07 1.058758971552532494e-07 2.573817649362435548e-07
1.076000000000000000e+04 1.219590195176240342e-07 1.068201993954125890e-07 1.513882012221142535e-08
1.076500000000000000e+04 1.157974624660280741e-07 1.072491385693225355e-07 8.548323896705556868e-09
1.077000000000000000e+04 2.596599193743433070e-07 1.069057578247425042e-07 1.527541615496008161e-07
1.077500000000000000e+04 6.041764807021039066e-07 1.069254491249204063e-07 4.972510315771834077e-07
1.078000000000000000e+04 5.330240896106554340e-07 1.076052669026843636e-07 4.254188227079710704e-07
1.078500000000000000e+04 4.978367702369093970e-07 1.075977854257954118e-07 3.902389848111139322e-07
1.079000000000000000e+04 7.529935209444972485e-07 1.071010644766077257e-07 6.458924564678895493e-07
1.079500000000000000e+04 4.905717079030316483e-07 1.068195269844265889e-07 3.837521809186049535e-07
1.080000000000000000e+04 1.452177186924901249e-07 1.078003890674990174e-07 3.741732962499109432e-08
1.080500000000000000e+04 1.126222799624975079e-07 1.082066754715298577e-07 4.415604490967642785e-09
1.081000000000000000e+04 1.845940323157945312e-07 1.080938842334923655e-07 7.650014808230216574e-08
1.081500000000000000e+04 5.425600975527094231e-07 1.076506805940807912e-07 4.349094169586286584e-07
1.082000000000000000e+04 6.156523733127467086e-07 1.084100611124126530e-07 5.072423122003340424e-07
1.082500000000000000e+04 4.551804284249837408e-07 1.085276167399281200e-07 3.466528116850557135e-07
1.083000000000000000e+04 6.908786102630880530e-07 1.082762806396425346e-07 5.826023296234454920e-07
1.083500000000000000e+04 6.069963092475387354e-07 1.075957272641531754e-07 4.994005819833855864e-07
1.084000000000000000e+04 1.999775202308073708e-07 1.083684593179188137e-07 9.160906091288851735e-08
1.084500000000000000e+04 1.108025861579156181e-07 1.088391675257570260e-07 1.963418632158589150e-09
1.085000000000000000e+04 1.371907547990061346e-07 1.088796984377453260e-07 2.831105636126080520e-08
1.085500000000000000e+04 4.434862124746561735e-07 1.081954552877123626e-07 3.352907571869437447e-07
1.086000000000000000e+04 6.756820625348244263e-07 1.087189543502578257e-07 5.669631081845665079e-07
1.086500000000000000e+04 4.735789603367026595e-07 1.090781850940415568e-07 3.645007752426611954e-07
1.087000000000000000e+04 5.969301147200967243e-07 1.089828028860629552e-07 4.879473118340337559e-07
1.087500000000000000e+04 6.838654264594404906e-07 1.082283654411140019e-07 5.756370610183264224e-07
1.088000000000000000e+04 2.883740248645380673e-07 1.085307847969786385e-07 1.798432400675593759e-07
1.088500000000000000e+04 1.119787891322559910e-07 1.091612054827762185e-07 2.817583649479741889e-09
1.089000000000000000e+04 1.154711952309816179e-07 1.092198302183641806e-07 6.251365012617428168e-09
1.089500000000000000e+04 3.318621457643482981e-07 1.085660064286766408e-07 2.232961393356716573e-07
1.090000000000000000e+04 6.861013608583223540e-07 1.085937763699797372e-07 5.775075844883427227e-07
1.090500000000000000e+04 5.436905339264744149e-07 1.092239957030328804e-07 4.344665382234415610e-07
1.091000000000000000e+04 5.080841646908539400e-07 1.092034534610216539e-07 3.988807112298323522e-07
1.091500000000000000e+04 7.027629210264267222e-07 1.086382489299603012e-07 5.941246720964664476e-07
1.092000000000000000e+04 3.994808223351996752e-07 1.083738321787629560e-07 2.911069901564366133e-07
1.092500000000000000e+04 1.249652354729805109e-07 1.091216373101126547e-07 1.584359816286787596e-08
1.093000000000000000e+04 1.098842711232307308e-07 1.091542917849094691e-07 7.299793383212569569e-10
1.093500000000000000e+04 2.329382337658336054e-07 1.086760603009398269e-07 1.242621734648937917e-07
1.094000000000000000e+04 6.371731952440172517e-07 1.081651256783765573e-07 5.290080695656406415e-07
1.094500000000000000e+04 6.372165417446687875e-07 1.089039443425184474e-07 5.283125974021503269e-07
1.095000000000000000e+04 4.588494284063140275e-07 1.089881702548244268e-07 3.498612581514895610e-07
1.095500000000000000e+04 6.634551019913010314e-07 1.086886718417347023e-07 5.547664301495661703e-07
1.096000000000000000e+04 5.108583063679403184e-07 1.080076090211637480e-07 4.028506973467766895e-07
1.096500000000000000e+04 1.607988243871736048e-07 1.086556963701063870e-07 5.214312801706719795e-08
1.097000000000000000e+04 1.102165023611169397e-07 1.087529477415961661e-07 1.463554619520785611e-09
1.097500000000000000e+04 1.633621794528652039e-07 1.084149242797021349e-07 5.494725517316304906e-08
1.098000000000000000e+04 5.386850312478837048e-07 1.075538453815087134e-07 4.311311858663750311e-07
1.098500000000000000e+04 7.171583093904064366e-07 1.080884400352271634e-07 6.090698693551793262e-07
1.099000000000000000e+04 4.689549867785825819e-07 1.083862706988864367e-07 3.605687160796961717e-07
1.099500000000000000e+04 5.854111355280336559e-07 1.082708380048695247e-07 4.771402975231641973e-07
1.100000000000000000e+04 5.956083882360241426e-07 1.074822360259420433e-07 4.881261522100820993e-07
1.100500000000000000e+04 2.256973709666762499e-07 1.077572234231767125e-07 1.179401475434995639e-07
1.101000000000000000e+04 1.118196175990693642e-07 1.080433353645316214e-07 3.776282234537754352e-09
1.101500000000000000e+04 1.268215800782599225e-07 1.077278590591311467e-07 1.909372101912879239e-08
1.102000000000000000e+04 4.150649364603110794e-07 1.067950489906181871e-07 3.082698874696928526e-07
1.102500000000000000e+04 7.508558464672321692e-07 1.068337908529896616e-07 6.440220556142425208e-07
1.103000000000000000e+04 5.361916328599892457e-07 1.073942348668449061e-07 4.287973979931442337e-07
1.103500000000000000e+04 5.018669918478522635e-07 1.073625253576066206e-07 3.945044664902458811e-07
1.104000000000000000e+04 6.324265547602743792e-07 1.067454340516526448e-07 5.256811207086218535e-07
1.104500000000000000e+04 3.154488843100286276e-07 1.065054509841669107e-07 2.089434333258617302e-07
1.105000000000000000e+04 1.180416978526097379e-07 1.069845585423224658e-07 1.105713931028727379e-08
1.105500000000000000e+04 1.156666601901762445e-07 1.066442246816339524e-07 9.022435508542285430e-09
1.106000000000000000e+04 2.955744297809641835e-07 1.058244263087701829e-07 1.897500034721940271e-07
1.106500000000000000e+04 7.210892926476895463e-07 1.052728086310769979e-07 6.158164840166126146e-07
1.107000000000000000e+04 6.370819917822834266e-07 1.059647927685127774e-07 5.311171990137706491e-07
1.107500000000000000e+04 4.483451751738034135e-07 1.060174628629444718e-07 3.423277123108589020e-07
1.108000000000000000e+04 6.146358653510905894e-07 1.056760641171747858e-07 5.089598012339157639e-07
1.108500000000000000e+04 4.142171092924239448e-07 1.050190516158467081e-07 3.091980576765772367e-07
1.109000000000000000e+04 1.377653085557645701e-07 1.055103757874149769e-07 3.225493276834958663e-08
1.109500000000000000e+04 1.171563439112773197e-07 1.052343995411132797e-07 1.192194437016403500e-08
1.110000000000000000e+04 2.036597507573101931e-07 1.045367462591836083e-07 9.912300449812661132e-08
1.110500000000000000e+04 6.313111570835413984e-07 1.035429169674029754e-07 5.277682401161384230e-07
1.111000000000000000e+04 7.351092369004471666e-07 1.040690188450758804e-07 6.310402180553711407e-07
1.111500000000000000e+04 4.498091566560968827e-07 1.043011653755914603e-07 3.455079912805053827e-07
1.112000000000000000e+04 5.543090900290321332e-07 1.041668255501065496e-07 4.501422644789257028e-07
1.112500000000000000e+04 4.988461846802249735e-07 1.033725216286780358e-07 3.954736630515469642e-07
1.113000000000000000e+04 1.794200169804607333e-07 1.036030562603856929e-07 7.581696072007505367e-08
1.113500000000000000e+04 1.209563023883198707e-07 1.035373011927845029e-07 1.741900119553536781e-08
1.114000000000000000e+04 1.497295651934378555e-07 1.028680882518619580e-07 4.686147694157591741e-08
1.114500000000000000e+04 5.032931890170569966e-07 1.017057052273298519e-07 4.015874837897271580e-07
1.115000000000000000e+04 7.934904615872169444e-07 1.017561368387277546e-07 6.917343247484892163e-07
1.115500000000000000e+04 5.112685743402419252e-07 1.022319706783046812e-07 4.090366036619372176e-07
1.116000000000000000e+04 4.793592786728863619e-07 1.021908527461936591e-07 3.771684259266926234e-07
1.116500000000000000e+04 5.473036152363882822e-07 1.015427269284924732e-07 4.457608883078957164e-07
1.117000000000000000e+04 2.445621163689063673e-07 1.013317105111678440e-07 1.432304058577385234e-07
1.117500000000000000e+04 1.241927420104489682e-07 1.015241615147664907e-07 2.266858049568250397e-08
1.118000000000000000e+04 1.299798962262419409e-07 1.008356229115485706e-07 2.914427331469337023e-08
1.118500000000000000e+04 3.683557709940119630e-07 9.972056461549570038e-08 2.686352063785162891e-07
1.119000000000000000e+04 7.878677055162637885e-07 9.915597760890713123e-08 6.887117279073564588e-07
1.119500000000000000e+04 6.154118017130710848e-07 9.977852044968767626e-08 5.156332812633834218e-07
1.120000000000000000e+04 4.242354091176366386e-07 9.980280797295639734e-08 3.244326011446802809e-07
1.120500000000000000e+04 5.479431165914515508e-07 9.942897979415631970e-08 4.485141367972952841e-07
1.121000000000000000e+04 3.243529256810338509e-07 9.881869499000299790e-08 2.255342306910307868e-07
1.121500000000000000e+04 1.318101553465770500e-07 9.913085419723329186e-08 3.267930114934374489e-08
1.122000000000000000e+04 1.311231507926197265e-07 9.850658379242295238e-08 3.261656700019675429e-08
1.122500000000000000e+04 2.558090148178117754e-07 9.749174776294784679e-08 1.583172670548639551e-07
1.123000000000000000e+04 7.143502970973400796e-07 9.641611645800355755e-08 6.179341806393366015e-07
1.123500000000000000e+04 7.282415580091182586e-07 9.691448424287621450e-08 6.313270737662421500e-07
1.124000000000000000e+04 4.174806324532248504e-07 9.708083688094795612e-08 3.203997955722768281e-07
1.124500000000000000e+04 5.056343739577650778e-07 9.692977571327457268e-08 4.087045982444906110e-07
1.125000000000000000e+04 4.009823020179980412e-07 9.615920821476554238e-08 3.048230938032325517e-07
1.125500000000000000e+04 1.523950458266909086e-07 9.633002872926789062e-08 5.606501709742305108e-08
1.126000000000000000e+04 1.382966695669028474e-07 9.592875913387913998e-08 4.236791043302369422e-08
1.126500000000000000e+04 1.832369323674343492e-07 9.494903548221983394e-08 8.828789688521454169e-08
1.127000000000000000e+04 5.900707670716400536e-07 9.362037258931725707e-08 4.964503944823227700e-07
1.127500000000000000e+04 8.107376086421871057e-07 9.368110827866771016e-08 7.170565003635192764e-07
1.128000000000000000e+04 4.708036958002983978e-07 9.406345688707915595e-08 3.767402389132192418e-07
1.128500000000000000e+04 4.418231166716732472e-07 9.401454035394605519e-08 3.478085763177272052e-07
1.129000000000000000e+04 4.538716772076698956e-07 9.335934996469147937e-08 3.605123272429784559e-07
1.129500000000000000e+04 1.918106972754897722e-07 9.317873039941063401e-08 9.863196687607911168e-08
1.130000000000000000e+04 1.422443118441691053e-07 9.308632154323112443e-08 4.915799030093795440e-08
1.130500000000000000e+04 1.523045300088775161e-07 9.209689314579789165e-08 6.020763686307967738e-08
1.131000000000000000e+04 4.462380421449416794e-07 9.075174944701467008e-08 3.554862926979271019e-07
1.131500000000000000e+04 8.323527612321291893e-07 9.020052458427485203e-08 7.421522366478543373e-07
1.132000000000000000e+04 5.738899369182072649e-07 9.073610884317642678e-08 4.831538280750308116e-07
1.132500000000000000e+04 3.879120437154247631e-07 9.073611418168782863e-08 2.971759295337369213e-07
1.133000000000000000e+04 4.682871488259100075e-07 9.034238634070191667e-08 3.779447624852080776e-07
1.133500000000000000e+04 2.479687419656377847e-07 8.979782205059076064e-08 1.581709199150470109e-07
1.134000000000000000e+04 1.425667442340123928e-07 8.992063262344143862e-08 5.264611161057094097e-08
1.134500000000000000e+04 1.512481346203644045e-07 8.899611553012162358e-08 6.225201909024275449e-08
1.135000000000000000e+04 3.165470568167625575e-07 8.772709000261386185e-08 2.288199668141487353e-07
1.135500000000000000e+04 7.814540386508877342e-07 8.662357031416389533e-08 6.948304683367237462e-07
1.136000000000000000e+04 6.970961201640328760e-07 8.707677702032420271e-08 6.100193431437087262e-07
1.136500000000000000e+04 3.740797876784854016e-07 8.718092697601829182e-08 2.868988607024671363e-07
1.137000000000000000e+04 4.427146010422855649e-07 8.701668981048195461e-08 3.556979112318036764e-07
1.137500000000000000e+04 3.094977547233573663e-07 8.629805361477686046e-08 2.231997011085805058e-07
1.138000000000000000e+04 1.459515479666023483e-07 8.639746406862229978e-08 5.955408389798006172e-08
1.138500000000000000e+04 1.622866614141602970e-07 8.570019222942608820e-08 7.658646918473422202e-08
1.139000000000000000e+04 2.255680131120311380e-07 8.447316251386521330e-08 1.410948505981659247e-07
1.139500000000000000e+04 6.689201171808254253e-07 8.305058838124796258e-08 5.858695287995773701e-07
1.140000000000000000e+04 8.012450714032526582e-07 8.311845195419346609e-08 7.181266194490591259e-07
1.140500000000000000e+04 4.176534128374376257e-07 8.340455926395820369e-08 3.342488535734794618e-07
1.141000000000000000e+04 3.915695833307474941e-07 8.334943453360357245e-08 3.082201487971439216e-07
1.141500000000000000e+04 3.592833391311918650e-07 8.271268617856843535e-08 2.765706529526235222e-07
1.142000000000000000e+04 1.607232691426948221e-07 8.256093028527068256e-08 7.816233885742413958e-08
1.142500000000000000e+04 1.702330039501707997e-07 8.220591105538746768e-08 8.802709289478331883e-08
1.143000000000000000e+04 1.815877142585556881e-07 8.098225697850695852e-08 1.006054572800487429e-07
1.143500000000000000e+04 5.236520768123972081e-07 7.948627839641653175e-08 4.441657984159805176e-07
1.144000000000000000e+04 8.510696789161625951e-07 7.897163329798194855e-08 7.720980456181805142e-07
1.144500000000000000e+04 5.155581290751779143e-07 7.940883869915161023e-08 4.361492903760261585e-07
1.145000000000000000e+04 3.415286847522618775e-07 7.938924992668470987e-08 2.621394348255772338e-07
1.145500000000000000e+04 3.816247170047762171e-07 7.899070692586904457e-08 3.026340100789072519e-07
1.146000000000000000e+04 1.906795170524686410e-07 7.852564312648562994e-08 1.121538739259830640e-07
1.146500000000000000e+04 1.684434235341068893e-07 7.846290472805737771e-08 8.998051880604949838e-08
1.147000000000000000e+04 1.763374610637386774e-07 7.730608550928924818e-08 9.903137555444941603e-08
1.147500000000000000e+04 3.818380267794929448e-07 7.586205574991537449e-08 3.059759710295776365e-07
1.148000000000000000e+04 8.274384546095884958e-07 7.478363726541350900e-08 7.526548173441749074e-07
1.148500000000000000e+04 6.439738415906221763e-07 7.517732678043073682e-08 5.687965148101913733e-07
1.149000000000000000e+04 3.223474029279687688e-07 7.522604397024574647e-08 2.471213589577230091e-07
1.149500000000000000e+04 3.699943154862255276e-07 7.505379296745743931e-08 2.949405225187680883e-07
1.150000000000000000e+04 2.313762130160705693e-07 7.441171972687031686e-08 1.569644932892002524e-07
1.150500000000000000e+04 1.598331617929698792e-07 7.443330136361898431e-08 8.539986042935089491e-08
1.151000000000000000e+04 1.910345658232672674e-07 7.350027216281440704e-08 1.175342936604528603e-07
1.151500000000000000e+04 2.742172411961316175e-07 7.210496506949279477e-08 2.021122761266387831e-07
1.152000000000000000e+04 7.338703478193444802e-07 7.066462618481926485e-08 6.632057216345251492e-07
1.152500000000000000e+04 7.656592874154714038e-07 7.073510102789572007e-08 6.949241863875756705e-07
1.153000000000000000e+04 3.554259018671579809e-07 7.092818393312912183e-08 2.844977179340288591e-07
1.153500000000000000e+04 3.318459641319799829e-07 7.086869873122300334e-08 2.609772654007570457e-07
1.154000000000000000e+04 2.708249268013550687e-07 7.027548409190261922e-08 2.005494427094524230e-07
1.154500000000000000e+04 1.531223685832620413e-07 7.014866159769753914e-08 8.297370698556447569e-08
1.155000000000000000e+04 2.055851192228444480e-07 6.957286810048625283e-08 1.360122511223581952e-07
1.155500000000000000e+04 2.162746900061091555e-07 6.819658266264811959e-08 1.480781073434610623e-07
1.156000000000000000e+04 5.949295452997972910e-07 6.663744057378914239e-08 5.282921047260079633e-07
1.156500000000000000e+04 8.424879849304364846e-07 6.617807896161903871e-08 7.763099059688174591e-07
1.157000000000000000e+04 4.445619799033288586e-07 6.651215222221449038e-08 3.780498276811143682e-07
1.157500000000000000e+04 2.878946132269340204e-07 6.647804377488337423e-08 2.214165694520506065e-07
1.158000000000000000e+04 2.945283282170630460e-07 6.609142103098561454e-08 2.284369071860774447e-07
1.158500000000000000e+04 1.565918597343074153e-07 6.571338190563450470e-08 9.087847782867289740e-08
1.159000000000000000e+04 2.067871790014530568e-07 6.548364574501807448e-08 1.413035332564349690e-07
1.159500000000000000e+04 2.049284969111554256e-07 6.417774159908632049e-08 1.407507553120690654e-07
1.160000000000000000e+04 4.471610113865318420e-07 6.264870123120338161e-08 3.845123101553285398e-07
1.160500000000000000e+04 8.486933008888399172e-07 6.164384568115724064e-08 7.870494552076827163e-07
1.161000000000000000e+04 5.727330211106059535e-07 6.196779566080116029e-08 5.107652254498047800e-07
1.161500000000000000e+04 2.654855951779560494e-07 6.197042844001901386e-08 2.035151667379370620e-07
1.162000000000000000e+04 2.927424683375090315e-07 6.179693090268062127e-08 2.309455374348284102e-07
1.162500000000000000e+04 1.725691828060299220e-07 6.125034383601869596e-08 1.113188389700112260e-07
1.163000000000000000e+04 1.922599709894924535e-07 6.119452960434306414e-08 1.310654413851494026e-07
1.163500000000000000e+04 2.224447081152968052e-07 6.010268613470871005e-08 1.623420219805881348e-07
1.164000000000000000e+04 3.261005383469631525e-07 5.862873416323735370e-08 2.674718041837257657e-07
1.164500000000000000e+04 7.799320312484441655e-07 5.724520319067965245e-08 7.226868280577646322e-07
1.165000000000000000e+04 7.065555538972617467e-07 5.731302727677365731e-08 6.492425266204881225e-07
1.165500000000000000e+04 2.882215586422851883e-07 5.742184812197448558e-08 2.307997105203106961e-07
1.166000000000000000e+04 2.666511603275769639e-07 5.736035700130095337e-08 2.092908033262760238e-07
1.166500000000000000e+04 1.953604271536733602e-07 5.683318514670269799e-08 1.385272420069706689e-07
1.167000000000000000e+04 1.690168064820164021e-07 5.672599056138251874e-08 1.122908159206339165e-07
1.167500000000000000e+04 2.453275944628277966e-07 5.598838421166096182e-08 1.893392102511668348e-07
1.168000000000000000e+04 2.543783450614091051e-07 5.455059182408662807e-08 1.998277532373223910e-07
1.168500000000000000e+04 6.547473874964269595e-07 5.301828128970134728e-08 6.017291062067254997e-07
1.169000000000000000e+04 8.071327421277537930e-07 5.262744048213580563e-08 7.545053016456179344e-07
1.169500000000000000e+04 3.658290138052251022e-07 5.286054557510330623e-08 3.129684682301217827e-07
1.170000000000000000e+04 2.303270693808581016e-07 5.281723220454442471e-08 1.775098371763136107e-07
1.170500000000000000e+04 2.136992510261655862e-07 5.245957937003742330e-08 1.612396716561281629e-07
1.171000000000000000e+04 1.480061114422791146e-07 5.216945257763209408e-08 9.583665886464705363e-08
1.171500000000000000e+04 2.541191898854956791e-07 5.180564040088103867e-08 2.023135494846146536e-07
1.172000000000000000e+04 2.353580529360933652e-07 5.044346966474569096e-08 1.849145832713476478e-07
1.172500000000000000e+04 5.078486434452827708e-07 4.892413119263575396e-08 4.589245122526469970e-07
1.173000000000000000e+04 8.434683723332563174e-07 4.803364390158386144e-08 7.954347284316721515e-07
1.173500000000000000e+04 4.884771491613705480e-07 4.828260261324525141e-08 4.401945465481252900e-07
1.174000000000000000e+04 2.069688498853916153e-07 4.825045098898468735e-08 1.587183988964069147e-07
1.174500000000000000e+04 2.166868950266144928e-07 4.808375575243686386e-08 1.686031392741776224e-07
1.175000000000000000e+04 1.375437522289032997e-07 4.764416769306794376e-08 8.989958453583534934e-08
1.175500000000000000e+04 2.401040396853151138e-07 4.751934002931384432e-08 1.925846996560012298e-07
1.176000000000000000e+04 2.543522824371729384e-07 4.635700161482787089e-08 2.079952808223450741e-07
1.176500000000000000e+04 3.777627680747740020e-07 4.489878679482760201e-08 3.328639812799463140e-07
1.177000000000000000e+04 8.034994271315582468e-07 4.364000603094200200e-08 7.598594211006161786e-07
1.177500000000000000e+04 6.282238538143961298e-07 4.369988260716180239e-08 5.845239712072344465e-07
1.178000000000000000e+04 2.203545174882443873e-07 4.373806311758627298e-08 1.766164543706581540e-07
1.178500000000000000e+04 2.004879389031076154e-07 4.367753411449038566e-08 1.568104047886172363e-07
1.179000000000000000e+04 1.388055746962001183e-07 4.323417198384751559e-08 9.557140271235256960e-08
1.179500000000000000e+04 2.066354669283658384e-07 4.314127083359987393e-08 1.634941960947659578e-07
1.180000000000000000e+04 2.863141655431980419e-07 4.231408430356151843e-08 2.440000812396365169e-07
1.180500000000000000e+04 2.935871841606405126e-07 4.090946304174550059e-08 2.526777211188949988e-07
1.181000000000000000e+04 6.985539899845896514e-07 3.949014229555493879e-08 6.590638476890346265e-07
1.181500000000000000e+04 7.475370038901673753e-07 3.917510398309780674e-08 7.083618999070694031e-07
1.182000000000000000e+04 2.847041666069350257e-07 3.931617564811028939e-08 2.453879909588247959e-07
1.182500000000000000e+04 1.724662982206172482e-07 3.926907261356709126e-08 1.331972256070501636e-07
1.183000000000000000e+04 1.454623834996665840e-07 3.895614446367305609e-08 1.065062390359935345e-07
1.183500000000000000e+04 1.652618486087920059e-07 3.874853225828686979e-08 1.265133163505051428e-07
1.184000000000000000e+04 3.064206882720998262e-07 3.829628721128510582e-08 2.681244010608147138e-07
1.184500000000000000e+04 2.658424594415105006e-07 3.697397141127243843e-08 2.288684880302380489e-07
1.185000000000000000e+04 5.594496585688516841e-07 3.555744256082639792e-08 5.238922160080252200e-07
1.185500000000000000e+04 8.120149158942762280e-07 3.481201107065291189e-08 7.772029048236232831e-07
1.186000000000000000e+04 3.971601319882564638e-07 3.498629620536288806e-08 3.621738357828936088e-07
1.186500000000000000e+04 1.503437496477372937e-07 3.493190962540539240e-08 1.154118400223318946e-07
1.187000000000000000e+04 1.476023938965653396e-07 3.478067102674557145e-08 1.128217228698197615e-07
1.187500000000000000e+04 1.289479093913298950e-07 3.445115642064336303e-08 9.449675297068652540e-08
1.188000000000000000e+04 2.991606774797368636e-07 3.427409220382304284e-08 2.648865852759138207e-07
1.188500000000000000e+04 2.846527223743283426e-07 3.313475045208424627e-08 2.515179719222440368e-07
1.189000000000000000e+04 4.256265352028513256e-07 3.178527333666867750e-08 3.938412618661826746e-07
1.189500000000000000e+04 8.026463157898654536e-07 3.070808162424931478e-08 7.719382341656160792e-07
1.190000000000000000e+04 5.363296258906278820e-07 3.075550014031468074e-08 5.055741257503132476e-07
1.190500000000000000e+04 1.560724545229748196e-07 3.074060667954753830e-08 1.253318478434272879e-07
1.191000000000000000e+04 1.380665566397776887e-07 3.068453889551588705e-08 1.073820177442618148e-07
1.191500000000000000e+04 1.056736152172732718e-07 3.033616411902510991e-08 7.533745109824814868e-08
1.192000000000000000e+04 2.625954977915397487e-07 3.025361698328820650e-08 2.323418808082515091e-07
1.192500000000000000e+04 3.254497299844350475e-07 2.941727306309976802e-08 2.960324569213353126e-07
1.193000000000000000e+04 3.314068736818392483e-07 2.813792726961718483e-08 3.032689464122220602e-07
1.193500000000000000e+04 7.229412913440479070e-07 2.690813895585142165e-08 6.960331523881964357e-07
1.194000000000000000e+04 6.680414373382995228e-07 2.667027166819042760e-08 6.413711656701091746e-07
1.194500000000000000e+04 2.065694791616365367e-07 2.673452497253631489e-08 1.798349541891002251e-07
1.195000000000000000e+04 1.180615049953731153e-07 2.668892856733888472e-08 9.137257642803424712e-08
1.195500000000000000e+04 9.528328163990309090e-08 2.643346985739060821e-08 6.884981178251247607e-08
1.196000000000000000e+04 2.067356175906113707e-07 2.629773116351965943e-08 1.804378864270917212e-07
1.196500000000000000e+04 3.594459563429066250e-07 2.581254959997727532e-08 3.336334067429293398e-07
1.197000000000000000e+04 2.945686241856822826e-07 2.462306003372844908e-08 2.699455641519538534e-07
1.197500000000000000e+04 5.980851277704877271e-07 2.339467507532204188e-08 5.746904526951657282e-07
1.198000000000000000e+04 7.565716815000603671e-07 2.281322084543271790e-08 7.337584606546277716e-07
1.198500000000000000e+04 3.051400187094809414e-07 2.291904362171384408e-08 2.822209750877670510e-07
1.199000000000000000e+04 9.902626362206937803e-08 2.285542396487812097e-08 7.617083965719127692e-08
1.199500000000000000e+04 9.088391877135174661e-08 2.272794504833258582e-08 6.815597372301915749e-08
1.200000000000000000e+04 1.474179849453976113e-07 2.250295616226253385e-08 1.249150287831350841e-07
1.200500000000000000e+04 3.644914252511768583e-07 2.229844029682030643e-08 3.421929849543564625e-07
1.201000000000000000e+04 3.114204170734684574e-07 2.127416548094821129e-08 2.901462515925202395e-07
1.201500000000000000e+04 4.662633777517551496e-07 2.011904987722095211e-08 4.461443278745342769e-07
1.202000000000000000e+04 7.772919386335917980e-07 1.926557067897406714e-08 7.580263679546176944e-07
1.202500000000000000e+04 4.374782772533175582e-07 1.929768473880499028e-08 4.181805925145126208e-07
1.203000000000000000e+04 9.929136572236618749e-08 1.925003434434997312e-08 8.004133137801619783e-08
1.203500000000000000e+04 8.398037457333524919e-08 1.920214159860468623e-08 6.477823297473054311e-08
1.204000000000000000e+04 9.872873404084593852e-08 1.895205725971389870e-08 7.977667678113203982e-08
1.204500000000000000e+04 3.321882104550985509e-07 1.887863676259114710e-08 3.133095736925074336e-07
1.205000000000000000e+04 3.598995630954094633e-07 1.811592100235742126e-08 3.417836420930520321e-07
1.205500000000000000e+04 3.653274022348871087e-07 1.704549054591086057e-08 3.482819116889762184e-07
1.206000000000000000e+04 7.259317531022333784e-07 1.606709370256932486e-08 7.098646593996640171e-07
1.206500000000000000e+04 5.744589727144651972e-07 1.590242360447749731e-08 5.585565491099876205e-07
1.207000000000000000e+04 1.364740933961188768e-07 1.591044710248777889e-08 1.205636462936310980e-07
1.207500000000000000e+04 7.073941367992602411e-08 1.587121069282547838e-08 5.486820298710056889e-08
1.208000000000000000e+04 6.734589603603154372e-08 1.568138505725380925e-08 5.166451097877772785e-08
1.208500000000000000e+04 2.689876366474319918e-07 1.560322824871514527e-08 2.533844083987168432e-07
1.209000000000000000e+04 4.090389259288188819e-07 1.514654940412077082e-08 3.938923765246980846e-07
1.209500000000000000e+04 3.197930973626729238e-07 1.417355239849714814e-08 3.056195449641757443e-07
1.210000000000000000e+04 6.207681098663767334e-07 1.320524906253373737e-08 6.075628608038429166e-07
1.210500000000000000e+04 6.811981682341946144e-07 1.279421089143647011e-08 6.684039573427581129e-07
1.211000000000000000e+04 2.187147643169743940e-07 1.284365057193396384e-08 2.058711137450404302e-07
1.211500000000000000e+04 5.610622161876249192e-08 1.278335667494519615e-08 4.332286494381732058e-08
1.212000000000000000e+04 5.113853144760440146e-08 1.268649532404859148e-08 3.845203612355581329e-08
1.212500000000000000e+04 1.915409310334879196e-07 1.255254896574158053e-08 1.789883820677463540e-07
1.213000000000000000e+04 4.308110856619593149e-07 1.235207510437520590e-08 4.184590105575841190e-07
1.213500000000000000e+04 3.330122104419504105e-07 1.152703768010872166e-08 3.214851727618416144e-07
1.214000000000000000e+04 4.966647438497141787e-07 1.063903503313371015e-08 4.860257088165804851e-07
1.214500000000000000e+04 7.292237503110689442e-07 1.003416805992882973e-08 7.191895822511402286e-07
1.215000000000000000e+04 3.387172365656799794e-07 1.005067328066799356e-08 3.286665632850119925e-07
1.215500000000000000e+04 5.335936839768332505e-08 9.991901452008818299e-09 4.336746694567451006e-08
1.216000000000000000e+04 4.237701792698419360e-08 9.955618830150494300e-09 3.242139909683370757e-08
1.216500000000000000e+04 1.187730373523956990e-07 9.798730540553903361e-09 1.089743068118418040e-07
1.217000000000000000e+04 4.097578782713532148e-07 9.736847064883970126e-09 4.000210312064691901e-07
1.217500000000000000e+04 3.872702834529357482e-07 9.126762127936790905e-09 3.781435213249989556e-07
1.218000000000000000e+04 3.930030265590437606e-07 8.335144605373728849e-09 3.846678819536700599e-07
1.218500000000000000e+04 7.071559139516665416e-07 7.651287431794552086e-09 6.995046265198720656e-07
1.219000000000000000e+04 4.736318056043272728e-07 7.551574780061878904e-09 4.660802308242654849e-07
1.219500000000000000e+04 7.879836788855411498e-08 7.527997897885803087e-09 7.127036999066831189e-08
1.220000000000000000e+04 3.376988926982123858e-08 7.499128080092463553e-09 2.627076118972878660e-08
1.220500000000000000e+04 6.422428470410921788e-08 7.377331187299933099e-09 5.684695351680928561e-08
1.221000000000000000e+04 3.470431290143844566e-07 7.340709348566415117e-09 3.397024196658180217e-07
1.221500000000000000e+04 4.514313771549131992e-07 6.975281899468585378e-09 4.444560952554445634e-07
1.222000000000000000e+04 3.399444368474125337e-07 6.287699419691581171e-09 3.336567374277209931e-07
1.222500000000000000e+04 6.256599485517694135e-07 5.633285992221120790e-09 6.200266625595483126e-07
1.223000000000000000e+04 5.914693569771653535e-07 5.386881519624989875e-09 5.860824754575404596e-07
1.223500000000000000e+04 1.436727436551172112e-07 5.397446227526104378e-09 1.382752974275911300e-07
1.224000000000000000e+04 2.416884003875939537e-08 5.351647274794112452e-09 1.881719276396528375e-08
1.224500000000000000e+04 3.182829941115809571e-08 5.289760715169888135e-09 2.653853869598820427e-08
1.225000000000000000e+04 2.579719932784242857e-07 5.226913660628243535e-09 2.527450796177960000e-07
1.225500000000000000e+04 4.928889516680492953e-07 5.066503033627534281e-09 4.878224486344217709e-07
1.226000000000000000e+04 3.481516902035182938e-07 4.511105572315399366e-09 3.436405846312029432e-07
1.226500000000000000e+04 5.144899981233460389e-07 3.945433475037010091e-09 5.105445646483090685e-07
1.227000000000000000e+04 6.619758754388449321e-07 3.595610341592277204e-09 6.583802650972526223e-07
1.227500000000000000e+04 2.470131016542038972e-07 3.599488905138209812e-09 2.434136127490657060e-07
1.228000000000000000e+04 2.086233496759362725e-08 3.550920637823611226e-09 1.731141432977001519e-08
1.228500000000000000e+04 1.665056476649861766e-08 3.528832926984710077e-09 1.312173183951391048e-08
1.229000000000000000e+04 1.645826584892163350e-07 3.451976095799162745e-09 1.611306823934171842e-07
1.229500000000000000e+04 4.891431737768395587e-07 3.408030906715846869e-09 4.857351428701237673e-07
1.230000000000000000e+04 4.057532944448807901e-07 3.019861505052786465e-09 4.027334329398279635e-07
1.230500000000000000e+04 4.124310879939499851e-07 2.558851276270505272e-09 4.098722367176794902e-07
1.231000000000000000e+04 6.679061506557473514e-07 2.191236844552575402e-09 6.657149138111948025e-07
1.231500000000000000e+04 3.729151765953516696e-07 2.145455810374742907e-09 3.707697207849769519e-07
1.232000000000000000e+04 3.697278558778575256e-08 2.117207625369546289e-09 3.485557796241620420e-08
1.232500000000000000e+04 9.844913612770835256e-09 2.101444142129628982e-09 7.743469470641208756e-09
1.233000000000000000e+04 8.667384036590515818e-08 2.043689148939473122e-09 8.463015121696570532e-08
1.233500000000000000e+04 4.347845315756339605e-07 2.032724540692766190e-09 4.327518070349412713e-07
1.234000000000000000e+04 4.835027175203177456e-07 1.817633505698366318e-09 4.816850840146195524e-07
1.234500000000000000e+04 3.537221355241499526e-07 1.465255056644077054e-09 3.522568804675058762e-07
1.235000000000000000e+04 6.122408683748761961e-07 1.156858596502647534e-09 6.110840097783735955e-07
1.235500000000000000e+04 4.940562446416551437e-07 1.058328557837454576e-09 4.929979160838177662e-07
1.236000000000000000e+04 8.488900213054741176e-08 1.052009363154378212e-09 8.383699276739302590e-08
1.236500000000000000e+04 5.143696382519951075e-09 1.029573504516601640e-09 4.114122878003348401e-09
1.237000000000000000e+04 3.499286280642924842e-08 1.003687946217229070e-09 3.398917486021201563e-08
1.237500000000000000e+04 3.416965589496434752e-07 9.875987286470601952e-10 3.407089602209964257e-07
1.238000000000000000e+04 5.459357431166664998e-07 9.049254790900738465e-10 5.450308176375763668e-07
1.238500000000000000e+04 3.559908368470194628e-07 6.709513238402306937e-10 3.553198855231792051e-07
1.239000000000000000e+04 5.182699123329814561e-07 4.617274552048567612e-10 5.178081848777766228e-07
1.239500000000000000e+04 5.805728250565795714e-07 3.550337600062495692e-10 5.802177912965733638e-07
1.240000000000000000e+04 1.687419360244949183e-07 3.530218232265647812e-10 1.683889142012683349e-07
1.240500000000000000e+04 3.481704068270038827e-09 3.339644917799252226e-10 3.147739576490113346e-09
1.241000000000000000e+04 9.179063387892821441e-09 3.272847169521622666e-10 8.851778670940659743e-09
1.241500000000000000e+04 2.329962990574960969e-07 3.103701466500070075e-10 2.326859289108461332e-07
1.242000000000000000e+04 5.641473593856727169e-07 2.944390908617955860e-10 5.638529202948109961e-07
1.242500000000000000e+04 4.142227682039030071e-07 1.825015560366972570e-10 4.140402666478662580e-07
1.243000000000000000e+04 4.221142240949877395e-07 8.259128763629436145e-11 4.220316328073513780e-07
1.243500000000000000e+04 6.110621141144716979e-07 3.023585390754994047e-11 6.110318782605640330e-07
1.244000000000000000e+04 2.796267675600294865e-07 2.628938211284584593e-11 2.796004781779166525e-07
1.244500000000000000e+04 1.326871016481771378e-08 2.052479786032215373e-11 1.324818536695739374e-08
1.245000000000000000e+04 8.873009949550234122e-10 1.900591093136271676e-11 8.682950840236606437e-10
1.245500000000000000e+04 1.335578037013514436e-07 1.498750399267256432e-11 1.335428161973587704e-07
1.246000000000000000e+04 5.254238159827898536e-07 1.564468662060341925e-11 5.254081712961692791e-07
1.246500000000000000e+04 5.029848351298771872e-07 1.451931667581292757e-12 5.029833831982095853e-07
1.247000000000000000e+04 3.601849817690933193e-07 1.185227958770071027e-11 3.601731294895056308e-07
1.247500000000000000e+04 5.813808869818312196e-07 5.778038457760251017e-11 5.813231065972536358e-07
1.248000000000000000e+04 3.962243985291012508e-07 8.149252391129729113e-11 3.961429060051898822e-07
1.248500000000000000e+04 4.599409951325624271e-08 8.330361055105606833e-11 4.591079590270518443e-08
1.249000000000000000e+04 1.904522628654419545e-10 9.005089267765293073e-11 1.004013701877890625e-10
1.249500000000000000e+04 6.107325910896337069e-08 9.740256774643976794e-11 6.097585654121692608e-08
1.250000000000000000e+04 4.364149123882710677e-07 1.016945315011261629e-10 4.363132178567699521e-07
1.250500000000000000e+04 5.859483581464631687e-07 1.327754829834960562e-10 5.858155826634796919e-07
1.251000000000000000e+04 3.561459765582853817e-07 2.498839075469674228e-10 3.558960926507384241e-07
1.251500000000000000e+04 5.075485768231901722e-07 4.078748296246883739e-10 5.071407019935654405e-07
1.252000000000000000e+04 4.911587233633712435e-07 5.155394556609907343e-10 4.906431839077101097e-07
1.252500000000000000e+04 1.092285373861819145e-07 5.181682737413572739e-10 1.087103691124405538e-07
1.253000000000000000e+04 1.911792201095524983e-09 5.442974118495608712e-10 1.367494789245964112e-09
1.253500000000000000e+04 2.112801522328505538e-08 5.525103744829669359e-10 2.057550484880208720e-08
1.254000000000000000e+04 3.191487334161218815e-07 5.703277465940748742e-10 3.185784056695278451e-07
1.254500000000000000e+04 6.290031732367136306e-07 5.951904769271779391e-10 6.284079827597863688e-07
1.255000000000000000e+04 4.122840252122366243e-07 7.946792541492155615e-10 4.114893459580874308e-07
1.255500000000000000e+04 4.211925216570752353e-07 1.063186109862490495e-09 4.201293355472127320e-07
1.256000000000000000e+04 5.408931201932062135e-07 1.302766995356462518e-09 5.395903531978497835e-07
1.256500000000000000e+04 2.005020314074751893e-07 1.329218840050444668e-09 1.991728125674247632e-07
1.257000000000000000e+04 8.672957185194698437e-09 1.371072050499522930e-09 7.301885134695174680e-09
1.257500000000000000e+04 7.903801678291859608e-09 1.383175488812147283e-09 6.520626189479713566e-09
1.258000000000000000e+04 2.019144730108030707e-07 1.417003702997958664e-09 2.004974693078051350e-07
1.258500000000000000e+04 6.120190932582685405e-07 1.418310156571960805e-09 6.106007831016964794e-07
1.259000000000000000e+04 5.085992369315154537e-07 1.642745575208084081e-09 5.069564913563072790e-07
1.259500000000000000e+04 3.588215393839748089e-07 2.019659085078979609e-09 3.568018802988958604e-07
1.260000000000000000e+04 5.353043492103453683e-07 2.403830538609122567e-09 5.329005186717361837e-07
1.260500000000000000e+04 3.052879789224873569e-07 2.518049861223641872e-09 3.027699290612637336e-07
1.261000000000000000e+04 2.913722200046521902e-08 2.554100491834487673e-09 2.658312150863073425e-08
1.261500000000000000e+04 9.628978383276632595e-09 2.592348015090803333e-09 7.036630368185829675e-09
1.262000000000000000e+04 1.088512232963547273e-07 2.626370690300125810e-09 1.062248526060546206e-07
1.262500000000000000e+04 5.350204470916736506e-07 2.625003144072532199e-09 5.323954439476010262e-07
1.263000000000000000e+04 6.099891397704903633e-07 2.800795919322602469e-09 6.071883438511676830e-07
1.263500000000000000e+04 3.487062854587537596e-07 3.274563182437723612e-09 3.454317222763161133e-07
1.264000000000000000e+04 4.829510182317849084e-07 3.786387036557059470e-09 4.791646311952278870e-07
1.264500000000000000e+04 4.005396180332109469e-07 4.065531450338472554e-09 3.964740865828725421e-07
1.265000000000000000e+04 7.236715543662111412e-08 4.086635963761077809e-09 6.828051947286005037e-08
1.265500000000000000e+04 1.584093125957927572e-08 4.168669363777447117e-09 1.167226189580182943e-08
1.266000000000000000e+04 5.233592719854345692e-08 4.189419400605470575e-09 4.814650779793797724e-08
1.266500000000000000e+04 4.168310457197648571e-07 4.213865090657299112e-09 4.126171806291075026e-07
1.267000000000000000e+04 6.787981424117569036e-07 4.293503444199648218e-09 6.745046389675571073e-07
1.267500000000000000e+04 4.002698803054849851e-07 4.817734700865198162e-09 3.954521456046198035e-07
1.268000000000000000e+04 4.095338164716989508e-07 5.438349990765255079e-09 4.040954664809335972e-07
1.268500000000000000e+04 4.627522932826735731e-07 5.926151585707376924e-09 4.568261416969663161e-07
1.269000000000000000e+04 1.411947744885538227e-07 5.973734058202188803e-09 1.352210404303516356e-07
1.269500000000000000e+04 2.285303331145374024e-08 6.084121470253705816e-09 1.676891184120003773e-08
1.270000000000000000e+04 3.089428749641934281e-08 6.107547151397766065e-09 2.478674034502157840e-08
1.270500000000000000e+04 2.871602391291424071e-07 6.159044801237258030e-09 2.810011943279051201e-07
1.271000000000000000e+04 6.879975438193842045e-07 6.153742481384239786e-09 6.818438013379998621e-07
1.271500000000000000e+04 5.001183640310785940e-07 6.638322878068828049e-09 4.934800411530098701e-07
1.272000000000000000e+04 3.495969452679007347e-07 7.361536288388613716e-09 3.422354089795121209e-07
1.272500000000000000e+04 4.774499042579827831e-07 8.044549941458719816e-09 4.694053543165240368e-07
1.273000000000000000e+04 2.280593366266485191e-07 8.214592874008011869e-09 2.198447437526405105e-07
1.273500000000000000e+04 3.485887487683952137e-08 8.309836694371699849e-09 2.654903818246782483e-08
1.274000000000000000e+04 3.291886648647849274e-08 8.378333898489973065e-09 2.454053258798851140e-08
1.274500000000000000e+04 1.755092848266913299e-07 8.429086142747497843e-09 1.670801986839438354e-07
1.275000000000000000e+04 6.301356705835638976e-07 8.398470793408668880e-09 6.217371997901552783e-07
1.275500000000000000e+04 6.163802271503431541e-07 8.741733423835946381e-09 6.076384937265072458e-07
1.276000000000000000e+04 3.342146219992983496e-07 9.553328974668070429e-09 3.246612930246302113e-07
1.276500000000000000e+04 4.461703037327389981e-07 1.038218483247932047e-08 4.357881189002597190e-07
1.277000000000000000e+04 3.156728016640631003e-07 1.077961039392452827e-08 3.048931912701385605e-07
1.277500000000000000e+04 6.035004596081639072e-08 1.083527518378217858e-08 4.951477077703420718e-08
1.278000000000000000e+04 4.399649463264669576e-08 1.097812426417415653e-08 3.301837036847253758e-08
1.278500000000000000e+04 1.012914914581083177e-07 1.100736661043842372e-08 9.028412484766987912e-08
1.279000000000000000e+04 5.189510572263851666e-07 1.100982192564583835e-08 5.079412353007393796e-07
1.279500000000000000e+04 7.098303032084199589e-07 1.115759639645367003e-08 6.986727068119661715e-07
1.280000000000000000e+04 3.791869864539051783e-07 1.199682717310405628e-08 3.671901592808011518e-07
1.280500000000000000e+04 3.877742823872042300e-07 1.293060901505142761e-08 3.748436733721528421e-07
1.281000000000000000e+04 3.826845481901169322e-07 1.360594739389110341e-08 3.690786007962258702e-07
1.281500000000000000e+04 1.058590404137629634e-07 1.366862718726873593e-08 9.219041322649422413e-08
1.282000000000000000e+04 5.421396531251916892e-08 1.386235887931324246e-08 4.035160643320593142e-08
1.282500000000000000e+04 6.882459723499575502e-08 1.389346077756437400e-08 5.493113645743139591e-08
1.283000000000000000e+04 3.834137806523405887e-07 1.393984425328647814e-08 3.694739363990541320e-07
1.283500000000000000e+04 7.476463712630329718e-07 1.392446760191432388e-08 7.337219036611185354e-07
1.284000000000000000e+04 4.783480490908306867e-07 1.467232322651861908e-08 4.636757258643120329e-07
1.284500000000000000e+04 3.329718922311551100e-07 1.569906488438649246e-08 3.172728273467686374e-07
1.285000000000000000e+04 4.122353892574743454e-07 1.662087745024549584e-08 3.956145118072288430e-07
1.285500000000000000e+04 1.703343384097861791e-07 1.681231644999782722e-08 1.535220219597883717e-07
1.286000000000000000e+04 6.208104284979418730e-08 1.698820832475317291e-08 4.509283452504100777e-08
1.286500000000000000e+04 6.868978071441940208e-08 1.708250075694076698e-08 5.160727995747863179e-08
1.287000000000000000e+04 2.568083675733385896e-07 1.713745126375995653e-08 2.396709163095786463e-07
1.287500000000000000e+04 7.146667804790338707e-07 1.705812452339739052e-08 6.976086559556364968e-07
1.288000000000000000e+04 6.048000022669711497e-07 1.758085938323666732e-08 5.872191428837344062e-07
1.288500000000000000e+04 3.136226259670444049e-07 1.868833644373245634e-08 2.949342895233118857e-07
1.289000000000000000e+04 3.998736413179579233e-07 1.977624658058882427e-08 3.800973947373691189e-07
1.289500000000000000e+04 2.431404432032129029e-07 2.023293269608653902e-08 2.229075105071263242e-07
1.290000000000000000e+04 7.352289856570715654e-08 2.033994672538023388e-08 5.318295184032693589e-08
1.290500000000000000e+04 8.424960683937189506e-08 2.054247744249980159e-08 6.370712939687210670e-08
1.291000000000000000e+04 1.652054413669146493e-07 2.057485003855774289e-08 1.446305913283569197e-07
1.291500000000000000e+04 6.180602567513826971e-07 2.052845455545780921e-08 5.975318021959249177e-07
1.292000000000000000e+04 7.198683507244837408e-07 2.075520807847969668e-08 6.991131426460041103e-07
1.292500000000000000e+04 3.506171980268660843e-07 2.187708412288563244e-08 3.287401139039805114e-07
1.293000000000000000e+04 3.573050207308428459e-07 2.306485021025424071e-08 3.342401705205886085e-07
1.293500000000000000e+04 3.069766797923421839e-07 2.385474092510716100e-08 2.831219388672349998e-07
1.294000000000000000e+04 9.684289014929012642e-08 2.393018446513197885e-08 7.291270568415813434e-08
1.294500000000000000e+04 1.000411361111686333e-07 2.421463193038974442e-08 7.582650418077888889e-08
1.295000000000000000e+04 1.196660802789927012e-07 2.424894848909756373e-08 9.541713178989516067e-08
1.295500000000000000e+04 4.839189389578425588e-07 2.426667960733564144e-08 4.596522593505070034e-07
1.296000000000000000e+04 7.865359459220125769e-07 2.424114303030770018e-08 7.622948028917049164e-07
1.296500000000000000e+04 4.450337744347962400e-07 2.523621734783334010e-08 4.197975570869629859e-07
1.297000000000000000e+04 3.098919174958176673e-07 2.650394085328083535e-08 2.833879766425368154e-07
1.297500000000000000e+04 3.447437129857577475e-07 2.758800952490906845e-08 3.171557034608485963e-07
1.298000000000000000e+04 1.364513737835793387e-07 2.776959295355658377e-08 1.086817808300227549e-07
1.298500000000000000e+04 1.082144333175332772e-07 2.804193103140658052e-08 8.017250228612669003e-08
1.299000000000000000e+04 1.148205104369241604e-07 2.815511099469554084e-08 8.666539944222861623e-08
1.299500000000000000e+04 3.473713913575496367e-07 2.820015412994456903e-08 3.191712372276050114e-07
1.300000000000000000e+04 7.823362624534953477e-07 2.805791169630577382e-08 7.542783507571893787e-07
1.300500000000000000e+04 5.762753054303148510e-07 2.875964309828505722e-08 5.475156623320296184e-07
1.301000000000000000e+04 2.882239524551910178e-07 3.010073742356231090e-08 2.581232150316287400e-07
1.301500000000000000e+04 3.475327858312766324e-07 3.137220725386789191e-08 3.161605785774087273e-07
1.302000000000000000e+04 1.886459178153171723e-07 3.182811275562563969e-08 1.568178050596914465e-07
1.302500000000000000e+04 1.103775895153260063e-07 3.200209964438668665e-08 7.837548987093933953e-08
1.303000000000000000e+04 1.337709974886263904e-07 3.225755191692177060e-08 1.015134455717046529e-07
1.303500000000000000e+04 2.401740169624111917e-07 3.228688163541054175e-08 2.078871353270006169e-07
1.304000000000000000e+04 7.069098515652404487e-07 3.216850081714414017e-08 6.747413507480962622e-07
1.304500000000000000e+04 7.082976869226487761e-07 3.248083878194944968e-08 6.758168481406992404e-07
1.305000000000000000e+04 3.165827417270940714e-07 3.383241360858663202e-08 2.827503281185074129e-07
1.305500000000000000e+04 3.202041028725848865e-07 3.519840507839086968e-08 2.850056977941939638e-07
1.306000000000000000e+04 2.416821220629512230e-07 3.602311198446177648e-08 2.056590100784894465e-07
1.306500000000000000e+04 1.145168399313533208e-07 3.611250213349538415e-08 7.840433779785790361e-08
1.307000000000000000e+04 1.567173880435451872e-07 3.648701065409849333e-08 1.202303773894467204e-07
1.307500000000000000e+04 1.805005486925118345e-07 3.651988918103520680e-08 1.439806595114766145e-07
1.308000000000000000e+04 5.815363172001074958e-07 3.648649589264224585e-08 5.450498213074652963e-07
1.308500000000000000e+04 8.018436609437720251e-07 3.645333749547611181e-08 7.653903234482957413e-07
1.309000000000000000e+04 4.026993013621012695e-07 3.766100804813568938e-08 3.650382933139655669e-07
1.309500000000000000e+04 2.817471976170339501e-07 3.909140242445558654e-08 2.426557951925783635e-07
1.310000000000000000e+04 2.803514991465150249e-07 4.025002951118391291e-08 2.401014696353311120e-07
1.310500000000000000e+04 1.289571230007317876e-07 4.039602166122531505e-08 8.856110133950647916e-08
1.311000000000000000e+04 1.693739887158880284e-07 4.077326357380534253e-08 1.286007251420827190e-07
1.311500000000000000e+04 1.685615119999426408e-07 4.089698922274560278e-08 1.276645227771969719e-07
1.312000000000000000e+04 4.410544646023525935e-07 4.091754272485285425e-08 4.001369218774998584e-07
1.312500000000000000e+04 8.281542476121115503e-07 4.070403674605096633e-08 7.874502108660605840e-07
1.313000000000000000e+04 5.330711214460832163e-07 4.157107037066576483e-08 4.915000510754175375e-07
1.313500000000000000e+04 2.595712633996514956e-07 4.306730202792415644e-08 2.165039613717273524e-07
1.314000000000000000e+04 2.931893445202348740e-07 4.443419650958747740e-08 2.487551480106474032e-07
1.314500000000000000e+04 1.565707257754047852e-07 4.483293720549858883e-08 1.117377885699062030e-07
1.315000000000000000e+04 1.676826453598686075e-07 4.508641953053012856e-08 1.225962258293384723e-07
1.315500000000000000e+04 1.892258299149633931e-07 4.538342167342148972e-08 1.438424082415418967e-07
1.316000000000000000e+04 3.214243712719947757e-07 4.540325437168930812e-08 2.760211169003054742e-07
1.316500000000000000e+04 7.789946667338934870e-07 4.519502497718090600e-08 7.337996417567125943e-07
1.317000000000000000e+04 6.761410934160348029e-07 4.559397645817420653e-08 6.305471169578606029e-07
1.317500000000000000e+04 2.793869365433126263e-07 4.710514159009200688e-08 2.322817949532206327e-07
1.318000000000000000e+04 2.791171623543735473e-07 4.856176663544634698e-08 2.305553957189272003e-07
1.318500000000000000e+04 1.921547859883877412e-07 4.934079455591949448e-08 1.428139914324682268e-07
1.319000000000000000e+04 1.572506944328086482e-07 4.944805088231524096e-08 1.078026435504934403e-07
1.319500000000000000e+04 2.199969041581776626e-07 4.990417855712954702e-08 1.700927256010480627e-07
1.320000000000000000e+04 2.476851539454921198e-07 4.993136758070921203e-08 1.977537863647829210e-07
1.320500000000000000e+04 6.692690577425028122e-07 4.982707979717952162e-08 6.194419779453233568e-07
1.321000000000000000e+04 7.925539329292582561e-07 4.979052735838964927e-08 7.427634055708688980e-07
1.321500000000000000e+04 3.544317524449637522e-07 5.115958546076436987e-08 3.032721669841993558e-07
1.322000000000000000e+04 2.503046022768457598e-07 5.266357826648542474e-08 1.976410240103603218e-07
1.322500000000000000e+04 2.243263882973107328e-07 5.380409284340803612e-08 1.705222954539026768e-07
1.323000000000000000e+04 1.484052017734665995e-07 5.389582999747557752e-08 9.450937177599100878e-08
1.323500000000000000e+04 2.406855687011200706e-07 5.437811829933898535e-08 1.863074504017810985e-07
1.324000000000000000e+04 2.266930706259966221e-07 5.450373135989914413e-08 1.721893392660974581e-07
1.324500000000000000e+04 5.313810252154818963e-07 5.448579503378477581e-08 4.768952301816971404e-07
1.325000000000000000e+04 8.487929460570085583e-07 5.419865265614120435e-08 7.945942934008674797e-07
1.325500000000000000e+04 4.784874299647093118e-07 5.520438998567025504e-08 4.232830399790390369e-07
1.326000000000000000e+04 2.293834596403094022e-07 5.676622346755592199e-08 1.726172361727534802e-07
1.326500000000000000e+04 2.411696460412973242e-07 5.813356957297882651e-08 1.830360764683184911e-07
1.327000000000000000e+04 1.496253431073594854e-07 5.842654860998258376e-08 9.119879449737691491e-08
1.327500000000000000e+04 2.407415663255987635e-07 5.876720732317409449e-08 1.819743590024246491e-07
1.328000000000000000e+04 2.469927265416711167e-07 5.909123313106587572e-08 1.879014934106052806e-07
1.328500000000000000e+04 4.036275494039625308e-07 5.909530061517038719e-08 3.445322487887921039e-07
1.329000000000000000e+04 8.290453552225289098e-07 5.878570092981593038e-08 7.702596542927130191e-07
1.329500000000000000e+04 6.259534325327582853e-07 5.926589121390458962e-08 5.666875413188537221e-07
1.330000000000000000e+04 2.414441639326608681e-07 6.085399380325773985e-08 1.805901701294031150e-07
1.330500000000000000e+04 2.370925549985336979e-07 6.230738879736037555e-08 1.747851662011733489e-07
1.331000000000000000e+04 1.626268177421418288e-07 6.296542203265010640e-08 9.966139570949174889e-08
1.331500000000000000e+04 2.215415105354058289e-07 6.309598112395990543e-08 1.584455294114459102e-07
1.332000000000000000e+04 2.853142052104306307e-07 6.361852707008612677e-08 2.216956781403445171e-07
1.332500000000000000e+04 3.170686062557801722e-07 6.363661852154802368e-08 2.534319877342321618e-07
1.333000000000000000e+04 7.407854233741631707e-07 6.344572517670598141e-08 6.773396981974572158e-07
1.333500000000000000e+04 7.595188413358852429e-07 6.341073035378848099e-08 6.961081109820966693e-07
1.334000000000000000e+04 3.036316738985540509e-07 6.487657760393625827e-08 2.387550962946177529e-07
1.334500000000000000e+04 2.176149143564516466e-07 6.636003879815066148e-08 1.512548755583009719e-07
1.335000000000000000e+04 1.814216839516153738e-07 6.739135658331367817e-08 1.140303273683016691e-07
1.335500000000000000e+04 1.933047259138148557e-07 6.741792667241458871e-08 1.258867992414002405e-07
1.336000000000000000e+04 3.166593758063536479e-07 6.799696746422339087e-08 2.486624083421303232e-07
1.336500000000000000e+04 2.857097346972469463e-07 6.811652595254161899e-08 2.175932087447053273e-07
1.337000000000000000e+04 6.120094483442391612e-07 6.804762409388777970e-08 5.439618242503512888e-07
1.337500000000000000e+04 8.428351944869227977e-07 6.769016388164689734e-08 7.751450306052759533e-07
1.338000000000000000e+04 4.165805687742757133e-07 6.879642488909337964e-08 3.477841438851823601e-07
1.338500000000000000e+04 1.994494881684200589e-07 7.032916130575570214e-08 1.291203268626643833e-07
1.339000000000000000e+04 1.957682834683063622e-07 7.160149975868458253e-08 1.241667837096217929e-07
1.339500000000000000e+04 1.686227416079630867e-07 7.175114131034298576e-08 9.687160029762011416e-08
1.340000000000000000e+04 3.237592813452226982e-07 7.218056708409830862e-08 2.515787142611244028e-07
1.340500000000000000e+04 3.033915393361444327e-07 7.251561306275620588e-08 2.308759262733882268e-07
1.341000000000000000e+04 4.812599434682093345e-07 7.249817861453865790e-08 4.087617648536708354e-07
1.341500000000000000e+04 8.534313488397696984e-07 7.208264729945466900e-08 7.813487015403152147e-07
1.342000000000000000e+04 5.615987840974513349e-07 7.263205503851788275e-08 4.889667290589335977e-07
1.342500000000000000e+04 2.051129519892101532e-07 7.420739994181756409e-08 1.309055520473925891e-07
1.343000000000000000e+04 1.973799548426555106e-07 7.556345998342089255e-08 1.218164948592346180e-07
1.343500000000000000e+04 1.558630529493816067e-07 7.603575486487119748e-08 7.982729808451042244e-08
1.344000000000000000e+04 3.022841134371125387e-07 7.619514795237333176e-08 2.260889654847392069e-07
1.344500000000000000e+04 3.481041360226609588e-07 7.676381157903594566e-08 2.713403244436250396e-07
1.345000000000000000e+04 3.842470755348995000e-07 7.677045280125428767e-08 3.074766227336452785e-07
1.345500000000000000e+04 7.908994523489388676e-07 7.648234311955432939e-08 7.144171092293844721e-07
1.346000000000000000e+04 7.053741571552809527e-07 7.645369547102813614e-08 6.289204616842528298e-07
1.346500000000000000e+04 2.537494937158370923e-07 7.794254229473701691e-08 1.758069514211000886e-07
1.347000000000000000e+04 1.858989923769380392e-07 7.931234720305035813e-08 1.065866451738876811e-07
1.347500000000000000e+04 1.554984739268743017e-07 8.015140909484277097e-08 7.534706483203153073e-08
1.348000000000000000e+04 2.602249485175243583e-07 8.010948942795503868e-08 1.801154590895693063e-07
1.348500000000000000e+04 3.916003928934113150e-07 8.076928257464766952e-08 3.108311103187636852e-07
1.349000000000000000e+04 3.420210467075644435e-07 8.087634081614121056e-08 2.611447058914232859e-07
1.349500000000000000e+04 6.772014257751124749e-07 8.074631081848604445e-08 5.964551149566265628e-07
1.350000000000000000e+04 8.108768578816095200e-07 8.032697957372296210e-08 7.305498783078865447e-07
1.350500000000000000e+04 3.518328753805299696e-07 8.148622460596059205e-08 2.703466507745693379e-07
1.351000000000000000e+04 1.715340434931415791e-07 8.289626882633857843e-08 8.863777466680301391e-08
1.351500000000000000e+04 1.609214867006503328e-07 8.398412103660363713e-08 7.693736566404666922e-08
1.352000000000000000e+04 2.123940306846570676e-07 8.396601175472922503e-08 1.284280189299278558e-07
1.352500000000000000e+04 4.102876267951697229e-07 8.447908396005146313e-08 3.258085428351182466e-07
1.353000000000000000e+04 3.549044474509258441e-07 8.480930661384190511e-08 2.700951408370839257e-07
1.353500000000000000e+04 5.489897066694922872e-07 8.476537958367305637e-08 4.642243270858191382e-07
1.354000000000000000e+04 8.504422541484818128e-07 8.424651704263201013e-08 7.661957371058498557e-07
1.354500000000000000e+04 4.879287664629265602e-07 8.484682115251171448e-08 4.030819453104147531e-07
1.355000000000000000e+04 1.725451750701481324e-07 8.631873994028285710e-08 8.622643512986531503e-08
1.355500000000000000e+04 1.632040331073603912e-07 8.748925965975305929e-08 7.571477344760731864e-08
1.356000000000000000e+04 1.729206043792067341e-07 8.772605431555275240e-08 8.519455006365395527e-08
1.356500000000000000e+04 3.931639466794805943e-07 8.791849920612576262e-08 3.052454474733548449e-07
1.357000000000000000e+04 4.041087103775480643e-07 8.850993042002447506e-08 3.155987799575235892e-07
1.357500000000000000e+04 4.448458673053791001e-07 8.850380220136465883e-08 3.563420651040144280e-07
1.358000000000000000e+04 8.159731843953293640e-07 8.811371214943335892e-08 7.278594722458960977e-07
1.358500000000000000e+04 6.343172038677444348e-07 8.809527767479626985e-08 5.462219261929481517e-07
1.359000000000000000e+04 2.080305086590398944e-07 8.952908306021705834e-08 1.185014255988228096e-07
1.359500000000000000e+04 1.574172900419109048e-07 9.069914775756380935e-08 6.671814228434708223e-08
1.360000000000000000e+04 1.492046021418599701e-07 9.127672851199491148e-08 5.792787362986505861e-08
1.360500000000000000e+04 3.440501427816821842e-07 9.116972296738771233e-08 2.528804198142944454e-07
1.361000000000000000e+04 4.600234040018055821e-07 9.188804016849086230e-08 3.681353638333146404e-07
1.361500000000000000e+04 3.921587216143440548e-07 9.197807858516136586e-08 3.001806430291827022e-07
1.362000000000000000e+04 7.222574277492302820e-07 9.177972413005388538e-08 6.304777036191763701e-07
1.362500000000000000e+04 7.554737392829233364e-07 9.131129484011836314e-08 6.641624444428049600e-07
1.363000000000000000e+04 2.887987267980008332e-07 9.246963166250850550e-08 1.963290951354923277e-07
1.363500000000000000e+04 1.472890553029498607e-07 9.367074862182360676e-08 5.361830668112626720e-08
1.364000000000000000e+04 1.398942943003502363e-07 9.449672112319805313e-08 4.539757317715214341e-08
1.364500000000000000e+04 2.778561815714288524e-07 9.430048211634545999e-08 1.835556994550833527e-07
1.365000000000000000e+04 4.937149162834040262e-07 9.488551696299787028e-08 3.988293993204061691e-07
1.365500000000000000e+04 3.983780510185450670e-07 9.519664637013657809e-08 3.031814046484084889e-07
1.366000000000000000e+04 6.020634524665317791e-07 9.512213365613669758e-08 5.069413188103952006e-07
1.366500000000000000e+04 8.204248577011965056e-07 9.450951635865906340e-08 7.259153413425374422e-07
1.367000000000000000e+04 4.103891306523941245e-07 9.513697973863945465e-08 3.152521509137545640e-07
1.367500000000000000e+04 1.455614553300973141e-07 9.642003261466732139e-08 4.914142271542998612e-08
1.368000000000000000e+04 1.375272180774275278e-07 9.732849718283685204e-08 4.019872089459067575e-08
1.368500000000000000e+04 2.130352594093779466e-07 9.729812008898065296e-08 1.157371393203972804e-07
1.369000000000000000e+04 4.871422375100261405e-07 9.752544113633793986e-08 3.896167963736881609e-07
1.369500000000000000e+04 4.496491496174216280e-07 9.811539364370734527e-08 3.515337559737142827e-07
1.370000000000000000e+04 4.948107335702631124e-07 9.809597023665848167e-08 3.967147633336046969e-07
1.370500000000000000e+04 8.142078372561418352e-07 9.760540955228321059e-08 7.166024277038587173e-07
1.371000000000000000e+04 5.517645496006062836e-07 9.759954351880458028e-08 4.541650060818016636e-07
1.371500000000000000e+04 1.692888669782127462e-07 9.890138906595680281e-08 7.038747791225594342e-08
1.372000000000000000e+04 1.343281248543021939e-07 9.979831638152768674e-08 3.452980847277447411e-08
1.372500000000000000e+04 1.637373724148662606e-07 1.000637590828105743e-07 6.367361333205567313e-08
1.373000000000000000e+04 4.383667215854213597e-07 9.990042156997308231e-08 3.384663000154482509e-07
1.373500000000000000e+04 5.170402656669495453e-07 1.006508023719097494e-07 4.163894632950397826e-07
1.374000000000000000e+04 4.329806212909766551e-07 1.007213058920571030e-07 3.322593153989195256e-07
1.374500000000000000e+04 7.438858700023770653e-07 1.004509628336136410e-07 6.434349071687635303e-07
1.375000000000000000e+04 6.809362026863035173e-07 9.994950330800822054e-08 5.809866993782952438e-07
1.375500000000000000e+04 2.317569876210785519e-07 1.010502733281576956e-07 1.307067142929208298e-07
1.376000000000000000e+04 1.281730843420271455e-07 1.019693734544373530e-07 2.620371088758979247e-08
1.376500000000000000e+04 1.350055964974796304e-07 1.024734455845291718e-07 3.253215091295047189e-08
1.377000000000000000e+04 3.602298319967930436e-07 1.021024882877580232e-07 2.581273437090350204e-07
1.377500000000000000e+04 5.677600019512336171e-07 1.027420716933170085e-07 4.650179302579166880e-07
1.378000000000000000e+04 4.311957015215397512e-07 1.030224067792369444e-07 3.281732947423028730e-07
1.378500000000000000e+04 6.366646374719500530e-07 1.029142413764146043e-07 5.337503960955353957e-07
1.379000000000000000e+04 7.657621381437366431e-07 1.022238841853933491e-07 6.635382539583431749e-07
1.379500000000000000e+04 3.345876867491803699e-07 1.028507178308632253e-07 2.317369689183171445e-07
1.380000000000000000e+04 1.255590471568025056e-07 1.038706736418418189e-07 2.168837351496068667e-08
1.380500000000000000e+04 1.228175010507024639e-07 1.044573564906280335e-07 1.836014456007442381e-08
1.381000000000000000e+04 2.736475794571991336e-07 1.041478402926533269e-07 1.694997391645457935e-07
1.381500000000000000e+04 5.769945016568369954e-07 1.044087394021006070e-07 4.725857622547363222e-07
1.382000000000000000e+04 4.818453632208481752e-07 1.049740761878161179e-07 3.768712870330319779e-07
1.382500000000000000e+04 5.306912896225694412e-07 1.049413134409654288e-07 4.257499761816039992e-07
1.383000000000000000e+04 7.857994770471209367e-07 1.043582323702976533e-07 6.814412446768234290e-07
1.383500000000000000e+04 4.639174698130190868e-07 1.043653445200704729e-07 3.595521252929485609e-07
1.384000000000000000e+04 1.397272029243877639e-07 1.054649138326672689e-07 3.426228909172047514e-08
1.384500000000000000e+04 1.185414285723411352e-07 1.060327946968223225e-07 1.250863387551881766e-08
1.385000000000000000e+04 1.987118976083840181e-07 1.059572840463432752e-07 9.275461356204076937e-08
1.385500000000000000e+04 5.359533060364022533e-07 1.057501126931580700e-07 4.302031933432442891e-07
1.386000000000000000e+04 5.586906441064247024e-07 1.065041622373158188e-07 4.521864818691089232e-07
1.386500000000000000e+04 4.618619602703012868e-07 1.065543590443909266e-07 3.553076012259102544e-07
1.387000000000000000e+04 7.404755030313318709e-07 1.062123303944676683e-07 6.342631726368643084e-07
1.387500000000000000e+04 5.929870376922278987e-07 1.056960317669717791e-07 4.872910059252561858e-07
1.388000000000000000e+04 1.843978735757801986e-07 1.066837694186028356e-07 7.771410415717738947e-08
1.388500000000000000e+04 1.153795705886925505e-07 1.072659042234927516e-07 8.113666365199815406e-09
1.389000000000000000e+04 1.474143730817414609e-07 1.074094852628374121e-07 4.000488781890404875e-08
1.389500000000000000e+04 4.533928188625105325e-07 1.068796823679564850e-07 3.465131364945541004e-07
1.390000000000000000e+04 6.269321448494429791e-07 1.075521000344523120e-07 5.193800448149906274e-07
1.390500000000000000e+04 4.514140283922907004e-07 1.077930762421193674e-07 3.436209521501712271e-07
1.391000000000000000e+04 6.502175441050913178e-07 1.076494030219788831e-07 5.425681410831124083e-07
1.391500000000000000e+04 6.906942483700914623e-07 1.069028098018785702e-07 5.837914385682129847e-07
1.392000000000000000e+04 2.658598874212205247e-07 1.074989531545365987e-07 1.583609342666838995e-07
1.392500000000000000e+04 1.134547864923457460e-07 1.081981351449245849e-07 5.256651347421163581e-09
1.393000000000000000e+04 1.208390878986286479e-07 1.084240897704930224e-07 1.241499812813563869e-08
1.393500000000000000e+04 3.505706125343750788e-07 1.078431866436705751e-07 2.427274258907045169e-07
1.394000000000000000e+04 6.558597803805536330e-07 1.081330564996766842e-07 5.477267238808769091e-07
1.394500000000000000e+04 4.987714280714407745e-07 1.086534231880582544e-07 3.901180048833823745e-07
1.395000000000000000e+04 5.498974895517907371e-07 1.086074540584998343e-07 4.412900354932909425e-07
1.395500000000000000e+04 7.329432824713362394e-07 1.079460487709073514e-07 6.249972337004289806e-07
1.396000000000000000e+04 3.772716058014100998e-07 1.079643536609534769e-07 2.693072521404565964e-07
1.396500000000000000e+04 1.208131829246076488e-07 1.088031365435916412e-07 1.201004638101601096e-08
1.397000000000000000e+04 1.115762037437292602e-07 1.090072457563213236e-07 2.568957987407938280e-09
1.397500000000000000e+04 2.521499013808545504e-07 1.085854354499922145e-07 1.435644659308623888e-07
1.398000000000000000e+04 6.293351775473446144e-07 1.083490019748333742e-07 5.209861755725112666e-07
1.398500000000000000e+04 5.821929132658709692e-07 1.090786381806268418e-07 4.731142750852440480e-07
1.399000000000000000e+04 4.768645036134386503e-07 1.091090754303938603e-07 3.677554281830448165e-07
1.399500000000000000e+04 7.122475763188987297e-07 1.087000007490538807e-07 6.035475755698448225e-07
1.400000000000000000e+04 4.983100666825506313e-07 1.081878126485531781e-07 3.901222540339974400e-07
1.400500000000000000e+04 1.495688988693827666e-07 1.090123531682901276e-07 4.055654570109265223e-08
1.401000000000000000e+04 1.097744772392590779e-07 1.092244576392677719e-07 5.500195999913033392e-10
1.401500000000000000e+04 1.769874245401078834e-07 1.089929482577828426e-07 6.799447628232502755e-08
1.402000000000000000e+04 5.503434758581074755e-07 1.083305242944443353e-07 4.420129515636630872e-07
1.402500000000000000e+04 6.669205550810021253e-07 1.090115185803421974e-07 5.579090365006599411e-07
1.403000000000000000e+04 4.578590703974154840e-07 1.092078378057147448e-07 3.486512325917008053e-07
1.403500000000000000e+04 6.416108555471482551e-07 1.090283267203666808e-07 5.325825288267814817e-07
1.404000000000000000e+04 6.009938400531493488e-07 1.082512115423113014e-07 4.927426285108380607e-07
1.404500000000000000e+04 2.088677231330301398e-07 1.087864487961691244e-07 1.000812743368610022e-07
1.405000000000000000e+04 1.096617532206960724e-07 1.091279448240585863e-07 5.338083966375061022e-10
1.405500000000000000e+04 1.324835487056773479e-07 1.089775917465331731e-07 2.350595695914413842e-08
1.406000000000000000e+04 4.382900235019201394e-07 1.081514301437534934e-07 3.301385933581666063e-07
1.406500000000000000e+04 7.177560829011855285e-07 1.084625773011999900e-07 6.092935055999856047e-07
1.407000000000000000e+04 4.995408705124137108e-07 1.089215849371514963e-07 3.906192855752622543e-07
1.407500000000000000e+04 5.509099659084140698e-07 1.088625717754284933e-07 4.420473941329856427e-07
1.408000000000000000e+04 6.596832704211215857e-07 1.081427572544376425e-07 5.515405131666838373e-07
1.408500000000000000e+04 2.981114179317896239e-07 1.081682361445593564e-07 1.899431817872302411e-07
1.409000000000000000e+04 1.132180327255654832e-07 1.087040679531455391e-07 4.513964772419960664e-09
1.409500000000000000e+04 1.144316471745973316e-07 1.085331449726815924e-07 5.898502201915750018e-09
1.410000000000000000e+04 3.205946923638663100e-07 1.077830572066769404e-07 2.128116351571892637e-07
1.410500000000000000e+04 7.113586294626172498e-07 1.075324466084818833e-07 6.038261828541353666e-07
1.411000000000000000e+04 5.861005177473215621e-07 1.082119342162819902e-07 4.778885835310394660e-07
1.411500000000000000e+04 4.768741394839396090e-07 1.082240167177261105e-07 3.686501227662135383e-07
1.412000000000000000e+04 6.612713313775820908e-07 1.077570686277408935e-07 5.535142627498413561e-07
1.412500000000000000e+04 4.040263489607807761e-07 1.072672335257309190e-07 2.967591154350498174e-07
1.413000000000000000e+04 1.290971998943425317e-07 1.078876691668211107e-07 2.120953072752143416e-08
1.413500000000000000e+04 1.118442510751419896e-07 1.077208788730997209e-07 4.123372202042269515e-09
1.414000000000000000e+04 2.222638201257817918e-07 1.071245081746453725e-07 1.151393119511363929e-07
1.414500000000000000e+04 6.437377424509114059e-07 1.063633551522217881e-07 5.373743872986894193e-07
1.415000000000000000e+04 6.848856073120980638e-07 1.070280447826714380e-07 5.778575625294266258e-07
1.415500000000000000e+04 4.501811312643581871e-07 1.071775242926715909e-07 3.430036069716865433e-07
1.416000000000000000e+04 6.113204404719711046e-07 1.069637482771421161e-07 5.043566921948289224e-07
1.416500000000000000e+04 5.035209055497785389e-07 1.061843034925303032e-07 3.973366020572482489e-07
1.417000000000000000e+04 1.672638349809017018e-07 1.066306002677997385e-07 6.063323471310196328e-08
1.417500000000000000e+04 1.140958277804046598e-07 1.066011695709197614e-07 7.494658209484903399e-09
1.418000000000000000e+04 1.576584028696855170e-07 1.060833174690665798e-07 5.157508540061896372e-08
1.418500000000000000e+04 5.303748996497242856e-07 1.050537118787977079e-07 4.253211877709265248e-07
1.419000000000000000e+04 7.580216214684765173e-07 1.053760142096704209e-07 6.526456072588061096e-07
1.419500000000000000e+04 4.843224313358369326e-07 1.057619813537237926e-07 3.785604499821131664e-07
1.420000000000000000e+04 5.334264667942805008e-07 1.056901333180533491e-07 4.277363334762270987e-07
1.420500000000000000e+04 5.716166046985434613e-07 1.049365214561586003e-07 4.666800832423848610e-07
1.421000000000000000e+04 2.320311257238957163e-07 1.049631545331226175e-07 1.270679711907730856e-07
1.421500000000000000e+04 1.168160834433268159e-07 1.051737794317712779e-07 1.164230401155551819e-08
1.422000000000000000e+04 1.274830885045657268e-07 1.046407382602337798e-07 2.284235024433195691e-08
1.422500000000000000e+04 3.993473537082248597e-07 1.036019574142911530e-07 2.957453962939336803e-07
1.423000000000000000e+04 7.757387960131185915e-07 1.033514625892265503e-07 6.723873334238919354e-07
1.423500000000000000e+04 5.703571556780192583e-07 1.039590881266082112e-07 4.663980675514110073e-07
1.424000000000000000e+04 4.616971137563281275e-07 1.039546751034470675e-07 3.577424386528810600e-07
1.424500000000000000e+04 5.913376073785275905e-07 1.034434745801603089e-07 4.878941327983674272e-07
1.425000000000000000e+04 3.171411223500279348e-07 1.029920834817928533e-07 2.141490388682350815e-07
1.425500000000000000e+04 1.236982026750469226e-07 1.033803371097115932e-07 2.031786556533533267e-08
1.426000000000000000e+04 1.216561452319331430e-07 1.028505909531031582e-07 1.880555427882996160e-08
1.426500000000000000e+04 2.805239473845148391e-07 1.019235019315935663e-07 1.786004454529212992e-07
1.427000000000000000e+04 7.264568958731625051e-07 1.011022303234649963e-07 6.253546655496976544e-07
1.427500000000000000e+04 6.796318114436279044e-07 1.017269632577246169e-07 5.779048481859033140e-07
1.428000000000000000e+04 4.288673926575546588e-07 1.018301748995211853e-07 3.270372177580334602e-07
1.428500000000000000e+04 5.614166906149709247e-07 1.015860180547347989e-07 4.598306725602360729e-07
1.429000000000000000e+04 4.056925964501067127e-07 1.008329067213737204e-07 3.048596897287330717e-07
1.429500000000000000e+04 1.434453927863686768e-07 1.011668727011781957e-07 4.227852008519052077e-08
1.430000000000000000e+04 1.262068897774059200e-07 1.007781255830990502e-07 2.542876419430686975e-08
1.430500000000000000e+04 1.952466037080339047e-07 9.992533968461881526e-08 9.532126402341508943e-08
1.431000000000000000e+04 6.199684027215835948e-07 9.874620312393597962e-08 5.212221995976475357e-07
1.431500000000000000e+04 7.736474641862208367e-07 9.906795566830996780e-08 6.745795085179108425e-07
1.432000000000000000e+04 4.542905538062703017e-07 9.937424408214476423e-08 3.549163097241255110e-07
1.432500000000000000e+04 4.984290406209044346e-07 9.929006526045029164e-08 3.991389753604540768e-07
1.433000000000000000e+04 4.754742526781979205e-07 9.853047860239279516e-08 3.769437740758050195e-07
1.433500000000000000e+04 1.835203661895817189e-07 9.855078237454496946e-08 8.496958381503672296e-08
1.434000000000000000e+04 1.307393752623127372e-07 9.843606705277103966e-08 3.230330820954170418e-08
1.434500000000000000e+04 1.504139629804206325e-07 9.757707148854968502e-08 5.283689149187096730e-08
1.435000000000000000e+04 4.828087378479801331e-07 9.630749038365566636e-08 3.865012474643245065e-07
1.435500000000000000e+04 8.175367598122169777e-07 9.606958200900886219e-08 7.214671778032079303e-07
1.436000000000000000e+04 5.362528370383916313e-07 9.658890505208039485e-08 4.396639319863111306e-07
1.436500000000000000e+04 4.321061057339826645e-07 9.657007520962285807e-08 3.355360305243598726e-07
1.437000000000000000e+04 5.076969960724704799e-07 9.603222349417250533e-08 4.116647725782979481e-07
1.437500000000000000e+04 2.440067249585811518e-07 9.563192313066014352e-08 1.483748018279210215e-07
1.438000000000000000e+04 1.329722908531178741e-07 9.577560469412432586e-08 3.719668615899355483e-08
1.438500000000000000e+04 1.388343220704749819e-07 9.492252700502589693e-08 4.391179506544907834e-08
1.439000000000000000e+04 3.479625489318304002e-07 9.372021560860888953e-08 2.542423333232215504e-07
1.439500000000000000e+04 7.921598733011328488e-07 9.287913658253065479e-08 6.992807367186023396e-07
1.440000000000000000e+04 6.516542161328035256e-07 9.344315789739569867e-08 5.582110582354078137e-07
1.440500000000000000e+04 3.952132632697027891e-07 9.350299587240822327e-08 3.017102673972945393e-07
1.441000000000000000e+04 4.954510367834833530e-07 9.323494111925501120e-08 4.022160956642282888e-07
1.441500000000000000e+04 3.149111643425534044e-07 9.253510390735113372e-08 2.223760604352022574e-07
1.442000000000000000e+04 1.384137456817328655e-07 9.274038854010854700e-08 4.567335714162433170e-08
1.442500000000000000e+04 1.450293650326272807e-07 9.202819040441708134e-08 5.300117462821021261e-08
1.443000000000000000e+04 2.431456570781718489e-07 9.089457352447726264e-08 1.522510835536945730e-07
1.443500000000000000e+04 7.003187638352415866e-07 8.962767538533521869e-08 6.106910884499063150e-07
1.444000000000000000e+04 7.634783161235134814e-07 8.993657167541736089e-08 6.735417444480960014e-07
1.444500000000000000e+04 4.115189457335004159e-07 9.016155805174809653e-08 3.213573876817522664e-07
1.445000000000000000e+04 4.481613064220345203e-07 9.006622654329273574e-08 3.580950798787417846e-07
1.445500000000000000e+04 3.786104119952146733e-07 8.932979463835409908e-08 2.892806173568605609e-07
1.446000000000000000e+04 1.556462309125447023e-07 8.933569767389779758e-08 6.631053323864690467e-08
1.446500000000000000e+04 1.534776274568722504e-07 8.891823312854957212e-08 6.455939432832267829e-08
1.447000000000000000e+04 1.821940245731417513e-07 8.779027318989569933e-08 9.440375138324609163e-08
1.447500000000000000e+04 5.649017721441924883e-07 8.636167367322479841e-08 4.785400984709677164e-07
1.448000000000000000e+04 8.335282311663323514e-07 8.614623108849149088e-08 7.473820000778409135e-07
1.448500000000000000e+04 4.862899027926619130e-07 8.656687074647285342e-08 3.997230320461890993e-07
1.449000000000000000e+04 3.898283392354529783e-07 8.653590585887781722e-08 3.032924333765751213e-07
1.449500000000000000e+04 4.166802529288593050e-07 8.599209978751607974e-08 3.306881531413431988e-07
1.450000000000000000e+04 1.898445337531533115e-07 8.565110418423801446e-08 1.041934295689152838e-07
1.450500000000000000e+04 1.554834548923075953e-07 8.555528573635934674e-08 6.992816915594824855e-08
1.451000000000000000e+04 1.625562584830398341e-07 8.443949162244267773e-08 7.811676686059718281e-08
1.451500000000000000e+04 4.199558389494734294e-07 8.303484880827788773e-08 3.369209901411955417e-07
1.452000000000000000e+04 8.357751268515168072e-07 8.221304908607886510e-08 7.535620777654378892e-07
1.452500000000000000e+04 6.030597772468853151e-07 8.269985748947498560e-08 5.203599197574103031e-07
1.453000000000000000e+04 3.512531105914992312e-07 8.272117090845711435e-08 2.685319396830421036e-07
1.453500000000000000e+04 4.182257852948980311e-07 8.243836734362496920e-08 3.357874179512730751e-07
1.454000000000000000e+04 2.379965038957205936e-07 8.181478890216513758e-08 1.561817149935554163e-07
1.454500000000000000e+04 1.517456612655030089e-07 8.188419551951974357e-08 6.986146574598329177e-08
1.455000000000000000e+04 1.692477338426479028e-07 8.090634172350846777e-08 8.834139211913943503e-08
1.455500000000000000e+04 2.983883385501157848e-07 7.956388114831000511e-08 2.188244574018057930e-07
1.456000000000000000e+04 7.653072597384118492e-07 7.827425655790073112e-08 6.870330031805109990e-07
1.456500000000000000e+04 7.282689852212827185e-07 7.855841666703321289e-08 6.497105685542495585e-07
1.457000000000000000e+04 3.588274201164695209e-07 7.870528006215179583e-08 2.801221400543177648e-07
1.457500000000000000e+04 3.860121318755267663e-07 7.860103636151395480e-08 3.074110955140127585e-07
1.458000000000000000e+04 2.884418166431339360e-07 7.791590114484130311e-08 2.105259154982926461e-07
1.458500000000000000e+04 1.498537308177494430e-07 7.789994202137253793e-08 7.195378879637693152e-08
1.459000000000000000e+04 1.830122842948376593e-07 7.722397791087679813e-08 1.057883063839608876e-07
1.459500000000000000e+04 2.211108391683134922e-07 7.590104484494776387e-08 1.452097943233657416e-07
1.460000000000000000e+04 6.395404389902254770e-07 7.439385821688024377e-08 5.651465807733454053e-07
1.460500000000000000e+04 8.224360925819991004e-07 7.420771461733957525e-08 7.482283779646593664e-07
1.461000000000000000e+04 4.239741357288349211e-07 7.452579439145672221e-08 3.494483413373782121e-07
1.461500000000000000e+04 3.374712865901948990e-07 7.448526066539342701e-08 2.629860259248014587e-07
1.462000000000000000e+04 3.252297499346664969e-07 7.395787533337324490e-08 2.512718746012931990e-07
1.462500000000000000e+04 1.583631793105918022e-07 7.367949536074837076e-08 8.468368394984344463e-08
1.463000000000000000e+04 1.889084111176479747e-07 7.336729618925320619e-08 1.155411149283947818e-07
1.463500000000000000e+04 1.915740293477559854e-07 7.206621557673565858e-08 1.195078137710203400e-07
1.464000000000000000e+04 4.914030344693342466e-07 7.054441045939635707e-08 4.208586240099379292e-07
1.464500000000000000e+04 8.538922965239275666e-07 6.977716333735633426e-08 7.841151331865712720e-07
1.465000000000000000e+04 5.373755101328279247e-07 7.017559675054367491e-08 4.671999133822841837e-07
1.465500000000000000e+04 2.996519579338039205e-07 7.016482253898934805e-08 2.294871353948145857e-07
1.466000000000000000e+04 3.354617845324096269e-07 6.987875577851381633e-08 2.655830287538957444e-07
1.466500000000000000e+04 1.806686472963128554e-07 6.934853951675477980e-08 1.113201077795581021e-07
1.467000000000000000e+04 1.816727320297794506e-07 6.928564194269569411e-08 1.123870900870837564e-07
1.467500000000000000e+04 1.972735961767069683e-07 6.811787616859162637e-08 1.291557200081153552e-07
1.468000000000000000e+04 3.573394148805172059e-07 6.665163891948139969e-08 2.906877759610358989e-07
1.468500000000000000e+04 8.099302073017766205e-07 6.540304378043556796e-08 7.445271635213409334e-07
1.469000000000000000e+04 6.705967113576755604e-07 6.565200870812542061e-08 6.049447026495502589e-07
1.469500000000000000e+04 2.995927121611252432e-07 6.572831273886809542e-08 2.338643994222571742e-07
1.470000000000000000e+04 3.163090727124540498e-07 6.561871701759584482e-08 2.506903556948581785e-07
1.470500000000000000e+04 2.118817000475104631e-07 6.500961503277557344e-08 1.468720850147348632e-07
1.471000000000000000e+04 1.658961208956270725e-07 6.496637234926240266e-08 1.009297485463647095e-07
1.471500000000000000e+04 2.169727429334646761e-07 6.409503965022129673e-08 1.528777032832434059e-07
1.472000000000000000e+04 2.648574910609609165e-07 6.266324007080605867e-08 2.021942509901549372e-07
1.472500000000000000e+04 7.011072916211287601e-07 6.116088037919202267e-08 6.399464112419366580e-07
1.473000000000000000e+04 7.850107578937237916e-07 6.100763991330087444e-08 7.240031179804231157e-07
1.473500000000000000e+04 3.535489035125716421e-07 6.122587795256553551e-08 2.923230255600061198e-07
1.474000000000000000e+04 2.783852843817638760e-07 6.117878087361467164e-08 2.172065035081492176e-07
1.474500000000000000e+04 2.403783997456381817e-07 6.069006473657065603e-08 1.796883350090675257e-07
1.475000000000000000e+04 1.515006752212109526e-07 6.047280924576697717e-08 9.102786597544398864e-08
1.475500000000000000e+04 2.302401994577420670e-07 5.998451841605010584e-08 1.702556810416920141e-07
1.476000000000000000e+04 2.242643380317598288e-07 5.858716710278433538e-08 1.656771709289754338e-07
1.476500000000000000e+04 5.571162866276951709e-07 5.703982196953451062e-08 5.000764646581606404e-07
1.477000000000000000e+04 8.450231228963711092e-07 5.635637431028390351e-08 7.886667485860872322e-07
1.477500000000000000e+04 4.592622019552860223e-07 5.666136439882620156e-08 4.026008375564598670e-07
1.478000000000000000e+04 2.435608875155338780e-07 5.662620296600238265e-08 1.869346845495314888e-07
1.478500000000000000e+04 2.533878347641750716e-07 5.634996351108701107e-08 1.970378712530879943e-07
1.479000000000000000e+04 1.471208570904854279e-07 5.592289291691811777e-08 9.119796417356732998e-08
1.479500000000000000e+04 2.252571678857596512e-07 5.574288209198360945e-08 1.695142857937760352e-07
1.480000000000000000e+04 2.273323476825342273e-07 5.447364253249286758e-08 1.728587051500413134e-07
1.480500000000000000e+04 4.159552962037544204e-07 5.297616764966486815e-08 3.629791285540895126e-07
1.481000000000000000e+04 8.306949179465658084e-07 5.182676165711453322e-08 7.788681562894513480e-07
1.481500000000000000e+04 5.946405716030195797e-07 5.203242543393542768e-08 5.426081461690841983e-07
1.482000000000000000e+04 2.375344715401063792e-07 5.204956210397468945e-08 1.854849094361317162e-07
1.482500000000000000e+04 2.440333894085257445e-07 5.193953673943392006e-08 1.920938526690918046e-07
1.483000000000000000e+04 1.548136639342620620e-07 5.142552321265051674e-08 1.033881407216115519e-07
1.483500000000000000e+04 2.018952705426909081e-07 5.135303665236579207e-08 1.505422338903251160e-07
1.484000000000000000e+04 2.528036591926914976e-07 5.036406521569663338e-08 2.024395939769948643e-07
1.484500000000000000e+04 3.106740008920824142e-07 4.891604307191112180e-08 2.617579578201712924e-07
1.485000000000000000e+04 7.449001505734331208e-07 4.749919414544473179e-08 6.974009564279883427e-07
1.485500000000000000e+04 7.239555534855222441e-07 4.737933991679824270e-08 6.765762135687239816e-07
1.486000000000000000e+04 2.796926449036476178e-07 4.750680473300134871e-08 2.321858401706462361e-07
1.486500000000000000e+04 2.164677541923303293e-07 4.745665786815762394e-08 1.690110963241726988e-07
1.487000000000000000e+04 1.687176172443977013e-07 4.702666355692917548e-08 1.216909536874684993e-07
1.487500000000000000e+04 1.693072941420880329e-07 4.686497983350440803e-08 1.224423143085836116e-07
1.488000000000000000e+04 2.760284661733744208e-07 4.625574952133655344e-08 2.297727166520378409e-07
1.488500000000000000e+04 2.587084116081723807e-07 4.485676811767499990e-08 2.138516434904974338e-07
1.489000000000000000e+04 6.122265529211702567e-07 4.337577938613931490e-08 5.688507735350309154e-07
1.489500000000000000e+04 8.097122903268075038e-07 4.279769991430815907e-08 7.669145904124993315e-07
1.490000000000000000e+04 3.741582247854484900e-07 4.301072730828320259e-08 3.311474974771652874e-07
1.490500000000000000e+04 1.864407960429898300e-07 4.295977726312629241e-08 1.434810187798635508e-07
1.491000000000000000e+04 1.782830766268240944e-07 4.270691833958049168e-08 1.355761582872436028e-07
1.491500000000000000e+04 1.397151979968314691e-07 4.238473944344324619e-08 9.733045855338821628e-08
1.492000000000000000e+04 2.786458349939041184e-07 4.211429549036250778e-08 2.365315395035415908e-07
1.492500000000000000e+04 2.575575378684628251e-07 4.083857398290309902e-08 2.167189638855596797e-07
1.493000000000000000e+04 4.700868998244998825e-07 3.940385097850628963e-08 4.306830488459935664e-07
1.493500000000000000e+04 8.258985101360366664e-07 3.840242993839493652e-08 7.874960801976415313e-07
1.494000000000000000e+04 5.058490231151632840e-07 3.855990820034157567e-08 4.672891149148216951e-07
1.494500000000000000e+04 1.764876438748983068e-07 3.853234833307579027e-08 1.379552955418225232e-07
1.495000000000000000e+04 1.744762427178849184e-07 3.842787620744684431e-08 1.360483665104380741e-07
1.495500000000000000e+04 1.216469869525617442e-07 3.802045912786189620e-08 8.362652782469986789e-08
1.496000000000000000e+04 2.545223378100428986e-07 3.792151784781305989e-08 2.166008199622298254e-07
1.496500000000000000e+04 2.879335582658429323e-07 3.690175810677679874e-08 2.510318001590661270e-07
1.497000000000000000e+04 3.555336123990627726e-07 3.553074038573875670e-08 3.200028720133239828e-07
1.497500000000000000e+04 7.675106188854188263e-07 3.427195041202104015e-08 7.332386684733978259e-07
1.498000000000000000e+04 6.437061960356810545e-07 3.418327171363810199e-08 6.095229243220429723e-07
1.498500000000000000e+04 2.071998871144148708e-07 3.423482320145728550e-08 1.729650639129575787e-07
1.499000000000000000e+04 1.559193655641305424e-07 3.418558093139368761e-08 1.217337846327368747e-07
1.499500000000000000e+04 1.158964696410226644e-07 3.383009090024042836e-08 8.206637874078224262e-08
1.500000000000000000e+04 2.099739307147672526e-07 3.371560453370685254e-08 1.762583261810603670e-07
1.500500000000000000e+04 3.226380517322600954e-07 3.305179849489821540e-08 2.895862532373618204e-07
1.501000000000000000e+04 2.928003343424226728e-07 3.174524148793085246e-08 2.610550928544918336e-07
1.501500000000000000e+04 6.525722514531780181e-07 3.041667092356502203e-08 6.221555805296130291e-07
1.502000000000000000e+04 7.504916899075778875e-07 2.995681329759272894e-08 7.205348766099851785e-07
1.502500000000000000e+04 2.878808717950866838e-07 3.008601858409749062e-08 2.577948532109891931e-07
1.503000000000000000e+04 1.318619389661186128e-07 3.002830416374850887e-08 1.018336348023701106e-07
1.503500000000000000e+04 1.160083921675853973e-07 2.981140651871404842e-08 8.619698564887133563e-08
1.504000000000000000e+04 1.588217154267008041e-07 2.958796833059685645e-08 1.292337470961039742e-07
1.504500000000000000e+04 3.373804637780231146e-07 2.926407335186103983e-08 3.081163904261620913e-07
1.505000000000000000e+04 2.860907001027256554e-07 2.807684745353312900e-08 2.580138526491925363e-07
1.505500000000000000e+04 5.158005172594595018e-07 2.679422623975411583e-08 4.890062910197054290e-07
1.506000000000000000e+04 7.957674015268447325e-07 2.597721144345138680e-08 7.697901900833932663e-07
1.506500000000000000e+04 4.105231438433700248e-07 2.608561316000606412e-08 3.844375306833639540e-07
1.507000000000000000e+04 1.201723233117455324e-07 2.602997369738405657e-08 9.414234961436148577e-08
1.507500000000000000e+04 1.128611072526134797e-07 2.593749978669371434e-08 8.692360746591974547e-08
1.508000000000000000e+04 1.149868392539858675e-07 2.563946450741385075e-08 8.934737474657202668e-08
1.508500000000000000e+04 3.192803984984558066e-07 2.552242661759924576e-08 2.937579718808565641e-07
1.509000000000000000e+04 3.199359631189075027e-07 2.456162288415399456e-08 2.953743402347534320e-07
1.509500000000000000e+04 3.963607882772282555e-07 2.335552431456208428e-08 3.730052639626661249e-07
1.510000000000000000e+04 7.671040214964876289e-07 2.231444435748558653e-08 7.447895771390019596e-07
1.510500000000000000e+04 5.500846471910125292e-07 2.225276565691048163e-08 5.278318815341021071e-07
1.511000000000000000e+04 1.406656019754055606e-07 2.224812701040758569e-08 1.184174749649979881e-07
1.511500000000000000e+04 1.009675882226246196e-07 2.220391449389015188e-08 7.876367372873449419e-08
1.512000000000000000e+04 8.619136195022132647e-08 2.193263584932315035e-08 6.425872610089817282e-08
1.512500000000000000e+04 2.699994164651808677e-07 2.185573545489304448e-08 2.481436810102878596e-07
1.513000000000000000e+04 3.665082722918969200e-07 2.121020580469336201e-08 3.452980664872035845e-07
1.513500000000000000e+04 3.243780409295801006e-07 2.008347660640582394e-08 3.042945643231743230e-07
1.514000000000000000e+04 6.750378619114968245e-07 1.898187619311425849e-08 6.560559857183824667e-07
1.514500000000000000e+04 6.716840549464780350e-07 1.864406649706681531e-08 6.530399884494111568e-07
1.515000000000000000e+04 2.062134659440958169e-07 1.870397944941093904e-08 1.875094864946849010e-07
1.515500000000000000e+04 8.328945126754060441e-08 1.864835595847853785e-08 6.464109530906207649e-08
1.516000000000000000e+04 7.156358246251804998e-08 1.847749257459059528e-08 5.308608988792745470e-08
1.516500000000000000e+04 2.028104021717822290e-07 1.833970578519789043e-08 1.844706963865843485e-07
1.517000000000000000e+04 3.967398475867039538e-07 1.800737904038240040e-08 3.787324685463216494e-07
1.517500000000000000e+04 3.111837997371144623e-07 1.699714665640512537e-08 2.941866530807093733e-07
1.518000000000000000e+04 5.496909581565000590e-07 1.594559556964785757e-08 5.337453625868521485e-07
1.518500000000000000e+04 7.424482051796218411e-07 1.533494799433458834e-08 7.271132571852871998e-07
1.519000000000000000e+04 3.153480686364785636e-07 1.539797859352226567e-08 2.999500900429563145e-07
1.519500000000000000e+04 7.197272285725874198e-08 1.533185937839991481e-08 5.664086347885882386e-08
1.520000000000000000e+04 6.396183883388708384e-08 1.525744461695454070e-08 4.870439421693252659e-08
1.520500000000000000e+04 1.354434740385799977e-07 1.506253739473128175e-08 1.203809366438486994e-07
1.521000000000000000e+04 3.908649120915187582e-07 1.494154856152374750e-08 3.759233635299950437e-07
1.521500000000000000e+04 3.466756801938192213e-07 1.412585956087365407e-08 3.325498206329455076e-07
1.522000000000000000e+04 4.302631790993835738e-07 1.316178140896054364e-08 4.171013976904231013e-07
1.522500000000000000e+04 7.435782428719164664e-07 1.238133507318191228e-08 7.311969077987345856e-07
1.523000000000000000e+04 4.498557160382053719e-07 1.234151288683900143e-08 4.375142031513663275e-07
1.523500000000000000e+04 8.419124186029376754e-08 1.230395955110435068e-08 7.188728230918941024e-08
1.524000000000000000e+04 5.557724360472630507e-08 1.226862681045304735e-08 4.330861679427325441e-08
1.524500000000000000e+04 8.217924524033010029e-08 1.208392316272703601e-08 7.009532207760306428e-08
1.525000000000000000e+04 3.444802499304318922e-07 1.203542262623359533e-08 3.324448273041982423e-07
1.525500000000000000e+04 4.043965336927301908e-07 1.148208669849052378e-08 3.929144469942397266e-07
1.526000000000000000e+04 3.513681624489203206e-07 1.061042006693404260e-08 3.407577423819863459e-07
1.526500000000000000e+04 6.778147492061041076e-07 9.793939465275945992e-09 6.680208097408282427e-07
1.527000000000000000e+04 5.790732818269588489e-07 9.573410570156169824e-09 5.694998712568026741e-07
1.527500000000000000e+04 1.345056859623671725e-07 9.584224682822673583e-09 1.249214612795445254e-07
1.528000000000000000e+04 4.386755938242956012e-08 9.538678593671909863e-09 3.432888078875764695e-08
1.528500000000000000e+04 4.870503375988827094e-08 9.420017758683532806e-09 3.928501600120473483e-08
1.529000000000000000e+04 2.681931726343535489e-07 9.349506359845351787e-09 2.588436662745082021e-07
1.529500000000000000e+04 4.520888558806737038e-07 9.058589058640828716e-09 4.430302668220328519e-07
1.530000000000000000e+04 3.312987773527681188e-07 8.301445566670119536e-09 3.229973317860980058e-07
1.530500000000000000e+04 5.691594589313139845e-07 7.544472031607247344e-09 5.616149868997068480e-07
1.531000000000000000e+04 6.698517494737485163e-07 7.146709013366380206e-09 6.627050404603821965e-07
1.531500000000000000e+04 2.269065134837988177e-07 7.173000744379919205e-09 2.197335127394189241e-07
1.532000000000000000e+04 3.473676088919520158e-08 7.113652492768375261e-09 2.762310839642682798e-08
1.532500000000000000e+04 3.174591769399512577e-08 7.062043335441006189e-09 2.468387435855412289e-08
1.533000000000000000e+04 1.815926386403447459e-07 6.955591225923866802e-09 1.746370474144208642e-07
1.533500000000000000e+04 4.635733295835895213e-07 6.850031564178201866e-09 4.567232980194112707e-07
1.534000000000000000e+04 3.664328612237618931e-07 6.255812683016542484e-09 3.601770485407453821e-07
1.534500000000000000e+04 4.547580036332996802e-07 5.595255965055302077e-09 4.491627476682443483e-07
1.535000000000000000e+04 6.985894550894321133e-07 5.098987412241688235e-09 6.934904676771905044e-07
1.535500000000000000e+04 3.502207402798619155e-07 5.076082373767734611e-09 3.451446579060941569e-07
1.536000000000000000e+04 4.112922736535164771e-08 5.030760921793236651e-09 3.609846644355841767e-08
1.536500000000000000e+04 2.316988347599098274e-08 5.007340686540036851e-09 1.816254278945094423e-08
1.537000000000000000e+04 1.045384618698021036e-07 4.903701805374517199e-09 9.963476006442758391e-08
1.537500000000000000e+04 4.274981955745971349e-07 4.876313306551248846e-09 4.226218822680459117e-07
1.538000000000000000e+04 4.335919951974155247e-07 4.484496208967196188e-09 4.291074989884483657e-07
1.538500000000000000e+04 3.719334825738496818e-07 3.926312037747570906e-09 3.680071705361020571e-07
1.539000000000000000e+04 6.605631050084389569e-07 3.432886771244298851e-09 6.571302182371946945e-07
1.539500000000000000e+04 4.794680779054139028e-07 3.317441526127089980e-09 4.761506363792868116e-07
1.540000000000000000e+04 7.731279460911387885e-08 3.303785494570182183e-09 7.400900911454371363e-08
1.540500000000000000e+04 1.621718408120743555e-08 3.274698698918002132e-09 1.294248538228943797e-08
1.541000000000000000e+04 4.965344155575638855e-08 3.209464200638300841e-09 4.644397735511809143e-08
1.541500000000000000e+04 3.499021699492509342e-07 3.184680014963395162e-09 3.467174899342875258e-07
1.542000000000000000e+04 4.992110865790479257e-07 2.985947357299591796e-09 4.962251392217482884e-07
1.542500000000000000e+04 3.451989280348977275e-07 2.540611948384078457e-09 3.426583160865136209e-07
1.543000000000000000e+04 5.726342937657774158e-07 2.122148458804845117e-09 5.705121453069724595e-07
1.543500000000000000e+04 5.833637736100441191e-07 1.928521518107849189e-09 5.814352520919363530e-07
1.544000000000000000e+04 1.512084484384815576e-07 1.931577160006924564e-09 1.492768712784746305e-07
1.544500000000000000e+04 1.060814853542222380e-08 1.894483052872142310e-09 8.713665482550081078e-09
1.545000000000000000e+04 1.907107277925844867e-08 1.868257308066325245e-09 1.720281547119212260e-08
1.545500000000000000e+04 2.500879795113557084e-07 1.828623566070675389e-09 2.482593559452850803e-07
1.546000000000000000e+04 5.317337477838737742e-07 1.761784246845026438e-09 5.299719635370288948e-07
1.546500000000000000e+04 3.779988337365961284e-07 1.450116893239800680e-09 3.765487168433563689e-07
1.547000000000000000e+04 4.679738798055412666e-07 1.135172561817506625e-09 4.668387072437238158e-07
1.547500000000000000e+04 6.354433745521548259e-07 9.259610804070099071e-10 6.345174134717476737e-07
1.548000000000000000e+04 2.582855173391412543e-07 9.164377926448227100e-10 2.573690795464964745e-07
1.548500000000000000e+04 1.388047125995978534e-08 8.884012959572699966e-10 1.299206996400251318e-08
1.549000000000000000e+04 6.373639023979563552e-09 8.785871791449228385e-10 5.495051844834639783e-09
1.549500000000000000e+04 1.519910462196481195e-07 8.429251925894817534e-10 1.511481210270586397e-07
1.550000000000000000e+04 5.125755113219435348e-07 8.323029906402430592e-10 5.117432083313032180e-07
1.550500000000000000e+04 4.520865589952523591e-07 6.613265197261142306e-10 4.514252324755263366e-07
1.551000000000000000e+04 3.846104650283342516e-07 4.547083950247684341e-10 3.841557566333096244e-07
1.551500000000000000e+04 6.244623719670916017e-07 2.995772384244688004e-10 6.241627947286671033e-07
1.552000000000000000e+04 3.801921903638246540e-07 2.713720513923476785e-10 3.799208183124323172e-07
1.552500000000000000e+04 3.809626483584796710e-08 2.605794295408816604e-10 3.783568540630708451e-08
1.553000000000000000e+04 2.261582422881151951e-09 2.520780976239428049e-10 2.009504325257208784e-09
1.553500000000000000e+04 7.491327461917427363e-08 2.360451285026198659e-10 7.467722949067166550e-08
1.554000000000000000e+04 4.416816324678866659e-07 2.345403971887523164e-10 4.414470920706978284e-07
1.554500000000000000e+04 5.346028159999856868e-07 1.754824906833090117e-10 5.344273335093022387e-07
1.555000000000000000e+04 3.520247073581939544e-07 7.957246630310180612e-11 3.519451348918908615e-07
1.555500000000000000e+04 5.597153902956275662e-07 2.107098825353976905e-11 5.596943193073740172e-07
1.556000000000000000e+04 4.894448880484523132e-07 8.915857941785036658e-12 4.894359721905105944e-07
1.556500000000000000e+04 9.326857961328779420e-08 6.551147436772273866e-12 9.326202846585103533e-08
1.557000000000000000e+04 9.014268653612749085e-10 4.077191871333153368e-12 8.973496734899416817e-10
1.557500000000000000e+04 2.745840995177343975e-08 3.034102252276935252e-12 2.745537584952116322e-08
1.558000000000000000e+04 3.359151340502985472e-07 3.724378117160000792e-12 3.359114096721813892e-07
1.558500000000000000e+04 5.901223790096602455e-07 8.171977620157628071e-13 5.901215618118981703e-07
1.559000000000000000e+04 3.807380583477215333e-07 1.317806408455701985e-11 3.807248802836370335e-07
1.559500000000000000e+04 4.688110882001820525e-07 6.389396054354740842e-11 4.687471942396385356e-07
1.560000000000000000e+04 5.588609064595844274e-07 1.241433668817954339e-10 5.587367630927026701e-07
1.560500000000000000e+04 1.805405560950179384e-07 1.269094190798704776e-10 1.804136466759380653e-07
1.561000000000000000e+04 3.756963638873630127e-09 1.390174896166088563e-10 3.617946149257020909e-09
1.561500000000000000e+04 6.823147731239888707e-09 1.427882346950874236e-10 6.680359496544801775e-09
1.562000000000000000e+04 2.213896326398463203e-07 1.555253890083289840e-10 2.212341072508380063e-07
1.562500000000000000e+04 5.931640933013793751e-07 1.607296514012604127e-10 5.930033636499781431e-07
1.563000000000000000e+04 4.586935172821952594e-07 2.552079018468304302e-10 4.584383093803482613e-07
1.563500000000000000e+04 3.884251921427721883e-07 4.156735740554056231e-10 3.880095185687168104e-07
1.564000000000000000e+04 5.721461672655062530e-07 5.904050336130726160e-10 5.715557622318931593e-07
1.564500000000000000e+04 2.885390119545004384e-07 6.281734678468674387e-10 2.879108384866535793e-07
1.565000000000000000e+04 1.900420356342333197e-08 6.481346105174104436e-10 1.835606895290592225e-08
1.565500000000000000e+04 3.093329989366439895e-09 6.616510492258313342e-10 2.431678940140608147e-09
1.566000000000000000e+04 1.232171180806034588e-07 6.852603233293283961e-10 1.225318577572741487e-07
1.566500000000000000e+04 5.365632117212932715e-07 6.858215600168495000e-10 5.358773901612765158e-07
1.567000000000000000e+04 5.557095967274554082e-07 8.065005055828960130e-10 5.549030962218726374e-07
1.567500000000000000e+04 3.513482024590795445e-07 1.074251676509287398e-09 3.502739507825702536e-07
1.568000000000000000e+04 5.312320522772523118e-07 1.373174128740040474e-09 5.298588781485123125e-07
1.568500000000000000e+04 3.951498419022113141e-07 1.508326203857933909e-09 3.936415156983533727e-07
1.569000000000000000e+04 5.675962940364753333e-08 1.521556622278978648e-09 5.523807278136855551e-08
1.569500000000000000e+04 6.028734496319699242e-09 1.561850008467854485e-09 4.466884487851845998e-09
1.570000000000000000e+04 5.695923795807829180e-08 1.582759096901322225e-09 5.537647886117697392e-08
1.570500000000000000e+04 4.327676975269434718e-07 1.594891069043300347e-09 4.311728064579001119e-07
1.571000000000000000e+04 6.343404744934903683e-07 1.680598750335399179e-09 6.326598757431550750e-07
1.571500000000000000e+04 3.746119942058000195e-07 2.035955828054490124e-09 3.725760383777455588e-07
1.572000000000000000e+04 4.570473217649511163e-07 2.449023696074081107e-09 4.545982980688770940e-07
1.572500000000000000e+04 4.746358600759933981e-07 2.742340988761928098e-09 4.718935190872314555e-07
1.573000000000000000e+04 1.223898661568750180e-07 2.759431979370252907e-09 1.196304341775047597e-07
1.573500000000000000e+04 1.091786038674525197e-08 2.830335964341048987e-09 8.087524422404200087e-09
1.574000000000000000e+04 2.502492336718360716e-08 2.845824998601010878e-09 2.217909836858259628e-08
1.574500000000000000e+04 3.079417215807115869e-07 2.882621871674614303e-09 3.050590997090369540e-07
1.575000000000000000e+04 6.631330101071219766e-07 2.905957641169773588e-09 6.602270524659521128e-07
1.575500000000000000e+04 4.531060327343791712e-07 3.292177610072401053e-09 4.498138551243067805e-07
1.576000000000000000e+04 3.829777236690877406e-07 3.811836045132282312e-09 3.791658876239554211e-07
1.576500000000000000e+04 5.075268236706521091e-07 4.284965501356584221e-09 5.032418581692955373e-07
1.577000000000000000e+04 2.112296434564091402e-07 4.366428177583683365e-09 2.068632152788254618e-07
1.577500000000000000e+04 2.074565141234288867e-08 4.443191912992336895e-09 1.630245949935055591e-08
1.578000000000000000e+04 1.889315294232772524e-08 4.477347455424892062e-09 1.441580548690283648e-08
1.578500000000000000e+04 1.915985782536504996e-07 4.526419197356848497e-09 1.870721590562936677e-07
1.579000000000000000e+04 6.273898756912964421e-07 4.510817463259054595e-09 6.228790582280373106e-07
1.579500000000000000e+04 5.610895658267179876e-07 4.840193656501088234e-09 5.562493721702170077e-07
1.580000000000000000e+04 3.432008094149791483e-07 5.461718234678168147e-09 3.377390911803009587e-07
1.580500000000000000e+04 4.892087675919837551e-07 6.091544982213843954e-09 4.831172226097698954e-07
1.581000000000000000e+04 3.076013766737439195e-07 6.331613360723263456e-09 3.012697633130206395e-07
1.581500000000000000e+04 4.376473933697679955e-08 6.383008264275490586e-09 3.738173107270130814e-08
1.582000000000000000e+04 2.548379524871654012e-08 6.469316935807629625e-09 1.901447831290891049e-08
1.582500000000000000e+04 1.061253645680836789e-07 6.506068193108017057e-09 9.961929637497566431e-08
1.583000000000000000e+04 5.335169399743754463e-07 6.500902049751423944e-09 5.270160379246241705e-07
1.583500000000000000e+04 6.611253474452876031e-07 6.696754369101623421e-09 6.544285930761859508e-07
1.584000000000000000e+04 3.601631212131375863e-07 7.390250753977234957e-09 3.527728704591603976e-07
1.584500000000000000e+04 4.333804849375145310e-07 8.139093870473147246e-09 4.252413910670414185e-07
1.585000000000000000e+04 3.892097381774218819e-07 8.613355436751679183e-09 3.805963827406701845e-07
1.585500000000000000e+04 8.776108450484398585e-08 8.650108481030920031e-09 7.911097602381305258e-08
1.586000000000000000e+04 3.438316145681742765e-08 8.792569474122220133e-09 2.559059198269520255e-08
1.586500000000000000e+04 6.029823620612029037e-08 8.816223458348674619e-09 5.148201274777161906e-08
1.587000000000000000e+04 4.055547374044859790e-07 8.850114076793237625e-09 3.967046233276927348e-07
1.587500000000000000e+04 7.172201278258748552e-07 8.896410703521613208e-09 7.083237171223532900e-07
1.588000000000000000e+04 4.358923566783027574e-07 9.580068899444827027e-09 4.263122877788579602e-07
1.588500000000000000e+04 3.684883047226805976e-07 1.042818385177676312e-08 3.580601208709038478e-07
1.589000000000000000e+04 4.355218705469870688e-07 1.114746290497355990e-08 4.243744076420134725e-07
1.589500000000000000e+04 1.539132000441782151e-07 1.125163742644408141e-08 1.426615626177341502e-07
1.590000000000000000e+04 4.256655883694815114e-08 1.140701055528289492e-08 3.115954828166525953e-08
1.590500000000000000e+04 4.890667775477022963e-08 1.145787374023219081e-08 3.744880401453804048e-08
1.591000000000000000e+04 2.755884970709076116e-07 1.151480713081202181e-08 2.640736899400955534e-07
1.591500000000000000e+04 7.073505374871953851e-07 1.146901028105171081e-08 6.958815272061435618e-07
1.592000000000000000e+04 5.504929896765056716e-07 1.202207903814965464e-08 5.384709106383560533e-07
1.592500000000000000e+04 3.280720881924984573e-07 1.296415699566438566e-08 3.151079311968340254e-07
1.593000000000000000e+04 4.367416304879768608e-07 1.387595849265201696e-08 4.228656719953248521e-07
1.593500000000000000e+04 2.334563718388242636e-07 1.417415558241827611e-08 2.192822162564060123e-07
1.594000000000000000e+04 5.464556284331793795e-08 1.428578396134980751e-08 4.035977888196812051e-08
1.594500000000000000e+04 5.788437684264204571e-08 1.441632202074551267e-08 4.346805482189652973e-08
1.595000000000000000e+04 1.720850761128938282e-07 1.446044026487813272e-08 1.576246358480157004e-07
1.595500000000000000e+04 6.307416201651820611e-07 1.441169401351442094e-08 6.163299261516675591e-07
1.596000000000000000e+04 6.685733291239147424e-07 1.473357318580976561e-08 6.538397559381049719e-07
1.596500000000000000e+04 3.384600277641739807e-07 1.573684029218224418e-08 3.227231874719917861e-07
1.597000000000000000e+04 3.994054068087587171e-07 1.677311957187895857e-08 3.826322872368797155e-07
1.597500000000000000e+04 3.091941099473759187e-07 1.736470306027085595e-08 2.918294068871050197e-07
1.598000000000000000e+04 7.882434785047061033e-08 1.742933679798371244e-08 6.139501105248690120e-08
1.598500000000000000e+04 7.212387334261248601e-08 1.764910862194947872e-08 5.447476472066300399e-08
1.599000000000000000e+04 1.107958367971757101e-07 1.767611133713455273e-08 9.311972546004116733e-08
1.599500000000000000e+04 5.072774800326300824e-07 1.767977934590427323e-08 4.895977006867257794e-07
1.600000000000000000e+04 7.514155327834902625e-07 1.775526433801243559e-08 7.336602684454777475e-07
1.600500000000000000e+04 4.084280225381079975e-07 1.872070594179386614e-08 3.897073165963140718e-07
1.601000000000000000e+04 3.458019866377917654e-07 1.984562067279139031e-08 3.259563659650004280e-07
1.601500000000000000e+04 3.617017807273187248e-07 2.074176312837985574e-08 3.409600175989388095e-07
1.602000000000000000e+04 1.207451108419613000e-07 2.085089887116579916e-08 9.989421197079547768e-08
1.602500000000000000e+04 8.232895633804278401e-08 2.110033575579551920e-08 6.122862058224726811e-08
1.603000000000000000e+04 9.148081474201288965e-08 2.116203567809242684e-08 7.031877906392045620e-08
1.603500000000000000e+04 3.695213771223586821e-07 2.120731467648515304e-08 3.483140624458735820e-07
1.604000000000000000e+04 7.704870031513145416e-07 2.112211127849869023e-08 7.493648918728158778e-07
1.604500000000000000e+04 5.248527194361847592e-07 2.189810683995576793e-08 5.029546125962289151e-07
1.605000000000000000e+04 3.068799888750830937e-07 2.310642462034872076e-08 2.837735642547343762e-07
1.605500000000000000e+04 3.777932971772237959e-07 2.423194730073126036e-08 3.535613498764925090e-07
1.606000000000000000e+04 1.784027292471987926e-07 2.454110210130325512e-08 1.538616271458955771e-07
1.606500000000000000e+04 8.803534001493854738e-08 2.473229474171950504e-08 6.330304527321903903e-08
1.607000000000000000e+04 1.010700710720785306e-07 2.490069563579812170e-08 7.616937543628042213e-08
1.607500000000000000e+04 2.507203421567602627e-07 2.494211593053120811e-08 2.257782262262290513e-07
1.608000000000000000e+04 7.172801942487743610e-07 2.482785901205866256e-08 6.924523352367156753e-07
1.608500000000000000e+04 6.562592472015791736e-07 2.528391767787272524e-08 6.309753295237063358e-07
1.609000000000000000e+04 3.110081326110795621e-07 2.654695553230753411e-08 2.844611770787719751e-07
1.609500000000000000e+04 3.575257184715490428e-07 2.780344313096380705e-08 3.297222753405852357e-07
1.610000000000000000e+04 2.408742387303869084e-07 2.844228428298454124e-08 2.124319544474023771e-07
1.610500000000000000e+04 9.584020527938913821e-08 2.854490092892127329e-08 6.729530435046786161e-08
1.611000000000000000e+04 1.212218452077333401e-07 2.884034397966689731e-08 9.238150122806644279e-08
1.611500000000000000e+04 1.736032939563984270e-07 2.886522022083819646e-08 1.447380737355602438e-07
1.612000000000000000e+04 6.058072603404051341e-07 2.881316866679037973e-08 5.769940916736148073e-07
1.612500000000000000e+04 7.632488146217976696e-07 2.892413878087051796e-08 7.343246758409270491e-07
1.613000000000000000e+04 3.727704830862630800e-07 3.013512535569190683e-08 3.426353577305711533e-07
1.613500000000000000e+04 3.163516919461081050e-07 3.146744567641704560e-08 2.848842462696910461e-07
1.614000000000000000e+04 2.918830175740116522e-07 3.245913527813314116e-08 2.594238822958785375e-07
1.614500000000000000e+04 1.140741799027299498e-07 3.256004779521568701e-08 8.151413210751426284e-08
1.615000000000000000e+04 1.366873836483590911e-07 3.291110716359917975e-08 1.037762764847599047e-07
1.615500000000000000e+04 1.441566765128108732e-07 3.297670801136514164e-08 1.111799685014457117e-07
1.616000000000000000e+04 4.669312266511023283e-07 3.299051300949819173e-08 4.339407136416041366e-07
1.616500000000000000e+04 8.121365395165084194e-07 3.286159474156103630e-08 7.792749447749472177e-07
1.617000000000000000e+04 4.861860658566688545e-07 3.384339493785626072e-08 4.523426709188126203e-07
1.617500000000000000e+04 2.809153718137207762e-07 3.524607639693809629e-08 2.456692954167827064e-07
1.618000000000000000e+04 3.169200987046308730e-07 3.650219638888776943e-08 2.804179023157431036e-07
1.618500000000000000e+04 1.467236828924038389e-07 3.677856273777614004e-08 1.099451201546277386e-07
1.619000000000000000e+04 1.409576945672994552e-07 3.706376089885012475e-08 1.038939336684493503e-07
1.619500000000000000e+04 1.522473556680853959e-07 3.726006035461188860e-08 1.149872953134734941e-07
1.620000000000000000e+04 3.369336444719963220e-07 3.728802408197660681e-08 2.996456203900197152e-07
1.620500000000000000e+04 7.867654631891930705e-07 3.709204832147996084e-08 7.496734148677130567e-07
1.621000000000000000e+04 6.252431178603134544e-07 3.768125815888755983e-08 5.875618597014259938e-07
1.621500000000000000e+04 2.796333788151348459e-07 3.913572745561615318e-08 2.404976513595186530e-07
1.622000000000000000e+04 3.108061506987080802e-07 4.053041962297264629e-08 2.702757310757354736e-07
1.622500000000000000e+04 1.897298286635708820e-07 4.114547271883401479e-08 1.485843559447368407e-07
1.623000000000000000e+04 1.371484300933495454e-07 4.129662206613149625e-08 9.585180802721806237e-08
1.623500000000000000e+04 1.780870555850364314e-07 4.165911136463719679e-08 1.364279442203992082e-07
1.624000000000000000e+04 2.449108308661967837e-07 4.167638329840441511e-08 2.032344475677923752e-07
1.624500000000000000e+04 6.940273601336683441e-07 4.154680680286322218e-08 6.524805533308051948e-07
1.625000000000000000e+04 7.519589901767664129e-07 4.169830223905709380e-08 7.102606879377093191e-07
1.625500000000000000e+04 3.314864362837241159e-07 4.310022362968713560e-08 2.883862126540369406e-07
1.626000000000000000e+04 2.820822697640890134e-07 4.455709203273382922e-08 2.375251777313551776e-07
1.626500000000000000e+04 2.316946680364624104e-07 4.555689623165201211e-08 1.861377718048103785e-07
1.627000000000000000e+04 1.342624363230622123e-07 4.564158164278608756e-08 8.862085468027613796e-08
1.627500000000000000e+04 2.013493977428863514e-07 4.609317109931569779e-08 1.552562266435706801e-07
1.628000000000000000e+04 2.038124340221898130e-07 4.615565414348317462e-08 1.576567798787066715e-07
1.628500000000000000e+04 5.610109185108956649e-07 4.611939686316810243e-08 5.148915216477274566e-07
1.629000000000000000e+04 8.292770780989104857e-07 4.594700954989228784e-08 7.833300685490180589e-07
1.629500000000000000e+04 4.374165391613734883e-07 4.710177667232901565e-08 3.903147624890444462e-07
1.630000000000000000e+04 2.517660507369866405e-07 4.861399011061097983e-08 2.031520606263756740e-07
1.630500000000000000e+04 2.589486951500691485e-07 4.990827144635402010e-08 2.090404237037150754e-07
1.631000000000000000e+04 1.409622303193321911e-07 5.011477870096633524e-08 9.084745161836585590e-08
1.631500000000000000e+04 2.090628033633729761e-07 5.050178865001728226e-08 1.585610147133556740e-07
1.632000000000000000e+04 2.081709985606307635e-07 5.071378917210528499e-08 1.574572093885255116e-07
1.632500000000000000e+04 4.249887081637254015e-07 5.071772280120424485e-08 3.742709853625211566e-07
1.633000000000000000e+04 8.341030605046754323e-07 5.043035275889118380e-08 7.836727077457843477e-07
1.633500000000000000e+04 5.779641560243428896e-07 5.114182271131646971e-08 5.268223333130265258e-07
1.634000000000000000e+04 2.463495257263886713e-07 5.270552282229459110e-08 1.936440029040941066e-07
1.634500000000000000e+04 2.627741197311976738e-07 5.414677876832175263e-08 2.086273409628759212e-07
1.635000000000000000e+04 1.600077838912124317e-07 5.467140147386153032e-08 1.053363824173508881e-07
1.635500000000000000e+04 1.992996108983499414e-07 5.488041370836254479e-08 1.444191971899874164e-07
1.636000000000000000e+04 2.387152109888177902e-07 5.529548835480725524e-08 1.834197226340105482e-07
1.636500000000000000e+04 3.202474635080420843e-07 5.530025591384096111e-08 2.649472075942011099e-07
1.637000000000000000e+04 7.655368663708108261e-07 5.507650622354251534e-08 7.104603601472683306e-07
1.637500000000000000e+04 7.185337774810093698e-07 5.527116956890092746e-08 6.632626079121084291e-07
1.638000000000000000e+04 2.874463132573070786e-07 5.679453539475059353e-08 2.306517778625565512e-07
1.638500000000000000e+04 2.453400700052343867e-07 5.828476986096944961e-08 1.870553001442649106e-07
1.639000000000000000e+04 1.861488073939037480e-07 5.920550616878066743e-08 1.269433012251230739e-07
1.639500000000000000e+04 1.796527029294345938e-07 5.927101613159202142e-08 1.203816867978425922e-07
1.640000000000000000e+04 2.714000824555515125e-07 5.981353351395269461e-08 2.115865489415988046e-07
1.640500000000000000e+04 2.668466866210985351e-07 5.986671431005339029e-08 2.069799723110451845e-07
1.641000000000000000e+04 6.451041755103859263e-07 5.976436809489875554e-08 5.853398074154873561e-07
1.641500000000000000e+04 8.207485754910057888e-07 5.955266395188196680e-08 7.611959115391237691e-07
1.642000000000000000e+04 3.821295834994999519e-07 6.083366376113747592e-08 3.212959197383625554e-07
1.642500000000000000e+04 2.212262430361033036e-07 6.236303961749694125e-08 1.588632034186063623e-07
1.643000000000000000e+04 2.086233534987001617e-07 6.360003808772368777e-08 1.450233154109764872e-07
1.643500000000000000e+04 1.617123959800836279e-07 6.370869376916030125e-08 9.800370221092330016e-08
1.644000000000000000e+04 2.869631569946578564e-07 6.419757779731513513e-08 2.227655791973427212e-07
1.644500000000000000e+04 2.653475695871179225e-07 6.441237244216482458e-08 2.009351971449531111e-07
1.645000000000000000e+04 5.089030860792461611e-07 6.438263769561591647e-08 4.445204483836304299e-07
1.645500000000000000e+04 8.558573393910604715e-07 6.400104751525836424e-08 7.918562918758022529e-07
1.646000000000000000e+04 5.180298358384330987e-07 6.481415501856274722e-08 4.532156808198703250e-07
1.646500000000000000e+04 2.132201323131161070e-07 6.639642311574089167e-08 1.468237091973752153e-07
1.647000000000000000e+04 2.171817190477615461e-07 6.778885314831718482e-08 1.493928658994443348e-07
1.647500000000000000e+04 1.543795700735641616e-07 6.816566055788412962e-08 8.621390951568004517e-08
1.648000000000000000e+04 2.773206766524032666e-07 6.843899989725689693e-08 2.088816767551463829e-07
1.648500000000000000e+04 2.989653507975881961e-07 6.888806579957331937e-08 2.300772849980148502e-07
1.649000000000000000e+04 3.947639161888368239e-07 6.887640606160432693e-08 3.258875101272325367e-07
1.649500000000000000e+04 8.151341105448899428e-07 6.854802009695178078e-08 7.465860904479382547e-07
1.650000000000000000e+04 6.656145225228675965e-07 6.878525838495012357e-08 5.968292641379175127e-07
1.650500000000000000e+04 2.436035499334251667e-07 7.035023585860191856e-08 1.732533140748232879e-07
1.651000000000000000e+04 2.087338378442222397e-07 7.178005027085329786e-08 1.369537875733689550e-07
1.651500000000000000e+04 1.592459953837164109e-07 7.254109839957748190e-08 8.670489698413891574e-08
1.652000000000000000e+04 2.466884544528967090e-07 7.258879696606475705e-08 1.740996574868319255e-07
1.652500000000000000e+04 3.416652249717845432e-07 7.320514378790727017e-08 2.684600811838772862e-07
1.653000000000000000e+04 3.293914166517020822e-07 7.324435803207540948e-08 2.561470586196266727e-07
1.653500000000000000e+04 7.131962294645739468e-07 7.306351378325487879e-08 6.401327156813192136e-07
1.654000000000000000e+04 7.873324967969905565e-07 7.281973615859577043e-08 7.145127606383948787e-07
1.654500000000000000e+04 3.242827871891510211e-07 7.416918910944943307e-08 2.501135980797016013e-07
1.655000000000000000e+04 1.911974776146622940e-07 7.562174527454448974e-08 1.155757323401177910e-07
1.655500000000000000e+04 1.702476191779780049e-07 7.670962032984404096e-08 9.353799884813399040e-08
1.656000000000000000e+04 2.075555074182973949e-07 7.670289560926147990e-08 1.308526118090359018e-07
1.656500000000000000e+04 3.686435137739150340e-07 7.728566985033875641e-08 2.913578439235762909e-07
1.657000000000000000e+04 3.202475058819503728e-07 7.749110448318716105e-08 2.427564013987632118e-07
1.657500000000000000e+04 5.828688936510333203e-07 7.741958603807266997e-08 5.054493076129606768e-07
1.658000000000000000e+04 8.505146749371046556e-07 7.694768966200711527e-08 7.735669852750975403e-07
1.658500000000000000e+04 4.499174915678555455e-07 7.783301210556722174e-08 3.720844794622883767e-07
1.659000000000000000e+04 1.822269892091423552e-07 7.934068796944102526e-08 1.028863012397013034e-07
1.659500000000000000e+04 1.777425051546206333e-07 8.059138424243878939e-08 9.715112091218185715e-08
1.660000000000000000e+04 1.737113419927016822e-07 8.077615561153973678e-08 9.293518638116193223e-08
1.660500000000000000e+04 3.650954158673350014e-07 8.111612379255405726e-08 2.839792920747809970e-07
1.661000000000000000e+04 3.548366073638000620e-07 8.157847696627208855e-08 2.732581303975279602e-07
1.661500000000000000e+04 4.635487004021019331e-07 8.154760295581189179e-08 3.820010974462900810e-07
1.662000000000000000e+04 8.392174293716458280e-07 8.111088818075349066e-08 7.581065411908924300e-07
1.662500000000000000e+04 5.972740048624785069e-07 8.138638541995130397e-08 5.158876194425272691e-07
1.663000000000000000e+04 2.027774862546511177e-07 8.290809312981614726e-08 1.198693931248349969e-07
1.663500000000000000e+04 1.749734995776073555e-07 8.418708383171881131e-08 9.078641574588855746e-08
1.664000000000000000e+04 1.536460325223363484e-07 8.472014573398315579e-08 6.892588678835316618e-08
1.664500000000000000e+04 3.301790024824531737e-07 8.475450054747453721e-08 2.454245019349786365e-07
1.665000000000000000e+04 4.070844672732596257e-07 8.542180485080573714e-08 3.216626624224538754e-07
1.665500000000000000e+04 3.875430645591023994e-07 8.544427859269999888e-08 3.020987859664023608e-07
1.666000000000000000e+04 7.603683078377439323e-07 8.517694180785316700e-08 6.751913660298906594e-07
1.666500000000000000e+04 7.316819660315965880e-07 8.491051551397690508e-08 6.467714505176196962e-07
1.667000000000000000e+04 2.678950740908074722e-07 8.626331883021472266e-08 1.816317552605927628e-07
1.667500000000000000e+04 1.635860421222555608e-07 8.754951432034660041e-08 7.603652780190892066e-08
1.668000000000000000e+04 1.473456642714229730e-07 8.840642337445928017e-08 5.893924089696371933e-08
1.668500000000000000e+04 2.751496176341420280e-07 8.827762373818635515e-08 1.868719938959556729e-07
1.669000000000000000e+04 4.479130235901634292e-07 8.893882869457655708e-08 3.589741948955868986e-07
1.669500000000000000e+04 3.695120219947219862e-07 8.912467420991349929e-08 2.803873477848084737e-07
1.670000000000000000e+04 6.416731057710907145e-07 8.900518004417701633e-08 5.526679257269136452e-07
1.670500000000000000e+04 8.186016384454911526e-07 8.845314460409119009e-08 7.301484938414000155e-07
1.671000000000000000e+04 3.786127767999250891e-07 8.937409496978832393e-08 2.892386818301368049e-07
1.671500000000000000e+04 1.551542069644016907e-07 9.071772592762188577e-08 6.443648103677980496e-08
1.672000000000000000e+04 1.478586496460352033e-07 9.174248582923803007e-08 5.611616381679717980e-08
1.672500000000000000e+04 2.169673644594778498e-07 9.170685373548126047e-08 1.252605107239965364e-07
1.673000000000000000e+04 4.558305167250716296e-07 9.211073582469876794e-08 3.637197809003728088e-07
1.673500000000000000e+04 4.027231218814546072e-07 9.256559888360848578e-08 3.101575229978461347e-07
1.674000000000000000e+04 5.219587241243837445e-07 9.251382522676909422e-08 4.294448988976146767e-07
1.674500000000000000e+04 8.360710603322888831e-07 9.197209839947623210e-08 7.440989619328127569e-07
1.675000000000000000e+04 5.186844819289605535e-07 9.227771419387376711e-08 4.264067677350868393e-07
1.675500000000000000e+04 1.674578407205441061e-07 9.367196721717877720e-08 7.378587350336536858e-08
1.676000000000000000e+04 1.466945467931028080e-07 9.471893021283778049e-08 5.197561658026502094e-08
1.676500000000000000e+04 1.704313788900511506e-07 9.497272934839641285e-08 7.545864954165471133e-08
1.677000000000000000e+04 4.236916097327840490e-07 9.499994930264484951e-08 3.286916604301392127e-07
1.677500000000000000e+04 4.630656723094665050e-07 9.569177980417309323e-08 3.673738925052935044e-07
1.678000000000000000e+04 4.375999698029886577e-07 9.569661404416161376e-08 3.419033557588269646e-07
1.678500000000000000e+04 7.831811062686210849e-07 9.533973002230489745e-08 6.878413762463160815e-07
1.679000000000000000e+04 6.581068860258254934e-07 9.506133602202889960e-08 5.630455500037966203e-07
1.679500000000000000e+04 2.167410115580996148e-07 9.634938504730248050e-08 1.203916265107971343e-07
1.680000000000000000e+04 1.402006374294220727e-07 9.738996453850722041e-08 4.281067289091483905e-08
1.680500000000000000e+04 1.423688200878289039e-07 9.794978435910930353e-08 4.441903572871960701e-08
1.681000000000000000e+04 3.594684284467298258e-07 9.770244846567507111e-08 2.617659799810547017e-07
1.681500000000000000e+04 5.188633422741713585e-07 9.842045465636214787e-08 4.204428876178092239e-07
1.682000000000000000e+04 4.101436590652827122e-07 9.857916431982485568e-08 3.115644947454578301e-07
1.682500000000000000e+04 6.810889083997288525e-07 9.840772732391075169e-08 5.826811810758182066e-07
1.683000000000000000e+04 7.626471074142362789e-07 9.779121167107996084e-08 6.648558957431560799e-07
1.683500000000000000e+04 3.092152490232375910e-07 9.870628756459300663e-08 2.105089614586446108e-07
1.684000000000000000e+04 1.334949188255375132e-07 9.980616533516783048e-08 3.368875349036968930e-08
1.684500000000000000e+04 1.303570444795867010e-07 1.005351803011148636e-07 2.982186417847186390e-08
1.685000000000000000e+04 2.812584639834942448e-07 1.002679064874311427e-07 1.809905574960631418e-07
1.685500000000000000e+04 5.425715365711899782e-07 1.007278030348987505e-07 4.418437335362912145e-07
1.686000000000000000e+04 4.396310235579534453e-07 1.011561540197180655e-07 3.384748695382354062e-07
1.686500000000000000e+04 5.659448857597886955e-07 1.010827014937178032e-07 4.648621842660709717e-07
1.687000000000000000e+04 8.060113038066448455e-07 1.004461289760766162e-07 7.055651748305682690e-07
1.687500000000000000e+04 4.357030759332352269e-07 1.007701300143853890e-07 3.349329459188498379e-07
1.688000000000000000e+04 1.396457308729040385e-07 1.019592562072144565e-07 3.768647466568956881e-08
1.688500000000000000e+04 1.262764874309160525e-07 1.027075514727069936e-07 2.356893595820902254e-08
1.689000000000000000e+04 2.089849429340764514e-07 1.026511624554408964e-07 1.063337804786355549e-07
1.689500000000000000e+04 5.200407318213613322e-07 1.026777985773559440e-07 4.173629332440053882e-07
1.690000000000000000e+04 5.057932059194894267e-07 1.033665498632745727e-07 4.024266560562149070e-07
1.690500000000000000e+04 4.762946029665471288e-07 1.033544323880301265e-07 3.729401705785169758e-07
1.691000000000000000e+04 7.799568361241982851e-07 1.029102223173189876e-07 6.770466138068792842e-07
1.691500000000000000e+04 5.722302216964887662e-07 1.026308479689557582e-07 4.695993737275329815e-07
1.692000000000000000e+04 1.740756127808904458e-07 1.037877128602113276e-07 7.028789992067913150e-08
1.692500000000000000e+04 1.226531662953586680e-07 1.045189445602487470e-07 1.813422173510991435e-08
1.693000000000000000e+04 1.564720110929396975e-07 1.047358576923547682e-07 5.173615340058494253e-08
1.693500000000000000e+04 4.541739793387753049e-07 1.043823813606471938e-07 3.497915979781281641e-07
1.694000000000000000e+04 5.762971742243925915e-07 1.051312688086783917e-07 4.711659054157142130e-07
1.694500000000000000e+04 4.396721979289469570e-07 1.052582847273317465e-07 3.344139132016153296e-07
1.695000000000000000e+04 6.982086530589546453e-07 1.050334076497340581e-07 5.931752454092205474e-07
1.695500000000000000e+04 6.869886398300984548e-07 1.043724841608907570e-07 5.826161556692075786e-07
1.696000000000000000e+04 2.465442025284801931e-07 1.052379838273362651e-07 1.413062187011438883e-07
1.696500000000000000e+04 1.183837615465503945e-07 1.060296164492801988e-07 1.235414509727020728e-08
1.697000000000000000e+04 1.272533160674281268e-07 1.064122579303216501e-07 2.084105813710644031e-08
1.697500000000000000e+04 3.620359974860081979e-07 1.059191323223796936e-07 2.561168651636285572e-07
1.698000000000000000e+04 6.187270096711523114e-07 1.064223868622507765e-07 5.123046228089016275e-07
1.698500000000000000e+04 4.633440695743681796e-07 1.068083478902243094e-07 3.565357216841438835e-07
1.699000000000000000e+04 5.923510106824277555e-07 1.067131328218971517e-07 4.856378778605306567e-07
1.699500000000000000e+04 7.513786701522253088e-07 1.059982594141071358e-07 6.453804107381182524e-07
1.700000000000000000e+04 3.544087105829716841e-07 1.063258926967584504e-07 2.480828178862131808e-07
1.700500000000000000e+04 1.207418814363595597e-07 1.072442784655982814e-07 1.349760297076127830e-08
1.701000000000000000e+04 1.156659589621136010e-07 1.076462430487062916e-07 8.019715913407299498e-09
1.701500000000000000e+04 2.669966820682158279e-07 1.072707787863195018e-07 1.597259032818962467e-07
1.702000000000000000e+04 6.118368971435869324e-07 1.073026085258648134e-07 5.045342886177221454e-07
1.702500000000000000e+04 5.324687967099475232e-07 1.079617653314895521e-07 4.245070313784579843e-07
1.703000000000000000e+04 5.010084847662260214e-07 1.079344517574766041e-07 3.930740330087494570e-07
1.703500000000000000e+04 7.509342353185184530e-07 1.074105325109697050e-07 6.435237028075485760e-07
1.704000000000000000e+04 4.805430126521929835e-07 1.071405412453433667e-07 3.734024714068495771e-07
1.704500000000000000e+04 1.424113004982400462e-07 1.081062850884671553e-07 3.430501540977286439e-08
1.705000000000000000e+04 1.122649083836348440e-07 1.084842006164141766e-07 3.780707767220656659e-09
1.705500000000000000e+04 1.893809597436859052e-07 1.083357322730172531e-07 8.104522747066866534e-08
1.706000000000000000e+04 5.520957395340817775e-07 1.078954866827712396e-07 4.442002528513105511e-07
1.706500000000000000e+04 6.160937494952668351e-07 1.086472533866253280e-07 5.074464961086416129e-07
1.707000000000000000e+04 4.562894110586806417e-07 1.087408534981215510e-07 3.475485575605590643e-07
1.707500000000000000e+04 6.916911112441401230e-07 1.084637438816901392e-07 5.832273673624499971e-07
1.708000000000000000e+04 5.974370714350905412e-07 1.077815805079963936e-07 4.896554909270941344e-07
1.708500000000000000e+04 1.947771966463893914e-07 1.085546741877557751e-07 8.622252245863365598e-08
1.709000000000000000e+04 1.105551633725587684e-07 1.089932846310736916e-07 1.561878741485096662e-09
1.709500000000000000e+04 1.395634472957965550e-07 1.090015921351923359e-07 3.056185516060419931e-08
1.710000000000000000e+04 4.534200017859679036e-07 1.083040702678807248e-07 3.451159315180871919e-07
1.710500000000000000e+04 6.785595543471966671e-07 1.088342297490742393e-07 5.697253245981224543e-07
1.711000000000000000e+04 4.725315525709881144e-07 1.091659328613539362e-07 3.633656197096341385e-07
1.711500000000000000e+04 5.991647790919142428e-07 1.090494351624443912e-07 4.901153439294698384e-07
1.712000000000000000e+04 6.763730413728323853e-07 1.082783563286112158e-07 5.680946850442212622e-07
1.712500000000000000e+04 2.806291581929190149e-07 1.085927268979290233e-07 1.720364312949899651e-07
1.713000000000000000e+04 1.114868924834010972e-07 1.091916360346138483e-07 2.295256448787246410e-09
1.713500000000000000e+04 1.162159923317963288e-07 1.092218295486297237e-07 6.994162783166631584e-09
1.714000000000000000e+04 3.406036952257769258e-07 1.085404674845590588e-07 2.320632277412178405e-07
1.714500000000000000e+04 6.920508528191471668e-07 1.085816367797802672e-07 5.834692160393668466e-07
1.715000000000000000e+04 5.414696541690232603e-07 1.091877131810953820e-07 4.322819409879278783e-07
1.715500000000000000e+04 5.099580055546772071e-07 1.091475134350514867e-07 4.008104921196256542e-07
1.716000000000000000e+04 6.982808291422802198e-07 1.085568038843845829e-07 5.897240252578955443e-07
1.716500000000000000e+04 3.898942715280267214e-07 1.083050305809181634e-07 2.815892409471085845e-07
1.717000000000000000e+04 1.233630589103511643e-07 1.090307215714408243e-07 1.433233733891037307e-08
1.717500000000000000e+04 1.099807907894755132e-07 1.090341153329554720e-07 9.466754565200558393e-10
1.718000000000000000e+04 2.393658368070523451e-07 1.085225008134355024e-07 1.308433359936167898e-07
1.718500000000000000e+04 6.457792036137775142e-07 1.080196210334199881e-07 5.377595825803575261e-07
1.719000000000000000e+04 6.354840936317279663e-07 1.087464024359369038e-07 5.267376911957909301e-07
1.719500000000000000e+04 4.589490078500411464e-07 1.088073072655996526e-07 3.501417005844414673e-07
1.720000000000000000e+04 6.619007875172656175e-07 1.084821321125521703e-07 5.534186554047134869e-07
1.720500000000000000e+04 5.008251892956349700e-07 1.078033581692206037e-07 3.930218311264143001e-07
1.721000000000000000e+04 1.571502097288329585e-07 1.084452894714021897e-07 4.870492025743078869e-08
1.721500000000000000e+04 1.103250179463745321e-07 1.085090915454732385e-07 1.815926400901280532e-09
1.722000000000000000e+04 1.671811699436242411e-07 1.081396974954153568e-07 5.904147244820883134e-08
1.722500000000000000e+04 5.486381647120066625e-07 1.072724211915153549e-07 4.413657435204913208e-07
1.723000000000000000e+04 7.176049987401342579e-07 1.078106085049451315e-07 6.097943902351891263e-07
1.723500000000000000e+04 4.667965040217943645e-07 1.080806026472864307e-07 3.587159013745079735e-07
1.724000000000000000e+04 5.857000427274855796e-07 1.079438642898358545e-07 4.777561784376497119e-07
1.724500000000000000e+04 5.867422852403775764e-07 1.071429418157450123e-07 4.795993434246325244e-07
1.725000000000000000e+04 2.194970606623680677e-07 1.074261878153859057e-07 1.120708728469821488e-07
1.725500000000000000e+04 1.119532325198663435e-07 1.076776173980645697e-07 4.275615121801795356e-09
1.726000000000000000e+04 1.285546213450735501e-07 1.073345494638912319e-07 2.122007188118229836e-08
1.726500000000000000e+04 4.246571697104465483e-07 1.063808830578690698e-07 3.182762866525774652e-07
1.727000000000000000e+04 7.545483947394034761e-07 1.064335007159409649e-07 6.481148940234624053e-07
1.727500000000000000e+04 5.324170035416468978e-07 1.069675174827599600e-07 4.254494860588868716e-07
1.728000000000000000e+04 5.023383614549556572e-07 1.069168045622449665e-07 3.954215568927105848e-07
1.728500000000000000e+04 6.259565320843218067e-07 1.062770948500768689e-07 5.196794372342448717e-07
1.729000000000000000e+04 3.069579151847801821e-07 1.060501034888715007e-07 2.009078116959087078e-07
1.729500000000000000e+04 1.175704995239340925e-07 1.065018572197139744e-07 1.106864230422012644e-08
1.730000000000000000e+04 1.162957101956434397e-07 1.061337113776806752e-07 1.016199881796279764e-08
1.730500000000000000e+04 3.033289968854776167e-07 1.052854190222798954e-07 1.980435778631976948e-07
1.731000000000000000e+04 7.280600759284168025e-07 1.047465507007926696e-07 6.233135252276241859e-07
1.731500000000000000e+04 6.332178630795858711e-07 1.054227027337381560e-07 5.277951603458476489e-07
1.732000000000000000e+04 4.474284009211998898e-07 1.054534526758665111e-07 3.419749482453334978e-07
1.732500000000000000e+04 6.109228857771128692e-07 1.050875237067440265e-07 5.058353620703688957e-07
1.733000000000000000e+04 4.044766093262282418e-07 1.044364751543090730e-07 3.000401341719191423e-07
1.733500000000000000e+04 1.357418394470515459e-07 1.049157796988038394e-07 3.082605974824774616e-08
1.734000000000000000e+04 1.175920496833555340e-07 1.046076058934228135e-07 1.298444378993273369e-08
1.734500000000000000e+04 2.088357964038963641e-07 1.038819582994745699e-07 1.049538381044217942e-07
1.735000000000000000e+04 6.405425281356394644e-07 1.028895656415244509e-07 5.376529624941149738e-07
1.735500000000000000e+04 7.329871001329431079e-07 1.034159735884815655e-07 6.295711265444616086e-07
1.736000000000000000e+04 4.466662551067391574e-07 1.036211689611377209e-07 3.430450861456014232e-07
1.736500000000000000e+04 5.526924981189186779e-07 1.034660094536545952e-07 4.492264886652641489e-07
1.737000000000000000e+04 4.893471086462067450e-07 1.026642496419133861e-07 3.866828590042933590e-07
1.737500000000000000e+04 1.750706871268020458e-07 1.028989619963266645e-07 7.217172513047539449e-08
1.738000000000000000e+04 1.215837609864893136e-07 1.027980392663269192e-07 1.878572172016237446e-08
1.738500000000000000e+04 1.524958608482627989e-07 1.021043663461682471e-07 5.039149450209453862e-08
1.739000000000000000e+04 5.130989706980133602e-07 1.009293848347943469e-07 4.121695858632190000e-07
1.739500000000000000e+04 7.945519862031075775e-07 1.009933596765584098e-07 6.935586265265491015e-07
1.740000000000000000e+04 5.061551749831308570e-07 1.014418126797778304e-07 4.047133623033529869e-07
1.740500000000000000e+04 4.784140062671974236e-07 1.013828058465294749e-07 3.770312004206679487e-07
1.741000000000000000e+04 5.394358202292488279e-07 1.007159844965998874e-07 4.387198357326488611e-07
1.741500000000000000e+04 2.377203393808046249e-07 1.005174866176055523e-07 1.372028527631991123e-07
1.742000000000000000e+04 1.246981641902545406e-07 1.006795417197087561e-07 2.401862247054580104e-08
1.742500000000000000e+04 1.311982090636906556e-07 9.996691525907734243e-08 3.123129380461331322e-08
1.743000000000000000e+04 3.770053912334106974e-07 9.883044864664241149e-08 2.781749425867682992e-07
1.743500000000000000e+04 7.926176495574758009e-07 9.828255350592880939e-08 6.943350960515470445e-07
1.744000000000000000e+04 6.096126482382179457e-07 9.888638782632247931e-08 5.107262604118955061e-07
1.744500000000000000e+04 4.223504256198257558e-07 9.889079305433025372e-08 3.234596325654955550e-07
1.745000000000000000e+04 5.424479325307838850e-07 9.849460901944269564e-08 4.439533235113412291e-07
1.745500000000000000e+04 3.156381804304574867e-07 9.789342928390705696e-08 2.177447511465505092e-07
1.746000000000000000e+04 1.313555858852592052e-07 9.818886797512456561e-08 3.316671791013463957e-08
1.746500000000000000e+04 1.318553126407989058e-07 9.753618419496526578e-08 3.431912844583362017e-08
1.747000000000000000e+04 2.621398001143037669e-07 9.649899859059435982e-08 1.656408015237093938e-07
1.747500000000000000e+04 7.221624207461315171e-07 9.543240687133384031e-08 6.267300138747977297e-07
1.748000000000000000e+04 7.236059314474860922e-07 9.592787459470286787e-08 6.276780568527831979e-07
1.748500000000000000e+04 4.135317086106824055e-07 9.606922225737314095e-08 3.174624863533092513e-07
1.749000000000000000e+04 5.022961508083353486e-07 9.589851190942623153e-08 4.063976388989091039e-07
1.749500000000000000e+04 3.916363809539710446e-07 9.512551757518916687e-08 2.965108633787819174e-07
1.750000000000000000e+04 1.500484268409749459e-07 9.529643397094303223e-08 5.475199287003190045e-08
1.750500000000000000e+04 1.392684455001917750e-07 9.486226094721007430e-08 4.440618455298170072e-08
1.751000000000000000e+04 1.870047732420387612e-07 9.386326890167206901e-08 9.314150434036669214e-08
1.751500000000000000e+04 5.994195274089755995e-07 9.253121746648386387e-08 5.068883099424917753e-07
1.752000000000000000e+04 8.089939314700894278e-07 9.260443965088985967e-08 7.163894918191996873e-07
1.752500000000000000e+04 4.646492130823108755e-07 9.295978851889765612e-08 3.716894245634132194e-07
1.753000000000000000e+04 4.395447839153335183e-07 9.289450026571575602e-08 3.466502836496177490e-07
1.753500000000000000e+04 4.453072122523499150e-07 9.222531683801032760e-08 3.530818954143395344e-07
1.754000000000000000e+04 1.870300051158096726e-07 9.205597562221975150e-08 9.497402949358992111e-08
1.754500000000000000e+04 1.435084229369860587e-07 9.193262690872623459e-08 5.157579602825983076e-08
1.755000000000000000e+04 1.541378572611050902e-07 9.092483732093983699e-08 6.321301994016527967e-08
1.755500000000000000e+04 4.552639694036116886e-07 8.956704792024526962e-08 3.656969214833663925e-07
1.756000000000000000e+04 8.344625037547794618e-07 8.903545156502567333e-08 7.454270521897537752e-07
1.756500000000000000e+04 5.664872162805800856e-07 8.955054272866260608e-08 4.769366735519174398e-07
1.757000000000000000e+04 3.851624539689332111e-07 8.953318159262439782e-08 2.956292723763088001e-07
1.757500000000000000e+04 4.615294956534183137e-07 8.912022491479051264e-08 3.724092707386278010e-07
1.758000000000000000e+04 2.409221999182109246e-07 8.858711311667902410e-08 1.523350868015318344e-07
1.758500000000000000e+04 1.435050638030358363e-07 8.869010614607482484e-08 5.481495765696099821e-08
1.759000000000000000e+04 1.522449363145232424e-07 8.774322009977045998e-08 6.450171621475278244e-08
1.759500000000000000e+04 3.237282835663204247e-07 8.645937821449481651e-08 2.372689053518255950e-07
1.760000000000000000e+04 7.872489529131820600e-07 8.537190726698143511e-08 7.018770456462005455e-07
1.760500000000000000e+04 6.901876916665288531e-07 8.581933394548860206e-08 6.043683577210402643e-07
1.761000000000000000e+04 3.695421185358381437e-07 8.590130034734037777e-08 2.836408181884977262e-07
1.761500000000000000e+04 4.379745063466510236e-07 8.571928106520687439e-08 3.522552252814441625e-07
1.762000000000000000e+04 3.010747494265691841e-07 8.500301988922008459e-08 2.160717295373490995e-07
1.762500000000000000e+04 1.455972007966197309e-07 8.509881408354995364e-08 6.049838671306979052e-08
1.763000000000000000e+04 1.634489904063972100e-07 8.437350879314611439e-08 7.907548161325112207e-08
1.763500000000000000e+04 2.302254156404758188e-07 8.313414103821826267e-08 1.470912746022575164e-07
1.764000000000000000e+04 6.771612233247960536e-07 8.171764174689406422e-08 5.954435815779020556e-07
1.764500000000000000e+04 7.967335402530185268e-07 8.179633301387194159e-08 7.149372072391465190e-07
1.765000000000000000e+04 4.108133673446230790e-07 8.205707071964647845e-08 3.287562966249766403e-07
1.765500000000000000e+04 3.881404641208824235e-07 8.198745459255366143e-08 3.061530095283287886e-07
1.766000000000000000e+04 3.507805012707494619e-07 8.134185894707050538e-08 2.694386423236789830e-07
1.766500000000000000e+04 1.582441691158299043e-07 8.119950921715520468e-08 7.704465989867469964e-08
1.767000000000000000e+04 1.719957714720633632e-07 8.081560539726236681e-08 9.118016607480098312e-08
1.767500000000000000e+04 1.840231851924443393e-07 7.958093312797502983e-08 1.044422520644693095e-07
1.768000000000000000e+04 5.324883928789488469e-07 7.808209799009660538e-08 4.544062948888523474e-07
1.768500000000000000e+04 8.503188893353124447e-07 7.758884662454254295e-08 7.727300427107698620e-07
1.769000000000000000e+04 5.069891339324151857e-07 7.800497278290131047e-08 4.289841611495138355e-07
1.769500000000000000e+04 3.380718788791239474e-07 7.797085179496806140e-08 2.601010270841558727e-07
1.770000000000000000e+04 3.742304610960475157e-07 7.755697580637278454e-08 2.966734852896747444e-07
1.770500000000000000e+04 1.858034416062333102e-07 7.710473654077154540e-08 1.086987050654618177e-07
1.771000000000000000e+04 1.704980110740031603e-07 7.702102668076910179e-08 9.347698439323401879e-08
1.771500000000000000e+04 1.775651529447696282e-07 7.584971064604772656e-08 1.017154422987219149e-07
1.772000000000000000e+04 3.894838791900993991e-07 7.439975834308790284e-08 3.150841208470115625e-07
1.772500000000000000e+04 8.307660127800951162e-07 7.334331814622329685e-08 7.574226946338720178e-07
1.773000000000000000e+04 6.351967382181939891e-07 7.372890039659692535e-08 5.614678378215970241e-07
1.773500000000000000e+04 3.174640183250893415e-07 7.375891231418023391e-08 2.437051060109090811e-07
1.774000000000000000e+04 3.642890725773736659e-07 7.357138497121139934e-08 2.907176876061622666e-07
1.774500000000000000e+04 2.245691912755725431e-07 7.293586246966165179e-08 1.516333288059108913e-07
1.775000000000000000e+04 1.613041927912111546e-07 7.295088479053532555e-08 8.835330800067582908e-08
1.775500000000000000e+04 1.922414536262776947e-07 7.199695962251076063e-08 1.202444940037669341e-07
1.776000000000000000e+04 2.795753497630828062e-07 7.059751915964009787e-08 2.089778306034427084e-07
1.776500000000000000e+04 7.404257445047470789e-07 6.917227402687707698e-08 6.712534704778699622e-07
1.777000000000000000e+04 7.586238154975123402e-07 6.925149186383531173e-08 6.893723236336770947e-07
1.777500000000000000e+04 3.482867239490176480e-07 6.942193806163220632e-08 2.788647858873854284e-07
1.778000000000000000e+04 3.275405580515204011e-07 6.935015067026434161e-08 2.581904073812560463e-07
1.778500000000000000e+04 2.631403180968458839e-07 6.875326837848964445e-08 1.943870497183562791e-07
1.779000000000000000e+04 1.529986249827923357e-07 6.863356295148172185e-08 8.436506203131061390e-08
1.779500000000000000e+04 2.075676969915623166e-07 6.803344043471147559e-08 1.395342565568508543e-07
1.780000000000000000e+04 2.192558908903191758e-07 6.665461084826005817e-08 1.526012800420591441e-07
1.780500000000000000e+04 6.030080681533692157e-07 6.510271130447985765e-08 5.379053568488894507e-07
1.781000000000000000e+04 8.388722995389407221e-07 6.466527203573409430e-08 7.742070275032067204e-07
1.781500000000000000e+04 4.353343168860958905e-07 6.497889112357570533e-08 3.703554257625202513e-07
1.782000000000000000e+04 2.839372733458488407e-07 6.493324818399322751e-08 2.190040251618556397e-07
1.782500000000000000e+04 2.871829181677263458e-07 6.453568498522640718e-08 2.226472331824999387e-07
1.783000000000000000e+04 1.542106664282748496e-07 6.417079047440658889e-08 9.003987595386827399e-08
1.783500000000000000e+04 2.096071511013307606e-07 6.392106696703836000e-08 1.456860841342923741e-07
1.784000000000000000e+04 2.063493151948417397e-07 6.260980658885063505e-08 1.437395086059910914e-07
1.784500000000000000e+04 4.548326151292447474e-07 6.108446975721637952e-08 3.937481453720283414e-07
1.785000000000000000e+04 8.492877390303434274e-07 6.010605103845773969e-08 7.891816879918854892e-07
1.785500000000000000e+04 5.626209649525334893e-07 6.042030324947285031e-08 5.022006617030606390e-07
1.786000000000000000e+04 2.605123290552627846e-07 6.040812438678501610e-08 2.001042046684777686e-07
1.786500000000000000e+04 2.865966367519478990e-07 6.022237497605090306e-08 2.263742617758969827e-07
1.787000000000000000e+04 1.679405096088828054e-07 5.968555108168316736e-08 1.082549585271996380e-07
1.787500000000000000e+04 1.952510315064695724e-07 5.962135416601804936e-08 1.356296773404514966e-07
1.788000000000000000e+04 2.235672920819026397e-07 5.851749393842403906e-08 1.650497981434786403e-07
1.788500000000000000e+04 3.319042980815913761e-07 5.704834740396209316e-08 2.748559506776293094e-07
1.789000000000000000e+04 7.843437951672465459e-07 5.568784553109893789e-08 7.286559496361475617e-07
1.789500000000000000e+04 6.974257178881322499e-07 5.576210900576101350e-08 6.416636088823713224e-07
1.790000000000000000e+04 2.811736714073572536e-07 5.585190785520114032e-08 2.253217635521561066e-07
1.790500000000000000e+04 2.618220653879184030e-07 5.578053136002067472e-08 2.060415340278977084e-07
1.791000000000000000e+04 1.891898165800816296e-07 5.525447463048378476e-08 1.339353419495978449e-07
1.791500000000000000e+04 1.711152415217419162e-07 5.515199117634029883e-08 1.159632503454016240e-07
1.792000000000000000e+04 2.472552466658315483e-07 5.439680580526717673e-08 1.928584408605644311e-07
1.792500000000000000e+04 2.578041231957755388e-07 5.296550811781462784e-08 2.048386150779608911e-07
1.793000000000000000e+04 6.615438304594130977e-07 5.145011702948672075e-08 6.100937134299262380e-07
1.793500000000000000e+04 8.008635132506287086e-07 5.108051938166388233e-08 7.497829938689647866e-07
1.794000000000000000e+04 3.564815123366471622e-07 5.129494968151466654e-08 3.051865626551324626e-07
1.794500000000000000e+04 2.261173288689235983e-07 5.124311464873901476e-08 1.748742142201845902e-07
1.795000000000000000e+04 2.070954449622974407e-07 5.087907212167042475e-08 1.562163728406270225e-07
1.795500000000000000e+04 1.482433341626362882e-07 5.060138902370736614e-08 9.764194513892890879e-08
1.796000000000000000e+04 2.573102541372892582e-07 5.022071777062945968e-08 2.070895363666597257e-07
1.796500000000000000e+04 2.369277532063532598e-07 4.886296622290031461e-08 1.880647869834529783e-07
1.797000000000000000e+04 5.150884486655159806e-07 4.735702537843439224e-08 4.677314232870815354e-07
1.797500000000000000e+04 8.412702837077453499e-07 4.649568717095133044e-08 7.947745965367940658e-07
1.798000000000000000e+04 4.776507505253047006e-07 4.673422866054251721e-08 4.309165218647621702e-07
1.798500000000000000e+04 2.021619260264389458e-07 4.669131587609182417e-08 1.554706101503470952e-07
1.799000000000000000e+04 2.106756455155278720e-07 4.651571852929721101e-08 1.641599269862306941e-07
1.799500000000000000e+04 1.354818024213995446e-07 4.608788732589201807e-08 8.939391509550752654e-08
1.800000000000000000e+04 2.441996269212384824e-07 4.595425422245566471e-08 1.982453726987827648e-07
1.800500000000000000e+04 2.552853436749186047e-07 4.478986897841945403e-08 2.104954746964991308e-07
1.801000000000000000e+04 3.837083510199573005e-07 4.334554319713772658e-08 3.403628078228194813e-07
1.801500000000000000e+04 8.054680154688118497e-07 4.211608829151405146e-08 7.633519271772979372e-07
1.802000000000000000e+04 6.175799347312857634e-07 4.218010747398883980e-08 5.753998272572968839e-07
1.802500000000000000e+04 2.137671413281788585e-07 4.220349894637605244e-08 1.715636423818028127e-07
1.803000000000000000e+04 1.955446062427211244e-07 4.213561978605774056e-08 1.534089864566633838e-07
1.803500000000000000e+04 1.347293029856323382e-07 4.169735120447701137e-08 9.303195178115533345e-08
1.804000000000000000e+04 2.106504276803604849e-07 4.160696174797908873e-08 1.690434659323813962e-07
1.804500000000000000e+04 2.879368772980269245e-07 4.077063693568474367e-08 2.471662403623421940e-07
1.805000000000000000e+04 2.973148970215841823e-07 3.938152961501016214e-08 2.579333674065739804e-07
1.805500000000000000e+04 7.036315942463254066e-07 3.798769203500686935e-08 6.656439022113185637e-07
1.806000000000000000e+04 7.390242045316094842e-07 3.769213844021891972e-08 7.013320660913905380e-07
1.806500000000000000e+04 2.757674166845329955e-07 3.781733977350404133e-08 2.379500769110289542e-07
1.807000000000000000e+04 1.682824180130020139e-07 3.776458715105628741e-08 1.305178308619458059e-07
1.807500000000000000e+04 1.402465031821414077e-07 3.744959566917928313e-08 1.027969075129621180e-07
1.808000000000000000e+04 1.680332528225026291e-07 3.725286116787804057e-08 1.307803916546245687e-07
1.808500000000000000e+04 3.095777354446288618e-07 3.678884329337643140e-08 2.727888921512523974e-07
1.809000000000000000e+04 2.675082328908697446e-07 3.548068178376841320e-08 2.320275511071012851e-07
1.809500000000000000e+04 5.658183277491977166e-07 3.408663209149160330e-08 5.317316956577061729e-07
1.810000000000000000e+04 8.071767123465442502e-07 3.337119297935101773e-08 7.738055193671931398e-07
1.810500000000000000e+04 3.862788696068716464e-07 3.353528416283235652e-08 3.527435854440392899e-07
1.811000000000000000e+04 1.459480259596312760e-07 3.347408615479601239e-08 1.124739398048352305e-07
1.811500000000000000e+04 1.423089176243979048e-07 3.331737388860921167e-08 1.089915437357886799e-07
1.812000000000000000e+04 1.296377543741509900e-07 3.300027337548230923e-08 9.663748099866868077e-08
1.812500000000000000e+04 3.038710304582011076e-07 3.281553583671473749e-08 2.710554946214863437e-07
1.813000000000000000e+04 2.853182820364441532e-07 3.168446988340157240e-08 2.536338121530425874e-07
1.813500000000000000e+04 4.313840669331929480e-07 3.035751096433555125e-08 4.010265559688573901e-07
1.814000000000000000e+04 8.020562947344431838e-07 2.931387753969989092e-08 7.727424171947430944e-07
1.814500000000000000e+04 5.248568022198719083e-07 2.936337622072206922e-08 4.954934259991498291e-07
1.815000000000000000e+04 1.502716845228677762e-07 2.933823769387517993e-08 1.209334468289925930e-07
1.815500000000000000e+04 1.334482971096066559e-07 2.927733034678217474e-08 1.041709667628244481e-07
1.816000000000000000e+04 1.041110341489980875e-07 2.893688525306580626e-08 7.517414889593226804e-08
1.816500000000000000e+04 2.680764372669085998e-07 2.885518896487031436e-08 2.392212483020383119e-07
1.817000000000000000e+04 3.265594089160557601e-07 2.801919841657251527e-08 2.985402104994832514e-07
1.817500000000000000e+04 3.352601854848940511e-07 2.676378795808169525e-08 3.084963975268123493e-07
1.818000000000000000e+04 7.259879975461916115e-07 2.556631994054893278e-08 7.004216776056429202e-07
1.818500000000000000e+04 6.578613004387813772e-07 2.534531423669298474e-08 6.325159862020883495e-07
1.819000000000000000e+04 1.985288990219460890e-07 2.539731476940250987e-08 1.731315842525435527e-07
1.819500000000000000e+04 1.141973493397658483e-07 2.534864374538381500e-08 8.884870559438202999e-08
1.820000000000000000e+04 9.200443884236003374e-08 2.509484250474775050e-08 6.690959633761228324e-08
1.820500000000000000e+04 2.117586083178871948e-07 2.496781320225943952e-08 1.867907951156277454e-07
1.821000000000000000e+04 3.621849951613639508e-07 2.447754742997210586e-08 3.377074477313918019e-07
1.821500000000000000e+04 2.962683890935070091e-07 2.331125350980461068e-08 2.729571355837023289e-07
1.822000000000000000e+04 6.031984316512794254e-07 2.211317724471077751e-08 5.810852544065687339e-07
1.822500000000000000e+04 7.494463751191107889e-07 2.156069691306640763e-08 7.278856782060443448e-07
1.823000000000000000e+04 2.948528611224130149e-07 2.165750520909820477e-08 2.731953559133147804e-07
1.823500000000000000e+04 9.526432981589195390e-08 2.159066574583336857e-08 7.367366407005858534e-08
1.824000000000000000e+04 8.685492896767049914e-08 2.146093880975050372e-08 6.539399015791998880e-08
1.824500000000000000e+04 1.508282553382907226e-07 2.124769528115736486e-08 1.295805600571333975e-07
1.825000000000000000e+04 3.692928727224247482e-07 2.103819328745996500e-08 3.482546794349648031e-07
1.825500000000000000e+04 3.117687823493634183e-07 2.003211775336379676e-08 2.917366645959997109e-07
1.826000000000000000e+04 4.715031557341840348e-07 1.890712462542146566e-08 4.525960311087625956e-07
1.826500000000000000e+04 7.742231320963673481e-07 1.808910682288799657e-08 7.561340252734794343e-07
1.827000000000000000e+04 4.259136351033601855e-07 1.812169220588301727e-08 4.077919428974771782e-07
1.827500000000000000e+04 9.454230249846460649e-08 1.806832344534696820e-08 7.647397905311765152e-08
1.828000000000000000e+04 8.012542147777926011e-08 1.801791024810413673e-08 6.210751122967511676e-08
1.828500000000000000e+04 9.990521091048153937e-08 1.777722013795100678e-08 8.212799077253053259e-08
1.829000000000000000e+04 3.385777802301428210e-07 1.770380470592195461e-08 3.208739755242208631e-07
1.829500000000000000e+04 3.603425671451925152e-07 1.695124542155694171e-08 3.433913217236355272e-07
1.830000000000000000e+04 3.691079954030677555e-07 1.591204711970842242e-08 3.531959482833593397e-07
1.830500000000000000e+04 7.267878002403120072e-07 1.497059559531525828e-08 7.118172046449967953e-07
1.831000000000000000e+04 5.633090743370474947e-07 1.481958363061065829e-08 5.484894907064369257e-07
1.831500000000000000e+04 1.297377891576290420e-07 1.481951477294897270e-08 1.149182743846800511e-07
1.832000000000000000e+04 6.748731513505189122e-08 1.477933373002441129e-08 5.270798140502748654e-08
1.832500000000000000e+04 6.641214617546250404e-08 1.459394583663194897e-08 5.181820033883055507e-08
1.833000000000000000e+04 2.758058861288317905e-07 1.452204498684983208e-08 2.612838411419819700e-07
1.833500000000000000e+04 4.110255033644344311e-07 1.406804799658680569e-08 3.969574553678475708e-07
1.834000000000000000e+04 3.214561973679383968e-07 1.312600716387421704e-08 3.083301902040641698e-07
1.834500000000000000e+04 6.243299722147173303e-07 1.219403302253782169e-08 6.121359391921794541e-07
1.835000000000000000e+04 6.723124568277831491e-07 1.180924950785546811e-08 6.605032073199275784e-07
1.835500000000000000e+04 2.096129389641936701e-07 1.185174603144085313e-08 1.977611929327528683e-07
1.836000000000000000e+04 5.316843362588448243e-08 1.179122732112573210e-08 4.137720630475873544e-08
1.836500000000000000e+04 4.884135358500731231e-08 1.169485647474563534e-08 3.714649711026166374e-08
1.837000000000000000e+04 1.974275844387161217e-07 1.157081331446421243e-08 1.858567711242519092e-07
1.837500000000000000e+04 4.351875142934813019e-07 1.136943469500729038e-08 4.238180795984739470e-07
1.838000000000000000e+04 3.330209011720680592e-07 1.057141179048086647e-08 3.224494893815872622e-07
1.838500000000000000e+04 5.010846815652638086e-07 9.719603977991789278e-09 4.913650775872721037e-07
1.839000000000000000e+04 7.239468995747054440e-07 9.149680901199009944e-09 7.147972186735065896e-07
1.839500000000000000e+04 3.277938074497203824e-07 9.165687825158186035e-09 3.186281196245621732e-07
1.840000000000000000e+04 4.985308589727393932e-08 9.105365746928595100e-09 4.074772015034535580e-08
1.840500000000000000e+04 3.969010084703679744e-08 9.068516000782896254e-09 3.062158484625390946e-08
1.841000000000000000e+04 1.227021431695945498e-07 8.921020070944921060e-09 1.137811230986496138e-07
1.841500000000000000e+04 4.164372659200776478e-07 8.859292950505258491e-09 4.075779729695723595e-07
1.842000000000000000e+04 3.869551072050589514e-07 8.268716459365329865e-09 3.786863907456937059e-07
1.842500000000000000e+04 3.965054852258408230e-07 7.514050878836458294e-09 3.889914343470043630e-07
1.843000000000000000e+04 7.058293577475539683e-07 6.869221337498922387e-09 6.989601364100550261e-07
1.843500000000000000e+04 4.622772646233868766e-07 6.779720526088576299e-09 4.554975440972983111e-07
1.844000000000000000e+04 7.367171920764380004e-08 6.752428673639435553e-09 6.691929053400436283e-08
1.844500000000000000e+04 3.140207961138907045e-08 6.724164926087472420e-09 2.467791468530159803e-08
1.845000000000000000e+04 6.586944998573283868e-08 6.608390127050164879e-09 5.926105985868268042e-08
1.845500000000000000e+04 3.550640624016571693e-07 6.575633760051545933e-09 3.484884286416056275e-07
1.846000000000000000e+04 4.524041057314773934e-07 6.221102477036992556e-09 4.461830032544404157e-07
1.846500000000000000e+04 3.414942342106821632e-07 5.570466831884953371e-09 3.359237673787972230e-07
1.847000000000000000e+04 6.274890735163020392e-07 4.956151671641871509e-09 6.225329218446601545e-07
1.847500000000000000e+04 5.814832718412344211e-07 4.731882070420558392e-09 5.767513897708139405e-07
1.848000000000000000e+04 1.362480889312370138e-07 4.738315105747856724e-09 1.315097738254891554e-07
1.848500000000000000e+04 2.220474268742717731e-08 4.694481569472775622e-09 1.751026111795440334e-08
1.849000000000000000e+04 3.161317394036181553e-08 4.635081193906642729e-09 2.697809274645517114e-08
1.849500000000000000e+04 2.658983704748403525e-07 4.579390925305516810e-09 2.613189795495348216e-07
1.850000000000000000e+04 4.963715040944397202e-07 4.423244338714395496e-09 4.919482597557254877e-07
1.850500000000000000e+04 3.478228329155711507e-07 3.901951541315597251e-09 3.439208813742555171e-07
1.851000000000000000e+04 5.178418113248431589e-07 3.376595378505078871e-09 5.144652159463379588e-07
1.851500000000000000e+04 6.549330709262192730e-07 3.058871957082639289e-09 6.518741989691367251e-07
1.852000000000000000e+04 2.374052300292896990e-07 3.062051035553772137e-09 2.343431789937359104e-07
1.852500000000000000e+04 1.870813109680338196e-08 3.015411358935836579e-09 1.569271973786754621e-08
1.853000000000000000e+04 1.547159453264188629e-08 2.994182846591237264e-09 1.247741168605065151e-08
1.853500000000000000e+04 1.710646288458755072e-07 2.925301514899204782e-09 1.681393273309763136e-07
1.854000000000000000e+04 4.954809921387470001e-07 2.882728288439633856e-09 4.925982638503074734e-07
1.854500000000000000e+04 4.046530411010084477e-07 2.522241208034752849e-09 4.021307998929736865e-07
1.855000000000000000e+04 4.154594208710782039e-07 2.101975991353616074e-09 4.133574448797245903e-07
1.855500000000000000e+04 6.645751348423616299e-07 1.772785187953775932e-09 6.628023496544077853e-07
1.856000000000000000e+04 3.621302438763333080e-07 1.733883317902196468e-09 3.603963605584310367e-07
1.856500000000000000e+04 3.364129278507975019e-08 1.706145610887787343e-09 3.193514717419197319e-08
1.857000000000000000e+04 8.594828656741504795e-09 1.691861442389063450e-09 6.902967214352442379e-09
1.857500000000000000e+04 9.093745661289213155e-08 1.640376815004763582e-09 8.929707979788738513e-08
1.858000000000000000e+04 4.433266891948260416e-07 1.631266654628792548e-09 4.416954225401971756e-07
1.858500000000000000e+04 4.832900724946485849e-07 1.435049005880598422e-09 4.818550234887678684e-07
1.859000000000000000e+04 3.550801527794560195e-07 1.123482010674886727e-09 3.539566707687810443e-07
1.859500000000000000e+04 6.122886230274523047e-07 8.564109101921783168e-10 6.114322121172601113e-07
1.860000000000000000e+04 4.837125998023454870e-07 7.749032344924253491e-10 4.829376965678531266e-07
1.860500000000000000e+04 7.950063438384846564e-08 7.677743720428032287e-10 7.873286001180565673e-08
1.861000000000000000e+04 4.255092826838169140e-09 7.485352181018423734e-10 3.506557608736325939e-09
1.861500000000000000e+04 3.706332937460348546e-08 7.261932011360007790e-10 3.633713617346748385e-08
1.862000000000000000e+04 3.510679979612421249e-07 7.139533401939959707e-10 3.503540446210480667e-07
1.862500000000000000e+04 5.481373842248289842e-07 6.413633379753221491e-10 5.474960208868536743e-07
1.863000000000000000e+04 3.553472323971693352e-07 4.463837019894754114e-10 3.549008486951798324e-07
1.863500000000000000e+04 5.203818635410170826e-07 2.793489087369658004e-10 5.201025146322802563e-07
1.864000000000000000e+04 5.723445777173658962e-07 1.998596070962392665e-10 5.721447181102696096e-07
1.864500000000000000e+04 1.610157611024715021e-07 1.977648219238951724e-10 1.608179962805475988e-07
1.865000000000000000e+04 2.704603938751292823e-09 1.831359635508765965e-10 2.521467975200415684e-09
1.865500000000000000e+04 9.755224668590272132e-09 1.780866288397657981e-10 9.577138039750506437e-09
1.866000000000000000e+04 2.416329740762443627e-07 1.664971740442341591e-10 2.414664769022001296e-07
1.866500000000000000e+04 5.695486334261603073e-07 1.541533539645488124e-10 5.693944800721956792e-07
1.867000000000000000e+04 4.123728981980631534e-07 7.626553658539041422e-11 4.122966326614777453e-07
1.867500000000000000e+04 4.244989020808844038e-07 1.873377475129362886e-11 4.244801683061330866e-07
1.868000000000000000e+04 6.060635255976716793e-07 1.562831116417361331e-12 6.060619627665552736e-07
1.868500000000000000e+04 2.701361321542521709e-07 1.614634828854069861e-12 2.701345175194233389e-07
1.869000000000000000e+04 1.178966441647468883e-08 5.364569559982184602e-14 1.178961077077909051e-08
1.869500000000000000e+04 9.321035621710875685e-10 1.554396195386728146e-13 9.319481225515487932e-10
1.870000000000000000e+04 1.402798761996225936e-07 1.302460472935826072e-12 1.402785737391496641e-07
1.870500000000000000e+04 5.337702245966167221e-07 2.437322090788022288e-12 5.337677872745259330e-07
1.871000000000000000e+04 5.015145258199804606e-07 1.418469645509786716e-11 5.015003411235254123e-07
1.871500000000000000e+04 3.612763111215088103e-07 6.692330675587562308e-11 3.612093878147529349e-07
1.872000000000000000e+04 5.797386942295407431e-07 1.527432127741490555e-10 5.795859510167665873e-07
1.872500000000000000e+04 3.862919377695828871e-07 1.878602684058354727e-10 3.861040775011770226e-07
1.873000000000000000e+04 4.284548082277001107e-08 1.923893895548003219e-10 4.265309143321521667e-08
1.873500000000000000e+04 4.265294527260329089e-10 2.025233929128846752e-10 2.240060598131482078e-10
1.874000000000000000e+04 6.546722605718801087e-08 2.134229678139821300e-10 6.525380308937402954e-08
1.874500000000000000e+04 4.465250973254826448e-07 2.180728694425599531e-10 4.463070244560400855e-07
1.875000000000000000e+04 5.865914140266052067e-07 2.651912215765542876e-10 5.863262228050286265e-07
1.875500000000000000e+04 3.552264814517324961e-07 4.236742422824614499e-10 3.548028072094500113e-07
1.876000000000000000e+04 5.083426451756326759e-07 6.233202953118511702e-10 5.077193248803207390e-07
1.876500000000000000e+04 4.824199981632626829e-07 7.516794585920017064e-10 4.816683187046705690e-07
1.877000000000000000e+04 1.038012944004870361e-07 7.556123247389181788e-10 1.030456820757481245e-07
1.877500000000000000e+04 2.455404306188858373e-09 7.874702219207590002e-10 1.667934084268099373e-09
1.878000000000000000e+04 2.359181171080341716e-08 7.973512450270898609e-10 2.279446046577632699e-08
1.878500000000000000e+04 3.293734881308311646e-07 8.168993873821413965e-10 3.285565887434490065e-07
1.879000000000000000e+04 6.329542646006524729e-07 8.483758336465739851e-10 6.321058887670059359e-07
1.879500000000000000e+04 4.097754079441998775e-07 1.085992151888463009e-09 4.086894157923113740e-07
1.880000000000000000e+04 4.228063259349636182e-07 1.396250271357727614e-09 4.214100756636059710e-07
1.880500000000000000e+04 5.346986219330513838e-07 1.665392343122084713e-09 5.330332295899292941e-07
1.881000000000000000e+04 1.929261790087532425e-07 1.693695438702146596e-09 1.912324835700510624e-07
1.881500000000000000e+04 8.976303735290575214e-09 1.742553867463640302e-09 7.233749867826935119e-09
1.882000000000000000e+04 9.349534382962851915e-09 1.755689594198003851e-09 7.593844788764847651e-09
1.882500000000000000e+04 2.107454143187195640e-07 1.792329764075043372e-09 2.089530845546445245e-07
1.883000000000000000e+04 6.194726395473646732e-07 1.793531776876537446e-09 6.176791077704882203e-07
1.883500000000000000e+04 5.058997073332790822e-07 2.049460712514555993e-09 5.038502466207646069e-07
1.884000000000000000e+04 3.595811047296642263e-07 2.467842266587707103e-09 3.571132624630765390e-07
1.884500000000000000e+04 5.321999865872653229e-07 2.887878621689530271e-09 5.293121079655757769e-07
1.885000000000000000e+04 2.965025158432880615e-07 3.007901294430455133e-09 2.934946145488576279e-07
1.885500000000000000e+04 2.826505557437907629e-08 3.050046486602910782e-09 2.521500908777616551e-08
1.886000000000000000e+04 1.098379070900490196e-08 3.090832985162278491e-09 7.892957723842623886e-09
1.886500000000000000e+04 1.154342621544842883e-07 3.127331618601755786e-09 1.123069305358825130e-07
1.887000000000000000e+04 5.451058649684952159e-07 3.123012515299168158e-09 5.419828524531960937e-07
1.887500000000000000e+04 6.089236774396215610e-07 3.320387186177550869e-09 6.056032902534439506e-07
1.888000000000000000e+04 3.475608432616830576e-07 3.835271711596593102e-09 3.437255715500864852e-07
1.888500000000000000e+04 4.824530233007145796e-07 4.385804094563342144e-09 4.780672192061512118e-07
1.889000000000000000e+04 3.920083357534712460e-07 4.678082741784530342e-09 3.873302530116868107e-07
1.889500000000000000e+04 6.947798797994393202e-08 4.702499029770914258e-09 6.477548895017301859e-08
1.890000000000000000e+04 1.757516510685456605e-08 4.790239462448567386e-09 1.278492564440599949e-08
1.890500000000000000e+04 5.669087027643425092e-08 4.811940579309845920e-09 5.187892969712440582e-08
1.891000000000000000e+04 4.279514844936978654e-07 4.833938031635764623e-09 4.231175464620621223e-07
1.891500000000000000e+04 6.809048470447105504e-07 4.923738997274357463e-09 6.759811080474361127e-07
1.892000000000000000e+04 3.972381555907238542e-07 5.487580934102569332e-09 3.917505746566212791e-07
1.892500000000000000e+04 4.103051531818897040e-07 6.147094316947111619e-09 4.041580588649425956e-07
1.893000000000000000e+04 4.559334176577053482e-07 6.656884107123441141e-09 4.492765335505817723e-07
1.893500000000000000e+04 1.360034872951421421e-07 6.705095759949089587e-09 1.292983915351930690e-07
1.894000000000000000e+04 2.475118673025325347e-08 6.824100224599711284e-09 1.792708650565354632e-08
1.894500000000000000e+04 3.376484120223305738e-08 6.847299936169146116e-09 2.691754126606391043e-08
1.895000000000000000e+04 2.975852606059307009e-07 6.898218135653278558e-09 2.906870424702774381e-07
1.895500000000000000e+04 6.939342379799937584e-07 6.893078222338357570e-09 6.870411597576555779e-07
1.896000000000000000e+04 4.963124993966463000e-07 7.412710289926181147e-09 4.888997891067200825e-07
1.896500000000000000e+04 3.499760993269203054e-07 8.174216644034197743e-09 3.418018826828861159e-07
1.897000000000000000e+04 4.732328007698667127e-07 8.886729386209355871e-09 4.643460713836573139e-07
1.897500000000000000e+04 2.210672805584799904e-07 9.057493264176001845e-09 2.120097872943039786e-07
1.898000000000000000e+04 3.613438075925627276e-08 9.161682744843147812e-09 2.697269801441312495e-08
1.898500000000000000e+04 3.533124155753634389e-08 9.230927058225269751e-09 2.610031449931107579e-08
1.899000000000000000e+04 1.839807830758864677e-07 9.282073833487270918e-09 1.746987092423992018e-07
1.899500000000000000e+04 6.394341400589672957e-07 9.245696584239792085e-09 6.301884434747274738e-07
1.900000000000000000e+04 6.135921946591236594e-07 9.615155869234848961e-09 6.039770387898888105e-07
1.900500000000000000e+04 3.328994268991319375e-07 1.046502982480851404e-08 3.224343970743234070e-07
1.901000000000000000e+04 4.445119244600837256e-07 1.132738860668480643e-08 4.331845358533988811e-07
1.901500000000000000e+04 3.080546043635579569e-07 1.172998168977826508e-08 2.963246226737796438e-07
1.902000000000000000e+04 6.004438849798071113e-08 1.179134454374280481e-08 4.825304395423790301e-08
1.902500000000000000e+04 4.672941953761200251e-08 1.193855235816252793e-08 3.479086717944947292e-08
1.903000000000000000e+04 1.074068100423573541e-07 1.196731100888156605e-08 9.543949903347576984e-08
1.903500000000000000e+04 5.302012947631564148e-07 1.196294334922658476e-08 5.182383514139298218e-07
1.904000000000000000e+04 7.098461460565360240e-07 1.212459731510021688e-08 6.977215487414358187e-07
1.904500000000000000e+04 3.757990382285625445e-07 1.300221775331716167e-08 3.627968204752454093e-07
1.905000000000000000e+04 3.876967495854910075e-07 1.396998876653342725e-08 3.737267608189575621e-07
1.905500000000000000e+04 3.758695443154013242e-07 1.465838036508539965e-08 3.612111639503158832e-07
1.906000000000000000e+04 1.033363655655641439e-07 1.472146778144341246e-08 8.861489778412072652e-08
1.906500000000000000e+04 5.741957632874284836e-08 1.492403939006020847e-08 4.249553693868262996e-08
1.907000000000000000e+04 7.305545464626804054e-08 1.495309756832137769e-08 5.810235707794666946e-08
1.907500000000000000e+04 3.947899288033467005e-07 1.499476217301722605e-08 3.797951666303295076e-07
1.908000000000000000e+04 7.515624968277234973e-07 1.498061515950358975e-08 7.365818816682199406e-07
1.908500000000000000e+04 4.736396841878775358e-07 1.576476120216063136e-08 4.578749229857168283e-07
1.909000000000000000e+04 3.329447572985600687e-07 1.682455132839504349e-08 3.161202059701650716e-07
1.909500000000000000e+04 4.073519676815502311e-07 1.776758834826014899e-08 3.895843793332900755e-07
1.910000000000000000e+04 1.656428032761441193e-07 1.795561958255764604e-08 1.476871836935864368e-07
1.910500000000000000e+04 6.522337203159775734e-08 1.814243385507722608e-08 4.708093817652054450e-08
1.911000000000000000e+04 7.204564747269085098e-08 1.823491352666777493e-08 5.381073394602308267e-08
1.911500000000000000e+04 2.667203644091045710e-07 1.828731381623698402e-08 2.484330505928675903e-07
1.912000000000000000e+04 7.224756930647055765e-07 1.820015628829189640e-08 7.042755367764137562e-07
1.912500000000000000e+04 6.004086357529281023e-07 1.875232537710546964e-08 5.816563103758225797e-07
1.913000000000000000e+04 3.121959078720843490e-07 1.989289078474261369e-08 2.923030170873417783e-07
1.913500000000000000e+04 3.972859698646249429e-07 2.100714770009155553e-08 3.762788221645333377e-07
1.914000000000000000e+04 2.370738949544681795e-07 2.146129561725147140e-08 2.156125993372166949e-07
1.914500000000000000e+04 7.565149163194600457e-08 2.157646119001907218e-08 5.407503044192693569e-08
1.915000000000000000e+04 8.774238640555090788e-08 2.178079508902433648e-08 6.596159131652656809e-08
1.915500000000000000e+04 1.728204951592084755e-07 2.181061961827477924e-08 1.510098755409337393e-07
1.916000000000000000e+04 6.286588504383365094e-07 2.175321172417323104e-08 6.069056387141632088e-07
1.916500000000000000e+04 7.177110582929858499e-07 2.199735076626636134e-08 6.957137075267195250e-07
1.917000000000000000e+04 3.470559894557558123e-07 2.315378127571142769e-08 3.239022081800444210e-07
1.917500000000000000e+04 3.564422789847364557e-07 2.436887161923693562e-08 3.320734073654995400e-07
1.918000000000000000e+04 3.008022487995108475e-07 2.516221386119138652e-08 2.756400349383194510e-07
1.918500000000000000e+04 9.706616683924026771e-08 2.523879353789706526e-08 7.182737330134322231e-08
1.919000000000000000e+04 1.041913495078163872e-07 2.553084389541131513e-08 7.866050561240506880e-08
1.919500000000000000e+04 1.251036171225383441e-07 2.556088725613073283e-08 9.954272986640759808e-08
1.920000000000000000e+04 4.955222863034324144e-07 2.556935079854688009e-08 4.699529355048854781e-07
1.920500000000000000e+04 7.880856768008302078e-07 2.554677431150308089e-08 7.625389024893272130e-07
1.921000000000000000e+04 4.396882632739487067e-07 2.657691524371184641e-08 4.131113480302368967e-07
1.921500000000000000e+04 3.094609351574205140e-07 2.787073574869817607e-08 2.815901994087223578e-07
1.922000000000000000e+04 3.397045022798363165e-07 2.896642187631085413e-08 3.107380804035254491e-07
1.922500000000000000e+04 1.343886119987734122e-07 2.914174571162501815e-08 1.052468662871483973e-07
1.923000000000000000e+04 1.128151250672252842e-07 2.942583055539185738e-08 8.338929451183339706e-08
1.923500000000000000e+04 1.189575460375102119e-07 2.953410816638983163e-08 8.942343787112038359e-08
1.924000000000000000e+04 3.581588199005036256e-07 2.957300081824351781e-08 3.285858190822601144e-07
1.924500000000000000e+04 7.880661793263753982e-07 2.942175516304027493e-08 7.586444241633351928e-07
1.925000000000000000e+04 5.705200974860052016e-07 3.015444496135526607e-08 5.403656525246499487e-07
1.925500000000000000e+04 2.867428483653673905e-07 3.152146895789295534e-08 2.552213794074744682e-07
1.926000000000000000e+04 3.443316841697623245e-07 3.281062436317088288e-08 3.115210598065914151e-07
1.926500000000000000e+04 1.846521870800236178e-07 3.325718015877890255e-08 1.513950069212447152e-07
1.927000000000000000e+04 1.146101765914533899e-07 3.344150462365864287e-08 8.116867196779476685e-08
1.927500000000000000e+04 1.377547368339961046e-07 3.369522925475395530e-08 1.040595075792421493e-07
1.928000000000000000e+04 2.489124846948024203e-07 3.371944158373224342e-08 2.151930431110701702e-07
1.928500000000000000e+04 7.161192354080229842e-07 3.358638704071252088e-08 6.825328483673106155e-07
1.929000000000000000e+04 7.040526279771441512e-07 3.391904336659626125e-08 6.701335846105478172e-07
1.929500000000000000e+04 3.130319032967163419e-07 3.529899723367815876e-08 2.777329060630382493e-07
1.930000000000000000e+04 3.186893044005624301e-07 3.668430001097495541e-08 2.820050043895874614e-07
1.930500000000000000e+04 2.367436469831106218e-07 3.750293899812241131e-08 1.992407079849882237e-07
1.931000000000000000e+04 1.173514779257637593e-07 3.759498080485552437e-08 7.975649712090825483e-08
1.931500000000000000e+04 1.614026163665284041e-07 3.797446754337973516e-08 1.234281488231486491e-07
1.932000000000000000e+04 1.869072164699085576e-07 3.800059617523280056e-08 1.489066202946757173e-07
1.932500000000000000e+04 5.926155972209965983e-07 3.795333296267496317e-08 5.546622642583216219e-07
1.933000000000000000e+04 8.008641678626503960e-07 3.792532929748730112e-08 7.629388385651630353e-07
1.933500000000000000e+04 3.970198111903200382e-07 3.916442478221258828e-08 3.578553864081074036e-07
1.934000000000000000e+04 2.809472217298786709e-07 4.061272314031153262e-08 2.403344985895671647e-07
1.934500000000000000e+04 2.756923499249257795e-07 4.177271371834081363e-08 2.339196362065849262e-07
1.935000000000000000e+04 1.296463739843134280e-07 4.191105328329392551e-08 8.773532070101950916e-08
1.935500000000000000e+04 1.749305175436058284e-07 4.229954583320002454e-08 1.326309717104058370e-07
1.936000000000000000e+04 1.732758949843803540e-07 4.241502276574214978e-08 1.308608722186381645e-07
1.936500000000000000e+04 4.520748371636296866e-07 4.242542036503490947e-08 4.096494167985948566e-07
1.937000000000000000e+04 8.313738143722303003e-07 4.220269932280532570e-08 7.891711150494248356e-07
1.937500000000000000e+04 5.262894992725874501e-07 4.310030808269113592e-08 4.831891911898962679e-07
1.938000000000000000e+04 2.580900270541279420e-07 4.461385887805541585e-08 2.134761681760724997e-07
1.938500000000000000e+04 2.897534149705271285e-07 4.598883484485673673e-08 2.437645801256704116e-07
1.939000000000000000e+04 1.550115699495769365e-07 4.637284303668065655e-08 1.086387269128962932e-07
1.939500000000000000e+04 1.735353005483938014e-07 4.663824841756266260e-08 1.268970521308311255e-07
1.940000000000000000e+04 1.934187559818997609e-07 4.692933759763822528e-08 1.464894183842615423e-07
1.940500000000000000e+04 3.308173231585852380e-07 4.694113390316751735e-08 2.838761892554176677e-07
1.941000000000000000e+04 7.861774781664004956e-07 4.671537717371515107e-08 7.394621009926852651e-07
1.941500000000000000e+04 6.700515188331851716e-07 4.713668749079657523e-08 6.229148313423887287e-07
1.942000000000000000e+04 2.760166219149983192e-07 4.866815923586197265e-08 2.273484626791363135e-07
1.942500000000000000e+04 2.771467692325078930e-07 5.013524063820364682e-08 2.270115285943042329e-07
1.943000000000000000e+04 1.889587585905269794e-07 5.089950484438739855e-08 1.380592537461395676e-07
1.943500000000000000e+04 1.623611766047951401e-07 5.101145313184774049e-08 1.113497234729473731e-07
1.944000000000000000e+04 2.247916150574263706e-07 5.146875693360030092e-08 1.733228581238260631e-07
1.944500000000000000e+04 2.547506366070986945e-07 5.148663648839556392e-08 2.032640001187030776e-07
1.945000000000000000e+04 6.791022371063631461e-07 5.136417072465942109e-08 6.277380663817038110e-07
1.945500000000000000e+04 7.890761314252587309e-07 5.133519538369925014e-08 7.377409360415595602e-07
1.946000000000000000e+04 3.487334242559177763e-07 5.272984503970017937e-08 2.960035792162176167e-07
1.946500000000000000e+04 2.492049283185003931e-07 5.424285024465958049e-08 1.949620780738407729e-07
1.947000000000000000e+04 2.205666089559447346e-07 5.537457109188583313e-08 1.651920378640589081e-07
1.947500000000000000e+04 1.517541345191356208e-07 5.545874926149504191e-08 9.629538525764055241e-08
1.948000000000000000e+04 2.466412168363797154e-07 5.595044059279098817e-08 1.906907762435887603e-07
1.948500000000000000e+04 2.317481693538658239e-07 5.606447763713286396e-08 1.756836917167329599e-07
1.949000000000000000e+04 5.419607965676930678e-07 5.603224770105576994e-08 4.859285488666372978e-07
1.949500000000000000e+04 8.492616737907060535e-07 5.573661754977963686e-08 7.935250562409262909e-07
1.950000000000000000e+04 4.710850642367545562e-07 5.677058954276775803e-08 4.143144746939868379e-07
1.950500000000000000e+04 2.279530769030838578e-07 5.834028600732012173e-08 1.696127908957637361e-07
1.951000000000000000e+04 2.379124461368597154e-07 5.970580516645322325e-08 1.782066409704064657e-07
1.951500000000000000e+04 1.506729496256390379e-07 5.998048930149878234e-08 9.069246032414024235e-08
1.952000000000000000e+04 2.476156495227714064e-07 6.033380309634319787e-08 1.872818464264281424e-07
1.952500000000000000e+04 2.511168045477412024e-07 6.064744721717267713e-08 1.904693573305685649e-07
1.953000000000000000e+04 4.131444917162634923e-07 6.064037592726193880e-08 3.525041157890015667e-07
1.953500000000000000e+04 8.337138187270709516e-07 6.031141793206804773e-08 7.734024007950031024e-07
1.954000000000000000e+04 6.183982368066215733e-07 6.081488068455950156e-08 5.575833561220619393e-07
1.954500000000000000e+04 2.383992824332156163e-07 6.241389887104441836e-08 1.759853835621711715e-07
1.955000000000000000e+04 2.349144889411848466e-07 6.386861161734429956e-08 1.710458773238405603e-07
1.955500000000000000e+04 1.615490820380598564e-07 6.450467160734011168e-08 9.704441043071974469e-08
1.956000000000000000e+04 2.284179039974010351e-07 6.464216907934125358e-08 1.637757349180597418e-07
1.956500000000000000e+04 2.898072747945605105e-07 6.516123314596202288e-08 2.246460416485984611e-07
1.957000000000000000e+04 3.244266630754278264e-07 6.516752235617213128e-08 2.592591407192556554e-07
1.957500000000000000e+04 7.487348681002054651e-07 6.495475487304397510e-08 6.837801132271616223e-07
1.958000000000000000e+04 7.537628322024986287e-07 6.492973946502974954e-08 6.888330927374688659e-07
1.958500000000000000e+04 2.982160062979194310e-07 6.641354409997248160e-08 2.318024621979469230e-07
1.959000000000000000e+04 2.163187206038307660e-07 6.789701352689276513e-08 1.484217070769380405e-07
1.959500000000000000e+04 1.790222192922790419e-07 6.891022378622623993e-08 1.101119955060528152e-07
1.960000000000000000e+04 1.990115284851844863e-07 6.893069399056740010e-08 1.300808344946170730e-07
1.960500000000000000e+04 3.224461526394368680e-07 6.951603864949962702e-08 2.529301139899371615e-07
1.961000000000000000e+04 2.908465573429070924e-07 6.962095853414096677e-08 2.212255988087661124e-07
1.961500000000000000e+04 6.214937936587775817e-07 6.953376775676421690e-08 5.519600259020133383e-07
1.962000000000000000e+04 8.405214109450630261e-07 6.916941433693812106e-08 7.713519966081249448e-07
1.962500000000000000e+04 4.089968684153090855e-07 7.029970564115096457e-08 3.386971627741582136e-07
1.963000000000000000e+04 1.981184312198460542e-07 7.183066819660568081e-08 1.262877630232403734e-07
1.963500000000000000e+04 1.931063671232410869e-07 7.309164408788714200e-08 1.200147230353538655e-07
1.964000000000000000e+04 1.722437108299782537e-07 7.322148397788813850e-08 9.902222685209012848e-08
1.964500000000000000e+04 3.309887053763138573e-07 7.366326360245352414e-08 2.573254417738602802e-07
1.965000000000000000e+04 3.071870956282827548e-07 7.398354969112618473e-08 2.332035459371565833e-07
1.965500000000000000e+04 4.903452731210654650e-07 7.395186096435117391e-08 4.163934121567143573e-07
1.966000000000000000e+04 8.552851237844001760e-07 7.351629176816403345e-08 7.817688320162362352e-07
1.966500000000000000e+04 5.530597262277498640e-07 7.408860984708134096e-08 4.789711163806684966e-07
1.967000000000000000e+04 2.025049757403159688e-07 7.566483569030554759e-08 1.268401400500104609e-07
1.967500000000000000e+04 1.952768303337726191e-07 7.701338194145807106e-08 1.182634483923145216e-07
1.968000000000000000e+04 1.571164156142473413e-07 7.745852376229016866e-08 7.965789185195715939e-08
1.968500000000000000e+04 3.102822015377009485e-07 7.762698682032165710e-08 2.326552147173792252e-07
1.969000000000000000e+04 3.519263941832169826e-07 7.818705133106224210e-08 2.737393428521547538e-07
1.969500000000000000e+04 3.914973340838551457e-07 7.817958799082492948e-08 3.133177460930302427e-07
1.970000000000000000e+04 7.964615463894607425e-07 7.786679319345746322e-08 7.185947531960035439e-07
1.970500000000000000e+04 6.977296653260462126e-07 7.785026624743609608e-08 6.198793990786101695e-07
1.971000000000000000e+04 2.488812567120232996e-07 7.934817206530661621e-08 1.695330846467166437e-07
1.971500000000000000e+04 1.845397321095357239e-07 8.070946116854689369e-08 1.038302709409888435e-07
1.972000000000000000e+04 1.548233390977185333e-07 8.152262982740980016e-08 7.330070927030871987e-08
1.972500000000000000e+04 2.678008594796890468e-07 8.147718050245475632e-08 1.863236789772343434e-07
1.973000000000000000e+04 3.966815854756589829e-07 8.213916597670501750e-08 3.145424194989540184e-07
1.973500000000000000e+04 3.469704225496194416e-07 8.222899076840788630e-08 2.647414317812115288e-07
1.974000000000000000e+04 6.850041811669210032e-07 8.207709472033678769e-08 6.029270864465841228e-07
1.974500000000000000e+04 8.059592314396018559e-07 8.165317461291770515e-08 7.243060568266841905e-07
1.975000000000000000e+04 3.445048247856452108e-07 8.283064874282244668e-08 2.616741760428227508e-07
1.975500000000000000e+04 1.703497901050584420e-07 8.422976860523802150e-08 8.612002149982039407e-08
1.976000000000000000e+04 1.592409391610731154e-07 8.529774924398157037e-08 7.394318991709154506e-08
1.976500000000000000e+04 2.183493929355511042e-07 8.526041120306775070e-08 1.330889817324833270e-07
1.977000000000000000e+04 4.171909374371241139e-07 8.578446666117399223e-08 3.314064707759501349e-07
1.977500000000000000e+04 3.581425964537038774e-07 8.609598949948057733e-08 2.720466069542232471e-07
1.978000000000000000e+04 5.571029244195459518e-07 8.603485271415238546e-08 4.710680717053935663e-07
1.978500000000000000e+04 8.493924258018513825e-07 8.549647703784835360e-08 7.638959487640030951e-07
1.979000000000000000e+04 4.789499424589785522e-07 8.611800642846960388e-08 3.928319360305090542e-07
1.979500000000000000e+04 1.704478320447226693e-07 8.758084984419864602e-08 8.286698220052403655e-08
1.980000000000000000e+04 1.614723249747152386e-07 8.873590363736236887e-08 7.273642133735288301e-08
1.980500000000000000e+04 1.765344883313046101e-07 8.894275701119651467e-08 8.759173132010808222e-08
1.981000000000000000e+04 4.015558701756591261e-07 8.914600123730874742e-08 3.124098689383504316e-07
1.981500000000000000e+04 4.069556834201466551e-07 8.972368932101466093e-08 3.172319940991319413e-07
1.982000000000000000e+04 4.515794867019581329e-07 8.970144168672935666e-08 3.618780450152288160e-07
1.982500000000000000e+04 8.188184747966777841e-07 8.928495461518500833e-08 7.295335201814926963e-07
1.983000000000000000e+04 6.253106321594996874e-07 8.928030877028794560e-08 5.360303233892117683e-07
1.983500000000000000e+04 2.039191992632564851e-07 9.071363493786707638e-08 1.132055643253894220e-07
1.984000000000000000e+04 1.561518618601795401e-07 9.186769072774544247e-08 6.428417113243412411e-08
1.984500000000000000e+04 1.504887561771862761e-07 9.241369303512185814e-08 5.807506314206441137e-08
1.985000000000000000e+04 3.528569622962398626e-07 9.230651644528000438e-08 2.605504458509599111e-07
1.985500000000000000e+04 4.639321121385761625e-07 9.302224042837119780e-08 3.709098717102049250e-07
1.986000000000000000e+04 3.966546999401124389e-07 9.309305140698786800e-08 3.035616485331245444e-07
1.986500000000000000e+04 7.279067992672818221e-07 9.286991654618018199e-08 6.350368827211015078e-07
1.987000000000000000e+04 7.483262120121514304e-07 9.239972849762400776e-08 6.559264835145272770e-07
1.987500000000000000e+04 2.821262649276404664e-07 9.356926565658807513e-08 1.885569992710524310e-07
1.988000000000000000e+04 1.462995930425234750e-07 9.475143377802801352e-08 5.154815926449547473e-08
1.988500000000000000e+04 1.395180525604467304e-07 9.555065622043864631e-08 4.396739634000807081e-08
1.989000000000000000e+04 2.857176980396821776e-07 9.533770196415447301e-08 1.903799960755277311e-07
1.989500000000000000e+04 4.996475015186726759e-07 9.593134444523417771e-08 4.037161570734385511e-07
1.990000000000000000e+04 4.008702067185546938e-07 9.622055343792601773e-08 3.046496532806287158e-07
1.990500000000000000e+04 6.087196507533628707e-07 9.612620603660187136e-08 5.125934447167609861e-07
1.991000000000000000e+04 8.166012994688795287e-07 9.549577975306928216e-08 7.211055197158102598e-07
1.991500000000000000e+04 4.015322148636345355e-07 9.614152032119237310e-08 3.053906945424421624e-07
1.992000000000000000e+04 1.440103293971480264e-07 9.740634436150424789e-08 4.660398503564377190e-08
1.992500000000000000e+04 1.364537945960300918e-07 9.829279631417728512e-08 3.816099828185280665e-08
1.993000000000000000e+04 2.188495237132691281e-07 9.823224767302359243e-08 1.206172760402455489e-07
1.993500000000000000e+04 4.951734877892311041e-07 9.847146830269961064e-08 3.967020194865315067e-07
1.994000000000000000e+04 4.512975049188565465e-07 9.904291513676580913e-08 3.522545897820907903e-07
1.994500000000000000e+04 5.006383309057494220e-07 9.900571830631444647e-08 4.016326125994350285e-07
1.995000000000000000e+04 8.142082914470034044e-07 9.848829773600678707e-08 7.157199937109965777e-07
1.995500000000000000e+04 5.420153487773605086e-07 9.849723833417919557e-08 4.435181104431814189e-07
1.996000000000000000e+04 1.660760669066321563e-07 9.978912845558428952e-08 6.628693845104786676e-08
1.996500000000000000e+04 1.333269438086493763e-07 1.006640734006019634e-07 3.266287040804745268e-08
1.997000000000000000e+04 1.670638502773726959e-07 1.008947604829093725e-07 6.616908979446336314e-08
1.997500000000000000e+04 4.476663757054740651e-07 1.007350168389442328e-07 3.469313588665297926e-07
1.998000000000000000e+04 5.194110537021955263e-07 1.014777389171458411e-07 4.179333147850496587e-07
1.998500000000000000e+04 4.367749850917279412e-07 1.015276984046497782e-07 3.352472866870780174e-07
1.999000000000000000e+04 7.470628678975949823e-07 1.012305443182057295e-07 6.458323235793891337e-07
1.999500000000000000e+04 6.720973614096785482e-07 1.007304543775229239e-07 5.713669070321556640e-07
2.000000000000000000e+04 2.260728881804591579e-07 1.018346612897837615e-07 1.242382268906753965e-07
