0.000000000000000000e+00 1.000000000000000000e+00
5.000000000000000000e+00 5.264570377929596035e-01
1.000000000000000000e+01 3.205070214128208188e-03
1.500000000000000000e+01 4.093713619345162313e-01
2.000000000000000000e+01 9.787502099481801832e-01
2.500000000000000000e+01 6.442640711830651679e-01
3.000000000000000000e+01 3.088812838247311995e-02
3.500000000000000000e+01 3.015696775748507030e-01
4.000000000000000000e+01 9.426874702503804659e-01
4.500000000000000000e+01 7.446107807589782412e-01
5.000000000000000000e+01 8.326905865621365976e-02
5.500000000000000000e+01 1.969193792914409880e-01
6.000000000000000000e+01 8.796158812001068084e-01
6.500000000000000000e+01 8.444904320656135832e-01
7.000000000000000000e+01 1.570422079760264988e-01
7.500000000000000000e+01 1.152158862783407428e-01
8.000000000000000000e+01 7.888017590571169135e-01
8.500000000000000000e+01 9.149533651343878526e-01
9.000000000000000000e+01 2.543709572260030027e-01
9.500000000000000000e+01 5.141679216063770042e-02
1.000000000000000000e+02 6.945734850106307645e-01
1.050000000000000000e+02 9.649972187680156965e-01
1.100000000000000000e+02 3.574435834356371466e-01
1.150000000000000000e+02 1.198906349899673748e-02
1.200000000000000000e+02 5.777024280986023941e-01
1.250000000000000000e+02 9.969364878288448084e-01
1.300000000000000000e+02 4.748461780602715732e-01
1.350000000000000000e+02 4.515178061605886226e-05
1.400000000000000000e+02 4.625576389120171772e-01
1.450000000000000000e+02 9.874829554069545212e-01
1.500000000000000000e+02 5.920695536466116238e-01
1.550000000000000000e+02 1.540953047606377982e-02
1.600000000000000000e+02 3.506632755518691580e-01
1.650000000000000000e+02 9.653907477724293917e-01
1.700000000000000000e+02 6.980864537311703977e-01
1.750000000000000000e+02 5.609509843484610653e-02
1.800000000000000000e+02 2.403290646890840765e-01
1.850000000000000000e+02 9.101815957439474136e-01
1.900000000000000000e+02 8.050886526916961605e-01
1.950000000000000000e+02 1.210399320813631552e-01
2.000000000000000000e+02 1.514964595220998356e-01
2.050000000000000000e+02 8.301750013535238448e-01
2.100000000000000000e+02 8.826766962625753887e-01
2.150000000000000000e+02 2.096485544413331514e-01
2.200000000000000000e+02 7.677230815652896778e-02
2.250000000000000000e+02 7.423187435010709656e-01
2.300000000000000000e+02 9.462300382427578649e-01
2.350000000000000000e+02 3.074025174537880489e-01
2.400000000000000000e+02 2.636225829190795913e-02
2.450000000000000000e+02 6.281554454682308775e-01
2.500000000000000000e+02 9.878152582203415522e-01
2.550000000000000000e+02 4.233177629124194596e-01
2.600000000000000000e+02 2.464360191408349748e-03
2.650000000000000000e+02 5.163125072211842692e-01
2.700000000000000000e+02 9.911961510684681453e-01
2.750000000000000000e+02 5.387177478279631115e-01
2.800000000000000000e+02 5.186525224305887222e-03
2.850000000000000000e+02 4.010961696740256710e-01
2.900000000000000000e+02 9.826335931435717930e-01
2.950000000000000000e+02 6.496803500147229071e-01
3.000000000000000000e+02 3.404632374496755626e-02
3.050000000000000000e+02 2.868719845852868988e-01
3.100000000000000000e+02 9.359993866097623405e-01
3.150000000000000000e+02 7.618000142781021777e-01
3.200000000000000000e+02 8.921350118985384159e-02
3.250000000000000000e+02 1.916030876306921704e-01
3.300000000000000000e+02 8.682146017202618804e-01
3.350000000000000000e+02 8.463734931166773112e-01
3.400000000000000000e+02 1.679911108099620964e-01
3.450000000000000000e+02 1.067172700384777795e-01
3.500000000000000000e+02 7.868958260049271347e-01
3.550000000000000000e+02 9.224832718555044941e-01
3.600000000000000000e+02 2.598033392940145569e-01
3.650000000000000000e+02 4.619671537615962359e-02
3.700000000000000000e+02 6.773927279934391921e-01
3.750000000000000000e+02 9.728377202951009606e-01
3.800000000000000000e+02 3.723542426101799085e-01
3.850000000000000000e+02 1.035503394172924280e-02
3.900000000000000000e+02 5.699043198259581278e-01
3.950000000000000000e+02 9.898822079797496842e-01
4.000000000000000000e+02 4.849546717528549489e-01
4.050000000000000000e+02 3.965492865356383704e-04
4.100000000000000000e+02 4.523492246921791970e-01
4.150000000000000000e+02 9.940752909329196862e-01
4.200000000000000000e+02 5.998185634882642336e-01
4.250000000000000000e+02 1.737763741629307773e-02
4.300000000000000000e+02 3.360791329361472179e-01
4.350000000000000000e+02 9.569571065429545165e-01
4.400000000000000000e+02 7.151207669589829674e-01
4.450000000000000000e+02 6.183698508256263437e-02
4.500000000000000000e+02 2.349829805596521659e-01
4.550000000000000000e+02 9.023840838663556019e-01
4.600000000000000000e+02 8.065606418656626753e-01
4.650000000000000000e+02 1.299705528040045466e-01
4.700000000000000000e+02 1.409962115285673112e-01
4.750000000000000000e+02 8.277949435450417948e-01
4.800000000000000000e+02 8.938453268540789143e-01
4.850000000000000000e+02 2.151264419920173032e-01
4.900000000000000000e+02 7.126466355230727523e-02
4.950000000000000000e+02 7.249771363735855179e-01
5.000000000000000000e+02 9.523203916803678615e-01
5.050000000000000000e+02 3.224796970952186759e-01
5.100000000000000000e+02 2.356462468338123631e-02
5.150000000000000000e+02 6.225865066856645091e-01
5.200000000000000000e+02 9.835202348203903044e-01
5.250000000000000000e+02 4.315140432850377850e-01
5.300000000000000000e+02 1.173401683624661785e-03
5.350000000000000000e+02 5.039414451093735536e-01
5.400000000000000000e+02 9.994898919436425722e-01
5.450000000000000000e+02 5.489158197912407111e-01
5.500000000000000000e+02 6.244567745986774436e-03
5.550000000000000000e+02 3.874050130053299235e-01
5.600000000000000000e+02 9.729947412580397526e-01
5.650000000000000000e+02 6.656443638662937756e-01
5.700000000000000000e+02 3.916791007214971698e-02
5.750000000000000000e+02 2.810636904688899596e-01
5.800000000000000000e+02 9.321464527919609555e-01
5.850000000000000000e+02 7.637360641792979576e-01
5.900000000000000000e+02 9.611628568606853107e-02
5.950000000000000000e+02 1.793252733034172708e-01
6.000000000000000000e+02 8.646104066844421121e-01
6.050000000000000000e+02 8.604826910340039881e-01
6.100000000000000000e+02 1.737841451367218015e-01
6.150000000000000000e+02 1.012399183568351568e-01
6.200000000000000000e+02 7.704439441683933465e-01
6.250000000000000000e+02 9.266692937213726333e-01
6.300000000000000000e+02 2.742582090391867400e-01
6.350000000000000000e+02 4.191112275392046282e-02
6.400000000000000000e+02 6.736278946778174737e-01
6.450000000000000000e+02 9.720816188680907466e-01
6.500000000000000000e+02 3.790902256229048972e-01
6.550000000000000000e+02 7.589177027670694631e-03
6.600000000000000000e+02 5.554231721695427337e-01
6.650000000000000000e+02 9.987835041055814767e-01
6.700000000000000000e+02 4.973931285304908911e-01
6.750000000000000000e+02 7.095032534785614912e-04
6.800000000000000000e+02 4.402292717557063084e-01
6.850000000000000000e+02 9.840794530943365315e-01
6.900000000000000000e+02 6.140422994725698302e-01
6.950000000000000000e+02 2.145115832217686994e-02
7.000000000000000000e+02 3.292767363939738678e-01
7.050000000000000000e+02 9.569913574636903508e-01
7.100000000000000000e+02 7.183679232202628828e-01
7.150000000000000000e+02 6.689126843327342087e-02
7.200000000000000000e+02 2.213776851611755359e-01
7.250000000000000000e+02 8.970399892221704308e-01
7.300000000000000000e+02 8.226591839372424664e-01
7.350000000000000000e+02 1.361334632708602610e-01
7.400000000000000000e+02 1.357079432871429181e-01
7.450000000000000000e+02 8.132935781563492839e-01
7.500000000000000000e+02 8.963497703822018714e-01
7.550000000000000000e+02 2.282831223686810906e-01
7.600000000000000000e+02 6.519340598944600718e-02
7.650000000000000000e+02 7.223429158904739467e-01
7.700000000000000000e+02 9.555452976018147249e-01
7.750000000000000000e+02 3.283179213667358209e-01
7.800000000000000000e+02 1.963680496604291309e-02
7.850000000000000000e+02 6.063626675721376369e-01
7.900000000000000000e+02 9.920004395439891987e-01
7.950000000000000000e+02 4.456954163429153182e-01
8.000000000000000000e+02 7.544851533899238610e-04
8.050000000000000000e+02 4.938676970761962104e-01
8.100000000000000000e+02 9.901840249916769032e-01
8.150000000000000000e+02 5.610376841810397197e-01
8.200000000000000000e+02 8.915475180433360056e-03
8.250000000000000000e+02 3.790759912916120689e-01
8.300000000000000000e+02 9.764660594783974856e-01
8.350000000000000000e+02 6.708934528671562925e-01
8.400000000000000000e+02 4.267329336860492539e-02
8.450000000000000000e+02 2.667682681990130034e-01
8.500000000000000000e+02 9.248742901163439223e-01
8.550000000000000000e+02 7.807470684155378704e-01
8.600000000000000000e+02 1.024915915961222418e-01
8.650000000000000000e+02 1.741835501493121663e-01
8.700000000000000000e+02 8.529931184626191598e-01
8.750000000000000000e+02 8.618560331041077438e-01
8.800000000000000000e+02 1.851582984992460323e-01
8.850000000000000000e+02 9.319474506490889321e-02
8.900000000000000000e+02 7.681179611711494992e-01
8.950000000000000000e+02 9.339200704764410998e-01
9.000000000000000000e+02 2.797607387238723597e-01
9.050000000000000000e+02 3.721633381316249295e-02
9.100000000000000000e+02 6.563290925215193861e-01
9.150000000000000000e+02 9.793172952252697794e-01
9.200000000000000000e+02 3.943054979548150651e-01
9.250000000000000000e+02 6.297953390678818521e-03
9.300000000000000000e+02 5.475919992225047883e-01
9.350000000000000000e+02 9.912724694123641322e-01
9.400000000000000000e+02 5.073747439287653593e-01
9.450000000000000000e+02 1.763032720900850614e-03
9.500000000000000000e+02 4.299482993069269621e-01
9.550000000000000000e+02 9.902060971876412987e-01
9.600000000000000000e+02 6.217265681027861479e-01
9.650000000000000000e+02 2.374385598745193046e-02
9.700000000000000000e+02 3.150405721825038641e-01
9.750000000000000000e+02 9.479779553872260678e-01
9.800000000000000000e+02 7.352281157125098998e-01
9.850000000000000000e+02 7.315046670446072319e-02
9.900000000000000000e+02 2.161339449025129200e-01
9.950000000000000000e+02 8.889874152333888668e-01
1.000000000000000000e+03 8.236845001870890526e-01
1.005000000000000000e+03 1.454738924292852398e-01
1.010000000000000000e+03 1.256789599111112765e-01
1.015000000000000000e+03 8.104306778237858611e-01
1.020000000000000000e+03 9.072701296409593219e-01
1.025000000000000000e+03 2.339092916048202131e-01
1.030000000000000000e+03 6.012762652508070460e-02
1.035000000000000000e+03 7.048754435277134744e-01
1.040000000000000000e+03 9.610259724949404836e-01
1.045000000000000000e+03 3.437513114243472279e-01
1.050000000000000000e+03 1.721234456748286373e-02
1.055000000000000000e+03 6.006562813712825744e-01
1.060000000000000000e+03 9.872954180624459175e-01
1.065000000000000000e+03 4.537879953088569396e-01
1.070000000000000000e+03 1.537525772851293957e-04
1.075000000000000000e+03 4.814152254001319298e-01
1.080000000000000000e+03 9.979612733728990825e-01
1.085000000000000000e+03 5.712721996669175573e-01
1.090000000000000000e+03 1.028563206286203791e-02
1.095000000000000000e+03 3.656600136524545963e-01
1.100000000000000000e+03 9.662659469167895754e-01
1.105000000000000000e+03 6.866841484240436833e-01
1.110000000000000000e+03 4.838712661853176999e-02
1.115000000000000000e+03 2.610037670693561851e-01
1.120000000000000000e+03 9.207193214034594675e-01
1.125000000000000000e+03 7.823141461303507738e-01
1.130000000000000000e+03 1.097801799039370974e-01
1.135000000000000000e+03 1.623801027129896102e-01
1.140000000000000000e+03 8.488599750305483305e-01
1.145000000000000000e+03 8.757395782477879198e-01
1.150000000000000000e+03 1.911878454416368611e-01
1.155000000000000000e+03 8.807121915254832734e-02
1.160000000000000000e+03 7.515249334508483647e-01
1.165000000000000000e+03 9.375082969480573736e-01
1.170000000000000000e+03 2.946043567255907658e-01
1.175000000000000000e+03 3.333939639074669919e-02
1.180000000000000000e+03 6.523271113635256135e-01
1.185000000000000000e+03 9.781961773096624624e-01
1.190000000000000000e+03 4.009749387935028220e-01
1.195000000000000000e+03 4.186991928639523068e-03
1.200000000000000000e+03 5.330264563012007129e-01
1.205000000000000000e+03 9.996130745442350918e-01
1.210000000000000000e+03 5.199442631280496441e-01
1.215000000000000000e+03 2.388190911912549917e-03
1.220000000000000000e+03 4.180153160186519390e-01
1.225000000000000000e+03 9.796789094386306740e-01
1.230000000000000000e+03 6.357779657147961672e-01
1.235000000000000000e+03 2.846764885052037106e-02
1.240000000000000000e+03 3.082384206831796369e-01
1.245000000000000000e+03 9.476570817029941196e-01
1.250000000000000000e+03 7.381958849633675213e-01
1.255000000000000000e+03 7.856319634514152828e-02
1.260000000000000000e+03 2.029879495765797293e-01
1.265000000000000000e+03 8.830855807164174065e-01
1.270000000000000000e+03 8.395719283363813901e-01
1.275000000000000000e+03 1.519670581617266758e-01
1.280000000000000000e+03 1.206578204641537699e-01
1.285000000000000000e+03 7.957639104836962129e-01
1.290000000000000000e+03 9.092061137923922454e-01
1.295000000000000000e+03 2.474689106049633991e-01
1.300000000000000000e+03 5.450045452687784370e-02
1.305000000000000000e+03 7.019135663417326310e-01
1.310000000000000000e+03 9.639264195784881251e-01
1.315000000000000000e+03 3.495755124940947978e-01
1.320000000000000000e+03 1.388371268136201833e-02
1.325000000000000000e+03 5.843466270462090995e-01
1.330000000000000000e+03 9.951809295837438230e-01
1.335000000000000000e+03 4.681836191950425885e-01
1.340000000000000000e+03 6.034050047351975860e-05
1.345000000000000000e+03 4.714292790987647530e-01
1.350000000000000000e+03 9.881620100757749769e-01
1.355000000000000000e+03 5.832268985698183528e-01
1.360000000000000000e+03 1.364366110265860695e-02
1.365000000000000000e+03 3.573022617822708691e-01
1.370000000000000000e+03 9.693255237560400861e-01
1.375000000000000000e+03 6.917515569947785270e-01
1.380000000000000000e+03 5.222553394383425834e-02
1.385000000000000000e+03 2.471324607101240967e-01
1.390000000000000000e+03 9.128776456281275653e-01
1.395000000000000000e+03 7.991214742516586922e-01
1.400000000000000000e+03 1.165794918548684472e-01
1.405000000000000000e+03 1.574255101464052953e-01
1.410000000000000000e+03 8.370434838523096444e-01
1.415000000000000000e+03 8.765911082657178444e-01
1.420000000000000000e+03 2.029630772285870299e-01
1.425000000000000000e+03 8.049998774858321826e-02
1.430000000000000000e+03 7.487935318834060272e-01
1.435000000000000000e+03 9.444688388380263477e-01
1.440000000000000000e+03 3.001605070756844795e-01
1.445000000000000000e+03 2.917229024979551763e-02
1.450000000000000000e+03 6.349386312139826405e-01
1.455000000000000000e+03 9.848164199917708306e-01
1.460000000000000000e+03 4.164723512918250270e-01
1.465000000000000000e+03 3.246529685652023607e-03
1.470000000000000000e+03 5.251782245418671335e-01
1.475000000000000000e+03 9.916509918616452923e-01
1.480000000000000000e+03 5.297721451418563321e-01
1.485000000000000000e+03 4.141871624523181528e-03
1.490000000000000000e+03 4.076891580338797838e-01
1.495000000000000000e+03 9.853369510370241224e-01
1.500000000000000000e+03 6.433817833863190172e-01
1.505000000000000000e+03 3.107468247975608833e-02
1.510000000000000000e+03 2.943708873991827124e-01
1.515000000000000000e+03 9.380781768259934816e-01
1.520000000000000000e+03 7.548545986747933201e-01
1.525000000000000000e+03 8.533417042111880735e-02
1.530000000000000000e+03 1.978623035754438486e-01
1.535000000000000000e+03 8.747907837706803136e-01
1.540000000000000000e+03 8.401383960463690848e-01
1.545000000000000000e+03 1.616943072416656690e-01
1.550000000000000000e+03 1.111217488135645276e-01
1.555000000000000000e+03 7.924331041728023273e-01
1.560000000000000000e+03 9.198629772761620638e-01
1.565000000000000000e+03 2.532295606439043945e-01
1.570000000000000000e+03 4.988066390765488051e-02
1.575000000000000000e+03 6.843467781358264501e-01
1.580000000000000000e+03 9.687864704652195957e-01
1.585000000000000000e+03 3.653411655861514284e-01
1.590000000000000000e+03 1.184422401175170246e-02
1.595000000000000000e+03 5.785181560868636330e-01
1.600000000000000000e+03 9.900680651456998937e-01
1.605000000000000000e+03 4.761477469632779957e-01
1.610000000000000000e+03 1.482560298716990659e-04
1.615000000000000000e+03 4.589243455075407430e-01
1.620000000000000000e+03 9.954172635828949511e-01
1.625000000000000000e+03 5.934805621993407554e-01
1.630000000000000000e+03 1.531996150632167035e-02
1.635000000000000000e+03 3.441807560920237541e-01
1.640000000000000000e+03 9.585775661954608617e-01
1.645000000000000000e+03 7.073404943815150281e-01
1.650000000000000000e+03 5.852700019485181093e-02
1.655000000000000000e+03 2.414308027212325458e-01
1.660000000000000000e+03 9.084294027379586911e-01
1.665000000000000000e+03 8.003070914005263603e-01
1.670000000000000000e+03 1.242328677592597769e-01
1.675000000000000000e+03 1.461184875808366757e-01
1.680000000000000000e+03 8.323966979683951051e-01
1.685000000000000000e+03 8.902299875117793970e-01
1.690000000000000000e+03 2.092177586471726525e-01
1.695000000000000000e+03 7.573662650044170330e-02
1.700000000000000000e+03 7.320833755389670738e-01
1.705000000000000000e+03 9.474482338181864360e-01
1.710000000000000000e+03 3.153679311082533410e-01
1.715000000000000000e+03 2.571909361269257913e-02
1.720000000000000000e+03 6.307145774916180780e-01
1.725000000000000000e+03 9.833284161122756162e-01
1.730000000000000000e+03 4.230530315818437637e-01
1.735000000000000000e+03 1.789490286631252721e-03
1.740000000000000000e+03 5.105579806117642727e-01
1.745000000000000000e+03 9.994235096123617046e-01
1.750000000000000000e+03 5.424535775053113129e-01
1.755000000000000000e+03 5.077730742776100960e-03
1.760000000000000000e+03 3.959611212279426917e-01
1.765000000000000000e+03 9.742903116346883774e-01
1.770000000000000000e+03 6.572321976212216477e-01
1.775000000000000000e+03 3.644473217042753371e-02
1.780000000000000000e+03 2.875912226925515514e-01
1.785000000000000000e+03 9.374069635524118205e-01
1.790000000000000000e+03 7.575298561933585528e-01
1.795000000000000000e+03 9.108705451137459608e-02
1.800000000000000000e+03 1.851974200387408176e-01
1.805000000000000000e+03 8.683468359160652073e-01
1.810000000000000000e+03 8.557924005332757655e-01
1.815000000000000000e+03 1.685083878395944867e-01
1.820000000000000000e+03 1.063767614602314920e-01
1.825000000000000000e+03 7.776218088465360889e-01
1.830000000000000000e+03 9.212194600897277708e-01
1.835000000000000000e+03 2.671668130190720247e-01
1.840000000000000000e+03 4.471528258169348707e-02
1.845000000000000000e+03 6.810723468309719530e-01
1.850000000000000000e+03 9.713563086890280029e-01
1.855000000000000000e+03 3.711318757360180798e-01
1.860000000000000000e+03 9.114743164251501092e-03
1.865000000000000000e+03 5.621522684955599924e-01
1.870000000000000000e+03 9.973502419915729611e-01
1.875000000000000000e+03 4.907365090336531788e-01
1.880000000000000000e+03 3.832887606155659945e-04
1.885000000000000000e+03 4.490430486093664464e-01
1.890000000000000000e+03 9.851342313729871680e-01
1.895000000000000000e+03 6.052401002531490048e-01
1.900000000000000000e+03 1.936149173076296554e-02
1.905000000000000000e+03 3.358193808131213487e-01
1.910000000000000000e+03 9.612265540710710487e-01
1.915000000000000000e+03 7.122120920665943045e-01
1.920000000000000000e+03 6.268352419821912602e-02
1.925000000000000000e+03 2.280046696282864438e-01
1.930000000000000000e+03 9.000339345544587921e-01
1.935000000000000000e+03 8.168857582036582743e-01
1.940000000000000000e+03 1.314484485939840519e-01
1.945000000000000000e+03 1.413631161029064720e-01
1.950000000000000000e+03 8.203982713493221945e-01
1.955000000000000000e+03 8.905486137571971827e-01
1.960000000000000000e+03 2.213691535387420084e-01
1.965000000000000000e+03 6.865892467429987600e-02
1.970000000000000000e+03 7.289619405202169000e-01
1.975000000000000000e+03 9.541080703987300238e-01
1.980000000000000000e+03 3.209609759949005325e-01
1.985000000000000000e+03 2.208100142921502057e-02
1.990000000000000000e+03 6.132650234564442915e-01
1.995000000000000000e+03 9.893238670351446329e-01
2.000000000000000000e+03 4.388095985699751456e-01
2.005000000000000000e+03 1.206946832167645096e-03
2.010000000000000000e+03 5.027087276791750714e-01
2.015000000000000000e+03 9.910169995604142246e-01
2.020000000000000000e+03 5.521011558235944250e-01
2.025000000000000000e+03 7.528270055107201889e-03
2.030000000000000000e+03 3.856172083025196096e-01
2.035000000000000000e+03 9.794777847939342141e-01
2.040000000000000000e+03 6.647400203474034264e-01
2.045000000000000000e+03 3.935511113478137868e-02
2.050000000000000000e+03 2.741122885358717176e-01
2.055000000000000000e+03 9.272779762690004368e-01
2.060000000000000000e+03 7.739601757591961784e-01
2.065000000000000000e+03 9.836325040871847503e-02
2.070000000000000000e+03 1.802052939286005184e-01
2.075000000000000000e+03 8.598231790021407805e-01
2.080000000000000000e+03 8.558887225992434233e-01
2.085000000000000000e+03 1.785987257095696390e-01
2.090000000000000000e+03 9.735431868394488208e-02
2.095000000000000000e+03 7.738389147190151141e-01
2.100000000000000000e+03 9.315981980494503212e-01
2.105000000000000000e+03 2.730477808519785055e-01
2.110000000000000000e+03 4.054466879291756393e-02
2.115000000000000000e+03 6.634330675768592700e-01
2.120000000000000000e+03 9.755860363387854894e-01
2.125000000000000000e+03 3.872052448993995033e-01
2.130000000000000000e+03 7.471190131844038240e-03
2.135000000000000000e+03 5.562172923681714121e-01
2.140000000000000000e+03 9.918325148404818492e-01
2.145000000000000000e+03 4.985476462414255017e-01
2.150000000000000000e+03 1.156974778231445282e-03
2.155000000000000000e+03 4.365146896486452044e-01
2.160000000000000000e+03 9.918630553880078971e-01
2.165000000000000000e+03 6.154955956152621255e-01
2.170000000000000000e+03 2.133722799683881316e-02
2.175000000000000000e+03 3.230110972906004019e-01
2.180000000000000000e+03 9.499452990075304415e-01
2.185000000000000000e+03 7.275712547103114769e-01
2.190000000000000000e+03 6.956687450623011415e-02
2.195000000000000000e+03 2.223846944571801210e-01
2.200000000000000000e+03 8.953017791988843177e-01
2.205000000000000000e+03 8.176781563974953038e-01
2.210000000000000000e+03 1.394448656420136934e-01
2.215000000000000000e+03 1.305736486771703619e-01
2.220000000000000000e+03 8.152541500952065201e-01
2.225000000000000000e+03 9.039243788747662878e-01
2.230000000000000000e+03 2.278370602575061632e-01
2.235000000000000000e+03 6.426127908001090516e-02
2.240000000000000000e+03 7.121589846740765672e-01
2.245000000000000000e+03 9.564687963073277288e-01
2.250000000000000000e+03 3.365066066854160987e-01
2.255000000000000000e+03 1.906575607207106060e-02
2.260000000000000000e+03 6.088343710520848218e-01
2.265000000000000000e+03 9.874678651864813306e-01
2.270000000000000000e+03 4.452794226563321356e-01
2.275000000000000000e+03 4.016027192345611582e-04
2.280000000000000000e+03 4.880636008794763669e-01
2.285000000000000000e+03 9.982151999769953710e-01
2.290000000000000000e+03 5.648751538911254144e-01
2.295000000000000000e+03 8.772576949959601245e-03
2.300000000000000000e+03 3.741117076382399209e-01
2.305000000000000000e+03 9.679246607686802228e-01
2.310000000000000000e+03 6.783612110830760100e-01
2.315000000000000000e+03 4.536618018899094690e-02
2.320000000000000000e+03 2.673772366371361398e-01
2.325000000000000000e+03 9.262619186644109881e-01
2.330000000000000000e+03 7.763303689366531923e-01
2.335000000000000000e+03 1.044372754658179775e-01
2.340000000000000000e+03 1.680424399439375271e-01
2.345000000000000000e+03 8.528538209863317787e-01
2.350000000000000000e+03 8.712875262325919801e-01
2.355000000000000000e+03 1.857236774350373987e-01
2.360000000000000000e+03 9.289386602841286089e-02
2.365000000000000000e+03 7.589043294552761942e-01
2.370000000000000000e+03 9.323652625327830679e-01
2.375000000000000000e+03 2.873366787867310812e-01
2.380000000000000000e+03 3.585786633600833440e-02
2.385000000000000000e+03 6.598617540137563520e-01
2.390000000000000000e+03 9.778198153472580367e-01
2.395000000000000000e+03 3.929429865421836254e-01
2.400000000000000000e+03 5.339648536107406522e-03
2.405000000000000000e+03 5.398249008336785115e-01
2.410000000000000000e+03 9.985039506119073316e-01
2.415000000000000000e+03 5.133080858479399655e-01
2.420000000000000000e+03 1.722618599846556953e-03
2.425000000000000000e+03 4.267546939165797748e-01
2.430000000000000000e+03 9.811068691346540582e-01
2.435000000000000000e+03 6.270323602127714224e-01
2.440000000000000000e+03 2.605735709223815436e-02
2.445000000000000000e+03 3.146711578285282251e-01
2.450000000000000000e+03 9.521856723122215094e-01
2.455000000000000000e+03 7.322332978614752852e-01
2.460000000000000000e+03 7.402589236079562540e-02
2.465000000000000000e+03 2.094239629279632253e-01
2.470000000000000000e+03 8.863693669696274258e-01
2.475000000000000000e+03 8.340036878105987483e-01
2.480000000000000000e+03 1.470681191948688682e-01
2.485000000000000000e+03 1.260290991786474080e-01
2.490000000000000000e+03 8.030914761488724407e-01
2.495000000000000000e+03 9.037000350436747986e-01
2.500000000000000000e+03 2.403390061796382426e-01
2.505000000000000000e+03 5.769574251805782011e-02
2.510000000000000000e+03 7.086636173200436817e-01
2.515000000000000000e+03 9.628181148987423610e-01
2.520000000000000000e+03 3.421196592856366459e-01
2.525000000000000000e+03 1.595693892914841830e-02
2.530000000000000000e+03 5.913525273869276733e-01
2.535000000000000000e+03 9.928304336658232421e-01
2.540000000000000000e+03 4.612716914118332734e-01
2.545000000000000000e+03 1.833261138341271961e-04
2.550000000000000000e+03 4.802293550664965549e-01
2.555000000000000000e+03 9.893717838464176628e-01
2.560000000000000000e+03 5.743161948128417960e-01
2.565000000000000000e+03 1.191537580019039200e-02
2.570000000000000000e+03 3.637774687590594191e-01
2.575000000000000000e+03 9.726405533136728288e-01
2.580000000000000000e+03 6.857576958338775786e-01
2.585000000000000000e+03 4.856819861854729664e-02
2.590000000000000000e+03 2.543061456465809944e-01
2.595000000000000000e+03 9.155994024437112966e-01
2.600000000000000000e+03 7.925058697014084608e-01
2.605000000000000000e+03 1.122111390110095003e-01
2.610000000000000000e+03 1.631988995486909899e-01
2.615000000000000000e+03 8.441151589389864762e-01
2.620000000000000000e+03 8.709033096896408033e-01
2.625000000000000000e+03 1.961526774812045737e-01
2.630000000000000000e+03 8.440479671977038634e-02
2.635000000000000000e+03 7.546860192735086459e-01
2.640000000000000000e+03 9.424518704209973174e-01
2.645000000000000000e+03 2.933234709278640939e-01
2.650000000000000000e+03 3.213867482800333852e-02
2.655000000000000000e+03 6.421770291665930275e-01
2.660000000000000000e+03 9.814107790212558413e-01
2.665000000000000000e+03 4.092989736847014726e-01
2.670000000000000000e+03 4.102142239728320990e-03
2.675000000000000000e+03 5.337991786268262429e-01
2.680000000000000000e+03 9.925851653538960706e-01
2.685000000000000000e+03 5.209419621686302015e-01
2.690000000000000000e+03 3.177900999092119361e-03
2.695000000000000000e+03 4.142319776034049661e-01
2.700000000000000000e+03 9.873059038806363263e-01
2.705000000000000000e+03 6.372723834807324517e-01
2.710000000000000000e+03 2.832509751029818959e-02
2.715000000000000000e+03 3.021942607321642660e-01
2.720000000000000000e+03 9.403867685981793789e-01
2.725000000000000000e+03 7.473351474257036164e-01
2.730000000000000000e+03 8.148425894388876267e-02
2.735000000000000000e+03 2.039042627322715517e-01
2.740000000000000000e+03 8.813632446194625825e-01
2.745000000000000000e+03 8.343918722782653896e-01
2.750000000000000000e+03 1.553851391647778357e-01
2.755000000000000000e+03 1.157773458571415143e-01
2.760000000000000000e+03 7.974672913723480638e-01
2.765000000000000000e+03 9.167948343278207179e-01
2.770000000000000000e+03 2.470077210133570511e-01
2.775000000000000000e+03 5.366856123158273567e-02
2.780000000000000000e+03 6.917924593364441765e-01
2.785000000000000000e+03 9.645515517249829696e-01
2.790000000000000000e+03 3.579772932982369094e-01
2.795000000000000000e+03 1.339295388461650069e-02
2.800000000000000000e+03 5.867311092150320206e-01
2.805000000000000000e+03 9.906060815684049059e-01
2.810000000000000000e+03 4.676087252163462216e-01
2.815000000000000000e+03 2.619832786950936299e-05
2.820000000000000000e+03 4.655892262838423612e-01
2.825000000000000000e+03 9.959906139462498809e-01
2.830000000000000000e+03 5.871632523306111739e-01
2.835000000000000000e+03 1.346513348405350800e-02
2.840000000000000000e+03 3.525116764505357159e-01
2.845000000000000000e+03 9.605949534264371925e-01
2.850000000000000000e+03 6.991218856754937150e-01
2.855000000000000000e+03 5.521383948649981332e-02
2.860000000000000000e+03 2.476376756744432528e-01
2.865000000000000000e+03 9.142446881596791863e-01
2.870000000000000000e+03 7.945590475704913391e-01
2.875000000000000000e+03 1.185866018722516596e-01
2.880000000000000000e+03 1.515580575020283316e-01
2.885000000000000000e+03 8.366381403289558927e-01
2.890000000000000000e+03 8.860257084225351409e-01
2.895000000000000000e+03 2.035777768367061091e-01
2.900000000000000000e+03 8.023660330889299808e-02
2.905000000000000000e+03 7.396497065764472412e-01
2.910000000000000000e+03 9.426207462165223649e-01
2.915000000000000000e+03 3.079373968751315527e-01
2.920000000000000000e+03 2.794629003775887452e-02
2.925000000000000000e+03 6.383250332237583313e-01
2.930000000000000000e+03 9.833037634313340769e-01
2.935000000000000000e+03 4.149642964134452883e-01
2.940000000000000000e+03 2.566151551368073616e-03
2.945000000000000000e+03 5.174101031599335210e-01
2.950000000000000000e+03 9.986397020259411006e-01
2.955000000000000000e+03 5.358523118766812532e-01
2.960000000000000000e+03 4.075546509405197047e-03
2.965000000000000000e+03 4.046097024680959109e-01
2.970000000000000000e+03 9.760881434297767889e-01
2.975000000000000000e+03 6.485592000544017077e-01
2.980000000000000000e+03 3.371765194314811642e-02
2.985000000000000000e+03 2.939007177505521540e-01
2.990000000000000000e+03 9.422213229968807724e-01
2.995000000000000000e+03 7.517743130243361716e-01
3.000000000000000000e+03 8.622946052314207910e-02
3.005000000000000000e+03 1.914282929563019819e-01
3.010000000000000000e+03 8.719118302796212694e-01
3.015000000000000000e+03 8.504403472594566082e-01
3.020000000000000000e+03 1.634066308327120909e-01
3.025000000000000000e+03 1.114547012594259007e-01
3.030000000000000000e+03 7.851584426645380477e-01
3.035000000000000000e+03 9.160185038426198467e-01
3.040000000000000000e+03 2.598339639694550174e-01
3.045000000000000000e+03 4.763283765652528284e-02
3.050000000000000000e+03 6.879399439843746356e-01
3.055000000000000000e+03 9.705812196382961332e-01
3.060000000000000000e+03 3.635933371487506949e-01
3.065000000000000000e+03 1.081259966366918818e-02
3.070000000000000000e+03 5.692458906360842175e-01
3.075000000000000000e+03 9.953289574126614747e-01
3.080000000000000000e+03 4.838128261619924486e-01
3.085000000000000000e+03 1.777178858406517877e-04
3.090000000000000000e+03 4.577859698722979709e-01
3.095000000000000000e+03 9.867187006467285082e-01
3.100000000000000000e+03 5.963719147218886629e-01
3.105000000000000000e+03 1.729429423401592295e-02
3.110000000000000000e+03 3.422144849230089880e-01
3.115000000000000000e+03 9.648392084341187447e-01
3.120000000000000000e+03 7.063919230249745551e-01
3.125000000000000000e+03 5.869509755124033973e-02
3.130000000000000000e+03 2.349929091314578999e-01
3.135000000000000000e+03 9.030662953509559498e-01
3.140000000000000000e+03 8.104538431329126880e-01
3.145000000000000000e+03 1.268495979909380900e-01
3.150000000000000000e+03 1.468777742035983769e-01
3.155000000000000000e+03 8.276987912648580137e-01
3.160000000000000000e+03 8.851514905496155050e-01
3.165000000000000000e+03 2.143203665088688203e-01
3.170000000000000000e+03 7.229964070014829880e-02
3.175000000000000000e+03 7.350134736508593392e-01
3.180000000000000000e+03 9.524018731132988247e-01
3.185000000000000000e+03 3.140152148679856703e-01
3.190000000000000000e+03 2.467981745917826805e-02
3.195000000000000000e+03 6.206220785283019792e-01
3.200000000000000000e+03 9.862487951890195337e-01
3.205000000000000000e+03 4.315773076778683381e-01
3.210000000000000000e+03 1.743932586457661417e-03
3.215000000000000000e+03 5.113095406837955270e-01
3.220000000000000000e+03 9.923244814726129848e-01
3.225000000000000000e+03 5.432849745899724914e-01
3.230000000000000000e+03 6.206960235991247458e-03
3.235000000000000000e+03 3.921216736229222177e-01
3.240000000000000000e+03 9.817551095342929024e-01
3.245000000000000000e+03 6.587664937384223318e-01
3.250000000000000000e+03 3.626925598070603746e-02
3.255000000000000000e+03 2.817727507467018833e-01
3.260000000000000000e+03 9.299214916175250201e-01
3.265000000000000000e+03 7.665918429748185270e-01
3.270000000000000000e+03 9.425487417970597470e-02
3.275000000000000000e+03 1.860271739067238528e-01
3.280000000000000000e+03 8.666422438861369759e-01
3.285000000000000000e+03 8.504141130121113390e-01
3.290000000000000000e+03 1.720211647789244569e-01
3.295000000000000000e+03 1.017598102148331851e-01
3.300000000000000000e+03 7.790723981022561473e-01
3.305000000000000000e+03 9.288151150098242770e-01
3.310000000000000000e+03 2.666905924645693315e-01
3.315000000000000000e+03 4.398005533427008090e-02
3.320000000000000000e+03 6.710254043979273497e-01
3.325000000000000000e+03 9.716799800874986737e-01
3.330000000000000000e+03 3.797362245115322721e-01
3.335000000000000000e+03 8.712257673989143303e-03
3.340000000000000000e+03 5.644498616976972860e-01
3.345000000000000000e+03 9.927366679394683535e-01
3.350000000000000000e+03 4.899953423134449371e-01
3.355000000000000000e+03 6.640788567376880837e-04
3.360000000000000000e+03 4.431807237310985692e-01
3.365000000000000000e+03 9.927542959143986767e-01
3.370000000000000000e+03 6.092724076841893321e-01
3.375000000000000000e+03 1.914576908000962738e-02
3.380000000000000000e+03 3.312051220989530864e-01
3.385000000000000000e+03 9.523161525862221533e-01
3.390000000000000000e+03 7.194718526417855919e-01
3.395000000000000000e+03 6.596766644623119902e-02
3.400000000000000000e+03 2.284127761449219751e-01
3.405000000000000000e+03 9.013797900538663699e-01
3.410000000000000000e+03 8.121786800803215689e-01
3.415000000000000000e+03 1.335061469035909443e-01
3.420000000000000000e+03 1.357779478001154005e-01
3.425000000000000000e+03 8.197328798422282015e-01
3.430000000000000000e+03 8.999768920164514796e-01
3.435000000000000000e+03 2.220342384858552676e-01
3.440000000000000000e+03 6.843076006202043760e-02
3.445000000000000000e+03 7.198972672894732305e-01
3.450000000000000000e+03 9.519649525129549872e-01
3.455000000000000000e+03 3.289269721289320714e-01
3.460000000000000000e+03 2.099670964373789861e-02
3.465000000000000000e+03 6.165060927611598629e-01
3.470000000000000000e+03 9.877969772625203593e-01
3.475000000000000000e+03 4.371508322637943089e-01
3.480000000000000000e+03 7.999298640131194101e-04
3.485000000000000000e+03 4.949536384692063140e-01
3.490000000000000000e+03 9.977572183907881254e-01
3.495000000000000000e+03 5.583232058329393732e-01
3.500000000000000000e+03 7.437222439578706178e-03
3.505000000000000000e+03 3.826532665350966256e-01
3.510000000000000000e+03 9.700882963879116083e-01
3.515000000000000000e+03 6.697766814220112996e-01
3.520000000000000000e+03 4.232680285495067640e-02
3.525000000000000000e+03 2.735504132553868706e-01
3.530000000000000000e+03 9.313538351141360527e-01
3.535000000000000000e+03 7.707952571530938268e-01
3.540000000000000000e+03 9.926929223872187069e-02
3.545000000000000000e+03 1.740544186512351377e-01
3.550000000000000000e+03 8.566908308598297772e-01
3.555000000000000000e+03 8.661622074352371969e-01
3.560000000000000000e+03 1.804306462950353018e-01
3.565000000000000000e+03 9.766961525834613744e-02
3.570000000000000000e+03 7.666357887787560443e-01
3.575000000000000000e+03 9.274788527830211127e-01
3.580000000000000000e+03 2.798142812496439147e-01
3.585000000000000000e+03 3.849076890888855629e-02
3.590000000000000000e+03 6.668331716627819983e-01
3.595000000000000000e+03 9.773815656265424368e-01
3.600000000000000000e+03 3.853381483792895912e-01
3.605000000000000000e+03 6.658480536363021313e-03
3.610000000000000000e+03 5.469902606958314539e-01
3.615000000000000000e+03 9.968143302509556714e-01
3.620000000000000000e+03 5.063870372229141159e-01
3.625000000000000000e+03 1.190097191245796963e-03
3.630000000000000000e+03 4.354243612771551142e-01
3.635000000000000000e+03 9.830631638727268529e-01
3.640000000000000000e+03 6.182232933112800088e-01
3.645000000000000000e+03 2.365410564673910490e-02
3.650000000000000000e+03 3.209722364843546338e-01
3.655000000000000000e+03 9.560896682085230358e-01
3.660000000000000000e+03 7.266005947185901759e-01
3.665000000000000000e+03 6.971509607191074542e-02
3.670000000000000000e+03 2.162120224058692031e-01
3.675000000000000000e+03 8.897042416957885447e-01
3.680000000000000000e+03 8.277674768386565907e-01
3.685000000000000000e+03 1.422487786209093164e-01
3.690000000000000000e+03 1.312751743188296516e-01
3.695000000000000000e+03 8.106075866343541714e-01
3.700000000000000000e+03 8.986041659582488794e-01
3.705000000000000000e+03 2.330647406265920762e-01
3.710000000000000000e+03 6.106358580295685040e-02
3.715000000000000000e+03 7.148613914642154565e-01
3.720000000000000000e+03 9.614279272901008477e-01
3.725000000000000000e+03 3.350807495271441172e-01
3.730000000000000000e+03 1.818329883385570375e-02
3.735000000000000000e+03 5.988122445318707632e-01
3.740000000000000000e+03 9.900901927101948274e-01
3.745000000000000000e+03 4.539948255628934448e-01
3.750000000000000000e+03 4.013525670383636941e-04
3.755000000000000000e+03 4.887942457392883688e-01
3.760000000000000000e+03 9.910509986410735994e-01
3.765000000000000000e+03 5.655310678234832800e-01
3.770000000000000000e+03 1.023801988635062755e-02
3.775000000000000000e+03 3.702288922549539785e-01
3.780000000000000000e+03 9.752220007519269984e-01
3.785000000000000000e+03 6.799340717916415588e-01
3.790000000000000000e+03 4.515343731330555277e-02
3.795000000000000000e+03 2.617882636934931728e-01
3.800000000000000000e+03 9.185708306675602897e-01
3.805000000000000000e+03 7.853020439985076706e-01
3.810000000000000000e+03 1.078527011349277170e-01
3.815000000000000000e+03 1.687898607105497162e-01
3.820000000000000000e+03 8.511688218330744071e-01
3.825000000000000000e+03 8.657121682424188114e-01
3.830000000000000000e+03 1.893189983704544332e-01
3.835000000000000000e+03 8.854968699988215175e-02
3.840000000000000000e+03 7.601069856262445690e-01
3.845000000000000000e+03 9.399607145853563495e-01
3.850000000000000000e+03 2.868454735002431422e-01
3.855000000000000000e+03 3.521549989759917981e-02
3.860000000000000000e+03 6.499002361225738600e-01
3.865000000000000000e+03 9.778395090241575049e-01
3.870000000000000000e+03 4.017390433362876268e-01
3.875000000000000000e+03 5.033215114021724959e-03
3.880000000000000000e+03 5.420360658124609987e-01
3.885000000000000000e+03 9.938552868471298707e-01
3.890000000000000000e+03 5.123935612825413211e-01
3.895000000000000000e+03 2.313976951119738230e-03
3.900000000000000000e+03 4.208838307159171732e-01
3.905000000000000000e+03 9.885128477638848166e-01
3.910000000000000000e+03 6.311575115078628118e-01
3.915000000000000000e+03 2.580283885566340626e-02
3.920000000000000000e+03 3.102355344076950239e-01
3.925000000000000000e+03 9.431051593406339917e-01
3.930000000000000000e+03 7.393695797021224703e-01
3.935000000000000000e+03 7.760577161675155655e-02
3.940000000000000000e+03 2.097417330908215582e-01
3.945000000000000000e+03 8.876934722278990719e-01
3.950000000000000000e+03 8.291533041094368839e-01
3.955000000000000000e+03 1.491654452255232466e-01
3.960000000000000000e+03 1.207343555229214715e-01
3.965000000000000000e+03 8.021725268530793818e-01
3.970000000000000000e+03 9.131126241842225655e-01
3.975000000000000000e+03 2.410553804971526937e-01
3.980000000000000000e+03 5.750038284191084925e-02
3.985000000000000000e+03 6.996873550622825233e-01
3.990000000000000000e+03 9.603787845732850714e-01
3.995000000000000000e+03 3.502626206064833325e-01
4.000000000000000000e+03 1.502331791415882460e-02
4.005000000000000000e+03 5.944494170568147551e-01
4.010000000000000000e+03 9.912903052009740534e-01
4.015000000000000000e+03 4.594572778886442666e-01
4.020000000000000000e+03 4.460460957844655284e-05
4.025000000000000000e+03 4.725013565335217103e-01
4.030000000000000000e+03 9.958582950645298304e-01
4.035000000000000000e+03 5.806749319658985886e-01
4.040000000000000000e+03 1.180074039630367617e-02
4.045000000000000000e+03 3.609301931888195814e-01
4.050000000000000000e+03 9.631195763655036046e-01
4.055000000000000000e+03 6.906415008825047552e-01
4.060000000000000000e+03 5.186730069746672139e-02
4.065000000000000000e+03 2.536617430574088505e-01
4.070000000000000000e+03 9.196053801651155046e-01
4.075000000000000000e+03 7.892573128023385731e-01
4.080000000000000000e+03 1.131187410937201238e-01
4.085000000000000000e+03 1.573378328076316113e-01
4.090000000000000000e+03 8.407374302203373118e-01
4.095000000000000000e+03 8.811371951700469607e-01
4.100000000000000000e+03 1.981054298941563596e-01
4.105000000000000000e+03 8.470192071272263090e-02
4.110000000000000000e+03 7.475613397030205221e-01
4.115000000000000000e+03 9.380576689821881198e-01
4.120000000000000000e+03 3.002392241241230719e-01
4.125000000000000000e+03 3.028821645397125617e-02
4.130000000000000000e+03 6.453863299537845322e-01
4.135000000000000000e+03 9.832052983871854002e-01
4.140000000000000000e+03 4.073096732427706756e-01
4.145000000000000000e+03 3.503057187335708970e-03
4.150000000000000000e+03 5.246310857787004345e-01
4.155000000000000000e+03 9.972835113357103598e-01
4.160000000000000000e+03 5.289482910090202994e-01
4.165000000000000000e+03 3.218363803066932524e-03
4.170000000000000000e+03 4.131901498286980612e-01
4.175000000000000000e+03 9.784126357451053968e-01
4.180000000000000000e+03 6.398257277863057535e-01
4.185000000000000000e+03 3.098188805374325200e-02
4.190000000000000000e+03 3.000940525382728152e-01
4.195000000000000000e+03 9.464097836267233443e-01
4.200000000000000000e+03 7.463424715774025220e-01
4.205000000000000000e+03 8.160565893742621757e-02
4.210000000000000000e+03 1.980018405948733295e-01
4.215000000000000000e+03 8.755405191964887868e-01
4.220000000000000000e+03 8.444114429179027104e-01
4.225000000000000000e+03 1.583772845034492893e-01
4.230000000000000000e+03 1.164228904101129725e-01
4.235000000000000000e+03 7.928764325521476808e-01
4.240000000000000000e+03 9.112338634798524684e-01
4.245000000000000000e+03 2.523475686326625556e-01
4.250000000000000000e+03 5.071959619911549366e-02
4.255000000000000000e+03 6.942708614394412781e-01
4.260000000000000000e+03 9.695116378242594202e-01
4.265000000000000000e+03 3.564770492053907502e-01
4.270000000000000000e+03 1.266235697688219801e-02
4.275000000000000000e+03 5.767920791928616842e-01
4.280000000000000000e+03 9.929271141527102884e-01
4.285000000000000000e+03 4.765058265486492584e-01
4.290000000000000000e+03 7.712298162278836879e-05
4.295000000000000000e+03 4.662992092143389833e-01
4.300000000000000000e+03 9.887673199622392106e-01
4.305000000000000000e+03 5.876348205590382623e-01
4.310000000000000000e+03 1.526290161398499885e-02
4.315000000000000000e+03 3.485982992257332103e-01
4.320000000000000000e+03 9.677199137521136363e-01
4.325000000000000000e+03 7.007319307192140245e-01
4.330000000000000000e+03 5.495945925147725786e-02
4.335000000000000000e+03 2.422816088536341450e-01
4.340000000000000000e+03 9.063579604363165565e-01
4.345000000000000000e+03 8.034275704130835472e-01
4.350000000000000000e+03 1.222500325165869484e-01
4.355000000000000000e+03 1.522274488163123940e-01
4.360000000000000000e+03 8.349745509793502496e-01
4.365000000000000000e+03 8.802548033425841023e-01
4.370000000000000000e+03 2.072433426796213563e-01
4.375000000000000000e+03 7.617396994084262019e-02
4.380000000000000000e+03 7.406097439238232827e-01
4.385000000000000000e+03 9.502089117295292597e-01
4.390000000000000000e+03 3.074312098066046550e-01
4.395000000000000000e+03 2.739274640890472165e-02
4.400000000000000000e+03 6.284601099653664980e-01
4.405000000000000000e+03 9.830175415813841022e-01
4.410000000000000000e+03 4.239408963366419481e-01
4.415000000000000000e+03 2.363331208586937418e-03
4.420000000000000000e+03 5.195354157619962443e-01
4.425000000000000000e+03 9.939596674080434235e-01
4.430000000000000000e+03 5.347576440830906774e-01
4.435000000000000000e+03 4.972559168333762387e-03
4.440000000000000000e+03 3.987440580453702754e-01
4.445000000000000000e+03 9.832749300971479478e-01
4.450000000000000000e+03 6.527739231873875836e-01
4.455000000000000000e+03 3.342270500001787159e-02
4.460000000000000000e+03 2.896457223691592531e-01
4.465000000000000000e+03 9.329807729990116094e-01
4.470000000000000000e+03 7.587744585604362380e-01
4.475000000000000000e+03 9.010445681003548257e-02
4.480000000000000000e+03 1.916625991697428477e-01
4.485000000000000000e+03 8.732136626021086423e-01
4.490000000000000000e+03 8.454482723224936436e-01
4.495000000000000000e+03 1.655325263926269164e-01
4.500000000000000000e+03 1.064580160615085092e-01
4.505000000000000000e+03 7.839929187450889181e-01
4.510000000000000000e+03 9.254061162955915520e-01
4.515000000000000000e+03 2.606023783025309126e-01
4.520000000000000000e+03 4.746773532939237150e-02
4.525000000000000000e+03 6.790612410099542418e-01
4.530000000000000000e+03 9.678450440703080249e-01
4.535000000000000000e+03 3.719008437581086679e-01
4.540000000000000000e+03 1.003831773958312190e-02
4.545000000000000000e+03 5.721999727045722350e-01
4.550000000000000000e+03 9.937766386378508177e-01
4.555000000000000000e+03 4.818380789111623708e-01
4.560000000000000000e+03 3.017332913750360706e-04
4.565000000000000000e+03 4.500991048794704130e-01
4.570000000000000000e+03 9.929468047747719295e-01
4.575000000000000000e+03 6.028619053870351019e-01
4.580000000000000000e+03 1.715715061969097857e-02
4.585000000000000000e+03 3.394848078239919853e-01
4.590000000000000000e+03 9.551962045072369678e-01
4.595000000000000000e+03 7.111110696129879782e-01
4.600000000000000000e+03 6.231973490092242163e-02
4.605000000000000000e+03 2.342752547343364411e-01
4.610000000000000000e+03 9.069999328203079969e-01
4.615000000000000000e+03 8.071228041573893508e-01
4.620000000000000000e+03 1.277495116700909095e-01
4.625000000000000000e+03 1.413126876731313486e-01
4.630000000000000000e+03 8.240841923852979534e-01
4.635000000000000000e+03 8.953347604567930551e-01
4.640000000000000000e+03 2.163949184244787216e-01
4.645000000000000000e+03 7.257803225934822411e-02
4.650000000000000000e+03 7.279740355184780576e-01
4.655000000000000000e+03 9.477333393428510888e-01
4.660000000000000000e+03 3.210671443616349152e-01
4.665000000000000000e+03 2.304194379452725178e-02
4.670000000000000000e+03 6.236431504371230394e-01
4.675000000000000000e+03 9.880405587359717412e-01
4.680000000000000000e+03 4.294630377079750594e-01
4.685000000000000000e+03 1.352766552395251540e-03
4.690000000000000000e+03 5.022140364166158832e-01
4.695000000000000000e+03 9.967355270574721482e-01
4.700000000000000000e+03 5.514505790184994760e-01
4.705000000000000000e+03 6.258346549196827473e-03
4.710000000000000000e+03 3.911286865992146811e-01
4.715000000000000000e+03 9.727766105478630188e-01
4.720000000000000000e+03 6.611351194424546218e-01
4.725000000000000000e+03 3.926274473641781088e-02
4.730000000000000000e+03 2.796225204689986588e-01
4.735000000000000000e+03 9.358193075520773174e-01
4.740000000000000000e+03 7.655772708691528372e-01
4.745000000000000000e+03 9.434247241463052103e-02
4.750000000000000000e+03 1.803995601811953786e-01
4.755000000000000000e+03 8.606040349443621063e-01
4.760000000000000000e+03 8.603517777844148506e-01
4.765000000000000000e+03 1.752022269984921110e-01
4.770000000000000000e+03 1.023511759687768669e-01
4.775000000000000000e+03 7.745415245332133436e-01
4.780000000000000000e+03 9.230147922052461817e-01
4.785000000000000000e+03 2.721295230614826921e-01
4.790000000000000000e+03 4.128881435540287387e-02
4.795000000000000000e+03 6.732838712853679297e-01
4.800000000000000000e+03 9.766365320094552160e-01
4.805000000000000000e+03 3.781604073117003639e-01
4.810000000000000000e+03 8.128239733624293903e-03
4.815000000000000000e+03 5.546065550064722682e-01
4.820000000000000000e+03 9.947537484065337443e-01
4.825000000000000000e+03 4.990644108785262101e-01
4.830000000000000000e+03 7.718882351133606176e-04
4.835000000000000000e+03 4.438703113474139483e-01
4.840000000000000000e+03 9.854781148094603482e-01
4.845000000000000000e+03 6.095511088846486958e-01
4.850000000000000000e+03 2.127139686521093212e-02
4.855000000000000000e+03 3.272740344025724113e-01
4.860000000000000000e+03 9.592641523742165832e-01
4.865000000000000000e+03 7.211176292418278733e-01
4.870000000000000000e+03 6.566725925497593486e-02
4.875000000000000000e+03 2.232926117910884189e-01
4.880000000000000000e+03 8.933078106708525201e-01
4.885000000000000000e+03 8.209314313164873811e-01
4.890000000000000000e+03 1.374175347764373389e-01
4.895000000000000000e+03 1.363736894746301054e-01
4.900000000000000000e+03 8.180924811823916398e-01
4.905000000000000000e+03 8.940123340446934908e-01
4.910000000000000000e+03 2.257576179481169398e-01
4.915000000000000000e+03 6.465795572151392112e-02
4.920000000000000000e+03 7.206204372132853919e-01
4.925000000000000000e+03 9.595388111311028423e-01
4.930000000000000000e+03 3.284057606470845991e-01
4.935000000000000000e+03 2.052772556679941310e-02
4.940000000000000000e+03 6.067488152298803339e-01
4.945000000000000000e+03 9.872034876255600944e-01
4.950000000000000000e+03 4.462965258264537383e-01
4.955000000000000000e+03 7.080528873477760169e-04
4.960000000000000000e+03 4.969937922668594132e-01
4.965000000000000000e+03 9.930496117771743236e-01
4.970000000000000000e+03 5.570419216942296137e-01
4.975000000000000000e+03 8.634432170725021838e-03
4.980000000000000000e+03 3.768065995107066080e-01
4.985000000000000000e+03 9.770512252746911264e-01
4.990000000000000000e+03 6.740775377804730795e-01
4.995000000000000000e+03 4.198976877696246335e-02
5.000000000000000000e+03 2.694777111486161281e-01
5.005000000000000000e+03 9.219636651181721820e-01
5.010000000000000000e+03 7.776468877910459598e-01
5.015000000000000000e+03 1.034382742105595665e-01
5.020000000000000000e+03 1.742122298424474691e-01
5.025000000000000000e+03 8.579699012450449080e-01
5.030000000000000000e+03 8.610303270870642844e-01
5.035000000000000000e+03 1.825739663717956263e-01
5.040000000000000000e+03 9.297810662911147606e-02
5.045000000000000000e+03 7.652311417806693106e-01
5.050000000000000000e+03 9.368322918982302516e-01
5.055000000000000000e+03 2.806353310680553270e-01
5.060000000000000000e+03 3.835324467993252856e-02
5.065000000000000000e+03 6.580610544300815601e-01
5.070000000000000000e+03 9.743484699924932491e-01
5.075000000000000000e+03 3.937975342809940105e-01
5.080000000000000000e+03 6.051894782266894861e-03
5.085000000000000000e+03 5.498031163186634096e-01
5.090000000000000000e+03 9.952509236005198101e-01
5.095000000000000000e+03 5.042475186966134393e-01
5.100000000000000000e+03 1.570806561821465113e-03
5.105000000000000000e+03 4.277926207769374711e-01
5.110000000000000000e+03 9.890286824715195380e-01
5.115000000000000000e+03 6.248388702913666437e-01
5.120000000000000000e+03 2.349548076918398301e-02
5.125000000000000000e+03 3.183608741364054029e-01
5.130000000000000000e+03 9.463343566213656688e-01
5.135000000000000000e+03 7.311436121974900226e-01
5.140000000000000000e+03 7.366283313029436952e-02
5.145000000000000000e+03 2.154304785175676085e-01
5.150000000000000000e+03 8.935632073658192898e-01
5.155000000000000000e+03 8.243552678152339386e-01
5.160000000000000000e+03 1.431317097874637290e-01
5.165000000000000000e+03 1.260117207599380229e-01
5.170000000000000000e+03 8.067651072158956715e-01
5.175000000000000000e+03 9.087259362214415992e-01
5.180000000000000000e+03 2.352618038772676945e-01
5.185000000000000000e+03 6.132264003375936107e-02
5.190000000000000000e+03 7.079138705395763287e-01
5.195000000000000000e+03 9.564860978954252690e-01
5.200000000000000000e+03 3.422555728662995955e-01
5.205000000000000000e+03 1.676676485391249624e-02
5.210000000000000000e+03 6.016479569777579695e-01
5.215000000000000000e+03 9.918775025259979339e-01
5.220000000000000000e+03 4.517529907942060552e-01
5.225000000000000000e+03 2.119944234788751663e-04
5.230000000000000000e+03 4.797848966570246732e-01
5.235000000000000000e+03 9.951714851733109990e-01
5.240000000000000000e+03 5.738480201290897531e-01
5.245000000000000000e+03 1.030381104858994930e-02
5.250000000000000000e+03 3.692849741173785949e-01
5.255000000000000000e+03 9.661665930160836524e-01
5.260000000000000000e+03 6.821079686131594766e-01
5.265000000000000000e+03 4.847983039838382746e-02
5.270000000000000000e+03 2.595993904403967045e-01
5.275000000000000000e+03 9.243398530661551815e-01
5.280000000000000000e+03 7.842657418783345324e-01
5.285000000000000000e+03 1.078995001755267413e-01
5.290000000000000000e+03 1.634411330578418864e-01
5.295000000000000000e+03 8.449252868618688517e-01
5.300000000000000000e+03 8.755559556213122763e-01
5.305000000000000000e+03 1.926893036668522186e-01
5.310000000000000000e+03 8.908869698406082782e-02
5.315000000000000000e+03 7.556402791901419835e-01
5.320000000000000000e+03 9.339228948479452175e-01
5.325000000000000000e+03 2.923702479912302921e-01
5.330000000000000000e+03 3.279052005494959704e-02
5.335000000000000000e+03 6.519432222470767924e-01
5.340000000000000000e+03 9.827880936225114050e-01
5.345000000000000000e+03 4.000865442048927023e-01
5.350000000000000000e+03 4.590180340225203173e-03
5.355000000000000000e+03 5.323009967472117632e-01
5.360000000000000000e+03 9.955663469089963691e-01
5.365000000000000000e+03 5.216245920242320588e-01
5.370000000000000000e+03 2.484214737934718753e-03
5.375000000000000000e+03 4.215532804061365990e-01
5.380000000000000000e+03 9.811901046453143094e-01
5.385000000000000000e+03 6.312351818113618451e-01
5.390000000000000000e+03 2.825129041185311246e-02
5.395000000000000000e+03 3.062996060384948760e-01
5.400000000000000000e+03 9.498719778102840960e-01
5.405000000000000000e+03 7.410495777056751443e-01
5.410000000000000000e+03 7.725493520544213233e-02
5.415000000000000000e+03 2.048600512704549792e-01
5.420000000000000000e+03 8.794470216448936339e-01
5.425000000000000000e+03 8.377779066164119381e-01
5.430000000000000000e+03 1.533242977120659600e-01
5.435000000000000000e+03 1.212608826824237845e-01
5.440000000000000000e+03 8.005570581461738389e-01
5.445000000000000000e+03 9.069566737802079448e-01
5.450000000000000000e+03 2.448240400579095033e-01
5.455000000000000000e+03 5.402518324046220316e-02
5.460000000000000000e+03 7.001798459401722408e-01
5.465000000000000000e+03 9.679313913032158156e-01
5.470000000000000000e+03 3.497263037074704872e-01
5.475000000000000000e+03 1.463441293514296943e-02
5.480000000000000000e+03 5.848107000772522213e-01
5.485000000000000000e+03 9.903887768921392221e-01
5.490000000000000000e+03 4.687603550137139918e-01
5.495000000000000000e+03 7.075767629546701612e-05
5.500000000000000000e+03 4.744571459520215972e-01
5.505000000000000000e+03 9.911269939349282021e-01
5.510000000000000000e+03 5.792008864756281739e-01
5.515000000000000000e+03 1.329215511279055115e-02
5.520000000000000000e+03 3.551162371891184444e-01
5.525000000000000000e+03 9.698544343051553884e-01
5.530000000000000000e+03 6.950248989465296345e-01
5.535000000000000000e+03 5.148649766157125524e-02
5.540000000000000000e+03 2.497726684028028499e-01
5.545000000000000000e+03 9.100763192337981700e-01
5.550000000000000000e+03 7.959483497448633926e-01
5.555000000000000000e+03 1.175800656373687664e-01
5.560000000000000000e+03 1.574261861791375339e-01
5.565000000000000000e+03 8.419932955128941465e-01
5.570000000000000000e+03 8.758676662874176344e-01
5.575000000000000000e+03 2.002549707506470211e-01
5.580000000000000000e+03 8.032217637401903310e-02
5.585000000000000000e+03 7.459254853759618165e-01
5.590000000000000000e+03 9.473678441790764904e-01
5.595000000000000000e+03 3.011133475721468056e-01
5.600000000000000000e+03 3.017546820850299655e-02
5.605000000000000000e+03 6.367296733058248615e-01
5.610000000000000000e+03 9.798757659680098486e-01
5.615000000000000000e+03 4.159080463741530731e-01
5.620000000000000000e+03 3.072198708689693244e-03
5.625000000000000000e+03 5.273045120584580747e-01
5.630000000000000000e+03 9.957101749250096834e-01
5.635000000000000000e+03 5.266398322974282786e-01
5.640000000000000000e+03 3.849249315503326056e-03
5.645000000000000000e+03 4.056274624320155842e-01
5.650000000000000000e+03 9.841119110706390005e-01
5.655000000000000000e+03 6.465610011711290239e-01
5.660000000000000000e+03 3.080275522641380548e-02
5.665000000000000000e+03 2.976014877234610667e-01
5.670000000000000000e+03 9.365521212544901664e-01
5.675000000000000000e+03 7.506982388450219590e-01
5.680000000000000000e+03 8.587350676031758889e-02
5.685000000000000000e+03 1.971658376554385750e-01
5.690000000000000000e+03 8.793226228126526101e-01
5.695000000000000000e+03 8.409195399046125452e-01
5.700000000000000000e+03 1.592339069639835958e-01
5.705000000000000000e+03 1.114661999544742932e-01
5.710000000000000000e+03 7.888155189472597639e-01
5.715000000000000000e+03 9.212833979879136992e-01
5.720000000000000000e+03 2.546675910664482068e-01
5.725000000000000000e+03 5.095866039425377830e-02
5.730000000000000000e+03 6.874217978615718705e-01
5.735000000000000000e+03 9.642980639627198869e-01
5.740000000000000000e+03 3.637613048142288030e-01
5.745000000000000000e+03 1.147551120666131207e-02
5.750000000000000000e+03 5.794455972958093559e-01
5.755000000000000000e+03 9.947083231658664371e-01
5.760000000000000000e+03 4.741340013033389367e-01
5.765000000000000000e+03 8.306610020127787862e-05
5.770000000000000000e+03 4.573894760185644448e-01
5.775000000000000000e+03 9.925945563592901699e-01
5.780000000000000000e+03 5.960949370655248547e-01
5.785000000000000000e+03 1.534647396139591884e-02
5.790000000000000000e+03 3.477035656264768626e-01
5.795000000000000000e+03 9.585960822889649791e-01
5.800000000000000000e+03 7.027014653663834487e-01
5.805000000000000000e+03 5.861439056225406508e-02
5.810000000000000000e+03 2.400655099950924076e-01
5.815000000000000000e+03 9.119948390982298703e-01
5.820000000000000000e+03 8.023697458479809308e-01
5.825000000000000000e+03 1.222490273484799078e-01
5.830000000000000000e+03 1.471612008528107862e-01
5.835000000000000000e+03 8.285362708657261210e-01
5.840000000000000000e+03 8.899929473976958549e-01
5.845000000000000000e+03 2.108028572216268381e-01
5.850000000000000000e+03 7.666246162250192620e-02
5.855000000000000000e+03 7.362112801958741182e-01
5.860000000000000000e+03 9.439359004500303962e-01
5.865000000000000000e+03 3.130284571011363037e-01
5.870000000000000000e+03 2.524209145229479312e-02
5.875000000000000000e+03 6.302924324221937935e-01
5.880000000000000000e+03 9.879537889616420987e-01
5.885000000000000000e+03 4.222106722039971061e-01
5.890000000000000000e+03 2.055379848693559414e-03
5.895000000000000000e+03 5.099209592635544075e-01
5.900000000000000000e+03 9.953632285683531311e-01
5.905000000000000000e+03 5.441403705709606520e-01
5.910000000000000000e+03 5.210594152818074851e-03
5.915000000000000000e+03 3.993936276566763532e-01
5.920000000000000000e+03 9.759120544237135375e-01
5.925000000000000000e+03 6.526427709207930361e-01
5.930000000000000000e+03 3.618838189182219806e-02
5.935000000000000000e+03 2.857178202435253778e-01
5.940000000000000000e+03 9.395625479028527627e-01
5.945000000000000000e+03 7.604871012218282766e-01
5.950000000000000000e+03 8.969878974135786498e-02
5.955000000000000000e+03 1.870215599856607236e-01
5.960000000000000000e+03 8.648038875812746884e-01
5.965000000000000000e+03 8.539326156536924950e-01
5.970000000000000000e+03 1.699379101040869033e-01
5.975000000000000000e+03 1.069198178359991314e-01
5.980000000000000000e+03 7.824040680799371206e-01
5.985000000000000000e+03 9.190614032998986049e-01
5.990000000000000000e+03 2.644036952743007984e-01
5.995000000000000000e+03 4.429739395350025533e-02
6.000000000000000000e+03 6.793296609910592920e-01
6.005000000000000000e+03 9.753695384396114942e-01
6.010000000000000000e+03 3.713493009388673660e-01
6.015000000000000000e+03 9.724801659739271825e-03
6.020000000000000000e+03 5.626905710673197891e-01
6.025000000000000000e+03 9.925668877068487550e-01
6.030000000000000000e+03 4.912865921648111867e-01
6.035000000000000000e+03 4.527469855342953586e-04
6.040000000000000000e+03 4.519714252827854439e-01
6.045000000000000000e+03 9.881957554442292180e-01
6.050000000000000000e+03 6.011892847339971313e-01
6.055000000000000000e+03 1.893625291829817078e-02
6.060000000000000000e+03 3.337172475863565135e-01
6.065000000000000000e+03 9.616992363090428597e-01
6.070000000000000000e+03 7.155732686850628799e-01
6.075000000000000000e+03 6.189346676559568522e-02
6.080000000000000000e+03 2.305708135208457132e-01
6.085000000000000000e+03 8.973430057933114989e-01
6.090000000000000000e+03 8.136414959017498338e-01
6.095000000000000000e+03 1.325010291154789799e-01
6.100000000000000000e+03 1.413386817100664439e-01
6.105000000000000000e+03 8.253164388265181728e-01
6.110000000000000000e+03 8.899300067600247610e-01
6.115000000000000000e+03 2.185394315804453647e-01
6.120000000000000000e+03 6.851609492713074678e-02
6.125000000000000000e+03 7.261153401408588781e-01
6.130000000000000000e+03 9.569912803985751726e-01
6.135000000000000000e+03 3.219946363687523627e-01
6.140000000000000000e+03 2.295104832770526043e-02
6.145000000000000000e+03 6.151106629478793053e-01
6.150000000000000000e+03 9.844156312384684249e-01
6.155000000000000000e+03 4.381873045753487683e-01
6.160000000000000000e+03 1.105325107099172080e-03
6.165000000000000000e+03 5.047500192997904644e-01
6.170000000000000000e+03 9.951534775007380151e-01
6.175000000000000000e+03 5.489692795087198762e-01
6.180000000000000000e+03 7.132426596102648883e-03
6.185000000000000000e+03 3.836488869598159712e-01
6.190000000000000000e+03 9.782065161492818905e-01
6.195000000000000000e+03 6.679839944807183238e-01
6.200000000000000000e+03 3.906402425210721979e-02
6.205000000000000000e+03 2.772490079103812066e-01
6.210000000000000000e+03 9.258694674691306803e-01
6.215000000000000000e+03 7.697350400827702721e-01
6.220000000000000000e+03 9.892689243963299905e-02
6.225000000000000000e+03 1.795185685932696451e-01
6.230000000000000000e+03 8.643072334338460783e-01
6.235000000000000000e+03 8.567818127063049349e-01
6.240000000000000000e+03 1.760232076279478752e-01
6.245000000000000000e+03 9.770584591655563644e-02
6.250000000000000000e+03 7.702720645093142915e-01
6.255000000000000000e+03 9.329815227189711679e-01
6.260000000000000000e+03 2.745726978290710107e-01
6.265000000000000000e+03 4.150719224870751123e-02
6.270000000000000000e+03 6.665396519879227544e-01
6.275000000000000000e+03 9.711532798365084540e-01
6.280000000000000000e+03 3.855404809399779475e-01
6.285000000000000000e+03 7.179008476205324049e-03
6.290000000000000000e+03 5.570813353836936432e-01
6.295000000000000000e+03 9.965272673876988119e-01
6.300000000000000000e+03 4.965603557228606135e-01
6.305000000000000000e+03 9.662421168588226092e-04
6.310000000000000000e+03 4.350735194053921839e-01
6.315000000000000000e+03 9.890099849732011394e-01
6.320000000000000000e+03 6.181459704047174153e-01
6.325000000000000000e+03 2.137601728686580951e-02
6.330000000000000000e+03 3.264284781562554194e-01
6.335000000000000000e+03 9.500805356968285986e-01
6.340000000000000000e+03 7.228735701853071793e-01
6.345000000000000000e+03 6.964579522086999930e-02
6.350000000000000000e+03 2.210607195626226040e-01
6.355000000000000000e+03 8.988094562523584186e-01
6.360000000000000000e+03 8.198523373473283193e-01
6.365000000000000000e+03 1.373617271885693436e-01
6.370000000000000000e+03 1.315930174356576554e-01
6.375000000000000000e+03 8.114704467897848605e-01
6.380000000000000000e+03 9.036332923004199991e-01
6.385000000000000000e+03 2.295059587050060634e-01
6.390000000000000000e+03 6.509777532375218834e-02
6.395000000000000000e+03 7.162941758878635934e-01
6.400000000000000000e+03 9.530333650810637325e-01
6.405000000000000000e+03 3.340620022680301227e-01
6.410000000000000000e+03 1.865896989044234927e-02
6.415000000000000000e+03 6.083756554399508687e-01
6.420000000000000000e+03 9.921230956336446472e-01
6.425000000000000000e+03 4.444876122618020009e-01
6.430000000000000000e+03 5.289919101574151782e-04
6.435000000000000000e+03 4.875121626741346081e-01
6.440000000000000000e+03 9.941447850512011852e-01
6.445000000000000000e+03 5.665658455899020840e-01
6.450000000000000000e+03 8.945449548009552082e-03
6.455000000000000000e+03 3.774365291744369300e-01
6.460000000000000000e+03 9.696547488510290913e-01
6.465000000000000000e+03 6.737301624196744276e-01
6.470000000000000000e+03 4.506651793872001183e-02
6.475000000000000000e+03 2.655706748717151511e-01
6.480000000000000000e+03 9.283569023154393252e-01
6.485000000000000000e+03 7.793905420832346609e-01
6.490000000000000000e+03 1.029733807202721091e-01
6.495000000000000000e+03 1.698135660988796536e-01
6.500000000000000000e+03 8.494082993169342899e-01
6.505000000000000000e+03 8.693625908461365404e-01
6.510000000000000000e+03 1.872245122467756928e-01
6.515000000000000000e+03 9.337970698097837474e-02
6.520000000000000000e+03 7.636705500775200495e-01
6.525000000000000000e+03 9.303018133817440027e-01
6.530000000000000000e+03 2.844566209740546636e-01
6.535000000000000000e+03 3.549448039038488600e-02
6.540000000000000000e+03 6.581124231621863219e-01
6.545000000000000000e+03 9.818380866102566218e-01
6.550000000000000000e+03 3.932306084147741410e-01
6.555000000000000000e+03 5.808876980394087237e-03
6.560000000000000000e+03 5.404336082026217625e-01
6.565000000000000000e+03 9.937333499563050232e-01
6.570000000000000000e+03 5.138293118511988444e-01
6.575000000000000000e+03 1.853243091174785464e-03
6.580000000000000000e+03 4.295824660451808552e-01
6.585000000000000000e+03 9.842619001115423538e-01
6.590000000000000000e+03 6.229622123929717814e-01
6.595000000000000000e+03 2.555523823076260095e-02
6.600000000000000000e+03 3.126533195434140211e-01
6.605000000000000000e+03 9.526022675340815038e-01
6.610000000000000000e+03 7.356807293680576176e-01
6.615000000000000000e+03 7.318939304404098456e-02
6.620000000000000000e+03 2.119113392559216213e-01
6.625000000000000000e+03 8.837897128586312823e-01
6.630000000000000000e+03 8.306902162214426788e-01
6.635000000000000000e+03 1.481707675603327057e-01
6.640000000000000000e+03 1.259824990887571661e-01
6.645000000000000000e+03 8.079733600597086562e-01
6.650000000000000000e+03 9.031886492809467759e-01
6.655000000000000000e+03 2.373900123540578222e-01
6.660000000000000000e+03 5.758399894957363235e-02
6.665000000000000000e+03 7.058411326572936462e-01
6.670000000000000000e+03 9.656829672439055656e-01
6.675000000000000000e+03 3.432365804479464710e-01
6.680000000000000000e+03 1.669468341122791119e-02
6.685000000000000000e+03 5.932481651400663969e-01
6.690000000000000000e+03 9.879587816575747805e-01
6.695000000000000000e+03 4.605898821278262556e-01
6.700000000000000000e+03 1.553038455489610893e-04
6.705000000000000000e+03 4.821856197927293364e-01
6.710000000000000000e+03 9.935819922119064618e-01
6.715000000000000000e+03 5.711902544845500751e-01
6.720000000000000000e+03 1.141365248626997377e-02
6.725000000000000000e+03 3.619017851654028339e-01
6.730000000000000000e+03 9.713245340880154455e-01
6.735000000000000000e+03 6.890641577697357301e-01
6.740000000000000000e+03 4.826239092607724490e-02
6.745000000000000000e+03 2.573449546664453025e-01
6.750000000000000000e+03 9.143082033369871464e-01
6.755000000000000000e+03 7.882151603657118200e-01
6.760000000000000000e+03 1.127964083776895887e-01
6.765000000000000000e+03 1.625246506862408624e-01
6.770000000000000000e+03 8.485476787497988616e-01
6.775000000000000000e+03 8.719097155187855996e-01
6.780000000000000000e+03 1.934653120779390723e-01
6.785000000000000000e+03 8.475878146860198192e-02
6.790000000000000000e+03 7.511725930609141066e-01
6.795000000000000000e+03 9.437964383972994309e-01
6.800000000000000000e+03 2.949365176408936251e-01
6.805000000000000000e+03 3.298747069745416871e-02
6.810000000000000000e+03 6.453100581521421519e-01
6.815000000000000000e+03 9.770377427062015840e-01
6.820000000000000000e+03 4.075486837083348579e-01
6.825000000000000000e+03 3.886053041954324119e-03
6.830000000000000000e+03 5.346007752280144132e-01
6.835000000000000000e+03 9.973306460360518155e-01
6.840000000000000000e+03 5.189862500640688436e-01
6.845000000000000000e+03 2.859717451629905684e-03
6.850000000000000000e+03 4.128826110373082225e-01
6.855000000000000000e+03 9.844250641230878340e-01
6.860000000000000000e+03 6.399561550148394895e-01
6.865000000000000000e+03 2.838011098791873646e-02
6.870000000000000000e+03 3.055030945633749329e-01
6.875000000000000000e+03 9.406373433812135199e-01
6.880000000000000000e+03 7.425831029307361497e-01
6.885000000000000000e+03 8.155158510702283092e-02
6.890000000000000000e+03 2.026237862115234378e-01
6.895000000000000000e+03 8.848106103833688341e-01
6.900000000000000000e+03 8.366778418152132080e-01
6.905000000000000000e+03 1.532067129227446256e-01
6.910000000000000000e+03 1.167683871422575959e-01
6.915000000000000000e+03 7.937626474645271824e-01
6.920000000000000000e+03 9.164491531231765409e-01
6.925000000000000000e+03 2.487604731086231202e-01
6.930000000000000000e+03 5.441818187994042905e-02
6.935000000000000000e+03 6.959296157743457556e-01
6.940000000000000000e+03 9.611967167445469862e-01
6.945000000000000000e+03 3.554279712243278433e-01
6.950000000000000000e+03 1.305462736490871703e-02
6.955000000000000000e+03 5.862375911151391783e-01
6.960000000000000000e+03 9.952875224186267245e-01
6.965000000000000000e+03 4.668718692749451726e-01
6.970000000000000000e+03 1.411234076756811065e-05
6.975000000000000000e+03 4.651203786842399990e-01
6.980000000000000000e+03 9.919134790015391445e-01
6.985000000000000000e+03 5.888552955339275696e-01
6.990000000000000000e+03 1.368114744881356384e-02
6.995000000000000000e+03 3.557267525506934147e-01
7.000000000000000000e+03 9.624309756745222932e-01
7.005000000000000000e+03 6.944543003564155326e-01
7.010000000000000000e+03 5.486762278843112378e-02
7.015000000000000000e+03 2.458992863415235819e-01
7.020000000000000000e+03 9.162779017850488650e-01
7.025000000000000000e+03 7.977213270266118039e-01
7.030000000000000000e+03 1.170515722159246874e-01
7.035000000000000000e+03 1.532712058048301407e-01
7.040000000000000000e+03 8.332916822523477318e-01
7.045000000000000000e+03 8.840363429086763869e-01
7.050000000000000000e+03 2.051488745889780696e-01
7.055000000000000000e+03 8.066812835884085153e-02
7.060000000000000000e+03 7.443947316222753185e-01
7.065000000000000000e+03 9.406549630991524191e-01
7.070000000000000000e+03 3.049418860274117904e-01
7.075000000000000000e+03 2.763445088727055701e-02
7.080000000000000000e+03 6.365714160076850758e-01
7.085000000000000000e+03 9.873238445236348637e-01
7.090000000000000000e+03 4.153255519425296804e-01
7.095000000000000000e+03 2.894596450364962919e-03
7.100000000000000000e+03 5.180852671593062508e-01
7.105000000000000000e+03 9.938857618075218614e-01
7.110000000000000000e+03 5.363425562870873797e-01
7.115000000000000000e+03 4.269390811958522630e-03
7.120000000000000000e+03 4.073359090279686789e-01
7.125000000000000000e+03 9.793334785273021259e-01
7.130000000000000000e+03 6.444752027060695054e-01
7.135000000000000000e+03 3.313563293045333757e-02
7.140000000000000000e+03 2.919674604246581540e-01
7.145000000000000000e+03 9.425820817836978449e-01
7.150000000000000000e+03 7.553062606366343079e-01
7.155000000000000000e+03 8.535118090878934805e-02
7.160000000000000000e+03 1.938323274984446731e-01
7.165000000000000000e+03 8.694441083870441123e-01
7.170000000000000000e+03 8.470597178172969421e-01
7.175000000000000000e+03 1.645573581100215899e-01
7.180000000000000000e+03 1.113889290172673102e-01
7.185000000000000000e+03 7.899994475485804246e-01
7.190000000000000000e+03 9.156165346943234695e-01
7.195000000000000000e+03 2.567682201606605874e-01
7.200000000000000000e+03 4.754824322744450465e-02
7.205000000000000000e+03 6.851442338708405577e-01
7.210000000000000000e+03 9.734251704238827685e-01
7.215000000000000000e+03 3.647958304357031833e-01
7.220000000000000000e+03 1.141909519795249357e-02
7.225000000000000000e+03 5.711868199167708937e-01
7.230000000000000000e+03 9.904979700281231203e-01
7.235000000000000000e+03 4.830701006218229843e-01
7.240000000000000000e+03 2.240906830540740540e-04
7.245000000000000000e+03 4.596573118322125895e-01
7.250000000000000000e+03 9.909989499832562165e-01
7.255000000000000000e+03 5.932573681935877641e-01
7.260000000000000000e+03 1.668420434658969206e-02
7.265000000000000000e+03 3.404305685284739202e-01
7.270000000000000000e+03 9.634799934888257367e-01
7.275000000000000000e+03 7.097584969356685036e-01
7.280000000000000000e+03 5.837904960373089397e-02
7.285000000000000000e+03 2.379299322404934969e-01
7.290000000000000000e+03 9.018919329652080874e-01
7.295000000000000000e+03 8.061008816714897440e-01
7.300000000000000000e+03 1.274538058776584493e-01
7.305000000000000000e+03 1.462187312129424599e-01
7.310000000000000000e+03 8.320761133278429256e-01
7.315000000000000000e+03 8.862723740429269137e-01
7.320000000000000000e+03 2.115245881759893198e-01
7.325000000000000000e+03 7.265146957114164417e-02
7.330000000000000000e+03 7.315560852756762822e-01
7.335000000000000000e+03 9.537060741402362263e-01
7.340000000000000000e+03 3.157175126364566431e-01
7.345000000000000000e+03 2.541682820607292156e-02
7.350000000000000000e+03 6.237763546261322345e-01
7.355000000000000000e+03 9.819394343267499048e-01
7.360000000000000000e+03 4.297410263452971502e-01
7.365000000000000000e+03 1.603394370620016621e-03
7.370000000000000000e+03 5.120497492346157697e-01
7.375000000000000000e+03 9.971168413525245411e-01
7.380000000000000000e+03 5.413658782754894316e-01
7.385000000000000000e+03 5.759625505333505931e-03
7.390000000000000000e+03 3.908620783618575456e-01
7.395000000000000000e+03 9.788491302400744720e-01
7.400000000000000000e+03 6.614810197741380904e-01
7.405000000000000000e+03 3.634443753735668720e-02
7.410000000000000000e+03 2.849700877773210794e-01
7.415000000000000000e+03 9.302857905660626425e-01
7.420000000000000000e+03 7.617898283466253417e-01
7.425000000000000000e+03 9.430751345027955923e-02
7.430000000000000000e+03 1.847923190202526711e-01
7.435000000000000000e+03 8.700268634384012989e-01
7.440000000000000000e+03 8.528119219267625839e-01
7.445000000000000000e+03 1.697516052835755518e-01
7.450000000000000000e+03 1.027175958608388673e-01
7.455000000000000000e+03 7.754490177767745518e-01
7.460000000000000000e+03 9.284143750724063171e-01
7.465000000000000000e+03 2.685271424702779242e-01
7.470000000000000000e+03 4.464541890678257879e-02
7.475000000000000000e+03 6.751591600725316278e-01
7.480000000000000000e+03 9.684092918768130165e-01
7.485000000000000000e+03 3.770827695200422158e-01
7.490000000000000000e+03 8.440540105632525145e-03
7.495000000000000000e+03 5.639233880226719453e-01
7.500000000000000000e+03 9.974406265953840167e-01
7.505000000000000000e+03 4.893177308009865611e-01
7.510000000000000000e+03 5.117727782315727907e-04
7.515000000000000000e+03 4.427913446608526260e-01
7.520000000000000000e+03 9.886738427085333125e-01
7.525000000000000000e+03 6.109632792671857437e-01
7.530000000000000000e+03 1.940801286510510440e-02
7.535000000000000000e+03 3.343085563132505711e-01
7.540000000000000000e+03 9.542554968211025557e-01
7.545000000000000000e+03 7.147728676613331888e-01
7.550000000000000000e+03 6.557173669983619446e-02
7.555000000000000000e+03 2.267438023010938941e-01
7.560000000000000000e+03 9.033501889242955274e-01
7.565000000000000000e+03 8.154420525476232529e-01
7.570000000000000000e+03 1.319045892712613910e-01
7.575000000000000000e+03 1.374282570062617392e-01
7.580000000000000000e+03 8.164869347577896619e-01
7.585000000000000000e+03 8.979239263184467523e-01
7.590000000000000000e+03 2.236744651246022897e-01
7.595000000000000000e+03 6.881096946672181358e-02
7.600000000000000000e+03 7.246159445273812061e-01
7.605000000000000000e+03 9.500997228761154378e-01
7.610000000000000000e+03 3.258176741765185236e-01
7.615000000000000000e+03 2.073339144547860571e-02
7.620000000000000000e+03 6.147505836096591736e-01
7.625000000000000000e+03 9.918156247911249501e-01
7.630000000000000000e+03 4.375890272360316580e-01
7.635000000000000000e+03 9.878732700336128811e-04
7.640000000000000000e+03 4.956911905331974344e-01
7.645000000000000000e+03 9.930237921393542111e-01
7.650000000000000000e+03 5.587804270325535949e-01
7.655000000000000000e+03 7.696263140132166350e-03
7.660000000000000000e+03 3.852771009537736546e-01
7.665000000000000000e+03 9.734205722271018768e-01
7.670000000000000000e+03 6.656843178606873801e-01
7.675000000000000000e+03 4.166199690275960293e-02
7.680000000000000000e+03 2.717019058015987532e-01
7.685000000000000000e+03 9.316591158365483683e-01
7.690000000000000000e+03 7.744098268922229300e-01
7.695000000000000000e+03 9.835397000992300576e-02
7.700000000000000000e+03 1.763706747623337845e-01
7.705000000000000000e+03 8.543354765194556277e-01
7.710000000000000000e+03 8.627165935852610934e-01
7.715000000000000000e+03 1.816274128529185850e-01
7.720000000000000000e+03 9.758770754190407293e-02
7.725000000000000000e+03 7.714313748127304970e-01
7.730000000000000000e+03 9.271882992575827265e-01
7.735000000000000000e+03 2.766344830388154930e-01
7.740000000000000000e+03 3.842935452616223074e-02
7.745000000000000000e+03 6.640668781851607472e-01
7.750000000000000000e+03 9.802020913496234389e-01
7.755000000000000000e+03 3.866283918707486555e-01
7.760000000000000000e+03 7.135003410622239341e-03
7.765000000000000000e+03 5.489716731174567599e-01
7.770000000000000000e+03 9.920280006552761876e-01
7.775000000000000000e+03 5.055821213590651064e-01
7.780000000000000000e+03 1.311563324996552855e-03
7.785000000000000000e+03 4.372110206850122749e-01
7.790000000000000000e+03 9.874096468715769515e-01
7.795000000000000000e+03 6.151255482803914543e-01
7.800000000000000000e+03 2.293334043997691252e-02
7.805000000000000000e+03 3.192790912673150738e-01
7.810000000000000000e+03 9.546888850645129931e-01
7.815000000000000000e+03 7.300248075245289181e-01
7.820000000000000000e+03 6.939332058433872463e-02
7.825000000000000000e+03 2.190435438818304215e-01
7.830000000000000000e+03 8.886460050696493029e-01
7.835000000000000000e+03 8.233556972556678177e-01
7.840000000000000000e+03 1.428692264167094050e-01
7.845000000000000000e+03 1.306340541050501070e-01
7.850000000000000000e+03 8.149261452275938789e-01
7.855000000000000000e+03 8.998404753835753667e-01
7.860000000000000000e+03 2.301641447704494414e-01
7.865000000000000000e+03 6.140865993842566789e-02
7.870000000000000000e+03 7.114625777391445638e-01
7.875000000000000000e+03 9.626902055082997567e-01
7.880000000000000000e+03 3.368732963007419201e-01
7.885000000000000000e+03 1.881066000675430186e-02
7.890000000000000000e+03 6.019824976437249120e-01
7.895000000000000000e+03 9.858483446743698808e-01
7.900000000000000000e+03 4.520722435722508981e-01
7.905000000000000000e+03 3.357216061671717210e-04
7.910000000000000000e+03 4.894742378141188621e-01
7.915000000000000000e+03 9.958863092896376168e-01
7.920000000000000000e+03 5.636535289823075834e-01
7.925000000000000000e+03 9.660045966081732757e-03
7.930000000000000000e+03 3.690569014872515652e-01
7.935000000000000000e+03 9.722935400481813595e-01
7.940000000000000000e+03 6.826766754064678144e-01
7.945000000000000000e+03 4.525272116622309354e-02
7.950000000000000000e+03 2.648713265594057620e-01
7.955000000000000000e+03 9.190470185525964064e-01
7.960000000000000000e+03 7.804545360118307906e-01
7.965000000000000000e+03 1.078875981628657638e-01
7.970000000000000000e+03 1.676026920995391523e-01
7.975000000000000000e+03 8.544883781172031290e-01
7.980000000000000000e+03 8.682216499604779036e-01
7.985000000000000000e+03 1.869625987386639987e-01
7.990000000000000000e+03 8.946934940870050756e-02
7.995000000000000000e+03 7.565669386291387077e-01
8.000000000000000000e+03 9.395045390919795070e-01
8.005000000000000000e+03 2.887656659213936328e-01
8.010000000000000000e+03 3.579937268724731753e-02
8.015000000000000000e+03 6.540251970568673467e-01
8.020000000000000000e+03 9.746563694738488159e-01
8.025000000000000000e+03 3.989822103628321015e-01
8.030000000000000000e+03 4.826165098579791347e-03
8.035000000000000000e+03 5.414785567331830141e-01
8.040000000000000000e+03 9.985780269148737398e-01
8.045000000000000000e+03 5.117793620288932921e-01
8.050000000000000000e+03 2.020938459718679258e-03
8.055000000000000000e+03 4.205706705129077516e-01
8.060000000000000000e+03 9.844324651268621107e-01
8.065000000000000000e+03 6.328447245584695180e-01
8.070000000000000000e+03 2.611434885339817061e-02
8.075000000000000000e+03 3.132256003323392046e-01
8.080000000000000000e+03 9.451450181388371119e-01
8.085000000000000000e+03 7.346443729685695478e-01
8.090000000000000000e+03 7.715705648980283882e-02
8.095000000000000000e+03 2.081433193872367915e-01
8.100000000000000000e+03 8.896001352591017541e-01
8.105000000000000000e+03 8.325165593993816282e-01
8.110000000000000000e+03 1.475020778901328655e-01
8.115000000000000000e+03 1.223170680012716921e-01
8.120000000000000000e+03 7.990283608185710928e-01
8.125000000000000000e+03 9.109970003144618467e-01
8.130000000000000000e+03 2.427635263706112434e-01
8.135000000000000000e+03 5.783237276728130788e-02
8.140000000000000000e+03 7.043745488145604083e-01
8.145000000000000000e+03 9.586168183419183642e-01
8.150000000000000000e+03 3.470413714727632604e-01
8.155000000000000000e+03 1.480543191088457174e-02
8.160000000000000000e+03 5.926944411870064267e-01
8.165000000000000000e+03 9.953042652908490329e-01
8.170000000000000000e+03 4.599755840813151697e-01
8.175000000000000000e+03 9.256409447625616751e-05
8.180000000000000000e+03 4.732971125086110620e-01
8.185000000000000000e+03 9.911491832164496252e-01
8.190000000000000000e+03 5.810971788908082525e-01
8.195000000000000000e+03 1.212687129407269415e-02
8.200000000000000000e+03 3.634510068222251977e-01
8.205000000000000000e+03 9.665352725868079364e-01
8.210000000000000000e+03 6.865462398786772447e-01
8.215000000000000000e+03 5.111695822118671184e-02
8.220000000000000000e+03 2.518980341197427086e-01
8.225000000000000000e+03 9.198556456361038913e-01
8.230000000000000000e+03 7.929524566045430545e-01
8.235000000000000000e+03 1.121711863071894327e-01
8.240000000000000000e+03 1.595620143891369191e-01
8.245000000000000000e+03 8.384946623618935169e-01
8.250000000000000000e+03 8.776288912217687921e-01
8.255000000000000000e+03 1.993461499966373285e-01
8.260000000000000000e+03 8.460695538324476683e-02
8.265000000000000000e+03 7.523070260506593554e-01
8.270000000000000000e+03 9.378803261383698020e-01
8.275000000000000000e+03 2.969482306036630437e-01
8.280000000000000000e+03 3.024599023792772998e-02
8.285000000000000000e+03 6.426520745619240804e-01
8.290000000000000000e+03 9.859998996431469376e-01
8.295000000000000000e+03 4.086897153594764021e-01
8.300000000000000000e+03 3.851103954795125160e-03
8.305000000000000000e+03 5.266480829016759735e-01
8.310000000000000000e+03 9.925457400717827561e-01
8.315000000000000000e+03 5.280800389701382214e-01
8.320000000000000000e+03 3.415521586621821787e-03
8.325000000000000000e+03 4.148925016039978764e-01
8.330000000000000000e+03 9.828214311475488296e-01
8.335000000000000000e+03 6.367501254960230561e-01
8.340000000000000000e+03 3.014832236306681790e-02
8.345000000000000000e+03 2.984905527899173738e-01
8.350000000000000000e+03 9.449691283811160192e-01
8.355000000000000000e+03 7.498217566586021787e-01
8.360000000000000000e+03 8.128269547239859449e-02
8.365000000000000000e+03 2.007243127065179433e-01
8.370000000000000000e+03 8.745974667310725259e-01
8.375000000000000000e+03 8.399443893485218915e-01
8.380000000000000000e+03 1.590112637965246933e-01
8.385000000000000000e+03 1.158023942509241455e-01
8.390000000000000000e+03 7.971327641929674135e-01
8.395000000000000000e+03 9.125863275934767982e-01
8.400000000000000000e+03 2.493459049735489708e-01
8.405000000000000000e+03 5.105334009857302041e-02
8.410000000000000000e+03 6.909330773443436158e-01
8.415000000000000000e+03 9.707304960925715598e-01
8.420000000000000000e+03 3.583607165300408681e-01
8.425000000000000000e+03 1.318239245286693430e-02
8.430000000000000000e+03 5.799729737181228417e-01
8.435000000000000000e+03 9.887564924318826831e-01
8.440000000000000000e+03 4.744967844471552065e-01
8.445000000000000000e+03 8.565407332376023439e-05
8.450000000000000000e+03 4.669202715654457436e-01
8.455000000000000000e+03 9.936415789098890228e-01
8.460000000000000000e+03 5.858036807310894600e-01
8.465000000000000000e+03 1.455301682134894047e-02
8.470000000000000000e+03 3.475116204818352039e-01
8.475000000000000000e+03 9.647716492594634596e-01
8.480000000000000000e+03 7.034999045793352002e-01
8.485000000000000000e+03 5.508676111837943618e-02
8.490000000000000000e+03 2.452477896871073648e-01
8.495000000000000000e+03 9.069439838308741564e-01
8.500000000000000000e+03 7.985391216315109730e-01
8.505000000000000000e+03 1.222641746872183133e-01
8.510000000000000000e+03 1.510899750885729975e-01
8.515000000000000000e+03 8.382268533062219307e-01
8.520000000000000000e+03 8.828755770975358352e-01
8.525000000000000000e+03 2.048045268420169984e-01
8.530000000000000000e+03 7.705071726761633655e-02
8.535000000000000000e+03 7.371549473698711941e-01
8.540000000000000000e+03 9.496970119135773603e-01
8.545000000000000000e+03 3.094347770388768404e-01
8.550000000000000000e+03 2.789803716649613338e-02
8.555000000000000000e+03 6.325708596931853833e-01
8.560000000000000000e+03 9.799252010306438443e-01
8.565000000000000000e+03 4.210816073249772917e-01
8.570000000000000000e+03 2.218920760954314411e-03
8.575000000000000000e+03 5.189488743680782390e-01
8.580000000000000000e+03 9.986974113136899422e-01
8.585000000000000000e+03 5.342108938669174467e-01
8.590000000000000000e+03 4.538510421089202510e-03
8.595000000000000000e+03 3.985037402515019256e-01
8.600000000000000000e+03 9.791979792269535077e-01
8.605000000000000000e+03 6.544550178641366234e-01
8.610000000000000000e+03 3.378646170782557967e-02
8.615000000000000000e+03 2.925208643414380916e-01
8.620000000000000000e+03 9.351181567117465843e-01
8.625000000000000000e+03 7.540282387613733706e-01
8.630000000000000000e+03 8.959997934212980686e-02
8.635000000000000000e+03 1.901358076610213110e-01
8.640000000000000000e+03 8.750557862654879671e-01
8.645000000000000000e+03 8.489100079377341901e-01
8.650000000000000000e+03 1.638121624916072938e-01
8.655000000000000000e+03 1.079684929070957033e-01
8.660000000000000000e+03 7.809515947349113807e-01
8.665000000000000000e+03 9.232288862799756801e-01
8.670000000000000000e+03 2.623771487677856173e-01
8.675000000000000000e+03 4.775468713274868410e-02
8.680000000000000000e+03 6.837118506632868797e-01
8.685000000000000000e+03 9.661888688326850660e-01
8.690000000000000000e+03 3.685696546862262668e-01
8.695000000000000000e+03 9.862717784141210309e-03
8.700000000000000000e+03 5.704479888603584126e-01
8.705000000000000000e+03 9.977826485577837579e-01
8.710000000000000000e+03 4.824395243701850022e-01
8.715000000000000000e+03 2.104610979754554156e-04
8.720000000000000000e+03 4.509487620593967128e-01
8.725000000000000000e+03 9.882657435886528230e-01
8.730000000000000000e+03 6.032473076242960142e-01
8.735000000000000000e+03 1.755217992860393442e-02
8.740000000000000000e+03 3.419021176333532641e-01
8.745000000000000000e+03 9.586916579468467425e-01
8.750000000000000000e+03 7.070183614992355814e-01
8.755000000000000000e+03 6.148125016071463722e-02
8.760000000000000000e+03 2.325962897100063709e-01
8.765000000000000000e+03 9.071957373329160301e-01
8.770000000000000000e+03 8.108963232774769603e-01
8.775000000000000000e+03 1.267745923712407241e-01
8.780000000000000000e+03 1.434406445684711373e-01
8.785000000000000000e+03 8.219540015277458922e-01
8.790000000000000000e+03 8.917661769401986627e-01
8.795000000000000000e+03 2.176774612047864266e-01
8.800000000000000000e+03 7.247311653441002033e-02
8.805000000000000000e+03 7.326654270372436883e-01
8.810000000000000000e+03 9.476707958614706273e-01
8.815000000000000000e+03 3.176679825473797680e-01
8.820000000000000000e+03 2.301489879323484478e-02
8.825000000000000000e+03 6.209435246770365069e-01
8.830000000000000000e+03 9.908067601752470477e-01
8.835000000000000000e+03 4.309347816597570713e-01
8.840000000000000000e+03 1.574050852791332791e-03
8.845000000000000000e+03 5.042616219155264812e-01
8.850000000000000000e+03 9.920501240417194388e-01
8.855000000000000000e+03 5.505179712207897147e-01
8.860000000000000000e+03 6.531692543584916195e-03
8.865000000000000000e+03 3.927472583705128861e-01
8.870000000000000000e+03 9.772436907174392173e-01
8.875000000000000000e+03 6.580869336205011910e-01
8.880000000000000000e+03 3.831443908132799170e-02
8.885000000000000000e+03 2.781074208681141857e-01
8.890000000000000000e+03 9.343405335900389908e-01
8.895000000000000000e+03 7.691089720178309053e-01
8.900000000000000000e+03 9.402287709759078738e-02
8.905000000000000000e+03 1.830095977765487103e-01
8.910000000000000000e+03 8.597750033816025095e-01
8.915000000000000000e+03 8.558330968033047714e-01
8.920000000000000000e+03 1.758470295733657318e-01
8.925000000000000000e+03 1.017539873247369359e-01
8.930000000000000000e+03 7.787322802342899752e-01
8.935000000000000000e+03 9.244839188068512126e-01
8.940000000000000000e+03 2.690306903335064059e-01
8.945000000000000000e+03 4.160668568382946270e-02
8.950000000000000000e+03 6.700094849356105220e-01
8.955000000000000000e+03 9.778105336165534567e-01
8.960000000000000000e+03 3.801359435183882529e-01
8.965000000000000000e+03 8.543456051912609248e-03
8.970000000000000000e+03 5.577927022782808164e-01
8.975000000000000000e+03 9.906579411025148163e-01
8.980000000000000000e+03 4.969689008157155419e-01
8.985000000000000000e+03 8.537359455150696653e-04
8.990000000000000000e+03 4.444338438557508542e-01
8.995000000000000000e+03 9.903872491684817536e-01
9.000000000000000000e+03 6.077710989169534672e-01
9.005000000000000000e+03 2.042854952335662264e-02
9.010000000000000000e+03 3.262702523326469484e-01
9.015000000000000000e+03 9.562987808889800156e-01
9.020000000000000000e+03 7.239082504588767453e-01
9.025000000000000000e+03 6.582646555030181867e-02
9.030000000000000000e+03 2.261394802048384278e-01
9.035000000000000000e+03 8.940014064544024031e-01
9.040000000000000000e+03 8.160066603255026196e-01
9.045000000000000000e+03 1.374079529109338005e-01
9.050000000000000000e+03 1.352878545069949312e-01
9.055000000000000000e+03 8.212754688227911215e-01
9.060000000000000000e+03 8.967437998798467591e-01
9.065000000000000000e+03 2.232409387147478441e-01
9.070000000000000000e+03 6.548707449787005697e-02
9.075000000000000000e+03 7.172526694415737314e-01
9.080000000000000000e+03 9.589709916368857057e-01
9.085000000000000000e+03 3.304923313099985549e-01
9.090000000000000000e+03 2.095747967316000451e-02
9.095000000000000000e+03 6.108399266340427403e-01
9.100000000000000000e+03 9.842050355608497059e-01
9.105000000000000000e+03 4.433358603965656952e-01
9.110000000000000000e+03 6.241721744267265211e-04
9.115000000000000000e+03 4.963802957576660124e-01
9.120000000000000000e+03 9.977985462756084889e-01
9.125000000000000000e+03 5.565665304266431690e-01
9.130000000000000000e+03 8.059331103023004497e-03
9.135000000000000000e+03 3.766356335806424482e-01
9.140000000000000000e+03 9.729810454745598802e-01
9.145000000000000000e+03 6.757501033760464626e-01
9.150000000000000000e+03 4.240868453846591973e-02
9.155000000000000000e+03 2.722365450889327465e-01
9.160000000000000000e+03 9.241953998221248412e-01
9.165000000000000000e+03 7.728848769011232855e-01
9.170000000000000000e+03 1.028751529116250646e-01
9.175000000000000000e+03 1.727580204227077698e-01
9.180000000000000000e+03 8.597468151173253137e-01
9.185000000000000000e+03 8.645889513272682070e-01
9.190000000000000000e+03 1.808015209723068117e-01
9.195000000000000000e+03 9.441183013434123472e-02
9.200000000000000000e+03 7.622935391266559835e-01
9.205000000000000000e+03 9.345946223452396007e-01
9.210000000000000000e+03 2.824753503385785680e-01
9.215000000000000000e+03 3.859842625987443265e-02
9.220000000000000000e+03 6.626700067513434655e-01
9.225000000000000000e+03 9.728004218095965827e-01
9.230000000000000000e+03 3.903585719732995951e-01
9.235000000000000000e+03 5.915386349597106380e-03
9.240000000000000000e+03 5.480566138942974952e-01
9.245000000000000000e+03 9.992457186301414440e-01
9.250000000000000000e+03 5.049350003932296937e-01
9.255000000000000000e+03 1.341288221254720216e-03
9.260000000000000000e+03 4.286917843645922654e-01
9.265000000000000000e+03 9.843793429593659106e-01
9.270000000000000000e+03 6.251856529018796627e-01
9.275000000000000000e+03 2.396112277599304202e-02
9.280000000000000000e+03 3.206743495406955691e-01
9.285000000000000000e+03 9.499057609254442092e-01
9.290000000000000000e+03 7.270588640265209790e-01
9.295000000000000000e+03 7.273375148568646253e-02
9.300000000000000000e+03 2.138360851129821882e-01
9.305000000000000000e+03 8.937052118633503905e-01
9.310000000000000000e+03 8.282048268940850333e-01
9.315000000000000000e+03 1.421343507869274048e-01
9.320000000000000000e+03 1.280394623870697302e-01
9.325000000000000000e+03 8.047472656360392662e-01
9.330000000000000000e+03 9.050995995381002635e-01
9.335000000000000000e+03 2.365839865435080402e-01
9.340000000000000000e+03 6.121091097889486826e-02
9.345000000000000000e+03 7.125466491441468930e-01
9.350000000000000000e+03 9.565397247881383125e-01
9.355000000000000000e+03 3.387514262652495112e-01
9.360000000000000000e+03 1.675088769704984396e-02
9.365000000000000000e+03 5.989855250501648909e-01
9.370000000000000000e+03 9.946128620832295208e-01
9.375000000000000000e+03 4.533182093911707344e-01
9.380000000000000000e+03 3.084426201537683165e-04
9.385000000000000000e+03 4.818580001108148103e-01
9.390000000000000000e+03 9.905421566469112538e-01
9.395000000000000000e+03 5.728501587984636823e-01
9.400000000000000000e+03 1.065373821130172552e-02
9.405000000000000000e+03 3.708204264685827645e-01
9.410000000000000000e+03 9.706878293781996403e-01
9.415000000000000000e+03 6.790923851367065556e-01
9.420000000000000000e+03 4.741504103758940880e-02
9.425000000000000000e+03 2.581713249252863274e-01
9.430000000000000000e+03 9.228247713216453096e-01
9.435000000000000000e+03 7.878471229403738452e-01
9.440000000000000000e+03 1.075878381505742110e-01
9.445000000000000000e+03 1.659355284405437114e-01
9.450000000000000000e+03 8.442088838532675332e-01
9.455000000000000000e+03 8.709893884225371474e-01
9.460000000000000000e+03 1.933422153880388905e-01
9.465000000000000000e+03 8.851747768367851377e-02
9.470000000000000000e+03 7.597622281825295865e-01
9.475000000000000000e+03 9.355089629533440698e-01
9.480000000000000000e+03 2.891782911706998194e-01
9.485000000000000000e+03 3.308801850865187438e-02
9.490000000000000000e+03 6.487345019315804429e-01
9.495000000000000000e+03 9.839158680566106874e-01
9.500000000000000000e+03 4.021545684520200781e-01
9.505000000000000000e+03 4.903260833504647677e-03
9.510000000000000000e+03 5.354869627715741487e-01
9.515000000000000000e+03 9.915488110170540548e-01
9.520000000000000000e+03 5.194427505067571449e-01
9.525000000000000000e+03 2.638435220019171457e-03
9.530000000000000000e+03 4.220607981318705293e-01
9.535000000000000000e+03 9.861299745562194241e-01
9.540000000000000000e+03 6.295109142732160379e-01
9.545000000000000000e+03 2.727465193445708508e-02
9.550000000000000000e+03 3.053761811629724376e-01
9.555000000000000000e+03 9.468922048008208137e-01
9.560000000000000000e+03 7.438601023089853603e-01
9.565000000000000000e+03 7.744989980053028356e-02
9.570000000000000000e+03 2.075853560770928863e-01
9.575000000000000000e+03 8.802457233351359545e-01
9.580000000000000000e+03 8.328214891896361660e-01
9.585000000000000000e+03 1.532880731484335957e-01
9.590000000000000000e+03 1.202285725233078473e-01
9.595000000000000000e+03 8.036688006622330072e-01
9.600000000000000000e+03 9.097980130780076724e-01
9.605000000000000000e+03 2.422341694785521693e-01
9.610000000000000000e+03 5.480205023070615356e-02
9.615000000000000000e+03 6.969007239575392143e-01
9.620000000000000000e+03 9.673075526755458009e-01
9.625000000000000000e+03 3.518953943635709236e-01
9.630000000000000000e+03 1.499180506564264451e-02
9.635000000000000000e+03 5.888767498990360449e-01
9.640000000000000000e+03 9.874871428196037026e-01
9.645000000000000000e+03 4.656995548995888634e-01
9.650000000000000000e+03 4.521982918506088617e-05
9.655000000000000000e+03 4.738188502894291054e-01
9.660000000000000000e+03 9.958832696441307641e-01
9.665000000000000000e+03 5.788006217339350945e-01
9.670000000000000000e+03 1.257619568433634809e-02
9.675000000000000000e+03 3.550110108817705612e-01
9.680000000000000000e+03 9.657943320103594687e-01
9.685000000000000000e+03 6.966865626329007410e-01
9.690000000000000000e+03 5.196341603192059649e-02
9.695000000000000000e+03 2.524139893539265045e-01
9.700000000000000000e+03 9.123990677747393363e-01
9.705000000000000000e+03 7.911757794632847673e-01
9.710000000000000000e+03 1.169555253058817967e-01
9.715000000000000000e+03 1.560454374340801698e-01
9.720000000000000000e+03 8.437044396171372584e-01
9.725000000000000000e+03 8.795213958909336993e-01
9.730000000000000000e+03 1.984354403740852535e-01
9.735000000000000000e+03 8.167475787253988817e-02
9.740000000000000000e+03 7.430922769097081382e-01
9.745000000000000000e+03 9.450710150555208244e-01
9.750000000000000000e+03 3.030171607981820836e-01
9.755000000000000000e+03 3.038222076720728526e-02
9.760000000000000000e+03 6.412919588023510142e-01
9.765000000000000000e+03 9.784379876586418723e-01
9.770000000000000000e+03 4.123636437172443214e-01
9.775000000000000000e+03 2.971544599229714034e-03
9.780000000000000000e+03 5.255659988378970082e-01
9.785000000000000000e+03 9.996904872316868529e-01
9.790000000000000000e+03 5.274160945615526952e-01
9.795000000000000000e+03 3.482701559641387858e-03
9.800000000000000000e+03 4.065716245528791517e-01
9.805000000000000000e+03 9.794979009147962712e-01
9.810000000000000000e+03 6.468674795196548422e-01
9.815000000000000000e+03 3.134062956375189418e-02
9.820000000000000000e+03 2.998109711195694471e-01
9.825000000000000000e+03 9.401955400001129615e-01
9.830000000000000000e+03 7.466268157415796303e-01
9.835000000000000000e+03 8.485152695695082070e-02
9.840000000000000000e+03 1.956557374233999502e-01
9.845000000000000000e+03 8.794115751679053572e-01
9.850000000000000000e+03 8.448426620921191121e-01
9.855000000000000000e+03 1.582190776040063029e-01
9.860000000000000000e+03 1.133898893851419398e-01
9.865000000000000000e+03 7.869095813694871877e-01
9.870000000000000000e+03 9.176019469666097939e-01
9.875000000000000000e+03 2.560271909022613923e-01
9.880000000000000000e+03 5.084327834252909406e-02
9.885000000000000000e+03 6.919917467340025441e-01
9.890000000000000000e+03 9.644690135524721653e-01
9.895000000000000000e+03 3.601555104723345724e-01
9.900000000000000000e+03 1.146679093168351607e-02
9.905000000000000000e+03 5.768228827554404692e-01
9.910000000000000000e+03 9.974104316435932205e-01
9.915000000000000000e+03 4.757943244274600580e-01
9.920000000000000000e+03 5.681290459800371958e-05
9.925000000000000000e+03 4.594829522515334053e-01
9.930000000000000000e+03 9.880249128619168486e-01
9.935000000000000000e+03 5.950310532017184517e-01
9.940000000000000000e+03 1.577327010014117209e-02
9.945000000000000000e+03 3.491567092855353827e-01
9.950000000000000000e+03 9.631672488675840915e-01
9.955000000000000000e+03 6.997235788382525357e-01
9.960000000000000000e+03 5.743156930587287740e-02
9.965000000000000000e+03 2.387229923026011336e-01
9.970000000000000000e+03 9.104453163214584199e-01
9.975000000000000000e+03 8.059979995858356228e-01
9.980000000000000000e+03 1.219498643232381635e-01
9.985000000000000000e+03 1.495369201153354255e-01
9.990000000000000000e+03 8.279308929496296265e-01
9.995000000000000000e+03 8.853823243841948409e-01
1.000000000000000000e+04 2.114611663697675559e-01
1.000500000000000000e+04 7.611985060367744416e-02
1.001000000000000000e+04 7.402613138138772753e-01
1.001500000000000000e+04 9.456389578106624283e-01
1.002000000000000000e+04 3.097475594126281595e-01
1.002500000000000000e+04 2.551476663772703907e-02
1.003000000000000000e+04 6.271515495847934663e-01
1.003500000000000000e+04 9.890340362854938006e-01
1.004000000000000000e+04 4.243716812294574536e-01
1.004500000000000000e+04 2.269178695010725787e-03
1.005000000000000000e+04 5.131012793197834432e-01
1.005500000000000000e+04 9.914272867215399021e-01
1.006000000000000000e+04 5.418724799966232464e-01
1.006500000000000000e+04 5.436147039699844655e-03
1.007000000000000000e+04 3.998467573643630923e-01
1.007500000000000000e+04 9.808784565956261137e-01
1.008000000000000000e+04 6.509787317837854026e-01
1.008500000000000000e+04 3.507734954281917922e-02
1.009000000000000000e+04 2.848720940286114112e-01
1.009500000000000000e+04 9.365710921492187424e-01
1.010000000000000000e+04 7.633147828435649096e-01
1.010500000000000000e+04 8.993332106368118195e-02
1.011000000000000000e+04 1.896232364723426933e-01
1.011500000000000000e+04 8.657050324484002468e-01
1.012000000000000000e+04 8.489492733485409781e-01
1.012500000000000000e+04 1.698721745145717887e-01
1.013000000000000000e+04 1.059428531006593177e-01
1.013500000000000000e+04 7.854427691134626688e-01
1.014000000000000000e+04 9.220115763879227488e-01
1.014500000000000000e+04 2.617454236363035980e-01
1.015000000000000000e+04 4.501747973768724376e-02
1.015500000000000000e+04 6.761406535187886035e-01
1.016000000000000000e+04 9.746896820917466675e-01
1.016500000000000000e+04 3.736003258040521136e-01
1.017000000000000000e+04 1.001312961564760490e-02
1.017500000000000000e+04 5.667261474758038542e-01
1.018000000000000000e+04 9.897648287059780392e-01
1.018500000000000000e+04 4.881270459085531588e-01
1.019000000000000000e+04 4.832931136230251960e-04
1.019500000000000000e+04 4.513105526340255302e-01
1.020000000000000000e+04 9.929554937046592977e-01
1.020500000000000000e+04 6.008677735072238679e-01
1.021000000000000000e+04 1.807986602563478248e-02
1.021500000000000000e+04 3.336740426981499863e-01
1.022000000000000000e+04 9.576524876235555928e-01
1.022500000000000000e+04 7.172217111205391182e-01
1.023000000000000000e+04 6.243115011051682955e-02
1.023500000000000000e+04 2.330935966065856846e-01
1.024000000000000000e+04 8.997532617211081440e-01
1.024500000000000000e+04 8.088635882340501349e-01
1.025000000000000000e+04 1.318124005518832298e-01
1.025500000000000000e+04 1.400321773071521725e-01
1.026000000000000000e+04 8.269613803780461181e-01
1.026500000000000000e+04 8.936768761890843127e-01
1.027000000000000000e+04 2.166778971170517099e-01
1.027500000000000000e+04 6.978328027095562214e-02
1.028000000000000000e+04 7.233870089617018273e-01
1.028500000000000000e+04 9.546366859014896455e-01
1.029000000000000000e+04 3.239607058947777118e-01
1.029500000000000000e+04 2.312278554413032053e-02
1.030000000000000000e+04 6.196213268062320534e-01
1.030500000000000000e+04 9.830900632196668543e-01
1.031000000000000000e+04 4.345399447724597186e-01
1.031500000000000000e+04 1.037253454776555306e-03
1.032000000000000000e+04 5.030220228327314524e-01
1.032500000000000000e+04 9.991160439509838564e-01
1.033000000000000000e+04 5.498369248303337509e-01
1.033500000000000000e+04 6.630294179953195692e-03
1.034000000000000000e+04 3.846334550770251770e-01
1.034500000000000000e+04 9.736313708091013375e-01
1.035000000000000000e+04 6.682485763011073443e-01
1.035500000000000000e+04 3.967564895565718619e-02
1.036000000000000000e+04 2.793545063017477958e-01
1.036500000000000000e+04 9.295808362487429921e-01
1.037000000000000000e+04 7.656822450527334123e-01
1.037500000000000000e+04 9.780987426427750764e-02
1.038000000000000000e+04 1.780923778972252347e-01
1.038500000000000000e+04 8.643439708488239726e-01
1.039000000000000000e+04 8.607758928347256644e-01
1.039500000000000000e+04 1.749959124450370107e-01
1.040000000000000000e+04 9.952181194519529872e-02
1.040500000000000000e+04 7.684773700826570408e-01
1.041000000000000000e+04 9.292477037726891709e-01
1.041500000000000000e+04 2.759674448531276858e-01
1.042000000000000000e+04 4.139133639968214928e-02
1.042500000000000000e+04 6.710426576772619001e-01
1.043000000000000000e+04 9.714424783543190722e-01
1.043500000000000000e+04 3.818365275770344569e-01
1.044000000000000000e+04 7.173444150259790895e-03
1.044500000000000000e+04 5.545008234972642613e-01
1.045000000000000000e+04 9.991937558390986407e-01
1.045500000000000000e+04 4.983172735471131931e-01
1.046000000000000000e+04 8.196253686203544423e-04
1.046500000000000000e+04 4.371821590134972180e-01
1.047000000000000000e+04 9.845035293420769662e-01
1.047500000000000000e+04 6.170154128973980301e-01
1.048000000000000000e+04 2.187986515010769545e-02
1.048500000000000000e+04 3.278002671915940525e-01
1.049000000000000000e+04 9.546973160493061883e-01
1.049500000000000000e+04 7.199383726419602558e-01
1.050000000000000000e+04 6.834359651486794640e-02
1.050500000000000000e+04 2.198021519314645456e-01
1.051000000000000000e+04 8.972274011447600728e-01
1.051500000000000000e+04 8.235245878802601727e-01
1.052000000000000000e+04 1.370796174070260109e-01
1.052500000000000000e+04 1.338472085667762879e-01
1.053000000000000000e+04 8.109742751646916714e-01
1.053500000000000000e+04 8.989825232386609022e-01
1.054000000000000000e+04 2.301669555743994233e-01
1.054500000000000000e+04 6.458638388755247317e-02
1.055000000000000000e+04 7.202693222284397567e-01
1.055500000000000000e+04 9.548532285255036944e-01
1.056000000000000000e+04 3.306964831265125637e-01
1.056500000000000000e+04 1.890242912009310050e-02
1.057000000000000000e+04 6.053046753296901228e-01
1.057500000000000000e+04 9.931545902870099196e-01
1.058000000000000000e+04 4.467419680379939861e-01
1.058500000000000000e+04 6.465276712162982935e-04
1.059000000000000000e+04 4.906813436997286004e-01
1.059500000000000000e+04 9.902936215475394155e-01
1.060000000000000000e+04 5.642123255004382054e-01
1.060500000000000000e+04 9.241201228947051524e-03
1.061000000000000000e+04 3.778370148167645715e-01
1.061500000000000000e+04 9.746434223233088057e-01
1.062000000000000000e+04 6.721307086531386199e-01
1.062500000000000000e+04 4.382071621051791127e-02
1.063000000000000000e+04 2.647998739537411605e-01
1.063500000000000000e+04 9.253564826748040817e-01
1.064000000000000000e+04 7.822326270474901921e-01
1.064500000000000000e+04 1.032512358865007723e-01
1.065000000000000000e+04 1.722897327712735460e-01
1.065500000000000000e+04 8.504090366527233824e-01
1.066000000000000000e+04 8.643570797637148972e-01
1.066500000000000000e+04 1.871264584290422417e-01
1.067000000000000000e+04 9.245984789854001795e-02
1.067500000000000000e+04 7.666345500464470941e-01
1.068000000000000000e+04 9.333595643703739286e-01
1.068500000000000000e+04 2.817348453823500520e-01
1.069000000000000000e+04 3.615336044934840815e-02
1.069500000000000000e+04 6.550148315671172616e-01
1.070000000000000000e+04 9.811023139006195271e-01
1.070500000000000000e+04 3.955628654700858449e-01
1.071000000000000000e+04 6.031555276882448469e-03
1.071500000000000000e+04 5.444333238071823455e-01
1.072000000000000000e+04 9.910334507876281673e-01
1.072500000000000000e+04 5.105725597970451890e-01
1.073000000000000000e+04 1.937547792589439577e-03
1.073500000000000000e+04 4.289013137536263898e-01
1.074000000000000000e+04 9.890211955295266089e-01
1.074500000000000000e+04 6.227229381551069309e-01
1.075000000000000000e+04 2.455908885299112540e-02
1.075500000000000000e+04 3.126683101175161683e-01
1.076000000000000000e+04 9.485721109789395644e-01
1.076500000000000000e+04 7.373136805272200167e-01
1.077000000000000000e+04 7.379051860410981711e-02
1.077500000000000000e+04 2.143147399937319064e-01
1.078000000000000000e+04 8.862838183391331670e-01
1.078500000000000000e+04 8.259121752808761263e-01
1.079000000000000000e+04 1.474154982811271553e-01
1.079500000000000000e+04 1.247509361986337689e-01
1.080000000000000000e+04 8.095517818850209713e-01
1.080500000000000000e+04 9.070265124187719685e-01
1.081000000000000000e+04 2.354916245125535934e-01
1.081500000000000000e+04 5.876167518829232550e-02
1.082000000000000000e+04 7.032179594146600321e-01
1.082500000000000000e+04 9.632721149819236661e-01
1.083000000000000000e+04 3.452632870909246310e-01
1.083500000000000000e+04 1.683488341494993393e-02
1.084000000000000000e+04 5.977023322232078995e-01
1.084500000000000000e+04 9.867471575196368194e-01
1.085000000000000000e+04 4.568422025520142982e-01
1.085500000000000000e+04 1.165149885013866914e-04
1.086000000000000000e+04 4.804706823670830129e-01
1.086500000000000000e+04 9.975235560358276521e-01
1.087000000000000000e+04 5.721517341387762912e-01
1.087500000000000000e+04 1.077760478242206083e-02
1.088000000000000000e+04 3.629220740821458846e-01
1.088500000000000000e+04 9.667917174148372705e-01
1.089000000000000000e+04 6.892853420845811430e-01
1.089500000000000000e+04 4.894918118215287051e-02
1.090000000000000000e+04 2.593466459812185931e-01
1.090500000000000000e+04 9.180833386014124464e-01
1.091000000000000000e+04 7.841862276727349368e-01
1.091500000000000000e+04 1.115823771680796300e-01
1.092000000000000000e+04 1.611818787995620283e-01
1.092500000000000000e+04 8.485331213493186864e-01
1.093000000000000000e+04 8.759720223480794710e-01
1.093500000000000000e+04 1.924305856050634589e-01
1.094000000000000000e+04 8.646351975009319846e-02
1.094500000000000000e+04 7.494882672315518191e-01
1.095000000000000000e+04 9.400131015758234065e-01
1.095500000000000000e+04 2.963641026728631722e-01
1.096000000000000000e+04 3.287433586350112930e-02
1.096500000000000000e+04 6.497421226984048115e-01
1.097000000000000000e+04 9.774458864855629647e-01
1.097500000000000000e+04 4.037502027390401094e-01
1.098000000000000000e+04 3.879661705808308894e-03
1.098500000000000000e+04 5.320648934690147547e-01
1.099000000000000000e+04 9.999591891046591963e-01
1.099500000000000000e+04 5.208411052219974469e-01
1.100000000000000000e+04 2.595272616764829777e-03
1.100500000000000000e+04 4.150011481534374713e-01
1.101000000000000000e+04 9.799851945854346491e-01
1.101500000000000000e+04 6.387583941019858713e-01
1.102000000000000000e+04 2.896108767061846695e-02
1.102500000000000000e+04 3.067946334875398806e-01
1.103000000000000000e+04 9.452953349689328100e-01
1.103500000000000000e+04 7.396954768704214755e-01
1.104000000000000000e+04 8.012886806415961405e-02
1.104500000000000000e+04 2.014474560019340055e-01
1.105000000000000000e+04 8.831979751826185554e-01
1.105500000000000000e+04 8.403911524441196601e-01
1.106000000000000000e+04 1.529461926628914448e-01
1.106500000000000000e+04 1.188983816658045062e-01
1.107000000000000000e+04 7.933736605829085908e-01
1.107500000000000000e+04 9.117622195641077454e-01
1.108000000000000000e+04 2.494214563174861066e-01
1.108500000000000000e+04 5.394059372886515075e-02
1.109000000000000000e+04 6.998270369108002820e-01
1.109500000000000000e+04 9.631329669953543338e-01
1.110000000000000000e+04 3.519822786615169896e-01
1.110500000000000000e+04 1.326454374652493579e-02
1.111000000000000000e+04 5.832384626437554509e-01
1.111500000000000000e+04 9.962691173839633985e-01
1.112000000000000000e+04 4.692198016623497225e-01
1.112500000000000000e+04 3.856140690054375518e-05
1.113000000000000000e+04 4.682729170977485422e-01
1.113500000000000000e+04 9.881501355082984439e-01
1.114000000000000000e+04 5.864167034915676036e-01
1.114500000000000000e+04 1.404587360427052116e-02
1.115000000000000000e+04 3.560764524637200501e-01
1.115500000000000000e+04 9.674376035836909082e-01
1.116000000000000000e+04 6.929236522160573397e-01
1.116500000000000000e+04 5.348690418032359811e-02
1.117000000000000000e+04 2.452005255885104928e-01
1.117500000000000000e+04 9.132712384595060851e-01
1.118000000000000000e+04 8.005750651094021286e-01
1.118500000000000000e+04 1.173764464583494926e-01
1.119000000000000000e+04 1.556201709941207878e-01
1.119500000000000000e+04 8.343889820975741722e-01
1.120000000000000000e+04 8.790134430783590469e-01
1.120500000000000000e+04 2.050157583593568422e-01
1.121000000000000000e+04 7.980707210901857862e-02
1.121500000000000000e+04 7.472825051705876964e-01
1.122000000000000000e+04 9.438188185960658672e-01
1.122500000000000000e+04 3.021616053531072099e-01
1.123000000000000000e+04 2.822780968221380929e-02
1.123500000000000000e+04 6.335663774463246023e-01
1.124000000000000000e+04 9.865323629280720041e-01
1.124500000000000000e+04 4.177382307560731922e-01
1.125000000000000000e+04 3.055149699019198053e-03
1.125500000000000000e+04 5.220437758266298633e-01
1.126000000000000000e+04 9.912904267560466165e-01
1.126500000000000000e+04 5.329902848008692962e-01
1.127000000000000000e+04 4.405067476892451234e-03
1.127500000000000000e+04 4.066368379740781802e-01
1.128000000000000000e+04 9.840884016647851729e-01
1.128500000000000000e+04 6.443214958958952687e-01
1.129000000000000000e+04 3.200061995835651318e-02
1.129500000000000000e+04 2.920367160864348888e-01
1.130000000000000000e+04 9.385717177125838528e-01
1.130500000000000000e+04 7.569215043313891611e-01
1.131000000000000000e+04 8.601833514567817918e-02
1.131500000000000000e+04 1.961156889192853803e-01
1.132000000000000000e+04 8.720182566162404392e-01
1.132500000000000000e+04 8.422867174661530232e-01
1.133000000000000000e+04 1.637330150704105758e-01
1.133500000000000000e+04 1.102329156366846086e-01
1.134000000000000000e+04 7.915111491442392566e-01
1.134500000000000000e+04 9.195430702317073379e-01
1.135000000000000000e+04 2.548381938731120178e-01
1.135500000000000000e+04 4.863244291606788616e-02
1.136000000000000000e+04 6.826263033832820071e-01
1.136500000000000000e+04 9.709596806501815669e-01
1.137000000000000000e+04 3.668814736344527816e-01
1.137500000000000000e+04 1.153129615364968837e-02
1.138000000000000000e+04 5.755796966961534977e-01
1.138500000000000000e+04 9.894018092381052787e-01
1.139000000000000000e+04 4.792248828706420771e-01
1.139500000000000000e+04 2.112641574533060242e-04
1.140000000000000000e+04 4.579579821501108539e-01
1.140500000000000000e+04 9.949162676248075599e-01
1.141000000000000000e+04 5.943149834245839980e-01
1.141500000000000000e+04 1.591613103700392773e-02
1.142000000000000000e+04 3.414818165447218723e-01
1.142500000000000000e+04 9.589928951280561886e-01
1.143000000000000000e+04 7.099348762479008590e-01
1.143500000000000000e+04 5.914231241265702210e-02
1.144000000000000000e+04 2.398281668138376455e-01
1.144500000000000000e+04 9.057265370398976945e-01
1.145000000000000000e+04 8.021009654140638379e-01
1.145500000000000000e+04 1.261409573913816751e-01
1.146000000000000000e+04 1.449587842255218306e-01
1.146500000000000000e+04 8.320112624116783318e-01
1.147000000000000000e+04 8.904000597629371239e-01
1.147500000000000000e+04 2.104874807530160985e-01
1.148000000000000000e+04 7.424164900697419189e-02
1.148500000000000000e+04 7.299810451943471445e-01
1.149000000000000000e+04 9.498761675529180382e-01
1.149500000000000000e+04 3.171755838919950166e-01
1.150000000000000000e+04 2.530962078452810016e-02
1.150500000000000000e+04 6.281336024378256777e-01
1.151000000000000000e+04 9.824669849166418611e-01
1.151500000000000000e+04 4.258517911813555212e-01
1.152000000000000000e+04 1.592218589578955163e-03
1.152500000000000000e+04 5.095608746448534454e-01
1.153000000000000000e+04 9.997051637153334669e-01
1.153500000000000000e+04 5.433198692394719531e-01
1.154000000000000000e+04 5.380079516824714386e-03
1.154500000000000000e+04 3.929852016640428825e-01
1.155000000000000000e+04 9.744791329692439330e-01
1.155500000000000000e+04 6.602156424310161587e-01
1.156000000000000000e+04 3.700251486843235404e-02
1.156500000000000000e+04 2.861826291463611116e-01
1.157000000000000000e+04 9.349805082139268642e-01
1.157500000000000000e+04 7.589545374478373629e-01
1.158000000000000000e+04 9.276334540989623900e-02
1.158500000000000000e+04 1.836964022238195826e-01
1.159000000000000000e+04 8.683856401037876038e-01
1.159500000000000000e+04 8.565633032618458209e-01
1.160000000000000000e+04 1.695171819194616902e-01
1.160500000000000000e+04 1.047209128284306429e-01
1.161000000000000000e+04 7.751649963538967958e-01
1.161500000000000000e+04 9.236953212887765163e-01
1.162000000000000000e+04 2.691854219991194341e-01
1.162500000000000000e+04 4.420418690908797105e-02
1.163000000000000000e+04 6.789761606590405396e-01
1.163500000000000000e+04 9.704612739831651735e-01
1.164000000000000000e+04 3.735614756244468593e-01
1.164500000000000000e+04 8.612658907891639071e-03
1.165000000000000000e+04 5.609979470177801630e-01
1.165500000000000000e+04 9.983712587909961966e-01
1.166000000000000000e+04 4.917593370206864156e-01
1.166500000000000000e+04 4.464627333639218992e-04
1.167000000000000000e+04 4.459217355995563348e-01
1.167500000000000000e+04 9.850012105978086518e-01
1.168000000000000000e+04 6.084403036982153345e-01
1.168500000000000000e+04 1.984040206025696612e-02
1.169000000000000000e+04 3.346094385949018313e-01
1.169500000000000000e+04 9.592757124166201299e-01
1.170000000000000000e+04 7.133151034710044636e-01
1.170500000000000000e+04 6.405618310090636924e-02
1.171000000000000000e+04 2.261140882264079943e-01
1.171500000000000000e+04 9.003399993292858783e-01
1.172000000000000000e+04 8.183047007078011470e-01
1.172500000000000000e+04 1.322801074581291814e-01
1.173000000000000000e+04 1.396485226719675621e-01
1.173500000000000000e+04 8.176775929704989121e-01
1.174000000000000000e+04 8.928884299190027463e-01
1.174500000000000000e+04 2.235036106250004873e-01
1.175000000000000000e+04 6.801034727553864623e-02
1.175500000000000000e+04 7.274261083461521782e-01
1.176000000000000000e+04 9.533679971303117284e-01
1.176500000000000000e+04 3.229839834742953553e-01
1.177000000000000000e+04 2.125702805017589542e-02
1.177500000000000000e+04 6.118390726956954850e-01
1.178000000000000000e+04 9.909687479722041337e-01
1.178500000000000000e+04 4.400812023304730980e-01
1.179000000000000000e+04 1.089929853245270126e-03
1.179500000000000000e+04 4.996031895659531208e-01
1.180000000000000000e+04 9.905352387015432525e-01
1.180500000000000000e+04 5.553344609888781758e-01
1.181000000000000000e+04 7.880870188427693476e-03
1.181500000000000000e+04 3.845625358583696363e-01
1.182000000000000000e+04 9.781671769186012222e-01
1.182500000000000000e+04 6.656193587775220966e-01
1.183000000000000000e+04 4.038924978375797031e-02
1.183500000000000000e+04 2.718214014084300856e-01
1.184000000000000000e+04 9.276717040963461391e-01
1.184500000000000000e+04 7.760052034156963430e-01
1.185000000000000000e+04 9.908964069157671917e-02
1.185500000000000000e+04 1.785335287882330313e-01
1.186000000000000000e+04 8.569857198134360754e-01
1.186500000000000000e+04 8.579537661563131357e-01
1.187000000000000000e+04 1.807316888799049004e-01
1.187500000000000000e+04 9.650776433172540691e-02
1.188000000000000000e+04 7.728762687599418646e-01
1.188500000000000000e+04 9.312010167846637154e-01
1.189000000000000000e+04 2.746780876148257611e-01
1.189500000000000000e+04 3.941626105744013009e-02
1.190000000000000000e+04 6.616540791553049417e-01
1.190500000000000000e+04 9.776836959180125186e-01
1.191000000000000000e+04 3.887711894861630713e-01
1.191500000000000000e+04 7.222797967242861744e-03
1.192000000000000000e+04 5.532985641271770394e-01
1.192500000000000000e+04 9.910486037953447624e-01
1.193000000000000000e+04 5.016422906203706900e-01
1.193500000000000000e+04 1.321364703118738364e-03
1.194000000000000000e+04 4.355298513897570833e-01
1.194500000000000000e+04 9.912994917069628542e-01
1.195000000000000000e+04 6.162814442354561661e-01
1.195500000000000000e+04 2.203534667611217746e-02
1.196000000000000000e+04 3.203564612462554417e-01
1.196500000000000000e+04 9.502508164019023429e-01
1.197000000000000000e+04 7.301550640445931828e-01
1.197500000000000000e+04 7.023425434730086458e-02
1.198000000000000000e+04 2.208388461550454263e-01
1.198500000000000000e+04 8.925356743118859626e-01
1.199000000000000000e+04 8.193898626624103176e-01
1.199500000000000000e+04 1.414559328285025508e-01
1.200000000000000000e+04 1.294562346999521274e-01
1.200500000000000000e+04 8.148120810702745853e-01
1.201000000000000000e+04 9.040305830907052753e-01
1.201500000000000000e+04 2.291297143335613018e-01
1.202000000000000000e+04 6.288112622103177174e-02
1.202500000000000000e+04 7.099955367146698615e-01
1.203000000000000000e+04 9.588167697159936109e-01
1.203500000000000000e+04 3.383594622551003295e-01
1.204000000000000000e+04 1.871259464769190958e-02
1.204500000000000000e+04 6.062611827990588287e-01
1.205000000000000000e+04 9.864955250602547299e-01
1.205500000000000000e+04 4.480961635348498784e-01
1.206000000000000000e+04 3.158363628420595695e-04
1.206500000000000000e+04 4.870346852969752449e-01
1.207000000000000000e+04 9.984321907936881679e-01
1.207500000000000000e+04 5.657077058103165967e-01
1.208000000000000000e+04 9.168311073424877458e-03
1.208500000000000000e+04 3.711792642853728452e-01
1.209000000000000000e+04 9.679965862820618661e-01
1.209500000000000000e+04 6.813433831003402608e-01
1.210000000000000000e+04 4.598776592354408138e-02
1.210500000000000000e+04 2.660062697796807263e-01
1.211000000000000000e+04 9.237739015942508791e-01
1.211500000000000000e+04 7.776762194681987594e-01
1.212000000000000000e+04 1.062212576894100008e-01
1.212500000000000000e+04 1.665852565301794985e-01
1.213000000000000000e+04 8.528205965767856611e-01
1.213500000000000000e+04 8.720080683726026960e-01
1.214000000000000000e+04 1.867587393640073590e-01
1.214500000000000000e+04 9.134370174882906757e-02
1.215000000000000000e+04 7.563854705326150674e-01
1.215500000000000000e+04 9.347574620785580324e-01
1.216000000000000000e+04 2.894185640090684575e-01
1.216500000000000000e+04 3.539701829156584323e-02
1.217000000000000000e+04 6.577592240815086644e-01
1.217500000000000000e+04 9.768231913457615656e-01
1.218000000000000000e+04 3.953900052464831005e-01
1.218500000000000000e+04 4.956310628127642143e-03
1.219000000000000000e+04 5.386285177055826212e-01
1.219500000000000000e+04 9.994567236964726487e-01
1.220000000000000000e+04 5.143146057985114039e-01
1.220500000000000000e+04 1.869341210814894245e-03
1.221000000000000000e+04 4.236734232993845661e-01
1.221500000000000000e+04 9.808532818661475083e-01
1.222000000000000000e+04 6.302381842094892939e-01
1.222500000000000000e+04 2.661300552656980026e-02
1.223000000000000000e+04 3.134797416238342960e-01
1.223500000000000000e+04 9.501744076498128688e-01
1.224000000000000000e+04 7.332634221266440822e-01
1.224500000000000000e+04 7.550697902390675342e-02
1.225000000000000000e+04 2.075795493002349223e-01
1.225500000000000000e+04 8.865891356018006375e-01
1.226000000000000000e+04 8.353853869283166533e-01
1.226500000000000000e+04 1.479317893284203267e-01
1.227000000000000000e+04 1.244073356065077546e-01
1.227500000000000000e+04 8.003090077320861306e-01
1.228000000000000000e+04 9.059537012333415129e-01
1.228500000000000000e+04 2.425523299814623113e-01
1.229000000000000000e+04 5.709375370701110647e-02
1.229500000000000000e+04 7.071058495835509383e-01
1.230000000000000000e+04 9.619876127672544186e-01
1.230500000000000000e+04 3.441594511168208359e-01
1.231000000000000000e+04 1.525526720447688278e-02
1.231500000000000000e+04 5.898772619504631942e-01
1.232000000000000000e+04 9.944024176898244027e-01
1.232500000000000000e+04 4.625462171043602799e-01
1.233000000000000000e+04 1.398500950432344972e-04
1.233500000000000000e+04 4.771573674251071151e-01
1.234000000000000000e+04 9.887694353822368276e-01
1.234500000000000000e+04 5.775594823017546897e-01
1.235000000000000000e+04 1.235791684965372762e-02
1.235500000000000000e+04 3.627234288237317084e-01
1.236000000000000000e+04 9.712695977085578081e-01
1.236500000000000000e+04 6.865730497687737577e-01
1.237000000000000000e+04 4.970783502078120197e-02
1.237500000000000000e+04 2.520636517781864594e-01
1.238000000000000000e+04 9.158943022732779493e-01
1.238500000000000000e+04 7.945258626972232507e-01
1.239000000000000000e+04 1.129777588592390386e-01
1.239500000000000000e+04 1.616040849123517587e-01
1.240000000000000000e+04 8.412169197097985052e-01
1.240500000000000000e+04 8.728813169130559269e-01
1.241000000000000000e+04 1.983768695518227931e-01
1.241500000000000000e+04 8.360351461034924714e-02
1.242000000000000000e+04 7.536851363323803232e-01
1.242500000000000000e+04 9.419765723672414159e-01
1.243000000000000000e+04 2.949707791723331085e-01
1.243500000000000000e+04 3.113194278994410938e-02
1.244000000000000000e+04 6.403441005135385167e-01
1.244500000000000000e+04 9.834304380007414803e-01
1.245000000000000000e+04 4.108877996160648638e-01
1.245500000000000000e+04 3.918134566225954345e-03
1.246000000000000000e+04 5.309043989467293612e-01
1.246500000000000000e+04 9.916841833694131081e-01
1.247000000000000000e+04 5.240486604051922681e-01
1.247500000000000000e+04 3.444609105355950045e-03
1.248000000000000000e+04 4.132320469084310721e-01
1.248500000000000000e+04 9.866806020042983016e-01
1.249000000000000000e+04 6.380062948866824790e-01
1.249500000000000000e+04 2.912272209963011685e-02
1.250000000000000000e+04 2.995891480056040446e-01
1.250500000000000000e+04 9.405833193659463021e-01
1.251000000000000000e+04 7.499046644414184559e-01
1.251500000000000000e+04 8.220238336430484016e-02
1.252000000000000000e+04 2.024173801048538002e-01
1.252500000000000000e+04 8.785376917676402941e-01
1.253000000000000000e+04 8.360175998830775557e-01
1.253500000000000000e+04 1.574960770791607179e-01
1.254000000000000000e+04 1.147058995593683295e-01
1.254500000000000000e+04 7.969706470014291666e-01
1.255000000000000000e+04 9.168357990099396115e-01
1.255500000000000000e+04 2.483192103961242292e-01
1.256000000000000000e+04 5.240511873425365841e-02
1.256500000000000000e+04 6.895725553489909787e-01
1.257000000000000000e+04 9.668166564576836652e-01
1.257500000000000000e+04 3.598725499963359442e-01
1.258000000000000000e+04 1.309668877111602216e-02
1.258500000000000000e+04 5.841694826919799910e-01
1.259000000000000000e+04 9.895232838683759580e-01
1.259500000000000000e+04 4.704378972671962589e-01
1.260000000000000000e+04 5.317328366531459308e-05
1.260500000000000000e+04 4.645322895638887006e-01
1.261000000000000000e+04 9.961428640910172660e-01
1.261500000000000000e+04 5.879589470897911285e-01
1.262000000000000000e+04 1.395218310099090656e-02
1.262500000000000000e+04 3.496278568353732852e-01
1.263000000000000000e+04 9.605507919979092701e-01
1.263500000000000000e+04 7.020985131474278829e-01
1.264000000000000000e+04 5.589853465305667096e-02
1.264500000000000000e+04 2.463066796113332901e-01
1.265000000000000000e+04 9.116983953821814479e-01
1.265500000000000000e+04 7.958222821016649462e-01
1.266000000000000000e+04 1.204751532175467044e-01
1.266500000000000000e+04 1.501489767833943390e-01
1.267000000000000000e+04 8.365345783084637832e-01
1.267500000000000000e+04 8.866939579307986374e-01
1.268000000000000000e+04 2.046356545676941974e-01
1.268500000000000000e+04 7.879401149401218940e-02
1.269000000000000000e+04 7.370734441167161588e-01
1.269500000000000000e+04 9.449260523747089469e-01
1.270000000000000000e+04 3.100796387569758616e-01
1.270500000000000000e+04 2.753704741601192482e-02
1.271000000000000000e+04 6.362195029756609888e-01
1.271500000000000000e+04 9.822057347702810581e-01
1.272000000000000000e+04 4.174232881516964366e-01
1.272500000000000000e+04 2.303002066564493674e-03
1.273000000000000000e+04 5.161758225008347134e-01
1.273500000000000000e+04 9.995232935777861316e-01
1.274000000000000000e+04 5.368395999448333233e-01
1.274500000000000000e+04 4.304235428671416945e-03
1.275000000000000000e+04 4.015733881442933306e-01
1.275500000000000000e+04 9.757148267328161761e-01
1.276000000000000000e+04 6.517658608897315409e-01
1.276500000000000000e+04 3.434991037670501873e-02
1.277000000000000000e+04 2.927304492776534595e-01
1.277500000000000000e+04 9.401522634042750459e-01
1.278000000000000000e+04 7.527278796796836868e-01
1.278500000000000000e+04 8.781591500765031921e-02
1.279000000000000000e+04 1.896347776044948752e-01
1.279500000000000000e+04 8.720466836374252129e-01
1.280000000000000000e+04 8.517822988487457891e-01
1.280500000000000000e+04 1.642995297628188633e-01
1.281000000000000000e+04 1.099276618520117765e-01
1.281500000000000000e+04 7.823187059210092720e-01
1.282000000000000000e+04 9.181825681460035193e-01
1.282500000000000000e+04 2.621230886527715631e-01
1.283000000000000000e+04 4.707957353673764694e-02
1.283500000000000000e+04 6.863631772007290355e-01
1.284000000000000000e+04 9.696600815646292393e-01
1.284500000000000000e+04 3.656447632971400186e-01
1.285000000000000000e+04 1.023479842792336669e-02
1.285500000000000000e+04 5.677257800231897411e-01
1.286000000000000000e+04 9.968263634180629662e-01
1.286500000000000000e+04 4.850874619577116853e-01
1.287000000000000000e+04 2.067940682118613971e-04
1.287500000000000000e+04 4.547521079223472151e-01
1.288000000000000000e+04 9.859966274387957919e-01
1.288500000000000000e+04 5.996199787216951460e-01
1.289000000000000000e+04 1.782712801117000354e-02
1.289500000000000000e+04 3.411640594980944741e-01
1.290000000000000000e+04 9.634097380261900101e-01
1.290500000000000000e+04 7.071398049992569934e-01
1.291000000000000000e+04 5.993733269534447239e-02
1.291500000000000000e+04 2.328038263252164286e-01
1.292000000000000000e+04 9.032635398881960764e-01
1.292500000000000000e+04 8.124457182726114723e-01
1.293000000000000000e+04 1.276543425285730227e-01
1.293500000000000000e+04 1.453618508308995860e-01
1.294000000000000000e+04 8.247440627285945736e-01
1.294500000000000000e+04 8.870388716484143288e-01
1.295000000000000000e+04 2.166325835043151349e-01
1.295500000000000000e+04 7.154652146206470775e-02
1.296000000000000000e+04 7.339768892271357759e-01
1.296500000000000000e+04 9.518477614857224767e-01
1.297000000000000000e+04 3.156748264479670718e-01
1.297500000000000000e+04 2.379639596110116884e-02
1.298000000000000000e+04 6.187398829211836482e-01
1.298500000000000000e+04 9.881881803347484228e-01
1.299000000000000000e+04 4.331862134345903503e-01
1.299500000000000000e+04 1.624004522030111052e-03
1.300000000000000000e+04 5.084428895235748591e-01
1.300500000000000000e+04 9.913072524798197671e-01
1.301000000000000000e+04 5.463982436192676984e-01
1.301500000000000000e+04 6.576723288499135636e-03
1.302000000000000000e+04 3.911100488798368580e-01
1.302500000000000000e+04 9.810690163553866805e-01
1.303000000000000000e+04 6.594452025195618461e-01
1.303500000000000000e+04 3.716375316896534248e-02
1.304000000000000000e+04 2.792222818265117645e-01
1.304500000000000000e+04 9.300101411213181901e-01
1.305000000000000000e+04 7.691433961225202509e-01
1.305500000000000000e+04 9.502229293834617285e-02
1.306000000000000000e+04 1.846013137326459608e-01
1.306500000000000000e+04 8.637611775533359237e-01
1.307000000000000000e+04 8.519502121148395668e-01
1.307500000000000000e+04 1.742286807192442999e-01
1.308000000000000000e+04 1.007379178439653383e-01
1.308500000000000000e+04 7.785233296353483157e-01
1.309000000000000000e+04 9.287895963993004766e-01
1.309500000000000000e+04 2.680167737536198191e-01
1.310000000000000000e+04 4.283498643551583024e-02
1.310500000000000000e+04 6.687538062107627468e-01
1.311000000000000000e+04 9.738594976984080720e-01
1.311500000000000000e+04 3.816709891672965815e-01
1.312000000000000000e+04 8.473333699854422238e-03
1.312500000000000000e+04 5.619035746250894414e-01
1.313000000000000000e+04 9.915440820653280696e-01
1.313500000000000000e+04 4.928313751404631016e-01
1.314000000000000000e+04 8.048187139446947094e-04
1.314500000000000000e+04 4.420996025322985190e-01
1.315000000000000000e+04 9.928418463704951069e-01
1.315500000000000000e+04 6.100281951348166531e-01
1.316000000000000000e+04 1.972188018134536647e-02
1.316500000000000000e+04 3.283749702881977872e-01
1.317000000000000000e+04 9.521569550421092876e-01
1.317500000000000000e+04 7.224386831343708737e-01
1.318000000000000000e+04 6.671463141887391812e-02
1.318500000000000000e+04 2.271240161950390801e-01
1.319000000000000000e+04 8.987786463665746739e-01
1.319500000000000000e+04 8.133556692203384175e-01
1.320000000000000000e+04 1.354959541526336020e-01
1.320500000000000000e+04 1.344211494928707062e-01
1.321000000000000000e+04 8.195607920922077794e-01
1.321500000000000000e+04 9.005910336157654239e-01
1.322000000000000000e+04 2.231114124865438419e-01
1.322500000000000000e+04 6.709741775987432266e-02
1.323000000000000000e+04 7.172683572359735971e-01
1.323500000000000000e+04 9.541803239873024589e-01
1.324000000000000000e+04 3.311265242302914857e-01
1.324500000000000000e+04 2.064030381293581462e-02
1.325000000000000000e+04 6.144009364918389116e-01
1.325500000000000000e+04 9.865979200952074146e-01
1.326000000000000000e+04 4.396163361579965567e-01
1.326500000000000000e+04 6.581886737737271129e-04
1.327000000000000000e+04 4.936856900410444005e-01
1.327500000000000000e+04 9.985708326235015475e-01
1.328000000000000000e+04 5.592883814306306434e-01
1.328500000000000000e+04 7.746118570348780111e-03
1.329000000000000000e+04 3.796667383945168672e-01
1.329500000000000000e+04 9.695963384933437013e-01
1.330000000000000000e+04 6.729793967198776095e-01
1.330500000000000000e+04 4.303537475278888802e-02
1.331000000000000000e+04 2.724038616158585002e-01
1.331500000000000000e+04 9.292297330930173738e-01
1.332000000000000000e+04 7.716687340730621347e-01
1.332500000000000000e+04 1.009578661054519877e-01
1.333000000000000000e+04 1.723164289108616853e-01
1.333500000000000000e+04 8.567423089194262653e-01
1.334000000000000000e+04 8.674620077520079908e-01
1.334500000000000000e+04 1.813499139150227257e-01
1.335000000000000000e+04 9.623900419311792742e-02
1.335500000000000000e+04 7.637434379921681504e-01
1.336000000000000000e+04 9.295500490864074816e-01
1.336500000000000000e+04 2.821759901193690023e-01
1.337000000000000000e+04 3.798825350221659430e-02
1.337500000000000000e+04 6.652403821970616082e-01
1.338000000000000000e+04 9.763697492588716553e-01
1.338500000000000000e+04 3.873960381684227183e-01
1.339000000000000000e+04 6.205890106250687432e-03
1.339500000000000000e+04 5.454298384484900231e-01
1.340000000000000000e+04 9.982356423162113135e-01
1.340500000000000000e+04 5.076589683184150603e-01
1.341000000000000000e+04 1.290571314997463132e-03
1.341500000000000000e+04 4.324331410133954168e-01
1.342000000000000000e+04 9.822224820168242720e-01
1.342500000000000000e+04 6.214709225884399446e-01
1.343000000000000000e+04 2.427739898730061491e-02
1.343500000000000000e+04 3.199283967739813828e-01
1.344000000000000000e+04 9.546036253136709337e-01
1.344500000000000000e+04 7.272776410539933956e-01
1.345000000000000000e+04 7.105683991980484004e-02
1.345500000000000000e+04 2.140812601347117372e-01
1.346000000000000000e+04 8.898051827662912805e-01
1.346500000000000000e+04 8.297282247322608217e-01
1.347000000000000000e+04 1.430894410803355832e-01
1.347500000000000000e+04 1.298399184627922198e-01
1.348000000000000000e+04 8.076008016772778797e-01
1.348500000000000000e+04 9.003975077727347509e-01
1.349000000000000000e+04 2.354616161885872139e-01
1.349500000000000000e+04 6.036141677628720226e-02
1.350000000000000000e+04 7.137917066519995357e-01
1.350500000000000000e+04 9.607944535406495179e-01
1.351000000000000000e+04 3.367479381940117755e-01
1.351500000000000000e+04 1.742459291235521485e-02
1.352000000000000000e+04 5.968855298177107027e-01
1.352500000000000000e+04 9.919472114772404092e-01
1.353000000000000000e+04 4.556209572617421766e-01
1.353500000000000000e+04 3.450464873641237787e-04
1.354000000000000000e+04 4.859598683889709281e-01
1.354500000000000000e+04 9.899185843112583427e-01
1.355000000000000000e+04 5.686454147299990769e-01
1.355500000000000000e+04 1.071137467971154840e-02
1.356000000000000000e+04 3.692089928874904281e-01
1.356500000000000000e+04 9.744761767482612580e-01
1.357000000000000000e+04 6.805544244916675867e-01
1.357500000000000000e+04 4.614198533984830569e-02
1.358000000000000000e+04 2.592974539625342301e-01
1.358500000000000000e+04 9.185528582173464462e-01
1.359000000000000000e+04 7.878320135801241131e-01
1.359500000000000000e+04 1.086678360802480620e-01
1.360000000000000000e+04 1.674269464027018928e-01
1.360500000000000000e+04 8.482363079616819235e-01
1.361000000000000000e+04 8.671551501695259345e-01
1.361500000000000000e+04 1.916196257652252599e-01
1.362000000000000000e+04 8.758082820569906835e-02
1.362500000000000000e+04 7.595077463425554676e-01
1.363000000000000000e+04 9.398676066693523179e-01
1.363500000000000000e+04 2.881821753062041025e-01
1.364000000000000000e+04 3.419024051278851672e-02
1.364500000000000000e+04 6.475818089137975742e-01
1.365000000000000000e+04 9.799309114932178710e-01
1.365500000000000000e+04 4.037103352510041376e-01
1.366000000000000000e+04 4.851937749972697403e-03
1.366500000000000000e+04 5.395088759578490212e-01
1.367000000000000000e+04 9.925537944305736771e-01
1.367500000000000000e+04 5.152308718146505484e-01
1.368000000000000000e+04 2.569291678877926553e-03
1.368500000000000000e+04 4.197823930368575485e-01
1.369000000000000000e+04 9.885358704435286414e-01
1.369500000000000000e+04 6.318704310161012971e-01
1.370000000000000000e+04 2.646557404022677890e-02
1.370500000000000000e+04 3.074639969269886697e-01
1.371000000000000000e+04 9.428322171056309209e-01
1.371500000000000000e+04 7.423223926841381326e-01
1.372000000000000000e+04 7.841401725961061331e-02
1.372500000000000000e+04 2.084973778312187165e-01
1.373000000000000000e+04 8.850410248093828480e-01
1.373500000000000000e+04 8.302405696851200556e-01
1.374000000000000000e+04 1.512530157651079121e-01
1.374500000000000000e+04 1.194339085181606031e-01
1.375000000000000000e+04 8.019338494114316429e-01
1.375500000000000000e+04 9.136709638301888647e-01
1.376000000000000000e+04 2.421482858849750286e-01
1.376500000000000000e+04 5.627775175644407490e-02
1.377000000000000000e+04 6.970106676993534922e-01
1.377500000000000000e+04 9.625013742485029056e-01
1.378000000000000000e+04 3.525163167612294646e-01
1.378500000000000000e+04 1.472085397278947473e-02
1.379000000000000000e+04 5.923480192329088068e-01
1.379500000000000000e+04 9.899907841297491684e-01
1.380000000000000000e+04 4.619238257630826627e-01
1.380500000000000000e+04 2.526653477047519138e-05
1.381000000000000000e+04 4.712040156278010095e-01
1.381500000000000000e+04 9.966012806084793008e-01
1.382000000000000000e+04 5.816151573415504483e-01
1.382500000000000000e+04 1.218791007980648058e-02
1.383000000000000000e+04 3.579981878957955166e-01
1.383500000000000000e+04 9.625103181626369908e-01
1.384000000000000000e+04 6.938354980769301239e-01
1.384500000000000000e+04 5.265172465497410664e-02
1.385000000000000000e+04 2.525414265438177819e-01
1.385500000000000000e+04 9.174291021477205543e-01
1.386000000000000000e+04 7.900473162770137447e-01
1.386500000000000000e+04 1.149060013746410897e-01
1.387000000000000000e+04 1.556598874099184016e-01
1.387500000000000000e+04 8.407072211377319970e-01
1.388000000000000000e+04 8.823925435476709378e-01
1.388500000000000000e+04 1.990481280491769867e-01
1.389000000000000000e+04 8.336924693626297789e-02
1.389500000000000000e+04 7.446211458013664020e-01
1.390000000000000000e+04 9.400329184117650616e-01
1.390500000000000000e+04 3.026701561195466739e-01
1.391000000000000000e+04 2.983835589815830511e-02
1.391500000000000000e+04 6.437805427740594943e-01
1.392000000000000000e+04 9.821029314408430411e-01
1.392500000000000000e+04 4.093688559884824385e-01
1.393000000000000000e+04 3.176784839779009124e-03
1.393500000000000000e+04 5.230349569313981206e-01
1.394000000000000000e+04 9.986273759763980573e-01
1.394500000000000000e+04 5.302147030123708360e-01
1.395000000000000000e+04 3.388917766479278455e-03
1.395500000000000000e+04 4.102460068604871779e-01
1.396000000000000000e+04 9.774547084670736075e-01
1.396500000000000000e+04 6.430677058568501359e-01
1.397000000000000000e+04 3.169562610946430325e-02
1.397500000000000000e+04 2.990597484557712127e-01
1.398000000000000000e+04 9.448692262236549899e-01
1.398500000000000000e+04 7.469454625059414044e-01
1.399000000000000000e+04 8.304363642206823160e-02
1.399500000000000000e+04 1.959341968199030115e-01
1.400000000000000000e+04 8.755466969939598165e-01
1.400500000000000000e+04 8.463381390136537341e-01
1.401000000000000000e+04 1.592515547152436595e-01
1.401500000000000000e+04 1.150699115472687412e-01
1.402000000000000000e+04 7.898221457371341625e-01
1.402500000000000000e+04 9.129299301740977368e-01
1.403000000000000000e+04 2.548255764027496095e-01
1.403500000000000000e+04 5.007105190091230840e-02
1.404000000000000000e+04 6.931707456355022945e-01
1.404500000000000000e+04 9.687984065808493694e-01
1.405000000000000000e+04 3.581470800074658123e-01
1.405500000000000000e+04 1.202953633809362641e-02
1.406000000000000000e+04 5.748256694790063737e-01
1.406500000000000000e+04 9.946998603323138344e-01
1.407000000000000000e+04 4.781462888783705178e-01
1.407500000000000000e+04 8.382956530972591038e-05
1.408000000000000000e+04 4.635012075041775592e-01
1.408500000000000000e+04 9.875210139227512673e-01
1.409000000000000000e+04 5.907447527401584741e-01
1.409500000000000000e+04 1.584018450236678380e-02
1.410000000000000000e+04 3.475735510001787265e-01
1.410500000000000000e+04 9.669155268852979157e-01
1.411000000000000000e+04 7.012908858530838563e-01
1.411500000000000000e+04 5.603905336393925213e-02
1.412000000000000000e+04 2.398553466351806551e-01
1.412500000000000000e+04 9.062348614985936690e-01
1.413000000000000000e+04 8.059323922960126563e-01
1.413500000000000000e+04 1.231111880183169000e-01
1.414000000000000000e+04 1.509292758729988693e-01
1.414500000000000000e+04 8.319947852656318643e-01
1.415000000000000000e+04 8.816013554211727943e-01
1.415500000000000000e+04 2.096334467366715582e-01
1.416000000000000000e+04 7.526151949719203649e-02
1.416500000000000000e+04 7.399626632435692963e-01
1.417000000000000000e+04 9.500472460016436971e-01
1.417500000000000000e+04 3.087742250361480423e-01
1.418000000000000000e+04 2.648850256743452009e-02
1.418500000000000000e+04 6.260997981520766142e-01
1.419000000000000000e+04 9.850184984424400492e-01
1.419500000000000000e+04 4.259456507659911129e-01
1.420000000000000000e+04 2.239866875584005986e-03
1.420500000000000000e+04 5.170310729342085798e-01
1.421000000000000000e+04 9.925503613249790913e-01
1.421500000000000000e+04 5.375906557171545863e-01
1.422000000000000000e+04 5.343043650916086233e-03
1.422500000000000000e+04 3.976262022685466135e-01
1.423000000000000000e+04 9.832337178257744004e-01
1.423500000000000000e+04 6.534410982243085142e-01
1.424000000000000000e+04 3.416944771769078737e-02
1.424500000000000000e+04 2.869376265174509721e-01
1.425000000000000000e+04 9.325956160610959778e-01
1.425500000000000000e+04 7.617090659280607579e-01
1.426000000000000000e+04 9.097285331602812664e-02
1.426500000000000000e+04 1.904647279315002661e-01
1.427000000000000000e+04 8.705135726985820943e-01
1.427500000000000000e+04 8.464425017659233941e-01
1.428000000000000000e+04 1.677141915061869659e-01
1.428500000000000000e+04 1.052178796879157663e-01
1.429000000000000000e+04 7.836896960043786553e-01
1.429500000000000000e+04 9.259070854813862272e-01
1.430000000000000000e+04 2.617073982767908480e-01
1.430500000000000000e+04 4.635705664841639068e-02
1.431000000000000000e+04 6.763417536554493514e-01
1.431500000000000000e+04 9.698722029002141420e-01
1.432000000000000000e+04 3.742054088771442077e-01
1.432500000000000000e+04 9.790772173973862763e-03
1.433000000000000000e+04 5.701057264008559944e-01
1.433500000000000000e+04 9.923774051498466253e-01
1.434000000000000000e+04 4.843002057324392040e-01
1.434500000000000000e+04 4.055656891724509702e-04
1.435000000000000000e+04 4.487766821692537600e-01
1.435500000000000000e+04 9.936186561954128971e-01
1.436000000000000000e+04 6.037743886474543631e-01
1.436500000000000000e+04 1.762048928057554503e-02
1.437000000000000000e+04 3.366119636007954830e-01
1.437500000000000000e+04 9.544712380917586003e-01
1.438000000000000000e+04 7.142915968120383541e-01
1.438500000000000000e+04 6.317938727936260601e-02
1.439000000000000000e+04 2.331836380768631811e-01
1.439500000000000000e+04 9.047744502466600336e-01
1.440000000000000000e+04 8.078261082715062491e-01
1.440500000000000000e+04 1.296318458459481682e-01
1.441000000000000000e+04 1.396991844239233171e-01
1.441500000000000000e+04 8.239741297659435304e-01
1.442000000000000000e+04 8.965434652430149809e-01
1.442500000000000000e+04 2.173580388481302361e-01
1.443000000000000000e+04 7.134460670109987745e-02
1.443500000000000000e+04 7.249908877459436685e-01
1.444000000000000000e+04 9.496097560111226299e-01
1.444500000000000000e+04 3.235638045799656970e-01
1.445000000000000000e+04 2.264652532873947383e-02
1.445500000000000000e+04 6.220274167501371743e-01
1.446000000000000000e+04 9.868479370097116288e-01
1.446500000000000000e+04 4.315183456971711795e-01
1.447000000000000000e+04 1.153683925481426053e-03
1.447500000000000000e+04 5.005868523283243388e-01
1.448000000000000000e+04 9.980007673538638935e-01
1.448500000000000000e+04 5.527086675727107545e-01
1.449000000000000000e+04 6.497500239752347119e-03
1.449500000000000000e+04 3.882359830971088832e-01
1.450000000000000000e+04 9.717030433944575663e-01
1.450500000000000000e+04 6.643662431157230097e-01
1.451000000000000000e+04 4.006672912505344908e-02
1.451500000000000000e+04 2.786006710498634686e-01
1.452000000000000000e+04 9.342263940529438315e-01
1.452500000000000000e+04 7.661031262739799175e-01
1.453000000000000000e+04 9.587323104918459016e-02
1.453500000000000000e+04 1.783997009848523052e-01
1.454000000000000000e+04 8.605171775892999086e-01
1.454500000000000000e+04 8.622415845416144808e-01
1.455000000000000000e+04 1.761077049222504465e-01
1.455500000000000000e+04 1.010819169486399105e-01
1.456000000000000000e+04 7.714444095047583438e-01
1.456500000000000000e+04 9.246105333867199461e-01
1.457000000000000000e+04 2.746849864044680345e-01
1.457500000000000000e+04 4.069645460069411941e-02
1.458000000000000000e+04 6.721560457886625040e-01
1.458500000000000000e+04 9.758433041984555523e-01
1.459000000000000000e+04 3.798285427216351318e-01
1.459500000000000000e+04 7.622234811373666472e-03
1.460000000000000000e+04 5.526053427572906740e-01
1.460500000000000000e+04 9.964405049404175818e-01
1.461000000000000000e+04 5.007162708232998360e-01
1.461500000000000000e+04 8.408480949558868461e-04
1.462000000000000000e+04 4.411127284783994407e-01
1.462500000000000000e+04 9.841194383203700768e-01
1.463000000000000000e+04 6.126511429526049213e-01
1.463500000000000000e+04 2.195274568887749939e-02
1.464000000000000000e+04 3.262478606942085801e-01
1.464500000000000000e+04 9.584024875801698817e-01
1.465000000000000000e+04 7.216122795995042472e-01
1.465500000000000000e+04 6.683471326609791152e-02
1.466000000000000000e+04 2.209356654093453387e-01
1.466500000000000000e+04 8.930812938470522599e-01
1.467000000000000000e+04 8.234076052824071956e-01
1.467500000000000000e+04 1.383228914720994740e-01
1.468000000000000000e+04 1.351419146345605449e-01
1.468500000000000000e+04 8.150697687639973932e-01
1.469000000000000000e+04 8.952593161933678489e-01
1.469500000000000000e+04 2.282334067840535163e-01
1.470000000000000000e+04 6.380516703348879104e-02
1.470500000000000000e+04 7.199279354123896413e-01
1.471000000000000000e+04 9.593077667073284243e-01
1.471500000000000000e+04 3.297508701420339139e-01
1.472000000000000000e+04 1.974546765672430607e-02
1.472500000000000000e+04 6.043516537466341321e-01
1.473000000000000000e+04 9.891118655693260653e-01
1.473500000000000000e+04 4.483316022673575207e-01
1.474000000000000000e+04 6.424294447606348135e-04
1.474500000000000000e+04 4.945160102452519357e-01
1.475000000000000000e+04 9.915337901795465703e-01
1.475500000000000000e+04 5.598650701603149482e-01
1.476000000000000000e+04 9.120465942314153265e-03
1.476500000000000000e+04 3.756762331528679666e-01
1.477000000000000000e+04 9.769462029890804144e-01
1.477500000000000000e+04 6.746961891826350755e-01
1.478000000000000000e+04 4.281772654486098312e-02
1.478500000000000000e+04 2.668377644717481734e-01
1.479000000000000000e+04 9.214680595751685299e-01
1.479500000000000000e+04 7.805591429365049683e-01
1.480000000000000000e+04 1.043655503760760744e-01
1.480500000000000000e+04 1.730628217685407921e-01
1.481000000000000000e+04 8.552259402367550223e-01
1.481500000000000000e+04 8.619283812003318834e-01
1.482000000000000000e+04 1.848458943771110752e-01
1.482500000000000000e+04 9.180211680754095382e-02
1.483000000000000000e+04 7.648655328466011927e-01
1.483500000000000000e+04 9.372744553172083215e-01
1.484000000000000000e+04 2.817488059553867052e-01
1.484500000000000000e+04 3.735554051608582643e-02
1.485000000000000000e+04 6.553038316683177378e-01
1.485500000000000000e+04 9.762777486351431611e-01
1.486000000000000000e+04 3.961495818265945990e-01
1.486500000000000000e+04 5.860115993801610391e-03
1.487000000000000000e+04 5.477194211965831228e-01
1.487500000000000000e+04 9.937529172208153794e-01
1.488000000000000000e+04 5.066997855651693694e-01
1.488500000000000000e+04 1.798346994062617957e-03
1.489000000000000000e+04 4.264494672947424236e-01
1.489500000000000000e+04 9.896290437062434941e-01
1.490000000000000000e+04 6.257208765878828904e-01
1.490500000000000000e+04 2.403271370428190085e-02
1.491000000000000000e+04 3.155517142553055931e-01
1.491500000000000000e+04 9.454955149257108227e-01
1.492000000000000000e+04 7.343059397038510516e-01
1.492500000000000000e+04 7.459693131036859715e-02
1.493000000000000000e+04 2.143699584675756997e-01
1.493500000000000000e+04 8.912915966621191011e-01
1.494000000000000000e+04 8.249688150903068395e-01
1.494500000000000000e+04 1.451053368451351022e-01
1.495000000000000000e+04 1.244669293633128976e-01
1.495500000000000000e+04 8.065771733765690898e-01
1.496000000000000000e+04 9.098859208835169410e-01
1.496500000000000000e+04 2.362422681067912200e-01
1.497000000000000000e+04 6.018957389255657348e-02
1.497500000000000000e+04 7.048927618773969117e-01
1.498000000000000000e+04 9.582609906141357214e-01
1.498500000000000000e+04 3.448143407509320357e-01
1.499000000000000000e+04 1.642745306883986942e-02
1.499500000000000000e+04 6.000253544483737933e-01
1.500000000000000000e+04 9.905950931686279270e-01
1.500500000000000000e+04 4.537992720878621933e-01
1.501000000000000000e+04 1.407338885355546854e-04
1.501500000000000000e+04 4.781313496237582505e-01
1.502000000000000000e+04 9.963570950480556965e-01
1.502500000000000000e+04 5.750949838841066253e-01
1.503000000000000000e+04 1.060992594433586740e-02
1.503500000000000000e+04 3.664479867038924477e-01
1.504000000000000000e+04 9.649792327370055878e-01
1.504500000000000000e+04 6.853230582551868011e-01
1.505000000000000000e+04 4.937368453935903762e-02
1.505500000000000000e+04 2.585928906474004862e-01
1.506000000000000000e+04 9.226968362116694244e-01
1.506500000000000000e+04 7.847115367051585855e-01
1.507000000000000000e+04 1.095194085020147895e-01
1.507500000000000000e+04 1.615135904929909660e-01
1.508000000000000000e+04 8.447472927676995536e-01
1.508500000000000000e+04 8.774061241272131939e-01
1.509000000000000000e+04 1.936234948595470795e-01
1.509500000000000000e+04 8.790442562586697761e-02
1.510000000000000000e+04 7.525051234045301296e-01
1.510500000000000000e+04 9.354154495512086998e-01
1.511000000000000000e+04 2.949993561066911463e-01
1.511500000000000000e+04 3.225678340234564706e-02
1.512000000000000000e+04 6.507904559792514476e-01
1.512500000000000000e+04 9.819147896074590376e-01
1.513000000000000000e+04 4.017480464678502838e-01
1.513500000000000000e+04 4.211679625639330564e-03
1.514000000000000000e+04 5.302699284506027233e-01
1.514500000000000000e+04 9.971655876591530854e-01
1.515000000000000000e+04 5.232848788253416927e-01
1.515500000000000000e+04 2.614520836017609692e-03
1.516000000000000000e+04 4.188401038292547396e-01
1.516500000000000000e+04 9.797208026392626445e-01
1.517000000000000000e+04 6.343198604698518928e-01
1.517500000000000000e+04 2.903664387427357454e-02
1.518000000000000000e+04 3.052754204765198431e-01
1.518500000000000000e+04 9.489544242258554085e-01
1.519000000000000000e+04 7.414771437403813170e-01
1.519500000000000000e+04 7.850688872158843867e-02
1.520000000000000000e+04 2.025770464091635470e-01
1.520500000000000000e+04 8.791190114911600073e-01
1.521000000000000000e+04 8.402219998982173310e-01
1.521500000000000000e+04 1.542719269487678735e-01
1.522000000000000000e+04 1.200970305708050911e-01
1.522500000000000000e+04 7.974958112148736733e-01
1.523000000000000000e+04 9.081011337813537088e-01
1.523500000000000000e+04 2.473815700240881155e-01
1.524000000000000000e+04 5.323518871306047451e-02
1.524500000000000000e+04 6.994444091500885419e-01
1.525000000000000000e+04 9.676302949900584816e-01
1.525500000000000000e+04 3.510692703413594851e-01
1.526000000000000000e+04 1.397487483387553457e-02
1.526500000000000000e+04 5.823817930002198606e-01
1.527000000000000000e+04 9.922026486328501260e-01
1.527500000000000000e+04 4.708225468157167803e-01
1.528000000000000000e+04 6.286588717771202030e-05
1.528500000000000000e+04 4.720096131550701735e-01
1.529000000000000000e+04 9.895061576896831967e-01
1.529500000000000000e+04 5.820086377812250245e-01
1.530000000000000000e+04 1.389389991783312149e-02
1.530500000000000000e+04 3.539772762954540575e-01
1.531000000000000000e+04 9.696861496054040019e-01
1.531500000000000000e+04 6.955923421401463136e-01
1.532000000000000000e+04 5.239270727525362215e-02
1.532500000000000000e+04 2.472054440231458705e-01
1.533000000000000000e+04 9.094722684734560803e-01
1.533500000000000000e+04 7.988341534315963610e-01
1.534000000000000000e+04 1.185648194137317035e-01
1.534500000000000000e+04 1.563271221004086942e-01
1.535000000000000000e+04 8.392093298184358785e-01
1.535500000000000000e+04 8.766665867371370435e-01
1.536000000000000000e+04 2.026131703335380119e-01
1.536500000000000000e+04 7.921403799474160956e-02
1.537000000000000000e+04 7.454997526820638098e-01
1.537500000000000000e+04 9.477499028569963402e-01
1.538000000000000000e+04 3.022315830865492936e-01
1.538500000000000000e+04 2.929153557272548558e-02
1.539000000000000000e+04 6.339398735094304849e-01
1.539500000000000000e+04 9.817049173735998835e-01
1.540000000000000000e+04 4.183040957613318733e-01
1.540500000000000000e+04 2.936905673085945991e-03
1.541000000000000000e+04 5.252347515877140438e-01
1.541500000000000000e+04 9.941145187182689469e-01
1.542000000000000000e+04 5.290768275243578067e-01
1.542500000000000000e+04 4.200803729247949703e-03
1.543000000000000000e+04 4.042679388345318259e-01
1.543500000000000000e+04 9.846405857656347349e-01
1.544000000000000000e+04 6.474098573028340686e-01
1.544500000000000000e+04 3.141144319777428029e-02
1.545000000000000000e+04 2.948604284420079380e-01
1.545500000000000000e+04 9.356014772132703605e-01
1.546000000000000000e+04 7.538376755932136852e-01
1.546500000000000000e+04 8.688110926958479696e-02
1.547000000000000000e+04 1.961387423923275086e-01
1.547500000000000000e+04 8.770080462887236417e-01
1.548000000000000000e+04 8.414404430530322276e-01
1.548500000000000000e+04 1.612948813530931946e-01
1.549000000000000000e+04 1.099942456535336066e-01
1.549500000000000000e+04 7.885518405717141244e-01
1.550000000000000000e+04 9.223927037248957905e-01
1.550500000000000000e+04 2.556622674809328477e-01
1.551000000000000000e+04 4.992686339194535999e-02
1.551500000000000000e+04 6.843678210287043040e-01
1.552000000000000000e+04 9.659689403902604887e-01
1.552500000000000000e+04 3.663784428934346304e-01
1.553000000000000000e+04 1.119384579472934051e-02
1.553500000000000000e+04 5.778192140172383473e-01
1.554000000000000000e+04 9.933367653213065473e-01
1.554500000000000000e+04 4.761661316371026409e-01
1.555000000000000000e+04 1.400185498594506419e-04
1.555500000000000000e+04 4.557142941856857088e-01
1.556000000000000000e+04 9.936997095188651041e-01
1.556500000000000000e+04 5.973279922419199028e-01
1.557000000000000000e+04 1.571775570688998397e-02
1.557500000000000000e+04 3.449264752629390696e-01
1.558000000000000000e+04 9.572970074344920866e-01
1.558500000000000000e+04 7.058953710634536804e-01
1.559000000000000000e+04 5.959756055231169719e-02
1.559500000000000000e+04 2.390772068694534402e-01
1.560000000000000000e+04 9.103040728514812940e-01
1.560500000000000000e+04 8.027327218327880987e-01
1.561000000000000000e+04 1.239542880365424454e-01
1.561500000000000000e+04 1.453103612960321700e-01
1.562000000000000000e+04 8.282692269432746501e-01
1.562500000000000000e+04 8.918008261090241140e-01
1.563000000000000000e+04 2.117631831604050163e-01
1.563500000000000000e+04 7.556427785265447394e-02
1.564000000000000000e+04 7.330429607236952361e-01
1.564500000000000000e+04 9.453226000722088074e-01
1.565000000000000000e+04 3.157272620410102038e-01
1.565500000000000000e+04 2.476929086387526235e-02
1.566000000000000000e+04 6.291175363752103955e-01
1.566500000000000000e+04 9.870004927256875726e-01
1.567000000000000000e+04 4.238608267927954087e-01
1.567500000000000000e+04 1.804827363406560003e-03
1.568000000000000000e+04 5.078650387197825022e-01
1.568500000000000000e+04 9.968736245754660219e-01
1.569000000000000000e+04 5.458060922865088926e-01
1.569500000000000000e+04 5.401193874343688042e-03
1.570000000000000000e+04 3.967287699411349289e-01
1.570500000000000000e+04 9.743340862784310996e-01
1.571000000000000000e+04 6.557066681313664658e-01
1.571500000000000000e+04 3.707748066448071644e-02
1.572000000000000000e+04 2.846990093132997224e-01
1.572500000000000000e+04 9.385906060116125937e-01
1.573000000000000000e+04 7.608449440340585568e-01
1.573500000000000000e+04 9.103171394336323496e-02
1.574000000000000000e+04 1.848169790532807610e-01
1.574500000000000000e+04 8.643765195319825789e-01
1.575000000000000000e+04 8.563412674332987473e-01
1.575500000000000000e+04 1.709257735527719702e-01
1.576000000000000000e+04 1.058252725321401494e-01
1.576500000000000000e+04 7.793087918860769348e-01
1.577000000000000000e+04 9.201005781392634919e-01
1.577500000000000000e+04 2.670388835297952679e-01
1.578000000000000000e+04 4.357319329078139514e-02
1.578500000000000000e+04 6.785538477541582791e-01
1.579000000000000000e+04 9.749978717728505773e-01
1.579500000000000000e+04 3.726858834018235145e-01
1.580000000000000000e+04 9.188477878178374220e-03
1.580500000000000000e+04 5.602350869075206630e-01
1.581000000000000000e+04 9.942845252242331622e-01
1.581500000000000000e+04 4.933726227609601667e-01
1.582000000000000000e+04 5.023415507619501596e-04
1.582500000000000000e+04 4.495577855385704535e-01
1.583000000000000000e+04 9.864716057295754847e-01
1.583500000000000000e+04 6.039761497703168835e-01
1.584000000000000000e+04 1.965365361984544243e-02
1.584500000000000000e+04 3.325736086986266216e-01
1.585000000000000000e+04 9.614683693420156274e-01
1.585500000000000000e+04 7.160869297737568751e-01
1.586000000000000000e+04 6.287479498357599617e-02
1.586500000000000000e+04 2.280807481393876401e-01
1.587000000000000000e+04 8.966327351997074313e-01
1.587500000000000000e+04 8.164968005797417216e-01
1.588000000000000000e+04 1.335417236135963692e-01
1.588500000000000000e+04 1.402917327378503665e-01
1.589000000000000000e+04 8.224964247530643924e-01
1.589500000000000000e+04 8.906270235153621595e-01
1.590000000000000000e+04 2.209797651253818107e-01
1.590500000000000000e+04 6.747937212652609096e-02
1.591000000000000000e+04 7.256318541720627735e-01
1.591500000000000000e+04 9.573120763129706612e-01
1.592000000000000000e+04 3.231139066790613690e-01
1.592500000000000000e+04 2.218145967590095038e-02
1.593000000000000000e+04 6.122935220726397620e-01
1.593500000000000000e+04 9.861426119379059774e-01
1.594000000000000000e+04 4.406237843912231278e-01
1.594500000000000000e+04 1.027107112672329342e-03
1.595000000000000000e+04 5.026975621114458948e-01
1.595500000000000000e+04 9.934614789831492931e-01
1.596000000000000000e+04 5.513856355615737170e-01
1.596500000000000000e+04 7.608067589412715291e-03
1.597000000000000000e+04 3.822773681545715840e-01
1.597500000000000000e+04 9.786634591182715726e-01
1.598000000000000000e+04 6.687970855122760128e-01
1.598500000000000000e+04 3.974156742369400891e-02
1.599000000000000000e+04 2.745803380875077027e-01
1.599500000000000000e+04 9.248093311810394734e-01
1.600000000000000000e+04 7.728469382936711263e-01
1.600500000000000000e+04 1.000069082674233945e-01
1.601000000000000000e+04 1.785271572452502287e-01
1.601500000000000000e+04 8.619529392584938110e-01
1.602000000000000000e+04 8.572073726661267878e-01
1.602500000000000000e+04 1.781674234927019818e-01
1.603000000000000000e+04 9.631071003237877404e-02
1.603500000000000000e+04 7.699349035878970682e-01
1.604000000000000000e+04 9.340383108566626680e-01
1.604500000000000000e+04 2.755783916577695392e-01
1.605000000000000000e+04 4.057737099918164170e-02
1.605500000000000000e+04 6.634579837883455289e-01
1.606000000000000000e+04 9.727178488208995111e-01
1.606500000000000000e+04 3.882121456046328523e-01
1.607000000000000000e+04 6.956401033747484051e-03
1.607500000000000000e+04 5.554542735585950020e-01
1.608000000000000000e+04 9.950673736534150216e-01
1.608500000000000000e+04 4.985732487865563445e-01
1.609000000000000000e+04 1.151554738410119454e-03
1.609500000000000000e+04 4.333814589510056048e-01
1.610000000000000000e+04 9.900340308821085067e-01
1.610500000000000000e+04 6.193623481525620811e-01
1.611000000000000000e+04 2.181051980784047897e-02
1.611500000000000000e+04 3.237153610933732883e-01
1.612000000000000000e+04 9.486720517385318630e-01
1.612500000000000000e+04 7.260411850251510257e-01
1.613000000000000000e+04 7.071755345354115152e-02
1.613500000000000000e+04 2.200934127235025517e-01
1.614000000000000000e+04 8.970733833825157433e-01
1.614500000000000000e+04 8.201299050136900970e-01
1.615000000000000000e+04 1.391483791473842602e-01
1.615500000000000000e+04 1.298231130101098474e-01
1.616000000000000000e+04 8.111166153632454190e-01
1.616500000000000000e+04 9.053963276489053191e-01
1.617000000000000000e+04 2.304897604230127794e-01
1.617500000000000000e+04 6.408660395995179060e-02
1.618000000000000000e+04 7.130976637916142113e-01
1.618500000000000000e+04 9.543117405613344983e-01
1.619000000000000000e+04 3.368264392792982287e-01
1.619500000000000000e+04 1.824928767844044217e-02
1.620000000000000000e+04 6.071814691374471940e-01
1.620500000000000000e+04 9.910900560874265075e-01
1.621000000000000000e+04 4.461217207461024015e-01
1.621500000000000000e+04 4.065851394538641983e-04
1.622000000000000000e+04 4.854364262310921219e-01
1.622500000000000000e+04 9.955652043463271150e-01
1.623000000000000000e+04 5.682339821781238198e-01
1.623500000000000000e+04 9.195148525193852160e-03
1.624000000000000000e+04 3.748238361370356264e-01
1.624500000000000000e+04 9.679702869694404299e-01
1.625000000000000000e+04 6.767679061513695027e-01
1.625500000000000000e+04 4.605890426628407586e-02
1.626000000000000000e+04 2.645606034424649033e-01
1.626500000000000000e+04 9.273321718369240685e-01
1.627000000000000000e+04 7.796761649526046112e-01
1.627500000000000000e+04 1.043835797877958882e-01
1.628000000000000000e+04 1.676917335765047146e-01
1.628500000000000000e+04 8.488839128157266156e-01
1.629000000000000000e+04 8.717325155023727401e-01
1.629500000000000000e+04 1.882504709440189494e-01
1.630000000000000000e+04 9.235571122851876646e-02
1.630500000000000000e+04 7.605458357216439147e-01
1.631000000000000000e+04 9.312331388667210996e-01
1.631500000000000000e+04 2.871652541453331153e-01
1.632000000000000000e+04 3.483893576843022366e-02
1.632500000000000000e+04 6.572988519786538975e-01
1.633000000000000000e+04 9.813954874714889698e-01
1.633500000000000000e+04 3.945565634667212995e-01
1.634000000000000000e+04 5.396021276113144478e-03
1.634500000000000000e+04 5.379567744990605416e-01
1.635000000000000000e+04 9.953532303672477655e-01
1.635500000000000000e+04 5.159358517122133447e-01
1.636000000000000000e+04 1.959944438186387271e-03
1.636500000000000000e+04 4.272063123699018083e-01
1.637000000000000000e+04 9.824363324473316395e-01
1.637500000000000000e+04 6.257227536348356489e-01
1.638000000000000000e+04 2.638802159966056535e-02
1.638500000000000000e+04 3.115089012489444253e-01
1.639000000000000000e+04 9.523096293487531838e-01
1.639500000000000000e+04 7.361381421274789671e-01
1.640000000000000000e+04 7.424254597120319432e-02
1.640500000000000000e+04 2.095027241796840189e-01
1.641000000000000000e+04 8.829756783679116872e-01
1.641500000000000000e+04 8.335110365419027278e-01
1.642000000000000000e+04 1.492657434716070097e-01
1.642500000000000000e+04 1.249893321787879374e-01
1.643000000000000000e+04 8.051213277035170757e-01
1.643500000000000000e+04 9.037811891673517284e-01
1.644000000000000000e+04 2.399081968987189506e-01
1.644500000000000000e+04 5.662210886878843441e-02
1.645000000000000000e+04 7.053023563298009835e-01
1.645500000000000000e+04 9.659414848041564250e-01
1.646000000000000000e+04 3.443531381729098562e-01
1.646500000000000000e+04 1.603978490034290924e-02
1.647000000000000000e+04 5.904089915254514542e-01
1.647500000000000000e+04 9.895817549665325563e-01
1.648000000000000000e+04 4.630631441375417934e-01
1.648500000000000000e+04 1.346201342091259449e-04
1.649000000000000000e+04 4.801538061909953470e-01
1.649500000000000000e+04 9.917951399649139743e-01
1.650000000000000000e+04 5.735806567003056688e-01
1.650500000000000000e+04 1.201321779703986257e-02
1.651000000000000000e+04 3.605226442524064323e-01
1.651500000000000000e+04 9.717098564237413028e-01
1.652000000000000000e+04 6.898389331945981029e-01
1.652500000000000000e+04 4.900603491701074205e-02
1.653000000000000000e+04 2.547528331913316291e-01
1.653500000000000000e+04 9.131411133039750716e-01
1.654000000000000000e+04 7.912949248980757355e-01
1.654500000000000000e+04 1.139475992542206551e-01
1.655000000000000000e+04 1.615711007395666809e-01
1.655500000000000000e+04 8.461569923764451495e-01
1.656000000000000000e+04 8.722374243146314710e-01
1.656500000000000000e+04 1.956885143039784336e-01
1.657000000000000000e+04 8.344428672102059685e-02
1.657500000000000000e+04 7.507643494411812002e-01
1.658000000000000000e+04 9.447989946101292835e-01
1.658500000000000000e+04 2.959499871158521866e-01
1.659000000000000000e+04 3.216012947779629816e-02
1.659500000000000000e+04 6.422059543210193455e-01
1.660000000000000000e+04 9.784939163555259611e-01
1.660500000000000000e+04 4.102709323427760624e-01
1.661000000000000000e+04 3.723784838666105695e-03
1.661500000000000000e+04 5.329761271866101380e-01
1.662000000000000000e+04 9.957834026374333680e-01
1.662500000000000000e+04 5.209748656799164657e-01
1.663000000000000000e+04 3.173292245823800851e-03
1.663500000000000000e+04 4.111784408720440265e-01
1.664000000000000000e+04 9.853675384173233853e-01
1.664500000000000000e+04 6.411531121000766387e-01
1.665000000000000000e+04 2.887574114553817864e-02
1.665500000000000000e+04 3.028579259921512778e-01
1.666000000000000000e+04 9.391219741554136524e-01
1.666500000000000000e+04 7.457193762268323756e-01
1.667000000000000000e+04 8.271102907570071494e-02
1.667500000000000000e+04 2.016802188846036070e-01
1.668000000000000000e+04 8.830317535848419830e-01
1.668500000000000000e+04 8.368675844671069619e-01
1.669000000000000000e+04 1.550706383374535480e-01
1.669500000000000000e+04 1.150834849187652859e-01
1.670000000000000000e+04 7.933244649366671952e-01
1.670500000000000000e+04 9.181648922232080734e-01
1.671000000000000000e+04 2.497650218340376482e-01
1.671500000000000000e+04 5.349477296744718086e-02
1.672000000000000000e+04 6.927099604721920212e-01
1.672500000000000000e+04 9.623645021126758792e-01
1.673000000000000000e+04 3.582538655269401628e-01
1.673500000000000000e+04 1.271010977927619461e-02
1.674000000000000000e+04 5.850269749002230402e-01
1.674500000000000000e+04 9.941751556894876662e-01
1.675000000000000000e+04 4.684852617845339240e-01
1.675500000000000000e+04 1.980107123616258065e-05
1.676000000000000000e+04 4.630298967457105452e-01
1.676500000000000000e+04 9.932429854995447061e-01
1.677000000000000000e+04 5.905228098201935616e-01
1.677500000000000000e+04 1.398861300988604207e-02
1.678000000000000000e+04 3.531699828117763618e-01
1.678500000000000000e+04 9.606423986973356977e-01
1.679000000000000000e+04 6.974605791473795779e-01
1.679500000000000000e+04 5.596264365250810946e-02
1.680000000000000000e+04 2.449012803419932660e-01
1.680500000000000000e+04 9.152020902667593605e-01
1.681000000000000000e+04 7.979323870897686577e-01
1.681500000000000000e+04 1.185351911863764124e-01
1.682000000000000000e+04 1.512362879489014544e-01
1.682500000000000000e+04 8.326728198415673798e-01
1.683000000000000000e+04 8.863643355251789036e-01
1.683500000000000000e+04 2.062106911711832913e-01
1.684000000000000000e+04 7.971578309838604770e-02
1.684500000000000000e+04 7.412452385223990969e-01
1.685000000000000000e+04 9.414760785155065204e-01
1.685500000000000000e+04 3.077196255946038628e-01
1.686000000000000000e+04 2.705027923904121390e-02
1.686500000000000000e+04 6.357227630686563824e-01
1.687000000000000000e+04 9.868101107583290288e-01
1.687500000000000000e+04 4.166366479989858096e-01
1.688000000000000000e+04 2.605221419149590049e-03
1.688500000000000000e+04 5.155923631543949393e-01
1.689000000000000000e+04 9.954065677160482961e-01
1.689500000000000000e+04 5.384662298234789146e-01
1.690000000000000000e+04 4.432686639523391627e-03
1.690500000000000000e+04 4.050007721105638447e-01
1.691000000000000000e+04 9.774085786421239375e-01
1.691500000000000000e+04 6.472040481780401144e-01
1.692000000000000000e+04 3.408330736812841683e-02
1.692500000000000000e+04 2.908261355649692792e-01
1.693000000000000000e+04 9.422286122678221743e-01
1.693500000000000000e+04 7.557050684227584192e-01
1.694000000000000000e+04 8.647271010499357757e-02
1.694500000000000000e+04 1.915093005206733034e-01
1.695000000000000000e+04 8.685289858361362469e-01
1.695500000000000000e+04 8.498421346951124944e-01
1.696000000000000000e+04 1.657048378224198482e-01
1.696500000000000000e+04 1.104510994395201950e-01
1.697000000000000000e+04 7.871194952489581897e-01
1.697500000000000000e+04 9.161022303616532803e-01
1.698000000000000000e+04 2.593598385245287630e-01
1.698500000000000000e+04 4.666444772623484089e-02
1.699000000000000000e+04 6.845527224904256469e-01
1.699500000000000000e+04 9.736205392228873823e-01
1.700000000000000000e+04 3.659059067243953245e-01
1.700500000000000000e+04 1.087900759681056755e-02
1.701000000000000000e+04 5.683309806531913200e-01
1.701500000000000000e+04 9.920153047238570165e-01
1.702000000000000000e+04 4.855764222924687235e-01
1.702500000000000000e+04 2.612699414947477323e-04
1.703000000000000000e+04 4.576494498331110106e-01
1.703500000000000000e+04 9.891189142980926219e-01
1.704000000000000000e+04 5.956165714658956389e-01
1.704500000000000000e+04 1.740729577021984248e-02
1.705000000000000000e+04 3.390481754789449464e-01
1.705500000000000000e+04 9.637939654398527400e-01
1.706000000000000000e+04 7.104924783667433408e-01
1.706500000000000000e+04 5.918588795675269049e-02
1.707000000000000000e+04 2.354183815403809443e-01
1.707500000000000000e+04 9.006206458350169974e-01
1.708000000000000000e+04 8.091439789609560229e-01
1.708500000000000000e+04 1.286747875726149126e-01
1.709000000000000000e+04 1.453051326528998488e-01
1.709500000000000000e+04 8.296524287259878783e-01
1.710000000000000000e+04 8.864999204854809856e-01
1.710500000000000000e+04 2.138223791664526918e-01
1.711000000000000000e+04 7.142127221699452744e-02
1.711500000000000000e+04 7.310792965153025680e-01
1.712000000000000000e+04 9.546528106487479626e-01
1.712500000000000000e+04 3.167354751341173724e-01
1.713000000000000000e+04 2.469226794454911639e-02
1.713500000000000000e+04 6.206551390932479872e-01
1.714000000000000000e+04 9.832853305151877388e-01
1.714500000000000000e+04 4.325098294583497038e-01
1.715000000000000000e+04 1.502613299753489040e-03
1.715500000000000000e+04 5.104305961785610135e-01
1.716000000000000000e+04 9.954834088623725208e-01
1.716500000000000000e+04 5.433252303343868439e-01
1.717000000000000000e+04 6.201118525836127500e-03
1.717500000000000000e+04 3.891505733297751513e-01
1.718000000000000000e+04 9.797097483707803978e-01
1.718500000000000000e+04 6.626558355192779803e-01
1.719000000000000000e+04 3.689896098775651001e-02
1.719500000000000000e+04 2.823967273988691740e-01
1.720000000000000000e+04 9.286662741633168183e-01
1.720500000000000000e+04 7.648897764042269509e-01
1.721000000000000000e+04 9.555357234462426297e-02
1.721500000000000000e+04 1.838751729662382595e-01
1.722000000000000000e+04 8.682078269512922830e-01
1.722500000000000000e+04 8.529116078500473819e-01
1.723000000000000000e+04 1.716885347460343492e-01
1.723500000000000000e+04 1.011215942640733140e-01
1.724000000000000000e+04 7.749290887392656924e-01
1.724500000000000000e+04 9.300804689857783414e-01
1.725000000000000000e+04 2.695496402712755923e-01
1.725500000000000000e+04 4.381034773487805373e-02
1.726000000000000000e+04 6.719214747377761920e-01
1.726500000000000000e+04 9.694644287580332920e-01
1.727000000000000000e+04 3.799658447938235040e-01
1.727500000000000000e+04 8.163092631293247109e-03
1.728000000000000000e+04 5.626992253009837075e-01
1.728500000000000000e+04 9.962495191784109805e-01
1.729000000000000000e+04 4.909057778634828284e-01
1.729500000000000000e+04 6.452587093270774430e-04
1.730000000000000000e+04 4.406912172209664913e-01
1.730500000000000000e+04 9.899116957701973307e-01
1.731000000000000000e+04 6.126271230869225759e-01
1.731500000000000000e+04 1.977177690152147338e-02
1.732000000000000000e+04 3.318113745449245977e-01
1.732500000000000000e+04 9.523653820839060868e-01
1.733000000000000000e+04 7.177424415942540437e-01
1.733500000000000000e+04 6.676854429458828344e-02
1.734000000000000000e+04 2.257611387839285333e-01
1.734500000000000000e+04 9.022251069268741874e-01
1.735000000000000000e+04 8.155763603490497893e-01
1.735500000000000000e+04 1.334576221180006628e-01
1.736000000000000000e+04 1.354842501588716663e-01
1.736500000000000000e+04 8.157763410533348525e-01
1.737000000000000000e+04 9.002068677793608753e-01
1.737500000000000000e+04 2.247698144901921768e-01
1.738000000000000000e+04 6.793123084603845674e-02
1.738500000000000000e+04 7.214463941592290652e-01
1.739000000000000000e+04 9.508084786406971745e-01
1.739500000000000000e+04 3.286600686907135138e-01
1.740000000000000000e+04 2.022315844079354205e-02
1.740500000000000000e+04 6.138695740573327786e-01
1.741000000000000000e+04 9.912307152519048703e-01
1.741500000000000000e+04 4.388810441551630470e-01
1.742000000000000000e+04 8.217503812652890861e-04
1.742500000000000000e+04 4.931875325992529646e-01
1.743000000000000000e+04 9.944444113673469587e-01
1.743500000000000000e+04 5.609178166183362846e-01
1.744000000000000000e+04 7.915510621069262592e-03
1.744500000000000000e+04 3.829864480242887170e-01
1.745000000000000000e+04 9.713986133328428307e-01
1.745500000000000000e+04 6.683761762679959473e-01
1.746000000000000000e+04 4.272385151020029886e-02
1.746500000000000000e+04 2.705675205680550532e-01
1.747000000000000000e+04 9.312458831921442970e-01
1.747500000000000000e+04 7.747477895780388035e-01
1.748000000000000000e+04 9.954027529990898404e-02
1.748500000000000000e+04 1.741372130754766656e-01
1.749000000000000000e+04 8.533221523856980850e-01
1.749500000000000000e+04 8.654567610554795287e-01
1.750000000000000000e+04 1.828255054211379849e-01
1.750500000000000000e+04 9.670665271816294983e-02
1.751000000000000000e+04 7.685276597338347448e-01
1.751500000000000000e+04 9.275649944162951410e-01
1.752000000000000000e+04 2.792949934627150799e-01
1.752500000000000000e+04 3.762675139650894368e-02
1.753000000000000000e+04 6.634252812299848978e-01
1.753500000000000000e+04 9.803335888164002032e-01
1.754000000000000000e+04 3.877282078730025505e-01
1.754500000000000000e+04 6.709621810704642121e-03
1.755000000000000000e+04 5.461045870306996397e-01
1.755500000000000000e+04 9.934382711054097204e-01
1.756000000000000000e+04 5.081177189665470051e-01
1.756500000000000000e+04 1.406803385173047410e-03
1.757000000000000000e+04 4.352303701964558291e-01
1.757500000000000000e+04 9.854382776652040876e-01
1.758000000000000000e+04 6.174483827280512482e-01
1.758500000000000000e+04 2.377932405945477196e-02
1.759000000000000000e+04 3.178977958077308652e-01
1.759500000000000000e+04 9.549319379499462412e-01
1.760000000000000000e+04 7.307155896432243614e-01
1.760500000000000000e+04 7.026030430475121991e-02
1.761000000000000000e+04 2.166164468994292713e-01
1.761500000000000000e+04 8.872734924024548997e-01
1.762000000000000000e+04 8.263576670646491928e-01
1.762500000000000000e+04 1.441584754437501281e-01
1.763000000000000000e+04 1.297624082704949000e-01
1.763500000000000000e+04 8.124729162207049438e-01
1.764000000000000000e+04 8.999657549629701547e-01
1.764500000000000000e+04 2.325319875271417702e-01
1.765000000000000000e+04 6.026624413275868258e-02
1.765500000000000000e+04 7.109199090511759689e-01
1.766000000000000000e+04 9.635796618357683752e-01
1.766500000000000000e+04 3.378924332230134331e-01
1.767000000000000000e+04 1.818897895937775927e-02
1.767500000000000000e+04 5.988495493552467019e-01
1.768000000000000000e+04 9.870822903916861568e-01
1.768500000000000000e+04 4.548834954415112430e-01
1.769000000000000000e+04 2.974396377541858698e-04
1.769500000000000000e+04 4.878636415653898051e-01
1.770000000000000000e+04 9.941680236869492315e-01
1.770500000000000000e+04 5.655786976094185903e-01
1.771000000000000000e+04 1.022886668581838611e-02
1.771500000000000000e+04 3.673428395729173013e-01
1.772000000000000000e+04 9.730721972706960488e-01
1.772500000000000000e+04 6.838266601192741767e-01
1.773000000000000000e+04 4.586376658958386809e-02
1.773500000000000000e+04 2.623735087099319241e-01
1.774000000000000000e+04 9.173262996109862177e-01
1.774500000000000000e+04 7.835132520165188907e-01
1.775000000000000000e+04 1.092190357524149974e-01
1.775500000000000000e+04 1.667145785069688579e-01
1.776000000000000000e+04 8.526318435519238959e-01
1.776500000000000000e+04 8.682292378526691445e-01
1.777000000000000000e+04 1.889681182792485314e-01
1.777500000000000000e+04 8.796597039924132500e-02
1.778000000000000000e+04 7.559680343276484749e-01
1.778500000000000000e+04 9.411187451054324749e-01
1.779000000000000000e+04 2.898032539919113137e-01
1.779500000000000000e+04 3.505304004251890565e-02
1.780000000000000000e+04 6.507746478183875638e-01
1.780500000000000000e+04 9.755970114646830282e-01
1.781000000000000000e+04 4.019180977149318101e-01
1.781500000000000000e+04 4.617548029860635631e-03
1.782000000000000000e+04 5.402437399718631461e-01
1.782500000000000000e+04 9.973089364099414489e-01
1.783000000000000000e+04 5.133374802806107695e-01
1.783500000000000000e+04 2.281675290606968980e-03
1.784000000000000000e+04 4.184660127592660928e-01
1.784500000000000000e+04 9.855781220121970776e-01
1.785000000000000000e+04 6.345018460573382812e-01
1.785500000000000000e+04 2.653281252440608390e-02
1.786000000000000000e+04 3.107915734181314060e-01
1.786500000000000000e+04 9.431561357423502434e-01
1.787000000000000000e+04 7.375720891817532099e-01
1.787500000000000000e+04 7.845460761787829973e-02
1.788000000000000000e+04 2.071792212585913673e-01
1.788500000000000000e+04 8.884276928117001981e-01
1.789000000000000000e+04 8.325720833048673164e-01
1.789500000000000000e+04 1.491203722560947853e-01
1.790000000000000000e+04 1.204677931544089337e-01
1.790500000000000000e+04 7.982289709738870087e-01
1.791000000000000000e+04 9.132318601411847370e-01
1.791500000000000000e+04 2.438900011138028234e-01
1.792000000000000000e+04 5.702604959581451805e-02
1.792500000000000000e+04 7.011897142076785050e-01
1.793000000000000000e+04 9.592112819014770864e-01
1.793500000000000000e+04 3.499438656337195419e-01
1.794000000000000000e+04 1.437154526914820145e-02
1.794500000000000000e+04 5.917838463930097381e-01
1.795000000000000000e+04 9.946483014004809942e-01
1.795500000000000000e+04 4.612443223107002832e-01
1.796000000000000000e+04 4.922443281283280284e-05
1.796500000000000000e+04 4.707880471955611101e-01
1.797000000000000000e+04 9.924687038651143212e-01
1.797500000000000000e+04 5.832448319046780183e-01
1.798000000000000000e+04 1.240129953634543265e-02
1.798500000000000000e+04 3.612082265456035279e-01
1.799000000000000000e+04 9.644187130326198343e-01
1.799500000000000000e+04 6.891959119760253660e-01
1.800000000000000000e+04 5.229206527141046917e-02
1.800500000000000000e+04 2.507743963296336642e-01
1.801000000000000000e+04 9.193838507011550254e-01
1.801500000000000000e+04 7.932274564173572573e-01
1.802000000000000000e+04 1.134185232466198290e-01
1.802500000000000000e+04 1.574219331887332651e-01
1.803000000000000000e+04 8.373862242724596783e-01
1.803500000000000000e+04 8.803230434072883970e-01
1.804000000000000000e+04 2.005928532061870828e-01
1.804500000000000000e+04 8.378399134537392601e-02
1.805000000000000000e+04 7.493837550363603439e-01
1.805500000000000000e+04 9.381460833278845168e-01
1.806000000000000000e+04 2.996729749353774785e-01
1.806500000000000000e+04 2.952750650561660264e-02
1.807000000000000000e+04 6.419631301325007255e-01
1.807500000000000000e+04 9.860669512403184012e-01
1.808000000000000000e+04 4.097754881643451141e-01
1.808500000000000000e+04 3.540099016660791780e-03
1.809000000000000000e+04 5.237752113199068971e-01
1.809500000000000000e+04 9.938477271374386302e-01
1.810000000000000000e+04 5.306410764028042237e-01
1.810500000000000000e+04 3.568889204854264630e-03
1.811000000000000000e+04 4.129422687035278483e-01
1.811500000000000000e+04 9.807607565247254966e-01
1.812000000000000000e+04 6.390315071635045419e-01
1.812500000000000000e+04 3.111632819099323724e-02
1.813000000000000000e+04 2.971146809981745629e-01
1.813500000000000000e+04 9.451418514651122038e-01
1.814000000000000000e+04 7.504670094379254364e-01
1.814500000000000000e+04 8.220663809765711705e-02
1.815000000000000000e+04 1.983854014800948140e-01
1.815500000000000000e+04 8.731269062565119032e-01
1.816000000000000000e+04 8.429008526121237743e-01
1.816500000000000000e+04 1.603671225958249735e-01
1.817000000000000000e+04 1.149746046044872738e-01
1.817500000000000000e+04 7.946535020149250172e-01
1.818000000000000000e+04 9.126074491269644540e-01
1.818500000000000000e+04 2.517791349214024699e-01
1.819000000000000000e+04 5.000201040969989158e-02
1.819500000000000000e+04 6.903273211569052048e-01
1.820000000000000000e+04 9.715613395758085913e-01
1.820500000000000000e+04 3.593776784782479194e-01
1.821000000000000000e+04 1.266348761558093103e-02
1.821500000000000000e+04 5.768337127569362899e-01
1.822000000000000000e+04 9.898770252329436303e-01
1.822500000000000000e+04 4.773463088118897746e-01
1.823000000000000000e+04 1.107444779314064009e-04
1.823500000000000000e+04 4.653212700696987003e-01
1.824000000000000000e+04 9.918399525840437825e-01
1.824500000000000000e+04 5.876898214395425146e-01
1.825000000000000000e+04 1.524832811250835876e-02
1.825500000000000000e+04 3.457997753153294607e-01
1.826000000000000000e+04 9.654684217571470883e-01
1.826500000000000000e+04 7.046224057137436825e-01
1.827000000000000000e+04 5.575182478055996926e-02
1.827500000000000000e+04 2.428291183866140013e-01
1.828000000000000000e+04 9.051252008835164453e-01
1.828500000000000000e+04 8.015517863052389336e-01
1.829000000000000000e+04 1.236795892821098003e-01
1.829500000000000000e+04 1.502334232164836691e-01
1.830000000000000000e+04 8.363355796732832026e-01
1.830500000000000000e+04 8.827892193246592578e-01
1.831000000000000000e+04 2.068740891301413809e-01
1.831500000000000000e+04 7.564349724456123636e-02
1.832000000000000000e+04 7.364800086081988439e-01
1.832500000000000000e+04 9.512571964231436583e-01
1.833000000000000000e+04 3.104845473273580292e-01
1.833500000000000000e+04 2.724066859971821866e-02
1.834000000000000000e+04 6.293126515514516628e-01
1.834500000000000000e+04 9.807497178183254283e-01
1.835000000000000000e+04 4.240658544379737882e-01
1.835500000000000000e+04 2.080744219573488988e-03
1.836000000000000000e+04 5.177062969291693628e-01
1.836500000000000000e+04 9.973512686442574937e-01
1.837000000000000000e+04 5.357345550163844505e-01
1.837500000000000000e+04 4.925704794227350920e-03
1.838000000000000000e+04 3.963996769592613711e-01
1.838500000000000000e+04 9.802510935376594903e-01
1.839000000000000000e+04 6.561023682583545513e-01
1.839500000000000000e+04 3.425789918959864372e-02
1.840000000000000000e+04 2.901534502860488862e-01
1.840500000000000000e+04 9.330334631751968644e-01
1.841000000000000000e+04 7.569090412740036022e-01
1.841500000000000000e+04 9.099703868303564425e-02
1.842000000000000000e+04 1.891934351775673151e-01
1.842500000000000000e+04 8.738379933267969024e-01
1.843000000000000000e+04 8.488848788706729875e-01
1.843500000000000000e+04 1.654914284881220110e-01
1.844000000000000000e+04 1.062175910291544845e-01
1.844500000000000000e+04 7.800665305421164986e-01
1.845000000000000000e+04 9.254127277133675777e-01
1.845500000000000000e+04 2.635322641211618189e-01
1.846000000000000000e+04 4.702244025496455510e-02
1.846500000000000000e+04 6.805165386881475431e-01
1.847000000000000000e+04 9.666673300365299371e-01
1.847500000000000000e+04 3.715275952010093086e-01
1.848000000000000000e+04 9.507421786240099343e-03
1.848500000000000000e+04 5.695106231878862557e-01
1.849000000000000000e+04 9.970559161443015572e-01
1.849500000000000000e+04 4.836808150618698843e-01
1.850000000000000000e+04 2.891970423489814072e-04
1.850500000000000000e+04 4.484396663173415565e-01
1.851000000000000000e+04 9.894834558145098047e-01
1.851500000000000000e+04 6.054017522328567491e-01
1.852000000000000000e+04 1.788089028814760298e-02
1.852500000000000000e+04 3.397105062744655291e-01
1.853000000000000000e+04 9.564831348903236607e-01
1.853500000000000000e+04 7.096207444876746484e-01
1.854000000000000000e+04 6.276846592781150369e-02
1.854500000000000000e+04 2.314871529450823195e-01
1.855000000000000000e+04 9.066667156469822020e-01
1.855500000000000000e+04 8.111063649578369450e-01
1.856000000000000000e+04 1.280790841564181104e-01
1.856500000000000000e+04 1.413975892427683789e-01
1.857000000000000000e+04 8.207537406159294280e-01
1.857500000000000000e+04 8.944106374279890970e-01
1.858000000000000000e+04 2.189706727549949883e-01
1.858500000000000000e+04 7.170943929052742138e-02
1.859000000000000000e+04 7.297268380092903906e-01
1.859500000000000000e+04 9.478239010474951431e-01
1.860000000000000000e+04 3.204521874030432649e-01
1.860500000000000000e+04 2.238328637571823654e-02
1.861000000000000000e+04 6.202100481342320837e-01
1.861500000000000000e+04 9.908089411565923488e-01
1.862000000000000000e+04 4.320027378863810497e-01
1.862500000000000000e+04 1.376870666517721747e-03
1.863000000000000000e+04 5.013884609227313716e-01
1.863500000000000000e+04 9.932428167788998064e-01
1.864000000000000000e+04 5.531005744030615956e-01
1.864500000000000000e+04 6.743122578297238053e-03
1.865000000000000000e+04 3.908305803858759253e-01
1.865500000000000000e+04 9.750959134706422837e-01
1.866000000000000000e+04 6.603218708609527310e-01
1.866500000000000000e+04 3.940336197936035456e-02
1.867000000000000000e+04 2.767412636723444175e-01
1.867500000000000000e+04 9.344436744694990526e-01
1.868000000000000000e+04 7.697064437657409330e-01
1.868500000000000000e+04 9.500046419097664396e-02
1.869000000000000000e+04 1.807624502263518174e-01
1.869500000000000000e+04 8.582097695314476749e-01
1.870000000000000000e+04 8.587397663969063011e-01
1.870500000000000000e+04 1.772677096926454365e-01
1.871000000000000000e+04 1.009718561729044534e-01
1.871500000000000000e+04 7.762305411693711799e-01
1.872000000000000000e+04 9.243992070168081110e-01
1.872500000000000000e+04 2.715245196375045689e-01
1.873000000000000000e+04 4.064956028452276771e-02
1.873500000000000000e+04 6.693435575988929687e-01
1.874000000000000000e+04 9.785815621984813584e-01
1.874500000000000000e+04 3.811473639201132246e-01
1.875000000000000000e+04 8.127022842877267353e-03
1.875500000000000000e+04 5.546525861470821273e-01
1.876000000000000000e+04 9.916638104844501811e-01
1.876500000000000000e+04 4.998524665599344829e-01
1.877000000000000000e+04 9.429307617264661096e-04
1.877500000000000000e+04 4.428494310818302249e-01
1.878000000000000000e+04 9.885039690790915490e-01
1.878500000000000000e+04 6.096134453528192498e-01
1.879000000000000000e+04 2.124927027445989991e-02
1.879500000000000000e+04 3.245653737203941236e-01
1.880000000000000000e+04 9.569139307335939870e-01
1.880500000000000000e+04 7.250006571960170287e-01
1.881000000000000000e+04 6.654292198406529246e-02
1.881500000000000000e+04 2.238034297903968295e-01
1.882000000000000000e+04 8.920878872850847019e-01
1.882500000000000000e+04 8.189685577355583224e-01
1.883000000000000000e+04 1.389057793695155363e-01
1.883500000000000000e+04 1.344653103731941746e-01
1.884000000000000000e+04 8.193522765964882382e-01
1.884500000000000000e+04 8.965618418106195975e-01
1.885000000000000000e+04 2.253698667521339127e-01
1.885500000000000000e+04 6.417935922705199359e-02
1.886000000000000000e+04 7.165047887835127582e-01
1.886500000000000000e+04 9.604751323890665660e-01
1.887000000000000000e+04 3.315513353169476374e-01
1.887500000000000000e+04 2.038912338492539222e-02
1.888000000000000000e+04 6.075793019429571729e-01
1.888500000000000000e+04 9.849120185694515417e-01
1.889000000000000000e+04 4.463639458858956188e-01
1.889500000000000000e+04 5.578916997514883364e-04
1.890000000000000000e+04 4.951328428454420116e-01
1.890500000000000000e+04 9.963764515258616283e-01
1.891000000000000000e+04 5.580512571448530412e-01
1.891500000000000000e+04 8.571944890954865184e-03
1.892000000000000000e+04 3.745372828619329408e-01
1.892500000000000000e+04 9.739414624222341166e-01
1.893000000000000000e+04 6.773846391541490375e-01
1.893500000000000000e+04 4.293125026457535881e-02
1.894000000000000000e+04 2.699390896377371618e-01
1.894500000000000000e+04 9.220180357031253493e-01
1.895000000000000000e+04 7.757138224893435074e-01
1.895500000000000000e+04 1.043702948521938456e-01
1.896000000000000000e+04 1.718404676156045086e-01
1.896500000000000000e+04 8.584857752451323654e-01
1.897000000000000000e+04 8.644814641165645686e-01
1.897500000000000000e+04 1.825373362603561755e-01
1.898000000000000000e+04 9.276275520368790217e-02
1.898500000000000000e+04 7.613260990647002791e-01
1.899000000000000000e+04 9.367246072304105109e-01
1.899500000000000000e+04 2.836565542169151577e-01
1.900000000000000000e+04 3.794076541441691180e-02
1.900500000000000000e+04 6.594690551824388125e-01
1.901000000000000000e+04 9.731614005062596551e-01
1.901500000000000000e+04 3.933672181165232540e-01
1.902000000000000000e+04 5.640756305919246774e-03
1.902500000000000000e+04 5.470953248541448044e-01
1.903000000000000000e+04 9.984486659071065695e-01
1.903500000000000000e+04 5.061447074617034803e-01
1.904000000000000000e+04 1.541155424456055805e-03
1.904500000000000000e+04 4.261880400302054950e-01
1.905000000000000000e+04 9.854947409908590972e-01
1.905500000000000000e+04 6.273434021614123779e-01
1.906000000000000000e+04 2.434309353881901686e-02
1.906500000000000000e+04 3.185371145391609482e-01
1.907000000000000000e+04 9.476080872288981105e-01
1.907500000000000000e+04 7.296089709206855511e-01
1.908000000000000000e+04 7.413171360977484359e-02
1.908500000000000000e+04 2.127451520866344148e-01
1.909000000000000000e+04 8.931204207776067827e-01
1.909500000000000000e+04 8.283480352996840379e-01
1.910000000000000000e+04 1.434919923246519846e-01
1.910500000000000000e+04 1.260968982322842602e-01
1.911000000000000000e+04 8.034586598845543381e-01
1.911500000000000000e+04 9.076907869382204730e-01
1.912000000000000000e+04 2.379215107097304716e-01
1.912500000000000000e+04 6.050758671305724035e-02
1.913000000000000000e+04 7.095970177887446217e-01
1.913500000000000000e+04 9.565786984108247681e-01
1.914000000000000000e+04 3.415902187161765080e-01
1.914500000000000000e+04 1.620871552618065314e-02
1.915000000000000000e+04 5.982104090439676058e-01
1.915500000000000000e+04 9.945498930280320948e-01
1.916000000000000000e+04 4.543645754006671034e-01
1.916500000000000000e+04 2.243144965191895947e-04
1.917000000000000000e+04 4.789900571659595485e-01
1.917500000000000000e+04 9.916247515977124616e-01
1.918000000000000000e+04 5.754504174291601437e-01
1.918500000000000000e+04 1.092303457929700260e-02
1.919000000000000000e+04 3.689403799699336184e-01
1.919500000000000000e+04 9.684553296219882146e-01
1.920000000000000000e+04 6.812759986034689907e-01
1.920500000000000000e+04 4.862354051322769627e-02
1.921000000000000000e+04 2.568191403939781292e-01
1.921500000000000000e+04 9.228592321404833765e-01
1.922000000000000000e+04 7.883946457806288999e-01
1.922500000000000000e+04 1.086156296488768186e-01
1.923000000000000000e+04 1.637835586682858113e-01
1.923500000000000000e+04 8.425525348900113620e-01
1.924000000000000000e+04 8.738420777446785914e-01
1.924500000000000000e+04 1.948258006933246134e-01
1.925000000000000000e+04 8.778269674772264108e-02
1.925500000000000000e+04 7.572416162921111749e-01
1.926000000000000000e+04 9.353169669085975579e-01
1.926500000000000000e+04 2.917278206349737668e-01
1.927000000000000000e+04 3.222802363600577730e-02
1.927500000000000000e+04 6.480114409976588385e-01
1.928000000000000000e+04 9.846260076241696302e-01
1.928500000000000000e+04 4.031570648948307745e-01
1.929000000000000000e+04 4.588795456159634918e-03
1.929500000000000000e+04 5.323514647941448574e-01
1.930000000000000000e+04 9.924389814203518068e-01
1.930500000000000000e+04 5.223560767815927930e-01
1.931000000000000000e+04 2.792322895489723466e-03
1.931500000000000000e+04 4.204939294567303643e-01
1.932000000000000000e+04 9.841669037217048999e-01
1.932500000000000000e+04 6.313047914273777206e-01
1.933000000000000000e+04 2.821945730179827028e-02
1.933500000000000000e+04 3.036830009577557998e-01
1.934000000000000000e+04 9.474261670696630944e-01
1.934500000000000000e+04 7.449198477040621658e-01
1.935000000000000000e+04 7.821500377964343831e-02
1.935500000000000000e+04 2.053352526894561825e-01
1.936000000000000000e+04 8.782409783380522583e-01
1.936500000000000000e+04 8.357280145573521279e-01
1.937000000000000000e+04 1.548665906854517771e-01
1.937500000000000000e+04 1.194423912799754406e-01
1.938000000000000000e+04 8.017165786291201579e-01
1.938500000000000000e+04 9.095190038196528937e-01
1.939000000000000000e+04 2.444176647656195189e-01
1.939500000000000000e+04 5.359699193325340866e-02
1.940000000000000000e+04 6.960831454897767889e-01
1.940500000000000000e+04 9.687537389814817601e-01
1.941000000000000000e+04 3.529606439382469985e-01
1.941500000000000000e+04 1.451233443179556631e-02
1.942000000000000000e+04 5.856189622004003281e-01
1.942500000000000000e+04 9.880754085070522219e-01
1.943000000000000000e+04 4.687668921471240813e-01
1.943500000000000000e+04 5.213260119624708383e-05
1.944000000000000000e+04 4.725694036172957135e-01
1.944500000000000000e+04 9.943864968654253511e-01
1.945000000000000000e+04 5.802420096428416718e-01
1.945500000000000000e+04 1.321294728100534319e-02
1.946000000000000000e+04 3.529234920576088119e-01
1.946500000000000000e+04 9.666620862974902861e-01
1.947000000000000000e+04 6.983052599064041299e-01
1.947500000000000000e+04 5.253514391845037074e-02
1.948000000000000000e+04 2.501897081442774895e-01
1.948500000000000000e+04 9.101323455294366704e-01
1.949000000000000000e+04 7.939480413255506352e-01
1.949500000000000000e+04 1.185471357205606785e-01
1.950000000000000000e+04 1.551557174166885988e-01
1.950500000000000000e+04 8.424023581088470047e-01
1.951000000000000000e+04 8.793300151730599756e-01
1.951500000000000000e+04 2.002232634525028532e-01
1.952000000000000000e+04 8.013077245890568023e-02
1.952500000000000000e+04 7.420459371935218540e-01
1.953000000000000000e+04 9.471444081603621612e-01
1.953500000000000000e+04 3.042218407967756111e-01
1.954000000000000000e+04 2.979950427983213759e-02
1.954500000000000000e+04 6.380902153991186987e-01
1.955000000000000000e+04 9.786802365033041573e-01
1.955500000000000000e+04 4.154181733340236993e-01
1.956000000000000000e+04 2.779481931368348643e-03
1.956500000000000000e+04 5.245836625569385570e-01
1.957000000000000000e+04 9.988237259387453548e-01
1.957500000000000000e+04 5.285901269781287937e-01
1.958000000000000000e+04 3.802521725766272280e-03
1.958500000000000000e+04 4.040786208655193223e-01
1.959000000000000000e+04 9.805106779742124301e-01
1.959500000000000000e+04 6.490250424360924919e-01
1.960000000000000000e+04 3.177471615101793573e-02
1.960500000000000000e+04 2.977312159344877029e-01
1.961000000000000000e+04 9.378116986496579655e-01
1.961500000000000000e+04 7.491197790593226991e-01
1.962000000000000000e+04 8.635865862140189309e-02
1.962500000000000000e+04 1.945866487865734462e-01
1.963000000000000000e+04 8.787725981329402858e-01
1.963500000000000000e+04 8.449172891169641764e-01
1.964000000000000000e+04 1.596257449974863574e-01
1.964500000000000000e+04 1.115510999840017975e-01
1.965000000000000000e+04 7.855362892881816439e-01
1.965500000000000000e+04 9.201363837531016943e-01
1.966000000000000000e+04 2.574067424311474728e-01
1.966500000000000000e+04 5.020124304279263011e-02
1.967000000000000000e+04 6.890353656409970995e-01
1.967500000000000000e+04 9.643926104067861438e-01
1.968000000000000000e+04 3.630439214040648288e-01
1.968500000000000000e+04 1.101644057789420705e-02
1.969000000000000000e+04 5.760090956798749051e-01
1.969500000000000000e+04 9.972821818674381111e-01
1.970000000000000000e+04 4.768153512849281350e-01
1.970500000000000000e+04 8.474600540548659646e-05
1.971000000000000000e+04 4.566257475941851163e-01
1.971500000000000000e+04 9.889968118254600649e-01
1.972000000000000000e+04 5.976450364355512246e-01
1.972500000000000000e+04 1.610010438637593175e-02
1.973000000000000000e+04 3.473162836498410733e-01
1.973500000000000000e+04 9.608525786844144267e-01
1.974000000000000000e+04 7.018510981524423986e-01
1.974500000000000000e+04 5.875807409069650628e-02
1.975000000000000000e+04 2.373889866167673834e-01
1.975500000000000000e+04 9.104121558541107273e-01
1.976000000000000000e+04 8.064934913669242755e-01
1.976500000000000000e+04 1.230243091407682010e-01
1.977000000000000000e+04 1.474833771795999449e-01
1.977500000000000000e+04 8.261871683709128833e-01
1.978000000000000000e+04 8.881769598217099659e-01
1.978500000000000000e+04 2.130056203376701207e-01
1.979000000000000000e+04 7.543400132766901744e-02
1.979500000000000000e+04 7.377254637135863824e-01
1.980000000000000000e+04 9.453384524088989105e-01
1.980500000000000000e+04 3.123477790149967737e-01
1.981000000000000000e+04 2.475463240884788474e-02
1.981500000000000000e+04 6.263745024551952145e-01
1.982000000000000000e+04 9.896823424438184746e-01
1.982500000000000000e+04 4.253618700252740914e-01
1.983000000000000000e+04 2.055979360464803285e-03
1.983500000000000000e+04 5.099758856548491925e-01
1.984000000000000000e+04 9.922009410938477103e-01
1.984500000000000000e+04 5.448112521363905891e-01
1.985000000000000000e+04 5.655169975435383328e-03
1.985500000000000000e+04 3.983003333280090152e-01
1.986000000000000000e+04 9.788376297645652313e-01
1.986500000000000000e+04 6.527195569289250265e-01
1.987000000000000000e+04 3.614467416555590396e-02
1.987500000000000000e+04 2.831953094613969268e-01
1.988000000000000000e+04 9.370244752121673626e-01
1.988500000000000000e+04 7.643393491258434480e-01
1.989000000000000000e+04 9.074421830198076133e-02
1.989500000000000000e+04 1.874622552164449951e-01
1.990000000000000000e+04 8.636127463354834610e-01
1.990500000000000000e+04 8.517959455859936968e-01
1.991000000000000000e+04 1.715295082967480123e-01
1.991500000000000000e+04 1.051952944358131997e-01
1.992000000000000000e+04 7.834644646530661838e-01
1.992500000000000000e+04 9.216342687953802404e-01
1.993000000000000000e+04 2.639785728586715452e-01
1.993500000000000000e+04 4.391803129877834555e-02
1.994000000000000000e+04 6.752567629326790000e-01
1.994500000000000000e+04 9.760761166896406715e-01
1.995000000000000000e+04 3.746688028725403963e-01
1.995500000000000000e+04 9.622241998910992244e-03
1.996000000000000000e+04 5.634764563973554408e-01
1.996500000000000000e+04 9.902334228551913364e-01
1.997000000000000000e+04 4.912289945307377614e-01
1.997500000000000000e+04 5.645341118439725593e-04
1.998000000000000000e+04 4.500619809374681313e-01
1.998500000000000000e+04 9.913854876310096431e-01
1.999000000000000000e+04 6.022614938719186295e-01
1.999500000000000000e+04 1.883923386533633074e-02
2.000000000000000000e+04 3.316024530194988662e-01
