0.000000000000000000e+00 0.000000000000000000e+00
5.000000000000000000e+00 1.714036105131844722e-06
1.000000000000000000e+01 5.748422171928688565e-06
1.500000000000000000e+01 -9.057033204863414161e-06
2.000000000000000000e+01 4.839596374813819072e-06
2.500000000000000000e+01 3.233276965081784468e-05
3.000000000000000000e+01 -1.551112605591875948e-05
3.500000000000000000e+01 -3.447822326346618394e-05
4.000000000000000000e+01 2.122502558142416319e-05
4.500000000000000000e+01 3.982932447576867640e-05
5.000000000000000000e+01 -1.408797520183561471e-05
5.500000000000000000e+01 -3.914644237760233784e-05
6.000000000000000000e+01 3.081420381147878881e-05
6.500000000000000000e+01 3.547562987144285349e-05
7.000000000000000000e+01 -3.982747299975252804e-05
7.500000000000000000e+01 -2.112500746958537691e-05
8.000000000000000000e+01 4.206783259560417123e-05
8.500000000000000000e+01 2.824237953682239561e-05
9.000000000000000000e+01 -3.550220567222182752e-05
9.500000000000000000e+01 -2.279997967282515258e-05
1.000000000000000000e+02 3.687621192993008432e-05
1.050000000000000000e+02 9.368058132140014008e-06
1.100000000000000000e+02 -1.897920001076515805e-05
1.150000000000000000e+02 5.172327387454108701e-06
1.200000000000000000e+02 1.268748722937415332e-05
1.250000000000000000e+02 1.211226638103974361e-06
1.300000000000000000e+02 -8.939899510549445573e-06
1.350000000000000000e+02 3.958247892697789283e-06
1.400000000000000000e+02 1.222567269826318453e-06
1.450000000000000000e+02 1.676851065641667939e-06
1.500000000000000000e+02 2.565377922585792775e-05
1.550000000000000000e+02 -8.106148707194578673e-06
1.600000000000000000e+02 -3.062011664961696256e-05
1.650000000000000000e+02 1.414600535803948181e-05
1.700000000000000000e+02 3.479768235097243647e-05
1.750000000000000000e+02 -7.451298896141124521e-06
1.800000000000000000e+02 -3.589485085167871026e-05
1.850000000000000000e+02 2.522857607626089566e-05
1.900000000000000000e+02 3.871892038276464885e-05
1.950000000000000000e+02 -3.790333902517154251e-05
2.000000000000000000e+02 -2.771537442070410860e-05
2.050000000000000000e+02 4.143766117951352686e-05
2.100000000000000000e+02 3.432454106992119278e-05
2.150000000000000000e+02 -3.387437365724075650e-05
2.200000000000000000e+02 -2.921244320343727922e-05
2.250000000000000000e+02 3.918393737227198040e-05
2.300000000000000000e+02 1.490051022594002788e-05
2.350000000000000000e+02 -2.782905096684591770e-05
2.400000000000000000e+02 2.209380742509627742e-06
2.450000000000000000e+02 2.305295240479074328e-05
2.500000000000000000e+02 4.698191840195490349e-06
2.550000000000000000e+02 -1.840950142469902301e-05
2.600000000000000000e+02 8.318873377012746654e-08
2.650000000000000000e+02 1.116769709457328849e-05
2.700000000000000000e+02 1.325643647084003274e-07
2.750000000000000000e+02 1.711651968080821657e-05
2.800000000000000000e+02 -1.387349551370235882e-06
2.850000000000000000e+02 -2.403628066456947794e-05
2.900000000000000000e+02 7.864159676753959134e-06
2.950000000000000000e+02 2.734376129244398378e-05
3.000000000000000000e+02 -1.962286496044048227e-06
3.050000000000000000e+02 -3.032279494793109251e-05
3.100000000000000000e+02 1.924078092655590955e-05
3.150000000000000000e+02 4.011180780349539639e-05
3.200000000000000000e+02 -3.357535147104029024e-05
3.250000000000000000e+02 -3.300575998552543911e-05
3.300000000000000000e+02 3.816989099672334854e-05
3.350000000000000000e+02 3.868626240863292428e-05
3.400000000000000000e+02 -3.003395880168496069e-05
3.450000000000000000e+02 -3.410201172809619580e-05
3.500000000000000000e+02 3.931730936294618612e-05
3.550000000000000000e+02 2.098490345104324310e-05
3.600000000000000000e+02 -3.493424336604966494e-05
3.650000000000000000e+02 -2.881173220188567207e-06
3.700000000000000000e+02 3.192349347652336964e-05
3.750000000000000000e+02 1.003819143762629452e-05
3.800000000000000000e+02 -2.598337397044960036e-05
3.850000000000000000e+02 -5.383756040643839706e-06
3.900000000000000000e+02 2.016501479679373842e-05
3.950000000000000000e+02 3.372888129350000749e-07
4.000000000000000000e+02 7.175501006214587116e-06
4.050000000000000000e+02 3.885178639000843432e-06
4.100000000000000000e+02 -1.512719186404816050e-05
4.150000000000000000e+02 3.124468467716230278e-06
4.200000000000000000e+02 1.808511996012394745e-05
4.250000000000000000e+02 1.808438659872233520e-06
4.300000000000000000e+02 -2.285631527307694516e-05
4.350000000000000000e+02 1.337129264116747120e-05
4.400000000000000000e+02 3.932066910964671384e-05
4.450000000000000000e+02 -2.727894679865813652e-05
4.500000000000000000e+02 -3.623394191080125108e-05
4.550000000000000000e+02 3.277530030110095910e-05
4.600000000000000000e+02 4.072308046516770106e-05
4.650000000000000000e+02 -2.461695907153489985e-05
4.700000000000000000e+02 -3.698832543027041751e-05
4.750000000000000000e+02 3.747542179347809093e-05
4.800000000000000000e+02 2.710071692947945484e-05
4.850000000000000000e+02 -3.973372638504401341e-05
4.900000000000000000e+02 -9.574003088464493730e-06
4.950000000000000000e+02 3.855531550706188889e-05
5.000000000000000000e+02 1.658099187819491130e-05
5.050000000000000000e+02 -3.117191001709922979e-05
5.100000000000000000e+02 -1.180571168536567199e-05
5.150000000000000000e+02 2.771933640463219851e-05
5.200000000000000000e+02 2.290655474663760421e-06
5.250000000000000000e+02 -3.556205118435194170e-06
5.300000000000000000e+02 7.081788927874070946e-06
5.350000000000000000e+02 -4.553818892119589035e-06
5.400000000000000000e+02 4.737009368194060881e-07
5.450000000000000000e+02 7.809563009685695738e-06
5.500000000000000000e+02 3.518995817526259524e-06
5.550000000000000000e+02 -1.404567948660046797e-05
5.600000000000000000e+02 8.111838721224740872e-06
5.650000000000000000e+02 3.614977442782724073e-05
5.700000000000000000e+02 -1.965705505259300630e-05
5.750000000000000000e+02 -3.681942298049080322e-05
5.800000000000000000e+02 2.598278368431167188e-05
5.850000000000000000e+02 4.008147576862714325e-05
5.900000000000000000e+02 -1.837696086452243711e-05
5.950000000000000000e+02 -3.758828368911388716e-05
6.000000000000000000e+02 3.396857346022422338e-05
6.050000000000000000e+02 3.268578719655691847e-05
6.100000000000000000e+02 -4.184152662606745578e-05
6.150000000000000000e+02 -1.712549994147650545e-05
6.200000000000000000e+02 4.243587016110332468e-05
6.250000000000000000e+02 2.352452464306863716e-05
6.300000000000000000e+02 -3.374741775914041897e-05
6.350000000000000000e+02 -1.847864365561535679e-05
6.400000000000000000e+02 3.347586710999569059e-05
6.450000000000000000e+02 5.858449915893101808e-06
6.500000000000000000e+02 -1.434689812399416584e-05
6.550000000000000000e+02 7.783903637376687076e-06
6.600000000000000000e+02 6.826232604973664449e-06
6.650000000000000000e+02 2.000392542380164736e-07
6.700000000000000000e+02 -2.618278736090427899e-06
6.750000000000000000e+02 3.077698989480239540e-06
6.800000000000000000e+02 -4.507379382321587275e-06
6.850000000000000000e+02 3.899208810937215127e-06
6.900000000000000000e+02 3.057745599076339322e-05
6.950000000000000000e+02 -1.150796576799431227e-05
7.000000000000000000e+02 -3.443650283661197563e-05
7.050000000000000000e+02 1.865206457386275370e-05
7.100000000000000000e+02 3.669670310829482119e-05
7.150000000000000000e+02 -1.209621540659315737e-05
7.200000000000000000e+02 -3.582544601496082115e-05
7.250000000000000000e+02 2.919220836736964112e-05
7.300000000000000000e+02 3.716917952498964415e-05
7.350000000000000000e+02 -4.109808135522568243e-05
7.400000000000000000e+02 -2.465026601857095388e-05
7.450000000000000000e+02 4.334460483234634052e-05
7.500000000000000000e+02 3.000927722966997623e-05
7.550000000000000000e+02 -3.375353137587025991e-05
7.600000000000000000e+02 -2.470653593258070039e-05
7.650000000000000000e+02 3.722649215632376396e-05
7.700000000000000000e+02 1.077565190124324745e-05
7.750000000000000000e+02 -2.440515605279687246e-05
7.800000000000000000e+02 5.844981505489009993e-06
7.850000000000000000e+02 1.804898904540007767e-05
7.900000000000000000e+02 2.302815204812783477e-06
7.950000000000000000e+02 -1.235404022445348706e-05
8.000000000000000000e+02 6.334625484258202319e-07
8.050000000000000000e+02 5.132818876359997981e-06
8.100000000000000000e+02 1.090250033440431165e-06
8.150000000000000000e+02 2.278247195408098280e-05
8.200000000000000000e+02 -3.710327683801363913e-06
8.250000000000000000e+02 -2.906111304533804586e-05
8.300000000000000000e+02 1.167267727342228753e-05
8.350000000000000000e+02 3.079356308981968021e-05
8.400000000000000000e+02 -6.498129382213723938e-06
8.450000000000000000e+02 -3.181947704505511864e-05
8.500000000000000000e+02 2.360242472167041954e-05
8.550000000000000000e+02 4.001142934838593240e-05
8.600000000000000000e+02 -3.760246892717176135e-05
8.650000000000000000e+02 -3.121726718184557981e-05
8.700000000000000000e+02 4.137752235977302444e-05
8.750000000000000000e+02 3.521995252709267914e-05
8.800000000000000000e+02 -3.148466745641409151e-05
8.850000000000000000e+02 -2.986687272404556955e-05
8.900000000000000000e+02 3.890438491349622362e-05
8.950000000000000000e+02 1.665550388115188997e-05
9.000000000000000000e+02 -3.295216128377020584e-05
9.050000000000000000e+02 1.421702277161909693e-06
9.100000000000000000e+02 2.815084519302379722e-05
9.150000000000000000e+02 6.495398262079756984e-06
9.200000000000000000e+02 -2.066226252636595820e-05
9.250000000000000000e+02 -3.460499223457986888e-06
9.300000000000000000e+02 1.428909700090485336e-05
9.350000000000000000e+02 -6.117223927939766258e-08
9.400000000000000000e+02 1.315328019146487768e-05
9.450000000000000000e+02 2.868412400957638528e-06
9.500000000000000000e+02 -2.098509155142430209e-05
9.550000000000000000e+02 5.862046995726497046e-06
9.600000000000000000e+02 2.285137548651148390e-05
9.650000000000000000e+02 -2.171998273740622848e-06
9.700000000000000000e+02 -2.585872582030598337e-05
9.750000000000000000e+02 1.769196620614870658e-05
9.800000000000000000e+02 4.075174538165062465e-05
9.850000000000000000e+02 -3.172021657718455945e-05
9.900000000000000000e+02 -3.595411703391797244e-05
9.950000000000000000e+02 3.693238866505130615e-05
1.000000000000000000e+03 3.848111600291190650e-05
1.005000000000000000e+03 -2.743921903192035033e-05
1.010000000000000000e+03 -3.346114925157391283e-05
1.015000000000000000e+03 3.857212041274935428e-05
1.020000000000000000e+03 2.300513903209521106e-05
1.025000000000000000e+03 -3.929975563454391374e-05
1.030000000000000000e+03 -5.030678169883600916e-06
1.035000000000000000e+03 3.627835873382231815e-05
1.040000000000000000e+03 1.224112791351689627e-05
1.045000000000000000e+03 -2.698705261187198619e-05
1.050000000000000000e+03 -8.701682600486349838e-06
1.055000000000000000e+03 2.245260796724939421e-05
1.060000000000000000e+03 5.763647913094313754e-07
1.065000000000000000e+03 2.274934837465930033e-06
1.070000000000000000e+03 7.470337729808090009e-06
1.075000000000000000e+03 -1.079451732657249698e-05
1.080000000000000000e+03 1.874440436226682469e-06
1.085000000000000000e+03 1.353996964115588990e-05
1.090000000000000000e+03 4.808142562323257408e-07
1.095000000000000000e+03 -1.836053843306886609e-05
1.100000000000000000e+03 1.196494179822609406e-05
1.105000000000000000e+03 3.905900410104942212e-05
1.110000000000000000e+03 -2.406325797617724470e-05
1.115000000000000000e+03 -3.814760713070232656e-05
1.120000000000000000e+03 3.065746361423866203e-05
1.125000000000000000e+03 3.933372959876446504e-05
1.130000000000000000e+03 -2.225262141286117029e-05
1.135000000000000000e+03 -3.514788542400035476e-05
1.140000000000000000e+03 3.640780090105838978e-05
1.145000000000000000e+03 2.924939566405708092e-05
1.150000000000000000e+03 -4.292545971784687917e-05
1.155000000000000000e+03 -1.279958315365190409e-05
1.160000000000000000e+03 4.178626790729436067e-05
1.165000000000000000e+03 1.881865964103801521e-05
1.170000000000000000e+03 -3.099853980494162846e-05
1.175000000000000000e+03 -1.450246636168450586e-05
1.180000000000000000e+03 2.921465472719287680e-05
1.185000000000000000e+03 2.997217520142198089e-06
1.190000000000000000e+03 -9.108500283924728298e-06
1.195000000000000000e+03 9.539524911539035826e-06
1.200000000000000000e+03 6.873564527861538068e-07
1.205000000000000000e+03 1.303544295348699642e-07
1.210000000000000000e+03 3.637253483885398693e-06
1.215000000000000000e+03 1.273694984261291446e-06
1.220000000000000000e+03 -9.824962069655157433e-06
1.225000000000000000e+03 6.909160726816545587e-06
1.230000000000000000e+03 3.478042919694250833e-05
1.235000000000000000e+03 -1.544067374111687674e-05
1.240000000000000000e+03 -3.732898830195498918e-05
1.245000000000000000e+03 2.337186760951016237e-05
1.250000000000000000e+03 3.758232584265242763e-05
1.255000000000000000e+03 -1.661884019584981316e-05
1.260000000000000000e+03 -3.475756092334410176e-05
1.265000000000000000e+03 3.269110012320566129e-05
1.270000000000000000e+03 3.476452406538533407e-05
1.275000000000000000e+03 -4.353615485359808873e-05
1.280000000000000000e+03 -2.098846338765427382e-05
1.285000000000000000e+03 4.431005551834070558e-05
1.290000000000000000e+03 2.540924444304753309e-05
1.295000000000000000e+03 -3.261195225106404942e-05
1.300000000000000000e+03 -2.025444321095163584e-05
1.305000000000000000e+03 3.427774761407094217e-05
1.310000000000000000e+03 7.050091903148748742e-06
1.315000000000000000e+03 -2.015388739248744234e-05
1.320000000000000000e+03 8.795536428128031899e-06
1.325000000000000000e+03 1.248748008559186168e-05
1.330000000000000000e+03 7.735972712718662812e-07
1.335000000000000000e+03 -6.059669540934006948e-06
1.340000000000000000e+03 2.338057054841588822e-07
1.345000000000000000e+03 -7.882612317676441599e-07
1.350000000000000000e+03 2.966382899426475582e-06
1.355000000000000000e+03 2.797978057633671256e-05
1.360000000000000000e+03 -6.782652474950915243e-06
1.365000000000000000e+03 -3.333418477367500123e-05
1.370000000000000000e+03 1.596858509822229346e-05
1.375000000000000000e+03 3.330734140944085033e-05
1.380000000000000000e+03 -1.121051576492614209e-05
1.385000000000000000e+03 -3.229054884697686340e-05
1.390000000000000000e+03 2.778920414973408911e-05
1.395000000000000000e+03 3.892321825289626506e-05
1.400000000000000000e+03 -4.111255175223919568e-05
1.405000000000000000e+03 -2.861347348693658074e-05
1.410000000000000000e+03 4.380333760553762907e-05
1.415000000000000000e+03 3.119499201661772944e-05
1.420000000000000000e+03 -3.197911043388829806e-05
1.425000000000000000e+03 -2.538584967041571962e-05
1.430000000000000000e+03 3.745839583132606974e-05
1.435000000000000000e+03 1.243640379239127188e-05
1.440000000000000000e+03 -2.999578488197991179e-05
1.445000000000000000e+03 5.276753466726841088e-06
1.450000000000000000e+03 2.359081816273722525e-05
1.455000000000000000e+03 3.660446757016232354e-06
1.460000000000000000e+03 -1.481865043141179901e-05
1.465000000000000000e+03 -2.423039396094651806e-06
1.470000000000000000e+03 8.218158416948018196e-06
1.475000000000000000e+03 5.017804245769596023e-07
1.480000000000000000e+03 1.895688511208585772e-05
1.485000000000000000e+03 9.560854432766651740e-07
1.490000000000000000e+03 -2.633112291277134662e-05
1.495000000000000000e+03 9.312467309130078943e-06
1.500000000000000000e+03 2.684307798810806097e-05
1.505000000000000000e+03 -6.608086239935464930e-06
1.510000000000000000e+03 -2.790035009136599282e-05
1.515000000000000000e+03 2.214039736135756806e-05
1.520000000000000000e+03 4.114998466694599769e-05
1.525000000000000000e+03 -3.592816627348052445e-05
1.530000000000000000e+03 -3.471228910301945344e-05
1.535000000000000000e+03 4.053586778430373600e-05
1.540000000000000000e+03 3.545486256076033543e-05
1.545000000000000000e+03 -2.945462408456950062e-05
1.550000000000000000e+03 -2.940763993462760197e-05
1.555000000000000000e+03 3.868616930184576514e-05
1.560000000000000000e+03 1.871751017556718438e-05
1.565000000000000000e+03 -3.783191282626127239e-05
1.570000000000000000e+03 -6.534946270255098396e-07
1.575000000000000000e+03 3.305495565357789104e-05
1.580000000000000000e+03 8.382281818572263180e-06
1.585000000000000000e+03 -2.204295150668321145e-05
1.590000000000000000e+03 -6.334614870691995670e-06
1.595000000000000000e+03 1.669952555464545446e-05
1.600000000000000000e+03 -2.253126105364673001e-07
1.605000000000000000e+03 8.242241116717383660e-06
1.610000000000000000e+03 6.902795688878142594e-06
1.615000000000000000e+03 -1.680953671015397548e-05
1.620000000000000000e+03 4.144643197093995231e-06
1.625000000000000000e+03 1.872695976398833611e-05
1.630000000000000000e+03 -3.246758033074144290e-06
1.635000000000000000e+03 -2.186578616732625448e-05
1.640000000000000000e+03 1.623325126832900783e-05
1.645000000000000000e+03 4.098283382465614635e-05
1.650000000000000000e+03 -2.853781513472455856e-05
1.655000000000000000e+03 -3.845266357022366846e-05
1.660000000000000000e+03 3.505411531040850641e-05
1.665000000000000000e+03 3.764526684967643938e-05
1.670000000000000000e+03 -2.554183129284368927e-05
1.675000000000000000e+03 -3.194585523465826596e-05
1.680000000000000000e+03 3.800208582217583594e-05
1.685000000000000000e+03 2.533297215090113500e-05
1.690000000000000000e+03 -4.300832493235495400e-05
1.695000000000000000e+03 -8.339603421224265711e-06
1.700000000000000000e+03 4.011608694983196456e-05
1.705000000000000000e+03 1.431930476625661539e-05
1.710000000000000000e+03 -2.732171632224216862e-05
1.715000000000000000e+03 -1.104336836936142297e-05
1.720000000000000000e+03 2.421936051370780779e-05
1.725000000000000000e+03 9.126497961549832703e-07
1.730000000000000000e+03 -3.435715283183061235e-06
1.735000000000000000e+03 1.036977210380240907e-05
1.740000000000000000e+03 -5.532598686001987855e-06
1.745000000000000000e+03 1.003579137894626071e-06
1.750000000000000000e+03 9.629447285525846500e-06
1.755000000000000000e+03 -1.386627650168150143e-06
1.760000000000000000e+03 -1.455699259248383533e-05
1.765000000000000000e+03 1.058011173529279519e-05
1.770000000000000000e+03 3.813399957634784978e-05
1.775000000000000000e+03 -1.973367869920290968e-05
1.780000000000000000e+03 -3.922874021008213692e-05
1.785000000000000000e+03 2.811117705156710483e-05
1.790000000000000000e+03 3.745460125013925958e-05
1.795000000000000000e+03 -2.082599105020839180e-05
1.800000000000000000e+03 -3.275973166933903038e-05
1.805000000000000000e+03 3.555729283934611377e-05
1.810000000000000000e+03 3.163269684148533066e-05
1.815000000000000000e+03 -4.509492666353263619e-05
1.820000000000000000e+03 -1.690148982625007973e-05
1.825000000000000000e+03 4.427209901138620630e-05
1.830000000000000000e+03 2.071882983180279501e-05
1.835000000000000000e+03 -3.045683670726191761e-05
1.840000000000000000e+03 -1.604866356157521036e-05
1.845000000000000000e+03 3.041294345904300980e-05
1.850000000000000000e+03 3.890650027967057476e-06
1.855000000000000000e+03 -1.520903585442017940e-05
1.860000000000000000e+03 1.093984401485022759e-05
1.865000000000000000e+03 6.545222470061791068e-06
1.870000000000000000e+03 1.707708208115753770e-07
1.875000000000000000e+03 2.752559642019518866e-07
1.880000000000000000e+03 -1.107021729891808480e-06
1.885000000000000000e+03 -6.400601325921389532e-06
1.890000000000000000e+03 5.685017414740884953e-06
1.895000000000000000e+03 3.254028838943468470e-05
1.900000000000000000e+03 -1.047066774621613577e-05
1.905000000000000000e+03 -3.673406372866246794e-05
1.910000000000000000e+03 2.057621025196672003e-05
1.915000000000000000e+03 3.482584938779543598e-05
1.920000000000000000e+03 -1.590393058372311708e-05
1.925000000000000000e+03 -3.174608220850105118e-05
1.930000000000000000e+03 3.161041856120161891e-05
1.935000000000000000e+03 3.692433182602599447e-05
1.940000000000000000e+03 -4.394264024926688636e-05
1.945000000000000000e+03 -2.532931521554434797e-05
1.950000000000000000e+03 4.533220662634249306e-05
1.955000000000000000e+03 2.678779149652283961e-05
1.960000000000000000e+03 -3.146503257701550513e-05
1.965000000000000000e+03 -2.085436811833488077e-05
1.970000000000000000e+03 3.499635183603147515e-05
1.975000000000000000e+03 8.517697867987678305e-06
1.980000000000000000e+03 -2.614891884720993195e-05
1.985000000000000000e+03 8.522099186829469207e-06
1.990000000000000000e+03 1.838451049965844782e-05
1.995000000000000000e+03 1.646851118805602010e-06
2.000000000000000000e+03 -8.634053223786664370e-06
2.005000000000000000e+03 -2.321790455744073283e-06
2.010000000000000000e+03 2.151251966064018837e-06
2.015000000000000000e+03 2.007801438463154645e-06
2.020000000000000000e+03 2.439386487177582847e-05
2.025000000000000000e+03 -1.767327496524968369e-06
2.030000000000000000e+03 -3.100218622984570496e-05
2.035000000000000000e+03 1.333471480473276853e-05
2.040000000000000000e+03 2.994690968416025220e-05
2.045000000000000000e+03 -1.131991186753506625e-05
2.050000000000000000e+03 -2.893170387728567192e-05
2.055000000000000000e+03 2.652063220603132748e-05
2.060000000000000000e+03 4.053477616307213615e-05
2.065000000000000000e+03 -3.971447711364344023e-05
2.070000000000000000e+03 -3.259433334055762384e-05
2.075000000000000000e+03 4.342803432506148171e-05
2.080000000000000000e+03 3.178655706558037458e-05
2.085000000000000000e+03 -3.055637521245292172e-05
2.090000000000000000e+03 -2.500820272026153183e-05
2.095000000000000000e+03 3.777492743151295625e-05
2.100000000000000000e+03 1.443371638102841075e-05
2.105000000000000000e+03 -3.535653893746118519e-05
2.110000000000000000e+03 3.369830155660921306e-06
2.115000000000000000e+03 2.897779190730848703e-05
2.120000000000000000e+03 5.160828022921283857e-06
2.125000000000000000e+03 -1.648786399181297255e-05
2.130000000000000000e+03 -4.809470502598364622e-06
2.135000000000000000e+03 1.064524185103409862e-05
2.140000000000000000e+03 -7.341200648219612807e-08
2.145000000000000000e+03 1.414636930882921628e-05
2.150000000000000000e+03 5.406728130409440925e-06
2.155000000000000000e+03 -2.240883011660510345e-05
2.160000000000000000e+03 7.190887439724383330e-06
2.165000000000000000e+03 2.321331558991387132e-05
2.170000000000000000e+03 -7.515882824847658758e-06
2.175000000000000000e+03 -2.445673367734073093e-05
2.180000000000000000e+03 2.073353807823790027e-05
2.185000000000000000e+03 4.188097702625549187e-05
2.190000000000000000e+03 -3.288435150474232447e-05
2.195000000000000000e+03 -3.776343125698426316e-05
2.200000000000000000e+03 3.898695016647629708e-05
2.205000000000000000e+03 3.511102960154436340e-05
2.210000000000000000e+03 -2.809314240605385806e-05
2.215000000000000000e+03 -2.813100443118431710e-05
2.220000000000000000e+03 3.865321405286659525e-05
2.225000000000000000e+03 2.112020168566453875e-05
2.230000000000000000e+03 -4.205671361752048881e-05
2.235000000000000000e+03 -3.941891064023253692e-06
2.240000000000000000e+03 3.746129546803241174e-05
2.245000000000000000e+03 1.021135966641221217e-05
2.250000000000000000e+03 -2.281858541911600634e-05
2.255000000000000000e+03 -8.251225583589198693e-06
2.260000000000000000e+03 1.864448453958292542e-05
2.265000000000000000e+03 -2.987464883724626386e-07
2.270000000000000000e+03 2.483215973708636261e-06
2.275000000000000000e+03 1.024278472105708193e-05
2.280000000000000000e+03 -1.163380892232459517e-05
2.285000000000000000e+03 2.782424725428735934e-06
2.290000000000000000e+03 1.517137093252878163e-05
2.295000000000000000e+03 -4.801052916286667671e-06
2.300000000000000000e+03 -1.855294812720924895e-05
2.305000000000000000e+03 1.475831545216396647e-05
2.310000000000000000e+03 4.054174356179434757e-05
2.315000000000000000e+03 -2.420056300885466437e-05
2.320000000000000000e+03 -4.010477531607667422e-05
2.325000000000000000e+03 3.267321122188605485e-05
2.330000000000000000e+03 3.635236117899370926e-05
2.335000000000000000e+03 -2.453549763590667589e-05
2.340000000000000000e+03 -2.993546377456588750e-05
2.345000000000000000e+03 3.764608846876374627e-05
2.350000000000000000e+03 2.792827444187700420e-05
2.355000000000000000e+03 -4.568443712227922168e-05
2.360000000000000000e+03 -1.257626487188494818e-05
2.365000000000000000e+03 4.320683138042283816e-05
2.370000000000000000e+03 1.613450694145737062e-05
2.375000000000000000e+03 -2.733408465916918392e-05
2.380000000000000000e+03 -1.227024322881260906e-05
2.385000000000000000e+03 2.574198468240433997e-05
2.390000000000000000e+03 1.440555339924019464e-06
2.395000000000000000e+03 -9.730718783032168528e-06
2.400000000000000000e+03 1.218954051214457702e-05
2.405000000000000000e+03 4.137595309917019490e-07
2.410000000000000000e+03 5.165716089794787072e-07
2.415000000000000000e+03 6.450995047424132347e-06
2.420000000000000000e+03 -3.341786066172482575e-06
2.425000000000000000e+03 -1.152142275366966698e-05
2.430000000000000000e+03 9.135972340377926937e-06
2.435000000000000000e+03 3.632007108733025435e-05
2.440000000000000000e+03 -1.461500253829319234e-05
2.445000000000000000e+03 -3.917262374510527268e-05
2.450000000000000000e+03 2.530583577725368521e-05
2.455000000000000000e+03 3.532809282491647948e-05
2.460000000000000000e+03 -2.038221373384229636e-05
2.465000000000000000e+03 -3.023467798657775689e-05
2.470000000000000000e+03 3.488822125548030208e-05
2.475000000000000000e+03 3.412599532405178449e-05
2.480000000000000000e+03 -4.595455273453671679e-05
2.485000000000000000e+03 -2.152510584038919890e-05
2.490000000000000000e+03 4.588266602931445571e-05
2.495000000000000000e+03 2.218838597886142635e-05
2.500000000000000000e+03 -2.992857008358923429e-05
2.505000000000000000e+03 -1.646803497927756387e-05
2.510000000000000000e+03 3.157368095740587790e-05
2.515000000000000000e+03 5.076178692473579499e-06
2.520000000000000000e+03 -2.152911081580876590e-05
2.525000000000000000e+03 1.102097540433204470e-05
2.530000000000000000e+03 1.269788098257412894e-05
2.535000000000000000e+03 5.343055625804236819e-07
2.540000000000000000e+03 -2.302940236857873549e-06
2.545000000000000000e+03 -3.168819529780454100e-06
2.550000000000000000e+03 -3.713105779281516451e-06
2.555000000000000000e+03 4.400373678282284592e-06
2.560000000000000000e+03 2.928576898796977934e-05
2.565000000000000000e+03 -5.184093213294815637e-06
2.570000000000000000e+03 -3.486089794500502195e-05
2.575000000000000000e+03 1.776354906834515148e-05
2.580000000000000000e+03 3.208379204221805753e-05
2.585000000000000000e+03 -1.611531116231990332e-05
2.590000000000000000e+03 -2.894189015450966598e-05
2.595000000000000000e+03 3.063800698487605687e-05
2.600000000000000000e+03 3.896370735617054432e-05
2.605000000000000000e+03 -4.290548798398914431e-05
2.610000000000000000e+03 -2.971919711114469207e-05
2.615000000000000000e+03 4.547741319085255723e-05
2.620000000000000000e+03 2.764234277505011499e-05
2.625000000000000000e+03 -3.067226202951799753e-05
2.630000000000000000e+03 -2.045505648097469917e-05
2.635000000000000000e+03 3.583446281808947900e-05
2.640000000000000000e+03 1.034789335465114884e-05
2.645000000000000000e+03 -3.193802449342234381e-05
2.650000000000000000e+03 6.866670159260513988e-06
2.655000000000000000e+03 2.417226224760833542e-05
2.660000000000000000e+03 2.706598321509516365e-06
2.665000000000000000e+03 -1.049339887633831844e-05
2.670000000000000000e+03 -4.196496031447276673e-06
2.675000000000000000e+03 4.486040888698530283e-06
2.680000000000000000e+03 1.034387717991311050e-06
2.685000000000000000e+03 1.979043895684258321e-05
2.690000000000000000e+03 3.047451579858460532e-06
2.695000000000000000e+03 -2.741812923735106994e-05
2.700000000000000000e+03 1.088754834582379617e-05
2.705000000000000000e+03 2.686892123891591590e-05
2.710000000000000000e+03 -1.215600387289402530e-05
2.715000000000000000e+03 -2.606381037606110386e-05
2.720000000000000000e+03 2.527214907597536445e-05
2.725000000000000000e+03 4.175199109891940589e-05
2.730000000000000000e+03 -3.690969919427369524e-05
2.735000000000000000e+03 -3.614648662474407019e-05
2.740000000000000000e+03 4.228661410888664198e-05
2.745000000000000000e+03 3.185797761794006869e-05
2.750000000000000000e+03 -2.978271983919720533e-05
2.755000000000000000e+03 -2.387451127364688541e-05
2.760000000000000000e+03 3.829841528414334160e-05
2.765000000000000000e+03 1.680472617986454578e-05
2.770000000000000000e+03 -4.007613092980539594e-05
2.775000000000000000e+03 2.009041657263464223e-07
2.780000000000000000e+03 3.389542602498375707e-05
2.785000000000000000e+03 6.662886226622872444e-06
2.790000000000000000e+03 -1.762239455116075697e-05
2.795000000000000000e+03 -6.248015327477662581e-06
2.800000000000000000e+03 1.266631580491884219e-05
2.805000000000000000e+03 -5.760066513388803679e-07
2.810000000000000000e+03 8.450783302210351566e-06
2.815000000000000000e+03 9.165494355401860931e-06
2.820000000000000000e+03 -1.742085316400570675e-05
2.825000000000000000e+03 5.392366062964172687e-06
2.830000000000000000e+03 2.009358547954116653e-05
2.835000000000000000e+03 -8.836259191049821086e-06
2.840000000000000000e+03 -2.169076014792896759e-05
2.845000000000000000e+03 1.926887989205344670e-05
2.850000000000000000e+03 4.194317819466358220e-05
2.855000000000000000e+03 -2.864637322974245069e-05
2.860000000000000000e+03 -3.996507301539760284e-05
2.865000000000000000e+03 3.686631480343190056e-05
2.870000000000000000e+03 3.435164472407713497e-05
2.875000000000000000e+03 -2.758333229162674018e-05
2.880000000000000000e+03 -2.641914559318557786e-05
2.885000000000000000e+03 3.884174183509215097e-05
2.890000000000000000e+03 2.382659315848408677e-05
2.895000000000000000e+03 -4.525094240673198614e-05
2.900000000000000000e+03 -8.207782212237632404e-06
2.905000000000000000e+03 4.112934780330477781e-05
2.910000000000000000e+03 1.184716586862593290e-05
2.915000000000000000e+03 -2.332658459343302517e-05
2.920000000000000000e+03 -9.081698983114073345e-06
2.925000000000000000e+03 2.040523495186614809e-05
2.930000000000000000e+03 -1.861713449653360641e-07
2.935000000000000000e+03 -3.899223040348077616e-06
2.940000000000000000e+03 1.249254588812031240e-05
2.945000000000000000e+03 -5.707984364864293630e-06
2.950000000000000000e+03 1.794380166997325998e-06
2.955000000000000000e+03 1.227409808433508896e-05
2.960000000000000000e+03 -6.386607352582694679e-06
2.965000000000000000e+03 -1.598713639377950831e-05
2.970000000000000000e+03 1.317912896014443666e-05
2.975000000000000000e+03 3.920496475812562106e-05
2.980000000000000000e+03 -1.903679652660958494e-05
2.985000000000000000e+03 -4.059837803512806969e-05
2.990000000000000000e+03 2.996111015562327718e-05
2.995000000000000000e+03 3.483207191653575000e-05
3.000000000000000000e+03 -2.445621092289456183e-05
3.005000000000000000e+03 -2.784152476094208718e-05
3.010000000000000000e+03 3.746459428221796508e-05
3.015000000000000000e+03 3.066910975781789980e-05
3.020000000000000000e+03 -4.704032339505851844e-05
3.025000000000000000e+03 -1.738025540435378350e-05
3.030000000000000000e+03 4.541012335182287692e-05
3.035000000000000000e+03 1.759299785354703134e-05
3.040000000000000000e+03 -2.739485480943831662e-05
3.045000000000000000e+03 -1.241499385781279819e-05
3.050000000000000000e+03 2.728217035931823623e-05
3.055000000000000000e+03 2.268443219601540703e-06
3.060000000000000000e+03 -1.628313664992305613e-05
3.065000000000000000e+03 1.266707067568428303e-05
3.070000000000000000e+03 6.715372934130688265e-06
3.075000000000000000e+03 3.655832285378098902e-07
3.080000000000000000e+03 3.974730356272928241e-06
3.085000000000000000e+03 -4.937361783645976453e-06
3.090000000000000000e+03 -9.184574085479138615e-06
3.095000000000000000e+03 7.586994236543062686e-06
3.100000000000000000e+03 3.347500459677264973e-05
3.105000000000000000e+03 -9.147822532040068787e-06
3.110000000000000000e+03 -3.780084054843097879e-05
3.115000000000000000e+03 2.241594771952103957e-05
3.120000000000000000e+03 3.321187911052311088e-05
3.125000000000000000e+03 -2.079736186517748916e-05
3.130000000000000000e+03 -2.795896557902345102e-05
3.135000000000000000e+03 3.430673866769618261e-05
3.140000000000000000e+03 3.653024960766927518e-05
3.145000000000000000e+03 -4.534901429803925641e-05
3.150000000000000000e+03 -2.623420517060449122e-05
3.155000000000000000e+03 4.658391714450167221e-05
3.160000000000000000e+03 2.320575770047872364e-05
3.165000000000000000e+03 -2.976752042480332054e-05
3.170000000000000000e+03 -1.594471809447254166e-05
3.175000000000000000e+03 3.289979097817657055e-05
3.180000000000000000e+03 6.644844539923999645e-06
3.185000000000000000e+03 -2.767637737051541162e-05
3.190000000000000000e+03 9.686234352113708878e-06
3.195000000000000000e+03 1.879166240692758177e-05
3.200000000000000000e+03 1.117820119677761401e-06
3.205000000000000000e+03 -4.247930447906966916e-06
3.210000000000000000e+03 -4.528477498748546136e-06
3.215000000000000000e+03 -1.578207782964591852e-06
3.220000000000000000e+03 3.061679024695442409e-06
3.225000000000000000e+03 2.498762881352117055e-05
3.230000000000000000e+03 -7.451938595993212989e-08
3.235000000000000000e+03 -3.168563410739021164e-05
3.240000000000000000e+03 1.508168992749121595e-05
3.245000000000000000e+03 2.959573113975488319e-05
3.250000000000000000e+03 -1.698048756068456787e-05
3.255000000000000000e+03 -2.665520732360382583e-05
3.260000000000000000e+03 2.965258512462846065e-05
3.265000000000000000e+03 4.063325752303423749e-05
3.270000000000000000e+03 -4.043145208478116358e-05
3.275000000000000000e+03 -3.370347642968743505e-05
3.280000000000000000e+03 4.480679399909493133e-05
3.285000000000000000e+03 2.804009123121165099e-05
3.290000000000000000e+03 -3.051921471881310693e-05
3.295000000000000000e+03 -1.936322116535160081e-05
3.300000000000000000e+03 3.691288189624859550e-05
3.305000000000000000e+03 1.258255640312081650e-05
3.310000000000000000e+03 -3.711083128864760717e-05
3.315000000000000000e+03 3.907344284256039395e-06
3.320000000000000000e+03 2.952677995341877686e-05
3.325000000000000000e+03 3.818557263566144791e-06
3.330000000000000000e+03 -1.189290737135651515e-05
3.335000000000000000e+03 -5.123051721944959923e-06
3.340000000000000000e+03 6.476165735111279630e-06
3.345000000000000000e+03 1.038957996571989984e-07
3.350000000000000000e+03 1.426781135192240384e-05
3.355000000000000000e+03 7.183350748229283532e-06
3.360000000000000000e+03 -2.271022105501680142e-05
3.365000000000000000e+03 8.724561622719426786e-06
3.370000000000000000e+03 2.425064184521423879e-05
3.375000000000000000e+03 -1.333300329985520711e-05
3.380000000000000000e+03 -2.388149034451239022e-05
3.385000000000000000e+03 2.392258389428316957e-05
3.390000000000000000e+03 4.231603683780496160e-05
3.395000000000000000e+03 -3.287525120839807687e-05
3.400000000000000000e+03 -3.885619617135845641e-05
3.405000000000000000e+03 4.051143350594294722e-05
3.410000000000000000e+03 3.156265831806545277e-05
3.415000000000000000e+03 -2.983001180677038547e-05
3.420000000000000000e+03 -2.237077641819049684e-05
3.425000000000000000e+03 3.906204785447847015e-05
3.430000000000000000e+03 1.951687303781019103e-05
3.435000000000000000e+03 -4.377904434385289871e-05
3.440000000000000000e+03 -3.991458850897212283e-06
3.445000000000000000e+03 3.809321095430222000e-05
3.450000000000000000e+03 8.034670843787014444e-06
3.455000000000000000e+03 -1.855107901309434860e-05
3.460000000000000000e+03 -6.620669554037796597e-06
3.465000000000000000e+03 1.456814504260961981e-05
3.470000000000000000e+03 -9.091960183060497028e-07
3.475000000000000000e+03 2.091923793861014552e-06
3.480000000000000000e+03 1.183509336134358488e-05
3.485000000000000000e+03 -1.162136152928059228e-05
3.490000000000000000e+03 3.949371650047601674e-06
3.495000000000000000e+03 1.756483090283385864e-05
3.500000000000000000e+03 -1.012421590726631201e-05
3.505000000000000000e+03 -1.965962356996606145e-05
3.510000000000000000e+03 1.764988726134105829e-05
3.515000000000000000e+03 4.111493487123241565e-05
3.520000000000000000e+03 -2.354469097582675079e-05
3.525000000000000000e+03 -4.099839427844164481e-05
3.530000000000000000e+03 3.434670406179216338e-05
3.535000000000000000e+03 3.339400653514714448e-05
3.540000000000000000e+03 -2.795115697444877005e-05
3.545000000000000000e+03 -2.468503137959900771e-05
3.550000000000000000e+03 3.920754570967249075e-05
3.555000000000000000e+03 2.671870492593115228e-05
3.560000000000000000e+03 -4.712645628524933251e-05
3.565000000000000000e+03 -1.308622108720520062e-05
3.570000000000000000e+03 4.390864106119472251e-05
3.575000000000000000e+03 1.319637297999923535e-05
3.580000000000000000e+03 -2.392711556251455083e-05
3.585000000000000000e+03 -8.868582905662457928e-06
3.590000000000000000e+03 2.224648115903073660e-05
3.595000000000000000e+03 2.247599247516724936e-07
3.600000000000000000e+03 -1.058136296634144888e-05
3.605000000000000000e+03 1.338867648665370685e-05
3.610000000000000000e+03 6.328168601818937242e-07
3.615000000000000000e+03 1.144870440920344458e-06
3.620000000000000000e+03 1.000119115404460894e-05
3.625000000000000000e+03 -7.562851059367199442e-06
3.630000000000000000e+03 -1.408830808909483580e-05
3.635000000000000000e+03 1.144277136840944922e-05
3.640000000000000000e+03 3.683089439263583122e-05
3.645000000000000000e+03 -1.348919421574925934e-05
3.650000000000000000e+03 -3.975061551500151349e-05
3.655000000000000000e+03 2.709823441254356212e-05
3.660000000000000000e+03 3.332809647660176248e-05
3.665000000000000000e+03 -2.517205917929638042e-05
3.670000000000000000e+03 -2.604878229917443353e-05
3.675000000000000000e+03 3.735721178494625771e-05
3.680000000000000000e+03 3.336006284503953521e-05
3.685000000000000000e+03 -4.692030178669473288e-05
3.690000000000000000e+03 -2.230925121989334043e-05
3.695000000000000000e+03 4.668278211496459414e-05
3.700000000000000000e+03 1.867056010662367495e-05
3.705000000000000000e+03 -2.784625195447033589e-05
3.710000000000000000e+03 -1.167032301636708412e-05
3.715000000000000000e+03 2.904357139273783223e-05
3.720000000000000000e+03 3.492789061499706094e-06
3.725000000000000000e+03 -2.270340441567640218e-05
3.730000000000000000e+03 1.170545505931602685e-05
3.735000000000000000e+03 1.301129860360612530e-05
3.740000000000000000e+03 4.572875815745788180e-07
3.745000000000000000e+03 2.050631716768898993e-06
3.750000000000000000e+03 -5.799448080005056612e-06
3.755000000000000000e+03 -7.351734322334881301e-06
3.760000000000000000e+03 5.934725167440186542e-06
3.765000000000000000e+03 2.956836641279549969e-05
3.770000000000000000e+03 -3.827393057467147664e-06
3.775000000000000000e+03 -3.508782599299574651e-05
3.780000000000000000e+03 1.959903124328282243e-05
3.785000000000000000e+03 3.133149413431660980e-05
3.790000000000000000e+03 -2.179389442115048877e-05
3.795000000000000000e+03 -2.623804560834099898e-05
3.800000000000000000e+03 3.368315771461897546e-05
3.805000000000000000e+03 3.859946050630019441e-05
3.810000000000000000e+03 -4.328511247609909601e-05
3.815000000000000000e+03 -3.056708972581529277e-05
3.820000000000000000e+03 4.642995661131996203e-05
3.825000000000000000e+03 2.383233671721198923e-05
3.830000000000000000e+03 -3.024735847576491787e-05
3.835000000000000000e+03 -1.479233667744306407e-05
3.840000000000000000e+03 3.451079913891782715e-05
3.845000000000000000e+03 8.644406914893760442e-06
3.850000000000000000e+03 -3.324218516423273326e-05
3.855000000000000000e+03 7.014306710671077845e-06
3.860000000000000000e+03 2.449428826591925558e-05
3.865000000000000000e+03 1.794015468357843354e-06
3.870000000000000000e+03 -5.810279905766547385e-06
3.875000000000000000e+03 -4.929490818683887123e-06
3.880000000000000000e+03 2.730167243062284768e-07
3.885000000000000000e+03 1.725137302873559486e-06
3.890000000000000000e+03 1.974113072648602882e-05
3.895000000000000000e+03 4.378549641931613909e-06
3.900000000000000000e+03 -2.733737097025751297e-05
3.905000000000000000e+03 1.264006704270128482e-05
3.910000000000000000e+03 2.752663405407312444e-05
3.915000000000000000e+03 -1.811231346502511477e-05
3.920000000000000000e+03 -2.507270848703735465e-05
3.925000000000000000e+03 2.852326586679730173e-05
3.930000000000000000e+03 4.167707646099721617e-05
3.935000000000000000e+03 -3.669806510352873526e-05
3.940000000000000000e+03 -3.686137103845146703e-05
3.945000000000000000e+03 4.344911440240312921e-05
3.950000000000000000e+03 2.812545427313422841e-05
3.955000000000000000e+03 -3.116608517377521129e-05
3.960000000000000000e+03 -1.796969479347134603e-05
3.965000000000000000e+03 3.826156850772455107e-05
3.970000000000000000e+03 1.519480016333831559e-05
3.975000000000000000e+03 -4.129238826139579571e-05
3.980000000000000000e+03 -1.155145101810704797e-07
3.985000000000000000e+03 3.418842276617317601e-05
3.990000000000000000e+03 4.854908097399418314e-06
3.995000000000000000e+03 -1.315369910402527131e-05
4.000000000000000000e+03 -4.994544475206509884e-06
4.005000000000000000e+03 8.414911832821745028e-06
4.010000000000000000e+03 -6.849949998799471356e-07
4.015000000000000000e+03 8.043422620083530403e-06
4.020000000000000000e+03 1.024227250420343822e-05
4.025000000000000000e+03 -1.713564119084620753e-05
4.030000000000000000e+03 6.890646073911323052e-06
4.035000000000000000e+03 2.216406589349967146e-05
4.040000000000000000e+03 -1.440850669208033548e-05
4.045000000000000000e+03 -2.243153172043966024e-05
4.050000000000000000e+03 2.236558597161128741e-05
4.055000000000000000e+03 4.200710977199443837e-05
4.060000000000000000e+03 -2.794229766930709182e-05
4.065000000000000000e+03 -4.039870569739343389e-05
4.070000000000000000e+03 3.827593117613078630e-05
4.075000000000000000e+03 3.110608194041696587e-05
4.080000000000000000e+03 -3.071351007851752556e-05
4.085000000000000000e+03 -2.091216919393462529e-05
4.090000000000000000e+03 4.001629175456700258e-05
4.095000000000000000e+03 2.245746377967967081e-05
4.100000000000000000e+03 -4.617685056709599671e-05
4.105000000000000000e+03 -8.839018299722195521e-06
4.110000000000000000e+03 4.141122085710009874e-05
4.115000000000000000e+03 9.184175198558972407e-06
4.120000000000000000e+03 -1.962428723916643972e-05
4.125000000000000000e+03 -5.980564307446695721e-06
4.130000000000000000e+03 1.661937967915807937e-05
4.135000000000000000e+03 -9.560302534875775586e-07
4.140000000000000000e+03 -4.611194070733787058e-06
4.145000000000000000e+03 1.315149020171070524e-05
4.150000000000000000e+03 -5.350096981722053008e-06
4.155000000000000000e+03 2.837612349644146488e-06
4.160000000000000000e+03 1.558846311438927235e-05
4.165000000000000000e+03 -1.094542127353523402e-05
4.170000000000000000e+03 -1.827167211684247927e-05
4.175000000000000000e+03 1.581528359915379103e-05
4.180000000000000000e+03 3.925468179401389243e-05
4.185000000000000000e+03 -1.802255765799450399e-05
4.190000000000000000e+03 -4.067652975034133291e-05
4.195000000000000000e+03 3.161362980699090566e-05
4.200000000000000000e+03 3.246818074185734787e-05
4.205000000000000000e+03 -2.905588766091599546e-05
4.210000000000000000e+03 -2.331237364887193392e-05
4.215000000000000000e+03 3.964261076712583725e-05
4.220000000000000000e+03 2.960603948748460930e-05
4.225000000000000000e+03 -4.752693028218833113e-05
4.230000000000000000e+03 -1.813012372788481110e-05
4.235000000000000000e+03 4.574713745625759946e-05
4.240000000000000000e+03 1.423315805019505181e-05
4.245000000000000000e+03 -2.495132254568646453e-05
4.250000000000000000e+03 -7.814077742833001221e-06
4.255000000000000000e+03 2.437336666680136121e-05
4.260000000000000000e+03 1.036780405561603315e-06
4.265000000000000000e+03 -1.717766241685101137e-05
4.270000000000000000e+03 1.283379977323013438e-05
4.275000000000000000e+03 7.021738914646672770e-06
4.280000000000000000e+03 7.499166397430679298e-07
4.285000000000000000e+03 8.202445364862260313e-06
4.290000000000000000e+03 -7.964906912767700105e-06
4.295000000000000000e+03 -1.265039360418156503e-05
4.300000000000000000e+03 9.545323297525260404e-06
4.305000000000000000e+03 3.338685682294321175e-05
4.310000000000000000e+03 -8.053242799776500689e-06
4.315000000000000000e+03 -3.753418063749886565e-05
4.320000000000000000e+03 2.425076242916136989e-05
4.325000000000000000e+03 3.205209269638608006e-05
4.330000000000000000e+03 -2.639957921234289251e-05
4.335000000000000000e+03 -2.485803824898074271e-05
4.340000000000000000e+03 3.718450506009923377e-05
4.345000000000000000e+03 3.575961819204867277e-05
4.350000000000000000e+03 -4.533053953505112509e-05
4.355000000000000000e+03 -2.689583492486706623e-05
4.360000000000000000e+03 4.707193586637460728e-05
4.365000000000000000e+03 1.942379058877347027e-05
4.370000000000000000e+03 -2.895018092767949087e-05
4.375000000000000000e+03 -1.035779763034864071e-05
4.380000000000000000e+03 3.114489404370022292e-05
4.385000000000000000e+03 5.168234197999095036e-06
4.390000000000000000e+03 -2.858555578893715268e-05
4.395000000000000000e+03 9.383346847957876329e-06
4.400000000000000000e+03 1.896216597419025877e-05
4.405000000000000000e+03 6.713611298177247241e-07
4.410000000000000000e+03 4.318540155929667896e-07
4.415000000000000000e+03 -5.682247157440945295e-06
4.420000000000000000e+03 -5.744129996746547474e-06
4.425000000000000000e+03 4.233627576420768362e-06
4.430000000000000000e+03 2.469101442673325020e-05
4.435000000000000000e+03 8.668310063883411377e-07
4.440000000000000000e+03 -3.116303552710436998e-05
4.445000000000000000e+03 1.697529935748820948e-05
4.450000000000000000e+03 2.983962994326292456e-05
4.455000000000000000e+03 -2.298246063439913538e-05
4.460000000000000000e+03 -2.525047117128363368e-05
4.465000000000000000e+03 3.287546022143032765e-05
4.470000000000000000e+03 4.008134334770599780e-05
4.475000000000000000e+03 -3.993986055241566816e-05
4.480000000000000000e+03 -3.409720938866186139e-05
4.485000000000000000e+03 4.554574950487966744e-05
4.490000000000000000e+03 2.420439783075218457e-05
4.495000000000000000e+03 -3.151640575715145112e-05
4.500000000000000000e+03 -1.340757183999802778e-05
4.505000000000000000e+03 3.643351678722941912e-05
4.510000000000000000e+03 1.105487644255376527e-05
4.515000000000000000e+03 -3.785277012288411369e-05
4.520000000000000000e+03 3.246428526038591973e-06
4.525000000000000000e+03 2.953800339247693668e-05
4.530000000000000000e+03 2.439642711829294318e-06
4.535000000000000000e+03 -7.304368008338914710e-06
4.540000000000000000e+03 -4.276260681064298297e-06
4.545000000000000000e+03 2.141398542323630487e-06
4.550000000000000000e+03 4.913915135755237266e-07
4.555000000000000000e+03 1.375785456843423607e-05
4.560000000000000000e+03 7.777050691292316582e-06
4.565000000000000000e+03 -2.207534752587615026e-05
4.570000000000000000e+03 1.049479023751096324e-05
4.575000000000000000e+03 2.593937837285014843e-05
4.580000000000000000e+03 -1.907022804944778351e-05
4.585000000000000000e+03 -2.423036801833295759e-05
4.590000000000000000e+03 2.713260482276972846e-05
4.595000000000000000e+03 4.187739439798972307e-05
4.600000000000000000e+03 -3.203588316392354479e-05
4.605000000000000000e+03 -3.886323035778340969e-05
4.610000000000000000e+03 4.157805802548115596e-05
4.615000000000000000e+03 2.809279258190112264e-05
4.620000000000000000e+03 -3.261693413483108644e-05
4.625000000000000000e+03 -1.669270821877758411e-05
4.630000000000000000e+03 3.982526523659313841e-05
4.635000000000000000e+03 1.807857434629190949e-05
4.640000000000000000e+03 -4.419425793943350183e-05
4.645000000000000000e+03 -4.831523114930557194e-06
4.650000000000000000e+03 3.798857880734502602e-05
4.655000000000000000e+03 5.725738948009540469e-06
4.660000000000000000e+03 -1.461724555851365675e-05
4.665000000000000000e+03 -3.875196384977012890e-06
4.670000000000000000e+03 1.057589396587521274e-05
4.675000000000000000e+03 -1.210396688324599478e-06
4.680000000000000000e+03 1.430134026772119714e-06
4.685000000000000000e+03 1.195996163358819567e-05
4.690000000000000000e+03 -1.103752323904195938e-05
4.695000000000000000e+03 5.371837653513236819e-06
4.700000000000000000e+03 2.056556035589879127e-05
4.705000000000000000e+03 -1.495378550074976922e-05
4.710000000000000000e+03 -2.161008721312022456e-05
4.715000000000000000e+03 2.053051381757998022e-05
4.720000000000000000e+03 4.068331821008302910e-05
4.725000000000000000e+03 -2.255316764357995579e-05
4.730000000000000000e+03 -4.058381604057556807e-05
4.735000000000000000e+03 3.576994827251988354e-05
4.740000000000000000e+03 3.070522354344223920e-05
4.745000000000000000e+03 -3.228297933166697026e-05
4.750000000000000000e+03 -1.988197029603918565e-05
4.755000000000000000e+03 4.104466632800615375e-05
4.760000000000000000e+03 2.544229840289693022e-05
4.765000000000000000e+03 -4.711250084996068612e-05
4.770000000000000000e+03 -1.389124701681089382e-05
4.775000000000000000e+03 4.378908903797932477e-05
4.780000000000000000e+03 1.008491477978359371e-05
4.785000000000000000e+03 -2.116276548374674795e-05
4.790000000000000000e+03 -4.540155694800317137e-06
4.795000000000000000e+03 1.902755776173583121e-05
4.800000000000000000e+03 -6.069488696472629717e-07
4.805000000000000000e+03 -1.127835481758271058e-05
4.810000000000000000e+03 1.301681722226238586e-05
4.815000000000000000e+03 1.021502621078309215e-06
4.820000000000000000e+03 1.981778472743453170e-06
4.825000000000000000e+03 1.401341563011422123e-05
4.830000000000000000e+03 -1.094353986858132603e-05
4.835000000000000000e+03 -1.730874083523512870e-05
4.840000000000000000e+03 1.375499737632969087e-05
4.845000000000000000e+03 3.632665453012819405e-05
4.850000000000000000e+03 -1.257418670169999032e-05
4.855000000000000000e+03 -3.897061196560708306e-05
4.860000000000000000e+03 2.884085454165450789e-05
4.865000000000000000e+03 3.177237177599449787e-05
4.870000000000000000e+03 -3.060736883036461976e-05
4.875000000000000000e+03 -2.259764648406895941e-05
4.880000000000000000e+03 3.999658579844368305e-05
4.885000000000000000e+03 3.225278127624308408e-05
4.890000000000000000e+03 -4.645743157658025174e-05
4.895000000000000000e+03 -2.286777535038063330e-05
4.900000000000000000e+03 4.668528292088348241e-05
4.905000000000000000e+03 1.501028521246051172e-05
4.910000000000000000e+03 -2.664971303426661510e-05
4.915000000000000000e+03 -6.248616947572304105e-06
4.920000000000000000e+03 2.690442514295937599e-05
4.925000000000000000e+03 2.312258267760867456e-06
4.930000000000000000e+03 -2.328591770254050035e-05
4.935000000000000000e+03 1.090612751816589960e-05
4.940000000000000000e+03 1.311360818719926646e-05
4.945000000000000000e+03 4.959557505079162036e-07
4.950000000000000000e+03 6.633826323071134463e-06
4.955000000000000000e+03 -7.357401003969985282e-06
4.960000000000000000e+03 -1.138389712991705762e-05
4.965000000000000000e+03 7.539119292053053538e-06
4.970000000000000000e+03 2.895809976535100588e-05
4.975000000000000000e+03 -3.207039935336176450e-06
4.980000000000000000e+03 -3.407855989057493050e-05
4.985000000000000000e+03 2.154835654168656004e-05
4.990000000000000000e+03 3.114474046175164546e-05
4.995000000000000000e+03 -2.774641315407855053e-05
5.000000000000000000e+03 -2.443978301049461237e-05
5.005000000000000000e+03 3.679206285852599075e-05
5.010000000000000000e+03 3.761998623827104976e-05
5.015000000000000000e+03 -4.244663617494085839e-05
5.020000000000000000e+03 -3.070905453583818692e-05
5.025000000000000000e+03 4.669878562844113304e-05
5.030000000000000000e+03 1.998174271836316771e-05
5.035000000000000000e+03 -3.084313212578576526e-05
5.040000000000000000e+03 -8.880905145463997334e-06
5.045000000000000000e+03 3.361003237013045279e-05
5.050000000000000000e+03 7.282781778664418295e-06
5.055000000000000000e+03 -3.355784260767667688e-05
5.060000000000000000e+03 5.942091995910957793e-06
5.065000000000000000e+03 2.429324047963732851e-05
5.070000000000000000e+03 8.893587343108835689e-07
5.075000000000000000e+03 -1.190281454688208892e-06
5.080000000000000000e+03 -4.501455803463202394e-06
5.085000000000000000e+03 -4.052386510634218386e-06
5.090000000000000000e+03 2.586180957075431002e-06
5.095000000000000000e+03 1.904731295966509942e-05
5.100000000000000000e+03 4.537828744317078386e-06
5.105000000000000000e+03 -2.628698517309956148e-05
5.110000000000000000e+03 1.461068648318916440e-05
5.115000000000000000e+03 2.879009831997644879e-05
5.120000000000000000e+03 -2.392355003798823744e-05
5.125000000000000000e+03 -2.502124457673279463e-05
5.130000000000000000e+03 3.175393002532281203e-05
5.135000000000000000e+03 4.076054155067543403e-05
5.140000000000000000e+03 -3.564194028039578764e-05
5.145000000000000000e+03 -3.649119339559132343e-05
5.150000000000000000e+03 4.410492929573769564e-05
5.155000000000000000e+03 2.450601665716262381e-05
5.160000000000000000e+03 -3.356728231311862119e-05
5.165000000000000000e+03 -1.221257578859239242e-05
5.170000000000000000e+03 3.860670312663347110e-05
5.175000000000000000e+03 1.377814119604115246e-05
5.180000000000000000e+03 -4.122023155980871688e-05
5.185000000000000000e+03 -1.245937562707034384e-06
5.190000000000000000e+03 3.374645250991953468e-05
5.195000000000000000e+03 2.967465495882888539e-06
5.200000000000000000e+03 -9.063788068102546745e-06
5.205000000000000000e+03 -2.644380263327883192e-06
5.210000000000000000e+03 4.306579874515207823e-06
5.215000000000000000e+03 -5.126211406175387933e-07
5.220000000000000000e+03 7.343149256303086177e-06
5.225000000000000000e+03 9.857128066558367495e-06
5.230000000000000000e+03 -1.624497994235308206e-05
5.235000000000000000e+03 8.641007479886826201e-06
5.240000000000000000e+03 2.478505633873518806e-05
5.245000000000000000e+03 -1.943034127956608191e-05
5.250000000000000000e+03 -2.401180083540779551e-05
5.255000000000000000e+03 2.539961338024095602e-05
5.260000000000000000e+03 4.109182734003979682e-05
5.265000000000000000e+03 -2.688483280842828704e-05
5.270000000000000000e+03 -3.951635960727707431e-05
5.275000000000000000e+03 3.938710323649189965e-05
5.280000000000000000e+03 2.814673930448776781e-05
5.285000000000000000e+03 -3.471157456385180512e-05
5.290000000000000000e+03 -1.591580593121754745e-05
5.295000000000000000e+03 4.147836005687617844e-05
5.300000000000000000e+03 2.105737404901688006e-05
5.305000000000000000e+03 -4.565884012921353447e-05
5.310000000000000000e+03 -9.788016717066682355e-06
5.315000000000000000e+03 4.085930626237110495e-05
5.320000000000000000e+03 6.404689585917279589e-06
5.325000000000000000e+03 -1.659474182825927617e-05
5.330000000000000000e+03 -1.988279397088353792e-06
5.335000000000000000e+03 1.317004357072124049e-05
5.340000000000000000e+03 -1.355572560797348724e-06
5.345000000000000000e+03 -5.198448161842379102e-06
5.350000000000000000e+03 1.223826750552372086e-05
5.355000000000000000e+03 -4.790628159366634508e-06
5.360000000000000000e+03 4.100629210144501325e-06
5.365000000000000000e+03 1.930263925152483838e-05
5.370000000000000000e+03 -1.462037786267463059e-05
5.375000000000000000e+03 -2.118637351990974505e-05
5.380000000000000000e+03 1.840038626742093164e-05
5.385000000000000000e+03 3.830515822061389739e-05
5.390000000000000000e+03 -1.719929121717293408e-05
5.395000000000000000e+03 -3.938148128074463563e-05
5.400000000000000000e+03 3.317379313111108296e-05
5.405000000000000000e+03 3.054551536916592886e-05
5.410000000000000000e+03 -3.424096180267053138e-05
5.415000000000000000e+03 -1.957281367373974265e-05
5.420000000000000000e+03 4.198495693190304478e-05
5.425000000000000000e+03 2.824256672251973074e-05
5.430000000000000000e+03 -4.658971288642582551e-05
5.435000000000000000e+03 -1.867357888016874746e-05
5.440000000000000000e+03 4.526112261921438933e-05
5.445000000000000000e+03 1.078668753824614513e-05
5.450000000000000000e+03 -2.340620166400946193e-05
5.455000000000000000e+03 -2.639510655329271455e-06
5.460000000000000000e+03 2.191183200834346092e-05
5.465000000000000000e+03 2.087821429374559199e-07
5.470000000000000000e+03 -1.751226382797505541e-05
5.475000000000000000e+03 1.150865150647490393e-05
5.480000000000000000e+03 7.143729148797575710e-06
5.485000000000000000e+03 1.274643147139086586e-06
5.490000000000000000e+03 1.259760223399485570e-05
5.495000000000000000e+03 -9.893117268400421007e-06
5.500000000000000000e+03 -1.646988621612385616e-05
5.505000000000000000e+03 1.151868813719413571e-05
5.510000000000000000e+03 3.240950376343337391e-05
5.515000000000000000e+03 -7.674902441901908668e-06
5.520000000000000000e+03 -3.601003548241447412e-05
5.525000000000000000e+03 2.616618019617596689e-05
5.530000000000000000e+03 3.143580340694889170e-05
5.535000000000000000e+03 -3.220952314436288140e-05
5.540000000000000000e+03 -2.270356358840047912e-05
5.545000000000000000e+03 4.010159066750622673e-05
5.550000000000000000e+03 3.441663418912855032e-05
5.555000000000000000e+03 -4.409146528312773592e-05
5.560000000000000000e+03 -2.686530023878898779e-05
5.565000000000000000e+03 4.684078692528626452e-05
5.570000000000000000e+03 1.565046814964225245e-05
5.575000000000000000e+03 -2.914721959341103167e-05
5.580000000000000000e+03 -4.583355765089866356e-06
5.585000000000000000e+03 2.986106787335380915e-05
5.590000000000000000e+03 4.048145138161703977e-06
5.595000000000000000e+03 -2.853736283420199216e-05
5.600000000000000000e+03 7.846550470675656667e-06
5.605000000000000000e+03 1.862791334031392872e-05
5.610000000000000000e+03 2.693556392514120651e-07
5.615000000000000000e+03 4.991296186278660607e-06
5.620000000000000000e+03 -5.667064565804111690e-06
5.625000000000000000e+03 -9.969973558269321168e-06
5.630000000000000000e+03 5.528116012921355554e-06
5.635000000000000000e+03 2.374060180541501380e-05
5.640000000000000000e+03 6.546040186143414713e-07
5.645000000000000000e+03 -2.964495333554532548e-05
5.650000000000000000e+03 1.906537652347340851e-05
5.655000000000000000e+03 3.065112396444958775e-05
5.660000000000000000e+03 -2.877331877325147529e-05
5.665000000000000000e+03 -2.480815606307241824e-05
5.670000000000000000e+03 3.603682004471165225e-05
5.675000000000000000e+03 3.872875827903514260e-05
5.680000000000000000e+03 -3.859435229975388053e-05
5.685000000000000000e+03 -3.341318733965951217e-05
5.690000000000000000e+03 4.573682534188593725e-05
5.695000000000000000e+03 2.051908737229384602e-05
5.700000000000000000e+03 -3.350626857987593727e-05
5.705000000000000000e+03 -7.666573363097914934e-06
5.710000000000000000e+03 3.637179283568528861e-05
5.715000000000000000e+03 9.747531501274326105e-06
5.720000000000000000e+03 -3.733361510338979581e-05
5.725000000000000000e+03 1.753338056481969573e-06
5.730000000000000000e+03 2.882154257101917391e-05
5.735000000000000000e+03 1.027088052657774601e-06
5.740000000000000000e+03 -3.142586101325991293e-06
5.745000000000000000e+03 -2.344072246643438884e-06
5.750000000000000000e+03 -1.989777814782213094e-06
5.755000000000000000e+03 1.124195654139036520e-06
5.760000000000000000e+03 1.293383101549618608e-05
5.765000000000000000e+03 6.922950055867284046e-06
5.770000000000000000e+03 -2.080644621202421232e-05
5.775000000000000000e+03 1.250811900431569050e-05
5.780000000000000000e+03 2.812870683934688251e-05
5.785000000000000000e+03 -2.419729106051501355e-05
5.790000000000000000e+03 -2.542136345498929639e-05
5.795000000000000000e+03 3.022626890000372612e-05
5.800000000000000000e+03 4.049421344541097247e-05
5.805000000000000000e+03 -3.082752958819819322e-05
5.810000000000000000e+03 -3.755489520592569146e-05
5.815000000000000000e+03 4.230410245714699442e-05
5.820000000000000000e+03 2.493040706821051988e-05
5.825000000000000000e+03 -3.622959828164993131e-05
5.830000000000000000e+03 -1.159191151024068734e-05
5.835000000000000000e+03 4.089521687047276616e-05
5.840000000000000000e+03 1.664680528691304257e-05
5.845000000000000000e+03 -4.318682297863508555e-05
5.850000000000000000e+03 -6.009189783403372222e-06
5.855000000000000000e+03 3.704510786784712980e-05
5.860000000000000000e+03 3.351845189886874153e-06
5.865000000000000000e+03 -1.139117008830464494e-05
5.870000000000000000e+03 -2.682702668306302252e-07
5.875000000000000000e+03 6.983949307366157507e-06
5.880000000000000000e+03 -1.162899124463053764e-06
5.885000000000000000e+03 8.627582996022971252e-07
5.890000000000000000e+03 1.052077494831791465e-05
5.895000000000000000e+03 -1.022320757493620811e-05
5.900000000000000000e+03 7.017965008681616405e-06
5.905000000000000000e+03 2.390935745510394247e-05
5.910000000000000000e+03 -1.885125733602532847e-05
5.915000000000000000e+03 -2.417330293689731529e-05
5.920000000000000000e+03 2.329959485079796796e-05
5.925000000000000000e+03 3.927671440158270573e-05
5.930000000000000000e+03 -2.173206517516270257e-05
5.935000000000000000e+03 -3.879013149109240095e-05
5.940000000000000000e+03 3.706211426641785268e-05
5.945000000000000000e+03 2.846084822870430825e-05
5.950000000000000000e+03 -3.714482683224232387e-05
5.955000000000000000e+03 -1.592840558668499255e-05
5.960000000000000000e+03 4.304604518565855365e-05
5.965000000000000000e+03 2.391073735040212021e-05
5.970000000000000000e+03 -4.568850498035292347e-05
5.975000000000000000e+03 -1.450900350302220753e-05
5.980000000000000000e+03 4.282958184526656717e-05
5.985000000000000000e+03 6.939343871793775114e-06
5.990000000000000000e+03 -1.931581662847106336e-05
5.995000000000000000e+03 3.159303332811720452e-07
6.000000000000000000e+03 1.631802866914867461e-05
6.005000000000000000e+03 -1.040993111521698778e-06
6.010000000000000000e+03 -1.145113533320764895e-05
6.015000000000000000e+03 1.115417245756765968e-05
6.020000000000000000e+03 1.252049986641875950e-06
6.025000000000000000e+03 2.975494819027266502e-06
6.030000000000000000e+03 1.813439381474333089e-05
6.035000000000000000e+03 -1.319204631034497167e-05
6.040000000000000000e+03 -2.084744282781576653e-05
6.045000000000000000e+03 1.602151364432067120e-05
6.050000000000000000e+03 3.494392356951813892e-05
6.055000000000000000e+03 -1.235177668773762920e-05
6.060000000000000000e+03 -3.692109913275608897e-05
6.065000000000000000e+03 3.063203736169946908e-05
6.070000000000000000e+03 3.074550601845994676e-05
6.075000000000000000e+03 -3.618709132523852037e-05
6.080000000000000000e+03 -2.014013056075334728e-05
6.085000000000000000e+03 4.265493260438353205e-05
6.090000000000000000e+03 3.062254450819015675e-05
6.095000000000000000e+03 -4.477941549989409984e-05
6.100000000000000000e+03 -2.275073195643121009e-05
6.105000000000000000e+03 4.594206780360752455e-05
6.110000000000000000e+03 1.140673203284258405e-05
6.115000000000000000e+03 -2.646845982615407327e-05
6.120000000000000000e+03 -6.981760984965074758e-07
6.125000000000000000e+03 2.529170354042228590e-05
6.130000000000000000e+03 1.497868536963489907e-06
6.135000000000000000e+03 -2.294823368244420519e-05
6.140000000000000000e+03 8.867084798473003846e-06
6.145000000000000000e+03 1.273155874859098851e-05
6.150000000000000000e+03 6.071807101192005076e-07
6.155000000000000000e+03 1.104059872988046423e-05
6.160000000000000000e+03 -7.731428827944893906e-06
6.165000000000000000e+03 -1.542598445928061084e-05
6.170000000000000000e+03 9.211230945675161409e-06
6.175000000000000000e+03 2.768984310583356298e-05
6.180000000000000000e+03 -3.716079111565653279e-06
6.185000000000000000e+03 -3.205631918136197026e-05
6.190000000000000000e+03 2.367086596943218790e-05
6.195000000000000000e+03 3.149537605474358798e-05
6.200000000000000000e+03 -3.342263007173405093e-05
6.205000000000000000e+03 -2.363374984405179220e-05
6.210000000000000000e+03 3.980032819649666383e-05
6.215000000000000000e+03 3.588882050399224967e-05
6.220000000000000000e+03 -4.075093750142175735e-05
6.225000000000000000e+03 -2.978604084208506038e-05
6.230000000000000000e+03 4.638711465436945556e-05
6.235000000000000000e+03 1.631993208346886644e-05
6.240000000000000000e+03 -3.241379363770835004e-05
6.245000000000000000e+03 -3.250776213538244833e-06
6.250000000000000000e+03 3.317032707846410126e-05
6.255000000000000000e+03 6.165874176601186759e-06
6.260000000000000000e+03 -3.264751096355749044e-05
6.265000000000000000e+03 4.026169736617414175e-06
6.270000000000000000e+03 2.337627536517549042e-05
6.275000000000000000e+03 -1.090205330600297649e-08
6.280000000000000000e+03 2.953690984973887245e-06
6.285000000000000000e+03 -2.992088799564373644e-06
6.290000000000000000e+03 -8.113815364370207154e-06
6.295000000000000000e+03 3.648594674754833038e-06
6.300000000000000000e+03 1.802106263912351162e-05
6.305000000000000000e+03 3.271204420558565351e-06
6.310000000000000000e+03 -2.458074714003146503e-05
6.315000000000000000e+03 1.681109467423884532e-05
6.320000000000000000e+03 3.051196693405900173e-05
6.325000000000000000e+03 -2.906357421259147964e-05
6.330000000000000000e+03 -2.582170796404796676e-05
6.335000000000000000e+03 3.481433116311167896e-05
6.340000000000000000e+03 3.894286129714706184e-05
6.345000000000000000e+03 -3.420487214308346022e-05
6.350000000000000000e+03 -3.481381096422458640e-05
6.355000000000000000e+03 4.438539980101913689e-05
6.360000000000000000e+03 2.121865023940097464e-05
6.365000000000000000e+03 -3.675901995447820609e-05
6.370000000000000000e+03 -7.101152687950488582e-06
6.375000000000000000e+03 3.928531525861450954e-05
6.380000000000000000e+03 1.240551032329851763e-05
6.385000000000000000e+03 -3.975558647090650778e-05
6.390000000000000000e+03 -2.729449374460068306e-06
6.395000000000000000e+03 3.246712582875514307e-05
6.400000000000000000e+03 1.060023676921137457e-06
6.405000000000000000e+03 -5.720199359089581986e-06
6.410000000000000000e+03 5.442448846078722318e-07
6.415000000000000000e+03 6.646041013981516575e-07
6.420000000000000000e+03 -2.121761916073764675e-08
6.425000000000000000e+03 6.707296364872902259e-06
6.430000000000000000e+03 7.924961839635416688e-06
6.435000000000000000e+03 -1.509954704315032007e-05
6.440000000000000000e+03 1.061244854767986703e-05
6.445000000000000000e+03 2.769909903814294163e-05
6.450000000000000000e+03 -2.346843977932546398e-05
6.455000000000000000e+03 -2.619414681352898218e-05
6.460000000000000000e+03 2.825926621583071290e-05
6.465000000000000000e+03 3.923435512029980880e-05
6.470000000000000000e+03 -2.597809192158005934e-05
6.475000000000000000e+03 -3.725789585325019025e-05
6.480000000000000000e+03 4.033382372698176102e-05
6.485000000000000000e+03 2.564033061448262778e-05
6.490000000000000000e+03 -3.919024886343620877e-05
6.495000000000000000e+03 -1.183250992090654314e-05
6.500000000000000000e+03 4.311122162577442173e-05
6.505000000000000000e+03 1.945008957041623071e-05
6.510000000000000000e+03 -4.375375013341626556e-05
6.515000000000000000e+03 -1.056725342913841532e-05
6.520000000000000000e+03 3.945864231966260101e-05
6.525000000000000000e+03 3.638732607546775656e-06
6.530000000000000000e+03 -1.450699082326394355e-05
6.535000000000000000e+03 2.491229849991593661e-06
6.540000000000000000e+03 1.029664928144587492e-05
6.545000000000000000e+03 -1.370934416342224802e-06
6.550000000000000000e+03 -5.299431415558457039e-06
6.555000000000000000e+03 9.844644243050091226e-06
6.560000000000000000e+03 -4.365184951213064662e-06
6.565000000000000000e+03 5.529028990146072785e-06
6.570000000000000000e+03 2.307190534518795442e-05
6.575000000000000000e+03 -1.712510144014994334e-05
6.580000000000000000e+03 -2.438957906656008645e-05
6.585000000000000000e+03 2.087473310579663314e-05
6.590000000000000000e+03 3.649549374310524097e-05
6.595000000000000000e+03 -1.704304772912017528e-05
6.600000000000000000e+03 -3.681426705064157299e-05
6.605000000000000000e+03 3.475322477414424788e-05
6.610000000000000000e+03 2.914405075481087741e-05
6.615000000000000000e+03 -3.951158987112919776e-05
6.620000000000000000e+03 -1.687931272471490036e-05
6.625000000000000000e+03 4.433114010312408875e-05
6.630000000000000000e+03 2.641065573950014743e-05
6.635000000000000000e+03 -4.445135663914276327e-05
6.640000000000000000e+03 -1.855930745136609986e-05
6.645000000000000000e+03 4.401192710639405861e-05
6.650000000000000000e+03 7.442192686744460243e-06
6.655000000000000000e+03 -2.288397319694291491e-05
6.660000000000000000e+03 2.608940893763767197e-06
6.665000000000000000e+03 2.003816619561087268e-05
6.670000000000000000e+03 -2.495948573011778540e-07
6.675000000000000000e+03 -1.696848147786548882e-05
6.680000000000000000e+03 8.946850324047303036e-06
6.685000000000000000e+03 6.802210419984899060e-06
6.690000000000000000e+03 1.891561595073164318e-06
6.695000000000000000e+03 1.676305533028824533e-05
6.700000000000000000e+03 -1.061590943575777251e-05
6.705000000000000000e+03 -2.025323893633614091e-05
6.710000000000000000e+03 1.349895745330146028e-05
6.715000000000000000e+03 3.077613337880624804e-05
6.720000000000000000e+03 -8.397235873603038167e-06
6.725000000000000000e+03 -3.346437745286897204e-05
6.730000000000000000e+03 2.823140069901641520e-05
6.735000000000000000e+03 3.133474602895777543e-05
6.740000000000000000e+03 -3.768052580167583848e-05
6.745000000000000000e+03 -2.157759688031661287e-05
6.750000000000000000e+03 4.288236508855994300e-05
6.755000000000000000e+03 3.237787327050433556e-05
6.760000000000000000e+03 -4.199898979894948093e-05
6.765000000000000000e+03 -2.578662765524167099e-05
6.770000000000000000e+03 4.600569796937292190e-05
6.775000000000000000e+03 1.210375557403139532e-05
6.780000000000000000e+03 -3.030876479468640100e-05
6.785000000000000000e+03 8.451369020867425211e-07
6.790000000000000000e+03 2.908882616206111586e-05
6.795000000000000000e+03 3.193065232700806744e-06
6.800000000000000000e+03 -2.730498453087102842e-05
6.805000000000000000e+03 5.462157952609590049e-06
6.810000000000000000e+03 1.759254319415787710e-05
6.815000000000000000e+03 -9.857687780389971384e-08
6.820000000000000000e+03 9.025781851333479800e-06
6.825000000000000000e+03 -4.567406046983710823e-06
6.830000000000000000e+03 -1.387323827237889089e-05
6.835000000000000000e+03 6.972760260069561542e-06
6.840000000000000000e+03 2.244360355936575013e-05
6.845000000000000000e+03 -9.549377871750723060e-07
6.850000000000000000e+03 -2.745696034757762747e-05
6.855000000000000000e+03 2.136905964094184496e-05
6.860000000000000000e+03 3.188717317483080011e-05
6.865000000000000000e+03 -3.383229799362283039e-05
6.870000000000000000e+03 -2.523473308188849015e-05
6.875000000000000000e+03 3.897547072635819382e-05
6.880000000000000000e+03 3.652642791681275845e-05
6.885000000000000000e+03 -3.686097801643578473e-05
6.890000000000000000e+03 -3.143660550973648946e-05
6.895000000000000000e+03 4.552618687072252041e-05
6.900000000000000000e+03 1.719226522266925679e-05
6.905000000000000000e+03 -3.625894010589311359e-05
6.910000000000000000e+03 -2.639755986543229671e-06
6.915000000000000000e+03 3.667769167042670472e-05
6.920000000000000000e+03 8.520143985298603422e-06
6.925000000000000000e+03 -3.546033942319919878e-05
6.930000000000000000e+03 -1.025937537659020696e-07
6.935000000000000000e+03 2.727467062239400530e-05
6.940000000000000000e+03 -3.680861288885686297e-07
6.945000000000000000e+03 2.322468018440543504e-07
6.950000000000000000e+03 4.107866310456133554e-07
6.955000000000000000e+03 -5.587961736670114673e-06
6.960000000000000000e+03 2.038393641220241222e-06
6.965000000000000000e+03 1.214615350725925378e-05
6.970000000000000000e+03 4.547104386199168444e-06
6.975000000000000000e+03 -1.926446990750306658e-05
6.980000000000000000e+03 1.473464856604326276e-05
6.985000000000000000e+03 3.056882611030349226e-05
6.990000000000000000e+03 -2.828712525693088403e-05
6.995000000000000000e+03 -2.721097016681547039e-05
7.000000000000000000e+03 3.308210851388309991e-05
7.005000000000000000e+03 3.820998257197132959e-05
7.010000000000000000e+03 -2.975264856437568616e-05
7.015000000000000000e+03 -3.488164419442722639e-05
7.020000000000000000e+03 4.283905072762490791e-05
7.025000000000000000e+03 2.223369743934112809e-05
7.030000000000000000e+03 -4.028038515727762694e-05
7.035000000000000000e+03 -7.469857436996283982e-06
7.040000000000000000e+03 4.214952070133892481e-05
7.045000000000000000e+03 1.505689873178348043e-05
7.050000000000000000e+03 -4.082425065487957735e-05
7.055000000000000000e+03 -7.031386074045271600e-06
7.060000000000000000e+03 3.525157496850186490e-05
7.065000000000000000e+03 1.032843128381147085e-06
7.070000000000000000e+03 -9.135480978457726715e-06
7.075000000000000000e+03 3.791970768249674099e-06
7.080000000000000000e+03 4.037363078374645834e-06
7.085000000000000000e+03 -7.525867652476860481e-07
7.090000000000000000e+03 7.431561027277001269e-07
7.095000000000000000e+03 7.620669948374814179e-06
7.100000000000000000e+03 -9.522563596539264982e-06
7.105000000000000000e+03 8.830933284946014306e-06
7.110000000000000000e+03 2.726094624735464158e-05
7.115000000000000000e+03 -2.153648183304537135e-05
7.120000000000000000e+03 -2.700182008443999718e-05
7.125000000000000000e+03 2.589016335118742598e-05
7.130000000000000000e+03 3.703628491611821416e-05
7.135000000000000000e+03 -2.155207768815160305e-05
7.140000000000000000e+03 -3.573075655208629667e-05
7.145000000000000000e+03 3.834858408912647059e-05
7.150000000000000000e+03 2.673632469238571290e-05
7.155000000000000000e+03 -4.203918948858395782e-05
7.160000000000000000e+03 -1.307734105387815450e-05
7.165000000000000000e+03 4.504220296281872513e-05
7.170000000000000000e+03 2.196881827612572538e-05
7.175000000000000000e+03 -4.308628073080441413e-05
7.180000000000000000e+03 -1.448653624454501138e-05
7.185000000000000000e+03 4.109832576295809769e-05
7.190000000000000000e+03 3.936507074742190978e-06
7.195000000000000000e+03 -1.850527516082829592e-05
7.200000000000000000e+03 5.196333724159553538e-06
7.205000000000000000e+03 1.426260262500436998e-05
7.210000000000000000e+03 -1.108897547014679272e-06
7.215000000000000000e+03 -1.079041302206857586e-05
7.220000000000000000e+03 8.067103647098650978e-06
7.225000000000000000e+03 1.038746399568759298e-06
7.230000000000000000e+03 4.072832157767864872e-06
7.235000000000000000e+03 2.197675864702653483e-05
7.240000000000000000e+03 -1.420793994188050673e-05
7.245000000000000000e+03 -2.430916797112471806e-05
7.250000000000000000e+03 1.822942288965183910e-05
7.255000000000000000e+03 3.291410184832333071e-05
7.260000000000000000e+03 -1.319832671772959326e-05
7.265000000000000000e+03 -3.385076146475408075e-05
7.270000000000000000e+03 3.255113790375203047e-05
7.275000000000000000e+03 3.021954924072263853e-05
7.280000000000000000e+03 -4.136941008485341408e-05
7.285000000000000000e+03 -1.875302369896014070e-05
7.290000000000000000e+03 4.514603120656952563e-05
7.295000000000000000e+03 2.835803673129109277e-05
7.300000000000000000e+03 -4.225973356717381194e-05
7.305000000000000000e+03 -2.160492933404180820e-05
7.310000000000000000e+03 4.458098439347464272e-05
7.315000000000000000e+03 8.065360534201302553e-06
7.320000000000000000e+03 -2.724841532383695460e-05
7.325000000000000000e+03 4.445289886798084157e-06
7.330000000000000000e+03 2.424724609849339399e-05
7.335000000000000000e+03 9.634963152299838895e-07
7.340000000000000000e+03 -2.147357088152162686e-05
7.345000000000000000e+03 5.984977007017161315e-06
7.350000000000000000e+03 1.166469475802618532e-05
7.355000000000000000e+03 7.735563657855102930e-07
7.360000000000000000e+03 1.487549545778432801e-05
7.365000000000000000e+03 -7.010967770493632229e-06
7.370000000000000000e+03 -1.909021285072946521e-05
7.375000000000000000e+03 1.097590744329686834e-05
7.380000000000000000e+03 2.606627871080647939e-05
7.385000000000000000e+03 -5.588476295765882987e-06
7.390000000000000000e+03 -2.935864672339151364e-05
7.395000000000000000e+03 2.598942676365573683e-05
7.400000000000000000e+03 3.224531486109342927e-05
7.405000000000000000e+03 -3.830840325285266593e-05
7.410000000000000000e+03 -2.372036740283712018e-05
7.415000000000000000e+03 4.253651135941139913e-05
7.420000000000000000e+03 3.336633569661418876e-05
7.425000000000000000e+03 -3.866660554859251001e-05
7.430000000000000000e+03 -2.759025018643064284e-05
7.435000000000000000e+03 4.565650285394281621e-05
7.440000000000000000e+03 1.304329637385107964e-05
7.445000000000000000e+03 -3.472722057888926860e-05
7.450000000000000000e+03 1.598358451652538267e-06
7.455000000000000000e+03 3.313929383378866268e-05
7.460000000000000000e+03 5.161803545239723784e-06
7.465000000000000000e+03 -3.042871567958558559e-05
7.470000000000000000e+03 1.744508623423193360e-06
7.475000000000000000e+03 2.163999301666690164e-05
7.480000000000000000e+03 -8.647556840650238967e-07
7.485000000000000000e+03 6.269629528629107081e-06
7.490000000000000000e+03 -6.684677206006370359e-07
7.495000000000000000e+03 -1.157670549805740500e-05
7.500000000000000000e+03 4.947244946598411019e-06
7.505000000000000000e+03 1.700653663886864993e-05
7.510000000000000000e+03 5.153968603763759280e-07
7.515000000000000000e+03 -2.259028471642164493e-05
7.520000000000000000e+03 1.921287274763812055e-05
7.525000000000000000e+03 3.245084693853775076e-05
7.530000000000000000e+03 -3.311265298417595787e-05
7.535000000000000000e+03 -2.722467389712487982e-05
7.540000000000000000e+03 3.757457506575414717e-05
7.545000000000000000e+03 3.627306917433628587e-05
7.550000000000000000e+03 -3.288790790958013671e-05
7.555000000000000000e+03 -3.178993488572738249e-05
7.560000000000000000e+03 4.445595022512436163e-05
7.565000000000000000e+03 1.841257844134915688e-05
7.570000000000000000e+03 -4.035405505741725048e-05
7.575000000000000000e+03 -3.034582560917103723e-06
7.580000000000000000e+03 4.016890055208709062e-05
7.585000000000000000e+03 1.092324756135007695e-05
7.590000000000000000e+03 -3.697624190924584243e-05
7.595000000000000000e+03 -4.067146770828636691e-06
7.600000000000000000e+03 3.034297736415853016e-05
7.605000000000000000e+03 -7.586283834788261055e-07
7.610000000000000000e+03 -3.378382302345396835e-06
7.615000000000000000e+03 4.159479520352247948e-06
7.620000000000000000e+03 -2.261400765987403865e-06
7.625000000000000000e+03 8.036965705333536467e-07
7.630000000000000000e+03 6.481826740931798440e-06
7.635000000000000000e+03 4.559939713960624002e-06
7.640000000000000000e+03 -1.405264458034735664e-05
7.645000000000000000e+03 1.274611688859863639e-05
7.650000000000000000e+03 3.058113640663822014e-05
7.655000000000000000e+03 -2.624973504950886519e-05
7.660000000000000000e+03 -2.862578733950411455e-05
7.665000000000000000e+03 3.087161613895486877e-05
7.670000000000000000e+03 3.657731346492879720e-05
7.675000000000000000e+03 -2.568786354851508122e-05
7.680000000000000000e+03 -3.374881004088367000e-05
7.685000000000000000e+03 4.125558978193957836e-05
7.690000000000000000e+03 2.365774606196240624e-05
7.695000000000000000e+03 -4.365537296070659047e-05
7.700000000000000000e+03 -8.910710207223435802e-06
7.705000000000000000e+03 4.473649673577935405e-05
7.710000000000000000e+03 1.749243719278454631e-05
7.715000000000000000e+03 -4.070220430583061953e-05
7.720000000000000000e+03 -1.072181497140655356e-05
7.725000000000000000e+03 3.728607607807998126e-05
7.730000000000000000e+03 1.050299396352811729e-06
7.735000000000000000e+03 -1.347399832152330143e-05
7.740000000000000000e+03 6.951901773425489914e-06
7.745000000000000000e+03 8.146863826245435999e-06
7.750000000000000000e+03 -1.031142686321802861e-06
7.755000000000000000e+03 -4.613220026359894718e-06
7.760000000000000000e+03 6.247963435465076745e-06
7.765000000000000000e+03 -4.366769435728514867e-06
7.770000000000000000e+03 7.064861775368366841e-06
7.775000000000000000e+03 2.651945074837175134e-05
7.780000000000000000e+03 -1.836540688802267249e-05
7.785000000000000000e+03 -2.748125678175822030e-05
7.790000000000000000e+03 2.322174049224107900e-05
7.795000000000000000e+03 3.405514613918131421e-05
7.800000000000000000e+03 -1.792268411114151719e-05
7.805000000000000000e+03 -3.323608762848693018e-05
7.810000000000000000e+03 3.644178161165289480e-05
7.815000000000000000e+03 2.823648204381684889e-05
7.820000000000000000e+03 -4.433199374393712754e-05
7.825000000000000000e+03 -1.530263711937960999e-05
7.830000000000000000e+03 4.648496433755242236e-05
7.835000000000000000e+03 2.401004843095270815e-05
7.840000000000000000e+03 -4.149144454652502504e-05
7.845000000000000000e+03 -1.743658320543879018e-05
7.850000000000000000e+03 4.214040681084414594e-05
7.855000000000000000e+03 4.391527697984777658e-06
7.860000000000000000e+03 -2.332612567739141650e-05
7.865000000000000000e+03 7.394477642512715071e-06
7.870000000000000000e+03 1.879439672391843621e-05
7.875000000000000000e+03 -4.191982342564049145e-07
7.880000000000000000e+03 -1.533884305178282784e-05
7.885000000000000000e+03 5.555381987469181060e-06
7.890000000000000000e+03 5.792051773144738727e-06
7.895000000000000000e+03 2.576173350559741919e-06
7.900000000000000000e+03 2.031333641148712105e-05
7.905000000000000000e+03 -1.022797694207718138e-05
7.910000000000000000e+03 -2.360817921594458664e-05
7.915000000000000000e+03 1.550896826359834645e-05
7.920000000000000000e+03 2.878515428756317696e-05
7.925000000000000000e+03 -1.044507968781748914e-05
7.930000000000000000e+03 -3.024675031958244412e-05
7.935000000000000000e+03 3.047539143633551262e-05
7.940000000000000000e+03 3.161628874185811778e-05
7.945000000000000000e+03 -4.230626581883163858e-05
7.950000000000000000e+03 -2.137416169747924079e-05
7.955000000000000000e+03 4.534618753327954377e-05
7.960000000000000000e+03 2.961199482134585387e-05
7.965000000000000000e+03 -3.952420663733541273e-05
7.970000000000000000e+03 -2.345862790006967454e-05
7.975000000000000000e+03 4.474401468461496458e-05
7.980000000000000000e+03 8.967509463691928753e-06
7.985000000000000000e+03 -3.220060973997339960e-05
7.990000000000000000e+03 5.429155450769884773e-06
7.995000000000000000e+03 2.877244072376735471e-05
8.000000000000000000e+03 2.479334827515621930e-06
8.005000000000000000e+03 -2.481589549457667340e-05
8.010000000000000000e+03 2.716893052296087545e-06
8.015000000000000000e+03 1.575165305851154699e-05
8.020000000000000000e+03 -3.998738755415114663e-07
8.025000000000000000e+03 1.219235732522098288e-05
8.030000000000000000e+03 -2.654682066072863179e-06
8.035000000000000000e+03 -1.711513365746461732e-05
8.040000000000000000e+03 8.601689444045878256e-06
8.045000000000000000e+03 2.113850890047163877e-05
8.050000000000000000e+03 -4.015025515303139549e-06
8.055000000000000000e+03 -2.498167309504277977e-05
8.060000000000000000e+03 2.385984290054354528e-05
8.065000000000000000e+03 3.331535420522978497e-05
8.070000000000000000e+03 -3.774807999833735964e-05
8.075000000000000000e+03 -2.627487828504121461e-05
8.080000000000000000e+03 4.155439987991853425e-05
8.085000000000000000e+03 3.352789095543743742e-05
8.090000000000000000e+03 -3.523950564910518027e-05
8.095000000000000000e+03 -2.813795030667236855e-05
8.100000000000000000e+03 4.509547623464065891e-05
8.105000000000000000e+03 1.436374397745873015e-05
8.110000000000000000e+03 -3.938815753264272244e-05
8.115000000000000000e+03 1.277368389040715645e-06
8.120000000000000000e+03 3.721598872225901538e-05
8.125000000000000000e+03 7.229512576082726184e-06
8.130000000000000000e+03 -3.232050030559180468e-05
8.135000000000000000e+03 -1.816477695020172487e-06
8.140000000000000000e+03 2.489360106750263161e-05
8.145000000000000000e+03 -1.648967597795968606e-06
8.150000000000000000e+03 2.572685182883964202e-06
8.155000000000000000e+03 3.573122200901161101e-06
8.160000000000000000e+03 -8.400077419668006376e-06
8.165000000000000000e+03 3.249134901959726679e-06
8.170000000000000000e+03 1.173416471040093237e-05
8.175000000000000000e+03 7.742277319755339265e-07
8.180000000000000000e+03 -1.781239090627631375e-05
8.185000000000000000e+03 1.711398115420096957e-05
8.190000000000000000e+03 3.294550191938744451e-05
8.195000000000000000e+03 -3.107462342774996311e-05
8.200000000000000000e+03 -2.924137529910704502e-05
8.205000000000000000e+03 3.562252980325352679e-05
8.210000000000000000e+03 3.516804507592500016e-05
8.215000000000000000e+03 -2.927250352777884963e-05
8.220000000000000000e+03 -3.098058337760222565e-05
8.225000000000000000e+03 4.333670387679048474e-05
8.230000000000000000e+03 2.006890942263514757e-05
8.235000000000000000e+03 -4.427942198262059336e-05
8.240000000000000000e+03 -4.569262606196184383e-06
8.245000000000000000e+03 4.340084188437492166e-05
8.250000000000000000e+03 1.317682940457883450e-05
8.255000000000000000e+03 -3.735552727809916395e-05
8.260000000000000000e+03 -7.441004008053319585e-06
8.265000000000000000e+03 3.269361069091611047e-05
8.270000000000000000e+03 -1.081124110877080080e-06
8.275000000000000000e+03 -7.956443911967629588e-06
8.280000000000000000e+03 7.797485487296489342e-06
8.285000000000000000e+03 1.885520334370245783e-06
8.290000000000000000e+03 -5.814960605519428949e-09
8.295000000000000000e+03 1.364680775894722458e-06
8.300000000000000000e+03 3.547655972959868633e-06
8.305000000000000000e+03 -9.236478737565167327e-06
8.310000000000000000e+03 1.074840509564314093e-05
8.315000000000000000e+03 3.025474589261337237e-05
8.320000000000000000e+03 -2.292217676103356662e-05
8.325000000000000000e+03 -2.969133237375942287e-05
8.330000000000000000e+03 2.828303592699208752e-05
8.335000000000000000e+03 3.418925174075295939e-05
8.340000000000000000e+03 -2.237517124274943035e-05
8.345000000000000000e+03 -3.167908076727305702e-05
8.350000000000000000e+03 3.972993782596554558e-05
8.355000000000000000e+03 2.550515734124387553e-05
8.360000000000000000e+03 -4.643742370372387645e-05
8.365000000000000000e+03 -1.139270890224121010e-05
8.370000000000000000e+03 4.682752044494367622e-05
8.375000000000000000e+03 1.952619031014360949e-05
8.380000000000000000e+03 -3.969112784276282788e-05
8.385000000000000000e+03 -1.347520786032040916e-05
8.390000000000000000e+03 3.874941020982833600e-05
8.395000000000000000e+03 1.253700275616702032e-06
8.400000000000000000e+03 -1.866784718359060639e-05
8.405000000000000000e+03 9.564232564524050619e-06
8.410000000000000000e+03 1.290223347983226906e-05
8.415000000000000000e+03 -8.862033930150026550e-07
8.420000000000000000e+03 -9.097281670930497795e-06
8.425000000000000000e+03 4.172770695107031284e-06
8.430000000000000000e+03 1.712291074109932721e-07
8.435000000000000000e+03 5.242262980500731728e-06
8.440000000000000000e+03 2.516578931938373939e-05
8.445000000000000000e+03 -1.409158191525692504e-05
8.450000000000000000e+03 -2.729784607760043618e-05
8.455000000000000000e+03 2.040037595183025244e-05
8.460000000000000000e+03 3.053149851996620292e-05
8.465000000000000000e+03 -1.533026021993600635e-05
8.470000000000000000e+03 -3.012104323166271764e-05
8.475000000000000000e+03 3.463362063514528511e-05
8.480000000000000000e+03 3.006765004612184185e-05
8.485000000000000000e+03 -4.565693416025414728e-05
8.490000000000000000e+03 -1.832350038765613947e-05
8.495000000000000000e+03 4.728105457860861744e-05
8.500000000000000000e+03 2.543493905245936205e-05
8.505000000000000000e+03 -3.937177635114376520e-05
8.510000000000000000e+03 -1.923530539493868547e-05
8.515000000000000000e+03 4.279532473826787141e-05
8.520000000000000000e+03 5.156725177894217197e-06
8.525000000000000000e+03 -2.875336118749085960e-05
8.530000000000000000e+03 8.685684624137463954e-06
8.535000000000000000e+03 2.371091586453852090e-05
8.540000000000000000e+03 5.935109405413717849e-07
8.545000000000000000e+03 -1.879865748362639965e-05
8.550000000000000000e+03 2.755231849935009726e-06
8.555000000000000000e+03 9.807246212383207253e-06
8.560000000000000000e+03 1.017853445352012522e-06
8.565000000000000000e+03 1.780546357506622923e-05
8.570000000000000000e+03 -5.471862187223771939e-06
8.575000000000000000e+03 -2.203446388775585460e-05
8.580000000000000000e+03 1.286713159280601734e-05
8.585000000000000000e+03 2.442073876701106346e-05
8.590000000000000000e+03 -8.868111764028266083e-06
8.595000000000000000e+03 -2.637931688295369053e-05
8.600000000000000000e+03 2.848000286166040720e-05
8.605000000000000000e+03 3.317149461257593783e-05
8.610000000000000000e+03 -4.200184682628696308e-05
8.615000000000000000e+03 -2.443828716295181271e-05
8.620000000000000000e+03 4.485770550225294588e-05
8.625000000000000000e+03 3.010941624495605046e-05
8.630000000000000000e+03 -3.669220078618855893e-05
8.635000000000000000e+03 -2.410138464084506904e-05
8.640000000000000000e+03 4.470489375647071246e-05
8.645000000000000000e+03 1.028177860011981773e-05
8.650000000000000000e+03 -3.739861073378490517e-05
8.655000000000000000e+03 5.275908704588727692e-06
8.660000000000000000e+03 3.337432564989003186e-05
8.665000000000000000e+03 4.137309156805921293e-06
8.670000000000000000e+03 -2.699812068275222812e-05
8.675000000000000000e+03 -3.919482981948322744e-07
8.680000000000000000e+03 1.908416444096519736e-05
8.685000000000000000e+03 -1.587850427418820875e-06
8.690000000000000000e+03 8.518949620425497556e-06
8.695000000000000000e+03 2.051122798469535824e-06
8.700000000000000000e+03 -1.418563370999515483e-05
8.705000000000000000e+03 6.498389683532734873e-06
8.710000000000000000e+03 1.633714542518085230e-05
8.715000000000000000e+03 -3.594938422363010285e-06
8.720000000000000000e+03 -2.068865094795331171e-05
8.725000000000000000e+03 2.175466216376895803e-05
8.730000000000000000e+03 3.430376627382427323e-05
8.735000000000000000e+03 -3.581452348562713331e-05
8.740000000000000000e+03 -2.886744040401934070e-05
8.745000000000000000e+03 3.995362659116230612e-05
8.750000000000000000e+03 3.289440689280346126e-05
8.755000000000000000e+03 -3.214813160547589098e-05
8.760000000000000000e+03 -2.756770535824912307e-05
8.765000000000000000e+03 4.448475591722928651e-05
8.770000000000000000e+03 1.614926636716453211e-05
8.775000000000000000e+03 -4.386760158344349994e-05
8.780000000000000000e+03 -2.487497849528811072e-07
8.785000000000000000e+03 4.106105739963028138e-05
8.790000000000000000e+03 9.209581141052348304e-06
8.795000000000000000e+03 -3.313892380215786512e-05
8.800000000000000000e+03 -4.799550674992444123e-06
8.805000000000000000e+03 2.746844042121255981e-05
8.810000000000000000e+03 -2.353076537358116513e-06
8.815000000000000000e+03 -2.137186295374524083e-06
8.820000000000000000e+03 7.691923315381009793e-06
8.825000000000000000e+03 -4.321615708107417400e-06
8.830000000000000000e+03 1.938780780258250311e-06
8.835000000000000000e+03 6.953276601447718027e-06
8.840000000000000000e+03 6.027467252184907449e-08
8.845000000000000000e+03 -1.341356188298164024e-05
8.850000000000000000e+03 1.497574751485171939e-05
8.855000000000000000e+03 3.307735547000380987e-05
8.860000000000000000e+03 -2.769455255911567367e-05
8.865000000000000000e+03 -3.089849684826091270e-05
8.870000000000000000e+03 3.321595034826493328e-05
8.875000000000000000e+03 3.334531211324444279e-05
8.880000000000000000e+03 -2.636980479805769921e-05
8.885000000000000000e+03 -2.927421397314560643e-05
8.890000000000000000e+03 4.226388272919135645e-05
8.895000000000000000e+03 2.217338146569352873e-05
8.900000000000000000e+03 -4.758641884265728841e-05
8.905000000000000000e+03 -7.206658662770590914e-06
8.910000000000000000e+03 4.613958493332997589e-05
8.915000000000000000e+03 1.510275366333922462e-05
8.920000000000000000e+03 -3.689469850361434740e-05
8.925000000000000000e+03 -9.904833907088039636e-06
8.930000000000000000e+03 3.450897479710117493e-05
8.935000000000000000e+03 -1.198730210698811454e-06
8.940000000000000000e+03 -1.342726315144273482e-05
8.945000000000000000e+03 1.085783793756116474e-05
8.950000000000000000e+03 6.759252827445093689e-06
8.955000000000000000e+03 -4.062309416181836279e-07
8.960000000000000000e+03 -2.948719471849893632e-06
8.965000000000000000e+03 1.875239962585273690e-06
8.970000000000000000e+03 -5.011427396938541152e-06
8.975000000000000000e+03 8.669732525542867980e-06
8.980000000000000000e+03 2.928199301823440287e-05
8.985000000000000000e+03 -1.844780984836125187e-05
8.990000000000000000e+03 -3.006211325451591139e-05
8.995000000000000000e+03 2.546273397795772498e-05
9.000000000000000000e+03 3.127438011127322605e-05
9.005000000000000000e+03 -2.004695168960503231e-05
9.010000000000000000e+03 -2.902006350360182500e-05
9.015000000000000000e+03 3.828177420158645415e-05
9.020000000000000000e+03 2.770189692308371799e-05
9.025000000000000000e+03 -4.821473897782537307e-05
9.030000000000000000e+03 -1.472258438037367532e-05
9.035000000000000000e+03 4.825030348521552854e-05
9.040000000000000000e+03 2.102209200270323584e-05
9.045000000000000000e+03 -3.818531989488965870e-05
9.050000000000000000e+03 -1.511596226543025420e-05
9.055000000000000000e+03 3.985578856786608631e-05
9.060000000000000000e+03 1.791312981306742690e-06
9.065000000000000000e+03 -2.449438662303469354e-05
9.070000000000000000e+03 1.122459525686832716e-05
9.075000000000000000e+03 1.811483715186966944e-05
9.080000000000000000e+03 -4.076956245284283723e-07
9.085000000000000000e+03 -1.256858262025205868e-05
9.090000000000000000e+03 1.838190083956521440e-06
9.095000000000000000e+03 4.005807524198603411e-06
9.100000000000000000e+03 3.341236311539983913e-06
9.105000000000000000e+03 2.292612265027939845e-05
9.110000000000000000e+03 -9.009815248825275161e-06
9.115000000000000000e+03 -2.619008127476739811e-05
9.120000000000000000e+03 1.758326037804149605e-05
9.125000000000000000e+03 2.676513483916559202e-05
9.130000000000000000e+03 -1.385374644999014452e-05
9.135000000000000000e+03 -2.676214534257335354e-05
9.140000000000000000e+03 3.287713518812353724e-05
9.145000000000000000e+03 3.206692788649968519e-05
9.150000000000000000e+03 -4.569527348938323506e-05
9.155000000000000000e+03 -2.182565150898102674e-05
9.160000000000000000e+03 4.734538354420386508e-05
9.165000000000000000e+03 2.617798543144062750e-05
9.170000000000000000e+03 -3.716439175453221434e-05
9.175000000000000000e+03 -1.986957191079965189e-05
9.180000000000000000e+03 4.326990712383284538e-05
9.185000000000000000e+03 6.361448364042862711e-06
9.190000000000000000e+03 -3.443976286209386853e-05
9.195000000000000000e+03 8.784247340681069433e-06
9.200000000000000000e+03 2.876118431361499353e-05
9.205000000000000000e+03 1.783179572873754024e-06
9.210000000000000000e+03 -2.117510361584991541e-05
9.215000000000000000e+03 1.276842506831715655e-07
9.220000000000000000e+03 1.310840258306230889e-05
9.225000000000000000e+03 -5.633155372810273218e-07
9.230000000000000000e+03 1.426216487164910057e-05
9.235000000000000000e+03 -3.501445244979170255e-07
9.240000000000000000e+03 -1.943897873017346416e-05
9.245000000000000000e+03 1.043287358049068362e-05
9.250000000000000000e+03 2.015338928611478601e-05
9.255000000000000000e+03 -8.381773047983746719e-06
9.260000000000000000e+03 -2.260250963652967493e-05
9.265000000000000000e+03 2.647603607072159673e-05
9.270000000000000000e+03 3.464421141397379996e-05
9.275000000000000000e+03 -4.027411644900836212e-05
9.280000000000000000e+03 -2.756099819850860568e-05
9.285000000000000000e+03 4.369027167554775058e-05
9.290000000000000000e+03 2.987536881993196658e-05
9.295000000000000000e+03 -3.418308859910959037e-05
9.300000000000000000e+03 -2.367571759579405839e-05
9.305000000000000000e+03 4.462720131152012526e-05
9.310000000000000000e+03 1.209008716093392126e-05
9.315000000000000000e+03 -4.241487237287472795e-05
9.320000000000000000e+03 3.856846523867064810e-06
9.325000000000000000e+03 3.778101882417719181e-05
9.330000000000000000e+03 5.763225441953093758e-06
9.335000000000000000e+03 -2.817780313978909788e-05
9.340000000000000000e+03 -2.926372640054856302e-06
9.345000000000000000e+03 2.178147579790394841e-05
9.350000000000000000e+03 -2.695622739736316506e-06
9.355000000000000000e+03 3.788043158095727056e-06
9.360000000000000000e+03 6.632668474166834815e-06
9.365000000000000000e+03 -1.027717044521888081e-05
9.370000000000000000e+03 4.736608605382626252e-06
9.375000000000000000e+03 1.197826218960978336e-05
9.380000000000000000e+03 -4.087860859778959309e-06
9.385000000000000000e+03 -1.676829139819515084e-05
9.390000000000000000e+03 1.957642994587439802e-05
9.395000000000000000e+03 3.491707533129523609e-05
9.400000000000000000e+03 -3.248845070129067851e-05
9.405000000000000000e+03 -3.110065161478792894e-05
9.410000000000000000e+03 3.782631137241149031e-05
9.415000000000000000e+03 3.158991914534289760e-05
9.420000000000000000e+03 -2.973698014964217882e-05
9.425000000000000000e+03 -2.614797142123695723e-05
9.430000000000000000e+03 4.391954735916990185e-05
9.435000000000000000e+03 1.841132599164011229e-05
9.440000000000000000e+03 -4.771512675555639529e-05
9.445000000000000000e+03 -2.937829757311383190e-06
9.450000000000000000e+03 4.442595069154601047e-05
9.455000000000000000e+03 1.093237610053483847e-05
9.460000000000000000e+03 -3.317566330497569019e-05
9.465000000000000000e+03 -6.892663735255741630e-06
9.470000000000000000e+03 2.955173218260484120e-05
9.475000000000000000e+03 -2.844309399836736336e-06
9.480000000000000000e+03 -7.779872083295790147e-06
9.485000000000000000e+03 1.121412089950703098e-05
9.490000000000000000e+03 5.632426362903961796e-07
9.495000000000000000e+03 1.013241097762311436e-06
9.500000000000000000e+03 2.911343306787907662e-06
9.505000000000000000e+03 -1.261872178804044141e-06
9.510000000000000000e+03 -9.587048043093588423e-06
9.515000000000000000e+03 1.272535591465008012e-05
9.520000000000000000e+03 3.253949755086282982e-05
9.525000000000000000e+03 -2.312156126493792883e-05
9.530000000000000000e+03 -3.183977215649905727e-05
9.535000000000000000e+03 3.050009217901525094e-05
9.540000000000000000e+03 3.102178552388668692e-05
9.545000000000000000e+03 -2.440316334535617217e-05
9.550000000000000000e+03 -2.701953741191917528e-05
9.555000000000000000e+03 4.125568328244846807e-05
9.560000000000000000e+03 2.465240646207026351e-05
9.565000000000000000e+03 -4.986294613055339053e-05
9.570000000000000000e+03 -1.074633005819268253e-05
9.575000000000000000e+03 4.819933947805320949e-05
9.580000000000000000e+03 1.656846577361574985e-05
9.585000000000000000e+03 -3.597985429039120389e-05
9.590000000000000000e+03 -1.129070752915045322e-05
9.595000000000000000e+03 3.600778042118415453e-05
9.600000000000000000e+03 -9.669289730130133612e-07
9.605000000000000000e+03 -1.956309036408642122e-05
9.610000000000000000e+03 1.293175233915583333e-05
9.615000000000000000e+03 1.216450188348837412e-05
9.620000000000000000e+03 -4.725671810315891347e-07
9.625000000000000000e+03 -6.324693108841780253e-06
9.630000000000000000e+03 -1.671944584704404001e-08
9.635000000000000000e+03 -1.459875668036432187e-06
9.640000000000000000e+03 6.486413776761980945e-06
9.645000000000000000e+03 2.739066293089944921e-05
9.650000000000000000e+03 -1.312842788430534467e-05
9.655000000000000000e+03 -2.946708094994395018e-05
9.660000000000000000e+03 2.257025423721913636e-05
9.665000000000000000e+03 2.812018751600306601e-05
9.670000000000000000e+03 -1.877513371683418424e-05
9.675000000000000000e+03 -2.614805851080700307e-05
9.680000000000000000e+03 3.686204434740871422e-05
9.685000000000000000e+03 3.008588809883319670e-05
9.690000000000000000e+03 -4.866948479048160064e-05
9.695000000000000000e+03 -1.857734178697402326e-05
9.700000000000000000e+03 4.890854106631235262e-05
9.705000000000000000e+03 2.191303544097226836e-05
9.710000000000000000e+03 -3.661134488711363828e-05
9.715000000000000000e+03 -1.563802878439619738e-05
9.720000000000000000e+03 4.081521958900073856e-05
9.725000000000000000e+03 2.790031881697904641e-06
9.730000000000000000e+03 -3.060235002429173280e-05
9.735000000000000000e+03 1.164579765000752854e-05
9.740000000000000000e+03 2.352306865032297676e-05
9.745000000000000000e+03 2.732401203016405975e-07
9.750000000000000000e+03 -1.503598547607691308e-05
9.755000000000000000e+03 -2.994438561730506823e-07
9.760000000000000000e+03 7.165595649155387606e-06
9.765000000000000000e+03 1.397742807448054316e-06
9.770000000000000000e+03 1.961221930858435890e-05
9.775000000000000000e+03 -3.538333905048247133e-06
9.780000000000000000e+03 -2.400183761669833502e-05
9.785000000000000000e+03 1.490533301522997225e-05
9.790000000000000000e+03 2.307641666242669234e-05
9.795000000000000000e+03 -1.340266558830765562e-05
9.800000000000000000e+03 -2.351224635291960881e-05
9.805000000000000000e+03 3.108122965948181685e-05
9.810000000000000000e+03 3.399406038079360654e-05
9.815000000000000000e+03 -4.426695599897145246e-05
9.820000000000000000e+03 -2.541489397597037982e-05
9.825000000000000000e+03 4.667929012550302672e-05
9.830000000000000000e+03 2.625826937235344830e-05
9.835000000000000000e+03 -3.527709395222187165e-05
9.840000000000000000e+03 -1.948755558115404491e-05
9.845000000000000000e+03 4.372893919211250097e-05
9.850000000000000000e+03 8.086929889497768151e-06
9.855000000000000000e+03 -3.995515607975594423e-05
9.860000000000000000e+03 7.562887252709352789e-06
9.865000000000000000e+03 3.366021861244568439e-05
9.870000000000000000e+03 2.988482108228062093e-06
9.875000000000000000e+03 -2.262551556163897503e-05
9.880000000000000000e+03 -1.918815576252217101e-06
9.885000000000000000e+03 1.582046340176864268e-05
9.890000000000000000e+03 -2.076298384753829668e-06
9.895000000000000000e+03 9.619893833766044711e-06
9.900000000000000000e+03 4.655898712388335127e-06
9.905000000000000000e+03 -1.579379495656795275e-05
9.910000000000000000e+03 8.286434329088563535e-06
9.915000000000000000e+03 1.628772438004606743e-05
9.920000000000000000e+03 -8.743093587978950616e-06
9.925000000000000000e+03 -1.920296866230917446e-05
9.930000000000000000e+03 2.436391912396514980e-05
9.935000000000000000e+03 3.574145419086624108e-05
9.940000000000000000e+03 -3.710693246053948038e-05
9.945000000000000000e+03 -3.033444989236380889e-05
9.950000000000000000e+03 4.193070184500327093e-05
9.955000000000000000e+03 2.902472179590311551e-05
9.960000000000000000e+03 -3.233012330256023679e-05
9.965000000000000000e+03 -2.245385791637512430e-05
9.970000000000000000e+03 4.460533406998722653e-05
9.975000000000000000e+03 1.440482826950870732e-05
9.980000000000000000e+03 -4.679768402979604116e-05
9.985000000000000000e+03 1.218060944612401882e-06
9.990000000000000000e+03 4.173016718791646714e-05
9.995000000000000000e+03 7.196492888382350755e-06
1.000000000000000000e+04 -2.864232223729361239e-05
1.000500000000000000e+04 -4.582546949198826280e-06
1.001000000000000000e+04 2.403690050541126480e-05
1.001500000000000000e+04 -3.594258174399216097e-06
1.002000000000000000e+04 -1.916228815299942827e-06
1.002500000000000000e+04 1.060984482187637534e-05
1.003000000000000000e+04 -5.486324021339166487e-06
1.003500000000000000e+04 3.326232686733929699e-06
1.004000000000000000e+04 8.299247239607254048e-06
1.004500000000000000e+04 -5.128881988866221232e-06
1.005000000000000000e+04 -1.341069038715189519e-05
1.005500000000000000e+04 1.724997143556302687e-05
1.006000000000000000e+04 3.484897251644969088e-05
1.006500000000000000e+04 -2.792342291655720949e-05
1.007000000000000000e+04 -3.260776737050932744e-05
1.007500000000000000e+04 3.531557338621614176e-05
1.008000000000000000e+04 2.982024214230413834e-05
1.008500000000000000e+04 -2.821948431532162068e-05
1.009000000000000000e+04 -2.422937250192386618e-05
1.009500000000000000e+04 4.341571573234795855e-05
1.010000000000000000e+04 2.107816898739918492e-05
1.010500000000000000e+04 -5.051837417551591577e-05
1.011000000000000000e+04 -6.583533491252756526e-06
1.011500000000000000e+04 4.711192678898464415e-05
1.012000000000000000e+04 1.226951136995057940e-05
1.012500000000000000e+04 -3.280886833493823631e-05
1.013000000000000000e+04 -7.936650317362756946e-06
1.013500000000000000e+04 3.136758678027010448e-05
1.014000000000000000e+04 -2.981074829469132367e-06
1.014500000000000000e+04 -1.412399321213029076e-05
1.015000000000000000e+04 1.372669673925686733e-05
1.015500000000000000e+04 6.053453008299878824e-06
1.016000000000000000e+04 4.123276966953441103e-07
1.016500000000000000e+04 -2.658039513265901725e-07
1.017000000000000000e+04 -2.753774237227760633e-06
1.017500000000000000e+04 -6.410666693316749319e-06
1.018000000000000000e+04 1.033610651230800059e-05
1.018500000000000000e+04 3.106087070355922420e-05
1.019000000000000000e+04 -1.766311693022111766e-05
1.019500000000000000e+04 -3.178463007937766245e-05
1.020000000000000000e+04 2.763578496765925840e-05
1.020500000000000000e+04 2.847289026821112849e-05
1.021000000000000000e+04 -2.343645946177582988e-05
1.021500000000000000e+04 -2.459318074412980006e-05
1.022000000000000000e+04 4.025991723027780284e-05
1.022500000000000000e+04 2.734582608545504267e-05
1.023000000000000000e+04 -5.079165471336817789e-05
1.023500000000000000e+04 -1.485784534094154743e-05
1.024000000000000000e+04 4.947274528776599424e-05
1.024500000000000000e+04 1.750605251561787983e-05
1.025000000000000000e+04 -3.502698582887222971e-05
1.025500000000000000e+04 -1.160082164215632110e-05
1.026000000000000000e+04 3.740368553317749385e-05
1.026500000000000000e+04 -2.599900270040001985e-07
1.027000000000000000e+04 -2.600999774006046360e-05
1.027500000000000000e+04 1.373030707529634210e-05
1.028000000000000000e+04 1.783008249997874902e-05
1.028500000000000000e+04 -3.209675076507251250e-07
1.029000000000000000e+04 -8.776747108338306194e-06
1.029500000000000000e+04 -1.676615902701484574e-06
1.030000000000000000e+04 1.452899810919051122e-06
1.030500000000000000e+04 4.230590951203875419e-06
1.031000000000000000e+04 2.439447473266666765e-05
1.031500000000000000e+04 -7.388722487991496136e-06
1.032000000000000000e+04 -2.774280820175447951e-05
1.032500000000000000e+04 1.974558115070895463e-05
1.033000000000000000e+04 2.503470322090666113e-05
1.033500000000000000e+04 -1.846331466567838366e-05
1.034000000000000000e+04 -2.341491686988616603e-05
1.034500000000000000e+04 3.537627812308248825e-05
1.035000000000000000e+04 3.241832421871563663e-05
1.035500000000000000e+04 -4.762277865145121756e-05
1.036000000000000000e+04 -2.255412109741102057e-05
1.036500000000000000e+04 4.879492684163720553e-05
1.037000000000000000e+04 2.221301119781362050e-05
1.037500000000000000e+04 -3.536518008020188053e-05
1.038000000000000000e+04 -1.519638819059855375e-05
1.038500000000000000e+04 4.179376154399044358e-05
1.039000000000000000e+04 4.331968186704065422e-06
1.039500000000000000e+04 -3.656004372547624502e-05
1.040000000000000000e+04 1.070131715335631818e-05
1.040500000000000000e+04 2.882995825091198096e-05
1.041000000000000000e+04 1.008372156770046925e-06
1.041500000000000000e+04 -1.665746620493023443e-05
1.042000000000000000e+04 -1.838806422974884607e-06
1.042500000000000000e+04 9.782749277646635413e-06
1.043000000000000000e+04 -5.014359369886370537e-07
1.043500000000000000e+04 1.516308491340045382e-05
1.044000000000000000e+04 1.835121268823088469e-06
1.044500000000000000e+04 -2.070135584001179453e-05
1.045000000000000000e+04 1.245576084792865494e-05
1.045500000000000000e+04 1.975796547746995209e-05
1.046000000000000000e+04 -1.373039192796225983e-05
1.046500000000000000e+04 -2.065567493668008360e-05
1.047000000000000000e+04 2.914284792042760009e-05
1.047500000000000000e+04 3.555695595061067932e-05
1.048000000000000000e+04 -4.135790050486351808e-05
1.048500000000000000e+04 -2.867381264765146706e-05
1.049000000000000000e+04 4.536358732976810532e-05
1.049500000000000000e+04 2.578238875202406644e-05
1.050000000000000000e+04 -3.403140029535178367e-05
1.050500000000000000e+04 -1.836636845749770074e-05
1.051000000000000000e+04 4.426574055778744675e-05
1.051500000000000000e+04 1.034807749796690428e-05
1.052000000000000000e+04 -4.484723715394527799e-05
1.052500000000000000e+04 5.070605996151839485e-06
1.053000000000000000e+04 3.813289928492173019e-05
1.053500000000000000e+04 4.058253648475404188e-06
1.054000000000000000e+04 -2.343363013393984354e-05
1.054500000000000000e+04 -3.089316461806917154e-06
1.055000000000000000e+04 1.814415281396898250e-05
1.055500000000000000e+04 -3.395970182479739781e-06
1.056000000000000000e+04 3.965414779156220518e-06
1.056500000000000000e+04 9.060633235437471003e-06
1.057000000000000000e+04 -1.119595925512274454e-05
1.057500000000000000e+04 6.450032606199377140e-06
1.058000000000000000e+04 1.305022621446987079e-05
1.058500000000000000e+04 -9.586004410202571217e-06
1.059000000000000000e+04 -1.636693105269329513e-05
1.059500000000000000e+04 2.206466218758942397e-05
1.060000000000000000e+04 3.615757971892020003e-05
1.060500000000000000e+04 -3.265704545483909369e-05
1.061000000000000000e+04 -3.238201842514755945e-05
1.061500000000000000e+04 3.971902425967945379e-05
1.062000000000000000e+04 2.775292298333226806e-05
1.062500000000000000e+04 -3.133606136983663442e-05
1.063000000000000000e+04 -2.078931588252900338e-05
1.063500000000000000e+04 4.465227846054577171e-05
1.064000000000000000e+04 1.715751787082974445e-05
1.064500000000000000e+04 -5.013462737790730687e-05
1.065000000000000000e+04 -2.429441269924279042e-06
1.065500000000000000e+04 4.501086424545015931e-05
1.066000000000000000e+04 8.313482991562057107e-06
1.066500000000000000e+04 -2.876231612911241001e-05
1.067000000000000000e+04 -5.210938945033996175e-06
1.067500000000000000e+04 2.608093109796973252e-05
1.068000000000000000e+04 -4.144469974524532364e-06
1.068500000000000000e+04 -8.360394931953242371e-06
1.069000000000000000e+04 1.356580442560278089e-05
1.069500000000000000e+04 -1.896932841870825933e-08
1.070000000000000000e+04 2.221582417069145521e-06
1.070500000000000000e+04 5.417117027049888778e-06
1.071000000000000000e+04 -6.281182039139324067e-06
1.071500000000000000e+04 -1.068798881164442453e-05
1.072000000000000000e+04 1.474416348384716508e-05
1.072500000000000000e+04 3.382926925752039799e-05
1.073000000000000000e+04 -2.243124491778836728e-05
1.073500000000000000e+04 -3.309901066400109770e-05
1.074000000000000000e+04 3.258248973418920386e-05
1.074500000000000000e+04 2.784917139770362392e-05
1.075000000000000000e+04 -2.765051431375358101e-05
1.075500000000000000e+04 -2.218960025068634145e-05
1.076000000000000000e+04 4.291715909623360612e-05
1.076500000000000000e+04 2.399275957565899636e-05
1.077000000000000000e+04 -5.196018574497766418e-05
1.077500000000000000e+04 -1.084928252884721821e-05
1.078000000000000000e+04 4.900095467855895609e-05
1.078500000000000000e+04 1.315307651841993443e-05
1.079000000000000000e+04 -3.244418398647661727e-05
1.079500000000000000e+04 -7.942947871570477024e-06
1.080000000000000000e+04 3.313390348881123441e-05
1.080500000000000000e+04 -2.637720977774051670e-06
1.081000000000000000e+04 -2.081447582768214784e-05
1.081500000000000000e+04 1.493896598096136490e-05
1.082000000000000000e+04 1.186938915039820294e-05
1.082500000000000000e+04 3.471340517667883841e-08
1.083000000000000000e+04 -2.597285965761583324e-06
1.083500000000000000e+04 -3.968378070824370849e-06
1.084000000000000000e+04 -3.842250595719874746e-06
1.084500000000000000e+04 7.835153460712547107e-06
1.085000000000000000e+04 2.845646805639179800e-05
1.085500000000000000e+04 -1.174905639850069928e-05
1.086000000000000000e+04 -3.056237518301202120e-05
1.086500000000000000e+04 2.476708808719108056e-05
1.087000000000000000e+04 2.599437632821161698e-05
1.087500000000000000e+04 -2.336628338743663468e-05
1.088000000000000000e+04 -2.234638212346502415e-05
1.088500000000000000e+04 3.917769066915549500e-05
1.089000000000000000e+04 3.001719609283287326e-05
1.089500000000000000e+04 -5.019413280751829304e-05
1.090000000000000000e+04 -1.913087947883067882e-05
1.090500000000000000e+04 4.994376941802896355e-05
1.091000000000000000e+04 1.792539864711121733e-05
1.091500000000000000e+04 -3.442025057141776017e-05
1.092000000000000000e+04 -1.099804445503051817e-05
1.092500000000000000e+04 3.886426294371274164e-05
1.093000000000000000e+04 1.006456732089059351e-06
1.093500000000000000e+04 -3.233606595535188770e-05
1.094000000000000000e+04 1.312724451826505121e-05
1.094500000000000000e+04 2.344830014651930905e-05
1.095000000000000000e+04 -8.659936384987214875e-08
1.095500000000000000e+04 -1.046438233419561951e-05
1.096000000000000000e+04 -2.710411167896142945e-06
1.096500000000000000e+04 3.867685520960411941e-06
1.097000000000000000e+04 1.984069107677512056e-06
1.097500000000000000e+04 2.023393297868922682e-05
1.098000000000000000e+04 -1.721680889199787535e-06
1.098500000000000000e+04 -2.485346208403210703e-05
1.099000000000000000e+04 1.708596103709143931e-05
1.099500000000000000e+04 2.229821963829773515e-05
1.100000000000000000e+04 -1.886014049060100056e-05
1.100500000000000000e+04 -2.110259597482335773e-05
1.101000000000000000e+04 3.371663512124419183e-05
1.101500000000000000e+04 3.440863214941350368e-05
1.102000000000000000e+04 -4.506158029870595299e-05
1.102500000000000000e+04 -2.622695407113356157e-05
1.103000000000000000e+04 4.798377689201903032e-05
1.103500000000000000e+04 2.202138761306795961e-05
1.104000000000000000e+04 -3.475633545848037451e-05
1.104500000000000000e+04 -1.407414223256193981e-05
1.105000000000000000e+04 4.288359719375983258e-05
1.105500000000000000e+04 6.436021449371772996e-06
1.106000000000000000e+04 -4.191548162122354866e-05
1.106500000000000000e+04 8.442169018325475257e-06
1.107000000000000000e+04 3.374883894929539942e-05
1.107500000000000000e+04 1.656136457999144518e-06
1.108000000000000000e+04 -1.771387509867813036e-05
1.108500000000000000e+04 -2.494286839681749924e-06
1.109000000000000000e+04 1.206670276643732321e-05
1.109500000000000000e+04 -2.235126647500384916e-06
1.110000000000000000e+04 9.666737250600616180e-06
1.110500000000000000e+04 6.620376504718687621e-06
1.111000000000000000e+04 -1.638559842010604012e-05
1.111500000000000000e+04 1.026839920319601654e-05
1.112000000000000000e+04 1.702472330353988034e-05
1.112500000000000000e+04 -1.446876586766600446e-05
1.113000000000000000e+04 -1.837427010214633146e-05
1.113500000000000000e+04 2.697771601587572305e-05
1.114000000000000000e+04 3.645095363634125900e-05
1.114500000000000000e+04 -3.712680056711632564e-05
1.115000000000000000e+04 -3.121669016221525410e-05
1.115500000000000000e+04 4.353442129697435094e-05
1.116000000000000000e+04 2.493634958545604190e-05
1.116500000000000000e+04 -3.361884780782127742e-05
1.117000000000000000e+04 -1.686345477529459249e-05
1.117500000000000000e+04 4.489010811899177890e-05
1.118000000000000000e+04 1.308112506120968826e-05
1.118500000000000000e+04 -4.870396290371266780e-05
1.119000000000000000e+04 1.521898071893604810e-06
1.119500000000000000e+04 4.195713648384101865e-05
1.120000000000000000e+04 4.874068422615871371e-06
1.120500000000000000e+04 -2.396318593620438500e-05
1.121000000000000000e+04 -3.244612806722280561e-06
1.121500000000000000e+04 2.031738860265072164e-05
1.122000000000000000e+04 -4.384930042843219252e-06
1.122500000000000000e+04 -2.467310230995554374e-06
1.123000000000000000e+04 1.244400948647505641e-05
1.123500000000000000e+04 -5.855299438091634090e-06
1.124000000000000000e+04 4.891929712366689786e-06
1.124500000000000000e+04 1.054828694301463169e-05
1.125000000000000000e+04 -1.047461859626822543e-05
1.125500000000000000e+04 -1.415991018184583284e-05
1.126000000000000000e+04 1.954123631847969934e-05
1.126500000000000000e+04 3.562322678792982660e-05
1.127000000000000000e+04 -2.723922552860647250e-05
1.127500000000000000e+04 -3.340524195606352502e-05
1.128000000000000000e+04 3.721563211928947696e-05
1.128500000000000000e+04 2.631279137200692484e-05
1.129000000000000000e+04 -3.124597718912729431e-05
1.129500000000000000e+04 -1.906172334377834074e-05
1.130000000000000000e+04 4.470740338250843714e-05
1.130500000000000000e+04 2.019551526139023168e-05
1.131000000000000000e+04 -5.210869430213121257e-05
1.131500000000000000e+04 -6.744245560938999382e-06
1.132000000000000000e+04 4.749499329969838931e-05
1.132500000000000000e+04 9.047032707968598382e-06
1.133000000000000000e+04 -2.893353459747106390e-05
1.133500000000000000e+04 -4.833101448886265506e-06
1.134000000000000000e+04 2.813646004393764334e-05
1.134500000000000000e+04 -4.219773813137765258e-06
1.135000000000000000e+04 -1.518985342175497862e-05
1.135500000000000000e+04 1.520827705857351430e-05
1.136000000000000000e+04 5.837998597961896271e-06
1.136500000000000000e+04 1.335702746470370721e-06
1.137000000000000000e+04 3.306271382999258488e-06
1.137500000000000000e+04 -7.101880373190810676e-06
1.138000000000000000e+04 -8.549345198355105314e-06
1.138500000000000000e+04 1.207989086545429464e-05
1.139000000000000000e+04 3.167378033518322955e-05
1.139500000000000000e+04 -1.644547302920564162e-05
1.140000000000000000e+04 -3.239668884092714230e-05
1.140500000000000000e+04 2.977424546648265024e-05
1.141000000000000000e+04 2.596044530444598200e-05
1.141500000000000000e+04 -2.791867210101650650e-05
1.142000000000000000e+04 -2.037984803593516500e-05
1.142500000000000000e+04 4.231962073808334310e-05
1.143000000000000000e+04 2.692207662359807528e-05
1.143500000000000000e+04 -5.186214584155813536e-05
1.144000000000000000e+04 -1.531857039910799675e-05
1.144500000000000000e+04 5.006840056759951209e-05
1.145000000000000000e+04 1.358985534228030194e-05
1.145500000000000000e+04 -3.245419104902512225e-05
1.146000000000000000e+04 -7.083336248311465661e-06
1.146500000000000000e+04 3.502024172534577430e-05
1.147000000000000000e+04 -1.726378187198965570e-06
1.147500000000000000e+04 -2.742060546761415407e-05
1.148000000000000000e+04 1.472462452707785943e-05
1.148500000000000000e+04 1.769398782425570760e-05
1.149000000000000000e+04 -2.419917971054517560e-07
1.149500000000000000e+04 -4.244981259236409337e-06
1.150000000000000000e+04 -4.518860450312305651e-06
1.150500000000000000e+04 -1.731049492869584766e-06
1.151000000000000000e+04 5.298454486444469139e-06
1.151500000000000000e+04 2.466740623269381833e-05
1.152000000000000000e+04 -5.876240931421018670e-06
1.152500000000000000e+04 -2.813306503065185330e-05
1.153000000000000000e+04 2.199843799015104641e-05
1.153500000000000000e+04 2.385409660843019491e-05
1.154000000000000000e+04 -2.393550437166770556e-05
1.154500000000000000e+04 -2.055887870124199258e-05
1.155000000000000000e+04 3.789514096728174093e-05
1.155500000000000000e+04 3.237829094452703645e-05
1.156000000000000000e+04 -4.805753691009732545e-05
1.156500000000000000e+04 -2.313208104293298947e-05
1.157000000000000000e+04 4.967992407415445225e-05
1.157500000000000000e+04 1.791976014650107165e-05
1.158000000000000000e+04 -3.445713793987299669e-05
1.158500000000000000e+04 -9.772567579797223662e-06
1.159000000000000000e+04 4.048076204370129930e-05
1.159500000000000000e+04 2.856691788874564026e-06
1.160000000000000000e+04 -3.809070336405263223e-05
1.160500000000000000e+04 1.117484050163225715e-05
1.161000000000000000e+04 2.872229777265430608e-05
1.161500000000000000e+04 9.852878485598766609e-08
1.162000000000000000e+04 -1.166636714652491972e-05
1.162500000000000000e+04 -2.842047172167973489e-06
1.163000000000000000e+04 6.003873772860895871e-06
1.163500000000000000e+04 -1.362702305596241358e-07
1.164000000000000000e+04 1.499700157655193042e-05
1.164500000000000000e+04 3.379154044879990925e-06
1.165000000000000000e+04 -2.089551716843994183e-05
1.165500000000000000e+04 1.463606379487294209e-05
1.166000000000000000e+04 2.011372473080831670e-05
1.166500000000000000e+04 -1.959438019454830127e-05
1.167000000000000000e+04 -1.938822614481619936e-05
1.167500000000000000e+04 3.179208703975005125e-05
1.168000000000000000e+04 3.575368105419768529e-05
1.168500000000000000e+04 -4.114539966011148309e-05
1.169000000000000000e+04 -2.920201306524288030e-05
1.169500000000000000e+04 4.660672734755497501e-05
1.170000000000000000e+04 2.151578064083522782e-05
1.170500000000000000e+04 -3.496482641643097408e-05
1.171000000000000000e+04 -1.263377410330166976e-05
1.171500000000000000e+04 4.409125236917331767e-05
1.172000000000000000e+04 9.044515517004261248e-06
1.172500000000000000e+04 -4.625762701869303757e-05
1.173000000000000000e+04 5.085252233150565279e-06
1.173500000000000000e+04 3.804759081273913522e-05
1.174000000000000000e+04 2.103598766498705934e-06
1.174500000000000000e+04 -1.856278865841157978e-05
1.175000000000000000e+04 -2.137462730680972542e-06
1.175500000000000000e+04 1.426387007403877420e-05
1.176000000000000000e+04 -3.667581644098307654e-06
1.176500000000000000e+04 3.356055303154194412e-06
1.177000000000000000e+04 1.039502032629952508e-05
1.177500000000000000e+04 -1.126754784276693902e-05
1.178000000000000000e+04 8.324675524648702556e-06
1.178500000000000000e+04 1.497384652888122926e-05
1.179000000000000000e+04 -1.518203663311335829e-05
1.179500000000000000e+04 -1.672618901755411320e-05
1.180000000000000000e+04 2.454136802477317362e-05
1.180500000000000000e+04 3.640771046719242762e-05
1.181000000000000000e+04 -3.189005111513943904e-05
1.181500000000000000e+04 -3.273716430857026436e-05
1.182000000000000000e+04 4.135069949239761399e-05
1.182500000000000000e+04 2.396280130665291312e-05
1.183000000000000000e+04 -3.407409472219175272e-05
1.183500000000000000e+04 -1.536137197073262481e-05
1.184000000000000000e+04 4.553646833538438203e-05
1.184500000000000000e+04 1.613909654896773002e-05
1.185000000000000000e+04 -5.120863749900502311e-05
1.185500000000000000e+04 -2.738244639908553090e-06
1.186000000000000000e+04 4.499551504066024533e-05
1.186500000000000000e+04 5.370176494041075509e-06
1.187000000000000000e+04 -2.460067581213236216e-05
1.187500000000000000e+04 -2.417051008065451359e-06
1.188000000000000000e+04 2.256891625373850136e-05
1.188500000000000000e+04 -4.915125145780140014e-06
1.189000000000000000e+04 -9.325790608379905665e-06
1.189500000000000000e+04 1.451256177245364163e-05
1.190000000000000000e+04 -6.481767245852024893e-08
1.190500000000000000e+04 3.538841321745930854e-06
1.191000000000000000e+04 8.749103277024653465e-06
1.191500000000000000e+04 -1.096967836881873407e-05
1.192000000000000000e+04 -1.252136298714291963e-05
1.192500000000000000e+04 1.680688843802587067e-05
1.193000000000000000e+04 3.395478392453361833e-05
1.193500000000000000e+04 -2.128927469957918022e-05
1.194000000000000000e+04 -3.321995160344325604e-05
1.194500000000000000e+04 3.456995811020304658e-05
1.195000000000000000e+04 2.497652233670749633e-05
1.195500000000000000e+04 -3.193962544865928802e-05
1.196000000000000000e+04 -1.762295279819200687e-05
1.196500000000000000e+04 4.466033536825699186e-05
1.197000000000000000e+04 2.329038262343366137e-05
1.197500000000000000e+04 -5.254117979115760598e-05
1.198000000000000000e+04 -1.130497963591443570e-05
1.198500000000000000e+04 4.914965967953427163e-05
1.199000000000000000e+04 9.401804844413480533e-06
1.199500000000000000e+04 -2.951745521133426306e-05
1.200000000000000000e+04 -3.630594659875629011e-06
1.200500000000000000e+04 3.037566910647458232e-05
1.201000000000000000e+04 -3.727750738976744120e-06
1.201500000000000000e+04 -2.197660854819560435e-05
1.202000000000000000e+04 1.541080677006532117e-05
1.202500000000000000e+04 1.175955464455490085e-05
1.203000000000000000e+04 5.584294120881186270e-07
1.203500000000000000e+04 1.801672073851272838e-06
1.204000000000000000e+04 -7.211083228509595369e-06
1.204500000000000000e+04 -6.832898784755814357e-06
1.205000000000000000e+04 9.326256565972990831e-06
1.205500000000000000e+04 2.832348632146020379e-05
1.206000000000000000e+04 -1.046538412216865908e-05
1.206500000000000000e+04 -3.045692023971085713e-05
1.207000000000000000e+04 2.700156128219440582e-05
1.207500000000000000e+04 2.440960286445889815e-05
1.208000000000000000e+04 -2.876007340142180431e-05
1.208500000000000000e+04 -1.907797369733835822e-05
1.209000000000000000e+04 4.150208289388236774e-05
1.209500000000000000e+04 2.958123537299799856e-05
1.210000000000000000e+04 -5.021094566081337087e-05
1.210500000000000000e+04 -1.955194224185619718e-05
1.211000000000000000e+04 5.037488548211446711e-05
1.211500000000000000e+04 1.366813413061545370e-05
1.212000000000000000e+04 -3.312459002380038298e-05
1.212500000000000000e+04 -5.656128387582466121e-06
1.213000000000000000e+04 3.711734328138911775e-05
1.213500000000000000e+04 -2.161626650418043620e-07
1.214000000000000000e+04 -3.349439571564593514e-05
1.214500000000000000e+04 1.313664120701071985e-05
1.215000000000000000e+04 2.322165750741265165e-05
1.215500000000000000e+04 -5.405167150090427323e-07
1.216000000000000000e+04 -5.486390723352612210e-06
1.216500000000000000e+04 -4.138684053027960066e-06
1.217000000000000000e+04 1.534238264714995024e-07
1.217500000000000000e+04 2.838097122116356835e-06
1.218000000000000000e+04 1.978040203782699727e-05
1.218500000000000000e+04 -5.402641253955697099e-07
1.219000000000000000e+04 -2.459245354736283817e-05
1.219500000000000000e+04 1.938438313580901449e-05
1.220000000000000000e+04 2.224291242667927052e-05
1.220500000000000000e+04 -2.476884422650689591e-05
1.221000000000000000e+04 -1.940299744882409237e-05
1.221500000000000000e+04 3.631306444545944948e-05
1.222000000000000000e+04 3.412826662984611373e-05
1.222500000000000000e+04 -4.454121206219081836e-05
1.223000000000000000e+04 -2.646068563552436619e-05
1.223500000000000000e+04 4.880792408911820292e-05
1.224000000000000000e+04 1.765948580872620226e-05
1.224500000000000000e+04 -3.530605531319386194e-05
1.225000000000000000e+04 -8.293027586605476896e-06
1.225500000000000000e+04 4.225660394909398619e-05
1.226000000000000000e+04 5.240386858235392382e-06
1.226500000000000000e+04 -4.286468449370129091e-05
1.227000000000000000e+04 8.091470896942593339e-06
1.227500000000000000e+04 3.341121927735003712e-05
1.228000000000000000e+04 1.270856116988964361e-07
1.228500000000000000e+04 -1.273494691784228414e-05
1.229000000000000000e+04 -1.954095605210870652e-06
1.229500000000000000e+04 8.117420793955173566e-06
1.230000000000000000e+04 -1.996297035669950750e-06
1.230500000000000000e+04 8.913979755827362356e-06
1.231000000000000000e+04 7.490030028245949937e-06
1.231500000000000000e+04 -1.608442242624843427e-05
1.232000000000000000e+04 1.238953912764636648e-05
1.232500000000000000e+04 1.856775330240740816e-05
1.233000000000000000e+04 -2.022955622179711533e-05
1.233500000000000000e+04 -1.832211278326048527e-05
1.234000000000000000e+04 2.954920481429849422e-05
1.234500000000000000e+04 3.618655825399774570e-05
1.235000000000000000e+04 -3.619100604787732034e-05
1.235500000000000000e+04 -3.116604453737345634e-05
1.236000000000000000e+04 4.482056097677947513e-05
1.236500000000000000e+04 2.092959564189863342e-05
1.237000000000000000e+04 -3.601448418869333492e-05
1.237500000000000000e+04 -1.126182192656810121e-05
1.238000000000000000e+04 4.534605435191134767e-05
1.238500000000000000e+04 1.201739724498905674e-05
1.239000000000000000e+04 -4.927045793770844532e-05
1.239500000000000000e+04 9.779640192369316566e-07
1.240000000000000000e+04 4.158045804058845463e-05
1.240500000000000000e+04 2.286959411786819618e-06
1.241000000000000000e+04 -1.958224327439500318e-05
1.241500000000000000e+04 -8.119330207106661898e-07
1.242000000000000000e+04 1.660976075326592432e-05
1.242500000000000000e+04 -4.668703805456894669e-06
1.243000000000000000e+04 -3.420219884708668434e-06
1.243500000000000000e+04 1.286498659536552631e-05
1.244000000000000000e+04 -5.645198448728698263e-06
1.244500000000000000e+04 6.564049721254329701e-06
1.245000000000000000e+04 1.356478538202606727e-05
1.245500000000000000e+04 -1.543388200645784576e-05
1.246000000000000000e+04 -1.564040007483515443e-05
1.246500000000000000e+04 2.183799081254986254e-05
1.247000000000000000e+04 3.524414128652781617e-05
1.247500000000000000e+04 -2.608426886665783946e-05
1.248000000000000000e+04 -3.304532682076685333e-05
1.248500000000000000e+04 3.896332439237841673e-05
1.249000000000000000e+04 2.312305213381876879e-05
1.249500000000000000e+04 -3.526737232367046994e-05
1.250000000000000000e+04 -1.421351402472922549e-05
1.250500000000000000e+04 4.608775992409811623e-05
1.251000000000000000e+04 1.929935463210253588e-05
1.251500000000000000e+04 -5.218221192744808685e-05
1.252000000000000000e+04 -7.284905350321192825e-06
1.252500000000000000e+04 4.720741532075868423e-05
1.253000000000000000e+04 5.550011854071915877e-06
1.253500000000000000e+04 -2.569715856386133249e-05
1.254000000000000000e+04 -7.986847096558074090e-07
1.254500000000000000e+04 2.507432399609396562e-05
1.255000000000000000e+04 -4.888776514304852908e-06
1.255500000000000000e+04 -1.618630974576551579e-05
1.256000000000000000e+04 1.513979318604422013e-05
1.256500000000000000e+04 5.843902739450087845e-06
1.257000000000000000e+04 2.292031046890444233e-06
1.257500000000000000e+04 7.483811317254505134e-06
1.258000000000000000e+04 -1.069773940414659968e-05
1.258500000000000000e+04 -1.127736716342552162e-05
1.259000000000000000e+04 1.392276999249414411e-05
1.259500000000000000e+04 3.109254143065359326e-05
1.260000000000000000e+04 -1.530737211413217571e-05
1.260500000000000000e+04 -3.177873042899228065e-05
1.261000000000000000e+04 3.189813331654034153e-05
1.261500000000000000e+04 2.398768831614666658e-05
1.262000000000000000e+04 -3.314550196553807339e-05
1.262500000000000000e+04 -1.674948558068209710e-05
1.263000000000000000e+04 4.438191633437454990e-05
1.263500000000000000e+04 2.616171099358077166e-05
1.264000000000000000e+04 -5.141786929226087457e-05
1.264500000000000000e+04 -1.566742703882045406e-05
1.265000000000000000e+04 5.002873269358718104e-05
1.265500000000000000e+04 9.462234255633256307e-06
1.266000000000000000e+04 -3.078845630022897624e-05
1.266500000000000000e+04 -1.910792108604704600e-06
1.267000000000000000e+04 3.288941608894005968e-05
1.267500000000000000e+04 -2.629913855751760353e-06
1.268000000000000000e+04 -2.827659656584249683e-05
1.268500000000000000e+04 1.422668851969813478e-05
1.269000000000000000e+04 1.743286524799285414e-05
1.269500000000000000e+04 -2.241981106867508173e-07
1.270000000000000000e+04 6.263024657649234641e-07
1.270500000000000000e+04 -6.351513369886404508e-06
1.271000000000000000e+04 -5.296058479261711838e-06
1.271500000000000000e+04 6.589924273419258081e-06
1.272000000000000000e+04 2.386283724176359547e-05
1.272500000000000000e+04 -4.987176665163378077e-06
1.273000000000000000e+04 -2.737470441485772161e-05
1.273500000000000000e+04 2.432787316901981805e-05
1.274000000000000000e+04 2.337544805449630190e-05
1.274500000000000000e+04 -2.979445936086183135e-05
1.275000000000000000e+04 -1.845160767998094047e-05
1.275500000000000000e+04 4.035587299925244646e-05
1.276000000000000000e+04 3.167263301077034501e-05
1.276500000000000000e+04 -4.716493688787176479e-05
1.277000000000000000e+04 -2.314298627966657941e-05
1.277500000000000000e+04 5.004202036954886139e-05
1.278000000000000000e+04 1.355215992392747230e-05
1.278500000000000000e+04 -3.461233937786213703e-05
1.279000000000000000e+04 -4.037171395870915640e-06
1.279500000000000000e+04 3.942589830018715440e-05
1.280000000000000000e+04 1.851054757619276633e-06
1.280500000000000000e+04 -3.862940451047340871e-05
1.281000000000000000e+04 1.039409795988630059e-05
1.281500000000000000e+04 2.820418625503631643e-05
1.282000000000000000e+04 -9.626861202199246474e-07
1.282500000000000000e+04 -6.669311524842646711e-06
1.283000000000000000e+04 -2.721396185099618203e-06
1.283500000000000000e+04 2.077654909012491029e-06
1.284000000000000000e+04 5.864512851210712000e-07
1.284500000000000000e+04 1.402177361206258868e-05
1.285000000000000000e+04 3.834971579223491389e-06
1.285500000000000000e+04 -2.015792348414594527e-05
1.286000000000000000e+04 1.692967518171107437e-05
1.286500000000000000e+04 2.123658155733714961e-05
1.287000000000000000e+04 -2.542820092962774819e-05
1.287500000000000000e+04 -1.892092167393173680e-05
1.288000000000000000e+04 3.436760999807272232e-05
1.288500000000000000e+04 3.500227358835039443e-05
1.289000000000000000e+04 -3.996112914760266573e-05
1.289500000000000000e+04 -2.879769816968499727e-05
1.290000000000000000e+04 4.748201618865544114e-05
1.290500000000000000e+04 1.736979880940491683e-05
1.291000000000000000e+04 -3.697982670894351623e-05
1.291500000000000000e+04 -6.950996961815820114e-06
1.292000000000000000e+04 4.411606932268484271e-05
1.292500000000000000e+04 8.025626136557793873e-06
1.293000000000000000e+04 -4.634324187957122924e-05
1.293500000000000000e+04 4.225861550566393277e-06
1.294000000000000000e+04 3.736206788354043558e-05
1.294500000000000000e+04 -6.241244183471261638e-08
1.295000000000000000e+04 -1.404062470306602645e-05
1.295500000000000000e+04 -1.016567232869655736e-07
1.296000000000000000e+04 1.045155141448324263e-05
1.296500000000000000e+04 -3.463589504643226452e-06
1.297000000000000000e+04 2.328272167288962910e-06
1.297500000000000000e+04 1.031708272333064353e-05
1.298000000000000000e+04 -1.072217443640011172e-05
1.298500000000000000e+04 1.029742476737209864e-05
1.299000000000000000e+04 1.761167245850471741e-05
1.299500000000000000e+04 -2.033149025676088661e-05
1.300000000000000000e+04 -1.782217694964064272e-05
1.300500000000000000e+04 2.698171101748122482e-05
1.301000000000000000e+04 3.552489036651556285e-05
1.301500000000000000e+04 -3.063440133847017329e-05
1.302000000000000000e+04 -3.192435382617916576e-05
1.302500000000000000e+04 4.277706019979020814e-05
1.303000000000000000e+04 2.051408025839981732e-05
1.303500000000000000e+04 -3.776551104814418681e-05
1.304000000000000000e+04 -1.031410908175541815e-05
1.304500000000000000e+04 4.652390283291056583e-05
1.305000000000000000e+04 1.513910167852430744e-05
1.305500000000000000e+04 -5.077475570571750486e-05
1.306000000000000000e+04 -3.452470484239226304e-06
1.306500000000000000e+04 4.429984645324682672e-05
1.307000000000000000e+04 2.209217756587232687e-06
1.307500000000000000e+04 -2.111374224282566961e-05
1.308000000000000000e+04 1.279229060615047278e-06
1.308500000000000000e+04 1.928426479237401199e-05
1.309000000000000000e+04 -5.134772355685486969e-06
1.309500000000000000e+04 -1.024421530884721183e-05
1.310000000000000000e+04 1.390406682899196362e-05
1.310500000000000000e+04 1.446421301156447209e-07
1.311000000000000000e+04 4.898190876857519536e-06
1.311500000000000000e+04 1.262434449161851459e-05
1.312000000000000000e+04 -1.485666164038453281e-05
1.312500000000000000e+04 -1.493018145048118761e-05
1.313000000000000000e+04 1.891964996997532581e-05
1.313500000000000000e+04 3.289950809531529710e-05
1.314000000000000000e+04 -2.020897202588404536e-05
1.314500000000000000e+04 -3.209086529359946033e-05
1.315000000000000000e+04 3.649302097502488986e-05
1.315500000000000000e+04 2.264923899362416272e-05
1.316000000000000000e+04 -3.691882274886118135e-05
1.316500000000000000e+04 -1.369562513015613115e-05
1.317000000000000000e+04 4.640591089209996170e-05
1.317500000000000000e+04 2.228721181687577820e-05
1.318000000000000000e+04 -5.160931464430304385e-05
1.318500000000000000e+04 -1.167041617660176304e-05
1.319000000000000000e+04 4.864035380701649600e-05
1.319500000000000000e+04 5.495250586564288940e-06
1.320000000000000000e+04 -2.751636625404174885e-05
1.320500000000000000e+04 1.293282609821102395e-06
1.321000000000000000e+04 2.792536409317246564e-05
1.321500000000000000e+04 -4.259016647286109244e-06
1.322000000000000000e+04 -2.261010884369607532e-05
1.322500000000000000e+04 1.437918547299929150e-05
1.323000000000000000e+04 1.155229341812113669e-05
1.323500000000000000e+04 1.045588350424192702e-06
1.324000000000000000e+04 6.475182697225052928e-06
1.324500000000000000e+04 -9.410311779804938782e-06
1.325000000000000000e+04 -1.017240689113175673e-05
1.325500000000000000e+04 1.098937141626429699e-05
1.326000000000000000e+04 2.711781133490714395e-05
1.326500000000000000e+04 -9.788808630225996388e-06
1.327000000000000000e+04 -2.917599588705665619e-05
1.327500000000000000e+04 2.927143258520083972e-05
1.328000000000000000e+04 2.351333411333249708e-05
1.328500000000000000e+04 -3.447752465532849547e-05
1.329000000000000000e+04 -1.660455713395556969e-05
1.329500000000000000e+04 4.375283210143952715e-05
1.330000000000000000e+04 2.851622816186788416e-05
1.330500000000000000e+04 -4.889548213385130790e-05
1.331000000000000000e+04 -1.942089711225485819e-05
1.331500000000000000e+04 5.024880245334232436e-05
1.332000000000000000e+04 9.387640034528482361e-06
1.332500000000000000e+04 -3.289243171517132545e-05
1.333000000000000000e+04 -5.771199497294005279e-08
1.333500000000000000e+04 3.567626769431740528e-05
1.334000000000000000e+04 -9.586997000110755899e-07
1.334500000000000000e+04 -3.368723636719815769e-05
1.335000000000000000e+04 1.187516266576386513e-05
1.335500000000000000e+04 2.260382308369206434e-05
1.336000000000000000e+04 -1.108787523555705315e-06
1.336500000000000000e+04 -5.640665033715058596e-07
1.337000000000000000e+04 -4.427430775827796505e-06
1.337500000000000000e+04 -3.660939489721670758e-06
1.338000000000000000e+04 4.001164125726691698e-06
1.338500000000000000e+04 1.851289191468418019e-05
1.339000000000000000e+04 -4.335923189307885159e-07
1.339500000000000000e+04 -2.336899814891710021e-05
1.340000000000000000e+04 2.176782055739879594e-05
1.340500000000000000e+04 2.292307297777259196e-05
1.341000000000000000e+04 -3.058123663892818345e-05
1.341500000000000000e+04 -1.853478343725402087e-05
1.342000000000000000e+04 3.880531903801514150e-05
1.342500000000000000e+04 3.293428500521665203e-05
1.343000000000000000e+04 -4.303832782327785212e-05
1.343500000000000000e+04 -2.576831098708961057e-05
1.344000000000000000e+04 4.922132535956926479e-05
1.344500000000000000e+04 1.346004803294387724e-05
1.345000000000000000e+04 -3.691929915276847846e-05
1.345500000000000000e+04 -2.624115087898964736e-06
1.346000000000000000e+04 4.186544497469518592e-05
1.346500000000000000e+04 4.352604284193784543e-06
1.347000000000000000e+04 -4.251284755120307107e-05
1.347500000000000000e+04 6.846183208240694425e-06
1.348000000000000000e+04 3.248256888405028482e-05
1.348500000000000000e+04 -1.567463202312795030e-06
1.349000000000000000e+04 -8.157716943175684793e-06
1.349500000000000000e+04 -3.335889305517388862e-07
1.350000000000000000e+04 4.293496402036917008e-06
1.350500000000000000e+04 -1.321718914015818113e-06
1.351000000000000000e+04 7.728115634530403061e-06
1.351500000000000000e+04 6.956767320079488189e-06
1.352000000000000000e+04 -1.513459640218127880e-05
1.352500000000000000e+04 1.459566622676025607e-05
1.353000000000000000e+04 2.077830744185829421e-05
1.353500000000000000e+04 -2.548070607066067219e-05
1.354000000000000000e+04 -1.901923931887632976e-05
1.354500000000000000e+04 3.204067204263037180e-05
1.355000000000000000e+04 3.481901759528906973e-05
1.355500000000000000e+04 -3.475141219321902360e-05
1.356000000000000000e+04 -2.994482311081459770e-05
1.356500000000000000e+04 4.585439328108825637e-05
1.357000000000000000e+04 1.729276729580196518e-05
1.357500000000000000e+04 -3.932835305440880139e-05
1.358000000000000000e+04 -6.105687928452064114e-06
1.358500000000000000e+04 4.592787535366811352e-05
1.359000000000000000e+04 1.100511926291457587e-05
1.359500000000000000e+04 -4.834735415883105594e-05
1.360000000000000000e+04 6.430017109267753914e-09
1.360500000000000000e+04 4.052119488841049097e-05
1.361000000000000000e+04 -4.667494073918879327e-07
1.361500000000000000e+04 -1.591635504525434712e-05
1.362000000000000000e+04 2.500890359754920577e-06
1.362500000000000000e+04 1.319139554331365297e-05
1.363000000000000000e+04 -4.428187268418882560e-06
1.363500000000000000e+04 -4.349594079381011566e-06
1.364000000000000000e+04 1.173492103488975892e-05
1.364500000000000000e+04 -5.149530429527863888e-06
1.365000000000000000e+04 8.280605865211194497e-06
1.365500000000000000e+04 1.706763570249612751e-05
1.366000000000000000e+04 -1.953757800167706484e-05
1.366500000000000000e+04 -1.768842842019561134e-05
1.367000000000000000e+04 2.413143659212383586e-05
1.367500000000000000e+04 3.370674994523477694e-05
1.368000000000000000e+04 -2.497297936569895551e-05
1.368500000000000000e+04 -3.142456281404179324e-05
1.369000000000000000e+04 4.060080129786861796e-05
1.369500000000000000e+04 2.049065488716186260e-05
1.370000000000000000e+04 -3.992917952970158069e-05
1.370500000000000000e+04 -1.006638724452573872e-05
1.371000000000000000e+04 4.747717949636927863e-05
1.371500000000000000e+04 1.814191528595360427e-05
1.372000000000000000e+04 -5.075399447354421732e-05
1.372500000000000000e+04 -7.756282455312453678e-06
1.373000000000000000e+04 4.624750735392522223e-05
1.373500000000000000e+04 1.950221709033306032e-06
1.374000000000000000e+04 -2.341123914490030381e-05
1.374500000000000000e+04 3.808393307323028088e-06
1.375000000000000000e+04 2.238095358738410401e-05
1.375500000000000000e+04 -5.009988604800292878e-06
1.376000000000000000e+04 -1.668384874069071092e-05
1.376500000000000000e+04 1.356600726750645159e-05
1.377000000000000000e+04 5.779129898736897596e-06
1.377500000000000000e+04 3.228285221630325642e-06
1.378000000000000000e+04 1.187448822881189003e-05
1.378500000000000000e+04 -1.321001715275504698e-05
1.379000000000000000e+04 -1.432648583189769814e-05
1.379500000000000000e+04 1.587984216612543272e-05
1.380000000000000000e+04 2.945131440016427200e-05
1.380500000000000000e+04 -1.475701934497605660e-05
1.381000000000000000e+04 -2.996797474137291622e-05
1.381500000000000000e+04 3.401791573464666362e-05
1.382000000000000000e+04 2.269721785510780718e-05
1.382500000000000000e+04 -3.863584389521625850e-05
1.383000000000000000e+04 -1.396700750020144726e-05
1.383500000000000000e+04 4.635994539745304574e-05
1.384000000000000000e+04 2.481493621123091850e-05
1.384500000000000000e+04 -4.964466373200122586e-05
1.385000000000000000e+04 -1.548127196110865881e-05
1.385500000000000000e+04 4.940619990729248250e-05
1.386000000000000000e+04 5.361335979211115328e-06
1.386500000000000000e+04 -3.019374039388842126e-05
1.387000000000000000e+04 3.465813035008516368e-06
1.387500000000000000e+04 3.111926064556245000e-05
1.388000000000000000e+04 -3.048107920408756945e-06
1.388500000000000000e+04 -2.819962681931530648e-05
1.389000000000000000e+04 1.244978489144157367e-05
1.389500000000000000e+04 1.680177985066065200e-05
1.390000000000000000e+04 -2.923994996921916520e-07
1.390500000000000000e+04 5.381700793507540752e-06
1.391000000000000000e+04 -7.021884899690636803e-06
1.391500000000000000e+04 -8.916464371083036888e-06
1.392000000000000000e+04 8.134394498449719167e-06
1.392500000000000000e+04 2.224533723273547175e-05
1.393000000000000000e+04 -5.153756828390377357e-06
1.393500000000000000e+04 -2.563210723223328024e-05
1.394000000000000000e+04 2.671311763157174321e-05
1.394500000000000000e+04 2.360825420563590277e-05
1.395000000000000000e+04 -3.549180109154650845e-05
1.395500000000000000e+04 -1.721424147819409779e-05
1.396000000000000000e+04 4.268438895860600542e-05
1.396500000000000000e+04 3.009579416242349161e-05
1.397000000000000000e+04 -4.528565626328537747e-05
1.397500000000000000e+04 -2.223903382529380461e-05
1.398000000000000000e+04 4.995871363814717076e-05
1.398500000000000000e+04 9.390113486463039984e-06
1.399000000000000000e+04 -3.582055982285037521e-05
1.399500000000000000e+04 1.523966603734734609e-06
1.400000000000000000e+04 3.865148071788887578e-05
1.400500000000000000e+04 1.173405610264157052e-06
1.401000000000000000e+04 -3.789862523542759508e-05
1.401500000000000000e+04 8.705170455538940990e-06
1.402000000000000000e+04 2.710870255831628075e-05
1.402500000000000000e+04 -2.151787897097749212e-06
1.403000000000000000e+04 -2.127916226158010800e-06
1.403500000000000000e+04 -1.516683465396235523e-06
1.404000000000000000e+04 -1.666197632314632417e-06
1.404500000000000000e+04 1.696918310856907381e-06
1.405000000000000000e+04 1.260211687078576495e-05
1.405500000000000000e+04 2.904950710734021663e-06
1.406000000000000000e+04 -1.874735861730327123e-05
1.406500000000000000e+04 1.929163623913971717e-05
1.407000000000000000e+04 2.298766969248760035e-05
1.407500000000000000e+04 -3.068798951454221015e-05
1.408000000000000000e+04 -1.922271822211391664e-05
1.408500000000000000e+04 3.681926356425374266e-05
1.409000000000000000e+04 3.318654227268010546e-05
1.409500000000000000e+04 -3.826217209049400948e-05
1.410000000000000000e+04 -2.722731075550027663e-05
1.410500000000000000e+04 4.806518428766589203e-05
1.411000000000000000e+04 1.362570590770665521e-05
1.411500000000000000e+04 -3.988502322258517260e-05
1.412000000000000000e+04 -1.780488441048866006e-06
1.412500000000000000e+04 4.429757510798781623e-05
1.413000000000000000e+04 7.090633335846197601e-06
1.413500000000000000e+04 -4.496648201713064635e-05
1.414000000000000000e+04 2.921495015010761260e-06
1.414500000000000000e+04 3.599816611348673873e-05
1.415000000000000000e+04 -2.350959121963718370e-06
1.415500000000000000e+04 -1.027711256641631530e-05
1.416000000000000000e+04 2.798979115061256953e-06
1.416500000000000000e+04 6.992292134905849650e-06
1.417000000000000000e+04 -2.770136178456981588e-06
1.417500000000000000e+04 1.301197271222369527e-06
1.418000000000000000e+04 8.701275876836522295e-06
1.418500000000000000e+04 -9.866081443995865100e-06
1.419000000000000000e+04 1.231105513682777783e-05
1.419500000000000000e+04 2.068547684566649482e-05
1.420000000000000000e+04 -2.456793309863649133e-05
1.420500000000000000e+04 -1.948446729809421730e-05
1.421000000000000000e+04 2.936275204727843976e-05
1.421500000000000000e+04 3.351543930344565804e-05
1.422000000000000000e+04 -2.940589414304915289e-05
1.422500000000000000e+04 -2.984862459048710453e-05
1.423000000000000000e+04 4.405294000694722438e-05
1.423500000000000000e+04 1.764000164945565125e-05
1.424000000000000000e+04 -4.205370580013423110e-05
1.424500000000000000e+04 -6.033656779358428298e-06
1.425000000000000000e+04 4.753447232377323520e-05
1.425500000000000000e+04 1.391943023571372581e-05
1.426000000000000000e+04 -4.885956592170569797e-05
1.426500000000000000e+04 -4.116198686413952807e-06
1.427000000000000000e+04 4.292540606321838917e-05
1.427500000000000000e+04 -1.007108807464855635e-06
1.428000000000000000e+04 -1.860733015838501633e-05
1.428500000000000000e+04 5.515095291323057416e-06
1.429000000000000000e+04 1.643335066512019836e-05
1.429500000000000000e+04 -4.825072481647949917e-06
1.430000000000000000e+04 -1.069556514441445440e-05
1.430500000000000000e+04 1.179785612801572034e-05
1.431000000000000000e+04 3.077295793556985407e-07
1.431500000000000000e+04 6.246235753529895347e-06
1.432000000000000000e+04 1.665636747146751194e-05
1.432500000000000000e+04 -1.761478514015505720e-05
1.433000000000000000e+04 -1.763790333678324498e-05
1.433500000000000000e+04 2.108403576108617002e-05
1.434000000000000000e+04 3.080538132707028975e-05
1.434500000000000000e+04 -1.969562362945469745e-05
1.435000000000000000e+04 -2.976122578991639820e-05
1.435500000000000000e+04 3.837582342149450671e-05
1.436000000000000000e+04 2.100474401841889680e-05
1.436500000000000000e+04 -4.210582185851345231e-05
1.437000000000000000e+04 -1.067462501947870115e-05
1.437500000000000000e+04 4.806248105132717173e-05
1.438000000000000000e+04 2.074493480914225808e-05
1.438500000000000000e+04 -4.936070346922373834e-05
1.439000000000000000e+04 -1.151853929309944087e-05
1.439500000000000000e+04 4.753117919649457344e-05
1.440000000000000000e+04 1.662550973832841867e-06
1.440500000000000000e+04 -2.660051924776318403e-05
1.441000000000000000e+04 6.372850696826918757e-06
1.441500000000000000e+04 2.589660480719935568e-05
1.442000000000000000e+04 -4.305936115753272718e-06
1.442500000000000000e+04 -2.234779347435451080e-05
1.443000000000000000e+04 1.206955894774812817e-05
1.443500000000000000e+04 1.099664582289927485e-05
1.444000000000000000e+04 1.466430103192594843e-06
1.444500000000000000e+04 1.097565846475589972e-05
1.445000000000000000e+04 -1.041798215825092155e-05
1.445500000000000000e+04 -1.352660491355710177e-05
1.446000000000000000e+04 1.284310346120061432e-05
1.446500000000000000e+04 2.510711012346941392e-05
1.447000000000000000e+04 -1.014456762739467397e-05
1.447500000000000000e+04 -2.689845636288785733e-05
1.448000000000000000e+04 3.156859744335657351e-05
1.448500000000000000e+04 2.331210082212238586e-05
1.449000000000000000e+04 -3.997055446058578700e-05
1.449500000000000000e+04 -1.504617644402461788e-05
1.450000000000000000e+04 4.584711722362277302e-05
1.450500000000000000e+04 2.662930427622975006e-05
1.451000000000000000e+04 -4.659672068029941961e-05
1.451500000000000000e+04 -1.838965706015577187e-05
1.452000000000000000e+04 4.965144287991482579e-05
1.452500000000000000e+04 5.355389630120931186e-06
1.453000000000000000e+04 -3.371028006990866498e-05
1.453500000000000000e+04 5.306371942372674802e-06
1.454000000000000000e+04 3.456764576392197346e-05
1.454500000000000000e+04 -1.357556984391007937e-06
1.455000000000000000e+04 -3.264884461647988136e-05
1.455500000000000000e+04 9.699822435969474138e-06
1.456000000000000000e+04 2.142527026618159879e-05
1.456500000000000000e+04 -1.776067601816588387e-06
1.457000000000000000e+04 3.849353635219448865e-06
1.457500000000000000e+04 -3.621094918324939978e-06
1.458000000000000000e+04 -7.237953473694223210e-06
1.458500000000000000e+04 5.496577666638058173e-06
1.459000000000000000e+04 1.679430043468781104e-05
1.459500000000000000e+04 -1.689143407414492682e-06
1.460000000000000000e+04 -2.145655162474673447e-05
1.460500000000000000e+04 2.420084265248033349e-05
1.461000000000000000e+04 2.420006255865541852e-05
1.461500000000000000e+04 -3.575556069229127393e-05
1.462000000000000000e+04 -1.846259585269924332e-05
1.462500000000000000e+04 4.113126158793066142e-05
1.463000000000000000e+04 3.072311453800710728e-05
1.463500000000000000e+04 -4.101542045477039872e-05
1.464000000000000000e+04 -2.392037420129719129e-05
1.464500000000000000e+04 4.931101157981289661e-05
1.465000000000000000e+04 9.696408718242437451e-06
1.465500000000000000e+04 -3.940225162844122788e-05
1.466000000000000000e+04 2.465512571450521064e-06
1.466500000000000000e+04 4.166978524740685611e-05
1.467000000000000000e+04 3.579025182364998812e-06
1.467500000000000000e+04 -4.073405406145573114e-05
1.468000000000000000e+04 5.144658904055890681e-06
1.468500000000000000e+04 3.088503713106067724e-05
1.469000000000000000e+04 -3.348394830310281806e-06
1.469500000000000000e+04 -4.384472372892267319e-06
1.470000000000000000e+04 2.143763503974923039e-06
1.470500000000000000e+04 8.866575615436757404e-07
1.471000000000000000e+04 -2.004018494571551215e-07
1.471500000000000000e+04 6.522273279479803037e-06
1.472000000000000000e+04 4.907033048153175122e-06
1.472500000000000000e+04 -1.385530570833053607e-05
1.473000000000000000e+04 1.683434350205008544e-05
1.473500000000000000e+04 2.338197318239893668e-05
1.474000000000000000e+04 -2.975957100005941714e-05
1.474500000000000000e+04 -2.028848505058098201e-05
1.475000000000000000e+04 3.441587560925889498e-05
1.475500000000000000e+04 3.236545603002376724e-05
1.476000000000000000e+04 -3.332545011274546689e-05
1.476500000000000000e+04 -2.746667467023346576e-05
1.477000000000000000e+04 4.670437395143166797e-05
1.477500000000000000e+04 1.425193073485694214e-05
1.478000000000000000e+04 -4.320229843246461699e-05
1.478500000000000000e+04 -1.784464849896929004e-06
1.479000000000000000e+04 4.655462116508205992e-05
1.479500000000000000e+04 9.815224964557316327e-06
1.480000000000000000e+04 -4.597237839813122178e-05
1.480500000000000000e+04 -9.296173854868195065e-07
1.481000000000000000e+04 3.878383353456257078e-05
1.481500000000000000e+04 -3.234788166032105925e-06
1.482000000000000000e+04 -1.326506498375265652e-05
1.482500000000000000e+04 6.326884905985934622e-06
1.483000000000000000e+04 1.027430552659043529e-05
1.483500000000000000e+04 -3.684549686847240544e-06
1.484000000000000000e+04 -4.844220746456227836e-06
1.484500000000000000e+04 9.123879763408674311e-06
1.485000000000000000e+04 -4.679883670850727837e-06
1.485500000000000000e+04 9.987687972768241192e-06
1.486000000000000000e+04 2.067731823431626101e-05
1.486500000000000000e+04 -2.246324606520074517e-05
1.487000000000000000e+04 -2.001960148316727812e-05
1.487500000000000000e+04 2.641081822374464463e-05
1.488000000000000000e+04 3.116028643576150938e-05
1.488500000000000000e+04 -2.440802626927386971e-05
1.489000000000000000e+04 -2.860477539515654939e-05
1.489500000000000000e+04 4.216673787222232326e-05
1.490000000000000000e+04 1.854743671775921571e-05
1.490500000000000000e+04 -4.474882636747782959e-05
1.491000000000000000e+04 -6.888240814510661340e-06
1.491500000000000000e+04 4.877947023348499855e-05
1.492000000000000000e+04 1.649578170046715032e-05
1.492500000000000000e+04 -4.803027833082643041e-05
1.493000000000000000e+04 -7.727051372912336954e-06
1.493500000000000000e+04 4.467910991661771538e-05
1.494000000000000000e+04 -1.532951680532270242e-06
1.494500000000000000e+04 -2.223064737385784111e-05
1.495000000000000000e+04 8.528121904620319894e-06
1.495500000000000000e+04 2.017475327132927808e-05
1.496000000000000000e+04 -4.654875239506793964e-06
1.496500000000000000e+04 -1.632574747357978047e-05
1.497000000000000000e+04 1.072446645570349597e-05
1.497500000000000000e+04 5.386272372064111650e-06
1.498000000000000000e+04 4.109529706080737670e-06
1.498500000000000000e+04 1.603962067641144431e-05
1.499000000000000000e+04 -1.449583474025271017e-05
1.499500000000000000e+04 -1.735485178951477324e-05
1.500000000000000000e+04 1.796019881582339739e-05
1.500500000000000000e+04 2.702049935090280951e-05
1.501000000000000000e+04 -1.521303959822797441e-05
1.501500000000000000e+04 -2.715781893570409531e-05
1.502000000000000000e+04 3.613880779915276274e-05
1.502500000000000000e+04 2.209264800719036494e-05
1.503000000000000000e+04 -4.384302534072843753e-05
1.503500000000000000e+04 -1.215034664764951658e-05
1.504000000000000000e+04 4.816219723610847187e-05
1.504500000000000000e+04 2.270101487357588336e-05
1.505000000000000000e+04 -4.689981707935676275e-05
1.505500000000000000e+04 -1.441150354484942258e-05
1.506000000000000000e+04 4.829553447155660284e-05
1.506500000000000000e+04 1.549275766464014291e-06
1.507000000000000000e+04 -3.065312665916725756e-05
1.507500000000000000e+04 8.551532943859945071e-06
1.508000000000000000e+04 2.974001774826885109e-05
1.508500000000000000e+04 -3.112569098874610211e-06
1.509000000000000000e+04 -2.693499190055569288e-05
1.509500000000000000e+04 9.761965711383639548e-06
1.510000000000000000e+04 1.562802634704998944e-05
1.510500000000000000e+04 -4.396272315974330245e-07
1.511000000000000000e+04 9.577328912054866171e-06
1.511500000000000000e+04 -6.579304913282854986e-06
1.512000000000000000e+04 -1.224810206427379108e-05
1.512500000000000000e+04 9.949434913607459733e-06
1.513000000000000000e+04 2.017588451634340789e-05
1.513500000000000000e+04 -6.653756832424702996e-06
1.514000000000000000e+04 -2.319344318690462134e-05
1.514500000000000000e+04 2.912861076763525510e-05
1.515000000000000000e+04 2.441457254708275982e-05
1.515500000000000000e+04 -4.048908218042797456e-05
1.516000000000000000e+04 -1.680646413837147570e-05
1.516500000000000000e+04 4.480705386211637271e-05
1.517000000000000000e+04 2.755622377574680530e-05
1.517500000000000000e+04 -4.288768074500330017e-05
1.518000000000000000e+04 -2.019471807557090146e-05
1.518500000000000000e+04 4.952901650608318879e-05
1.519000000000000000e+04 5.698063009733088051e-06
1.519500000000000000e+04 -3.788567952519045093e-05
1.520000000000000000e+04 6.440260252863983989e-06
1.520500000000000000e+04 3.811881632785325233e-05
1.521000000000000000e+04 6.366380332498805165e-07
1.521500000000000000e+04 -3.578349241228793244e-05
1.522000000000000000e+04 6.555954264300781083e-06
1.522500000000000000e+04 2.535772191306571503e-05
1.523000000000000000e+04 -3.399663893973200229e-06
1.523500000000000000e+04 1.564031823680380173e-06
1.524000000000000000e+04 5.442938886773313594e-07
1.524500000000000000e+04 -4.930369588425868318e-06
1.525000000000000000e+04 3.204066266149807707e-06
1.525500000000000000e+04 1.114537874926219729e-05
1.526000000000000000e+04 4.870650321393533951e-07
1.526500000000000000e+04 -1.699604500988778253e-05
1.527000000000000000e+04 2.167435901810914586e-05
1.527500000000000000e+04 2.509718817881018799e-05
1.528000000000000000e+04 -3.491604079677719351e-05
1.528500000000000000e+04 -2.010956100706577066e-05
1.529000000000000000e+04 3.909842159001951785e-05
1.529500000000000000e+04 3.033375789425892013e-05
1.530000000000000000e+04 -3.656773962515440712e-05
1.530500000000000000e+04 -2.441302399259687159e-05
1.531000000000000000e+04 4.843916138207720473e-05
1.531500000000000000e+04 1.050160325608786476e-05
1.532000000000000000e+04 -4.332115175955571500e-05
1.532500000000000000e+04 2.486342638317847951e-06
1.533000000000000000e+04 4.455344974225266782e-05
1.533500000000000000e+04 6.018941744046149640e-06
1.534000000000000000e+04 -4.217573996639183956e-05
1.534500000000000000e+04 1.642747166592453972e-06
1.535000000000000000e+04 3.396290696685561993e-05
1.535500000000000000e+04 -4.620246997862472189e-06
1.536000000000000000e+04 -7.564867413560876884e-06
1.536500000000000000e+04 6.193596673657061650e-06
1.537000000000000000e+04 4.102784005699041281e-06
1.537500000000000000e+04 -1.607550089148708463e-06
1.538000000000000000e+04 6.776737342968325304e-07
1.538500000000000000e+04 5.629799467878664280e-06
1.539000000000000000e+04 -9.021029555476861193e-06
1.539500000000000000e+04 1.431110849264029250e-05
1.540000000000000000e+04 2.382367216520357505e-05
1.540500000000000000e+04 -2.757475933381999100e-05
1.541000000000000000e+04 -2.142115687900334912e-05
1.541500000000000000e+04 3.166263438569731013e-05
1.542000000000000000e+04 3.053523972753384262e-05
1.542500000000000000e+04 -2.870485692589025423e-05
1.543000000000000000e+04 -2.658410747343552786e-05
1.543500000000000000e+04 4.523230365377361062e-05
1.544000000000000000e+04 1.546628346271657715e-05
1.544500000000000000e+04 -4.645657228479812005e-05
1.545000000000000000e+04 -2.787517878062413035e-06
1.545500000000000000e+04 4.846688640578025096e-05
1.546000000000000000e+04 1.226298615707996226e-05
1.546500000000000000e+04 -4.567908638335268134e-05
1.547000000000000000e+04 -4.293436156290273660e-06
1.547500000000000000e+04 4.094165410417525627e-05
1.548000000000000000e+04 -4.069823284100273194e-06
1.548500000000000000e+04 -1.723108454003701397e-05
1.549000000000000000e+04 9.826932940403570907e-06
1.549500000000000000e+04 1.413847980442060971e-05
1.550000000000000000e+04 -4.054606528043872144e-06
1.550500000000000000e+04 -1.033282670437458071e-05
1.551000000000000000e+04 8.443319077918848395e-06
1.551500000000000000e+04 1.601498889252820416e-07
1.552000000000000000e+04 7.542848523516986517e-06
1.552500000000000000e+04 2.041639725434451740e-05
1.553000000000000000e+04 -1.910707331453204253e-05
1.553500000000000000e+04 -2.029572045970078691e-05
1.554000000000000000e+04 2.330099619712489061e-05
1.554500000000000000e+04 2.794502583656291800e-05
1.555000000000000000e+04 -2.016165482687432673e-05
1.555500000000000000e+04 -2.643885835888710456e-05
1.556000000000000000e+04 4.023741282582385365e-05
1.556500000000000000e+04 2.004364646249201859e-05
1.557000000000000000e+04 -4.695640243678481313e-05
1.557500000000000000e+04 -8.674668739208998106e-06
1.558000000000000000e+04 4.952983357905993737e-05
1.558500000000000000e+04 1.849429011817702655e-05
1.559000000000000000e+04 -4.616076289950608570e-05
1.559500000000000000e+04 -1.049994229591504530e-05
1.560000000000000000e+04 4.592595362722935281e-05
1.560500000000000000e+04 -1.844427919635790369e-06
1.561000000000000000e+04 -2.674928628011674322e-05
1.561500000000000000e+04 1.110990262543274386e-05
1.562000000000000000e+04 2.432245041100442772e-05
1.562500000000000000e+04 -3.995640638758588886e-06
1.563000000000000000e+04 -2.094516390973924977e-05
1.563500000000000000e+04 8.860975358842294779e-06
1.564000000000000000e+04 9.916126413263560879e-06
1.564500000000000000e+04 1.819508650517094707e-06
1.565000000000000000e+04 1.486948283399176672e-05
1.565500000000000000e+04 -1.028871896181712413e-05
1.566000000000000000e+04 -1.654554974729827372e-05
1.566500000000000000e+04 1.490051818388758327e-05
1.567000000000000000e+04 2.265021861548377680e-05
1.567500000000000000e+04 -1.180126478825745286e-05
1.568000000000000000e+04 -2.392706108192307847e-05
1.568500000000000000e+04 3.387767997093635601e-05
1.569000000000000000e+04 2.366901879607273375e-05
1.569500000000000000e+04 -4.470520846176399095e-05
1.570000000000000000e+04 -1.435681485162657240e-05
1.570500000000000000e+04 4.770023824899687320e-05
1.571000000000000000e+04 2.384017785375095152e-05
1.571500000000000000e+04 -4.378810804817560566e-05
1.572000000000000000e+04 -1.623646662346604096e-05
1.572500000000000000e+04 4.869435922765970868e-05
1.573000000000000000e+04 1.825938262727094405e-06
1.573500000000000000e+04 -3.537968314835271438e-05
1.574000000000000000e+04 9.963143181034510870e-06
1.574500000000000000e+04 3.375365535381452404e-05
1.575000000000000000e+04 -1.593761939408230697e-06
1.575500000000000000e+04 -3.027461612345639738e-05
1.576000000000000000e+04 7.068205601217550915e-06
1.576500000000000000e+04 1.960696298333130903e-05
1.577000000000000000e+04 -2.483370033950948904e-06
1.577500000000000000e+04 7.369391036589771466e-06
1.578000000000000000e+04 -1.951920133918931199e-06
1.578500000000000000e+04 -1.027571244034500579e-05
1.579000000000000000e+04 7.332105507482264385e-06
1.579500000000000000e+04 1.502636094300803254e-05
1.580000000000000000e+04 -4.398002249586655099e-06
1.580500000000000000e+04 -1.920033853556741332e-05
1.581000000000000000e+04 2.664088111790847605e-05
1.581500000000000000e+04 2.580936813766566932e-05
1.582000000000000000e+04 -3.984021490496702958e-05
1.582500000000000000e+04 -1.899523007528846870e-05
1.583000000000000000e+04 4.323081513306129394e-05
1.583500000000000000e+04 2.753132622465243601e-05
1.584000000000000000e+04 -3.899357964416035174e-05
1.584500000000000000e+04 -2.084737715886594890e-05
1.585000000000000000e+04 4.917503372954144038e-05
1.585500000000000000e+04 6.577802507914187235e-06
1.586000000000000000e+04 -4.239485460400321332e-05
1.586500000000000000e+04 6.583749833414326158e-06
1.587000000000000000e+04 4.158521799978970421e-05
1.587500000000000000e+04 2.706981787035669597e-06
1.588000000000000000e+04 -3.758673509474648938e-05
1.588500000000000000e+04 3.465255464472658683e-06
1.589000000000000000e+04 2.862768642107385293e-05
1.589500000000000000e+04 -5.084717776934400900e-06
1.590000000000000000e+04 -1.700199402367798639e-06
1.590500000000000000e+04 5.103399252116994267e-06
1.591000000000000000e+04 -1.882692685591466833e-06
1.591500000000000000e+04 1.348636689057595162e-06
1.592000000000000000e+04 5.691467111943376458e-06
1.592500000000000000e+04 1.434616406577198959e-06
1.593000000000000000e+04 -1.257863679409327823e-05
1.593500000000000000e+04 1.905067596073706988e-05
1.594000000000000000e+04 2.601592773516098257e-05
1.594500000000000000e+04 -3.275641376192712134e-05
1.595000000000000000e+04 -2.183065634901378376e-05
1.595500000000000000e+04 3.664316444554426672e-05
1.596000000000000000e+04 2.898756906440915301e-05
1.596500000000000000e+04 -3.241134575716573543e-05
1.597000000000000000e+04 -2.381776396235169526e-05
1.597500000000000000e+04 4.744036349809342115e-05
1.598000000000000000e+04 1.192613787698127815e-05
1.598500000000000000e+04 -4.715534787510547671e-05
1.599000000000000000e+04 1.436087745700077406e-06
1.599500000000000000e+04 4.711938914948746258e-05
1.600000000000000000e+04 8.240341633856230292e-06
1.600500000000000000e+04 -4.237088618906398075e-05
1.601000000000000000e+04 -1.389266752378959651e-06
1.601500000000000000e+04 3.644325361006776410e-05
1.602000000000000000e+04 -5.819222787165324615e-06
1.602500000000000000e+04 -1.177220732725275095e-05
1.603000000000000000e+04 1.019928228835963921e-05
1.603500000000000000e+04 7.983777849173115024e-06
1.604000000000000000e+04 -2.503406490402614315e-06
1.604500000000000000e+04 -4.566011196939666534e-06
1.605000000000000000e+04 5.292692400009273864e-06
1.605500000000000000e+04 -4.507880321367143622e-06
1.606000000000000000e+04 1.164009483044060943e-05
1.606500000000000000e+04 2.397582469640305964e-05
1.607000000000000000e+04 -2.408059735155751763e-05
1.607500000000000000e+04 -2.227875397123582672e-05
1.608000000000000000e+04 2.867037374931741240e-05
1.608500000000000000e+04 2.787894482214913050e-05
1.609000000000000000e+04 -2.479605045301818517e-05
1.609500000000000000e+04 -2.480792650045523880e-05
1.610000000000000000e+04 4.369447126442638685e-05
1.610500000000000000e+04 1.729083873247500507e-05
1.611000000000000000e+04 -4.918547850188829035e-05
1.611500000000000000e+04 -4.789393205783004946e-06
1.612000000000000000e+04 4.988563160234730110e-05
1.612500000000000000e+04 1.420246440979310991e-05
1.613000000000000000e+04 -4.438428420311860660e-05
1.613500000000000000e+04 -6.846710644990869402e-06
1.614000000000000000e+04 4.261527463402657075e-05
1.614500000000000000e+04 -4.658754179683531966e-06
1.615000000000000000e+04 -2.213062180848582490e-05
1.615500000000000000e+04 1.285981014606451369e-05
1.616000000000000000e+04 1.849065387690650549e-05
1.616500000000000000e+04 -3.946299559924563152e-06
1.617000000000000000e+04 -1.487682716598802898e-05
1.617500000000000000e+04 7.005003616597826795e-06
1.618000000000000000e+04 4.484430501429755082e-06
1.618500000000000000e+04 4.926053076147376721e-06
1.619000000000000000e+04 1.955668767474396202e-05
1.619500000000000000e+04 -1.461563381955821361e-05
1.620000000000000000e+04 -2.000756445549779788e-05
1.620500000000000000e+04 2.017370287716296811e-05
1.621000000000000000e+04 2.415647100710964444e-05
1.621500000000000000e+04 -1.693544974844661774e-05
1.622000000000000000e+04 -2.366532507938088557e-05
1.622500000000000000e+04 3.825585303985916706e-05
1.623000000000000000e+04 2.203837239246884925e-05
1.623500000000000000e+04 -4.823869981027793802e-05
1.624000000000000000e+04 -1.124696408090635341e-05
1.624500000000000000e+04 4.969332825717816005e-05
1.625000000000000000e+04 1.975004229051313139e-05
1.625500000000000000e+04 -4.366203498082683881e-05
1.626000000000000000e+04 -1.223982937495240569e-05
1.626500000000000000e+04 4.682123740668258093e-05
1.627000000000000000e+04 -1.730246489712621254e-06
1.627500000000000000e+04 -3.196566448067933853e-05
1.628000000000000000e+04 1.287207578260378245e-05
1.628500000000000000e+04 2.871379153420049635e-05
1.629000000000000000e+04 -2.998580879940058089e-06
1.629500000000000000e+04 -2.438749518509244991e-05
1.630000000000000000e+04 6.630493526708033890e-06
1.630500000000000000e+04 1.383098806148669497e-05
1.631000000000000000e+04 -6.169782700062550547e-07
1.631500000000000000e+04 1.283879297045390073e-05
1.632000000000000000e+04 -5.260720725548962890e-06
1.632500000000000000e+04 -1.498538233733894310e-05
1.633000000000000000e+04 1.204261681914948928e-05
1.633500000000000000e+04 1.805069152370091689e-05
1.634000000000000000e+04 -9.568004778167938564e-06
1.634500000000000000e+04 -2.041677642310133441e-05
1.635000000000000000e+04 3.153698138003203943e-05
1.635500000000000000e+04 2.553570546408752271e-05
1.636000000000000000e+04 -4.434194630978668348e-05
1.636500000000000000e+04 -1.702955799867396873e-05
1.637000000000000000e+04 4.665326304121381257e-05
1.637500000000000000e+04 2.409878022818342778e-05
1.638000000000000000e+04 -4.049395328947080633e-05
1.638500000000000000e+04 -1.694855212355256692e-05
1.639000000000000000e+04 4.886660903491369718e-05
1.639500000000000000e+04 2.675495875711984570e-06
1.640000000000000000e+04 -4.044701018075218398e-05
1.640500000000000000e+04 1.032020454689193593e-05
1.641000000000000000e+04 3.774055984297308139e-05
1.641500000000000000e+04 3.558135822812513127e-08
1.642000000000000000e+04 -3.235172132828369342e-05
1.642500000000000000e+04 4.432699618411487784e-06
1.643000000000000000e+04 2.296181470577793410e-05
1.643500000000000000e+04 -4.586328661567188641e-06
1.644000000000000000e+04 4.129905443561058948e-06
1.644500000000000000e+04 3.083285680521740025e-06
1.645000000000000000e+04 -7.491682815441054093e-06
1.645500000000000000e+04 5.090748414158694049e-06
1.646000000000000000e+04 1.003923859801946481e-05
1.646500000000000000e+04 -3.313978532685687572e-06
1.647000000000000000e+04 -1.524647998889622554e-05
1.647500000000000000e+04 2.402273768261574519e-05
1.648000000000000000e+04 2.721176086107917586e-05
1.648500000000000000e+04 -3.781052032669709220e-05
1.649000000000000000e+04 -2.127506410607695193e-05
1.649500000000000000e+04 4.116494253324217643e-05
1.650000000000000000e+04 2.661042186473216417e-05
1.650500000000000000e+04 -3.537414492052212651e-05
1.651000000000000000e+04 -2.045264524103905220e-05
1.651500000000000000e+04 4.869013304635084246e-05
1.652000000000000000e+04 8.109249861454922480e-06
1.652500000000000000e+04 -4.680890087815490797e-05
1.653000000000000000e+04 5.586833421391117915e-06
1.653500000000000000e+04 4.477055548294074579e-05
1.654000000000000000e+04 4.612322817950575048e-06
1.654500000000000000e+04 -3.820508619339069281e-05
1.655000000000000000e+04 8.356575208590332436e-07
1.655500000000000000e+04 3.133632264698596448e-05
1.656000000000000000e+04 -6.683903434367733463e-06
1.656500000000000000e+04 -6.041247351269382942e-06
1.657000000000000000e+04 9.612617261677779587e-06
1.657500000000000000e+04 1.910318078498359337e-06
1.658000000000000000e+04 -3.827124573771185858e-08
1.658500000000000000e+04 7.876577144254884915e-07
1.659000000000000000e+04 1.374375847613540135e-06
1.659500000000000000e+04 -8.466328470244049553e-06
1.660000000000000000e+04 1.624761401898405991e-05
1.660500000000000000e+04 2.661973448027197549e-05
1.661000000000000000e+04 -2.922921112048805967e-05
1.661500000000000000e+04 -2.327118030720706979e-05
1.662000000000000000e+04 3.387033713745707706e-05
1.662500000000000000e+04 2.685924312054237975e-05
1.663000000000000000e+04 -2.893256073297963769e-05
1.663500000000000000e+04 -2.236641229992992750e-05
1.664000000000000000e+04 4.636306833868773921e-05
1.664500000000000000e+04 1.398697717895524150e-05
1.665000000000000000e+04 -5.043751183616545651e-05
1.665500000000000000e+04 -6.803997446606745839e-07
1.666000000000000000e+04 4.920313365928590595e-05
1.666500000000000000e+04 1.002127405918555878e-05
1.667000000000000000e+04 -4.161387344901680465e-05
1.667500000000000000e+04 -3.632367655848184731e-06
1.668000000000000000e+04 3.847090422508732567e-05
1.668500000000000000e+04 -6.750102623240158251e-06
1.669000000000000000e+04 -1.695558010406944543e-05
1.669500000000000000e+04 1.371224546248443311e-05
1.670000000000000000e+04 1.243542994538812836e-05
1.670500000000000000e+04 -2.941995091986174242e-06
1.671000000000000000e+04 -8.929217526161199091e-06
1.671500000000000000e+04 4.240717310914537464e-06
1.672000000000000000e+04 -4.840083511676790175e-07
1.672500000000000000e+04 8.770359265241700706e-06
1.673000000000000000e+04 2.349371682561943137e-05
1.673500000000000000e+04 -1.940040445036439828e-05
1.674000000000000000e+04 -2.254445684854428141e-05
1.674500000000000000e+04 2.557852313375321974e-05
1.675000000000000000e+04 2.467191516347458843e-05
1.675500000000000000e+04 -2.185911752722084035e-05
1.676000000000000000e+04 -2.245466929311051220e-05
1.676500000000000000e+04 4.208346847689633103e-05
1.677000000000000000e+04 1.963175573070918167e-05
1.677500000000000000e+04 -5.094885715416450778e-05
1.678000000000000000e+04 -7.635807507411405634e-06
1.678500000000000000e+04 5.070232592658716167e-05
1.679000000000000000e+04 1.547476640664786665e-05
1.679500000000000000e+04 -4.249313281657795453e-05
1.680000000000000000e+04 -8.399501931634731044e-06
1.680500000000000000e+04 4.396237092311657284e-05
1.681000000000000000e+04 -4.793786946280131193e-06
1.681500000000000000e+04 -2.775892345809485463e-05
1.682000000000000000e+04 1.502984641173357329e-05
1.682500000000000000e+04 2.316385796287986736e-05
1.683000000000000000e+04 -3.497868467269644116e-06
1.683500000000000000e+04 -1.831551317517160406e-05
1.684000000000000000e+04 5.230205601897804748e-06
1.684500000000000000e+04 8.227864479628641629e-06
1.685000000000000000e+04 2.143835275281706930e-06
1.685500000000000000e+04 1.779305520584315267e-05
1.686000000000000000e+04 -9.264548628314183776e-06
1.686500000000000000e+04 -1.892076940296394969e-05
1.687000000000000000e+04 1.717001629306012204e-05
1.687500000000000000e+04 2.013784533597144297e-05
1.688000000000000000e+04 -1.483022793104782571e-05
1.688500000000000000e+04 -2.063241333841596593e-05
1.689000000000000000e+04 3.616670304482403020e-05
1.689500000000000000e+04 2.433158598916787939e-05
1.690000000000000000e+04 -4.824545975005684848e-05
1.690500000000000000e+04 -1.432978705757099376e-05
1.691000000000000000e+04 4.923196047440166233e-05
1.691500000000000000e+04 2.020084446627580657e-05
1.692000000000000000e+04 -4.099428898440616215e-05
1.692500000000000000e+04 -1.290744414950195536e-05
1.693000000000000000e+04 4.750717173446253837e-05
1.693500000000000000e+04 -1.011838094808033335e-06
1.694000000000000000e+04 -3.753935841868141326e-05
1.694500000000000000e+04 1.352295801401022401e-05
1.695000000000000000e+04 3.314300115760672292e-05
1.695500000000000000e+04 -1.865324915398778471e-06
1.696000000000000000e+04 -2.664071173359937306e-05
1.696500000000000000e+04 4.474431498330470334e-06
1.697000000000000000e+04 1.716041622886652662e-05
1.697500000000000000e+04 -3.121796005167582215e-06
1.698000000000000000e+04 9.728500849623575615e-06
1.698500000000000000e+04 1.980512916903900867e-07
1.699000000000000000e+04 -1.254914241990768101e-05
1.699500000000000000e+04 9.493134280638288930e-06
1.700000000000000000e+04 1.358986204428926351e-05
1.700500000000000000e+04 -8.445317390640312899e-06
1.701000000000000000e+04 -1.695324718790196125e-05
1.701500000000000000e+04 2.903291344792188489e-05
1.702000000000000000e+04 2.740756748972202368e-05
1.702500000000000000e+04 -4.254228290035629202e-05
1.703000000000000000e+04 -1.981908055427586686e-05
1.703500000000000000e+04 4.505663837534808382e-05
1.704000000000000000e+04 2.352907758265557889e-05
1.704500000000000000e+04 -3.746728870763184273e-05
1.705000000000000000e+04 -1.665822677825363847e-05
1.705500000000000000e+04 4.891616241955294936e-05
1.706000000000000000e+04 4.208097757098698620e-06
1.706500000000000000e+04 -4.541985446528408444e-05
1.707000000000000000e+04 9.472373892002143721e-06
1.707500000000000000e+04 4.149161864782054593e-05
1.708000000000000000e+04 1.546868808231279697e-06
1.708500000000000000e+04 -3.331294074642904865e-05
1.709000000000000000e+04 2.259219802973036245e-06
1.709500000000000000e+04 2.579537816584439938e-05
1.710000000000000000e+04 -6.602047990463619542e-06
1.710500000000000000e+04 -2.350663936969775318e-07
1.711000000000000000e+04 8.073142709859333209e-06
1.711500000000000000e+04 -3.886237191973300226e-06
1.712000000000000000e+04 3.266475739624913551e-06
1.712500000000000000e+04 5.558271250589798679e-06
1.713000000000000000e+04 -3.178543264068542291e-06
1.713500000000000000e+04 -1.159188950281703291e-05
1.714000000000000000e+04 2.119034579717042071e-05
1.714500000000000000e+04 2.828568450053287877e-05
1.715000000000000000e+04 -3.435687895625264449e-05
1.715500000000000000e+04 -2.327909772728605693e-05
1.716000000000000000e+04 3.870769151628404120e-05
1.716500000000000000e+04 2.496012554559362009e-05
1.717000000000000000e+04 -3.240536237676059630e-05
1.717500000000000000e+04 -1.924672723699901269e-05
1.718000000000000000e+04 4.812501176390208545e-05
1.718500000000000000e+04 1.030577076116372363e-05
1.719000000000000000e+04 -5.065584999040531952e-05
1.719500000000000000e+04 3.458091201584958128e-06
1.720000000000000000e+04 4.749486970054544316e-05
1.720500000000000000e+04 6.141182509604954041e-06
1.721000000000000000e+04 -3.793013623725856662e-05
1.721500000000000000e+04 -1.019203689885865658e-06
1.722000000000000000e+04 3.363096178178830701e-05
1.722500000000000000e+04 -8.003877918789467191e-06
1.723000000000000000e+04 -1.140307618737417622e-05
1.723500000000000000e+04 1.361435673055946864e-05
1.724000000000000000e+04 6.355331992250495554e-06
1.724500000000000000e+04 -9.990160217425959823e-07
1.725000000000000000e+04 -3.295666421949332621e-06
1.725500000000000000e+04 6.515413464658671501e-07
1.726000000000000000e+04 -4.824979649110047097e-06
1.726500000000000000e+04 1.321266533144267155e-05
1.727000000000000000e+04 2.656481822084618484e-05
1.727500000000000000e+04 -2.446363564641647657e-05
1.728000000000000000e+04 -2.410296498453263329e-05
1.728500000000000000e+04 3.091755378019552387e-05
1.729000000000000000e+04 2.421274040154652491e-05
1.729500000000000000e+04 -2.638176450420765814e-05
1.730000000000000000e+04 -2.037815419480627335e-05
1.730500000000000000e+04 4.520041895675740314e-05
1.731000000000000000e+04 1.658812067272474687e-05
1.731500000000000000e+04 -5.272499734197704278e-05
1.732000000000000000e+04 -3.701563099826172993e-06
1.732500000000000000e+04 5.067999402761152534e-05
1.733000000000000000e+04 1.120977120375497958e-05
1.733500000000000000e+04 -4.030410075147346086e-05
1.734000000000000000e+04 -4.903015141129870562e-06
1.734500000000000000e+04 4.020697879722677596e-05
1.735000000000000000e+04 -7.207956228145189382e-06
1.735500000000000000e+04 -2.290422202382438749e-05
1.736000000000000000e+04 1.632949054610990285e-05
1.736500000000000000e+04 1.728728858112647942e-05
1.737000000000000000e+04 -3.048483571398554335e-06
1.737500000000000000e+04 -1.225792260944188623e-05
1.738000000000000000e+04 2.893571643193944572e-06
1.738500000000000000e+04 2.987850713883601956e-06
1.739000000000000000e+04 5.707304467108140462e-06
1.739500000000000000e+04 2.207350342164302262e-05
1.740000000000000000e+04 -1.381699739027930919e-05
1.740500000000000000e+04 -2.197394295782025705e-05
1.741000000000000000e+04 2.253064025810169990e-05
1.741500000000000000e+04 2.124435336911101636e-05
1.742000000000000000e+04 -1.998687689944202094e-05
1.742500000000000000e+04 -1.987319907676544947e-05
1.743000000000000000e+04 4.034266719793750403e-05
1.743500000000000000e+04 2.228833145751963501e-05
1.744000000000000000e+04 -5.139617290621254164e-05
1.744500000000000000e+04 -1.104167626037547568e-05
1.745000000000000000e+04 5.086430406618700319e-05
1.745500000000000000e+04 1.601988705988497186e-05
1.746000000000000000e+04 -4.045738010591499388e-05
1.746500000000000000e+04 -8.919513028677149625e-06
1.747000000000000000e+04 4.512898987200058269e-05
1.747500000000000000e+04 -4.299773286513444880e-06
1.748000000000000000e+04 -3.376939005084722681e-05
1.748500000000000000e+04 1.604084679518803224e-05
1.749000000000000000e+04 2.794421218113746591e-05
1.749500000000000000e+04 -2.897203379871486422e-06
1.750000000000000000e+04 -2.064083639009102458e-05
1.750500000000000000e+04 3.557181094093940015e-06
1.751000000000000000e+04 1.142257469886837906e-05
1.751500000000000000e+04 -7.265966396915483422e-07
1.752000000000000000e+04 1.490832311573715768e-05
1.752500000000000000e+04 -3.452189105486470854e-06
1.753000000000000000e+04 -1.690213904984230397e-05
1.753500000000000000e+04 1.440259930151159676e-05
1.754000000000000000e+04 1.624402236298057642e-05
1.754500000000000000e+04 -1.377235619278966591e-05
1.755000000000000000e+04 -1.766524992629259729e-05
1.755500000000000000e+04 3.388365184715719832e-05
1.756000000000000000e+04 2.663852284927299975e-05
1.756500000000000000e+04 -4.676736507230574080e-05
1.757000000000000000e+04 -1.756255300265239047e-05
1.757500000000000000e+04 4.816970577908771925e-05
1.758000000000000000e+04 1.989600398955627505e-05
1.758500000000000000e+04 -3.859710806415644251e-05
1.759000000000000000e+04 -1.261990354267144514e-05
1.759500000000000000e+04 4.809089962053534229e-05
1.760000000000000000e+04 4.178059627835048115e-07
1.760500000000000000e+04 -4.302962499779126388e-05
1.761000000000000000e+04 1.291130392935539439e-05
1.761500000000000000e+04 3.738874150012556436e-05
1.762000000000000000e+04 -8.112047112096325025e-07
1.762500000000000000e+04 -2.785249807975248804e-05
1.763000000000000000e+04 2.791815578152975071e-06
1.763500000000000000e+04 2.001031311618024121e-05
1.764000000000000000e+04 -5.549701688741761760e-06
1.764500000000000000e+04 5.447454188172397658e-06
1.765000000000000000e+04 5.625611755983998546e-06
1.765500000000000000e+04 -9.221758416303388868e-06
1.766000000000000000e+04 7.302034684146487318e-06
1.766500000000000000e+04 9.599580268461877281e-06
1.767000000000000000e+04 -8.206812181232858638e-06
1.767500000000000000e+04 -1.379414758021380383e-05
1.768000000000000000e+04 2.627863676745607676e-05
1.768500000000000000e+04 2.894931244544992453e-05
1.769000000000000000e+04 -3.926634313432971987e-05
1.769500000000000000e+04 -2.234714008767463647e-05
1.770000000000000000e+04 4.300153565630472987e-05
1.770500000000000000e+04 2.229006086067822367e-05
1.771000000000000000e+04 -3.507293984603873481e-05
1.771500000000000000e+04 -1.560707401077686515e-05
1.772000000000000000e+04 4.889546538715463392e-05
1.772500000000000000e+04 6.435072271005144365e-06
1.773000000000000000e+04 -4.982215317682506348e-05
1.773500000000000000e+04 7.431129686723743275e-06
1.774000000000000000e+04 4.481189229379114341e-05
1.774500000000000000e+04 2.739911864345739010e-06
1.775000000000000000e+04 -3.344772301194577803e-05
1.775500000000000000e+04 8.551238195627165777e-07
1.776000000000000000e+04 2.825894582896071449e-05
1.776500000000000000e+04 -8.339027548161161247e-06
1.777000000000000000e+04 -5.665593701343351936e-06
1.777500000000000000e+04 1.255154099186758806e-05
1.778000000000000000e+04 4.490178905036845445e-07
1.778500000000000000e+04 1.828090708737893898e-06
1.779000000000000000e+04 1.843837206192725090e-06
1.779500000000000000e+04 -3.645541423847567100e-06
1.780000000000000000e+04 -8.399445133779185319e-06
1.780500000000000000e+04 1.808849595621412978e-05
1.781000000000000000e+04 2.868812579813106778e-05
1.781500000000000000e+04 -2.961314624360331658e-05
1.782000000000000000e+04 -2.466824443869009218e-05
1.782500000000000000e+04 3.599406320202321968e-05
1.783000000000000000e+04 2.283334604335587902e-05
1.783500000000000000e+04 -3.032697131684847295e-05
1.784000000000000000e+04 -1.755216611336127698e-05
1.784500000000000000e+04 4.747239614920795592e-05
1.785000000000000000e+04 1.307075158441160803e-05
1.785500000000000000e+04 -5.349075338558377442e-05
1.786000000000000000e+04 3.652460391443257284e-07
1.786500000000000000e+04 4.961771550233170895e-05
1.787000000000000000e+04 7.149303084745549994e-06
1.787500000000000000e+04 -3.715582624802420185e-05
1.788000000000000000e+04 -1.923360147051682605e-06
1.788500000000000000e+04 3.567735779372026056e-05
1.789000000000000000e+04 -8.842149510802289105e-06
1.789500000000000000e+04 -1.757019088142668543e-05
1.790000000000000000e+04 1.669850430127942824e-05
1.790500000000000000e+04 1.127925287930307221e-05
1.791000000000000000e+04 -1.645817743962286042e-06
1.791500000000000000e+04 -6.412175768778636277e-06
1.792000000000000000e+04 -3.153032882270437804e-07
1.792500000000000000e+04 -1.713944255437109377e-06
1.793000000000000000e+04 9.949106315445038201e-06
1.793500000000000000e+04 2.554806874345706664e-05
1.794000000000000000e+04 -1.874847332735850972e-05
1.794500000000000000e+04 -2.407175637081377715e-05
1.795000000000000000e+04 2.792985008177147475e-05
1.795500000000000000e+04 2.136541118582374192e-05
1.796000000000000000e+04 -2.484274675327419372e-05
1.796500000000000000e+04 -1.820290376255434634e-05
1.797000000000000000e+04 4.389335100131122890e-05
1.797500000000000000e+04 1.952956013260764024e-05
1.798000000000000000e+04 -5.366671830931121946e-05
1.798500000000000000e+04 -7.333769498846178380e-06
1.799000000000000000e+04 5.148288077442201004e-05
1.799500000000000000e+04 1.174875955473280006e-05
1.800000000000000000e+04 -3.888485606092003663e-05
1.800500000000000000e+04 -5.177134753948347531e-06
1.801000000000000000e+04 4.180210303991126311e-05
1.801500000000000000e+04 -7.020198114077160331e-06
1.802000000000000000e+04 -2.926659038530120792e-05
1.802500000000000000e+04 1.775022476573751058e-05
1.803000000000000000e+04 2.231817021602573836e-05
1.803500000000000000e+04 -2.996799869880774606e-06
1.804000000000000000e+04 -1.454913352816091067e-05
1.804500000000000000e+04 1.686418850225331351e-06
1.805000000000000000e+04 5.943655244326059628e-06
1.805500000000000000e+04 2.526381779228848969e-06
1.806000000000000000e+04 1.949901040692535623e-05
1.806500000000000000e+04 -7.735870120473265204e-06
1.807000000000000000e+04 -2.042571321403203121e-05
1.807500000000000000e+04 1.964432809276474534e-05
1.808000000000000000e+04 1.793799742195319148e-05
1.808500000000000000e+04 -1.909892356594883873e-05
1.809000000000000000e+04 -1.738765216102594545e-05
1.809500000000000000e+04 3.838192147982642777e-05
1.810000000000000000e+04 2.497712677854494929e-05
1.810500000000000000e+04 -5.031905952238725354e-05
1.811000000000000000e+04 -1.463650040206411864e-05
1.811500000000000000e+04 5.038414871720017308e-05
1.812000000000000000e+04 1.588485947934714822e-05
1.812500000000000000e+04 -3.870590510141445369e-05
1.813000000000000000e+04 -8.531701902262772810e-06
1.813500000000000000e+04 4.622578159472014360e-05
1.814000000000000000e+04 -3.071533892880784946e-06
1.814500000000000000e+04 -3.971684844409027060e-05
1.815000000000000000e+04 1.574025546294324096e-05
1.815500000000000000e+04 3.259892288101167129e-05
1.816000000000000000e+04 -2.345894033034180443e-06
1.816500000000000000e+04 -2.200252496615629703e-05
1.817000000000000000e+04 2.379880569331872167e-06
1.817500000000000000e+04 1.417906374948265633e-05
1.818000000000000000e+04 -3.541769842869811138e-06
1.818500000000000000e+04 1.081306782566180414e-05
1.819000000000000000e+04 2.351608502868271654e-06
1.819500000000000000e+04 -1.393072494506027449e-05
1.820000000000000000e+04 1.192931640596029944e-05
1.820500000000000000e+04 1.279459924057065210e-05
1.821000000000000000e+04 -1.353117064129286741e-05
1.821500000000000000e+04 -1.501902636138389897e-05
1.822000000000000000e+04 3.131558300168011592e-05
1.822500000000000000e+04 2.862518733429657500e-05
1.823000000000000000e+04 -4.376678323938165764e-05
1.823500000000000000e+04 -2.055663997809298538e-05
1.824000000000000000e+04 4.659028960149024911e-05
1.824500000000000000e+04 1.898749540797998902e-05
1.825000000000000000e+04 -3.682358949868141929e-05
1.825500000000000000e+04 -1.162522391466471612e-05
1.826000000000000000e+04 4.862629022312201551e-05
1.826500000000000000e+04 2.569486434450945779e-06
1.827000000000000000e+04 -4.795711475765705316e-05
1.827500000000000000e+04 1.105069521802400930e-05
1.828000000000000000e+04 4.124182588924859888e-05
1.828500000000000000e+04 -2.451382787736674371e-08
1.829000000000000000e+04 -2.831093140340700182e-05
1.829500000000000000e+04 1.883018141209123821e-06
1.830000000000000000e+04 2.253743355160956201e-05
1.830500000000000000e+04 -7.711248825501879243e-06
1.831000000000000000e+04 5.824334520591734405e-08
1.831500000000000000e+04 1.054805025573442874e-05
1.832000000000000000e+04 -5.092396903794727850e-06
1.832500000000000000e+04 5.448597417643363100e-06
1.833000000000000000e+04 6.329563625416195576e-06
1.833500000000000000e+04 -8.504494849120490340e-06
1.834000000000000000e+04 -1.109887815629394808e-05
1.834500000000000000e+04 2.321503348510626949e-05
1.835000000000000000e+04 2.981876077185976296e-05
1.835500000000000000e+04 -3.465141841195245546e-05
1.836000000000000000e+04 -2.426435134818640850e-05
1.836500000000000000e+04 4.061963969045069399e-05
1.837000000000000000e+04 2.062414744074518461e-05
1.837500000000000000e+04 -3.353925606273944465e-05
1.838000000000000000e+04 -1.412182170840911566e-05
1.838500000000000000e+04 4.879611332984894873e-05
1.839000000000000000e+04 9.260814470977274106e-06
1.839500000000000000e+04 -5.320705918651093112e-05
1.840000000000000000e+04 4.369279502354602938e-06
1.840500000000000000e+04 4.754584881687083517e-05
1.841000000000000000e+04 3.478819825066920545e-06
1.841500000000000000e+04 -3.314505538015115728e-05
1.842000000000000000e+04 3.878099568774581348e-07
1.842500000000000000e+04 3.052418579825182571e-05
1.843000000000000000e+04 -9.597019402597107882e-06
1.843500000000000000e+04 -1.194280886529246576e-05
1.844000000000000000e+04 1.610170732073848632e-05
1.844500000000000000e+04 5.339139862070647861e-06
1.845000000000000000e+04 6.759829868110315863e-07
1.845500000000000000e+04 -9.663257178623798865e-07
1.846000000000000000e+04 -4.296872682122383664e-06
1.846500000000000000e+04 -5.724286373746687488e-06
1.847000000000000000e+04 1.471717628167408420e-05
1.847500000000000000e+04 2.811635422621970302e-05
1.848000000000000000e+04 -2.387277462814781765e-05
1.848500000000000000e+04 -2.517858688460852294e-05
1.849000000000000000e+04 3.316957795915886464e-05
1.849500000000000000e+04 2.053499177876472203e-05
1.850000000000000000e+04 -2.921280477785751829e-05
1.850500000000000000e+04 -1.572056033864298335e-05
1.851000000000000000e+04 4.666978122899566187e-05
1.851500000000000000e+04 1.620630345232632323e-05
1.852000000000000000e+04 -5.496190682138427070e-05
1.852500000000000000e+04 -3.390764989785641430e-06
1.853000000000000000e+04 5.105809274596258030e-05
1.853500000000000000e+04 7.583229546683575822e-06
1.854000000000000000e+04 -3.631716741652166359e-05
1.854500000000000000e+04 -1.862045896134184382e-06
1.855000000000000000e+04 3.763162928125291944e-05
1.855500000000000000e+04 -9.027946729450682506e-06
1.856000000000000000e+04 -2.418744941060530515e-05
1.856500000000000000e+04 1.855980936439283804e-05
1.857000000000000000e+04 1.645444470330996198e-05
1.857500000000000000e+04 -2.138654084646815370e-06
1.858000000000000000e+04 -8.564963217285838921e-06
1.858500000000000000e+04 -1.093800206869867175e-06
1.859000000000000000e+04 9.077746591797509740e-07
1.859500000000000000e+04 6.529632093464675896e-06
1.860000000000000000e+04 2.335365820047905272e-05
1.860500000000000000e+04 -1.249507610522884210e-05
1.861000000000000000e+04 -2.302764521697454962e-05
1.861500000000000000e+04 2.502865393421643697e-05
1.862000000000000000e+04 1.864605592140979683e-05
1.862500000000000000e+04 -2.422732409005059671e-05
1.863000000000000000e+04 -1.616419621162188406e-05
1.863500000000000000e+04 4.234672598769149667e-05
1.864000000000000000e+04 2.253030370925517280e-05
1.864500000000000000e+04 -5.305476521740252208e-05
1.865000000000000000e+04 -1.119792327785695045e-05
1.865500000000000000e+04 5.161319143090400816e-05
1.866000000000000000e+04 1.168368484601939189e-05
1.866500000000000000e+04 -3.777422279421877786e-05
1.867000000000000000e+04 -4.588656148528423581e-06
1.867500000000000000e+04 4.337083906716236883e-05
1.868000000000000000e+04 -6.082312952139371392e-06
1.868500000000000000e+04 -3.559434600187459728e-05
1.869000000000000000e+04 1.782031482577140494e-05
1.869500000000000000e+04 2.728472264530945219e-05
1.870000000000000000e+04 -2.974564892315876783e-06
1.870500000000000000e+04 -1.595562751713805021e-05
1.871000000000000000e+04 1.008038853607938774e-06
1.871500000000000000e+04 8.499969521065107837e-06
1.872000000000000000e+04 -6.314930759813049107e-07
1.872500000000000000e+04 1.568161533445511997e-05
1.873000000000000000e+04 -1.633585505159279204e-06
1.873500000000000000e+04 -1.787257210005881522e-05
1.874000000000000000e+04 1.698431173484165742e-05
1.874500000000000000e+04 1.506007284764920448e-05
1.875000000000000000e+04 -1.895928306342103294e-05
1.875500000000000000e+04 -1.525082727663398807e-05
1.876000000000000000e+04 3.610467511605606854e-05
1.876500000000000000e+04 2.736616028049431969e-05
1.877000000000000000e+04 -4.768122729108501429e-05
1.877500000000000000e+04 -1.802239659355236569e-05
1.878000000000000000e+04 4.933796339649059966e-05
1.878500000000000000e+04 1.521539442160821712e-05
1.879000000000000000e+04 -3.757976706110152665e-05
1.879500000000000000e+04 -7.491542809020446468e-06
1.880000000000000000e+04 4.730794125030722834e-05
1.880500000000000000e+04 -1.097289863045500526e-06
1.881000000000000000e+04 -4.511967803718522157e-05
1.881500000000000000e+04 1.414308448230324160e-05
1.882000000000000000e+04 3.690550055534202144e-05
1.882500000000000000e+04 -2.019962476178626092e-06
1.883000000000000000e+04 -2.268815073821727466e-05
1.883500000000000000e+04 1.991198800613962492e-06
1.884000000000000000e+04 1.666103804070913106e-05
1.884500000000000000e+04 -6.114768052411866418e-06
1.885000000000000000e+04 5.571346844710506922e-06
1.885500000000000000e+04 7.666090275423246002e-06
1.886000000000000000e+04 -1.009268890578906099e-05
1.886500000000000000e+04 9.739090475542920089e-06
1.887000000000000000e+04 1.002817219348332145e-05
1.887500000000000000e+04 -1.375586251642826903e-05
1.888000000000000000e+04 -1.284941500829089947e-05
1.888500000000000000e+04 2.839821722601078429e-05
1.889000000000000000e+04 2.995050044001888514e-05
1.889500000000000000e+04 -3.938327267899288241e-05
1.890000000000000000e+04 -2.295321650811430885e-05
1.890500000000000000e+04 4.462149276534452507e-05
1.891000000000000000e+04 1.770798344492668558e-05
1.891500000000000000e+04 -3.589012791143336809e-05
1.892000000000000000e+04 -1.025525262129904145e-05
1.892500000000000000e+04 4.910334061517078057e-05
1.893000000000000000e+04 5.350237071544556998e-06
1.893500000000000000e+04 -5.187369572306229341e-05
1.894000000000000000e+04 8.118026032561620557e-06
1.894500000000000000e+04 4.453256061629521446e-05
1.895000000000000000e+04 3.677167583995931451e-07
1.895500000000000000e+04 -2.840068863894456658e-05
1.896000000000000000e+04 1.906121705505940100e-06
1.896500000000000000e+04 2.492071202648481911e-05
1.897000000000000000e+04 -9.408419588467100452e-06
1.897500000000000000e+04 -6.218232861896745852e-06
1.898000000000000000e+04 1.454264523148689123e-05
1.898500000000000000e+04 -3.371278394776843874e-07
1.899000000000000000e+04 3.845296679801468265e-06
1.899500000000000000e+04 3.908204841466732307e-06
1.900000000000000000e+04 -8.919968346275481679e-06
1.900500000000000000e+04 -8.917712873141569465e-06
1.901000000000000000e+04 1.983758338047736562e-05
1.901500000000000000e+04 2.971346011622080110e-05
1.902000000000000000e+04 -2.899432659154161569e-05
1.902500000000000000e+04 -2.529764175638748804e-05
1.903000000000000000e+04 3.805601025925657517e-05
1.903500000000000000e+04 1.882444470501147771e-05
1.904000000000000000e+04 -3.292937078221314258e-05
1.904500000000000000e+04 -1.255654313366386255e-05
1.905000000000000000e+04 4.855135979858358954e-05
1.905500000000000000e+04 1.249104804326617103e-05
1.906000000000000000e+04 -5.522242469137881931e-05
1.906500000000000000e+04 5.937637819202635466e-07
1.907000000000000000e+04 4.959932660868993331e-05
1.907500000000000000e+04 3.714324770547029569e-06
1.908000000000000000e+04 -3.283205761902972575e-05
1.908500000000000000e+04 8.618000613278183312e-07
1.909000000000000000e+04 3.275372868501887622e-05
1.909500000000000000e+04 -1.020650253903374455e-05
1.910000000000000000e+04 -1.870941441449370835e-05
1.910500000000000000e+04 1.841428451399021462e-05
1.911000000000000000e+04 1.055089114772500200e-05
1.911500000000000000e+04 -3.361305598020214534e-07
1.912000000000000000e+04 -2.882334559177422509e-06
1.912500000000000000e+04 -4.702503447148605775e-06
1.913000000000000000e+04 -3.519305618996866053e-06
1.913500000000000000e+04 1.114516308466345376e-05
1.914000000000000000e+04 2.635444479700657151e-05
1.914500000000000000e+04 -1.755165306713515864e-05
1.915000000000000000e+04 -2.465195584542190146e-05
1.915500000000000000e+04 3.035839028912282780e-05
1.916000000000000000e+04 1.838136575239377731e-05
1.916500000000000000e+04 -2.896599780664472424e-05
1.917000000000000000e+04 -1.407543374607956029e-05
1.917500000000000000e+04 4.561611419972400283e-05
1.918000000000000000e+04 1.943513789539989483e-05
1.918500000000000000e+04 -5.486153502082147818e-05
1.919000000000000000e+04 -7.423609566599571988e-06
1.919500000000000000e+04 5.180665781953202589e-05
1.920000000000000000e+04 7.487524701931199668e-06
1.920500000000000000e+04 -3.582161495227079498e-05
1.921000000000000000e+04 -9.791681835910864564e-07
1.921500000000000000e+04 3.961280699652887296e-05
1.922000000000000000e+04 -8.456384973956586134e-06
1.922500000000000000e+04 -3.080476379866616557e-05
1.923000000000000000e+04 1.904249242771802216e-05
1.923500000000000000e+04 2.162799531815340150e-05
1.924000000000000000e+04 -2.651207653113168940e-06
1.924500000000000000e+04 -9.910834094036572608e-06
1.925000000000000000e+04 -1.300231434257006900e-06
1.925500000000000000e+04 3.164133160416383529e-06
1.926000000000000000e+04 3.091585483531944034e-06
1.926500000000000000e+04 1.989297323234847978e-05
1.927000000000000000e+04 -6.185449024904027315e-06
1.927500000000000000e+04 -2.093706967868951124e-05
1.928000000000000000e+04 2.228444128900014209e-05
1.928500000000000000e+04 1.634962986966162162e-05
1.929000000000000000e+04 -2.429318784385791629e-05
1.929500000000000000e+04 -1.451276683305657466e-05
1.930000000000000000e+04 4.045744341931707493e-05
1.930500000000000000e+04 2.526122836961673269e-05
1.931000000000000000e+04 -5.085344023999957509e-05
1.931500000000000000e+04 -1.488811441104925718e-05
1.932000000000000000e+04 5.113943338010639144e-05
1.932500000000000000e+04 1.115482935721323630e-05
1.933000000000000000e+04 -3.730113053630106177e-05
1.933500000000000000e+04 -3.401513393765512110e-06
1.934000000000000000e+04 4.496985476790421219e-05
1.934500000000000000e+04 -4.380094779023139683e-06
1.935000000000000000e+04 -4.140478282499530260e-05
1.935500000000000000e+04 1.655571076917476507e-05
1.936000000000000000e+04 3.195227844506200567e-05
1.936500000000000000e+04 -3.145391166803615227e-06
1.937000000000000000e+04 -1.676537984447645579e-05
1.937500000000000000e+04 1.143614551852107415e-06
1.938000000000000000e+04 1.082890672444808977e-05
1.938500000000000000e+04 -3.582608317347999046e-06
1.939000000000000000e+04 1.068577369479821919e-05
1.939500000000000000e+04 4.003421541144407864e-06
1.940000000000000000e+04 -1.439729849911656100e-05
1.940500000000000000e+04 1.454822484599996826e-05
1.941000000000000000e+04 1.283780751004606638e-05
1.941500000000000000e+04 -1.921331831711700974e-05
1.942000000000000000e+04 -1.361464522142010768e-05
1.942500000000000000e+04 3.344027784554670537e-05
1.943000000000000000e+04 2.911594096576707434e-05
1.943500000000000000e+04 -4.362345598483077119e-05
1.944000000000000000e+04 -2.083212540248089662e-05
1.944500000000000000e+04 4.784917035433584420e-05
1.945000000000000000e+04 1.423527527842641184e-05
1.945500000000000000e+04 -3.728308877449979756e-05
1.946000000000000000e+04 -6.136990763733918810e-06
1.946500000000000000e+04 4.836360366180288833e-05
1.947000000000000000e+04 1.534171726163374861e-06
1.947500000000000000e+04 -4.952931089089912439e-05
1.948000000000000000e+04 1.142937235788068280e-05
1.948500000000000000e+04 4.068120786970013021e-05
1.949000000000000000e+04 -2.037311269237387833e-06
1.949500000000000000e+04 -2.307882745215088035e-05
1.950000000000000000e+04 2.539399642828489239e-06
1.950500000000000000e+04 1.905607277576588422e-05
1.951000000000000000e+04 -8.249966152711547308e-06
1.951500000000000000e+04 -5.952155052873847847e-07
1.952000000000000000e+04 1.206349280839636139e-05
1.952500000000000000e+04 -5.564639452338565437e-06
1.953000000000000000e+04 7.755773559475746899e-06
1.953500000000000000e+04 8.063205765552609159e-06
1.954000000000000000e+04 -1.402685906094622352e-05
1.954500000000000000e+04 -1.120134784901156967e-05
1.955000000000000000e+04 2.512126960812215593e-05
1.955500000000000000e+04 3.031242318282602156e-05
1.956000000000000000e+04 -3.391576201690821502e-05
1.956500000000000000e+04 -2.447073582919466895e-05
1.957000000000000000e+04 4.240709512954464526e-05
1.957500000000000000e+04 1.633963618990284914e-05
1.958000000000000000e+04 -3.584862487877403644e-05
1.958500000000000000e+04 -8.867428795122071382e-06
1.959000000000000000e+04 4.945053770939570898e-05
1.959500000000000000e+04 8.570925789748564332e-06
1.960000000000000000e+04 -5.442716261472385712e-05
1.960500000000000000e+04 4.424977166607821901e-06
1.961000000000000000e+04 4.715460493942109585e-05
1.961500000000000000e+04 3.208396369663147303e-07
1.962000000000000000e+04 -2.854157100472717089e-05
1.962500000000000000e+04 2.854677273593490996e-06
1.963000000000000000e+04 2.733036703442323753e-05
1.963500000000000000e+04 -1.047259009308750768e-05
1.964000000000000000e+04 -1.302402401935210412e-05
1.964500000000000000e+04 1.729650503555456016e-05
1.965000000000000000e+04 4.806025356247139112e-06
1.965500000000000000e+04 2.359061959580573073e-06
1.966000000000000000e+04 2.317557812944158310e-06
1.966500000000000000e+04 -9.024887891083285357e-06
1.967000000000000000e+04 -7.196546943875761101e-06
1.967500000000000000e+04 1.620983543999677113e-05
1.968000000000000000e+04 2.841715379465501598e-05
1.968500000000000000e+04 -2.271411650897325874e-05
1.969000000000000000e+04 -2.528097967533911127e-05
1.969500000000000000e+04 3.543648245383430634e-05
1.970000000000000000e+04 1.719541077660818052e-05
1.970500000000000000e+04 -3.313695491366563993e-05
1.971000000000000000e+04 -1.123552443591272804e-05
1.971500000000000000e+04 4.805350271189507002e-05
1.972000000000000000e+04 1.585348054273052172e-05
1.972500000000000000e+04 -5.566048880479394914e-05
1.973000000000000000e+04 -3.503195621825076874e-06
1.973500000000000000e+04 5.095291972922829949e-05
1.974000000000000000e+04 3.490769018023301613e-06
1.974500000000000000e+04 -3.290592894788262399e-05
1.975000000000000000e+04 2.122383271068308321e-06
1.975500000000000000e+04 3.507178251290900641e-05
1.976000000000000000e+04 -1.006131518970368836e-05
1.976500000000000000e+04 -2.551507181830955828e-05
1.977000000000000000e+04 1.933200640117580039e-05
1.977500000000000000e+04 1.582286338851295502e-05
1.978000000000000000e+04 -1.368278680662428095e-06
1.978500000000000000e+04 -4.065929434314600052e-06
1.979000000000000000e+04 -4.483454693526280429e-06
1.979500000000000000e+04 -1.651947483705637520e-06
1.980000000000000000e+04 7.505056657626010865e-06
1.980500000000000000e+04 2.331321528304226980e-05
1.981000000000000000e+04 -1.113582321206658959e-05
1.981500000000000000e+04 -2.304852022598327359e-05
1.982000000000000000e+04 2.763562747320326437e-05
1.982500000000000000e+04 1.665550361694952692e-05
1.983000000000000000e+04 -2.933696694182367677e-05
1.983500000000000000e+04 -1.286599808662718573e-05
1.984000000000000000e+04 4.420079097932217148e-05
1.984500000000000000e+04 2.243199660889011907e-05
1.985000000000000000e+04 -5.315399884892179770e-05
1.985500000000000000e+04 -1.132072301675913416e-05
1.986000000000000000e+04 5.192453112963812706e-05
1.986500000000000000e+04 6.997877501751376636e-06
1.987000000000000000e+04 -3.598612844697431334e-05
1.987500000000000000e+04 4.519379701113798600e-07
1.988000000000000000e+04 4.167935746283186208e-05
1.988500000000000000e+04 -7.109558562159464020e-06
1.989000000000000000e+04 -3.693969915957527996e-05
1.989500000000000000e+04 1.816310401976469380e-05
1.990000000000000000e+04 2.655429256396773201e-05
1.990500000000000000e+04 -3.334819834945806286e-06
1.991000000000000000e+04 -1.073906526335647308e-05
1.991500000000000000e+04 -6.571068765295465584e-07
1.992000000000000000e+04 5.237035921205010106e-06
1.992500000000000000e+04 -1.853733369878910882e-07
1.993000000000000000e+04 1.522996123238312132e-05
1.993500000000000000e+04 -3.104063900091080052e-07
1.994000000000000000e+04 -1.787926001880516886e-05
1.994500000000000000e+04 1.970257077703127947e-05
1.995000000000000000e+04 1.469197511350048629e-05
1.995500000000000000e+04 -2.468087260705974435e-05
1.996000000000000000e+04 -1.339696517509071744e-05
1.996500000000000000e+04 3.814739850825455894e-05
1.997000000000000000e+04 2.738514164579203250e-05
1.997500000000000000e+04 -4.720383346192338068e-05
1.998000000000000000e+04 -1.802986375379126945e-05
1.998500000000000000e+04 5.018039802509402807e-05
1.999000000000000000e+04 1.037809870354781841e-05
1.999500000000000000e+04 -3.765738150571887750e-05
2.000000000000000000e+04 -1.960740073550166236e-06
