0.000000000000000000e+00 0.000000000000000000e+00
5.000000000000000000e+00 4.735246115414646863e-05
1.000000000000000000e+01 9.967340372146277433e-05
1.500000000000000000e+01 5.948224299110687447e-05
2.000000000000000000e+01 3.294214123500065630e-06
2.500000000000000000e+01 3.561469842848578984e-05
3.000000000000000000e+01 9.647475407595219161e-05
3.500000000000000000e+01 7.142497571543449976e-05
4.000000000000000000e+01 6.064362671828494489e-06
4.500000000000000000e+01 2.387993721496654289e-05
5.000000000000000000e+01 9.105848421583261293e-05
5.500000000000000000e+01 8.135270276175845757e-05
6.000000000000000000e+01 1.454797416647204636e-05
6.500000000000000000e+01 1.540758371343188874e-05
7.000000000000000000e+01 8.233942015662154307e-05
7.500000000000000000e+01 9.030420580094767572e-05
8.000000000000000000e+01 2.277365876518316451e-05
8.500000000000000000e+01 6.704487991569135084e-06
9.000000000000000000e+01 7.259397811221192604e-05
9.500000000000000000e+01 9.598494640298898487e-05
1.000000000000000000e+02 3.441887773410736226e-05
1.050000000000000000e+02 3.616276558555432844e-06
1.100000000000000000e+02 6.072689323316243798e-05
1.150000000000000000e+02 9.950977804537621267e-05
1.200000000000000000e+02 4.604986915995584599e-05
1.250000000000000000e+02 1.717755955560121820e-08
1.300000000000000000e+02 4.865683480727355724e-05
1.350000000000000000e+02 9.980394333398345732e-05
1.400000000000000000e+02 5.823206490890441727e-05
1.450000000000000000e+02 3.003535257163202511e-06
1.500000000000000000e+02 3.682077285559796312e-05
1.550000000000000000e+02 9.693398896307285379e-05
1.600000000000000000e+02 7.024143732654656561e-05
1.650000000000000000e+02 5.454394307487332386e-06
1.700000000000000000e+02 2.500408732631469392e-05
1.750000000000000000e+02 9.178515308179680768e-05
1.800000000000000000e+02 8.034579874377845220e-05
1.850000000000000000e+02 1.371242239822639701e-05
1.900000000000000000e+02 1.629068897771176759e-05
1.950000000000000000e+02 8.330528974475458627e-05
2.000000000000000000e+02 8.952281750982445802e-05
2.050000000000000000e+02 2.168600877505014662e-05
2.100000000000000000e+02 7.374336059250171499e-06
2.150000000000000000e+02 7.374766515439619961e-05
2.200000000000000000e+02 9.546490808273604709e-05
2.250000000000000000e+02 3.323410582979220267e-05
2.300000000000000000e+02 3.969524403571951767e-06
2.350000000000000000e+02 6.196519931622962527e-05
2.400000000000000000e+02 9.931317263583266106e-05
2.450000000000000000e+02 4.474995254201329857e-05
2.500000000000000000e+02 6.870819643966688243e-08
2.550000000000000000e+02 4.996211926983996286e-05
2.600000000000000000e+02 9.990132893672131723e-05
2.650000000000000000e+02 5.697719689885712971e-05
2.700000000000000000e+02 2.744449056441677288e-06
2.750000000000000000e+02 3.803631965584938367e-05
2.800000000000000000e+02 9.736233426656506411e-05
2.850000000000000000e+02 6.904416271733057468e-05
2.900000000000000000e+02 4.875015169154901348e-06
2.950000000000000000e+02 2.614535524098643578e-05
3.000000000000000000e+02 9.248373043634102570e-05
3.050000000000000000e+02 7.931938164852979985e-05
3.100000000000000000e+02 1.290149414917312920e-05
3.150000000000000000e+02 1.719672980331886115e-05
3.200000000000000000e+02 8.424965756535722603e-05
3.250000000000000000e+02 8.871482669995047106e-05
3.300000000000000000e+02 2.061774241935214697e-05
3.350000000000000000e+02 8.073469744907160655e-06
3.400000000000000000e+02 7.488525729991660110e-05
3.450000000000000000e+02 9.491497985049880042e-05
3.500000000000000000e+02 3.206117277775097222e-05
3.550000000000000000e+02 4.353751932444506214e-06
3.600000000000000000e+02 6.319633436480514015e-05
3.650000000000000000e+02 9.908368240629278248e-05
3.700000000000000000e+02 4.345359596892968889e-05
3.750000000000000000e+02 1.545856648569946146e-07
3.800000000000000000e+02 5.126742979535740764e-05
3.850000000000000000e+02 9.996547751958681570e-05
3.900000000000000000e+02 5.571846819226873820e-05
3.950000000000000000e+02 2.517155187945338724e-06
4.000000000000000000e+02 3.926054640550600573e-05
4.050000000000000000e+02 9.775946223231578823e-05
4.100000000000000000e+02 6.783394406351011857e-05
4.150000000000000000e+02 4.326653397853892904e-06
4.200000000000000000e+02 2.730298063256337621e-05
4.250000000000000000e+02 9.315372533239780280e-05
4.300000000000000000e+02 7.827411982238826130e-05
4.350000000000000000e+02 1.211574968260048994e-05
4.400000000000000000e+02 1.812513679073635809e-05
4.450000000000000000e+02 8.517186048088404402e-05
4.500000000000000000e+02 8.788073832797897462e-05
4.550000000000000000e+02 1.956961427279013002e-05
4.600000000000000000e+02 8.801444968726093357e-06
4.650000000000000000e+02 7.600596805452404904e-05
4.700000000000000000e+02 9.433550233106581962e-05
4.750000000000000000e+02 3.090086934957906532e-05
4.800000000000000000e+02 4.768748182961690132e-06
4.850000000000000000e+02 6.441946765137908208e-05
4.900000000000000000e+02 9.882140497609160994e-05
4.950000000000000000e+02 4.216168769348007457e-05
5.000000000000000000e+02 2.747992871749755201e-07
5.050000000000000000e+02 5.257187855372275477e-05
5.100000000000000000e+02 9.999630952076261328e-05
5.150000000000000000e+02 5.445671201751442150e-05
5.200000000000000000e+02 2.321851322137518320e-06
5.250000000000000000e+02 4.049265458869656545e-05
5.300000000000000000e+02 9.812504619385431070e-05
5.350000000000000000e+02 6.661158023411932689e-05
5.400000000000000000e+02 3.809736071880088628e-06
5.450000000000000000e+02 2.847619554238694955e-05
5.500000000000000000e+02 9.379464703160599092e-05
5.550000000000000000e+02 7.721068772657727986e-05
5.600000000000000000e+02 1.135575056984107018e-05
5.650000000000000000e+02 1.907533503353475864e-05
5.700000000000000000e+02 8.607123512249510548e-05
5.750000000000000000e+02 8.702106402262215705e-05
5.800000000000000000e+02 1.854238089919888670e-05
5.850000000000000000e+02 9.557811444180715118e-06
5.900000000000000000e+02 7.710900934695377653e-05
5.950000000000000000e+02 9.372682158512973924e-05
6.000000000000000000e+02 2.975398991691640104e-05
6.050000000000000000e+02 5.214297720633003371e-06
6.100000000000000000e+02 6.563376292879064531e-05
6.150000000000000000e+02 9.852644279597894508e-05
6.200000000000000000e+02 4.087512170508285131e-05
6.250000000000000000e+02 4.293334441458880775e-07
6.300000000000000000e+02 5.387457160632004263e-05
6.350000000000000000e+02 9.999374891178790703e-05
6.400000000000000000e+02 5.319276786340814707e-05
6.450000000000000000e+02 2.158733167732293767e-06
6.500000000000000000e+02 4.173183843849739285e-05
6.550000000000000000e+02 9.845876076993019153e-05
6.600000000000000000e+02 6.537787786763959194e-05
6.650000000000000000e+02 3.324688632967087124e-06
6.700000000000000000e+02 2.966422455065287182e-05
6.750000000000000000e+02 9.440600526813747900e-05
6.800000000000000000e+02 7.612976659751859404e-05
6.850000000000000000e+02 1.062205954481014393e-05
6.900000000000000000e+02 2.004674231866981782e-05
6.950000000000000000e+02 8.694711408982727283e-05
7.000000000000000000e+02 8.613632331155545558e-05
7.050000000000000000e+02 1.753680149686931742e-05
7.100000000000000000e+02 1.034211122133658590e-05
7.150000000000000000e+02 7.819358932800192768e-05
7.200000000000000000e+02 9.308929031666681396e-05
7.250000000000000000e+02 2.862133413263438154e-05
7.300000000000000000e+02 5.690179451090731902e-06
7.350000000000000000e+02 6.683837720372807719e-05
7.400000000000000000e+02 9.819890401966768854e-05
7.450000000000000000e+02 3.959479977570336734e-05
7.500000000000000000e+02 6.181668737123633593e-07
7.550000000000000000e+02 5.517460690381473091e-05
7.600000000000000000e+02 9.995772368741303378e-05
7.650000000000000000e+02 5.192748322803495130e-05
7.700000000000000000e+02 2.027994378266983557e-06
7.750000000000000000e+02 4.297728372784749638e-05
7.800000000000000000e+02 9.876028235283216487e-05
7.850000000000000000e+02 6.413365358659756706e-05
7.900000000000000000e+02 2.871935451129390995e-06
7.950000000000000000e+02 3.086628256227518538e-05
8.000000000000000000e+02 9.498730947368640013e-05
8.050000000000000000e+02 7.503204746609738686e-05
8.100000000000000000e+02 9.915242095883131242e-06
8.150000000000000000e+02 2.103876655737910037e-05
8.200000000000000000e+02 8.779882617557942151e-05
8.250000000000000000e+02 8.522704585093057153e-05
8.300000000000000000e+02 1.655364049182586202e-05
8.350000000000000000e+02 1.115387623870013164e-05
8.400000000000000000e+02 7.925891046646770010e-05
8.450000000000000000e+02 9.242326938820269607e-05
8.500000000000000000e+02 2.750370856993351908e-05
8.550000000000000000e+02 6.196165101054251189e-06
8.600000000000000000e+02 6.803245825933796264e-05
8.650000000000000000e+02 9.783890355901940137e-05
8.700000000000000000e+02 3.832163246299398577e-05
8.750000000000000000e+02 8.412720223325623317e-07
8.800000000000000000e+02 5.647107394302848705e-05
8.850000000000000000e+02 9.988816642750036488e-05
8.900000000000000000e+02 5.066171612857744679e-05
8.950000000000000000e+02 1.929826062542554274e-06
9.000000000000000000e+02 4.422816410429676533e-05
9.050000000000000000e+02 9.902928821502444111e-05
9.100000000000000000e+02 6.287973667967832446e-05
9.150000000000000000e+02 2.451900134288107711e-06
9.200000000000000000e+02 3.208157235781505323e-05
9.250000000000000000e+02 9.553806883141905879e-05
9.300000000000000000e+02 7.391823242309259194e-05
9.350000000000000000e+02 9.235866543851816384e-06
9.400000000000000000e+02 2.205080479383039106e-05
9.450000000000000000e+02 8.862569562544064491e-05
9.500000000000000000e+02 8.429377282922615236e-05
9.550000000000000000e+02 1.559366747411804489e-05
9.600000000000000000e+02 1.199262701755956375e-05
9.650000000000000000e+02 8.030416821329619298e-05
9.700000000000000000e+02 9.172912927670292442e-05
9.750000000000000000e+02 2.640192774775255020e-05
9.800000000000000000e+02 6.732018573240668760e-06
9.850000000000000000e+02 6.921514494075631729e-05
9.900000000000000000e+02 9.744656429508875329e-05
9.950000000000000000e+02 3.705654253438160904e-05
1.000000000000000000e+03 1.098613600762702080e-06
1.005000000000000000e+03 5.776304915669030381e-05
1.010000000000000000e+03 9.978501524753364432e-05
1.015000000000000000e+03 4.939633619883214660e-05
1.020000000000000000e+03 1.864416220583427679e-06
1.025000000000000000e+03 4.548364018935381094e-05
1.030000000000000000e+03 9.926545766126945627e-05
1.035000000000000000e+03 6.161697001738496605e-05
1.040000000000000000e+03 2.065005068724337567e-06
1.045000000000000000e+03 3.330928206395381371e-05
1.050000000000000000e+03 9.605779092362194389e-05
1.055000000000000000e+03 7.278903654219048109e-05
1.060000000000000000e+03 8.584504386863248715e-06
1.065000000000000000e+03 2.308224126868345144e-05
1.070000000000000000e+03 8.942704148433731014e-05
1.075000000000000000e+03 8.333705930360467548e-05
1.080000000000000000e+03 1.465765875531903566e-05
1.085000000000000000e+03 1.285787113164619779e-05
1.090000000000000000e+03 8.132855184067918220e-05
1.095000000000000000e+03 9.100725197302408833e-05
1.100000000000000000e+03 2.531681606719318403e-05
1.105000000000000000e+03 7.297493527586853155e-06
1.110000000000000000e+03 7.038556380944881933e-05
1.115000000000000000e+03 9.702201844818429872e-05
1.120000000000000000e+03 3.580046488329435866e-05
1.125000000000000000e+03 1.390147854703964200e-06
1.130000000000000000e+03 5.904959720729522331e-05
1.135000000000000000e+03 9.964821467573238274e-05
1.140000000000000000e+03 4.813222708514115680e-05
1.145000000000000000e+03 1.831949043804815037e-06
1.150000000000000000e+03 4.674285802208257695e-05
1.155000000000000000e+03 9.946847232175293403e-05
1.160000000000000000e+03 6.034621336868709301e-05
1.165000000000000000e+03 1.711671530461563200e-06
1.170000000000000000e+03 3.454858433173351432e-05
1.175000000000000000e+03 9.654598379722596703e-05
1.180000000000000000e+03 7.164519075273271067e-05
1.185000000000000000e+03 7.961730796895607587e-06
1.190000000000000000e+03 2.413244461039333098e-05
1.195000000000000000e+03 9.020217674391686671e-05
1.200000000000000000e+03 8.235747587547582278e-05
1.205000000000000000e+03 1.374639722446101663e-05
1.210000000000000000e+03 1.374910094104374684e-05
1.215000000000000000e+03 8.233124084594742862e-05
1.220000000000000000e+03 9.025803248366394069e-05
1.225000000000000000e+03 2.424920810994731269e-05
1.230000000000000000e+03 7.892332249291523545e-06
1.235000000000000000e+03 7.154282812898938790e-05
1.240000000000000000e+03 9.656540910818310229e-05
1.245000000000000000e+03 3.455434852552513949e-05
1.250000000000000000e+03 1.715820734171630670e-06
1.255000000000000000e+03 6.032976652931228460e-05
1.260000000000000000e+03 9.947771692274835005e-05
1.265000000000000000e+03 4.687028817757421442e-05
1.270000000000000000e+03 1.832603913873042939e-06
1.275000000000000000e+03 4.800494600909134448e-05
1.280000000000000000e+03 9.963801661918399914e-05
1.285000000000000000e+03 5.906834455143770540e-05
1.290000000000000000e+03 1.392318603063716602e-06
1.295000000000000000e+03 3.579863342037309035e-05
1.300000000000000000e+03 9.700215417739297026e-05
1.305000000000000000e+03 7.048744295092292090e-05
1.310000000000000000e+03 7.368124437044126439e-06
1.315000000000000000e+03 2.520076588291553154e-05
1.320000000000000000e+03 9.095040799283869324e-05
1.325000000000000000e+03 8.135561070995008187e-05
1.330000000000000000e+03 1.286067392022427633e-05
1.335000000000000000e+03 1.466579132576043656e-05
1.340000000000000000e+03 8.331140683217247217e-05
1.345000000000000000e+03 8.948188126555261753e-05
1.350000000000000000e+03 2.319995026860610906e-05
1.355000000000000000e+03 8.516263854383581046e-06
1.360000000000000000e+03 7.268603782294012121e-05
1.365000000000000000e+03 9.607689204682196850e-05
1.370000000000000000e+03 3.331915859903076307e-05
1.375000000000000000e+03 2.075566611173460262e-06
1.380000000000000000e+03 6.160259009414401023e-05
1.385000000000000000e+03 9.927348323604282486e-05
1.390000000000000000e+03 4.561143614872678170e-05
1.395000000000000000e+03 1.866554452026904517e-06
1.400000000000000000e+03 4.926901327101944106e-05
1.405000000000000000e+03 9.977377900415768423e-05
1.410000000000000000e+03 5.778426139104861825e-05
1.415000000000000000e+03 1.107363087443011584e-06
1.420000000000000000e+03 3.705856322476130049e-05
1.425000000000000000e+03 9.742580935143050323e-05
1.430000000000000000e+03 6.931656081345485051e-05
1.435000000000000000e+03 6.804267347028041495e-06
1.440000000000000000e+03 2.628653702665550786e-05
1.445000000000000000e+03 9.167103627468965634e-05
1.450000000000000000e+03 8.033207244920455661e-05
1.455000000000000000e+03 1.200128702589631886e-05
1.460000000000000000e+03 1.560739787397494177e-05
1.465000000000000000e+03 8.426821063581621659e-05
1.470000000000000000e+03 8.867922574345602849e-05
1.475000000000000000e+03 2.216990127755736757e-05
1.480000000000000000e+03 9.169002019382704334e-06
1.485000000000000000e+03 7.381427706663715204e-05
1.490000000000000000e+03 9.555663736646396002e-05
1.495000000000000000e+03 3.209587732308708647e-05
1.500000000000000000e+03 2.469306468580505533e-06
1.505000000000000000e+03 6.286708267104547149e-05
1.510000000000000000e+03 9.903548535923624408e-05
1.515000000000000000e+03 4.435660670638473020e-05
1.520000000000000000e+03 1.933966861198879942e-06
1.525000000000000000e+03 5.053414849270923900e-05
1.530000000000000000e+03 9.987545293783499931e-05
1.535000000000000000e+03 5.649488470224307634e-05
1.540000000000000000e+03 8.572180065834940134e-07
1.545000000000000000e+03 3.832748443466450951e-05
1.550000000000000000e+03 9.781645750711019931e-05
1.555000000000000000e+03 6.813333393815034541e-05
1.560000000000000000e+03 6.270744401502424764e-06
1.565000000000000000e+03 2.738906819987437221e-05
1.570000000000000000e+03 9.236335586520429857e-05
1.575000000000000000e+03 7.928749145384237219e-05
1.580000000000000000e+03 1.116904347710524657e-05
1.585000000000000000e+03 1.657335468776967264e-05
1.590000000000000000e+03 8.520080361108582189e-05
1.595000000000000000e+03 8.785051289736996866e-05
1.600000000000000000e+03 2.115993277794536357e-05
1.605000000000000000e+03 9.850242920357207336e-06
1.610000000000000000e+03 7.492661440207524419e-05
1.615000000000000000e+03 9.500483177955032054e-05
1.620000000000000000e+03 3.088550471421117982e-05
1.625000000000000000e+03 2.896945876274569256e-06
1.630000000000000000e+03 6.412223962866937213e-05
1.635000000000000000e+03 9.876370735103961519e-05
1.640000000000000000e+03 4.310675633672472599e-05
1.645000000000000000e+03 2.034998699270951483e-06
1.650000000000000000e+03 5.179941778248250159e-05
1.655000000000000000e+03 9.994273806521171649e-05
1.660000000000000000e+03 5.520115906248810450e-05
1.665000000000000000e+03 6.422920480172832115e-07
1.670000000000000000e+03 3.960448451919929360e-05
1.675000000000000000e+03 9.817360793242186148e-05
1.680000000000000000e+03 6.693857541349587876e-05
1.685000000000000000e+03 5.768143099205101880e-06
1.690000000000000000e+03 2.850764566408383347e-05
1.695000000000000000e+03 9.302665557144592452e-05
1.700000000000000000e+03 7.822252294771388421e-05
1.705000000000000000e+03 1.036475784654031304e-05
1.710000000000000000e+03 1.756307181545517133e-05
1.715000000000000000e+03 8.610832656824637227e-05
1.720000000000000000e+03 8.699621134599814848e-05
1.725000000000000000e+03 2.017093012038238483e-05
1.730000000000000000e+03 1.055966352545336382e-05
1.735000000000000000e+03 7.602210065984415989e-05
1.740000000000000000e+03 9.442168052174642668e-05
1.745000000000000000e+03 2.968906061422376040e-05
1.750000000000000000e+03 3.358373251669828952e-06
1.755000000000000000e+03 6.536703533173356421e-05
1.760000000000000000e+03 9.845814742471680099e-05
1.765000000000000000e+03 4.186286372475304235e-05
1.770000000000000000e+03 2.169797275324253452e-06
1.775000000000000000e+03 5.306386233296320480e-05
1.780000000000000000e+03 9.997534202823157390e-05
1.785000000000000000e+03 5.390405557215385726e-05
1.790000000000000000e+03 4.629878321283422890e-07
1.795000000000000000e+03 4.088862375385595159e-05
1.800000000000000000e+03 9.849677298402077232e-05
1.805000000000000000e+03 6.573312456808787566e-05
1.810000000000000000e+03 5.297052367919878812e-06
1.815000000000000000e+03 2.964152938084946916e-05
1.820000000000000000e+03 9.366021888980006506e-05
1.825000000000000000e+03 7.713784903025242478e-05
1.830000000000000000e+03 9.589252262268227887e-06
1.835000000000000000e+03 1.857593251823768158e-05
1.840000000000000000e+03 8.698991066635581811e-05
1.845000000000000000e+03 8.611681378905923826e-05
1.850000000000000000e+03 1.920379228667995318e-05
1.855000000000000000e+03 1.129691863311457596e-05
1.860000000000000000e+03 7.709976953658502323e-05
1.865000000000000000e+03 9.380740973949006339e-05
1.870000000000000000e+03 2.850758453968770049e-05
1.875000000000000000e+03 3.853457137942859777e-06
1.880000000000000000e+03 6.660042349886247657e-05
1.885000000000000000e+03 9.811881999559110665e-05
1.890000000000000000e+03 4.062593068585429576e-05
1.895000000000000000e+03 2.338497417848737584e-06
1.900000000000000000e+03 5.432649785880318239e-05
1.905000000000000000e+03 9.997298186721886165e-05
1.910000000000000000e+03 5.260457330109976259e-05
1.915000000000000000e+03 3.197005160256208439e-07
1.920000000000000000e+03 4.217893326914621036e-05
1.925000000000000000e+03 9.878546902285387720e-05
1.930000000000000000e+03 6.451784884333720577e-05
1.935000000000000000e+03 4.858061893287758120e-06
1.940000000000000000e+03 3.078995104842872346e-05
1.945000000000000000e+03 9.426332450277305670e-05
1.950000000000000000e+03 7.603418097512736464e-05
1.955000000000000000e+03 8.843356233350148867e-06
1.960000000000000000e+03 1.961129161915243623e-05
1.965000000000000000e+03 8.784467615702405577e-05
1.970000000000000000e+03 8.521283920079462699e-05
1.975000000000000000e+03 1.825943241438693322e-05
1.980000000000000000e+03 1.206163893771127724e-05
1.985000000000000000e+03 7.815863699075844564e-05
1.990000000000000000e+03 9.316226894628431058e-05
1.995000000000000000e+03 2.734213665041411196e-05
2.000000000000000000e+03 4.382044430623710334e-06
2.005000000000000000e+03 6.782133391989408195e-05
2.010000000000000000e+03 9.774575778792387541e-05
2.015000000000000000e+03 3.939698387417705578e-05
2.020000000000000000e+03 2.541219783603911404e-06
2.025000000000000000e+03 5.558631242350057605e-05
2.030000000000000000e+03 9.993538594424547289e-05
2.035000000000000000e+03 5.130374116673784639e-05
2.040000000000000000e+03 2.128161286722143259e-07
2.045000000000000000e+03 4.347441481475320941e-05
2.050000000000000000e+03 9.903921751559883330e-05
2.055000000000000000e+03 6.329364570147688422e-05
2.060000000000000000e+03 4.451760673699031993e-06
2.065000000000000000e+03 3.195211121756423296e-05
2.070000000000000000e+03 9.483524780670055684e-05
2.075000000000000000e+03 7.491226191946210200e-05
2.080000000000000000e+03 8.127905924567823391e-06
2.085000000000000000e+03 2.066847307446894786e-05
2.090000000000000000e+03 8.867173411377674496e-05
2.095000000000000000e+03 8.428483563827440534e-05
2.100000000000000000e+03 1.733877725500502639e-05
2.105000000000000000e+03 1.285342820923209443e-05
2.110000000000000000e+03 7.919770008597573033e-05
2.115000000000000000e+03 9.248653336037173257e-05
2.120000000000000000e+03 2.619379899793587601e-05
2.125000000000000000e+03 4.943957392482517437e-06
2.130000000000000000e+03 6.902867445340807068e-05
2.135000000000000000e+03 9.733901438453906256e-05
2.140000000000000000e+03 3.817707580189963257e-05
2.145000000000000000e+03 2.778068693628619113e-06
2.150000000000000000e+03 5.684226524998465125e-05
2.155000000000000000e+03 9.986229617263298205e-05
2.160000000000000000e+03 5.000261933056033355e-05
2.165000000000000000e+03 1.427095707207332813e-07
2.170000000000000000e+03 4.477403743326163830e-05
2.175000000000000000e+03 9.925754738605074086e-05
2.180000000000000000e+03 6.206144491325887771e-05
2.185000000000000000e+03 4.078735846468191770e-06
2.190000000000000000e+03 3.312717807292142900e-05
2.195000000000000000e+03 9.537526111013407127e-05
2.200000000000000000e+03 7.377286875554903741e-05
2.205000000000000000e+03 7.443742858512613984e-06
2.210000000000000000e+03 2.174676615837338244e-05
2.215000000000000000e+03 8.947018650269788370e-05
2.220000000000000000e+03 8.333338243870361327e-05
2.225000000000000000e+03 1.644276732201361624e-05
2.230000000000000000e+03 1.367186097138174875e-05
2.235000000000000000e+03 8.021593804255734369e-05
2.240000000000000000e+03 9.178050670091982108e-05
2.245000000000000000e+03 2.506367485420056798e-05
2.250000000000000000e+03 5.538991357934030559e-06
2.255000000000000000e+03 7.022132786043726251e-05
2.260000000000000000e+03 9.689866648267207705e-05
2.265000000000000000e+03 3.696728534716126448e-05
2.270000000000000000e+03 3.049129362424806242e-06
2.275000000000000000e+03 5.809328528698751604e-05
2.280000000000000000e+03 9.975347005617154984e-05
2.285000000000000000e+03 4.870230082185349993e-05
2.290000000000000000e+03 1.097425314559663040e-07
2.295000000000000000e+03 4.607673579667845255e-05
2.300000000000000000e+03 9.943999647359079723e-05
2.305000000000000000e+03 6.082221030023241638e-05
2.310000000000000000e+03 3.739570938450456339e-06
2.315000000000000000e+03 3.431428443228567087e-05
2.320000000000000000e+03 9.588263607070411111e-05
2.325000000000000000e+03 7.261681512873117972e-05
2.330000000000000000e+03 6.791713204536506178e-06
2.335000000000000000e+03 2.284542440398340817e-05
2.340000000000000000e+03 9.023912710229255922e-05
2.345000000000000000e+03 8.235909295126349599e-05
2.350000000000000000e+03 1.557235610199717639e-05
2.355000000000000000e+03 1.451647977372775467e-05
2.360000000000000000e+03 8.121231165616195856e-05
2.365000000000000000e+03 9.104452384374613592e-05
2.370000000000000000e+03 2.395288923222273466e-05
2.375000000000000000e+03 6.166912008393094149e-06
2.380000000000000000e+03 7.139815292783185268e-05
2.385000000000000000e+03 9.642481671787235162e-05
2.390000000000000000e+03 3.576871881863825258e-05
2.395000000000000000e+03 3.354465975740906235e-06
2.400000000000000000e+03 5.933827069558153045e-05
2.405000000000000000e+03 9.960868333462931802e-05
2.410000000000000000e+03 4.740391334957397778e-05
2.415000000000000000e+03 1.142611087728311021e-07
2.420000000000000000e+03 4.738140949065502706e-05
2.425000000000000000e+03 9.958611376139402745e-05
2.430000000000000000e+03 5.957694159004248114e-05
2.435000000000000000e+03 3.434844031956023088e-06
2.440000000000000000e+03 3.551252601310077436e-05
2.445000000000000000e+03 9.635664441975626943e-05
2.450000000000000000e+03 7.144495331574051908e-05
2.455000000000000000e+03 6.172666001942679076e-06
2.460000000000000000e+03 2.396366269673913958e-05
2.465000000000000000e+03 9.097764268188791208e-05
2.470000000000000000e+03 8.136261722038422967e-05
2.475000000000000000e+03 1.472850950529556427e-05
2.480000000000000000e+03 1.538679261619592476e-05
2.485000000000000000e+03 8.218576442742220008e-05
2.490000000000000000e+03 9.027895353805892868e-05
2.495000000000000000e+03 2.286258895918379317e-05
2.500000000000000000e+03 6.827452343251622026e-06
2.505000000000000000e+03 7.255798387086476035e-05
2.510000000000000000e+03 9.591759624654082523e-05
2.515000000000000000e+03 3.458251060559751897e-05
2.520000000000000000e+03 3.694118499473541183e-06
2.525000000000000000e+03 6.057608714042831370e-05
2.530000000000000000e+03 9.942773232245821714e-05
2.535000000000000000e+03 4.610861948019884742e-05
2.540000000000000000e+03 1.565933358784390783e-07
2.545000000000000000e+03 4.868692093443629609e-05
2.550000000000000000e+03 9.969546166653914492e-05
2.555000000000000000e+03 5.832667636240478743e-05
2.560000000000000000e+03 3.165125782408075611e-06
2.565000000000000000e+03 3.672095917827106448e-05
2.570000000000000000e+03 9.679656020334347077e-05
2.575000000000000000e+03 7.025817660508026810e-05
2.580000000000000000e+03 5.587451811470470130e-06
2.585000000000000000e+03 2.510065464430892253e-05
2.590000000000000000e+03 9.168481442876585366e-05
2.595000000000000000e+03 8.034464409870589133e-05
2.600000000000000000e+03 1.391220459972539121e-05
2.605000000000000000e+03 1.628226987902530050e-05
2.610000000000000000e+03 8.313522198534161714e-05
2.615000000000000000e+03 8.948420133488056987e-05
2.620000000000000000e+03 2.179394209526881412e-05
2.625000000000000000e+03 7.520309993844114026e-06
2.630000000000000000e+03 7.369963054166862881e-05
2.635000000000000000e+03 9.537716761788828373e-05
2.640000000000000000e+03 3.340982310418395081e-05
2.645000000000000000e+03 4.068100155917614395e-06
2.650000000000000000e+03 6.180556741749358794e-05
2.655000000000000000e+03 9.921043691999342426e-05
2.660000000000000000e+03 4.481761903475047664e-05
2.665000000000000000e+03 2.370464665508928781e-07
2.670000000000000000e+03 4.999209374775071067e-05
2.675000000000000000e+03 9.976761843060686372e-05
2.680000000000000000e+03 5.707249114691893691e-05
2.685000000000000000e+03 2.930977093264078821e-06
2.690000000000000000e+03 3.793859948306061320e-05
2.695000000000000000e+03 9.720166196408900564e-05
2.700000000000000000e+03 6.905742190980136632e-05
2.705000000000000000e+03 5.036920936823125159e-06
2.710000000000000000e+03 2.625552980070909375e-05
2.715000000000000000e+03 9.235971895466534790e-05
2.720000000000000000e+03 7.930590440618435675e-05
2.725000000000000000e+03 1.312442880001834201e-05
2.730000000000000000e+03 1.720234209044006711e-05
2.735000000000000000e+03 8.405959422365735659e-05
2.740000000000000000e+03 8.866071250355400852e-05
2.745000000000000000e+03 2.074813740829191359e-05
2.750000000000000000e+03 8.245144069275711483e-06
2.755000000000000000e+03 7.482187815318257034e-05
2.760000000000000000e+03 9.480372784586224154e-05
2.765000000000000000e+03 3.225184721000326959e-05
2.770000000000000000e+03 4.476394591869630517e-06
2.775000000000000000e+03 6.302551136071115408e-05
2.780000000000000000e+03 9.895664341220500402e-05
2.785000000000000000e+03 4.353214888232721856e-05
2.790000000000000000e+03 3.559041172796213083e-07
2.795000000000000000e+03 5.129571249115906484e-05
2.800000000000000000e+03 9.980218114903596143e-05
2.805000000000000000e+03 5.581550368975427316e-05
2.810000000000000000e+03 2.732946719254627296e-06
2.815000000000000000e+03 3.916441887525205643e-05
2.820000000000000000e+03 9.757123442071731251e-05
2.825000000000000000e+03 6.784367136316500646e-05
2.830000000000000000e+03 4.521921018471522564e-06
2.835000000000000000e+03 2.742737202137194679e-05
2.840000000000000000e+03 9.300143076157491473e-05
2.845000000000000000e+03 7.824717301478545275e-05
2.850000000000000000e+03 1.236617816389274727e-05
2.855000000000000000e+03 1.814639674131051842e-05
2.860000000000000000e+03 8.495777543696434808e-05
2.865000000000000000e+03 8.780897496630268883e-05
2.870000000000000000e+03 1.972638385820001775e-05
2.875000000000000000e+03 9.001571967511597721e-06
2.880000000000000000e+03 7.592348793528370086e-05
2.885000000000000000e+03 9.419751138800647812e-05
2.890000000000000000e+03 3.110980232477624072e-05
2.895000000000000000e+03 4.918952473393633689e-06
2.900000000000000000e+03 6.423468421965664932e-05
2.905000000000000000e+03 9.866622756359410130e-05
2.910000000000000000e+03 4.225348438124772789e-05
2.915000000000000000e+03 5.134231407037655921e-07
2.920000000000000000e+03 5.259652052164402595e-05
2.925000000000000000e+03 9.979876821329416146e-05
2.930000000000000000e+03 5.455687366025200328e-05
2.935000000000000000e+03 2.571568557454701948e-06
2.940000000000000000e+03 4.039734488148405471e-05
2.945000000000000000e+03 9.790457156980295159e-05
2.950000000000000000e+03 6.661795474582763365e-05
2.955000000000000000e+03 4.043294879103980554e-06
2.960000000000000000e+03 2.861521688085060604e-05
2.965000000000000000e+03 9.360902411718052005e-05
2.970000000000000000e+03 7.716927160650022255e-05
2.975000000000000000e+03 1.163845576956837478e-05
2.980000000000000000e+03 1.911377580130991713e-05
2.985000000000000000e+03 8.582864636782314865e-05
2.990000000000000000e+03 8.692952230885420150e-05
2.995000000000000000e+03 1.872990903819295240e-05
3.000000000000000000e+03 9.789166851751122077e-06
3.005000000000000000e+03 7.700319881278393859e-05
3.010000000000000000e+03 9.355879318471567690e-05
3.015000000000000000e+03 2.998493554163753620e-05
3.020000000000000000e+03 5.395688802724010410e-06
3.025000000000000000e+03 6.543181820837571760e-05
3.030000000000000000e+03 9.833909780598045890e-05
3.035000000000000000e+03 4.098293905460279675e-05
3.040000000000000000e+03 7.098305410779794425e-07
3.045000000000000000e+03 5.389322017872033571e-05
3.050000000000000000e+03 9.975702263231170180e-05
3.055000000000000000e+03 5.329780395844864373e-05
3.060000000000000000e+03 2.447358811637501819e-06
3.065000000000000000e+03 4.163625856434717153e-05
3.070000000000000000e+03 9.820097906009319939e-05
3.075000000000000000e+03 6.538135128259070614e-05
3.080000000000000000e+03 3.601877935612645680e-06
3.085000000000000000e+03 2.981804926732350549e-05
3.090000000000000000e+03 9.418157517836954441e-05
3.095000000000000000e+03 7.607307093933319891e-05
3.100000000000000000e+03 1.094226976851685766e-05
3.105000000000000000e+03 2.010377303849568065e-05
3.110000000000000000e+03 8.667107533679879489e-05
3.115000000000000000e+03 8.602293657508311040e-05
3.120000000000000000e+03 1.775995798909357106e-05
3.125000000000000000e+03 1.060745380685673064e-05
3.130000000000000000e+03 7.805972650905070617e-05
3.135000000000000000e+03 9.288789196997827272e-05
3.140000000000000000e+03 2.887852175647310292e-05
3.145000000000000000e+03 5.906479146432483653e-06
3.150000000000000000e+03 6.661561110928593548e-05
3.155000000000000000e+03 9.797519865981247353e-05
3.160000000000000000e+03 3.972186580806924962e-05
3.165000000000000000e+03 9.453199855247494532e-07
3.170000000000000000e+03 5.518447185838403640e-05
3.175000000000000000e+03 9.967661524419857693e-05
3.180000000000000000e+03 5.203954187556458891e-05
3.185000000000000000e+03 2.360812878128221557e-06
3.190000000000000000e+03 4.287999320768300912e-05
3.195000000000000000e+03 9.845977728335438028e-05
3.200000000000000000e+03 6.413499154510275799e-05
3.205000000000000000e+03 3.198495338799615815e-06
3.210000000000000000e+03 3.103480158252960879e-05
3.215000000000000000e+03 9.471816470157706693e-05
3.220000000000000000e+03 7.495949321263575653e-05
3.225000000000000000e+03 1.027863120377030949e-05
3.230000000000000000e+03 2.111563102854390888e-05
3.235000000000000000e+03 8.748391990964733342e-05
3.240000000000000000e+03 8.508985151879716266e-05
3.245000000000000000e+03 1.681779218738304934e-05
3.250000000000000000e+03 1.145590705882014204e-05
3.255000000000000000e+03 7.909176700613936625e-05
3.260000000000000000e+03 9.218517337781492521e-05
3.265000000000000000e+03 2.779186213409960335e-05
3.270000000000000000e+03 6.451156847141912762e-06
3.275000000000000000e+03 6.778472732602354607e-05
3.280000000000000000e+03 9.757451411251092960e-05
3.285000000000000000e+03 3.847165634607821363e-05
3.290000000000000000e+03 1.220048311586605240e-06
3.295000000000000000e+03 5.646889336057339253e-05
3.300000000000000000e+03 9.955724807387704217e-05
3.305000000000000000e+03 5.078337974375840932e-05
3.310000000000000000e+03 2.312402128006108984e-06
3.315000000000000000e+03 4.412733302737320844e-05
3.320000000000000000e+03 9.868030445634069650e-05
3.325000000000000000e+03 6.288005905661535940e-05
3.330000000000000000e+03 2.833958933859374529e-06
3.335000000000000000e+03 3.226435165027918920e-05
3.340000000000000000e+03 9.521788064867128917e-05
3.345000000000000000e+03 7.382951438668507562e-05
3.350000000000000000e+03 9.648551631875116984e-06
3.355000000000000000e+03 2.214853877422005751e-05
3.360000000000000000e+03 8.826602996378518119e-05
3.365000000000000000e+03 8.413095538094774351e-05
3.370000000000000000e+03 1.590468651094244945e-05
3.375000000000000000e+03 1.233394681836696006e-05
3.380000000000000000e+03 8.009799591906680851e-05
3.385000000000000000e+03 9.145105333374753637e-05
3.390000000000000000e+03 2.672628371841128092e-05
3.395000000000000000e+03 7.029509243710849490e-06
3.400000000000000000e+03 6.893779875895308484e-05
3.405000000000000000e+03 9.713707117175634294e-05
3.410000000000000000e+03 3.723374085003298723e-05
3.415000000000000000e+03 1.534131911189972004e-06
3.420000000000000000e+03 5.774506005598242786e-05
3.425000000000000000e+03 9.939865787705074113e-05
3.430000000000000000e+03 4.953065550500499392e-05
3.435000000000000000e+03 2.302570463735799617e-06
3.440000000000000000e+03 4.537701211114496865e-05
3.445000000000000000e+03 9.886192004329770618e-05
3.450000000000000000e+03 6.161779174229103516e-05
3.455000000000000000e+03 2.509063933418703390e-06
3.460000000000000000e+03 3.350552070934977559e-05
3.465000000000000000e+03 9.567982144526605956e-05
3.470000000000000000e+03 7.268416639595194607e-05
3.475000000000000000e+03 9.053040205567858110e-06
3.480000000000000000e+03 2.320162948724903261e-05
3.485000000000000000e+03 8.901624896148727941e-05
3.490000000000000000e+03 8.314699366986011886e-05
3.495000000000000000e+03 1.502192837951765978e-05
3.500000000000000000e+03 1.324093607861101774e-05
3.505000000000000000e+03 8.107707236274292362e-05
3.510000000000000000e+03 9.068600110918566552e-05
3.515000000000000000e+03 2.568313753106043801e-05
3.520000000000000000e+03 7.641274276761360936e-06
3.525000000000000000e+03 7.007342511387815946e-05
3.530000000000000000e+03 9.666294357204305385e-05
3.535000000000000000e+03 3.600958772032062597e-05
3.540000000000000000e+03 1.887642966818243296e-06
3.545000000000000000e+03 5.901150498389284458e-05
3.550000000000000000e+03 9.920061985819630501e-05
3.555000000000000000e+03 4.828275303350841607e-05
3.560000000000000000e+03 2.331730697057605780e-06
3.565000000000000000e+03 4.662771358821684946e-05
3.570000000000000000e+03 9.900400829150560070e-05
3.575000000000000000e+03 6.034948322566699447e-05
3.580000000000000000e+03 2.224585427798276062e-06
3.585000000000000000e+03 3.475707197425906487e-05
3.590000000000000000e+03 9.610309938100572848e-05
3.595000000000000000e+03 7.152453884901057942e-05
3.600000000000000000e+03 8.493100846444438977e-06
3.605000000000000000e+03 2.427397737316008583e-05
3.610000000000000000e+03 8.973341745367811439e-05
3.615000000000000000e+03 8.213877233646143302e-05
3.620000000000000000e+03 1.417081400160297754e-05
3.625000000000000000e+03 1.417617736794369768e-05
3.630000000000000000e+03 8.202763936136913824e-05
3.635000000000000000e+03 8.989054284915039164e-05
3.640000000000000000e+03 2.466379708699227357e-05
3.645000000000000000e+03 8.286137220720000957e-06
3.650000000000000000e+03 7.119017519152177247e-05
3.655000000000000000e+03 9.615225548267915799e-05
3.660000000000000000e+03 3.480070276116319924e-05
3.665000000000000000e+03 2.280605588268115754e-06
3.670000000000000000e+03 6.026671924432361327e-05
3.675000000000000000e+03 9.896295148942506976e-05
3.680000000000000000e+03 4.704110220577533623e-05
3.685000000000000000e+03 2.400260782079137394e-06
3.690000000000000000e+03 4.787806899217422204e-05
3.695000000000000000e+03 9.910598199900868708e-05
3.700000000000000000e+03 5.907648395536807778e-05
3.705000000000000000e+03 1.981274645065231934e-06
3.710000000000000000e+03 3.601770939812775577e-05
3.715000000000000000e+03 9.648684385182179049e-05
3.720000000000000000e+03 7.035178104537149015e-05
3.725000000000000000e+03 7.969729073621290212e-06
3.730000000000000000e+03 2.536459612546276758e-05
3.735000000000000000e+03 9.041637577793839838e-05
3.740000000000000000e+03 8.110715997844808575e-05
3.745000000000000000e+03 1.335264682949479536e-05
3.750000000000000000e+03 1.513891020749608632e-05
3.755000000000000000e+03 8.294832736129234964e-05
3.760000000000000000e+03 8.906526452822640608e-05
3.765000000000000000e+03 2.366965669703103325e-05
3.770000000000000000e+03 8.963727068814997078e-06
3.775000000000000000e+03 7.228658858602867625e-05
3.780000000000000000e+03 9.560518523342343854e-05
3.785000000000000000e+03 3.360862807013648829e-05
3.790000000000000000e+03 2.712991876467575606e-06
3.795000000000000000e+03 6.150915266379035167e-05
3.800000000000000000e+03 9.868551645296080876e-05
3.805000000000000000e+03 4.580717869451750659e-05
3.810000000000000000e+03 2.508499900363822095e-06
3.815000000000000000e+03 4.912665790194614148e-05
3.820000000000000000e+03 9.916728648847304857e-05
3.825000000000000000e+03 5.780020201718641517e-05
3.830000000000000000e+03 1.779854914150829282e-06
3.835000000000000000e+03 3.728607616870028223e-05
3.840000000000000000e+03 9.683020516747572061e-05
3.845000000000000000e+03 6.916710365106255626e-05
3.850000000000000000e+03 7.483908330405567820e-06
3.855000000000000000e+03 2.647243646234455472e-05
3.860000000000000000e+03 9.106396697106791996e-05
3.865000000000000000e+03 8.005309105640860266e-05
3.870000000000000000e+03 1.256873344266951730e-05
3.875000000000000000e+03 1.612830750183950475e-05
3.880000000000000000e+03 8.383775655093118635e-05
3.885000000000000000e+03 8.821081534498011428e-05
3.890000000000000000e+03 2.270212866205417949e-05
3.895000000000000000e+03 9.673612829115696088e-06
3.900000000000000000e+03 7.336117767310336652e-05
3.905000000000000000e+03 9.502196911971294297e-05
3.910000000000000000e+03 3.243494054870980621e-05
3.915000000000000000e+03 3.184717850440271138e-06
3.920000000000000000e+03 6.273721492064754184e-05
3.925000000000000000e+03 9.836822869250097577e-05
3.930000000000000000e+03 4.458250350543524276e-05
3.935000000000000000e+03 2.656744396161693524e-06
3.940000000000000000e+03 5.037200780574776587e-05
3.945000000000000000e+03 9.918740376662199532e-05
3.950000000000000000e+03 5.652210370527671873e-05
3.955000000000000000e+03 1.621017514471641101e-06
3.960000000000000000e+03 3.856075369157538780e-05
3.965000000000000000e+03 9.713235875639579747e-05
3.970000000000000000e+03 6.797178010996122489e-05
3.975000000000000000e+03 7.036606366901143221e-06
3.980000000000000000e+03 2.759638391048101650e-05
3.985000000000000000e+03 9.167504095859145042e-05
3.990000000000000000e+03 7.897756785739196768e-05
3.995000000000000000e+03 1.182038086260097896e-05
4.000000000000000000e+03 1.714347320469353030e-05
4.005000000000000000e+03 8.469454000289003209e-05
4.010000000000000000e+03 8.732791066329547705e-05
4.015000000000000000e+03 2.176264131141793394e-05
4.020000000000000000e+03 1.041530059212502087e-05
4.025000000000000000e+03 7.441242877001282669e-05
4.030000000000000000e+03 9.440290533973275588e-05
4.035000000000000000e+03 3.128124986384045464e-05
4.040000000000000000e+03 3.695639324344448655e-06
4.045000000000000000e+03 6.394927708388478801e-05
4.050000000000000000e+03 9.801105648624788326e-05
4.055000000000000000e+03 4.336864220628598894e-05
4.060000000000000000e+03 2.845243590025663648e-06
4.065000000000000000e+03 5.161259426622906020e-05
4.070000000000000000e+03 9.916585681749032015e-05
4.075000000000000000e+03 5.524371380745216476e-05
4.080000000000000000e+03 1.505417324033663389e-06
4.085000000000000000e+03 3.984026096676370653e-05
4.090000000000000000e+03 9.739250927567473753e-05
4.095000000000000000e+03 6.676714777826550174e-05
4.100000000000000000e+03 6.628771251238124642e-06
4.105000000000000000e+03 2.873525734369481767e-05
4.110000000000000000e+03 9.224845786457531657e-05
4.115000000000000000e+03 7.788166304538749699e-05
4.120000000000000000e+03 1.110889275352624879e-05
4.125000000000000000e+03 1.818343957975049739e-05
4.130000000000000000e+03 8.551728671703969224e-05
4.135000000000000000e+03 8.641733521782307323e-05
4.140000000000000000e+03 2.085263555987093619e-05
4.145000000000000000e+03 1.118822947622253638e-05
4.150000000000000000e+03 7.543880590560999232e-05
4.155000000000000000e+03 9.374835762219570266e-05
4.160000000000000000e+03 3.014919724620326638e-05
4.165000000000000000e+03 4.245548147380979860e-06
4.170000000000000000e+03 6.514367237077289190e-05
4.175000000000000000e+03 9.761402670178321770e-05
4.180000000000000000e+03 4.216720355628181363e-05
4.185000000000000000e+03 3.074195456760925027e-06
4.190000000000000000e+03 5.284684160415984528e-05
4.195000000000000000e+03 9.910221401665146113e-05
4.200000000000000000e+03 5.396661570075091325e-05
4.205000000000000000e+03 1.433668236141436191e-06
4.210000000000000000e+03 4.112305412254474256e-05
4.215000000000000000e+03 9.760989501523703344e-05
4.220000000000000000e+03 6.555460897298636639e-05
4.225000000000000000e+03 6.261327108132177965e-06
4.230000000000000000e+03 2.988780728825725971e-05
4.235000000000000000e+03 9.278309217133497264e-05
4.240000000000000000e+03 7.676652182928047339e-05
4.245000000000000000e+03 1.043556522481186471e-05
4.250000000000000000e+03 1.924716431478298547e-05
4.255000000000000000e+03 8.630460589067406407e-05
4.260000000000000000e+03 8.547994577898294813e-05
4.265000000000000000e+03 1.997356213311847898e-05
4.270000000000000000e+03 1.199176886677053787e-05
4.275000000000000000e+03 7.643875224086290492e-05
4.280000000000000000e+03 9.305875920514433794e-05
4.285000000000000000e+03 2.904045190734166616e-05
4.290000000000000000e+03 4.834167542641610113e-06
4.295000000000000000e+03 6.631869954388986711e-05
4.300000000000000000e+03 9.717722899990330397e-05
4.305000000000000000e+03 4.097983851699234714e-05
4.310000000000000000e+03 3.343742365586636496e-06
4.315000000000000000e+03 5.407312355187310067e-05
4.320000000000000000e+03 9.899609367493616074e-05
4.325000000000000000e+03 5.269245108604161699e-05
4.330000000000000000e+03 1.406338418306339005e-06
4.335000000000000000e+03 4.240752600004560552e-05
4.340000000000000000e+03 9.778379261487096265e-05
4.345000000000000000e+03 6.433563157237045160e-05
4.350000000000000000e+03 5.935169670420674501e-06
4.355000000000000000e+03 3.105271451306527790e-05
4.360000000000000000e+03 9.327783717312095545e-05
4.365000000000000000e+03 7.563336378273594887e-05
4.370000000000000000e+03 9.801682793519100171e-06
4.375000000000000000e+03 2.033352842634371136e-05
4.380000000000000000e+03 8.705511041526402141e-05
4.385000000000000000e+03 8.451667406636299070e-05
4.390000000000000000e+03 1.912687777853177857e-05
4.395000000000000000e+03 1.282521483514055767e-05
4.400000000000000000e+03 7.741069419424044106e-05
4.405000000000000000e+03 9.233461641822061255e-05
4.410000000000000000e+03 2.795670919971952436e-05
4.415000000000000000e+03 5.461148613668162624e-06
4.420000000000000000e+03 6.747262387694372501e-05
4.425000000000000000e+03 9.670082006052596124e-05
4.430000000000000000e+03 3.980823796591793538e-05
4.435000000000000000e+03 3.653966463391046818e-06
4.440000000000000000e+03 5.528976421861727444e-05
4.445000000000000000e+03 9.884716898311948687e-05
4.450000000000000000e+03 5.142291889697119206e-05
4.455000000000000000e+03 1.423945494981561792e-06
4.460000000000000000e+03 4.369200693480127223e-05
4.465000000000000000e+03 9.791352186440638013e-05
4.470000000000000000e+03 6.311174951402298919e-05
4.475000000000000000e+03 5.651161664538944249e-06
4.480000000000000000e+03 3.222858918834237179e-05
4.485000000000000000e+03 9.373160944722117873e-05
4.490000000000000000e+03 7.448348459420741122e-05
4.495000000000000000e+03 9.208513803675846953e-06
4.500000000000000000e+03 2.144133417959277781e-05
4.505000000000000000e+03 8.776742126702116004e-05
4.510000000000000000e+03 8.352852928978485628e-05
4.515000000000000000e+03 1.831404147437092568e-05
4.520000000000000000e+03 1.368778712520455701e-05
4.525000000000000000e+03 7.835304443293061513e-05
4.530000000000000000e+03 9.157651239588598035e-05
4.535000000000000000e+03 2.689968704979272719e-05
4.540000000000000000e+03 6.126065912871806653e-06
4.545000000000000000e+03 6.860368106706179038e-05
4.550000000000000000e+03 9.618502782681213155e-05
4.555000000000000000e+03 3.865413096929239047e-05
4.560000000000000000e+03 4.004885364828844855e-06
4.565000000000000000e+03 5.649503997345399058e-05
4.570000000000000000e+03 9.865517242751276191e-05
4.575000000000000000e+03 5.015977507448800830e-05
4.580000000000000000e+03 1.486951446094460864e-06
4.585000000000000000e+03 4.497476449800038694e-05
4.590000000000000000e+03 9.799845049759184628e-05
4.595000000000000000e+03 6.188456296639713826e-05
4.600000000000000000e+03 5.410127771885069101e-06
4.605000000000000000e+03 3.341396957314581696e-05
4.610000000000000000e+03 9.414335370808733837e-05
4.615000000000000000e+03 7.331825756450129408e-05
4.620000000000000000e+03 8.657305350020107109e-06
4.625000000000000000e+03 2.256930285562063791e-05
4.630000000000000000e+03 8.844017202723228961e-05
4.635000000000000000e+03 8.251660059271474247e-05
4.640000000000000000e+03 1.753651017230316897e-05
4.645000000000000000e+03 1.457862618386546466e-05
4.650000000000000000e+03 7.926420563068556672e-05
4.655000000000000000e+03 9.078511064795787000e-05
4.660000000000000000e+03 2.587112238959613856e-05
4.665000000000000000e+03 6.828413621902459280e-06
4.670000000000000000e+03 6.971007970075994344e-05
4.675000000000000000e+03 9.563015575164047100e-05
4.680000000000000000e+03 3.751928195146759642e-05
4.685000000000000000e+03 4.396447518674680966e-06
4.690000000000000000e+03 5.768718121227816621e-05
4.695000000000000000e+03 9.841990094394627211e-05
4.700000000000000000e+03 4.890483061305848819e-05
4.705000000000000000e+03 1.595757530420359294e-06
4.710000000000000000e+03 4.625400509103428493e-05
4.715000000000000000e+03 9.803799963823180694e-05
4.720000000000000000e+03 6.065573780808438406e-05
4.725000000000000000e+03 5.212849756002995059e-06
4.730000000000000000e+03 3.460732218980864855e-05
4.735000000000000000e+03 9.451204813769111825e-05
4.740000000000000000e+03 7.213913445430449652e-05
4.745000000000000000e+03 8.149278674646490684e-06
4.750000000000000000e+03 2.371607333424728266e-05
4.755000000000000000e+03 8.907201434136781870e-05
4.760000000000000000e+03 8.148205898588008092e-05
4.765000000000000000e+03 1.679573439961950797e-05
4.770000000000000000e+03 1.549679025378354922e-05
4.775000000000000000e+03 8.014257493060142411e-05
4.780000000000000000e+03 8.996115841135919979e-05
4.785000000000000000e+03 2.487276725461164939e-05
4.790000000000000000e+03 7.567601624163464802e-06
4.795000000000000000e+03 7.079000475716596601e-05
4.800000000000000000e+03 9.503658695964891084e-05
4.805000000000000000e+03 3.640548785379850444e-05
4.810000000000000000e+03 4.828527758074481850e-06
4.815000000000000000e+03 5.886437447311481373e-05
4.820000000000000000e+03 9.814122072252296262e-05
4.825000000000000000e+03 4.765994999346627003e-05
4.830000000000000000e+03 1.750699034946219145e-06
4.835000000000000000e+03 4.752787462299210079e-05
4.840000000000000000e+03 9.803164891315974865e-05
4.845000000000000000e+03 5.942700520152185625e-05
4.850000000000000000e+03 5.060061043225915843e-06
4.855000000000000000e+03 3.580704103343016446e-05
4.860000000000000000e+03 9.483670940463548326e-05
4.865000000000000000e+03 7.094764664663143411e-05
4.870000000000000000e+03 7.685623176012170118e-06
4.875000000000000000e+03 2.488020065398138843e-05
4.880000000000000000e+03 8.966162211498903474e-05
4.885000000000000000e+03 8.042615962230339056e-05
4.890000000000000000e+03 1.609315335474360378e-05
4.895000000000000000e+03 1.644125314215653941e-05
4.900000000000000000e+03 8.098654807476540871e-05
4.905000000000000000e+03 8.910548990347712814e-05
4.910000000000000000e+03 2.390638495056395980e-05
4.915000000000000000e+03 8.342951809869946449e-06
4.920000000000000000e+03 7.184162219964818671e-05
4.925000000000000000e+03 9.440478828603147445e-05
4.930000000000000000e+03 3.531457478352429850e-05
4.935000000000000000e+03 5.300922749226938525e-06
4.940000000000000000e+03 6.002476507073530731e-05
4.945000000000000000e+03 9.781907217827512271e-05
4.950000000000000000e+03 4.642704902491044130e-05
4.955000000000000000e+03 1.952040014007083524e-06
4.960000000000000000e+03 4.879446050521572776e-05
4.965000000000000000e+03 9.797894177961704969e-05
4.970000000000000000e+03 5.820016058827290247e-05
4.975000000000000000e+03 4.952441406343681785e-06
4.980000000000000000e+03 3.701144819206027628e-05
4.985000000000000000e+03 9.511639827030765875e-05
4.990000000000000000e+03 6.974540549036871678e-05
4.995000000000000000e+03 7.267491192840166586e-06
5.000000000000000000e+03 2.606015510370121224e-05
5.005000000000000000e+03 9.020769787658524112e-05
5.010000000000000000e+03 7.935024307263597101e-05
5.015000000000000000e+03 1.543018980846344091e-05
5.020000000000000000e+03 1.741090142602131846e-05
5.025000000000000000e+03 8.179452462675951187e-05
5.030000000000000000e+03 8.821902941606682175e-05
5.035000000000000000e+03 2.297374460874387024e-05
5.040000000000000000e+03 9.153694516688803945e-06
5.045000000000000000e+03 7.286308206398421270e-05
5.050000000000000000e+03 9.373531426510182583e-05
5.055000000000000000e+03 3.424839455236295733e-05
5.060000000000000000e+03 5.813346732348055582e-06
5.065000000000000000e+03 6.116646072383925077e-05
5.070000000000000000e+03 9.745347487936478455e-05
5.075000000000000000e+03 4.520809211653836719e-05
5.080000000000000000e+03 2.199967908603855460e-06
5.085000000000000000e+03 5.005179327156014012e-05
5.090000000000000000e+03 9.787949104826851028e-05
5.095000000000000000e+03 5.697706236386399170e-05
5.100000000000000000e+03 4.890611403337309898e-06
5.105000000000000000e+03 3.821879446140678252e-05
5.110000000000000000e+03 9.535022540685888191e-05
5.115000000000000000e+03 6.853410233586436969e-05
5.120000000000000000e+03 6.895991990756417022e-06
5.125000000000000000e+03 2.725432120319311592e-05
5.130000000000000000e+03 9.070897804418738618e-05
5.135000000000000000e+03 7.825573687522395408e-05
5.140000000000000000e+03 1.480824458990836302e-05
5.145000000000000000e+03 1.840453262873583014e-05
5.150000000000000000e+03 8.256491285117234210e-05
5.155000000000000000e+03 8.730279409646372782e-05
5.160000000000000000e+03 2.207661679379749076e-05
5.165000000000000000e+03 9.998965156455287540e-06
5.170000000000000000e+03 7.385252438014665581e-05
5.175000000000000000e+03 9.302881093074230655e-05
5.180000000000000000e+03 3.320882017752478459e-05
5.185000000000000000e+03 6.365426993559300992e-06
5.190000000000000000e+03 6.228753417361398764e-05
5.195000000000000000e+03 9.704453242396575668e-05
5.200000000000000000e+03 4.400508957210872574e-05
5.205000000000000000e+03 2.494588262333069231e-06
5.210000000000000000e+03 5.129785002995098893e-05
5.215000000000000000e+03 9.773298446980265388e-05
5.220000000000000000e+03 5.575962976701830505e-05
5.225000000000000000e+03 4.875126683473834086e-06
5.230000000000000000e+03 3.942725981680855074e-05
5.235000000000000000e+03 9.553735701130677870e-05
5.240000000000000000e+03 6.731550855035150366e-05
5.245000000000000000e+03 6.572185757899163005e-06
5.250000000000000000e+03 2.846099766382042469e-05
5.255000000000000000e+03 9.116423925358208480e-05
5.260000000000000000e+03 7.714415641272410031e-05
5.265000000000000000e+03 1.422869082832119066e-05
5.270000000000000000e+03 1.942085348259308853e-05
5.275000000000000000e+03 8.329613546127941082e-05
5.280000000000000000e+03 8.635789649191984347e-05
5.285000000000000000e+03 2.121676779758827609e-05
5.290000000000000000e+03 1.087780093300784792e-05
5.295000000000000000e+03 7.480808345733084175e-05
5.300000000000000000e+03 9.228601947287790378e-05
5.305000000000000000e+03 3.219774161181441574e-05
5.310000000000000000e+03 6.956699782934730590e-06
5.315000000000000000e+03 6.338602774354650698e-05
5.320000000000000000e+03 9.659243729986054759e-05
5.325000000000000000e+03 4.282009390768537949e-05
5.330000000000000000e+03 2.835919329451563799e-06
5.335000000000000000e+03 5.253055637449793272e-05
5.340000000000000000e+03 9.753919016131662738e-05
5.345000000000000000e+03 5.454984100537015116e-05
5.350000000000000000e+03 4.906472321898445541e-06
5.355000000000000000e+03 4.063495554043408133e-05
5.360000000000000000e+03 9.567702127224160329e-05
5.365000000000000000e+03 6.609147433274861739e-05
5.370000000000000000e+03 6.297077111562810942e-06
5.375000000000000000e+03 2.967839736098306904e-05
5.380000000000000000e+03 9.157230410666085700e-05
5.385000000000000000e+03 7.601710552966242911e-05
5.390000000000000000e+03 1.369286810243409118e-05
5.395000000000000000e+03 2.045847814485903646e-05
5.400000000000000000e+03 8.398663520851110782e-05
5.405000000000000000e+03 8.538554693824982722e-05
5.410000000000000000e+03 2.039595408932461844e-05
5.415000000000000000e+03 1.178913796522698100e-05
5.420000000000000000e+03 7.572789375437262297e-05
5.425000000000000000e+03 9.150777970619968697e-05
5.430000000000000000e+03 3.121706076418590177e-05
5.435000000000000000e+03 7.586606262825324741e-06
5.440000000000000000e+03 6.445995768940237754e-05
5.445000000000000000e+03 9.609747567851720370e-05
5.450000000000000000e+03 4.165519577538632004e-05
5.455000000000000000e+03 3.223886882598459499e-06
5.460000000000000000e+03 5.374779052076493610e-05
5.465000000000000000e+03 9.729796222764837692e-05
5.470000000000000000e+03 5.334973030700120033e-05
5.475000000000000000e+03 4.985056957919719767e-06
5.480000000000000000e+03 4.183992555542758509e-05
5.485000000000000000e+03 9.576851416435727151e-05
5.490000000000000000e+03 6.486392803385018508e-05
5.495000000000000000e+03 6.071608873942355413e-06
5.500000000000000000e+03 3.090464794544309592e-05
5.505000000000000000e+03 9.193204818253749547e-05
5.510000000000000000e+03 7.487627677497387681e-05
5.515000000000000000e+03 1.320207595901026257e-05
5.520000000000000000e+03 2.151592755010573290e-05
5.525000000000000000e+03 8.463488151796424519e-05
5.530000000000000000e+03 8.438705529281560432e-05
5.535000000000000000e+03 1.961591571556998883e-05
5.540000000000000000e+03 1.273180886864000644e-05
5.545000000000000000e+03 7.661009556620784712e-05
5.550000000000000000e+03 9.069503311750544026e-05
5.555000000000000000e+03 3.026868603775184724e-05
5.560000000000000000e+03 8.254488531400809556e-06
5.565000000000000000e+03 6.550731851296004730e-05
5.570000000000000000e+03 9.556003189179539743e-05
5.575000000000000000e+03 4.051251990209174981e-05
5.580000000000000000e+03 3.658318912974648812e-06
5.585000000000000000e+03 5.494738660792059133e-05
5.590000000000000000e+03 9.700924616622556601e-05
5.595000000000000000e+03 5.216138484798201846e-05
5.600000000000000000e+03 5.111206980845229393e-06
5.605000000000000000e+03 4.304014881533406000e-05
5.610000000000000000e+03 9.581120570029311070e-05
5.615000000000000000e+03 6.363487433688936896e-05
5.620000000000000000e+03 5.896655390979767221e-06
5.625000000000000000e+03 3.213779254268923945e-05
5.630000000000000000e+03 9.224240621811982633e-05
5.635000000000000000e+03 7.372345116375983323e-05
5.640000000000000000e+03 1.275756752364452058e-05
5.645000000000000000e+03 2.259162835203040528e-05
5.650000000000000000e+03 8.523937656027309067e-05
5.655000000000000000e+03 8.336383271658666535e-05
5.660000000000000000e+03 1.887837024717589288e-05
5.665000000000000000e+03 1.370454029886366454e-05
5.670000000000000000e+03 7.745284147686002383e-05
5.675000000000000000e+03 8.984882592648772205e-05
5.680000000000000000e+03 2.935452672615976278e-05
5.685000000000000000e+03 8.959586118379127276e-06
5.690000000000000000e+03 6.652608880941290089e-05
5.695000000000000000e+03 9.498059305148814197e-05
5.700000000000000000e+03 3.939421995853486857e-05
5.705000000000000000e+03 4.138940694172422774e-06
5.710000000000000000e+03 5.612713989176380179e-05
5.715000000000000000e+03 9.667308452451336596e-05
5.720000000000000000e+03 5.098694104753792524e-05
5.725000000000000000e+03 5.285160760211315857e-06
5.730000000000000000e+03 4.423354243476609860e-05
5.735000000000000000e+03 9.580454652706427935e-05
5.740000000000000000e+03 6.240639227390111813e-05
5.745000000000000000e+03 5.773015803258638417e-06
5.750000000000000000e+03 3.337579143985834997e-05
5.755000000000000000e+03 9.250237916806930037e-05
5.760000000000000000e+03 7.256049764302033485e-05
5.765000000000000000e+03 1.236054280654996253e-05
5.770000000000000000e+03 2.368391266086208993e-05
5.775000000000000000e+03 8.579866198731126185e-05
5.780000000000000000e+03 8.231739283836287768e-05
5.785000000000000000e+03 1.818500591066620921e-05
5.790000000000000000e+03 1.470595090304330349e-05
5.795000000000000000e+03 7.825430259039487912e-05
5.800000000000000000e+03 8.897031153749038201e-05
5.805000000000000000e+03 2.847648676944820133e-05
5.810000000000000000e+03 9.701032484244900570e-06
5.815000000000000000e+03 6.751423650504246980e-05
5.820000000000000000e+03 9.435975314538161342e-05
5.825000000000000000e+03 3.830247337049252362e-05
5.830000000000000000e+03 4.665369786780185667e-06
5.835000000000000000e+03 5.728481089366380320e-05
5.840000000000000000e+03 9.628962200503464930e-05
5.845000000000000000e+03 4.982858049958079587e-05
5.850000000000000000e+03 5.507062804486947735e-06
5.855000000000000000e+03 4.541796449024750396e-05
5.860000000000000000e+03 9.574807386401876165e-05
5.865000000000000000e+03 6.118063249602168335e-05
5.870000000000000000e+03 5.701407245181350683e-06
5.875000000000000000e+03 3.461652396652654745e-05
5.880000000000000000e+03 9.271104104533541175e-05
5.885000000000000000e+03 7.138937167046983598e-05
5.890000000000000000e+03 1.201214158871971482e-05
5.895000000000000000e+03 2.479101844837212985e-05
5.900000000000000000e+03 8.631132635127641416e-05
5.905000000000000000e+03 8.124935239680710947e-05
5.910000000000000000e+03 1.753747412007505341e-05
5.915000000000000000e+03 1.573455022773639865e-05
5.920000000000000000e+03 7.901267606265495013e-05
5.925000000000000000e+03 8.806075290153657408e-05
5.930000000000000000e+03 2.763645836047891682e-05
5.935000000000000000e+03 1.047785195758110376e-05
5.940000000000000000e+03 6.846972493958165601e-05
5.945000000000000000e+03 9.369821704265397376e-05
5.950000000000000000e+03 3.723947553819522056e-05
5.955000000000000000e+03 5.237111336117562083e-06
5.960000000000000000e+03 5.841813108723813272e-05
5.965000000000000000e+03 9.585911078719620794e-05
5.970000000000000000e+03 4.868852510641298110e-05
5.975000000000000000e+03 5.776958101028215802e-06
5.980000000000000000e+03 4.659121834837688355e-05
5.985000000000000000e+03 9.564141817245619067e-05
5.990000000000000000e+03 5.995981431354089356e-05
5.995000000000000000e+03 5.682458032177693567e-06
6.000000000000000000e+03 3.585779089376791570e-05
6.005000000000000000e+03 9.286754597211412088e-05
6.010000000000000000e+03 7.021211382639803923e-05
6.015000000000000000e+03 1.171343651875010449e-05
6.020000000000000000e+03 2.591108990534817045e-05
6.025000000000000000e+03 8.677601190719428975e-05
6.030000000000000000e+03 8.016143174090014528e-05
6.035000000000000000e+03 1.693738253859700810e-05
6.040000000000000000e+03 1.678873707576652988e-05
6.045000000000000000e+03 7.972619177234794945e-05
6.050000000000000000e+03 8.712152418492798871e-05
6.055000000000000000e+03 2.683631477028200864e-05
6.060000000000000000e+03 1.128895707082131804e-05
6.065000000000000000e+03 6.939051986879181194e-05
6.070000000000000000e+03 9.299680430208191501e-05
6.075000000000000000e+03 3.620743334011633426e-05
6.080000000000000000e+03 5.853553671205029755e-06
6.085000000000000000e+03 5.952480873185997151e-05
6.090000000000000000e+03 9.538191545582387220e-05
6.095000000000000000e+03 4.756903228924895007e-05
6.100000000000000000e+03 6.094786517322371186e-06
6.105000000000000000e+03 4.775105653016748018e-05
6.110000000000000000e+03 9.548430920741049922e-05
6.115000000000000000e+03 5.874622174570203750e-05
6.120000000000000000e+03 5.716700708179599220e-06
6.125000000000000000e+03 3.709731778354983487e-05
6.130000000000000000e+03 9.297113534886128415e-05
6.135000000000000000e+03 6.903084764801767576e-05
6.140000000000000000e+03 1.146542586719903863e-05
6.145000000000000000e+03 2.704217856387570448e-05
6.150000000000000000e+03 8.719142214522911842e-05
6.155000000000000000e+03 7.905545446001324944e-05
6.160000000000000000e+03 1.638628688281939912e-05
6.165000000000000000e+03 1.786679950587103107e-05
6.170000000000000000e+03 8.039312052653142381e-05
6.175000000000000000e+03 8.615411234035635283e-05
6.180000000000000000e+03 2.607790336729549322e-05
6.185000000000000000e+03 1.213314605879638877e-05
6.190000000000000000e+03 7.027459588665022929e-05
6.195000000000000000e+03 9.225645244038884352e-05
6.200000000000000000e+03 3.520855863293292736e-05
6.205000000000000000e+03 6.513964059457125872e-06
6.210000000000000000e+03 6.060253515630068953e-05
6.215000000000000000e+03 9.485851781348698638e-05
6.220000000000000000e+03 4.647238893908918554e-05
6.225000000000000000e+03 6.460377402466126455e-06
6.230000000000000000e+03 4.889518598492268554e-05
6.235000000000000000e+03 9.527658234952332702e-05
6.240000000000000000e+03 5.754219978486715622e-05
6.245000000000000000e+03 5.804565382733852696e-06
6.250000000000000000e+03 3.833275788523344440e-05
6.255000000000000000e+03 9.302114482342854784e-05
6.260000000000000000e+03 6.784777666137106929e-05
6.265000000000000000e+03 1.126902610768006577e-05
6.270000000000000000e+03 2.818224526783754630e-05
6.275000000000000000e+03 8.755632963521471331e-05
6.280000000000000000e+03 7.793334692223302077e-05
6.285000000000000000e+03 1.588568350927598748e-05
6.290000000000000000e+03 1.896691411451306881e-05
6.295000000000000000e+03 8.101178155255857923e-05
6.300000000000000000e+03 8.516011790256006121e-05
6.305000000000000000e+03 2.536303778960761216e-05
6.310000000000000000e+03 1.300910101373365320e-05
6.315000000000000000e+03 7.111994389472569384e-05
6.320000000000000000e+03 9.147821997070818695e-05
6.325000000000000000e+03 3.424506099025698841e-05
6.330000000000000000e+03 7.217484945621088449e-06
6.335000000000000000e+03 6.164899202535005312e-05
6.340000000000000000e+03 9.428952141366952913e-05
6.345000000000000000e+03 4.540090558143127354e-05
6.350000000000000000e+03 6.873444344301194798e-06
6.355000000000000000e+03 5.002127306102560113e-05
6.360000000000000000e+03 9.501818453505023556e-05
6.365000000000000000e+03 5.635014908880605988e-05
6.370000000000000000e+03 5.946372814100602314e-06
6.375000000000000000e+03 3.956169695187600216e-05
6.380000000000000000e+03 9.301701153853638273e-05
6.385000000000000000e+03 6.666518135364501855e-05
6.390000000000000000e+03 1.112506464643235302e-05
6.395000000000000000e+03 2.932916207209268486e-05
6.400000000000000000e+03 8.786958350163125804e-05
6.405000000000000000e+03 7.679713681913222624e-05
6.410000000000000000e+03 1.543700083307780307e-05
6.415000000000000000e+03 2.008714702817937473e-05
6.420000000000000000e+03 8.158055092889838285e-05
6.425000000000000000e+03 8.414125557071272467e-05
6.430000000000000000e+03 2.469349026842917194e-05
6.435000000000000000e+03 1.391538625436416414e-05
6.440000000000000000e+03 7.192457902664500195e-05
6.445000000000000000e+03 9.066328905412031607e-05
6.450000000000000000e+03 3.331913996210914014e-05
6.455000000000000000e+03 7.963130338311170026e-06
6.460000000000000000e+03 6.266185780390733497e-05
6.465000000000000000e+03 9.367565561763345212e-05
6.470000000000000000e+03 4.435690939785878186e-05
6.475000000000000000e+03 7.333580236524344162e-06
6.480000000000000000e+03 5.112694987913202725e-05
6.485000000000000000e+03 9.470918021927356351e-05
6.490000000000000000e+03 5.517252112297573797e-05
6.495000000000000000e+03 6.142327853357682285e-06
6.500000000000000000e+03 4.078165785909068343e-05
6.505000000000000000e+03 9.295828129509546599e-05
6.510000000000000000e+03 6.548541525940329382e-05
6.515000000000000000e+03 1.103427243860366909e-05
6.520000000000000000e+03 3.048071507261484244e-05
6.525000000000000000e+03 8.813011747880543617e-05
6.530000000000000000e+03 7.564895135611650302e-05
6.535000000000000000e+03 1.504159131256975750e-05
6.540000000000000000e+03 2.122545436457027462e-05
6.545000000000000000e+03 8.209786958979726145e-05
6.550000000000000000e+03 8.309935397967941543e-05
6.555000000000000000e+03 2.407098314594662345e-05
6.560000000000000000e+03 1.485044742393304228e-05
6.565000000000000000e+03 7.268654837028002671e-05
6.570000000000000000e+03 8.981296757578563353e-05
6.575000000000000000e+03 3.243297713331750703e-05
6.580000000000000000e+03 8.749782929806395563e-06
6.585000000000000000e+03 6.363881636568523314e-05
6.590000000000000000e+03 9.301777953006424486e-05
6.595000000000000000e+03 4.334273730234300523e-05
6.600000000000000000e+03 7.840252565824807555e-06
6.605000000000000000e+03 5.220982042390685162e-05
6.610000000000000000e+03 9.434975700865861291e-05
6.615000000000000000e+03 5.401181177081522205e-05
6.620000000000000000e+03 6.392512941181451007e-06
6.625000000000000000e+03 4.199010569492534221e-05
6.630000000000000000e+03 9.284461517663624244e-05
6.635000000000000000e+03 6.431090037186542891e-05
6.640000000000000000e+03 1.099727652365550207e-05
6.645000000000000000e+03 3.163460806439706780e-05
6.650000000000000000e+03 8.833695768964866957e-05
6.655000000000000000e+03 7.449101504990696088e-05
6.660000000000000000e+03 1.470072288322578237e-05
6.665000000000000000e+03 2.237968442638631759e-05
6.670000000000000000e+03 8.256225246262049772e-05
6.675000000000000000e+03 8.203635518478655600e-05
6.680000000000000000e+03 2.349718071190979058e-05
6.685000000000000000e+03 1.581261092338265300e-05
6.690000000000000000e+03 7.340393978724757667e-05
6.695000000000000000e+03 8.892869089536441056e-05
6.700000000000000000e+03 3.158872782246269510e-05
6.705000000000000000e+03 9.576191305987040729e-06
6.710000000000000000e+03 6.457756495872384809e-05
6.715000000000000000e+03 9.231688538516611775e-05
6.720000000000000000e+03 4.236072827671970661e-05
6.725000000000000000e+03 8.392799054918320605e-06
6.730000000000000000e+03 5.326746774254633159e-05
6.735000000000000000e+03 9.394023116935411105e-05
6.740000000000000000e+03 5.287055521844460498e-05
6.745000000000000000e+03 6.696881882870368197e-06
6.750000000000000000e+03 4.318445379070858111e-05
6.755000000000000000e+03 9.267579675358407834e-05
6.760000000000000000e+03 6.314412220911918465e-05
6.765000000000000000e+03 1.101459287496700897e-05
6.770000000000000000e+03 3.278846617861143868e-05
6.775000000000000000e+03 8.848923070765622549e-05
6.780000000000000000e+03 7.332564642590212560e-05
6.785000000000000000e+03 1.441557057569994332e-05
6.790000000000000000e+03 2.354757937764981966e-05
6.795000000000000000e+03 8.297229673383336437e-05
6.800000000000000000e+03 8.095431327940623921e-05
6.805000000000000000e+03 2.297368036663890095e-05
6.810000000000000000e+03 1.680008401446069372e-05
6.815000000000000000e+03 7.407489022005801164e-05
6.820000000000000000e+03 8.801202289270251464e-05
6.825000000000000000e+03 3.078851195145319896e-05
6.830000000000000000e+03 1.044096806462117992e-05
6.835000000000000000e+03 6.547582273417457653e-05
6.840000000000000000e+03 9.157410143849806466e-05
6.845000000000000000e+03 4.141321509297861642e-05
6.850000000000000000e+03 8.990423791510660011e-06
6.855000000000000000e+03 5.429746143799808050e-05
6.860000000000000000e+03 9.348105243529828572e-05
6.865000000000000000e+03 5.175131657726775709e-05
6.870000000000000000e+03 7.055253813286351436e-06
6.875000000000000000e+03 4.436207053645305491e-05
6.880000000000000000e+03 9.245173831813664907e-05
6.885000000000000000e+03 6.198762401251760356e-05
6.890000000000000000e+03 1.108661910650061377e-05
6.895000000000000000e+03 3.393984077857940969e-05
6.900000000000000000e+03 8.858617118248136597e-05
6.905000000000000000e+03 7.215525440192643489e-05
6.910000000000000000e+03 1.418720776080683411e-05
6.915000000000000000e+03 2.472677845385520324e-05
6.920000000000000000e+03 8.332669068259600405e-05
6.925000000000000000e+03 7.985539251630475132e-05
6.930000000000000000e+03 2.250200377561886145e-05
6.935000000000000000e+03 1.781095545337935842e-05
6.940000000000000000e+03 7.469759465199801881e-05
6.945000000000000000e+03 8.706465652855379007e-05
6.950000000000000000e+03 3.003440502665049439e-05
6.955000000000000000e+03 1.134258803357704261e-05
6.960000000000000000e+03 6.633133968607721198e-05
6.965000000000000000e+03 9.079069447382172807e-05
6.970000000000000000e+03 4.050251594591857703e-05
6.975000000000000000e+03 9.632193631348937927e-06
6.980000000000000000e+03 5.529736555697688325e-05
6.985000000000000000e+03 9.297280902155930253e-05
6.990000000000000000e+03 5.065668453557307981e-05
6.995000000000000000e+03 7.467307549226117798e-06
7.000000000000000000e+03 4.552028631464595358e-05
7.005000000000000000e+03 9.217248756114247157e-05
7.010000000000000000e+03 6.084400059972271379e-05
7.015000000000000000e+03 1.121362756542191688e-05
7.020000000000000000e+03 3.508621464481790665e-05
7.025000000000000000e+03 8.862712995394139693e-05
7.030000000000000000e+03 7.098233399366809604e-05
7.035000000000000000e+03 1.401659781881889039e-05
7.040000000000000000e+03 2.591482135798620545e-05
7.045000000000000000e+03 8.362422284652238789e-05
7.050000000000000000e+03 7.874186482759343330e-05
7.055000000000000000e+03 2.208358804298743059e-05
7.060000000000000000e+03 1.884319678923076011e-05
7.065000000000000000e+03 7.527031567982653368e-05
7.070000000000000000e+03 8.608841385492151707e-05
7.075000000000000000e+03 2.932842893643734789e-05
7.080000000000000000e+03 1.227938759775769418e-05
7.085000000000000000e+03 6.714190659902702450e-05
7.090000000000000000e+03 8.996807169272546287e-05
7.095000000000000000e+03 3.963092537695192362e-05
7.100000000000000000e+03 1.031703523565292993e-05
7.105000000000000000e+03 5.626474721245891476e-05
7.110000000000000000e+03 9.241623160059318635e-05
7.115000000000000000e+03 4.958926281590856483e-05
7.120000000000000000e+03 7.932576295881732669e-06
7.125000000000000000e+03 4.665640107103767727e-05
7.130000000000000000e+03 9.183823336676346500e-05
7.135000000000000000e+03 5.971589126120629639e-05
7.140000000000000000e+03 1.139575857163231939e-05
7.145000000000000000e+03 3.622500775672847989e-05
7.150000000000000000e+03 8.861158165527182186e-05
7.155000000000000000e+03 6.980946127223824221e-05
7.160000000000000000e+03 1.390458563296200688e-05
7.165000000000000000e+03 2.710915270113374126e-05
7.170000000000000000e+03 8.386379082765834346e-05
7.175000000000000000e+03 7.761610660626347305e-05
7.180000000000000000e+03 2.171977649851238384e-05
7.185000000000000000e+03 1.989466444316027489e-05
7.190000000000000000e+03 7.579139237871615454e-05
7.195000000000000000e+03 8.508524522196040264e-05
7.200000000000000000e+03 2.867254173061375318e-05
7.205000000000000000e+03 1.324956412633226630e-05
7.210000000000000000e+03 6.790536405001995548e-05
7.215000000000000000e+03 8.910778201113024838e-05
7.220000000000000000e+03 3.880070502678843649e-05
7.225000000000000000e+03 1.104373249376112756e-05
7.230000000000000000e+03 5.719718556776575845e-05
7.235000000000000000e+03 9.181219736417012669e-05
7.240000000000000000e+03 4.855166187324505740e-05
7.245000000000000000e+03 8.450442773869212146e-06
7.250000000000000000e+03 4.776769312058952698e-05
7.255000000000000000e+03 9.144931159207019119e-05
7.260000000000000000e+03 5.860597237115105812e-05
7.265000000000000000e+03 1.163301388107876994e-05
7.270000000000000000e+03 3.735358401944895780e-05
7.275000000000000000e+03 8.853913204999084262e-05
7.280000000000000000e+03 6.863928761831718846e-05
7.285000000000000000e+03 1.385188910439208961e-05
7.290000000000000000e+03 2.830712680749899212e-05
7.295000000000000000e+03 8.404440983432524652e-05
7.300000000000000000e+03 7.648059465846054786e-05
7.305000000000000000e+03 2.141180970585062233e-05
7.310000000000000000e+03 2.096310209948275052e-05
7.315000000000000000e+03 7.625925015628430765e-05
7.320000000000000000e+03 8.405722797798779100e-05
7.325000000000000000e+03 2.806862830859360901e-05
7.330000000000000000e+03 1.425117655414376129e-05
7.335000000000000000e+03 6.861961315317950325e-05
7.340000000000000000e+03 8.821151676495649595e-05
7.345000000000000000e+03 3.801407377905503495e-05
7.350000000000000000e+03 1.181092471409167135e-05
7.355000000000000000e+03 5.809228094123909588e-05
7.360000000000000000e+03 9.116173314132426436e-05
7.365000000000000000e+03 4.754648931207121657e-05
7.370000000000000000e+03 9.020134801309954525e-06
7.375000000000000000e+03 4.885142774720226588e-05
7.380000000000000000e+03 9.100621036931731906e-05
7.385000000000000000e+03 5.751694928624410399e-05
7.390000000000000000e+03 1.192525056403069204e-05
7.395000000000000000e+03 3.846925842535132273e-05
7.400000000000000000e+03 8.840952523079401095e-05
7.405000000000000000e+03 6.747453323975587016e-05
7.410000000000000000e+03 1.385909109985208212e-05
7.415000000000000000e+03 2.950601321487774460e-05
7.420000000000000000e+03 8.416522180509701273e-05
7.425000000000000000e+03 7.533790171379590322e-05
7.430000000000000000e+03 2.116081638543962487e-05
7.435000000000000000e+03 2.204614432787950745e-05
7.440000000000000000e+03 7.667241011629499651e-05
7.445000000000000000e+03 8.300656429677889846e-05
7.450000000000000000e+03 2.751848968552462912e-05
7.455000000000000000e+03 1.528214625352354063e-05
7.460000000000000000e+03 6.928262515464318609e-05
7.465000000000000000e+03 8.728110968583415266e-05
7.470000000000000000e+03 3.727319797011804849e-05
7.475000000000000000e+03 1.261710520339331064e-05
7.480000000000000000e+03 5.894766505895199119e-05
7.485000000000000000e+03 9.046601812550029791e-05
7.490000000000000000e+03 4.657634035042391963e-05
7.495000000000000000e+03 9.640721493704970926e-06
7.500000000000000000e+03 4.990486652430822833e-05
7.505000000000000000e+03 9.050957476049607060e-05
7.510000000000000000e+03 5.645154754002362790e-05
7.515000000000000000e+03 1.227217530281772009e-05
7.520000000000000000e+03 3.956930477176972465e-05
7.525000000000000000e+03 8.822265072268252180e-05
7.530000000000000000e+03 6.631798023965323704e-05
7.535000000000000000e+03 1.392663151918145339e-05
7.540000000000000000e+03 3.070300347094832188e-05
7.545000000000000000e+03 8.422550374956148814e-05
7.550000000000000000e+03 7.419069097754767367e-05
7.555000000000000000e+03 2.096780435632623934e-05
7.560000000000000000e+03 2.314132047005618685e-05
7.565000000000000000e+03 7.702949864469336397e-05
7.570000000000000000e+03 8.193557839838086086e-05
7.575000000000000000e+03 2.702383339083781102e-05
7.580000000000000000e+03 1.634025904005416324e-05
7.585000000000000000e+03 6.989245248335455114e-05
7.590000000000000000e+03 8.631853620818299424e-05
7.595000000000000000e+03 3.658018084734242377e-05
7.600000000000000000e+03 1.346062072674331242e-05
7.605000000000000000e+03 5.976101071724153303e-05
7.610000000000000000e+03 8.972638605709742411e-05
7.615000000000000000e+03 4.564378779483547978e-05
7.620000000000000000e+03 1.031110999552621349e-05
7.625000000000000000e+03 5.092527766182988676e-05
7.630000000000000000e+03 8.996021099071422494e-05
7.635000000000000000e+03 5.541250356707353521e-05
7.640000000000000000e+03 1.267333909414900750e-05
7.645000000000000000e+03 4.065096409546623316e-05
7.650000000000000000e+03 8.797855000916989887e-05
7.655000000000000000e+03 6.517246486452148884e-05
7.660000000000000000e+03 1.405479958986753261e-05
7.665000000000000000e+03 3.189521804333012126e-05
7.670000000000000000e+03 8.422467597706685520e-05
7.675000000000000000e+03 7.304170998636113276e-05
7.680000000000000000e+03 2.083365182313668014e-05
7.685000000000000000e+03 2.424605952317803749e-05
7.690000000000000000e+03 7.732925720549044452e-05
7.695000000000000000e+03 8.084671294547425492e-05
7.700000000000000000e+03 2.658626266384921371e-05
7.705000000000000000e+03 1.742316759535624573e-05
7.710000000000000000e+03 7.044723875839914451e-05
7.715000000000000000e+03 8.532591199171992281e-05
7.720000000000000000e+03 3.593705236191035849e-05
7.725000000000000000e+03 1.433967155144452537e-05
7.730000000000000000e+03 6.053004260337115322e-05
7.735000000000000000e+03 8.894432642909297869e-05
7.740000000000000000e+03 4.475137107048506117e-05
7.745000000000000000e+03 1.103004282987266215e-05
7.750000000000000000e+03 5.190994602904659781e-05
7.755000000000000000e+03 8.935909023561023972e-05
7.760000000000000000e+03 5.440255506138943462e-05
7.765000000000000000e+03 1.312813244122879289e-05
7.770000000000000000e+03 4.171145377766665460e-05
7.775000000000000000e+03 8.767742244816601534e-05
7.780000000000000000e+03 6.404086892449906154e-05
7.785000000000000000e+03 1.424372671298880425e-05
7.790000000000000000e+03 3.307971413087682188e-05
7.795000000000000000e+03 8.416231037363145710e-05
7.800000000000000000e+03 7.189378386106021895e-05
7.805000000000000000e+03 2.075909860915275344e-05
7.810000000000000000e+03 2.535769576844822804e-05
7.815000000000000000e+03 7.757055142675582399e-05
7.820000000000000000e+03 7.974252461785997386e-05
7.825000000000000000e+03 2.620726655239722161e-05
7.830000000000000000e+03 1.852839489743256696e-05
7.835000000000000000e+03 7.094523003201317832e-05
7.840000000000000000e+03 8.430549071584922144e-05
7.845000000000000000e+03 3.534575824578775979e-05
7.850000000000000000e+03 1.525231228478601158e-05
7.855000000000000000e+03 6.125254776413689424e-05
7.860000000000000000e+03 8.812148540048158761e-05
7.865000000000000000e+03 4.390158583088790863e-05
7.870000000000000000e+03 1.179609607549113328e-05
7.875000000000000000e+03 5.285618412011917894e-05
7.880000000000000000e+03 8.870735145353813656e-05
7.885000000000000000e+03 5.342443055342924901e-05
7.890000000000000000e+03 1.363578120448060137e-05
7.895000000000000000e+03 4.274797725602320464e-05
7.900000000000000000e+03 8.731963092472046326e-05
7.905000000000000000e+03 6.292611070148621324e-05
7.910000000000000000e+03 1.449337959563929283e-05
7.915000000000000000e+03 3.425349417737753898e-05
7.920000000000000000e+03 8.403813803603389448e-05
7.925000000000000000e+03 7.074980771696831139e-05
7.930000000000000000e+03 2.074473780562571722e-05
7.935000000000000000e+03 2.647347499569954748e-05
7.940000000000000000e+03 7.775238069109085767e-05
7.945000000000000000e+03 7.862567902894921203e-05
7.950000000000000000e+03 2.588820963960464312e-05
7.955000000000000000e+03 1.965333861382689869e-05
7.960000000000000000e+03 7.138478487736711229e-05
7.965000000000000000e+03 8.325966096395533123e-05
7.970000000000000000e+03 3.480814948869531710e-05
7.975000000000000000e+03 1.619645344448645944e-05
7.980000000000000000e+03 6.192638677150398726e-05
7.985000000000000000e+03 8.725966549508079487e-05
7.990000000000000000e+03 4.309687218165981625e-05
7.995000000000000000e+03 1.260767808822854191e-05
8.000000000000000000e+03 5.376134355945236715e-05
8.005000000000000000e+03 8.800630379200767399e-05
8.010000000000000000e+03 5.248083870314043827e-05
8.015000000000000000e+03 1.419534303081989728e-05
8.020000000000000000e+03 4.375773383390346878e-05
8.025000000000000000e+03 8.690570714705716051e-05
8.030000000000000000e+03 6.183113548020269744e-05
8.035000000000000000e+03 1.480355389308388374e-05
8.040000000000000000e+03 3.541351522284428877e-05
8.045000000000000000e+03 8.385205627921537425e-05
8.050000000000000000e+03 6.961273830543310368e-05
8.055000000000000000e+03 2.079100781149642243e-05
8.060000000000000000e+03 2.759056174856943939e-05
8.065000000000000000e+03 7.787388702789653310e-05
8.070000000000000000e+03 7.749894464894930993e-05
8.075000000000000000e+03 2.563032191988018460e-05
8.080000000000000000e+03 2.079527588112701497e-05
8.085000000000000000e+03 7.176438543701826607e-05
8.090000000000000000e+03 8.219094239890985579e-05
8.095000000000000000e+03 3.432597140151373268e-05
8.100000000000000000e+03 1.716986393962614569e-05
8.105000000000000000e+03 6.254950456342973399e-05
8.110000000000000000e+03 8.636082489453675781e-05
8.115000000000000000e+03 4.233960364546882500e-05
8.120000000000000000e+03 1.346302922868621976e-05
8.125000000000000000e+03 5.462282647137098844e-05
8.130000000000000000e+03 8.725742802845373985e-05
8.135000000000000000e+03 5.157445710293538210e-05
8.140000000000000000e+03 1.480570445630977481e-05
8.145000000000000000e+03 4.473792973973039002e-05
8.150000000000000000e+03 8.643635569301875055e-05
8.155000000000000000e+03 6.075890489504441751e-05
8.160000000000000000e+03 1.517386856687336403e-05
8.165000000000000000e+03 3.655669888787471743e-05
8.170000000000000000e+03 8.360413560105717852e-05
8.175000000000000000e+03 6.848558500757842343e-05
8.180000000000000000e+03 2.089818464437157881e-05
8.185000000000000000e+03 2.870604698792103015e-05
8.190000000000000000e+03 7.793436412091622864e-05
8.195000000000000000e+03 7.636518611564270488e-05
8.200000000000000000e+03 2.543468891257622062e-05
8.205000000000000000e+03 2.195136918276213042e-05
8.210000000000000000e+03 7.208264787922566961e-05
8.215000000000000000e+03 8.110198103798328000e-05
8.220000000000000000e+03 3.390085284637260848e-05
8.225000000000000000e+03 1.817017428960510119e-05
8.230000000000000000e+03 6.311994180915196423e-05
8.235000000000000000e+03 8.542707566853830988e-05
8.240000000000000000e+03 4.163207519901612606e-05
8.245000000000000000e+03 1.436022231044671670e-05
8.250000000000000000e+03 5.543809722968976047e-05
8.255000000000000000e+03 8.646237742627908634e-05
8.260000000000000000e+03 5.070792081743409667e-05
8.265000000000000000e+03 1.546557880101713999e-05
8.270000000000000000e+03 4.568578886872114056e-05
8.275000000000000000e+03 8.591245813248373170e-05
8.280000000000000000e+03 5.971238640081463821e-05
8.285000000000000000e+03 1.560376064021035635e-05
8.290000000000000000e+03 3.767994166071597217e-05
8.295000000000000000e+03 8.329462573015102207e-05
8.300000000000000000e+03 6.737140021330176472e-05
8.305000000000000000e+03 2.106637479238534033e-05
8.310000000000000000e+03 2.981695688759762169e-05
8.315000000000000000e+03 7.793326531816546906e-05
8.320000000000000000e+03 7.522735655975393428e-05
8.325000000000000000e+03 2.530224233924028136e-05
8.330000000000000000e+03 2.311867350960028524e-05
8.335000000000000000e+03 7.233833232275243045e-05
8.340000000000000000e+03 7.999554357393054579e-05
8.345000000000000000e+03 3.353429571233246362e-05
8.350000000000000000e+03 1.919488076193906880e-05
8.355000000000000000e+03 6.363584596178105076e-05
8.360000000000000000e+03 8.446068115544750406e-05
8.365000000000000000e+03 4.097649158884427941e-05
8.370000000000000000e+03 1.529716390953893244e-05
8.375000000000000000e+03 5.620469493115047230e-05
8.380000000000000000e+03 8.562297749819083089e-05
8.385000000000000000e+03 4.988381045196873625e-05
8.390000000000000000e+03 1.617350480841161047e-05
8.395000000000000000e+03 4.659856462127220505e-05
8.400000000000000000e+03 8.533507575912494794e-05
8.405000000000000000e+03 5.869454160199409209e-05
8.410000000000000000e+03 1.609248086954312646e-05
8.415000000000000000e+03 3.878012627162255740e-05
8.420000000000000000e+03 8.292396122318831714e-05
8.425000000000000000e+03 6.627326889572749617e-05
8.430000000000000000e+03 2.129550862442246829e-05
8.435000000000000000e+03 3.092026198237409016e-05
8.440000000000000000e+03 7.787021195908989913e-05
8.445000000000000000e+03 7.408848930694942280e-05
8.450000000000000000e+03 2.523375066032746027e-05
8.455000000000000000e+03 2.429414345473205619e-05
8.460000000000000000e+03 7.253035329311761903e-05
8.465000000000000000e+03 7.887451101245033592e-05
8.470000000000000000e+03 3.322766424680598197e-05
8.475000000000000000e+03 2.024135034457799257e-05
8.480000000000000000e+03 6.409548257350696789e-05
8.485000000000000000e+03 8.346405252467955116e-05
8.490000000000000000e+03 4.037495526866266484e-05
8.495000000000000000e+03 1.627159662796444096e-05
8.500000000000000000e+03 5.692024548873292908e-05
8.505000000000000000e+03 8.474122510499714986e-05
8.510000000000000000e+03 4.910464004727973944e-05
8.515000000000000000e+03 1.692784616572584161e-05
8.520000000000000000e+03 4.747355164505362272e-05
8.525000000000000000e+03 8.470545195709471096e-05
8.530000000000000000e+03 5.770831443613875806e-05
8.535000000000000000e+03 1.663909006743342859e-05
8.540000000000000000e+03 3.985413336679329151e-05
8.545000000000000000e+03 8.249276628415171456e-05
8.550000000000000000e+03 6.519429760326692644e-05
8.555000000000000000e+03 2.158533442025483892e-05
8.560000000000000000e+03 3.201288726260117688e-05
8.565000000000000000e+03 7.774500061477591191e-05
8.570000000000000000e+03 7.295168859371197129e-05
8.575000000000000000e+03 2.522981050175852744e-05
8.580000000000000000e+03 2.547464199713925454e-05
8.585000000000000000e+03 7.265778913936560789e-05
8.590000000000000000e+03 7.774187123100365462e-05
8.595000000000000000e+03 3.298217496685297399e-05
8.600000000000000000e+03 2.130682665104011302e-05
8.605000000000000000e+03 6.449724617229865358e-05
8.610000000000000000e+03 8.243974435414452590e-05
8.615000000000000000e+03 3.982945477139349078e-05
8.620000000000000000e+03 1.728110231846172672e-05
8.625000000000000000e+03 5.758247390920961673e-05
8.630000000000000000e+03 8.381928646701488229e-05
8.635000000000000000e+03 4.837284492552612755e-05
8.640000000000000000e+03 1.772679184738552960e-05
8.645000000000000000e+03 4.830809803979339140e-05
8.650000000000000000e+03 8.402501351702663240e-05
8.655000000000000000e+03 5.675661905015752691e-05
8.660000000000000000e+03 1.724245624194129973e-05
8.665000000000000000e+03 4.089885365574648081e-05
8.670000000000000000e+03 8.200185877921142927e-05
8.675000000000000000e+03 6.413760299875170606e-05
8.680000000000000000e+03 2.193541300451304132e-05
8.685000000000000000e+03 3.309172282019546776e-05
8.690000000000000000e+03 7.755760997558674009e-05
8.695000000000000000e+03 7.182011980703554904e-05
8.700000000000000000e+03 2.529083827770975602e-05
8.705000000000000000e+03 2.665694959858361780e-05
8.710000000000000000e+03 7.271989135141980422e-05
8.715000000000000000e+03 7.660071088552429346e-05
8.720000000000000000e+03 3.279888661631891644e-05
8.725000000000000000e+03 2.238843668607779077e-05
8.730000000000000000e+03 6.483967120607546830e-05
8.735000000000000000e+03 8.139044934615448791e-05
8.740000000000000000e+03 3.934185265421722560e-05
8.745000000000000000e+03 1.832310618177751635e-05
8.750000000000000000e+03 5.818921683437363218e-05
8.755000000000000000e+03 8.285949433530019311e-05
8.760000000000000000e+03 4.769076916521899684e-05
8.765000000000000000e+03 1.856835746005403839e-05
8.770000000000000000e+03 4.909961785011136972e-05
8.775000000000000000e+03 8.329537112155752489e-05
8.780000000000000000e+03 5.584232695550913315e-05
8.785000000000000000e+03 1.790125265689494476e-05
8.790000000000000000e+03 4.191120068084927021e-05
8.795000000000000000e+03 8.145225351633806840e-05
8.800000000000000000e+03 6.310629965528107282e-05
8.805000000000000000e+03 2.234511325726917422e-05
8.810000000000000000e+03 3.415363515947141492e-05
8.815000000000000000e+03 7.730820706580834650e-05
8.820000000000000000e+03 7.069699869442938958e-05
8.825000000000000000e+03 2.541706261811656767e-05
8.830000000000000000e+03 2.783777439465779199e-05
8.835000000000000000e+03 7.271609324563285378e-05
8.840000000000000000e+03 7.545420625535445656e-05
8.845000000000000000e+03 3.267869076726928645e-05
8.850000000000000000e+03 2.348319850893050041e-05
8.855000000000000000e+03 6.512144239921772537e-05
8.860000000000000000e+03 8.031899205525061005e-05
8.865000000000000000e+03 3.891387419524792730e-05
8.870000000000000000e+03 1.939488202916673964e-05
8.875000000000000000e+03 5.873843449757332950e-05
8.880000000000000000e+03 8.186434414572159183e-05
8.885000000000000000e+03 4.706065329786080929e-05
8.890000000000000000e+03 1.945038749833595478e-05
8.895000000000000000e+03 4.984560350407121526e-05
8.900000000000000000e+03 8.251831896710835304e-05
8.905000000000000000e+03 5.496825416533297867e-05
8.910000000000000000e+03 1.861395680525136117e-05
8.915000000000000000e+03 4.288812390390919354e-05
8.920000000000000000e+03 8.084516456141026405e-05
8.925000000000000000e+03 6.210348746494645804e-05
8.930000000000000000e+03 2.281360837777069049e-05
8.935000000000000000e+03 3.519547915586768389e-05
8.940000000000000000e+03 7.699715250981820493e-05
8.945000000000000000e+03 6.958558005655918709e-05
8.950000000000000000e+03 2.560851742762992688e-05
8.955000000000000000e+03 2.901376314282246927e-05
8.960000000000000000e+03 7.264601796689317307e-05
8.965000000000000000e+03 7.430561343843869145e-05
8.970000000000000000e+03 3.262230272833700046e-05
8.975000000000000000e+03 2.458802978775886068e-05
8.980000000000000000e+03 6.534140513807816574e-05
8.985000000000000000e+03 7.922832170653324683e-05
8.990000000000000000e+03 3.854709566369268135e-05
8.995000000000000000e+03 2.049355818754064484e-05
9.000000000000000000e+03 5.922822340297508384e-05
9.005000000000000000e+03 8.083648910066584836e-05
9.010000000000000000e+03 4.648462180963911541e-05
9.015000000000000000e+03 2.037055854342596049e-05
9.020000000000000000e+03 5.054363877432437664e-05
9.025000000000000000e+03 8.169583312802587390e-05
9.030000000000000000e+03 5.413714806736857411e-05
9.035000000000000000e+03 1.937885034281066108e-05
9.040000000000000000e+03 4.382662202987264806e-05
9.045000000000000000e+03 8.018200665436301343e-05
9.050000000000000000e+03 6.113223876301392763e-05
9.055000000000000000e+03 2.333987294976034416e-05
9.060000000000000000e+03 3.621411027733143824e-05
9.065000000000000000e+03 7.662500555291211273e-05
9.070000000000000000e+03 6.848914583717201094e-05
9.075000000000000000e+03 2.586503546468409050e-05
9.080000000000000000e+03 3.018151250353434643e-05
9.085000000000000000e+03 7.250948626104147593e-05
9.090000000000000000e+03 7.315825762821821744e-05
9.095000000000000000e+03 3.263025316058448691e-05
9.100000000000000000e+03 2.569975714360305194e-05
9.105000000000000000e+03 6.549857504329882835e-05
9.110000000000000000e+03 7.812150404913032159e-05
9.115000000000000000e+03 3.824293366668563606e-05
9.120000000000000000e+03 2.161612487728573889e-05
9.125000000000000000e+03 5.965682761065642457e-05
9.130000000000000000e+03 7.977873438328230229e-05
9.135000000000000000e+03 4.596467101811805970e-05
9.140000000000000000e+03 2.132638358230826961e-05
9.145000000000000000e+03 5.119141116641831406e-05
9.150000000000000000e+03 8.083006932400971863e-05
9.155000000000000000e+03 5.335167404345774535e-05
9.160000000000000000e+03 2.019402005917281180e-05
9.165000000000000000e+03 4.472375682525207093e-05
9.170000000000000000e+03 7.946439557479383802e-05
9.175000000000000000e+03 6.019558483005414440e-05
9.180000000000000000e+03 2.392268108687512976e-05
9.185000000000000000e+03 3.720639765528137305e-05
9.190000000000000000e+03 7.619252748250611126e-05
9.195000000000000000e+03 6.741099248063017085e-05
9.200000000000000000e+03 2.618624308163968606e-05
9.205000000000000000e+03 3.133758164360709312e-05
9.210000000000000000e+03 7.230652289841070968e-05
9.215000000000000000e+03 7.201552169213864716e-05
9.220000000000000000e+03 3.270288023282025335e-05
9.225000000000000000e+03 2.681512640852166070e-05
9.230000000000000000e+03 6.559214723953319282e-05
9.235000000000000000e+03 7.700171234230424673e-05
9.240000000000000000e+03 3.800263430641841807e-05
9.245000000000000000e+03 2.275944210739873875e-05
9.250000000000000000e+03 6.002265075183179082e-05
9.255000000000000000e+03 7.869403023832084222e-05
9.260000000000000000e+03 4.550265697160484296e-05
9.265000000000000000e+03 2.231521720880463893e-05
9.270000000000000000e+03 5.178672474681001234e-05
9.275000000000000000e+03 7.992335931420848695e-05
9.280000000000000000e+03 5.261440224199675169e-05
9.285000000000000000e+03 2.105735990067920352e-05
9.290000000000000000e+03 4.557666665052386546e-05
9.295000000000000000e+03 7.869414760745963705e-05
9.300000000000000000e+03 5.929650235935585834e-05
9.305000000000000000e+03 2.456060546810839469e-05
9.310000000000000000e+03 3.816923725144782389e-05
9.315000000000000000e+03 7.570068464517163451e-05
9.320000000000000000e+03 6.635441778671492743e-05
9.325000000000000000e+03 2.657155567682063812e-05
9.330000000000000000e+03 3.247850518588736151e-05
9.335000000000000000e+03 7.203736254509109072e-05
9.340000000000000000e+03 7.088083400889010587e-05
9.345000000000000000e+03 3.284032255893871023e-05
9.350000000000000000e+03 2.793081363530825213e-05
9.355000000000000000e+03 6.562150500646057318e-05
9.360000000000000000e+03 7.587221741712191182e-05
9.365000000000000000e+03 3.782726315077376361e-05
9.370000000000000000e+03 2.392024878494656361e-05
9.375000000000000000e+03 6.032426702819182213e-05
9.380000000000000000e+03 7.758546408198659507e-05
9.385000000000000000e+03 4.510028378949698002e-05
9.390000000000000000e+03 2.333426194981053035e-05
9.395000000000000000e+03 5.232751235007655159e-05
9.400000000000000000e+03 7.897820649221081032e-05
9.405000000000000000e+03 5.192779412986549704e-05
9.410000000000000000e+03 2.196657408454104685e-05
9.415000000000000000e+03 4.638258078663860096e-05
9.420000000000000000e+03 7.787327769219006175e-05
9.425000000000000000e+03 5.843789956219254064e-05
9.430000000000000000e+03 2.525201740237541351e-05
9.435000000000000000e+03 3.909956556152667398e-05
9.440000000000000000e+03 7.515065028164280721e-05
9.445000000000000000e+03 6.532270747560135933e-05
9.450000000000000000e+03 2.702017395874532616e-05
9.455000000000000000e+03 3.360080636041554294e-05
9.460000000000000000e+03 7.170245503612976033e-05
9.465000000000000000e+03 6.975765563199020280e-05
9.470000000000000000e+03 3.304251299666158200e-05
9.475000000000000000e+03 2.904343687617653096e-05
9.480000000000000000e+03 6.558622741801624096e-05
9.485000000000000000e+03 7.473637691931761333e-05
9.490000000000000000e+03 3.771769591332843326e-05
9.495000000000000000e+03 2.509517288458207361e-05
9.500000000000000000e+03 6.056043169420952333e-05
9.505000000000000000e+03 7.645625169200241894e-05
9.510000000000000000e+03 4.475909223929689192e-05
9.515000000000000000e+03 2.438057556772969768e-05
9.520000000000000000e+03 5.281184815116258337e-05
9.525000000000000000e+03 7.799728006657041801e-05
9.530000000000000000e+03 5.129418935117901714e-05
9.535000000000000000e+03 2.291918129079028384e-05
9.540000000000000000e+03 4.713883293007222635e-05
9.545000000000000000e+03 7.700399677526131035e-05
9.550000000000000000e+03 5.762260231688814271e-05
9.555000000000000000e+03 2.599508799266005127e-05
9.560000000000000000e+03 3.999437331013163088e-05
9.565000000000000000e+03 7.454380540273617003e-05
9.570000000000000000e+03 6.431912103668359728e-05
9.575000000000000000e+03 2.753108156737490555e-05
9.580000000000000000e+03 3.470101157940436512e-05
9.585000000000000000e+03 7.130246899329450668e-05
9.590000000000000000e+03 6.864946688233539086e-05
9.595000000000000000e+03 3.330917319209047295e-05
9.600000000000000000e+03 3.014956864467169999e-05
9.605000000000000000e+03 6.548609677695144571e-05
9.610000000000000000e+03 7.359762364989971459e-05
9.615000000000000000e+03 3.767460947288153147e-05
9.620000000000000000e+03 2.628074219221736852e-05
9.625000000000000000e+03 6.073009127154027577e-05
9.630000000000000000e+03 7.530972728633119587e-05
9.635000000000000000e+03 4.448044900952212341e-05
9.640000000000000000e+03 2.545107939717828927e-05
9.645000000000000000e+03 5.323795913865058126e-05
9.650000000000000000e+03 7.698340861783960188e-05
9.655000000000000000e+03 5.071579265271356499e-05
9.660000000000000000e+03 2.391251998768731212e-05
9.665000000000000000e+03 4.784287534957253757e-05
9.670000000000000000e+03 7.608870773336863513e-05
9.675000000000000000e+03 5.685334015944744308e-05
9.680000000000000000e+03 2.678779038540157721e-05
9.685000000000000000e+03 4.085071960046366584e-05
9.690000000000000000e+03 7.388173855158908687e-05
9.695000000000000000e+03 6.334687758227244912e-05
9.700000000000000000e+03 2.810304342703880872e-05
9.705000000000000000e+03 3.577566451595030455e-05
9.710000000000000000e+03 7.083829508078325543e-05
9.715000000000000000e+03 6.755975335114612222e-05
9.720000000000000000e+03 3.363980919307933817e-05
9.725000000000000000e+03 3.124574905831043798e-05
9.730000000000000000e+03 6.532110462588998996e-05
9.735000000000000000e+03 7.245945324155365528e-05
9.740000000000000000e+03 3.769847398804089143e-05
9.745000000000000000e+03 2.747339625480568038e-05
9.750000000000000000e+03 6.083239282453431761e-05
9.755000000000000000e+03 7.414933277806520643e-05
9.760000000000000000e+03 4.426553638272668397e-05
9.765000000000000000e+03 2.654256763250259726e-05
9.770000000000000000e+03 5.360423675218489747e-05
9.775000000000000000e+03 7.593957226690924037e-05
9.780000000000000000e+03 5.019466133318709359e-05
9.785000000000000000e+03 2.494375491816454556e-05
9.790000000000000000e+03 4.849229224164555176e-05
9.795000000000000000e+03 7.513000040097303120e-05
9.800000000000000000e+03 5.613273239131901622e-05
9.805000000000000000e+03 2.762790317088993565e-05
9.810000000000000000e+03 4.166574601315877445e-05
9.815000000000000000e+03 7.316624435612905102e-05
9.820000000000000000e+03 6.240914128098797161e-05
9.825000000000000000e+03 2.873460537574131629e-05
9.830000000000000000e+03 3.682134095154470586e-05
9.835000000000000000e+03 7.031104789205772229e-05
9.840000000000000000e+03 6.649199147731733157e-05
9.845000000000000000e+03 3.403370803122641270e-05
9.850000000000000000e+03 3.232849955564676717e-05
9.855000000000000000e+03 6.509145709046227257e-05
9.860000000000000000e+03 7.132541106497524341e-05
9.865000000000000000e+03 3.778954567344878222e-05
9.870000000000000000e+03 2.866949890462830273e-05
9.875000000000000000e+03 6.086669261001031561e-05
9.880000000000000000e+03 7.297860604894647915e-05
9.885000000000000000e+03 4.411534268663753729e-05
9.890000000000000000e+03 2.765171762347911060e-05
9.895000000000000000e+03 5.390924757544525382e-05
9.900000000000000000e+03 7.486889401573686349e-05
9.905000000000000000e+03 4.973269283341008639e-05
9.910000000000000000e+03 2.600988463149865045e-05
9.915000000000000000e+03 4.908481336463039443e-05
9.920000000000000000e+03 7.413064524010860011e-05
9.925000000000000000e+03 5.546327440416558947e-05
9.930000000000000000e+03 2.851301484495076533e-05
9.935000000000000000e+03 4.243669055574744340e-05
9.940000000000000000e+03 7.239932125646714363e-05
9.945000000000000000e+03 6.150900672373713724e-05
9.950000000000000000e+03 2.942409497734685739e-05
9.955000000000000000e+03 3.783466417036119591e-05
9.960000000000000000e+03 6.972206651080469755e-05
9.965000000000000000e+03 6.544963375946015688e-05
9.970000000000000000e+03 3.448993531952323577e-05
9.975000000000000000e+03 3.339433706433194327e-05
9.980000000000000000e+03 6.479757948624330236e-05
9.985000000000000000e+03 7.019907841604344409e-05
9.990000000000000000e+03 3.794786063731285492e-05
9.995000000000000000e+03 2.986535185146521623e-05
1.000000000000000000e+04 6.083256345147168109e-05
1.000500000000000000e+04 7.180116844804195896e-05
1.001000000000000000e+04 4.403065342797013546e-05
1.001500000000000000e+04 2.877510111846716750e-05
1.002000000000000000e+04 5.415174387316978486e-05
1.002500000000000000e+04 7.377462974925997079e-05
1.003000000000000000e+04 4.933161297890273627e-05
1.003500000000000000e+04 2.710775017122321232e-05
1.004000000000000000e+04 4.961832654478980266e-05
1.004500000000000000e+04 7.309358611691331767e-05
1.005000000000000000e+04 5.484732419882473302e-05
1.005500000000000000e+04 2.944052957360974941e-05
1.006000000000000000e+04 4.316090180406777509e-05
1.006500000000000000e+04 7.158316749864713634e-05
1.007000000000000000e+04 6.064948419371039623e-05
1.007500000000000000e+04 3.016962341146087344e-05
1.008000000000000000e+04 3.881231982823179707e-05
1.008500000000000000e+04 6.907291442539195258e-05
1.009000000000000000e+04 6.443609362333146333e-05
1.009500000000000000e+04 3.500733409372050838e-05
1.010000000000000000e+04 3.443978867806925676e-05
1.010500000000000000e+04 6.444011919892965706e-05
1.011000000000000000e+04 6.908405829236040460e-05
1.011500000000000000e+04 3.817322964411904395e-05
1.012000000000000000e+04 3.105720862066284316e-05
1.012500000000000000e+04 6.072980195194540990e-05
1.013000000000000000e+04 7.062071139332758553e-05
1.013500000000000000e+04 4.401204334362410485e-05
1.014000000000000000e+04 2.990919629654136330e-05
1.014500000000000000e+04 5.433067280609738464e-05
1.015000000000000000e+04 7.266015772404318908e-05
1.015500000000000000e+04 4.899296482253513306e-05
1.016000000000000000e+04 2.823404481755838408e-05
1.016500000000000000e+04 5.009089060945265127e-05
1.017000000000000000e+04 7.202193164652520585e-05
1.017500000000000000e+04 5.428708933881545634e-05
1.018000000000000000e+04 3.040767392873408250e-05
1.018500000000000000e+04 4.383585248564835310e-05
1.019000000000000000e+04 7.072017664621303842e-05
1.019500000000000000e+04 5.983348505397045381e-05
1.020000000000000000e+04 3.096908867480573319e-05
1.020500000000000000e+04 3.975107166538081633e-05
1.021000000000000000e+04 6.836537760363197000e-05
1.021500000000000000e+04 6.345473015205514277e-05
1.022000000000000000e+04 3.558452468033843216e-05
1.022500000000000000e+04 3.546140660137385192e-05
1.023000000000000000e+04 6.401994819727298888e-05
1.023500000000000000e+04 6.798396049760430646e-05
1.024000000000000000e+04 3.846523399591437922e-05
1.024500000000000000e+04 3.224128947952862353e-05
1.025000000000000000e+04 6.055843383573940585e-05
1.025500000000000000e+04 6.944098234303154409e-05
1.026000000000000000e+04 4.405986928580563002e-05
1.026500000000000000e+04 3.105040070860340645e-05
1.027000000000000000e+04 5.444518540278956798e-05
1.027500000000000000e+04 7.152896669481058215e-05
1.028000000000000000e+04 4.871809814390555619e-05
1.028500000000000000e+04 2.938532492141515942e-05
1.029000000000000000e+04 5.050074690892380325e-05
1.029500000000000000e+04 7.091894569360177123e-05
1.030000000000000000e+04 5.378461430245783190e-05
1.030500000000000000e+04 3.141150488335619335e-05
1.031000000000000000e+04 4.445915302331774732e-05
1.031500000000000000e+04 6.981293136031940826e-05
1.032000000000000000e+04 5.906380726486873509e-05
1.032500000000000000e+04 3.182017994631632167e-05
1.033000000000000000e+04 4.064777658936848088e-05
1.033500000000000000e+04 6.760146181902169623e-05
1.034000000000000000e+04 6.250883265525074360e-05
1.034500000000000000e+04 3.621990587750558327e-05
1.035000000000000000e+04 3.645578341473451497e-05
1.035500000000000000e+04 6.353816386976530550e-05
1.036000000000000000e+04 6.690238644477735979e-05
1.036500000000000000e+04 3.882322247331645922e-05
1.037000000000000000e+04 3.341379660445798914e-05
1.037500000000000000e+04 6.031871880485541420e-05
1.038000000000000000e+04 6.826577002976854346e-05
1.038500000000000000e+04 4.417426419391707655e-05
1.039000000000000000e+04 3.219504497740215945e-05
1.039500000000000000e+04 5.449464433218897334e-05
1.040000000000000000e+04 7.038464334233537358e-05
1.040500000000000000e+04 4.850815969755681810e-05
1.041000000000000000e+04 3.055802166917758898e-05
1.041500000000000000e+04 5.084633055881308366e-05
1.042000000000000000e+04 6.978803666874455508e-05
1.042500000000000000e+04 5.334176844773280397e-05
1.043000000000000000e+04 3.244891888379114432e-05
1.043500000000000000e+04 4.502856455188861227e-05
1.044000000000000000e+04 6.886419622215032767e-05
1.044500000000000000e+04 5.834312116255251194e-05
1.045000000000000000e+04 3.272038321754409474e-05
1.045500000000000000e+04 4.149939988397114104e-05
1.046000000000000000e+04 6.678338850667126555e-05
1.046500000000000000e+04 6.160160526990106204e-05
1.047000000000000000e+04 3.691165729512460526e-05
1.047500000000000000e+04 3.741956744429046459e-05
1.048000000000000000e+04 6.299608891164367721e-05
1.048500000000000000e+04 6.584291359613821885e-05
1.049000000000000000e+04 3.924630954081942570e-05
1.049500000000000000e+04 3.457092994461098418e-05
1.050000000000000000e+04 6.001115388444638958e-05
1.050500000000000000e+04 6.709888918932708200e-05
1.051000000000000000e+04 4.435513204749069700e-05
1.051500000000000000e+04 3.333940713561047000e-05
1.052000000000000000e+04 5.447863088169254531e-05
1.052500000000000000e+04 6.923085883236445074e-05
1.053000000000000000e+04 4.836408445656640789e-05
1.053500000000000000e+04 3.174845391279546123e-05
1.054000000000000000e+04 5.112628081267795908e-05
1.054500000000000000e+04 6.863274580691961575e-05
1.055000000000000000e+04 5.296023464771009050e-05
1.055500000000000000e+04 3.351666198358387114e-05
1.056000000000000000e+04 4.554201139172075628e-05
1.056500000000000000e+04 6.787690954959708239e-05
1.057000000000000000e+04 5.767395560248914213e-05
1.057500000000000000e+04 3.366698815874251432e-05
1.058000000000000000e+04 4.230303038795019723e-05
1.058500000000000000e+04 6.591358927750140561e-05
1.059000000000000000e+04 6.073615170685462788e-05
1.059500000000000000e+04 3.765774294597057495e-05
1.060000000000000000e+04 3.834947812587517004e-05
1.060500000000000000e+04 6.239526994193165632e-05
1.061000000000000000e+04 6.480907967185533104e-05
1.061500000000000000e+04 3.973337481402467331e-05
1.062000000000000000e+04 3.570890338144538505e-05
1.062500000000000000e+04 5.963647589507505914e-05
1.063000000000000000e+04 6.594416473037799712e-05
1.063500000000000000e+04 4.460214405834350552e-05
1.064000000000000000e+04 3.447972758950413496e-05
1.064500000000000000e+04 5.439695058055856163e-05
1.065000000000000000e+04 6.807135474646988996e-05
1.065500000000000000e+04 4.828658757722829870e-05
1.066000000000000000e+04 3.295284167250643614e-05
1.066500000000000000e+04 5.133945079297002099e-05
1.067000000000000000e+04 6.745673446520169625e-05
1.067500000000000000e+04 5.264149867601436797e-05
1.068000000000000000e+04 3.461134107913461277e-05
1.068500000000000000e+04 4.599759293755457869e-05
1.069000000000000000e+04 6.685417364816769760e-05
1.069500000000000000e+04 5.705868452778366050e-05
1.070000000000000000e+04 3.465709614527382761e-05
1.070500000000000000e+04 4.305589471629492885e-05
1.071000000000000000e+04 6.499469952663961133e-05
1.071500000000000000e+04 5.991546011116209995e-05
1.072000000000000000e+04 3.845591616092981167e-05
1.072500000000000000e+04 3.924232150708436418e-05
1.073000000000000000e+04 6.173747469827730423e-05
1.073500000000000000e+04 6.380436680913256190e-05
1.074000000000000000e+04 4.028306357639198799e-05
1.074500000000000000e+04 3.682396096199091958e-05
1.075000000000000000e+04 5.919566229093236725e-05
1.075500000000000000e+04 6.480541558396657291e-05
1.076000000000000000e+04 4.491473590682397421e-05
1.076500000000000000e+04 3.561222467283525821e-05
1.077000000000000000e+04 5.424963832006607692e-05
1.077500000000000000e+04 6.690992800844933436e-05
1.078000000000000000e+04 4.827615774175888081e-05
1.078500000000000000e+04 3.416732080546441440e-05
1.079000000000000000e+04 5.148491563288146291e-05
1.079500000000000000e+04 6.626377057227485147e-05
1.080000000000000000e+04 5.238683942530854932e-05
1.080500000000000000e+04 3.572943604156364478e-05
1.081000000000000000e+04 4.639359486655547041e-05
1.081500000000000000e+04 6.579924456932674331e-05
1.082000000000000000e+04 5.649951421402603710e-05
1.082500000000000000e+04 3.568762955383624624e-05
1.083000000000000000e+04 4.375537184939328101e-05
1.083500000000000000e+04 6.402955031824257473e-05
1.084000000000000000e+04 5.914238837423623765e-05
1.084500000000000000e+04 3.930372563217472860e-05
1.085000000000000000e+04 4.009500530776089193e-05
1.085500000000000000e+04 6.102468825091454983e-05
1.086000000000000000e+04 6.283218560636564219e-05
1.086500000000000000e+04 4.089378888542247116e-05
1.087000000000000000e+04 3.791239361316452871e-05
1.087500000000000000e+04 5.868993109644262936e-05
1.088000000000000000e+04 6.368643821389293391e-05
1.088500000000000000e+04 4.529210636172622243e-05
1.089000000000000000e+04 3.673311052271735700e-05
1.089500000000000000e+04 5.403696162676931836e-05
1.090000000000000000e+04 6.575041559180760291e-05
1.090500000000000000e+04 4.833305122205472772e-05
1.091000000000000000e+04 3.538795801421492634e-05
1.091500000000000000e+04 5.156198025792041835e-05
1.092000000000000000e+04 6.505771414934627818e-05
1.092500000000000000e+04 5.219732009266799688e-05
1.093000000000000000e+04 3.686731290102443807e-05
1.093500000000000000e+04 4.672849954482722674e-05
1.094000000000000000e+04 6.471552024611676836e-05
1.094500000000000000e+04 5.599847111970616888e-05
1.095000000000000000e+04 3.675534212993543533e-05
1.095500000000000000e+04 4.439900635939132532e-05
1.096000000000000000e+04 6.302115945940788217e-05
1.096500000000000000e+04 5.841964976996164255e-05
1.097000000000000000e+04 4.019852278513038859e-05
1.097500000000000000e+04 4.090455394949849520e-05
1.098000000000000000e+04 6.025910780475216564e-05
1.098500000000000000e+04 6.189585934387575178e-05
1.099000000000000000e+04 4.156373477585749665e-05
1.099500000000000000e+04 3.897055573653195574e-05
1.100000000000000000e+04 5.812073918695903054e-05
1.100500000000000000e+04 6.259098999140846713e-05
1.101000000000000000e+04 4.573321705467783105e-05
1.101500000000000000e+04 3.783860733635793501e-05
1.102000000000000000e+04 5.375942320759680653e-05
1.102500000000000000e+04 6.459667850865509335e-05
1.103000000000000000e+04 4.845728741400221211e-05
1.103500000000000000e+04 3.661076680309876337e-05
1.104000000000000000e+04 5.157018570522889351e-05
1.104500000000000000e+04 6.384250211154207189e-05
1.105000000000000000e+04 5.207378039047659964e-05
1.105500000000000000e+04 3.802123778474630054e-05
1.106000000000000000e+04 4.700099545111359218e-05
1.106500000000000000e+04 6.360652804346272914e-05
1.107000000000000000e+04 5.555739049103926053e-05
1.107500000000000000e+04 3.785683049812202622e-05
1.108000000000000000e+04 4.498452151574116356e-05
1.108500000000000000e+04 6.197272119725306309e-05
1.109000000000000000e+04 5.774979919613902163e-05
1.109500000000000000e+04 4.113747033653126031e-05
1.110000000000000000e+04 4.166812308750726988e-05
1.110500000000000000e+04 5.944313619242637533e-05
1.111000000000000000e+04 6.099860838812433113e-05
1.111500000000000000e+04 4.229086082205182721e-05
1.112000000000000000e+04 3.999488167068626475e-05
1.112500000000000000e+04 5.748977946339465833e-05
1.113000000000000000e+04 6.152277246451539239e-05
1.113500000000000000e+04 4.623679360157014975e-05
1.114000000000000000e+04 3.892496385715313729e-05
1.114500000000000000e+04 5.341776207389813396e-05
1.115000000000000000e+04 6.345258543989080828e-05
1.115500000000000000e+04 4.864864546911074284e-05
1.116000000000000000e+04 3.783172387536223039e-05
1.116500000000000000e+04 5.150931427967540182e-05
1.117000000000000000e+04 6.262213239778216143e-05
1.117500000000000000e+04 5.201682984785004852e-05
1.118000000000000000e+04 3.918739167227339312e-05
1.118500000000000000e+04 4.720998568558983218e-05
1.119000000000000000e+04 6.247591125362778627e-05
1.119500000000000000e+04 5.517790587023831546e-05
1.120000000000000000e+04 3.898854670979766559e-05
1.120500000000000000e+04 4.550983142467301989e-05
1.121000000000000000e+04 6.088759484393332829e-05
1.121500000000000000e+04 5.713522003323782641e-05
1.122000000000000000e+04 4.211755201654257389e-05
1.122500000000000000e+04 4.238301367385254769e-05
1.123000000000000000e+04 5.857937420882042750e-05
1.123500000000000000e+04 6.014353492182283677e-05
1.124000000000000000e+04 4.307290802701430738e-05
1.124500000000000000e+04 4.098190209359268889e-05
1.125000000000000000e+04 5.679897657693618745e-05
1.125500000000000000e+04 6.048541470848533365e-05
1.126000000000000000e+04 4.680132803648699306e-05
1.126500000000000000e+04 3.998847195274641219e-05
1.127000000000000000e+04 5.301295339231489718e-05
1.127500000000000000e+04 6.232199612750841610e-05
1.128000000000000000e+04 4.890666218197698518e-05
1.128500000000000000e+04 3.904678594990878421e-05
1.129000000000000000e+04 5.137939357387107515e-05
1.129500000000000000e+04 6.140064749719860069e-05
1.130000000000000000e+04 5.202684226000556846e-05
1.130500000000000000e+04 4.036188588029692337e-05
1.131000000000000000e+04 4.735459544273185165e-05
1.131500000000000000e+04 6.132741465572825556e-05
1.132000000000000000e+04 5.486143958069857816e-05
1.132500000000000000e+04 4.014681176874559845e-05
1.133000000000000000e+04 4.597305217561134028e-05
1.133500000000000000e+04 5.976929232711728217e-05
1.134000000000000000e+04 5.657811177619799053e-05
1.134500000000000000e+04 4.313558340368164640e-05
1.135000000000000000e+04 4.304668542099847643e-05
1.135500000000000000e+04 5.767061183834981583e-05
1.136000000000000000e+04 5.933360806595477520e-05
1.136500000000000000e+04 4.390740600879291573e-05
1.137000000000000000e+04 4.192826017797696397e-05
1.137500000000000000e+04 5.605048140144062269e-05
1.138000000000000000e+04 5.948245678586089671e-05
1.138500000000000000e+04 4.742508260879687226e-05
1.139000000000000000e+04 4.102548316611239257e-05
1.139500000000000000e+04 5.254620689374148634e-05
1.140000000000000000e+04 6.120874454379318294e-05
1.140500000000000000e+04 4.923063117051870377e-05
1.141000000000000000e+04 4.025190690844920193e-05
1.141500000000000000e+04 5.118069902565916909e-05
1.142000000000000000e+04 6.018211758372667136e-05
1.142500000000000000e+04 5.210395135302864198e-05
1.143000000000000000e+04 4.154077809721850494e-05
1.143500000000000000e+04 4.743417838859769668e-05
1.144000000000000000e+04 6.016486955255463063e-05
1.144500000000000000e+04 5.460919420967270867e-05
1.145000000000000000e+04 4.132783007774742256e-05
1.145500000000000000e+04 4.637251241960560369e-05
1.146000000000000000e+04 5.862146464507712721e-05
1.146500000000000000e+04 5.608047851329221430e-05
1.147000000000000000e+04 4.418822390540167030e-05
1.147500000000000000e+04 4.365676955113067468e-05
1.148000000000000000e+04 5.671981799984264960e-05
1.148500000000000000e+04 5.857164967847316116e-05
1.149000000000000000e+04 4.479168134571071875e-05
1.149500000000000000e+04 4.283072696056129582e-05
1.150000000000000000e+04 5.524666420444362177e-05
1.150500000000000000e+04 5.851733353353149117e-05
1.151000000000000000e+04 4.810609473946459477e-05
1.151500000000000000e+04 4.203242523536432948e-05
1.152000000000000000e+04 5.201896437603470620e-05
1.152500000000000000e+04 6.011662189637962696e-05
1.153000000000000000e+04 4.961960355278905973e-05
1.153500000000000000e+04 4.144305540775450498e-05
1.154000000000000000e+04 5.091375531343838646e-05
1.154500000000000000e+04 5.897062316306788657e-05
1.155000000000000000e+04 5.224804783102354386e-05
1.155500000000000000e+04 4.272008889083262623e-05
1.156000000000000000e+04 4.744832162220118566e-05
1.156500000000000000e+04 5.899217794417732419e-05
1.157000000000000000e+04 5.442214517109651337e-05
1.157500000000000000e+04 4.252770461000912068e-05
1.158000000000000000e+04 4.670676235328128175e-05
1.158500000000000000e+04 5.744788763462844506e-05
1.159000000000000000e+04 5.564411829077733126e-05
1.159500000000000000e+04 4.527198964406399810e-05
1.160000000000000000e+04 4.421108083766613799e-05
1.160500000000000000e+04 5.573012965234921712e-05
1.161000000000000000e+04 5.786032056977363265e-05
1.161500000000000000e+04 4.572286729471488047e-05
1.162000000000000000e+04 4.368621686399877903e-05
1.162500000000000000e+04 5.439010631111812477e-05
1.163000000000000000e+04 5.759335872459415344e-05
1.163500000000000000e+04 4.884218354874464841e-05
1.164000000000000000e+04 4.300581824929199131e-05
1.164500000000000000e+04 5.143289528770958712e-05
1.165000000000000000e+04 5.904935996406346312e-05
1.165500000000000000e+04 5.007238968450960685e-05
1.166000000000000000e+04 4.261623212523321940e-05
1.166500000000000000e+04 5.057933631927225471e-05
1.167000000000000000e+04 5.777023760772245575e-05
1.167500000000000000e+04 5.245877751231785979e-05
1.168000000000000000e+04 4.389581870520532704e-05
1.168500000000000000e+04 4.739684979096403565e-05
1.169000000000000000e+04 5.781329623950505069e-05
1.169500000000000000e+04 5.430103454854758331e-05
1.170000000000000000e+04 4.374245294997893837e-05
1.170500000000000000e+04 4.697458216251028428e-05
1.171000000000000000e+04 5.625244657892250580e-05
1.171500000000000000e+04 5.527061358539339545e-05
1.172000000000000000e+04 4.638326737010261999e-05
1.172500000000000000e+04 4.470762859373834442e-05
1.173000000000000000e+04 5.470483933097293195e-05
1.173500000000000000e+04 5.720210774295698400e-05
1.174000000000000000e+04 4.669791451785657455e-05
1.174500000000000000e+04 4.449180180089841268e-05
1.175000000000000000e+04 5.348359086811286308e-05
1.175500000000000000e+04 5.671370976068372191e-05
1.176000000000000000e+04 4.963095735542478456e-05
1.176500000000000000e+04 4.394229058851678452e-05
1.177000000000000000e+04 5.078989162248170934e-05
1.177500000000000000e+04 5.801061427977210409e-05
1.178000000000000000e+04 5.058756251576855241e-05
1.178500000000000000e+04 4.376748749373171881e-05
1.179000000000000000e+04 5.017846377646824471e-05
1.179500000000000000e+04 5.658500943112536969e-05
1.180000000000000000e+04 5.273554102725502217e-05
1.180500000000000000e+04 4.506396502861788068e-05
1.181000000000000000e+04 4.727982756110113443e-05
1.181500000000000000e+04 5.663221840716668341e-05
1.182000000000000000e+04 5.424636610159898966e-05
1.182500000000000000e+04 4.496802382536321867e-05
1.183000000000000000e+04 4.717498869878375883e-05
1.183500000000000000e+04 5.503912035174723071e-05
1.184000000000000000e+04 5.496132285176107021e-05
1.184500000000000000e+04 4.751832912530932378e-05
1.185000000000000000e+04 4.514462683183793429e-05
1.185500000000000000e+04 5.364738221842917841e-05
1.186000000000000000e+04 5.659931226717156404e-05
1.186500000000000000e+04 4.771360301733674331e-05
1.187000000000000000e+04 4.524472516112358882e-05
1.187500000000000000e+04 5.253009217200589490e-05
1.188000000000000000e+04 5.588141291939822063e-05
1.188500000000000000e+04 5.046982263604146772e-05
1.189000000000000000e+04 4.483859430400733966e-05
1.189500000000000000e+04 5.009206107539972982e-05
1.190000000000000000e+04 5.700394774403597710e-05
1.190500000000000000e+04 5.116346214395009337e-05
1.191000000000000000e+04 4.489293903692286253e-05
1.191500000000000000e+04 4.971240438033781671e-05
1.192000000000000000e+04 5.541894467871326976e-05
1.192500000000000000e+04 5.307749476680012119e-05
1.193000000000000000e+04 4.622053975833237773e-05
1.193500000000000000e+04 4.709756095899478382e-05
1.194000000000000000e+04 5.545295897959664360e-05
1.194500000000000000e+04 5.425840153108060977e-05
1.195000000000000000e+04 4.620031417199858186e-05
1.195500000000000000e+04 4.730724137459584738e-05
1.196000000000000000e+04 5.381196476592723250e-05
1.196500000000000000e+04 5.471737320312025421e-05
1.197000000000000000e+04 4.867334774009310870e-05
1.197500000000000000e+04 4.552050330139442832e-05
1.198000000000000000e+04 5.256132197065003180e-05
1.198500000000000000e+04 5.605403819128850618e-05
1.199000000000000000e+04 4.876655506010418249e-05
1.199500000000000000e+04 4.594241463555491647e-05
1.200000000000000000e+04 5.153276390353140799e-05
1.200500000000000000e+04 5.509932940539505970e-05
1.201000000000000000e+04 5.135599408331861050e-05
1.201500000000000000e+04 4.569161996452082843e-05
1.202000000000000000e+04 4.934171915689718765e-05
1.202500000000000000e+04 5.603281468677888920e-05
1.203000000000000000e+04 5.179820170699701951e-05
1.203500000000000000e+04 4.598878845545270881e-05
1.204000000000000000e+04 4.918266571941217716e-05
1.204500000000000000e+04 5.427598934956454437e-05
1.205000000000000000e+04 5.348355317704512794e-05
1.205500000000000000e+04 4.736158660935160493e-05
1.206000000000000000e+04 4.685059736441891048e-05
1.206500000000000000e+04 5.427953565865758693e-05
1.207000000000000000e+04 5.433715813643019807e-05
1.207500000000000000e+04 4.743518664540771594e-05
1.208000000000000000e+04 4.737084652919177865e-05
1.208500000000000000e+04 5.257509543052513303e-05
1.209000000000000000e+04 5.453965437343537596e-05
1.209500000000000000e+04 4.984441293964411398e-05
1.210000000000000000e+04 4.583390737571620978e-05
1.210500000000000000e+04 5.145033584593246181e-05
1.211000000000000000e+04 5.556818248325300986e-05
1.211500000000000000e+04 4.985324905474998003e-05
1.212000000000000000e+04 4.658249415236152884e-05
1.212500000000000000e+04 5.049492635989452226e-05
1.213000000000000000e+04 5.437014220485442834e-05
1.213500000000000000e+04 5.228650578148077803e-05
1.214000000000000000e+04 4.649841082391497450e-05
1.214500000000000000e+04 4.854138009795653575e-05
1.215000000000000000e+04 5.510054535224628305e-05
1.215500000000000000e+04 5.248967459106556943e-05
1.216000000000000000e+04 4.705133841780180515e-05
1.216500000000000000e+04 4.859099075197573399e-05
1.217000000000000000e+04 5.316001207670630632e-05
1.217500000000000000e+04 5.395239244841489880e-05
1.218000000000000000e+04 4.848319844801578162e-05
1.218500000000000000e+04 4.653972413616821357e-05
1.219000000000000000e+04 5.311595187002522662e-05
1.219500000000000000e+04 5.448240776924554558e-05
1.220000000000000000e+04 4.866848736236943732e-05
1.220500000000000000e+04 4.736556046417921510e-05
1.221000000000000000e+04 5.133267019331806723e-05
1.221500000000000000e+04 5.442881395676185609e-05
1.222000000000000000e+04 5.102754799434317879e-05
1.222500000000000000e+04 4.608371678154856349e-05
1.223000000000000000e+04 5.031819917192023025e-05
1.223500000000000000e+04 5.514342605907861927e-05
1.224000000000000000e+04 5.097003429516229267e-05
1.224500000000000000e+04 4.716279480982770139e-05
1.225000000000000000e+04 4.942005268016340451e-05
1.225500000000000000e+04 5.369634385590864008e-05
1.226000000000000000e+04 5.325822344731858803e-05
1.226500000000000000e+04 4.725617618337048763e-05
1.227000000000000000e+04 4.769374656792228892e-05
1.227500000000000000e+04 5.421033103685473877e-05
1.228000000000000000e+04 5.323556288078422702e-05
1.228500000000000000e+04 4.807700884687488669e-05
1.229000000000000000e+04 4.793935098140760962e-05
1.229500000000000000e+04 5.207478717394999556e-05
1.230000000000000000e+04 5.448245553247052064e-05
1.230500000000000000e+04 4.958153440425905003e-05
1.231000000000000000e+04 4.616596589360170305e-05
1.231500000000000000e+04 5.196617932944671550e-05
1.232000000000000000e+04 5.469367715019675456e-05
1.232500000000000000e+04 4.989606380961291918e-05
1.233000000000000000e+04 4.729139114052252331e-05
1.233500000000000000e+04 5.008887128772751882e-05
1.234000000000000000e+04 5.438525396987380620e-05
1.234500000000000000e+04 5.221872681313598273e-05
1.235000000000000000e+04 4.626904307726567253e-05
1.235500000000000000e+04 4.916876918514616698e-05
1.236000000000000000e+04 5.478122598213829204e-05
1.236500000000000000e+04 5.211314645650575063e-05
1.237000000000000000e+04 4.768136467906981926e-05
1.237500000000000000e+04 4.831175416602831170e-05
1.238000000000000000e+04 5.308022524293198559e-05
1.238500000000000000e+04 5.426785765254329139e-05
1.239000000000000000e+04 4.796230389533910214e-05
1.239500000000000000e+04 4.680169833755062279e-05
1.240000000000000000e+04 5.336520997002667117e-05
1.240500000000000000e+04 5.403334699797696523e-05
1.241000000000000000e+04 4.906235257748774609e-05
1.241500000000000000e+04 4.722993834628081501e-05
1.242000000000000000e+04 5.102397814704487004e-05
1.242500000000000000e+04 5.507195845511642248e-05
1.243000000000000000e+04 5.065283666873596343e-05
1.243500000000000000e+04 4.573058047937441115e-05
1.244000000000000000e+04 5.083414074535029211e-05
1.244500000000000000e+04 5.497024956138507032e-05
1.245000000000000000e+04 5.111378279695516258e-05
1.245500000000000000e+04 4.714859849724160375e-05
1.246000000000000000e+04 4.884788730581009333e-05
1.246500000000000000e+04 5.440912876572970085e-05
1.247000000000000000e+04 5.341389134147937675e-05
1.247500000000000000e+04 4.638923582372447287e-05
1.248000000000000000e+04 4.800596836251270669e-05
1.248500000000000000e+04 5.448280889244153796e-05
1.249000000000000000e+04 5.327872375779279997e-05
1.249500000000000000e+04 4.813647743913210817e-05
1.250000000000000000e+04 4.717376482798394917e-05
1.250500000000000000e+04 5.252386549713230151e-05
1.251000000000000000e+04 5.531197793353062917e-05
1.251500000000000000e+04 4.861437188849350303e-05
1.252000000000000000e+04 4.586827993206397442e-05
1.252500000000000000e+04 5.256805402034482664e-05
1.253000000000000000e+04 5.488031646499589471e-05
1.253500000000000000e+04 5.000407029308528105e-05
1.254000000000000000e+04 4.646515587890105806e-05
1.254500000000000000e+04 5.001112179976771978e-05
1.255000000000000000e+04 5.571889790732575319e-05
1.255500000000000000e+04 5.169344685726997191e-05
1.256000000000000000e+04 4.523505363569906858e-05
1.256500000000000000e+04 4.972369278723582058e-05
1.257000000000000000e+04 5.531116787798387978e-05
1.257500000000000000e+04 5.231754830211956907e-05
1.258000000000000000e+04 4.693769336127562910e-05
1.258500000000000000e+04 4.761389510812017237e-05
1.259000000000000000e+04 5.450034429829477272e-05
1.259500000000000000e+04 5.460896916120008056e-05
1.260000000000000000e+04 4.644388544812542681e-05
1.260500000000000000e+04 4.683376740224569600e-05
1.261000000000000000e+04 5.424916570539236194e-05
1.261500000000000000e+04 5.446282367872809624e-05
1.262000000000000000e+04 4.852663977485638608e-05
1.262500000000000000e+04 4.600992525425318499e-05
1.263000000000000000e+04 5.202912305558475759e-05
1.263500000000000000e+04 5.638702768695114825e-05
1.264000000000000000e+04 4.921015862282286906e-05
1.264500000000000000e+04 4.489668733483360573e-05
1.265000000000000000e+04 5.182155632016361910e-05
1.265500000000000000e+04 5.577358173922499130e-05
1.266000000000000000e+04 5.089902467447671055e-05
1.266500000000000000e+04 4.564760719945630194e-05
1.267000000000000000e+04 4.903961305182432794e-05
1.267500000000000000e+04 5.642106006228796183e-05
1.268000000000000000e+04 5.269982183369447272e-05
1.268500000000000000e+04 4.468109239595534251e-05
1.269000000000000000e+04 4.863860941813885467e-05
1.269500000000000000e+04 5.571523892742647946e-05
1.270000000000000000e+04 5.350331909071998505e-05
1.270500000000000000e+04 4.665943497384557917e-05
1.271000000000000000e+04 4.639104181550725747e-05
1.271500000000000000e+04 5.465855878820459533e-05
1.272000000000000000e+04 5.579989115095046275e-05
1.272500000000000000e+04 4.643282478272077744e-05
1.273000000000000000e+04 4.565616796501864805e-05
1.273500000000000000e+04 5.408104763109346577e-05
1.274000000000000000e+04 5.566144008776472741e-05
1.274500000000000000e+04 4.885059746457181629e-05
1.275000000000000000e+04 4.482416588349059493e-05
1.275500000000000000e+04 5.159762792720846731e-05
1.276000000000000000e+04 5.748933975549654150e-05
1.276500000000000000e+04 4.974765244138909255e-05
1.277000000000000000e+04 4.389025390931489395e-05
1.277500000000000000e+04 5.112821988266639834e-05
1.278000000000000000e+04 5.671008703109153913e-05
1.278500000000000000e+04 5.174425363266754643e-05
1.279000000000000000e+04 4.478008493372304040e-05
1.279500000000000000e+04 4.811269054706576688e-05
1.280000000000000000e+04 5.717603054149611989e-05
1.280500000000000000e+04 5.366854883188576286e-05
1.281000000000000000e+04 4.407061724253488521e-05
1.281500000000000000e+04 4.758256570139779369e-05
1.282000000000000000e+04 5.618103916788004260e-05
1.282500000000000000e+04 5.466712603308237768e-05
1.283000000000000000e+04 4.631482714650107671e-05
1.283500000000000000e+04 4.518342701050752396e-05
1.284000000000000000e+04 5.488318477342172467e-05
1.284500000000000000e+04 5.698260910945608789e-05
1.285000000000000000e+04 4.635612923166319350e-05
1.285500000000000000e+04 4.447718525647134489e-05
1.286000000000000000e+04 5.397896352726535652e-05
1.286500000000000000e+04 5.687052067715821804e-05
1.287000000000000000e+04 4.910734013724011958e-05
1.287500000000000000e+04 4.362048983760960079e-05
1.288000000000000000e+04 5.123077526853418690e-05
1.288500000000000000e+04 5.861515257442200292e-05
1.289000000000000000e+04 5.022505975010229398e-05
1.289500000000000000e+04 4.285243559895334707e-05
1.290000000000000000e+04 5.049034731282248312e-05
1.290500000000000000e+04 5.768662398075885707e-05
1.291000000000000000e+04 5.253698251911866264e-05
1.291500000000000000e+04 4.386555809734104736e-05
1.292000000000000000e+04 4.723342314776210959e-05
1.292500000000000000e+04 5.798120545444580051e-05
1.293000000000000000e+04 5.459635985137074437e-05
1.293500000000000000e+04 4.340575314010087084e-05
1.294000000000000000e+04 4.655912219739912389e-05
1.294500000000000000e+04 5.670692162437635924e-05
1.295000000000000000e+04 5.580508896102489224e-05
1.295500000000000000e+04 4.590511309674824981e-05
1.296000000000000000e+04 4.399508523791534668e-05
1.296500000000000000e+04 5.517339249075809684e-05
1.297000000000000000e+04 5.815311319123365222e-05
1.297500000000000000e+04 4.621411559252508255e-05
1.298000000000000000e+04 4.330083057957058402e-05
1.298500000000000000e+04 5.394317861865695601e-05
1.299000000000000000e+04 5.808598461595302368e-05
1.299500000000000000e+04 4.929610466384385254e-05
1.300000000000000000e+04 4.240295542772325665e-05
1.300500000000000000e+04 5.092972029487681691e-05
1.301000000000000000e+04 5.976062678852885204e-05
1.301500000000000000e+04 5.064081193371927636e-05
1.302000000000000000e+04 4.178679546974260295e-05
1.302500000000000000e+04 4.991003169478347738e-05
1.303000000000000000e+04 5.869984612075569610e-05
1.303500000000000000e+04 5.327463525625663384e-05
1.304000000000000000e+04 4.290715857974986426e-05
1.304500000000000000e+04 4.640469745205035550e-05
1.305000000000000000e+04 5.883380343550908518e-05
1.305500000000000000e+04 5.548014519730093690e-05
1.306000000000000000e+04 4.268881946575411944e-05
1.306500000000000000e+04 4.557171007304626140e-05
1.307000000000000000e+04 5.729102400131756635e-05
1.307500000000000000e+04 5.691343294037326463e-05
1.308000000000000000e+04 4.543176898141869531e-05
1.308500000000000000e+04 4.282996893525989974e-05
1.309000000000000000e+04 5.552811456707425295e-05
1.309500000000000000e+04 5.930744907529551129e-05
1.310000000000000000e+04 4.600733957190192367e-05
1.310500000000000000e+04 4.213109400572434771e-05
1.311000000000000000e+04 5.397371455783104329e-05
1.311500000000000000e+04 5.930374026214048377e-05
1.312000000000000000e+04 4.941637718366622019e-05
1.312500000000000000e+04 4.117565842209962258e-05
1.313000000000000000e+04 5.069537450844059125e-05
1.313500000000000000e+04 6.092186223721486978e-05
1.314000000000000000e+04 5.099357099163978461e-05
1.314500000000000000e+04 4.069698774011558796e-05
1.315000000000000000e+04 4.938914866972571132e-05
1.315500000000000000e+04 5.974628404740672349e-05
1.316000000000000000e+04 5.395484431585111947e-05
1.316500000000000000e+04 4.190816681160507596e-05
1.317000000000000000e+04 4.562920638298579451e-05
1.317500000000000000e+04 5.973087859595840985e-05
1.318000000000000000e+04 5.631696604748043526e-05
1.318500000000000000e+04 4.192231889913605058e-05
1.319000000000000000e+04 4.462361704586468328e-05
1.319500000000000000e+04 5.793127793724107104e-05
1.320000000000000000e+04 5.798850387323556291e-05
1.320500000000000000e+04 4.489649619840429677e-05
1.321000000000000000e+04 4.169193194572944772e-05
1.321500000000000000e+04 5.594605200071514476e-05
1.322000000000000000e+04 6.044173471833182105e-05
1.322500000000000000e+04 4.573659197202292520e-05
1.323000000000000000e+04 4.097192726851435067e-05
1.323500000000000000e+04 5.407035081308744437e-05
1.324000000000000000e+04 6.051970281243800216e-05
1.324500000000000000e+04 4.946789375082519887e-05
1.325000000000000000e+04 3.994271421625511905e-05
1.325500000000000000e+04 5.052840328921463320e-05
1.326000000000000000e+04 6.209491516078973860e-05
1.326500000000000000e+04 5.128223389607503545e-05
1.327000000000000000e+04 3.958674143043908124e-05
1.327500000000000000e+04 4.892934975701521193e-05
1.328000000000000000e+04 6.082236115180448817e-05
1.328500000000000000e+04 5.457545948500988723e-05
1.329000000000000000e+04 4.087199669400773790e-05
1.329500000000000000e+04 4.490943889839248300e-05
1.330000000000000000e+04 6.066933432516848611e-05
1.330500000000000000e+04 5.710406599412924986e-05
1.331000000000000000e+04 4.110892538944745030e-05
1.331500000000000000e+04 4.371797418623133303e-05
1.332000000000000000e+04 5.862541935689496211e-05
1.332500000000000000e+04 5.902678332634103437e-05
1.333000000000000000e+04 4.430121250725922093e-05
1.333500000000000000e+04 4.058471367796530663e-05
1.334000000000000000e+04 5.642568137979591823e-05
1.334500000000000000e+04 6.155217657363888520e-05
1.335000000000000000e+04 4.540289361232006281e-05
1.335500000000000000e+04 3.982722701606902576e-05
1.336000000000000000e+04 5.423262739045747597e-05
1.336500000000000000e+04 6.172981178241725218e-05
1.337000000000000000e+04 4.945063960757881052e-05
1.337500000000000000e+04 3.870824006708210163e-05
1.338000000000000000e+04 5.042922486897742342e-05
1.338500000000000000e+04 6.327581550324732165e-05
1.339000000000000000e+04 5.150593558440414783e-05
1.339500000000000000e+04 3.845984372447777444e-05
1.340000000000000000e+04 4.853205695913012305e-05
1.340500000000000000e+04 6.192440980613398598e-05
1.341000000000000000e+04 5.513455537922397820e-05
1.341500000000000000e+04 3.980217992777753430e-05
1.342000000000000000e+04 4.424767090728849722e-05
1.342500000000000000e+04 6.164593778825836780e-05
1.343000000000000000e+04 5.783888150594494363e-05
1.343500000000000000e+04 4.025147128842295824e-05
1.344000000000000000e+04 4.285774369155176812e-05
1.344500000000000000e+04 5.937099978939806269e-05
1.345000000000000000e+04 6.002490248361040583e-05
1.345500000000000000e+04 4.364804202707236672e-05
1.346000000000000000e+04 3.951192402100669077e-05
1.346500000000000000e+04 5.696526327438531219e-05
1.347000000000000000e+04 6.263508519598657653e-05
1.347500000000000000e+04 4.500748904156918768e-05
1.348000000000000000e+04 3.870081849878306553e-05
1.348500000000000000e+04 5.445984886253100191e-05
1.349000000000000000e+04 6.293004819408812007e-05
1.349500000000000000e+04 4.936484709592672587e-05
1.350000000000000000e+04 3.747633745444746076e-05
1.350500000000000000e+04 5.039801066754531214e-05
1.351000000000000000e+04 6.446058419846871035e-05
1.351500000000000000e+04 5.166405063461657478e-05
1.352000000000000000e+04 3.732012316282239052e-05
1.352500000000000000e+04 4.819845868598418218e-05
1.353000000000000000e+04 6.304868789835084094e-05
1.353500000000000000e+04 5.563043765662106869e-05
1.354000000000000000e+04 3.870234986433976614e-05
1.354500000000000000e+04 4.364595744367439164e-05
1.355000000000000000e+04 6.265733502645087012e-05
1.355500000000000000e+04 5.851905122007620822e-05
1.356000000000000000e+04 3.935293372029273300e-05
1.356500000000000000e+04 4.204570770067649814e-05
1.357000000000000000e+04 6.016539858475683825e-05
1.357500000000000000e+04 6.097965514750029660e-05
1.358000000000000000e+04 4.293930422305145770e-05
1.358500000000000000e+04 3.847702912523818218e-05
1.359000000000000000e+04 5.756285173590575843e-05
1.359500000000000000e+04 6.368689012325497037e-05
1.360000000000000000e+04 4.455183908738956410e-05
1.360500000000000000e+04 3.759643982675612851e-05
1.361000000000000000e+04 5.475108963273187847e-05
1.361500000000000000e+04 6.411645134734711828e-05
1.362000000000000000e+04 4.921099223998924701e-05
1.362500000000000000e+04 3.625107471161856734e-05
1.363000000000000000e+04 5.043468696478751686e-05
1.363500000000000000e+04 6.564525033911499676e-05
1.364000000000000000e+04 5.175619360713466159e-05
1.364500000000000000e+04 3.617143279554949683e-05
1.365000000000000000e+04 4.792950699929625276e-05
1.365500000000000000e+04 6.419139559759611305e-05
1.366000000000000000e+04 5.606164789920942528e-05
1.366500000000000000e+04 3.757622496238805377e-05
1.367000000000000000e+04 4.310612611773403057e-05
1.367500000000000000e+04 6.370006658289608748e-05
1.368000000000000000e+04 5.914242401102156943e-05
1.368500000000000000e+04 3.841642030960219236e-05
1.369000000000000000e+04 4.128445824141728450e-05
1.369500000000000000e+04 6.100583595031034670e-05
1.370000000000000000e+04 6.188800969771062605e-05
1.370500000000000000e+04 4.217750197917219108e-05
1.371000000000000000e+04 3.748333813964786700e-05
1.371500000000000000e+04 5.821630478606841280e-05
1.372000000000000000e+04 6.470415393849981468e-05
1.372500000000000000e+04 4.403761228543129856e-05
1.373000000000000000e+04 3.651772688187734380e-05
1.373500000000000000e+04 5.510520036571312473e-05
1.374000000000000000e+04 6.528513509101706324e-05
1.374500000000000000e+04 4.898979005527255467e-05
1.375000000000000000e+04 3.503647004285043490e-05
1.375500000000000000e+04 5.053893786828471196e-05
1.376000000000000000e+04 6.682586812712348987e-05
1.376500000000000000e+04 5.178221807305566631e-05
1.377000000000000000e+04 3.501763336788214878e-05
1.377500000000000000e+04 4.772591618935156617e-05
1.378000000000000000e+04 6.534869224475859783e-05
1.378500000000000000e+04 5.642696711266834841e-05
1.379000000000000000e+04 3.642759201099600701e-05
1.379500000000000000e+04 4.262977193717820202e-05
1.380000000000000000e+04 6.477058347336103511e-05
1.380500000000000000e+04 5.970706586221839187e-05
1.381000000000000000e+04 3.744515440286072755e-05
1.381500000000000000e+04 4.057638840922916284e-05
1.382000000000000000e+04 6.188938662227342464e-05
1.382500000000000000e+04 6.274711996003105874e-05
1.383000000000000000e+04 4.136530878103205570e-05
1.383500000000000000e+04 3.653399093806113069e-05
1.384000000000000000e+04 5.892329578138596102e-05
1.384500000000000000e+04 6.568358544666810133e-05
1.385000000000000000e+04 4.346667527332154690e-05
1.385500000000000000e+04 3.546819887780277588e-05
1.386000000000000000e+04 5.552081559751906363e-05
1.386500000000000000e+04 6.643230351803686574e-05
1.387000000000000000e+04 4.870218859574761627e-05
1.387500000000000000e+04 3.383647506798640695e-05
1.388000000000000000e+04 5.071020970474062687e-05
1.388500000000000000e+04 6.799853341088315324e-05
1.389000000000000000e+04 5.174221438218396852e-05
1.389500000000000000e+04 3.386257674473424153e-05
1.390000000000000000e+04 4.758816276824951385e-05
1.390500000000000000e+04 6.651671314203758123e-05
1.391000000000000000e+04 5.672541795641394775e-05
1.391500000000000000e+04 3.526028916074105116e-05
1.392000000000000000e+04 4.221825338200345672e-05
1.392500000000000000e+04 6.586526334699874252e-05
1.393000000000000000e+04 6.021126543138996496e-05
1.393500000000000000e+04 3.644245983830563814e-05
1.394000000000000000e+04 3.992368445112104175e-05
1.394500000000000000e+04 6.281299422734810869e-05
1.395000000000000000e+04 6.355433496722579965e-05
1.395500000000000000e+04 4.050555514844397835e-05
1.396000000000000000e+04 3.563194693047780104e-05
1.396500000000000000e+04 5.968132593827027009e-05
1.397000000000000000e+04 6.662205179577723496e-05
1.397500000000000000e+04 4.284108233350442661e-05
1.398000000000000000e+04 3.445124500526379767e-05
1.398500000000000000e+04 5.599636250151157315e-05
1.399000000000000000e+04 6.755426577125161547e-05
1.399500000000000000e+04 4.834936191036993914e-05
1.400000000000000000e+04 3.265495890290289827e-05
1.400500000000000000e+04 5.094771635918095743e-05
1.401000000000000000e+04 6.915939973116709137e-05
1.401500000000000000e+04 5.163650608470020723e-05
1.402000000000000000e+04 3.271008962478272374e-05
1.402500000000000000e+04 4.751648635651693309e-05
1.403000000000000000e+04 6.769158639659278182e-05
1.403500000000000000e+04 5.695626562435528319e-05
1.404000000000000000e+04 3.407818898468291179e-05
1.404500000000000000e+04 4.187268980829217391e-05
1.405000000000000000e+04 6.698042720370558315e-05
1.405500000000000000e+04 6.065353825962477530e-05
1.406000000000000000e+04 3.541174534822443481e-05
1.406500000000000000e+04 3.932831963266237901e-05
1.407000000000000000e+04 6.377348612066612856e-05
1.407500000000000000e+04 6.430720732788537545e-05
1.408000000000000000e+04 3.960121455330751632e-05
1.408500000000000000e+04 3.477997512114071478e-05
1.409000000000000000e+04 6.048773699677180985e-05
1.409500000000000000e+04 6.751658970602496008e-05
1.410000000000000000e+04 4.216306393294554246e-05
1.410500000000000000e+04 3.347011173866366721e-05
1.411000000000000000e+04 5.653007028227915814e-05
1.411500000000000000e+04 6.864745034027485912e-05
1.412000000000000000e+04 4.793270174987418762e-05
1.412500000000000000e+04 3.149569299300665021e-05
1.413000000000000000e+04 5.125044608086188404e-05
1.413500000000000000e+04 7.030469398375057571e-05
1.414000000000000000e+04 5.146564529040763844e-05
1.414500000000000000e+04 3.156395753800116257e-05
1.415000000000000000e+04 4.751089251960457306e-05
1.415500000000000000e+04 6.886944933442533379e-05
1.416000000000000000e+04 5.711901731413408079e-05
1.416500000000000000e+04 3.288518159970519103e-05
1.417000000000000000e+04 4.159396032230361817e-05
1.417500000000000000e+04 6.811235545832701260e-05
1.418000000000000000e+04 6.103262983079494794e-05
1.418500000000000000e+04 3.435648887301707472e-05
1.419000000000000000e+04 3.879204871366125551e-05
1.419500000000000000e+04 6.476758852351534724e-05
1.420000000000000000e+04 6.500350065418194470e-05
1.420500000000000000e+04 3.865538862483743131e-05
1.421000000000000000e+04 3.398064518987669338e-05
1.421500000000000000e+04 6.133972525709482145e-05
1.422000000000000000e+04 6.836441540755661779e-05
1.422500000000000000e+04 4.143501464967197729e-05
1.423000000000000000e+04 3.252789131943466369e-05
1.423500000000000000e+04 5.711998096468120958e-05
1.424000000000000000e+04 6.970841814649329196e-05
1.424500000000000000e+04 4.745380842642701245e-05
1.425000000000000000e+04 3.036233669137814519e-05
1.425500000000000000e+04 5.161716908744511285e-05
1.426000000000000000e+04 7.143073120019316589e-05
1.426500000000000000e+04 5.123040669738716861e-05
1.427000000000000000e+04 3.042790947194441530e-05
1.427500000000000000e+04 4.757115610141123897e-05
1.428000000000000000e+04 7.004646476185135925e-05
1.428500000000000000e+04 5.721342050855947412e-05
1.429000000000000000e+04 3.168515801501123775e-05
1.429500000000000000e+04 4.138270383058089173e-05
1.430000000000000000e+04 6.925730462611108388e-05
1.430500000000000000e+04 6.134751725502953315e-05
1.431000000000000000e+04 3.328022169456820029e-05
1.431500000000000000e+04 3.831640429588408772e-05
1.432000000000000000e+04 6.579194197323164225e-05
1.432500000000000000e+04 6.564119547090693427e-05
1.433000000000000000e+04 3.767129204862800336e-05
1.433500000000000000e+04 3.323631991734182257e-05
1.434000000000000000e+04 6.223435552551706735e-05
1.434500000000000000e+04 6.916293359653575862e-05
1.435000000000000000e+04 4.065948032576964863e-05
1.435500000000000000e+04 3.162751109493094491e-05
1.436000000000000000e+04 5.776396065318722972e-05
1.436500000000000000e+04 7.073387493340823695e-05
1.437000000000000000e+04 4.691448057501622224e-05
1.437500000000000000e+04 2.925842374193580341e-05
1.438000000000000000e+04 5.204644650972360025e-05
1.438500000000000000e+04 7.253392868525902943e-05
1.439000000000000000e+04 5.093178070281548231e-05
1.439500000000000000e+04 2.930560305077934495e-05
1.440000000000000000e+04 4.769682621014296352e-05
1.440500000000000000e+04 7.121883662115940277e-05
1.441000000000000000e+04 5.723945998880828614e-05
1.441500000000000000e+04 3.048199375847847635e-05
1.442000000000000000e+04 4.123932038737561546e-05
1.442500000000000000e+04 7.041152339847863838e-05
1.443000000000000000e+04 6.159740963022832406e-05
1.443500000000000000e+04 3.218651258807219388e-05
1.444000000000000000e+04 3.790269398665730230e-05
1.444500000000000000e+04 6.684311700493371985e-05
1.445000000000000000e+04 6.621849396416301171e-05
1.445500000000000000e+04 3.665223716220376930e-05
1.446000000000000000e+04 3.254914885607575691e-05
1.446500000000000000e+04 6.316857586018038452e-05
1.447000000000000000e+04 6.990974513480034918e-05
1.447500000000000000e+04 3.983914471808266711e-05
1.448000000000000000e+04 3.077172413124664504e-05
1.448500000000000000e+04 5.845971155727612410e-05
1.449000000000000000e+04 7.172068252013379162e-05
1.449500000000000000e+04 4.631670412793758516e-05
1.450000000000000000e+04 2.818734965984325447e-05
1.450500000000000000e+04 5.253664008152598996e-05
1.451000000000000000e+04 7.361081934622778209e-05
1.451500000000000000e+04 5.057096543623770070e-05
1.452000000000000000e+04 2.820061038935420475e-05
1.452500000000000000e+04 4.788723217347574799e-05
1.453000000000000000e+04 7.238282516577158074e-05
1.453500000000000000e+04 5.719735363307749379e-05
1.454000000000000000e+04 2.927953292057298198e-05
1.454500000000000000e+04 4.116397375780981059e-05
1.455000000000000000e+04 7.157126863798569981e-05
1.455500000000000000e+04 6.178174721333766896e-05
1.456000000000000000e+04 3.107895210670409507e-05
1.456500000000000000e+04 3.755199910703945821e-05
1.457000000000000000e+04 6.791762981158056727e-05
1.457500000000000000e+04 6.673382342790272622e-05
1.458000000000000000e+04 3.560161831168885021e-05
1.458500000000000000e+04 3.192106323908077580e-05
1.459000000000000000e+04 6.413923237971816003e-05
1.459500000000000000e+04 7.060265355606413866e-05
1.460000000000000000e+04 3.897681564022406316e-05
1.460500000000000000e+04 2.996310072170873181e-05
1.461000000000000000e+04 5.920478481731781406e-05
1.461500000000000000e+04 7.266586899185186171e-05
1.462000000000000000e+04 4.566264056491525623e-05
1.462500000000000000e+04 2.715236014620758863e-05
1.463000000000000000e+04 5.308592272173498147e-05
1.463500000000000000e+04 7.465806404666697953e-05
1.464000000000000000e+04 5.014935776338334833e-05
1.464500000000000000e+04 2.711640468502349082e-05
1.465000000000000000e+04 4.814149033184137854e-05
1.465500000000000000e+04 7.353476164461297023e-05
1.466000000000000000e+04 5.708754700199098863e-05
1.466500000000000000e+04 2.808157279680832417e-05
1.467000000000000000e+04 4.115659544957287874e-05
1.467500000000000000e+04 7.273282081392421557e-05
1.468000000000000000e+04 6.190019949651194813e-05
1.468500000000000000e+04 2.996113716196425106e-05
1.469000000000000000e+04 3.726517443666218013e-05
1.469500000000000000e+04 6.901195774901901594e-05
1.470000000000000000e+04 6.718583852016634848e-05
1.470500000000000000e+04 3.452289607754278666e-05
1.471000000000000000e+04 3.135377209303841873e-05
1.471500000000000000e+04 6.514308477738436822e-05
1.472000000000000000e+04 7.123967030488497561e-05
1.472500000000000000e+04 3.807541085717975693e-05
1.473000000000000000e+04 2.920402149912692830e-05
1.473500000000000000e+04 5.999659354243553044e-05
1.474000000000000000e+04 7.356663779410419878e-05
1.474500000000000000e+04 4.495461440477967435e-05
1.475000000000000000e+04 2.615654051818038330e-05
1.475500000000000000e+04 5.369228982383429790e-05
1.476000000000000000e+04 7.567246315720296877e-05
1.476500000000000000e+04 4.966854360803057148e-05
1.477000000000000000e+04 2.605634762852486255e-05
1.477500000000000000e+04 4.845851231054656776e-05
1.478000000000000000e+04 7.467106196762905712e-05
1.478500000000000000e+04 5.691070701326158448e-05
1.479000000000000000e+04 2.689184893661598208e-05
1.479500000000000000e+04 4.121688934139125407e-05
1.480000000000000000e+04 7.389249918482672429e-05
1.480500000000000000e+04 6.195266179453995121e-05
1.481000000000000000e+04 2.883665577018517987e-05
1.481500000000000000e+04 3.704284934147855223e-05
1.482000000000000000e+04 7.012255496004039606e-05
1.482500000000000000e+04 6.757342209889516849e-05
1.483000000000000000e+04 3.341958164012502001e-05
1.483500000000000000e+04 3.084875977080514856e-05
1.484000000000000000e+04 6.617682113692788747e-05
1.484500000000000000e+04 7.181901887315596570e-05
1.485000000000000000e+04 3.713794356862422884e-05
1.485500000000000000e+04 2.849667107621180477e-05
1.486000000000000000e+04 6.083242663051289617e-05
1.486500000000000000e+04 7.442037569150605802e-05
1.487000000000000000e+04 4.419510024004728708e-05
1.487500000000000000e+04 2.520280626899008304e-05
1.488000000000000000e+04 5.435357130578969006e-05
1.488500000000000000e+04 7.665096691342255836e-05
1.489000000000000000e+04 4.913028731649828968e-05
1.489500000000000000e+04 2.502367772917458684e-05
1.490000000000000000e+04 4.883701361008091724e-05
1.490500000000000000e+04 7.578823993765869014e-05
1.491000000000000000e+04 5.666771444531383436e-05
1.491500000000000000e+04 2.571402109934735146e-05
1.492000000000000000e+04 4.134433797177783848e-05
1.492500000000000000e+04 7.504667618239841667e-05
1.493000000000000000e+04 6.193925106143946470e-05
1.493500000000000000e+04 2.770907235851235187e-05
1.494000000000000000e+04 3.688542989615323854e-05
1.494500000000000000e+04 7.124586745556961464e-05
1.495000000000000000e+04 6.789568501437536895e-05
1.495500000000000000e+04 3.229522115735266636e-05
1.496000000000000000e+04 3.040728457078140394e-05
1.496500000000000000e+04 6.723707355756771797e-05
1.497000000000000000e+04 7.233913758805367517e-05
1.497500000000000000e+04 3.616750789052754840e-05
1.498000000000000000e+04 2.784303347866480796e-05
1.498500000000000000e+04 6.170946252776528945e-05
1.499000000000000000e+04 7.522465958640771897e-05
1.499500000000000000e+04 4.338670921427330171e-05
1.500000000000000000e+04 2.429389473179801269e-05
1.500500000000000000e+04 5.506744431601088359e-05
1.501000000000000000e+04 7.759068482018224530e-05
1.501500000000000000e+04 4.853652057466976727e-05
1.502000000000000000e+04 2.402149968636511294e-05
1.502500000000000000e+04 4.927552328908762423e-05
1.503000000000000000e+04 7.688291939743794267e-05
1.503500000000000000e+04 5.635965555986564265e-05
1.504000000000000000e+04 2.455165983601356896e-05
1.504500000000000000e+04 4.153820951880848601e-05
1.505000000000000000e+04 7.619179131022690106e-05
1.505500000000000000e+04 6.186030053115931923e-05
1.506000000000000000e+04 2.658191353281204788e-05
1.506500000000000000e+04 3.679310217738237089e-05
1.507000000000000000e+04 7.237834799231630920e-05
1.507500000000000000e+04 6.815196461083361090e-05
1.508000000000000000e+04 3.115338045694058774e-05
1.508500000000000000e+04 3.003037870034230031e-05
1.509000000000000000e+04 6.832043314633364330e-05
1.509500000000000000e+04 7.279868132868874263e-05
1.510000000000000000e+04 3.516726415424416377e-05
1.510500000000000000e+04 2.724488826083828140e-05
1.511000000000000000e+04 6.262478349052239457e-05
1.511500000000000000e+04 7.597726213690463883e-05
1.512000000000000000e+04 4.253217527380566762e-05
1.512500000000000000e+04 2.343235791766750095e-05
1.513000000000000000e+04 5.583144609964173173e-05
1.513500000000000000e+04 7.848889400304604250e-05
1.514000000000000000e+04 4.788933041367428734e-05
1.514500000000000000e+04 2.305277442938561181e-05
1.515000000000000000e+04 4.977239443667978063e-05
1.515500000000000000e+04 7.795184559396771667e-05
1.516000000000000000e+04 5.598781296372640535e-05
1.516500000000000000e+04 2.340823386440379818e-05
1.517000000000000000e+04 4.179756565611624614e-05
1.517500000000000000e+04 7.732436425229043304e-05
1.518000000000000000e+04 6.171635317890490754e-05
1.518500000000000000e+04 2.545865434472880097e-05
1.519000000000000000e+04 3.676583680813934042e-05
1.519500000000000000e+04 7.351647050802336296e-05
1.520000000000000000e+04 6.834182212462993115e-05
1.520500000000000000e+04 2.999762987876593030e-05
1.521000000000000000e+04 2.971884924417380976e-05
1.521500000000000000e+04 6.942346505040857181e-05
1.522000000000000000e+04 7.319652188423653204e-05
1.522500000000000000e+04 3.414042444840511539e-05
1.523000000000000000e+04 2.670380829458921120e-05
1.523500000000000000e+04 6.357538982820178303e-05
1.524000000000000000e+04 7.667615616473624882e-05
1.524500000000000000e+04 4.163434096143199558e-05
1.525000000000000000e+04 2.262055646324693471e-05
1.525500000000000000e+04 5.664298757510619672e-05
1.526000000000000000e+04 7.934304638935386791e-05
1.526500000000000000e+04 4.719094717621517344e-05
1.527000000000000000e+04 2.212031063594629201e-05
1.527500000000000000e+04 5.032581504897752487e-05
1.528000000000000000e+04 7.899189550974822715e-05
1.528500000000000000e+04 5.555365555108828196e-05
1.529000000000000000e+04 2.228709849165021146e-05
1.529500000000000000e+04 4.212127054794723716e-05
1.530000000000000000e+04 7.844100721650808835e-05
1.530500000000000000e+04 6.150815462810839418e-05
1.531000000000000000e+04 2.434270535011426561e-05
1.531500000000000000e+04 3.680339408455624061e-05
1.532000000000000000e+04 7.465674399895105471e-05
1.532500000000000000e+04 6.846503898448315188e-05
1.533000000000000000e+04 2.883152975737611847e-05
1.533500000000000000e+04 2.947328050566296194e-05
1.534000000000000000e+04 7.054272308506554119e-05
1.534500000000000000e+04 7.353174739268228692e-05
1.535000000000000000e+04 3.309023808945218259e-05
1.535500000000000000e+04 2.622115820673885244e-05
1.536000000000000000e+04 6.455821417487413931e-05
1.536500000000000000e+04 7.731951798570499748e-05
1.537000000000000000e+04 4.069614326226385955e-05
1.537500000000000000e+04 2.186065479501201199e-05
1.538000000000000000e+04 5.749936694664307393e-05
1.538500000000000000e+04 8.015077482059681244e-05
1.539000000000000000e+04 4.644373164683902292e-05
1.539500000000000000e+04 2.122675686909833282e-05
1.540000000000000000e+04 5.093381962715523093e-05
1.540500000000000000e+04 8.000008730317522082e-05
1.541000000000000000e+04 5.505882795356787512e-05
1.541500000000000000e+04 2.119148473040926491e-05
1.542000000000000000e+04 4.250800023481986103e-05
1.542500000000000000e+04 7.953843646782348211e-05
1.543000000000000000e+04 6.123664489137125569e-05
1.543500000000000000e+04 2.323740025086912136e-05
1.544000000000000000e+04 3.690533060610623906e-05
1.544500000000000000e+04 7.579572572202980876e-05
1.545000000000000000e+04 6.852161214449664899e-05
1.545500000000000000e+04 2.765861617668655662e-05
1.546000000000000000e+04 2.929403717337479882e-05
1.546500000000000000e+04 7.167476424723090780e-05
1.547000000000000000e+04 7.380366054057409936e-05
1.547500000000000000e+04 3.201997745278988363e-05
1.548000000000000000e+04 2.579809420352028215e-05
1.548500000000000000e+04 6.557013566160827358e-05
1.549000000000000000e+04 7.790572953945142608e-05
1.549500000000000000e+04 3.972059935618484658e-05
1.550000000000000000e+04 2.115461744590042603e-05
1.550500000000000000e+04 5.839778344245993722e-05
1.551000000000000000e+04 8.090989806941898213e-05
1.551500000000000000e+04 4.565016215714109309e-05
1.552000000000000000e+04 2.037459498142156494e-05
1.552500000000000000e+04 5.159430126055899421e-05
1.553000000000000000e+04 8.097358857625393638e-05
1.553500000000000000e+04 5.450513924418687388e-05
1.554000000000000000e+04 2.012448959009102207e-05
1.554500000000000000e+04 4.295625303425369945e-05
1.555000000000000000e+04 8.061348291451334556e-05
1.555500000000000000e+04 6.090294965213279043e-05
1.556000000000000000e+04 2.214598444860332011e-05
1.556500000000000000e+04 3.707100603122383779e-05
1.557000000000000000e+04 7.693003402987486224e-05
1.557500000000000000e+04 6.851174830582879569e-05
1.558000000000000000e+04 2.648238747834925669e-05
1.558500000000000000e+04 2.918126880220022899e-05
1.559000000000000000e+04 7.281616216802301730e-05
1.559500000000000000e+04 7.401177569870929249e-05
1.560000000000000000e+04 3.093292413967126971e-05
1.560500000000000000e+04 2.543556504175206845e-05
1.561000000000000000e+04 6.660799401189293229e-05
1.561500000000000000e+04 7.843337938583684599e-05
1.562000000000000000e+04 3.871079218271685862e-05
1.562500000000000000e+04 2.050420645339628154e-05
1.563000000000000000e+04 5.933535161627074065e-05
1.563500000000000000e+04 8.161842460855562198e-05
1.564000000000000000e+04 4.481282145390162210e-05
1.564500000000000000e+04 1.956613466173317902e-05
1.565000000000000000e+04 5.230502361965712143e-05
1.565500000000000000e+04 8.190972390732849536e-05
1.566000000000000000e+04 5.389455132626747231e-05
1.566500000000000000e+04 1.908906724760296654e-05
1.567000000000000000e+04 4.346436028433561187e-05
1.567500000000000000e+04 8.166310181211497985e-05
1.568000000000000000e+04 6.050837049996814568e-05
1.568500000000000000e+04 2.107160425262076054e-05
1.569000000000000000e+04 3.729959144405594501e-05
1.569500000000000000e+04 7.805636004861045939e-05
1.570000000000000000e+04 6.843585745032681013e-05
1.570500000000000000e+04 2.530629120896411973e-05
1.571000000000000000e+04 2.913491496629726601e-05
1.571500000000000000e+04 7.396352079924545470e-05
1.572000000000000000e+04 7.415581516713249581e-05
1.572500000000000000e+04 2.983235546817947342e-05
1.573000000000000000e+04 2.513431380475017023e-05
1.573500000000000000e+04 6.766860325574685947e-05
1.574000000000000000e+04 7.890126265311850199e-05
1.574500000000000000e+04 3.766985646398904574e-05
1.575000000000000000e+04 1.991097994604015394e-05
1.575500000000000000e+04 6.030911491670148841e-05
1.576000000000000000e+04 8.227455548663830081e-05
1.576500000000000000e+04 4.393438337165689924e-05
1.577000000000000000e+04 1.880350879414115293e-05
1.577500000000000000e+04 5.306363392572050716e-05
1.578000000000000000e+04 8.280598095039475655e-05
1.578500000000000000e+04 5.322916675345558196e-05
1.579000000000000000e+04 1.808802128276381724e-05
1.579500000000000000e+04 4.403049778599798565e-05
1.580000000000000000e+04 8.268438144695564257e-05
1.580500000000000000e+04 6.005437501903717777e-05
1.581000000000000000e+04 2.001729710871755704e-05
1.581500000000000000e+04 3.759007761474122392e-05
1.582000000000000000e+04 7.917147908256869213e-05
1.582500000000000000e+04 6.829454542074377349e-05
1.583000000000000000e+04 2.413371181884201613e-05
1.583500000000000000e+04 2.915471140282042023e-05
1.584000000000000000e+04 7.511348710600800581e-05
1.584500000000000000e+04 7.423570439531927776e-05
1.585000000000000000e+04 2.872153149730641376e-05
1.585500000000000000e+04 2.489488083595920077e-05
1.586000000000000000e+04 6.874876516003210897e-05
1.586500000000000000e+04 7.930837989833943748e-05
1.587000000000000000e+04 3.660096482777160668e-05
1.587500000000000000e+04 1.937629179764978617e-05
1.588000000000000000e+04 6.131605947836974639e-05
1.588500000000000000e+04 8.287668598719412957e-05
1.589000000000000000e+04 4.301759966181313718e-05
1.589500000000000000e+04 1.808867022010721330e-05
1.590000000000000000e+04 5.386767532266500827e-05
1.590500000000000000e+04 8.366001586204425793e-05
1.591000000000000000e+04 5.251121636811406456e-05
1.591500000000000000e+04 1.712399792585875404e-05
1.592000000000000000e+04 4.465269745664516416e-05
1.592500000000000000e+04 8.367455096808178541e-05
1.593000000000000000e+04 5.954258594138016651e-05
1.593500000000000000e+04 1.898598259879915586e-05
1.594000000000000000e+04 3.794128465884878763e-05
1.594500000000000000e+04 8.027226064818678355e-05
1.595000000000000000e+04 6.808860579055532223e-05
1.595500000000000000e+04 2.296795932020334209e-05
1.596000000000000000e+04 2.924019721428252388e-05
1.596500000000000000e+04 7.626276281344203335e-05
1.597000000000000000e+04 7.425156636695838227e-05
1.597500000000000000e+04 2.760368253981171417e-05
1.598000000000000000e+04 2.471760756617610833e-05
1.598500000000000000e+04 6.984528233017420619e-05
1.599000000000000000e+04 7.965393501532124941e-05
1.599500000000000000e+04 3.550731397605365656e-05
1.600000000000000000e+04 1.890129226895348222e-05
1.600500000000000000e+04 6.235312810543457618e-05
1.601000000000000000e+04 8.342340626825677907e-05
1.601500000000000000e+04 4.206528657915486807e-05
1.602000000000000000e+04 1.742338905168551658e-05
1.602500000000000000e+04 5.471460006324774646e-05
1.603000000000000000e+04 8.446965735160310304e-05
1.603500000000000000e+04 5.174304672030480566e-05
1.604000000000000000e+04 1.619948034381365988e-05
1.604500000000000000e+04 4.532885944617974830e-05
1.605000000000000000e+04 8.463098710822052864e-05
1.605500000000000000e+04 5.897477027717352185e-05
1.606000000000000000e+04 1.798045444678688024e-05
1.606500000000000000e+04 3.835187152867069636e-05
1.607000000000000000e+04 8.135567819485844975e-05
1.607500000000000000e+04 6.781901110117943311e-05
1.608000000000000000e+04 2.181225837756450557e-05
1.608500000000000000e+04 2.939072241027308963e-05
1.609000000000000000e+04 7.740811606862228495e-05
1.609500000000000000e+04 7.420371517800834803e-05
1.610000000000000000e+04 2.648199734751560219e-05
1.610500000000000000e+04 2.460264122557846979e-05
1.611000000000000000e+04 7.095497064508879881e-05
1.611500000000000000e+04 7.993733214131430677e-05
1.612000000000000000e+04 3.439211171399296084e-05
1.612500000000000000e+04 1.848692975317790891e-05
1.613000000000000000e+04 6.341723312295706125e-05
1.613500000000000000e+04 8.391350101906211553e-05
1.614000000000000000e+04 4.108031206686145356e-05
1.614500000000000000e+04 1.680925162447678977e-05
1.615000000000000000e+04 5.560178190943455042e-05
1.615500000000000000e+04 8.523291005853727718e-05
1.616000000000000000e+04 5.092710740836516313e-05
1.616500000000000000e+04 1.531678389991196625e-05
1.617000000000000000e+04 4.605676417568449688e-05
1.617500000000000000e+04 8.555122009397385667e-05
1.618000000000000000e+04 5.835282795032245074e-05
1.618500000000000000e+04 1.700337343983992000e-05
1.619000000000000000e+04 3.882034622903108597e-05
1.619500000000000000e+04 8.241881772716299693e-05
1.620000000000000000e+04 6.748690354807355702e-05
1.620500000000000000e+04 2.066973837743731236e-05
1.621000000000000000e+04 2.960545627421318731e-05
1.621500000000000000e+04 7.854639208813294683e-05
1.622000000000000000e+04 7.409264896190696672e-05
1.622500000000000000e+04 2.535961182842837037e-05
1.623000000000000000e+04 2.454994012746201896e-05
1.623500000000000000e+04 7.207467150595773327e-05
1.624000000000000000e+04 8.015817169153226208e-05
1.624500000000000000e+04 3.325856387663465402e-05
1.625000000000000000e+04 1.813395332415970978e-05
1.625500000000000000e+04 6.450526988202270168e-05
1.626000000000000000e+04 8.434594814685964263e-05
1.626500000000000000e+04 4.006558268011745679e-05
1.627000000000000000e+04 1.624765972125479364e-05
1.627500000000000000e+04 5.652652931040931913e-05
1.628000000000000000e+04 8.594795654152575170e-05
1.628500000000000000e+04 5.006593815518888576e-05
1.629000000000000000e+04 1.447805259637939613e-05
1.629500000000000000e+04 4.683408520881407737e-05
1.630000000000000000e+04 8.643293819365401997e-05
1.630500000000000000e+04 5.767877998971547441e-05
1.631000000000000000e+04 1.605726115384158270e-05
1.631500000000000000e+04 3.934507682946313065e-05
1.632000000000000000e+04 8.345888526786862703e-05
1.632500000000000000e+04 6.709358506896932208e-05
1.633000000000000000e+04 1.954342459606586593e-05
1.633500000000000000e+04 2.988339660712511028e-05
1.634000000000000000e+04 7.967452262425605636e-05
1.634500000000000000e+04 7.391904194317852584e-05
1.635000000000000000e+04 2.423959860171662914e-05
1.635500000000000000e+04 2.455928022865769178e-05
1.636000000000000000e+04 7.320126297259532515e-05
1.636500000000000000e+04 8.031624560016585037e-05
1.637000000000000000e+04 3.210986224639133206e-05
1.637500000000000000e+04 1.784291634975806632e-05
1.638000000000000000e+04 6.561412894323792187e-05
1.638500000000000000e+04 8.471991653960811127e-05
1.639000000000000000e+04 3.902403122055149171e-05
1.639500000000000000e+04 1.573983136273523191e-05
1.640000000000000000e+04 5.748609758722586206e-05
1.640500000000000000e+04 8.661315866647926651e-05
1.641000000000000000e+04 4.916215624604555588e-05
1.641500000000000000e+04 1.368525628758081008e-05
1.642000000000000000e+04 4.765840122802414967e-05
1.642500000000000000e+04 8.727399181707581812e-05
1.643000000000000000e+04 5.695475702739095973e-05
1.643500000000000000e+04 1.514449487557217134e-05
1.644000000000000000e+04 3.992430184744803675e-05
1.644500000000000000e+04 8.447321402360611828e-05
1.645000000000000000e+04 6.664050721163587699e-05
1.645500000000000000e+04 1.843622968910973333e-05
1.646000000000000000e+04 3.022337886198377588e-05
1.646500000000000000e+04 8.078953533060967700e-05
1.647000000000000000e+04 7.368373629242465968e-05
1.647500000000000000e+04 2.312495714456022511e-05
1.648000000000000000e+04 2.463026175474704099e-05
1.648500000000000000e+04 7.433167070613192666e-05
1.649000000000000000e+04 8.041153180512222351e-05
1.649500000000000000e+04 3.094917273142916062e-05
1.650000000000000000e+04 1.761418084830731524e-05
1.650500000000000000e+04 6.674070817291190120e-05
1.651000000000000000e+04 8.503476295661624624e-05
1.651500000000000000e+04 3.795860457634391477e-05
1.652000000000000000e+04 1.528680222818912376e-05
1.652500000000000000e+04 5.847770127859034956e-05
1.653000000000000000e+04 8.722705782749914721e-05
1.653500000000000000e+04 4.821844399251953969e-05
1.654000000000000000e+04 1.294018901263426394e-05
1.654500000000000000e+04 4.852720875507024852e-05
1.655000000000000000e+04 8.807239615458414611e-05
1.655500000000000000e+04 5.618298728719046291e-05
1.656000000000000000e+04 1.426730315806297308e-05
1.656500000000000000e+04 4.055614183813683297e-05
1.657000000000000000e+04 8.545926995122846777e-05
1.657500000000000000e+04 6.612926044683523086e-05
1.658000000000000000e+04 1.735094673249307554e-05
1.658500000000000000e+04 3.062408641260573936e-05
1.659000000000000000e+04 8.188856162370411224e-05
1.659500000000000000e+04 7.338773300936510019e-05
1.660000000000000000e+04 2.201860482047542572e-05
1.660500000000000000e+04 2.476231681479592242e-05
1.661000000000000000e+04 7.546287815213438685e-05
1.661500000000000000e+04 8.044418790509755973e-05
1.662000000000000000e+04 2.977962415444618946e-05
1.662500000000000000e+04 1.744792249820485358e-05
1.663000000000000000e+04 6.788192476764896897e-05
1.663500000000000000e+04 8.529002815886130187e-05
1.664000000000000000e+04 3.687225181030171108e-05
1.664500000000000000e+04 1.488942771260630010e-05
1.665000000000000000e+04 5.949852638155773174e-05
1.665500000000000000e+04 8.778837432175277337e-05
1.666000000000000000e+04 4.723753620289060292e-05
1.666500000000000000e+04 1.224446824212402429e-05
1.667000000000000000e+04 4.943793431275707946e-05
1.667500000000000000e+04 8.882633325099985420e-05
1.668000000000000000e+04 5.536578484410239684e-05
1.668500000000000000e+04 1.342776252914243909e-05
1.669000000000000000e+04 4.123861029773442813e-05
1.669500000000000000e+04 8.641465701500266813e-05
1.670000000000000000e+04 6.556156342157376429e-05
1.670500000000000000e+04 1.629024257381272268e-05
1.671000000000000000e+04 3.108406047242288884e-05
1.671500000000000000e+04 8.296884429730658368e-05
1.672000000000000000e+04 7.303218288821078917e-05
1.672500000000000000e+04 2.092336856114305037e-05
1.673000000000000000e+04 2.495471726009605910e-05
1.673500000000000000e+04 7.659193582341750951e-05
1.674000000000000000e+04 8.041454443474191089e-05
1.674500000000000000e+04 2.860429790358927108e-05
1.675000000000000000e+04 1.734413665531968482e-05
1.675500000000000000e+04 6.903472562627745190e-05
1.676000000000000000e+04 8.548543219129754679e-05
1.676500000000000000e+04 3.576791314380521760e-05
1.677000000000000000e+04 1.454838618783478516e-05
1.677500000000000000e+04 6.054574184535148947e-05
1.678000000000000000e+04 8.829600580920361893e-05
1.678500000000000000e+04 4.622220806302285075e-05
1.679000000000000000e+04 1.159953501076208255e-05
1.679500000000000000e+04 5.038794682452935367e-05
1.680000000000000000e+04 8.953415296580077929e-05
1.680500000000000000e+04 5.450553780461024031e-05
1.681000000000000000e+04 1.262779500293281527e-05
1.681500000000000000e+04 4.196962492092864820e-05
1.682000000000000000e+04 8.733712129909414906e-05
1.682500000000000000e+04 6.493925202811843655e-05
1.683000000000000000e+04 1.525665235367535910e-05
1.683500000000000000e+04 3.160171077973507510e-05
1.684000000000000000e+04 8.402774363938607231e-05
1.684500000000000000e+04 7.261837669644891069e-05
1.685000000000000000e+04 1.984197748950196772e-05
1.685500000000000000e+04 2.520658341874510691e-05
1.686000000000000000e+04 7.771596995815156870e-05
1.686500000000000000e+04 8.032309731314951910e-05
1.687000000000000000e+04 2.742621803222957078e-05
1.687500000000000000e+04 1.730264461762560637e-05
1.688000000000000000e+04 7.019609838233265247e-05
1.688500000000000000e+04 8.562086914551473834e-05
1.689000000000000000e+04 3.464850896150480216e-05
1.689500000000000000e+04 1.426418270717422854e-05
1.690000000000000000e+04 6.161651071543836533e-05
1.690500000000000000e+04 8.874902521703824235e-05
1.691000000000000000e+04 4.517526361080108908e-05
1.691500000000000000e+04 1.100665485728649623e-05
1.692000000000000000e+04 5.137456920548910498e-05
1.692500000000000000e+04 9.019437310648369436e-05
1.693000000000000000e+04 5.360469672045295447e-05
1.693500000000000000e+04 1.186916635473598728e-05
1.694000000000000000e+04 4.274701920519564355e-05
1.694500000000000000e+04 8.822455406789109656e-05
1.695000000000000000e+04 6.426426819911639182e-05
1.695500000000000000e+04 1.425257496466401279e-05
1.696000000000000000e+04 3.217532619413928865e-05
1.696500000000000000e+04 8.506274329593344942e-05
1.697000000000000000e+04 7.214773541026031601e-05
1.697500000000000000e+04 1.877705622843337107e-05
1.698000000000000000e+04 2.551689261799508013e-05
1.698500000000000000e+04 7.883219058605211462e-05
1.699000000000000000e+04 8.017050005405552265e-05
1.699500000000000000e+04 2.624834214497436688e-05
1.700000000000000000e+04 1.732310077374381473e-05
1.700500000000000000e+04 7.136308055127242676e-05
1.701000000000000000e+04 8.569640112798776021e-05
1.701500000000000000e+04 3.351692991840892757e-05
1.702000000000000000e+04 1.403715359880794626e-05
1.702500000000000000e+04 6.270800102612830273e-05
1.703000000000000000e+04 8.914667748287028999e-05
1.703500000000000000e+04 4.409952393012999284e-05
1.704000000000000000e+04 1.046691969412963773e-05
1.704500000000000000e+04 5.239509015951916894e-05
1.705000000000000000e+04 9.080567886868549140e-05
1.705500000000000000e+04 5.266576327449862309e-05
1.706000000000000000e+04 1.115348550165603871e-05
1.706500000000000000e+04 4.356855318688346735e-05
1.707000000000000000e+04 8.907499425706130649e-05
1.707500000000000000e+04 6.353864889221689637e-05
1.708000000000000000e+04 1.328026932084658934e-05
1.708500000000000000e+04 3.280308565831174675e-05
1.709000000000000000e+04 8.607145491593978055e-05
1.709500000000000000e+04 7.162180010464423848e-05
1.710000000000000000e+04 1.773111906325299748e-05
1.710500000000000000e+04 2.588448832387713500e-05
1.711000000000000000e+04 7.993789856314231334e-05
1.711500000000000000e+04 7.995755544052580174e-05
1.712000000000000000e+04 2.507355321748160596e-05
1.712500000000000000e+04 1.740500014676109268e-05
1.713000000000000000e+04 7.253276890353508330e-05
1.713500000000000000e+04 8.571225178875058399e-05
1.714000000000000000e+04 3.237602714285414305e-05
1.714500000000000000e+04 1.386747134093701200e-05
1.715000000000000000e+04 6.381739602993782281e-05
1.715500000000000000e+04 8.948837602708896368e-05
1.716000000000000000e+04 4.299781658543718984e-05
1.716500000000000000e+04 9.981250291280192399e-06
1.717000000000000000e+04 5.344677534998319506e-05
1.717500000000000000e+04 9.136692120612408376e-05
1.718000000000000000e+04 5.169127894144913903e-05
1.718500000000000000e+04 1.048220430950750281e-05
1.719000000000000000e+04 4.443192480784390026e-05
1.719500000000000000e+04 8.988663013910133930e-05
1.720000000000000000e+04 6.276451512729415731e-05
1.720500000000000000e+04 1.234185124376020763e-05
1.721000000000000000e+04 3.348306885673862731e-05
1.721500000000000000e+04 8.705162191962788831e-05
1.722000000000000000e+04 7.104222164582939118e-05
1.722500000000000000e+04 1.670656494284420676e-05
1.723000000000000000e+04 2.630808966934051175e-05
1.723500000000000000e+04 8.103049202163610911e-05
1.724000000000000000e+04 7.968520686503364125e-05
1.724500000000000000e+04 2.390465177917672888e-05
1.725000000000000000e+04 1.754768625043912774e-05
1.725500000000000000e+04 7.370232775320121363e-05
1.726000000000000000e+04 8.566879936477105181e-05
1.726500000000000000e+04 3.122860345516660782e-05
1.727000000000000000e+04 1.375515050921812366e-05
1.727500000000000000e+04 6.494190369570543981e-05
1.728000000000000000e+04 8.977369825205072532e-05
1.728500000000000000e+04 4.187296487344887447e-05
1.729000000000000000e+04 9.550399599939961775e-06
1.729500000000000000e+04 5.452687838207141019e-05
1.730000000000000000e+04 9.187711482626649789e-05
1.730500000000000000e+04 5.068381443330585273e-05
1.731000000000000000e+04 9.856618604992027979e-06
1.731500000000000000e+04 4.533478044602525984e-05
1.732000000000000000e+04 9.065779983743991479e-05
1.732500000000000000e+04 6.194406080906527745e-05
1.733000000000000000e+04 1.143929163218434744e-05
1.733500000000000000e+04 3.421326698441047001e-05
1.734000000000000000e+04 8.800112292946655991e-05
1.734500000000000000e+04 7.041075065360180314e-05
1.735000000000000000e+04 1.570567321477836723e-05
1.735500000000000000e+04 2.678630104124711376e-05
1.736000000000000000e+04 8.210747182817743160e-05
1.736500000000000000e+04 7.935452938504088962e-05
1.737000000000000000e+04 2.274434906458066414e-05
1.737500000000000000e+04 1.775035936155083631e-05
1.738000000000000000e+04 7.486899648307757398e-05
1.738500000000000000e+04 8.556656922816547185e-05
1.739000000000000000e+04 3.007740512302966337e-05
1.739500000000000000e+04 1.370005378700456349e-05
1.740000000000000000e+04 6.607876615521269094e-05
1.740500000000000000e+04 9.000238061186876018e-05
1.741000000000000000e+04 4.072777786324545976e-05
1.741500000000000000e+04 9.174956645528880168e-06
1.742000000000000000e+04 5.563265078167033194e-05
1.742500000000000000e+04 9.233543517016176271e-05
1.743000000000000000e+04 4.964595903046333653e-05
1.743500000000000000e+04 9.277869400354745547e-06
1.744000000000000000e+04 4.627472568201541930e-05
1.744500000000000000e+04 9.138699164696416463e-05
1.745000000000000000e+04 6.107954234160097961e-05
1.745500000000000000e+04 1.057441494799462763e-05
1.746000000000000000e+04 3.499159377904679613e-05
1.746500000000000000e+04 8.891797358486683539e-05
1.747000000000000000e+04 6.972922695881709240e-05
1.747500000000000000e+04 1.473060018852763746e-05
1.748000000000000000e+04 2.731762124962507673e-05
1.748500000000000000e+04 8.316644661841661652e-05
1.749000000000000000e+04 7.896672068768557072e-05
1.749500000000000000e+04 2.159526112866929512e-05
1.750000000000000000e+04 1.801208520161423345e-05
1.750500000000000000e+04 7.603009659697377600e-05
1.751000000000000000e+04 8.540622617401463171e-05
1.751500000000000000e+04 2.892511415305015646e-05
1.752000000000000000e+04 1.370189855358063875e-05
1.752500000000000000e+04 6.722526793323441760e-05
1.753000000000000000e+04 9.017431319848291692e-05
1.753500000000000000e+04 3.956504116728634093e-05
1.754000000000000000e+04 8.855351035995660439e-06
1.754500000000000000e+04 5.676135243504725890e-05
1.755000000000000000e+04 9.274121496344302706e-05
1.755500000000000000e+04 4.858031069556904358e-05
1.756000000000000000e+04 8.746945333486905953e-06
1.756500000000000000e+04 4.724933519959028072e-05
1.757000000000000000e+04 9.207284301687732942e-05
1.757500000000000000e+04 6.017326768058914869e-05
1.758000000000000000e+04 9.748898896379687784e-06
1.758500000000000000e+04 3.581589561531887516e-05
1.759000000000000000e+04 8.980032851170288103e-05
1.759500000000000000e+04 6.899956967261483423e-05
1.760000000000000000e+04 1.378337641885373704e-05
1.760500000000000000e+04 2.790045368863555643e-05
1.761000000000000000e+04 8.420513688803200805e-05
1.761500000000000000e+04 7.852309183674938023e-05
1.762000000000000000e+04 2.045990327400727283e-05
1.762500000000000000e+04 1.833180380176298112e-05
1.763000000000000000e+04 7.718303767915291177e-05
1.763500000000000000e+04 8.518856634504484758e-05
1.764000000000000000e+04 2.777434136767973803e-05
1.764500000000000000e+04 1.376026386560271296e-05
1.765000000000000000e+04 6.837874376068737157e-05
1.765500000000000000e+04 9.028953374368052173e-05
1.766000000000000000e+04 3.838750791397477810e-05
1.766500000000000000e+04 8.591858008050048625e-06
1.767000000000000000e+04 5.791026050703919830e-05
1.767500000000000000e+04 9.309394017917326826e-05
1.768000000000000000e+04 4.748946657246111902e-05
1.768500000000000000e+04 8.264685228408054767e-06
1.769000000000000000e+04 4.825616309889774343e-05
1.769500000000000000e+04 9.271413939861100184e-05
1.770000000000000000e+04 5.922758649050430832e-05
1.770500000000000000e+04 8.964274415099910846e-06
1.771000000000000000e+04 3.668396239630540383e-05
1.771500000000000000e+04 9.064648173480329243e-05
1.772000000000000000e+04 6.822376698056248985e-05
1.772500000000000000e+04 1.286590476543235034e-05
1.773000000000000000e+04 2.853311563000096538e-05
1.773500000000000000e+04 8.522137806394526507e-05
1.774000000000000000e+04 7.802505784089355941e-05
1.774500000000000000e+04 1.934068553504944714e-05
1.775000000000000000e+04 1.870833823646097596e-05
1.775500000000000000e+04 7.832532292677229742e-05
1.776000000000000000e+04 8.491450895250163766e-05
1.776500000000000000e+04 2.662762028575482877e-05
1.777000000000000000e+04 1.387459772509923013e-05
1.777500000000000000e+04 6.953658607463777453e-05
1.778000000000000000e+04 9.034822130269120222e-05
1.778500000000000000e+04 3.719789057984776551e-05
1.779000000000000000e+04 8.384603965995755874e-06
1.779500000000000000e+04 5.907667833109850059e-05
1.780000000000000000e+04 9.339324529797460544e-05
1.780500000000000000e+04 4.637601364991400125e-05
1.781000000000000000e+04 7.831781573493602617e-06
1.781500000000000000e+04 4.929275176004674564e-05
1.782000000000000000e+04 9.330981210130738187e-05
1.782500000000000000e+04 5.824487988618691432e-05
1.783000000000000000e+04 8.221926781655758992e-06
1.783500000000000000e+04 3.759353709527425203e-05
1.784000000000000000e+04 9.145486704782316905e-05
1.784500000000000000e+04 6.740386633164465152e-05
1.785000000000000000e+04 1.197995913786690600e-05
1.785500000000000000e+04 2.921384780296418110e-05
1.786000000000000000e+04 8.621312358449834384e-05
1.786500000000000000e+04 7.747412848821608991e-05
1.787000000000000000e+04 1.823990895916454086e-05
1.787500000000000000e+04 1.914040385770482254e-05
1.788000000000000000e+04 7.945455409066488612e-05
1.788500000000000000e+04 8.458508793475006185e-05
1.789000000000000000e+04 2.548740156534553923e-05
1.789500000000000000e+04 1.404422470120322932e-05
1.790000000000000000e+04 7.069625161025178714e-05
1.790500000000000000e+04 9.035068959287003072e-05
1.791000000000000000e+04 3.599885347103259941e-05
1.791500000000000000e+04 8.233572421999775059e-06
1.792000000000000000e+04 6.025794393443712052e-05
1.792500000000000000e+04 9.363890833101045112e-05
1.793000000000000000e+04 4.524252048058046051e-05
1.793500000000000000e+04 7.448784449938821215e-06
1.794000000000000000e+04 5.035664144041957559e-05
1.794500000000000000e+04 9.385893565329459702e-05
1.795000000000000000e+04 5.722755108397308460e-05
1.795500000000000000e+04 7.523096906921897550e-06
1.796000000000000000e+04 3.854232611848875870e-05
1.796500000000000000e+04 9.222405716383112642e-05
1.797000000000000000e+04 6.654196480215750329e-05
1.797500000000000000e+04 1.112718391270556917e-05
1.798000000000000000e+04 2.994082402401063495e-05
1.798500000000000000e+04 8.717844636320934513e-05
1.799000000000000000e+04 7.687189890618472017e-05
1.799500000000000000e+04 1.715976215234387033e-05
1.800000000000000000e+04 1.962661741501978713e-05
1.800500000000000000e+04 8.056843506921724379e-05
1.801000000000000000e+04 8.420144331907325312e-05
1.801500000000000000e+04 2.435604803804623976e-05
1.802000000000000000e+04 1.426835354735712581e-05
1.802500000000000000e+04 7.185526709959302199e-05
1.803000000000000000e+04 9.029738000144866259e-05
1.803500000000000000e+04 3.479300559686010350e-05
1.804000000000000000e+04 8.138610286218349565e-06
1.804500000000000000e+04 6.145143726190637563e-05
1.805000000000000000e+04 9.383084530208772697e-05
1.805500000000000000e+04 4.409152902813967686e-05
1.806000000000000000e+04 7.116105707482237871e-06
1.806500000000000000e+04 5.144537840279953878e-05
1.807000000000000000e+04 9.436072482782345127e-05
1.807500000000000000e+04 5.617801620810986967e-05
1.808000000000000000e+04 6.868883702156062390e-06
1.808500000000000000e+04 3.952800821085696010e-05
1.809000000000000000e+04 9.295276273374497892e-05
1.809500000000000000e+04 6.564019964581206397e-05
1.810000000000000000e+04 1.030909401608855349e-05
1.810500000000000000e+04 3.071215998275077480e-05
1.811000000000000000e+04 8.811554040128800110e-05
1.811500000000000000e+04 7.622004037906398276e-05
1.812000000000000000e+04 1.610231914431148532e-05
1.812500000000000000e+04 2.016550590559331780e-05
1.813000000000000000e+04 8.166477534029382241e-05
1.813500000000000000e+04 8.376481260846553578e-05
1.814000000000000000e+04 2.323583058957900149e-05
1.814500000000000000e+04 1.454608495948526573e-05
1.815000000000000000e+04 7.301123457885676932e-05
1.815500000000000000e+04 9.018885437851790988e-05
1.816000000000000000e+04 3.358289425660001556e-05
1.816500000000000000e+04 8.099434502793743476e-06
1.817000000000000000e+04 6.265458720369919865e-05
1.817500000000000000e+04 9.396910433417588241e-05
1.818000000000000000e+04 4.292554706008134408e-05
1.818500000000000000e+04 6.834023982218140721e-06
1.819000000000000000e+04 5.255652305537793017e-05
1.819500000000000000e+04 9.481453073716526628e-05
1.820000000000000000e+04 5.509869541897570737e-05
1.820500000000000000e+04 6.260246506129327256e-06
1.821000000000000000e+04 4.054824406526531789e-05
1.821500000000000000e+04 9.363983033933665162e-05
1.822000000000000000e+04 6.470073940399832942e-05
1.822500000000000000e+04 9.527075596512962102e-06
1.823000000000000000e+04 3.152592282809202611e-05
1.823500000000000000e+04 8.902272131784363289e-05
1.824000000000000000e+04 7.552029141446238057e-05
1.824500000000000000e+04 1.506953746360220606e-05
1.825000000000000000e+04 2.075551584219244782e-05
1.825500000000000000e+04 8.274149283371192299e-05
1.826000000000000000e+04 8.327652231387125176e-05
1.826500000000000000e+04 2.212892465330459937e-05
1.827000000000000000e+04 1.487641972024950705e-05
1.827500000000000000e+04 7.416183624742546995e-05
1.828000000000000000e+04 9.002578770342540150e-05
1.828500000000000000e+04 3.237099949536999683e-05
1.829000000000000000e+04 8.115638917620137695e-06
1.829500000000000000e+04 6.386487846907336027e-05
1.830000000000000000e+04 9.405385959457649716e-05
1.830500000000000000e+04 4.174704154167444329e-05
1.831000000000000000e+04 6.602689621007612127e-06
1.831500000000000000e+04 5.368765783172891183e-05
1.832000000000000000e+04 9.521983706028096369e-05
1.832500000000000000e+04 5.399200495899823289e-05
1.833000000000000000e+04 5.698008521966341993e-06
1.833500000000000000e+04 4.160068445900298593e-05
1.834000000000000000e+04 9.428424030093398450e-05
1.834500000000000000e+04 6.372577490492956130e-05
1.835000000000000000e+04 8.782387281581158515e-06
1.835500000000000000e+04 3.238013925220230353e-05
1.836000000000000000e+04 8.989842619083301717e-05
1.836500000000000000e+04 7.477444864445590875e-05
1.837000000000000000e+04 1.406325686892802827e-05
1.837500000000000000e+04 2.139502208611203705e-05
1.838000000000000000e+04 8.379661562165449282e-05
1.838500000000000000e+04 8.273797940490720945e-05
1.839000000000000000e+04 2.103740727950801330e-05
1.839500000000000000e+04 1.525826669245037247e-05
1.840000000000000000e+04 7.530483852487076407e-05
1.840500000000000000e+04 8.980896062444792595e-05
1.841000000000000000e+04 3.115972906891323026e-05
1.841500000000000000e+04 8.186701261086132373e-06
1.842000000000000000e+04 6.507985690930621295e-05
1.842500000000000000e+04 9.408540481009593063e-05
1.843000000000000000e+04 4.055843199795468854e-05
1.843500000000000000e+04 6.422130248662851061e-06
1.844000000000000000e+04 5.483639357226831020e-05
1.844500000000000000e+04 9.557625527060984740e-05
1.845000000000000000e+04 5.286034896731136559e-05
1.845500000000000000e+04 5.182860216121802132e-06
1.846000000000000000e+04 4.268297906739757170e-05
1.846500000000000000e+04 9.488510381115270495e-05
1.847000000000000000e+04 6.271751132963321936e-05
1.847500000000000000e+04 8.076161914132250197e-06
1.848000000000000000e+04 3.327280443112351586e-05
1.848500000000000000e+04 9.074121333995926878e-05
1.849000000000000000e+04 7.398435835381114516e-05
1.849500000000000000e+04 1.308519907398180437e-05
1.850000000000000000e+04 2.208233644278468640e-05
1.850500000000000000e+04 8.482828342658419905e-05
1.851000000000000000e+04 8.215066281132546910e-05
1.851500000000000000e+04 1.996325490643450042e-05
1.852000000000000000e+04 1.569045049755268080e-05
1.852500000000000000e+04 7.643809514346282632e-05
1.853000000000000000e+04 8.953925181091066244e-05
1.853500000000000000e+04 2.995141362579207644e-05
1.854000000000000000e+04 8.311990447022390435e-06
1.854500000000000000e+04 6.629713485789848150e-05
1.855000000000000000e+04 9.406414667541348627e-05
1.855500000000000000e+04 3.936208497467447322e-05
1.856000000000000000e+04 6.292256538713774739e-06
1.856500000000000000e+04 5.600037686107439645e-05
1.857000000000000000e+04 9.588352010548125597e-05
1.857500000000000000e+04 5.170611260122821672e-05
1.858000000000000000e+04 4.715363584450972018e-06
1.858500000000000000e+04 4.379278356202330664e-05
1.859000000000000000e+04 9.544165951185332880e-05
1.859500000000000000e+04 6.167815984120455044e-05
1.860000000000000000e+04 7.409408890622127498e-06
1.860500000000000000e+04 3.420189000929700781e-05
1.861000000000000000e+04 9.154976099785181148e-05
1.861500000000000000e+04 7.315190809322285573e-05
1.862000000000000000e+04 1.213696775300144020e-05
1.862500000000000000e+04 2.281571623587493131e-05
1.863000000000000000e+04 8.583474837188689963e-05
1.863500000000000000e+04 8.151611510375924370e-05
1.864000000000000000e+04 1.890834163772349153e-05
1.864500000000000000e+04 1.617171962177761481e-05
1.865000000000000000e+04 7.755955000919726513e-05
1.865500000000000000e+04 8.921763044360107473e-05
1.866000000000000000e+04 2.874830321098430152e-05
1.866500000000000000e+04 8.490773818040437123e-06
1.867000000000000000e+04 6.751439594883244149e-05
1.867500000000000000e+04 9.399059813184235416e-05
1.868000000000000000e+04 3.816030868809730092e-05
1.868500000000000000e+04 6.212868039349834824e-06
1.869000000000000000e+04 5.717729511923699592e-05
1.869500000000000000e+04 9.614148418776662206e-05
1.870000000000000000e+04 5.053165497665571058e-05
1.870500000000000000e+04 4.295956404618892955e-06
1.871000000000000000e+04 4.492776753973331416e-05
1.871500000000000000e+04 9.595327004014791116e-05
1.872000000000000000e+04 6.060993038394474699e-05
1.872500000000000000e+04 6.783016806735200332e-06
1.873000000000000000e+04 3.516535169150049295e-05
1.873500000000000000e+04 9.232286584099082499e-05
1.874000000000000000e+04 7.227901848063500835e-05
1.874500000000000000e+04 1.122004900556744086e-05
1.875000000000000000e+04 2.359337259928433154e-05
1.875500000000000000e+04 8.681437500555602628e-05
1.876000000000000000e+04 8.083593452282923273e-05
1.876500000000000000e+04 1.787443821637214398e-05
1.877000000000000000e+04 1.670075427661053371e-05
1.877500000000000000e+04 7.866723981251058596e-05
1.878000000000000000e+04 8.884514865062588713e-05
1.878500000000000000e+04 2.755256383229309663e-05
1.879000000000000000e+04 8.722224458695693251e-06
1.879500000000000000e+04 6.872939861199226245e-05
1.880000000000000000e+04 9.386537145484772585e-05
1.880500000000000000e+04 3.695534857124038134e-05
1.881000000000000000e+04 6.183659372921422964e-06
1.881500000000000000e+04 5.836488274139858573e-05
1.882000000000000000e+04 9.635011291022394680e-05
1.882500000000000000e+04 4.933930291552168258e-05
1.883000000000000000e+04 3.924957037984893926e-06
1.883500000000000000e+04 4.608562099322718094e-05
1.884000000000000000e+04 9.641941778969423805e-05
1.884500000000000000e+04 5.951502463573790961e-05
1.885000000000000000e+04 6.197756551816091490e-06
1.885500000000000000e+04 3.616113662751290056e-05
1.886000000000000000e+04 9.305944089837037570e-05
1.886500000000000000e+04 7.136763538341611105e-05
1.887000000000000000e+04 1.033581241385045351e-05
1.887500000000000000e+04 2.441347870272129360e-05
1.888000000000000000e+04 8.776564038911159604e-05
1.888500000000000000e+04 8.011176701160000510e-05
1.889000000000000000e+04 1.686321146924972200e-05
1.889500000000000000e+04 1.727617369024280362e-05
1.890000000000000000e+04 7.975929499953339345e-05
1.890500000000000000e+04 8.842293397754068056e-05
1.891000000000000000e+04 2.636627487785019885e-05
1.891500000000000000e+04 9.005428553759910445e-06
1.892000000000000000e+04 6.993997988046516193e-05
1.892500000000000000e+04 9.368917135887373608e-05
1.893000000000000000e+04 3.574938303459504187e-05
1.893500000000000000e+04 6.204226526546284278e-06
1.894000000000000000e+04 5.956092561108416365e-05
1.894500000000000000e+04 9.650947871265319763e-05
1.895000000000000000e+04 4.813134534607751730e-05
1.895500000000000000e+04 3.602569420004511786e-06
1.896000000000000000e+04 4.726406075380167493e-05
1.896500000000000000e+04 9.683970066803413031e-05
1.897000000000000000e+04 5.839562918662423468e-05
1.897500000000000000e+04 5.654284860084986990e-06
1.898000000000000000e+04 3.718719050716186617e-05
1.898500000000000000e+04 9.375851310912942352e-05
1.899000000000000000e+04 7.041972276481994926e-05
1.899500000000000000e+04 9.485512953197428073e-06
1.900000000000000000e+04 2.527417695027101393e-05
1.900500000000000000e+04 8.868713261228930000e-05
1.901000000000000000e+04 7.934529853011120133e-05
1.901500000000000000e+04 1.587622419505085874e-05
1.902000000000000000e+04 1.789654409877636856e-05
1.902500000000000000e+04 8.083394161236830784e-05
1.903000000000000000e+04 8.795218201483052240e-05
1.903500000000000000e+04 2.519142680982225645e-05
1.904000000000000000e+04 9.339392761137970864e-06
1.904500000000000000e+04 7.114405825692832923e-05
1.905000000000000000e+04 9.346278812115635663e-05
1.905500000000000000e+04 3.454452021716498608e-05
1.906000000000000000e+04 6.274072966872409390e-06
1.906500000000000000e+04 6.076326528515636478e-05
1.907000000000000000e+04 9.661975535641512971e-05
1.907500000000000000e+04 4.691002812540858081e-05
1.908000000000000000e+04 3.328888316172833663e-06
1.908500000000000000e+04 4.846083595440999701e-05
1.909000000000000000e+04 9.721382728736714348e-05
1.909500000000000000e+04 5.725390946480978595e-05
1.910000000000000000e+04 5.153148068520760233e-06
1.910500000000000000e+04 3.824146419165688922e-05
1.911000000000000000e+04 9.441922060595595273e-05
1.911500000000000000e+04 6.943725527248659972e-05
1.912000000000000000e+04 8.670292557201336153e-06
1.912500000000000000e+04 2.617358696104343758e-05
1.913000000000000000e+04 8.957755016405740452e-05
1.913500000000000000e+04 7.853824772529120724e-05
1.914000000000000000e+04 1.491493569736490806e-05
1.914500000000000000e+04 1.856038566836835376e-05
1.915000000000000000e+04 8.188950140935526720e-05
1.915500000000000000e+04 8.743414914911593993e-05
1.916000000000000000e+04 2.402991981864024742e-05
1.916500000000000000e+04 9.723051339193938261e-06
1.917000000000000000e+04 7.233963576344598450e-05
1.917500000000000000e+04 9.318709057342849163e-05
1.918000000000000000e+04 3.334279472812312709e-05
1.918500000000000000e+04 6.392616348361831311e-06
1.919000000000000000e+04 6.196980340687068282e-05
1.919500000000000000e+04 9.668121224636783845e-05
1.920000000000000000e+04 4.567754909170281419e-05
1.920500000000000000e+04 3.103904662665275153e-06
1.921000000000000000e+04 4.967373398942744126e-05
1.921500000000000000e+04 9.754161235805149349e-05
1.922000000000000000e+04 5.609200426132978490e-05
1.922500000000000000e+04 4.694786163653498014e-06
1.923000000000000000e+04 3.932191948178280521e-05
1.923500000000000000e+04 9.504080934185432986e-05
1.924000000000000000e+04 6.842221195059062654e-05
1.924500000000000000e+04 7.891182961111524869e-06
1.925000000000000000e+04 2.710981202283388258e-05
1.925500000000000000e+04 9.043569963605743267e-05
1.926000000000000000e+04 7.769235897304207486e-05
1.926500000000000000e+04 1.398070269655501862e-05
1.927000000000000000e+04 1.926617938606331386e-05
1.927500000000000000e+04 8.292439192854744463e-05
1.928000000000000000e+04 8.687014547001821994e-05
1.928500000000000000e+04 2.288356281756092540e-05
1.929000000000000000e+04 1.015527316937914081e-05
1.929500000000000000e+04 7.352479949307975417e-05
1.930000000000000000e+04 9.286301934278514043e-05
1.930500000000000000e+04 3.214616553163590428e-05
1.931000000000000000e+04 6.559194477480236342e-06
1.931500000000000000e+04 6.317850425962754073e-05
1.932000000000000000e+04 9.669420830106168125e-05
1.932500000000000000e+04 4.443605415363836690e-05
1.933000000000000000e+04 2.927511179117935285e-06
1.933500000000000000e+04 5.090058456801152060e-05
1.934000000000000000e+04 9.782297137840135321e-05
1.934500000000000000e+04 5.491202034820552081e-05
1.935000000000000000e+04 4.279537112253991522e-06
1.935500000000000000e+04 4.042653509752653908e-05
1.936000000000000000e+04 9.562262978001123584e-05
1.936500000000000000e+04 6.737656968286216306e-05
1.937000000000000000e+04 7.149108119357519263e-06
1.937500000000000000e+04 2.808094627459793060e-05
1.938000000000000000e+04 9.126049409611713319e-05
1.938500000000000000e+04 7.680939543348751155e-05
1.939000000000000000e+04 1.307478056043950628e-05
1.939500000000000000e+04 2.001237437418870076e-05
1.940000000000000000e+04 8.393712669714772034e-05
1.940500000000000000e+04 8.626152789110083370e-05
1.941000000000000000e+04 2.175407246598863586e-05
1.941500000000000000e+04 1.063486902037183591e-05
1.942000000000000000e+04 7.469772371727712642e-05
1.942500000000000000e+04 9.249158006734099552e-05
1.943000000000000000e+04 3.095651369078097231e-05
1.943500000000000000e+04 6.773072124595635787e-06
1.944000000000000000e+04 6.438739838133623937e-05
1.944500000000000000e+04 9.665918620659327332e-05
1.945000000000000000e+04 4.318763328853946609e-05
1.945500000000000000e+04 2.799507954046447365e-06
1.946000000000000000e+04 5.213926476486337766e-05
1.946500000000000000e+04 9.805791563286106243e-05
1.947000000000000000e+04 5.371602766196921725e-05
1.947500000000000000e+04 3.907641448889875108e-06
1.948000000000000000e+04 4.155331202889432694e-05
1.948500000000000000e+04 9.616413312021063805e-05
1.949000000000000000e+04 6.630229730473694407e-05
1.949500000000000000e+04 6.444887402590842486e-06
1.950000000000000000e+04 2.908508056620850692e-05
1.950500000000000000e+04 9.205095008315440348e-05
1.951000000000000000e+04 7.589113277001355263e-05
1.951500000000000000e+04 1.219832509307871226e-05
1.952000000000000000e+04 2.079739374915103213e-05
1.952500000000000000e+04 8.492631383412338171e-05
1.953000000000000000e+04 8.560969349497673565e-05
1.953500000000000000e+04 2.064307354662001895e-05
1.954000000000000000e+04 1.116059801888510341e-05
1.954500000000000000e+04 7.585666985481114596e-05
1.955000000000000000e+04 9.207383679990666775e-05
1.955500000000000000e+04 2.977564114519404303e-05
1.956000000000000000e+04 7.033446919505250832e-06
1.956500000000000000e+04 6.559458419379416555e-05
1.957000000000000000e+04 9.657666628308787078e-05
1.957500000000000000e+04 4.193431774035559430e-05
1.958000000000000000e+04 2.719608228376911413e-06
1.958500000000000000e+04 5.338770200805964311e-05
1.959000000000000000e+04 9.824654671946353207e-05
1.959500000000000000e+04 5.250605544080796569e-05
1.960000000000000000e+04 3.579246785056796269e-06
1.960500000000000000e+04 4.270027786918762815e-05
1.961000000000000000e+04 9.666486728582043939e-05
1.961500000000000000e+04 6.520135052042734145e-05
1.962000000000000000e+04 5.779239054175623894e-06
1.962500000000000000e+04 3.012030873178838086e-05
1.963000000000000000e+04 9.280618544946759620e-05
1.963500000000000000e+04 7.493935305516711447e-05
1.964000000000000000e+04 1.135239453786956055e-05
1.964500000000000000e+04 2.161964148566445086e-05
1.965000000000000000e+04 8.589065550446373055e-05
1.965500000000000000e+04 8.491607302439291359e-05
1.966000000000000000e+04 1.955209882272253914e-05
1.966500000000000000e+04 1.173117434336765742e-05
1.967000000000000000e+04 7.699998681266046179e-05
1.967500000000000000e+04 9.161090554834521089e-05
1.968000000000000000e+04 2.860526977617138103e-05
1.968500000000000000e+04 7.339455520770273338e-06
1.969000000000000000e+04 6.679823011144628883e-05
1.969500000000000000e+04 9.644724067933189916e-05
1.970000000000000000e+04 4.067807705205923766e-05
1.970500000000000000e+04 2.687444085107145040e-06
1.971000000000000000e+04 5.464387818876411144e-05
1.971500000000000000e+04 9.838905130531909286e-05
1.972000000000000000e+04 5.128408803512093331e-05
1.972500000000000000e+04 3.294412751487378467e-06
1.973000000000000000e+04 4.386549161793694629e-05
1.973500000000000000e+04 9.712447284259756930e-05
1.974000000000000000e+04 6.407566652803027736e-05
1.974500000000000000e+04 5.152783652751416077e-06
1.975000000000000000e+04 3.118473285287151891e-05
1.975500000000000000e+04 9.352541568305935429e-05
1.976000000000000000e+04 7.395583910243985390e-05
1.976500000000000000e+04 1.053795199794589777e-05
1.977000000000000000e+04 2.247750754237476801e-05
1.977500000000000000e+04 8.682894582611934582e-05
1.978000000000000000e+04 8.418212493001421104e-05
1.978500000000000000e+04 1.848259024726202685e-05
1.979000000000000000e+04 1.234527363020476730e-05
1.979500000000000000e+04 7.812611165055803836e-05
1.980000000000000000e+04 9.110394799344849655e-05
1.980500000000000000e+04 2.744704051132945945e-05
1.981000000000000000e+04 7.690180099217634521e-06
1.981500000000000000e+04 6.799657610587890816e-05
1.982000000000000000e+04 9.627156739973966048e-05
1.982500000000000000e+04 3.942081697636476558e-05
1.983000000000000000e+04 2.702572193751167876e-06
1.983500000000000000e+04 5.590583180776494783e-05
1.984000000000000000e+04 9.848569566877901497e-05
1.984500000000000000e+04 5.005206185569748586e-05
1.985000000000000000e+04 3.053115921583737082e-06
1.985500000000000000e+04 4.504704772460976368e-05
1.986000000000000000e+04 9.754267869212395370e-05
1.986500000000000000e+04 6.292715945082616165e-05
1.987000000000000000e+04 4.566048105713861900e-06
1.987500000000000000e+04 3.227646813592027438e-05
1.988000000000000000e+04 9.420795093607181722e-05
1.988500000000000000e+04 7.294236922695557658e-05
1.989000000000000000e+04 9.755868061559579745e-06
1.989500000000000000e+04 2.336937406064727352e-05
1.990000000000000000e+04 8.774006949790296697e-05
1.990500000000000000e+04 8.340932933969322628e-05
1.991000000000000000e+04 1.743589969846329798e-05
1.991500000000000000e+04 1.300153901949383221e-05
1.992000000000000000e+04 7.923356834016138321e-05
1.992500000000000000e+04 9.055416540068700316e-05
1.993000000000000000e+04 2.630251354071888760e-05
1.993500000000000000e+04 8.084653699928625659e-06
1.994000000000000000e+04 6.918793434882273164e-05
1.994500000000000000e+04 9.605036464235223244e-05
1.995000000000000000e+04 3.816437759896996399e-05
1.995500000000000000e+04 2.764479506396192406e-06
1.996000000000000000e+04 5.717166104499832731e-05
1.996500000000000000e+04 9.853682021384819534e-05
1.997000000000000000e+04 4.881186233142769065e-05
1.997500000000000000e+04 2.855254559790805651e-06
1.998000000000000000e+04 4.624307888762526410e-05
1.998500000000000000e+04 9.791929759887130918e-05
1.999000000000000000e+04 6.175771644028094673e-05
1.999500000000000000e+04 4.019469367028022986e-06
2.000000000000000000e+04 3.339364816611511044e-05
