0.000000000000000000e+00 0.000000000000000000e+00
5.000000000000000000e+00 1.544836642903301931e-06
1.000000000000000000e+01 6.961307253766935504e-06
1.500000000000000000e+01 -8.042576834768478596e-06
2.000000000000000000e+01 -8.530692756170360239e-06
2.500000000000000000e+01 4.572917373442090828e-05
3.000000000000000000e+01 3.418676666456086413e-05
3.500000000000000000e+01 -5.103638205985263103e-05
4.000000000000000000e+01 -3.704602859954802689e-05
4.500000000000000000e+01 5.079779847359627132e-05
5.000000000000000000e+01 4.919648364179038180e-05
5.500000000000000000e+01 -4.406028712408489905e-05
6.000000000000000000e+01 -6.754590481132058551e-05
6.500000000000000000e+01 5.815669274454574500e-05
7.000000000000000000e+01 1.117515710974001050e-04
7.500000000000000000e+01 -4.486834715213520200e-05
8.000000000000000000e+01 -1.199837573099964442e-04
8.500000000000000000e+01 3.627966210943602015e-05
9.000000000000000000e+01 1.282124420711647206e-04
9.500000000000000000e+01 -1.341573816550501671e-05
1.000000000000000000e+02 -1.421216828934292675e-04
1.050000000000000000e+02 -4.155219108366592373e-06
1.100000000000000000e+02 1.809146715022888149e-04
1.150000000000000000e+02 4.392812794786880198e-05
1.200000000000000000e+02 -1.812151124214999307e-04
1.250000000000000000e+02 -6.086642786942918725e-05
1.300000000000000000e+02 1.773813562127669126e-04
1.350000000000000000e+02 9.083255228871977617e-05
1.400000000000000000e+02 -1.689816418185581125e-04
1.450000000000000000e+02 -1.272773937553621591e-04
1.500000000000000000e+02 1.777603455966810528e-04
1.550000000000000000e+02 1.835382353673432269e-04
1.600000000000000000e+02 -1.549459823069777311e-04
1.650000000000000000e+02 -2.012400497574963454e-04
1.700000000000000000e+02 1.357220045286788770e-04
1.750000000000000000e+02 2.236698945561017631e-04
1.800000000000000000e+02 -1.012829643710975829e-04
1.850000000000000000e+02 -2.531893427054679175e-04
1.900000000000000000e+02 7.111664798518616698e-05
1.950000000000000000e+02 3.006278659150042848e-04
2.000000000000000000e+02 -1.908307698338542914e-05
2.050000000000000000e+02 -3.047928896304189384e-04
2.100000000000000000e+02 -1.190429258746429687e-05
2.150000000000000000e+02 3.074105323686653589e-04
2.200000000000000000e+02 6.045412688727162576e-05
2.250000000000000000e+02 -3.067580359797264337e-04
2.300000000000000000e+02 -1.156482378359036285e-04
2.350000000000000000e+02 3.184499290289970696e-04
2.400000000000000000e+02 1.857849725167418152e-04
2.450000000000000000e+02 -2.941894000736935055e-04
2.500000000000000000e+02 -2.173454273757158988e-04
2.550000000000000000e+02 2.725482925808627018e-04
2.600000000000000000e+02 2.596896865371335801e-04
2.650000000000000000e+02 -2.344748935021843006e-04
2.700000000000000000e+02 -3.098992661798748356e-04
2.750000000000000000e+02 1.988599142810209696e-04
2.800000000000000000e+02 3.712743131911687964e-04
2.850000000000000000e+02 -1.404020242215080476e-04
2.900000000000000000e+02 -3.866985590152058057e-04
2.950000000000000000e+02 9.979624486007440058e-05
3.000000000000000000e+02 4.046552825741987617e-04
3.050000000000000000e+02 -3.669428497169126882e-05
3.100000000000000000e+02 -4.202380633214788897e-04
3.150000000000000000e+02 -3.318709875387175815e-05
3.200000000000000000e+02 4.428372908793514373e-04
3.250000000000000000e+02 1.146570731115150214e-04
3.300000000000000000e+02 -4.258184343969120041e-04
3.350000000000000000e+02 -1.600970926422312299e-04
3.400000000000000000e+02 4.112107287395893587e-04
3.450000000000000000e+02 2.234115700095506746e-04
3.500000000000000000e+02 -3.790651732042919905e-04
3.550000000000000000e+02 -2.948513111987228780e-04
3.600000000000000000e+02 3.471133534768950204e-04
3.650000000000000000e+02 3.716196143679759882e-04
3.700000000000000000e+02 -2.905583328762660535e-04
3.750000000000000000e+02 -4.023456277651018620e-04
3.800000000000000000e+02 2.479314363431983984e-04
3.850000000000000000e+02 4.412570438972330373e-04
3.900000000000000000e+02 -1.780575903269382041e-04
3.950000000000000000e+02 -4.784409286575397628e-04
4.000000000000000000e+02 1.013972591495124420e-04
4.050000000000000000e+02 5.175188684978135030e-04
4.100000000000000000e+02 -1.498760171942922915e-05
4.150000000000000000e+02 -5.147609588918747141e-04
4.200000000000000000e+02 -4.012118460814907076e-05
4.250000000000000000e+02 5.155097580130913555e-04
4.300000000000000000e+02 1.206455675562105194e-04
4.350000000000000000e+02 -4.980626683285654119e-04
4.400000000000000000e+02 -2.090132092096820212e-04
4.450000000000000000e+02 4.785574075828248099e-04
4.500000000000000000e+02 2.982079294003119594e-04
4.550000000000000000e+02 -4.325635867312018846e-04
4.600000000000000000e+02 -3.439690621673417085e-04
4.650000000000000000e+02 3.966529277590210255e-04
4.700000000000000000e+02 4.048860939714867056e-04
4.750000000000000000e+02 -3.295561907295831150e-04
4.800000000000000000e+02 -4.644743203719183238e-04
4.850000000000000000e+02 2.560313741119354838e-04
4.900000000000000000e+02 5.215954642856284124e-04
4.950000000000000000e+02 -1.733714275136812662e-04
5.000000000000000000e+02 -5.366348770666609690e-04
5.050000000000000000e+02 1.157985801426255268e-04
5.100000000000000000e+02 5.578787594077704330e-04
5.150000000000000000e+02 -2.561064707124047543e-05
5.200000000000000000e+02 -5.608911454263713512e-04
5.250000000000000000e+02 -7.143611871681781458e-05
5.300000000000000000e+02 5.600524259824633984e-04
5.350000000000000000e+02 1.662466343361704714e-04
5.400000000000000000e+02 -5.313464096439368591e-04
5.450000000000000000e+02 -2.226615116216766935e-04
5.500000000000000000e+02 5.097321610436878706e-04
5.550000000000000000e+02 3.019189645583434940e-04
5.600000000000000000e+02 -4.543268630065315939e-04
5.650000000000000000e+02 -3.798385210876769865e-04
5.700000000000000000e+02 3.935040248082931477e-04
5.750000000000000000e+02 4.519959689056015414e-04
5.800000000000000000e+02 -3.233774475712955813e-04
5.850000000000000000e+02 -4.840059497374574323e-04
5.900000000000000000e+02 2.715347527328568732e-04
5.950000000000000000e+02 5.264588644898729637e-04
6.000000000000000000e+02 -1.810616292223352259e-04
6.050000000000000000e+02 -5.512245784832461208e-04
6.100000000000000000e+02 8.565911519284632439e-05
6.150000000000000000e+02 5.710970718186172534e-04
6.200000000000000000e+02 5.732239597411042541e-06
6.250000000000000000e+02 -5.627047602105447136e-04
6.300000000000000000e+02 -6.558296089510710447e-05
6.350000000000000000e+02 5.598276741654839008e-04
6.400000000000000000e+02 1.558234390835986380e-04
6.450000000000000000e+02 -5.221824627829243365e-04
6.500000000000000000e+02 -2.440142033653071502e-04
6.550000000000000000e+02 4.809945096097879586e-04
6.600000000000000000e+02 3.242494535476346485e-04
6.650000000000000000e+02 -4.300045652754827790e-04
6.700000000000000000e+02 -3.683146737557899944e-04
6.750000000000000000e+02 3.908267845373852400e-04
6.800000000000000000e+02 4.281557016528155435e-04
6.850000000000000000e+02 -3.089066149314910492e-04
6.900000000000000000e+02 -4.711675927556954768e-04
6.950000000000000000e+02 2.251602328524783937e-04
7.000000000000000000e+02 5.090491172355175427e-04
7.050000000000000000e+02 -1.461946312099291227e-04
7.100000000000000000e+02 -5.194846654413426152e-04
7.150000000000000000e+02 9.094352924405132077e-05
7.200000000000000000e+02 5.354842254626291688e-04
7.250000000000000000e+02 1.161691756843860583e-06
7.300000000000000000e+02 -5.173657838272113525e-04
7.350000000000000000e+02 -8.944210575126008630e-05
7.400000000000000000e+02 4.984629741963792458e-04
7.450000000000000000e+02 1.685110439556344473e-04
7.500000000000000000e+02 -4.692824079846964931e-04
7.550000000000000000e+02 -2.169764641406796298e-04
7.600000000000000000e+02 4.465320832957754148e-04
7.650000000000000000e+02 2.868954426247791786e-04
7.700000000000000000e+02 -3.792850482689633551e-04
7.750000000000000000e+02 -3.407084505442660709e-04
7.800000000000000000e+02 3.145817590333938388e-04
7.850000000000000000e+02 3.897788548029377099e-04
7.900000000000000000e+02 -2.547145544737453070e-04
7.950000000000000000e+02 -4.134014599999684359e-04
8.000000000000000000e+02 2.106825476462180198e-04
8.050000000000000000e+02 4.440756532442381005e-04
8.100000000000000000e+02 -1.252585050537686085e-04
8.150000000000000000e+02 -4.426059409497267675e-04
8.200000000000000000e+02 4.681283784247796455e-05
8.250000000000000000e+02 4.437603201816814271e-04
8.300000000000000000e+02 2.185670965316207601e-05
8.350000000000000000e+02 -4.343651415667273410e-04
8.400000000000000000e+02 -6.639722613355007166e-05
8.450000000000000000e+02 4.275534325306159286e-04
8.500000000000000000e+02 1.375222950000412972e-04
8.550000000000000000e+02 -3.769549756154387337e-04
8.600000000000000000e+02 -1.925851448536391747e-04
8.650000000000000000e+02 3.343844733614938442e-04
8.700000000000000000e+02 2.435914367869421518e-04
8.750000000000000000e+02 -2.961966626974667617e-04
8.800000000000000000e+02 -2.720366170733967974e-04
8.850000000000000000e+02 2.667170080352318506e-04
8.900000000000000000e+02 3.099388672672304156e-04
8.950000000000000000e+02 -1.938216863808891099e-04
9.000000000000000000e+02 -3.184346380394119749e-04
9.050000000000000000e+02 1.325740662200905224e-04
9.100000000000000000e+02 3.331554995331525450e-04
9.150000000000000000e+02 -8.118505986183799643e-05
9.200000000000000000e+02 -3.372446423951919441e-04
9.250000000000000000e+02 4.730736488399547483e-05
9.300000000000000000e+02 3.416739736399596375e-04
9.350000000000000000e+02 1.689286988536973369e-05
9.400000000000000000e+02 -3.052303806284841652e-04
9.450000000000000000e+02 -6.388452896887921058e-05
9.500000000000000000e+02 2.829700685960932793e-04
9.550000000000000000e+02 1.074608441618045906e-04
9.600000000000000000e+02 -2.641981821062640355e-04
9.650000000000000000e+02 -1.317815917169197428e-04
9.700000000000000000e+02 2.483029430658585820e-04
9.750000000000000000e+02 1.681716381282700871e-04
9.800000000000000000e+02 -1.897147833919133578e-04
9.850000000000000000e+02 -1.779355437012664868e-04
9.900000000000000000e+02 1.488039360869559740e-04
9.950000000000000000e+02 1.971477580347361384e-04
1.000000000000000000e+03 -1.174435183842925976e-04
1.005000000000000000e+03 -2.056447756379633607e-04
1.010000000000000000e+03 9.751451038853036412e-05
1.015000000000000000e+03 2.135766990133458664e-04
1.020000000000000000e+03 -4.555759197252633435e-05
1.025000000000000000e+03 -1.851648066128947000e-04
1.030000000000000000e+03 1.347061883505830220e-05
1.035000000000000000e+03 1.770762971765149467e-04
1.040000000000000000e+03 1.556074120095039500e-05
1.045000000000000000e+03 -1.710616518558980296e-04
1.050000000000000000e+03 -2.853713466771718151e-05
1.055000000000000000e+03 1.635990714252782659e-04
1.060000000000000000e+03 5.567436588112828770e-05
1.065000000000000000e+03 -1.167539888581284362e-04
1.070000000000000000e+03 -5.827413012627946008e-05
1.075000000000000000e+03 9.448347892424464628e-05
1.080000000000000000e+03 7.263484692003034529e-05
1.085000000000000000e+03 -8.100173961727483412e-05
1.090000000000000000e+03 -7.589742665959747217e-05
1.095000000000000000e+03 7.387023167389183129e-05
1.100000000000000000e+03 7.855091390647965337e-05
1.105000000000000000e+03 -3.536226451717832769e-05
1.110000000000000000e+03 -5.018643242215497185e-05
1.115000000000000000e+03 2.090931525606064262e-05
1.120000000000000000e+03 4.747271376594447667e-05
1.125000000000000000e+03 -9.484138505835472416e-06
1.130000000000000000e+03 -4.470216322232334566e-05
1.135000000000000000e+03 1.145161288480501282e-05
1.140000000000000000e+03 3.757711309523516550e-05
1.145000000000000000e+03 1.722625555219590416e-06
1.150000000000000000e+03 3.556402373751803979e-06
1.155000000000000000e+03 8.821105531752111863e-06
1.160000000000000000e+03 -1.312653809990062372e-05
1.165000000000000000e+03 -6.559859273248930742e-06
1.170000000000000000e+03 1.533196299033766854e-05
1.175000000000000000e+03 1.637184960140154988e-05
1.180000000000000000e+03 -1.508841432915481732e-05
1.185000000000000000e+03 -2.651048333382095631e-05
1.190000000000000000e+03 4.325312209650556159e-05
1.195000000000000000e+03 6.244067064279167176e-05
1.200000000000000000e+03 -4.201910472314218469e-05
1.205000000000000000e+03 -6.894356388668077787e-05
1.210000000000000000e+03 3.761648084761742714e-05
1.215000000000000000e+03 7.858636114644167322e-05
1.220000000000000000e+03 -2.171600237320082149e-05
1.225000000000000000e+03 -9.435520037480851568e-05
1.230000000000000000e+03 2.048188790054268055e-05
1.235000000000000000e+03 1.374956571369232296e-04
1.240000000000000000e+03 5.189292105607706403e-06
1.245000000000000000e+03 -1.429100878841946850e-04
1.250000000000000000e+03 -1.837519219449336886e-05
1.255000000000000000e+03 1.433520858638502561e-04
1.260000000000000000e+03 4.536282447703105072e-05
1.265000000000000000e+03 -1.441310882345813501e-04
1.270000000000000000e+03 -7.252538270981327706e-05
1.275000000000000000e+03 1.684270937848389904e-04
1.280000000000000000e+03 1.211426839245375138e-04
1.285000000000000000e+03 -1.575148126642756459e-04
1.290000000000000000e+03 -1.386307365389266024e-04
1.295000000000000000e+03 1.434800659311724158e-04
1.300000000000000000e+03 1.634579564935453280e-04
1.305000000000000000e+03 -1.190878548688507774e-04
1.310000000000000000e+03 -1.953922533300174881e-04
1.315000000000000000e+03 1.073828115298896846e-04
1.320000000000000000e+03 2.477279516396272839e-04
1.325000000000000000e+03 -6.909864384959398225e-05
1.330000000000000000e+03 -2.578776231541495358e-04
1.335000000000000000e+03 4.181377199810907630e-05
1.340000000000000000e+03 2.667255136337621417e-04
1.345000000000000000e+03 1.693992504886493798e-06
1.350000000000000000e+03 -2.777902018855138758e-04
1.355000000000000000e+03 -4.564112238561165367e-05
1.360000000000000000e+03 3.062309892523502300e-04
1.365000000000000000e+03 1.081134956436433016e-04
1.370000000000000000e+03 -2.940713147349219053e-04
1.375000000000000000e+03 -1.400349566451683904e-04
1.380000000000000000e+03 2.795029002504291569e-04
1.385000000000000000e+03 1.845840220264860292e-04
1.390000000000000000e+03 -2.551680965339603573e-04
1.395000000000000000e+03 -2.367221007930242374e-04
1.400000000000000000e+03 2.402868230609083106e-04
1.405000000000000000e+03 3.028325251879324803e-04
1.410000000000000000e+03 -1.957346268341594549e-04
1.415000000000000000e+03 -3.246654837833515641e-04
1.420000000000000000e+03 1.599936684335950799e-04
1.425000000000000000e+03 3.503348584846185682e-04
1.430000000000000000e+03 -1.052109561874203434e-04
1.435000000000000000e+03 -3.794270223677095703e-04
1.440000000000000000e+03 4.924179145334718724e-05
1.445000000000000000e+03 4.193237019876315270e-04
1.450000000000000000e+03 2.388009817096764726e-05
1.455000000000000000e+03 -4.145359320593979793e-04
1.460000000000000000e+03 -6.915704638273725271e-05
1.465000000000000000e+03 4.092133629629099044e-04
1.470000000000000000e+03 1.331457429295854319e-04
1.475000000000000000e+03 -3.944522121573040374e-04
1.480000000000000000e+03 -2.048699358917502398e-04
1.485000000000000000e+03 3.851433013298547945e-04
1.490000000000000000e+03 2.853270676825801766e-04
1.495000000000000000e+03 -3.428311175778464776e-04
1.500000000000000000e+03 -3.221206217913429818e-04
1.505000000000000000e+03 3.070923578849540057e-04
1.510000000000000000e+03 3.692998192142759673e-04
1.515000000000000000e+03 -2.495498209058488368e-04
1.520000000000000000e+03 -4.205913589895150339e-04
1.525000000000000000e+03 1.897430152754548403e-04
1.530000000000000000e+03 4.764778152229818381e-04
1.535000000000000000e+03 -1.128093653320941497e-04
1.540000000000000000e+03 -4.856290231226480648e-04
1.545000000000000000e+03 5.937854576374050841e-05
1.550000000000000000e+03 4.976387980970576339e-04
1.555000000000000000e+03 1.909225197308686523e-05
1.560000000000000000e+03 -5.005181520496602239e-04
1.565000000000000000e+03 -1.051136808617832212e-04
1.570000000000000000e+03 5.046879455388697229e-04
1.575000000000000000e+03 1.961369952337840773e-04
1.580000000000000000e+03 -4.730562670099327919e-04
1.585000000000000000e+03 -2.467679447857641672e-04
1.590000000000000000e+03 4.464217995182224205e-04
1.595000000000000000e+03 3.153680000883812406e-04
1.600000000000000000e+03 -3.957602767879413001e-04
1.605000000000000000e+03 -3.882798583972055305e-04
1.610000000000000000e+03 3.417439746920461876e-04
1.615000000000000000e+03 4.605435752877207797e-04
1.620000000000000000e+03 -2.697490252942942287e-04
1.625000000000000000e+03 -4.864866630159376203e-04
1.630000000000000000e+03 2.160302142066684655e-04
1.635000000000000000e+03 5.202844549474047080e-04
1.640000000000000000e+03 -1.314103472019846825e-04
1.645000000000000000e+03 -5.453484996804779539e-04
1.650000000000000000e+03 3.990157713167098166e-05
1.655000000000000000e+03 5.679552526749044161e-04
1.660000000000000000e+03 5.437122070069051624e-05
1.665000000000000000e+03 -5.531715817407207875e-04
1.670000000000000000e+03 -1.137535969633249842e-04
1.675000000000000000e+03 5.430746038407905730e-04
1.680000000000000000e+03 1.990421819732227278e-04
1.685000000000000000e+03 -5.076379866838069427e-04
1.690000000000000000e+03 -2.882339443732785146e-04
1.695000000000000000e+03 4.681231702645079814e-04
1.700000000000000000e+03 3.728196458118650139e-04
1.705000000000000000e+03 -4.094773742898128984e-04
1.710000000000000000e+03 -4.140360991125091659e-04
1.715000000000000000e+03 3.638720934260956377e-04
1.720000000000000000e+03 4.694267206012560215e-04
1.725000000000000000e+03 -2.826874684632194414e-04
1.730000000000000000e+03 -5.164960300521663451e-04
1.735000000000000000e+03 1.959908935744403790e-04
1.740000000000000000e+03 5.581744764245040544e-04
1.745000000000000000e+03 -1.075387319655679770e-04
1.750000000000000000e+03 -5.625333899188840079e-04
1.755000000000000000e+03 4.698173570315412179e-05
1.760000000000000000e+03 5.728676090921682113e-04
1.765000000000000000e+03 4.690056021124999682e-05
1.770000000000000000e+03 -5.576209114821691374e-04
1.775000000000000000e+03 -1.434336557907397395e-04
1.780000000000000000e+03 5.382470812270841393e-04
1.785000000000000000e+03 2.327180946184133413e-04
1.790000000000000000e+03 -4.988260954045391519e-04
1.795000000000000000e+03 -2.838226122444009909e-04
1.800000000000000000e+03 4.680231173531811833e-04
1.805000000000000000e+03 3.561116953671770806e-04
1.810000000000000000e+03 -3.987062014699241049e-04
1.815000000000000000e+03 -4.202554631178723058e-04
1.820000000000000000e+03 3.262009593537130753e-04
1.825000000000000000e+03 4.770356783613283755e-04
1.830000000000000000e+03 -2.520984413759323013e-04
1.835000000000000000e+03 -4.983806977211392014e-04
1.840000000000000000e+03 1.983204075615696831e-04
1.845000000000000000e+03 5.285439118169642974e-04
1.850000000000000000e+03 -1.052067222343230289e-04
1.855000000000000000e+03 -5.338594549158338703e-04
1.860000000000000000e+03 1.182177289429916375e-05
1.865000000000000000e+03 5.357895932545042811e-04
1.870000000000000000e+03 7.281014303212832595e-05
1.875000000000000000e+03 -5.173760690055032984e-04
1.880000000000000000e+03 -1.260725289945929979e-04
1.885000000000000000e+03 5.045593442936078567e-04
1.890000000000000000e+03 2.073470701644977254e-04
1.895000000000000000e+03 -4.523264330102501796e-04
1.900000000000000000e+03 -2.800282800712327355e-04
1.905000000000000000e+03 4.002752135986643216e-04
1.910000000000000000e+03 3.442402981462070475e-04
1.915000000000000000e+03 -3.463012146599280471e-04
1.920000000000000000e+03 -3.765521800736302649e-04
1.925000000000000000e+03 3.054264774286933942e-04
1.930000000000000000e+03 4.216487563615831189e-04
1.935000000000000000e+03 -2.213466985064852421e-04
1.940000000000000000e+03 -4.432580946908234640e-04
1.945000000000000000e+03 1.407249582547879141e-04
1.950000000000000000e+03 4.628850672888455676e-04
1.955000000000000000e+03 -6.948315007663873706e-05
1.960000000000000000e+03 -4.626559157478376616e-04
1.965000000000000000e+03 2.200031020712944649e-05
1.970000000000000000e+03 4.666310275452692459e-04
1.975000000000000000e+03 5.920164673548293478e-05
1.980000000000000000e+03 -4.322788220003975692e-04
1.985000000000000000e+03 -1.303031690720286644e-04
1.990000000000000000e+03 4.023910365860608311e-04
1.995000000000000000e+03 1.924535489986299044e-04
2.000000000000000000e+03 -3.700290208395847955e-04
2.005000000000000000e+03 -2.274479191958298093e-04
2.010000000000000000e+03 3.446267280440931690e-04
2.015000000000000000e+03 2.795978323593712334e-04
2.020000000000000000e+03 -2.747279638432709842e-04
2.025000000000000000e+03 -3.097059485109510059e-04
2.030000000000000000e+03 2.134011747421497851e-04
2.035000000000000000e+03 3.395579660233346100e-04
2.040000000000000000e+03 -1.614340545323600319e-04
2.045000000000000000e+03 -3.507507374550662932e-04
2.050000000000000000e+03 1.256746836333694402e-04
2.055000000000000000e+03 3.662228505688158785e-04
2.060000000000000000e+03 -5.242640144433942959e-05
2.065000000000000000e+03 -3.460779808075697375e-04
2.070000000000000000e+03 -7.798769696441198242e-06
2.075000000000000000e+03 3.351931885583157855e-04
2.080000000000000000e+03 5.894815285081303290e-05
2.085000000000000000e+03 -3.211549691599607619e-04
2.090000000000000000e+03 -8.827027593162640464e-05
2.095000000000000000e+03 3.094452855838611817e-04
2.100000000000000000e+03 1.386829427562506409e-04
2.105000000000000000e+03 -2.545934717640307879e-04
2.110000000000000000e+03 -1.679510531239082995e-04
2.115000000000000000e+03 2.145623322851713123e-04
2.120000000000000000e+03 1.985773274019005596e-04
2.125000000000000000e+03 -1.833441140950964061e-04
2.130000000000000000e+03 -2.121672861158837014e-04
2.135000000000000000e+03 1.615664302026591182e-04
2.140000000000000000e+03 2.311061500648215372e-04
2.145000000000000000e+03 -1.010127359884905446e-04
2.150000000000000000e+03 -2.181190057841347169e-04
2.155000000000000000e+03 5.795794026585058645e-05
2.160000000000000000e+03 2.190952402782336860e-04
2.165000000000000000e+03 -2.392503559204802845e-05
2.170000000000000000e+03 -2.160397146812880907e-04
2.175000000000000000e+03 6.468120320215192083e-06
2.180000000000000000e+03 2.122534982641459281e-04
2.185000000000000000e+03 3.479834739748137484e-05
2.190000000000000000e+03 -1.690119477393501864e-04
2.195000000000000000e+03 -5.469075730158331339e-05
2.200000000000000000e+03 1.474172680474532130e-04
2.205000000000000000e+03 7.705152215819660914e-05
2.210000000000000000e+03 -1.335403286864958255e-04
2.215000000000000000e+03 -8.401680952082650152e-05
2.220000000000000000e+03 1.235785284623630912e-04
2.225000000000000000e+03 9.775775610507436329e-05
2.230000000000000000e+03 -7.622237769725376559e-05
2.235000000000000000e+03 -8.344447913443545149e-05
2.240000000000000000e+03 5.220552174276233521e-05
2.245000000000000000e+03 8.702952779400512518e-05
2.250000000000000000e+03 -3.700062271282488608e-05
2.255000000000000000e+03 -8.529902100093494325e-05
2.260000000000000000e+03 3.374287423326176126e-05
2.265000000000000000e+03 8.111352189608564097e-05
2.270000000000000000e+03 -5.743066010140527279e-06
2.275000000000000000e+03 -4.284615221981446733e-05
2.280000000000000000e+03 8.371603924039881350e-07
2.285000000000000000e+03 3.284059709470372188e-05
2.290000000000000000e+03 6.913076090991154986e-06
2.295000000000000000e+03 -2.875114555297428521e-05
2.300000000000000000e+03 -5.203022624521424485e-07
2.305000000000000000e+03 2.444192425237548549e-05
2.310000000000000000e+03 2.050193220464769358e-06
2.315000000000000000e+03 1.341257570788419841e-05
2.320000000000000000e+03 2.122046396728857629e-05
2.325000000000000000e+03 -2.126293641041305128e-05
2.330000000000000000e+03 -2.401276643243249002e-05
2.335000000000000000e+03 2.082076872293786836e-05
2.340000000000000000e+03 3.406902645547171284e-05
2.345000000000000000e+03 -1.212270978905510186e-05
2.350000000000000000e+03 -4.738107343940137602e-05
2.355000000000000000e+03 2.704786266253524110e-05
2.360000000000000000e+03 8.858305146655981650e-05
2.365000000000000000e+03 -1.564568591750847094e-05
2.370000000000000000e+03 -9.598787376229933122e-05
2.375000000000000000e+03 6.730728943977401750e-06
2.380000000000000000e+03 1.002294891239845931e-04
2.385000000000000000e+03 1.573499995718941760e-05
2.390000000000000000e+03 -1.075450232812660627e-04
2.395000000000000000e+03 -2.990934060837890495e-05
2.400000000000000000e+03 1.426436089704407478e-04
2.405000000000000000e+03 6.686868119360641597e-05
2.410000000000000000e+03 -1.410641375232968308e-04
2.415000000000000000e+03 -8.248685894595118590e-05
2.420000000000000000e+03 1.323257847827283360e-04
2.425000000000000000e+03 1.081766300117840773e-04
2.430000000000000000e+03 -1.180294578898082139e-04
2.435000000000000000e+03 -1.374422601993371908e-04
2.440000000000000000e+03 1.242651626126521614e-04
2.445000000000000000e+03 1.885146404044137753e-04
2.450000000000000000e+03 -9.978533116370096165e-05
2.455000000000000000e+03 -2.021041203301582876e-04
2.460000000000000000e+03 7.694890230414171812e-05
2.465000000000000000e+03 2.164741641586553661e-04
2.470000000000000000e+03 -4.044468308775351733e-05
2.475000000000000000e+03 -2.357467953924363517e-04
2.480000000000000000e+03 1.155255473412985826e-05
2.485000000000000000e+03 2.759359699454021469e-04
2.490000000000000000e+03 3.964255731959671311e-05
2.495000000000000000e+03 -2.736979339452553801e-04
2.500000000000000000e+03 -7.040929352737057795e-05
2.505000000000000000e+03 2.664365668777822320e-04
2.510000000000000000e+03 1.149278334185467463e-04
2.515000000000000000e+03 -2.554668527180867167e-04
2.520000000000000000e+03 -1.632178528702120683e-04
2.525000000000000000e+03 2.603686211814568293e-04
2.530000000000000000e+03 2.281395952327836137e-04
2.535000000000000000e+03 -2.296887678458069300e-04
2.540000000000000000e+03 -2.542620928717461001e-04
2.545000000000000000e+03 1.997770810402820104e-04
2.550000000000000000e+03 2.864127746821069779e-04
2.555000000000000000e+03 -1.555506379773274742e-04
2.560000000000000000e+03 -3.245456197032144476e-04
2.565000000000000000e+03 1.172081105993022927e-04
2.570000000000000000e+03 3.765324147904672790e-04
2.575000000000000000e+03 -5.560219896138035773e-05
2.580000000000000000e+03 -3.821335984181974772e-04
2.585000000000000000e+03 1.200072970362555247e-05
2.590000000000000000e+03 3.862088898077148413e-04
2.595000000000000000e+03 4.967094445406337460e-05
2.600000000000000000e+03 -3.878105767746768901e-04
2.605000000000000000e+03 -1.153799278921821650e-04
2.610000000000000000e+03 3.996984056998639291e-04
2.615000000000000000e+03 1.939669303216198229e-04
2.620000000000000000e+03 -3.715074143913901046e-04
2.625000000000000000e+03 -2.349822737904207898e-04
2.630000000000000000e+03 3.437571517384139163e-04
2.635000000000000000e+03 2.884503967930199275e-04
2.640000000000000000e+03 -3.008444933315990773e-04
2.645000000000000000e+03 -3.484311574072872491e-04
2.650000000000000000e+03 2.612944623392897598e-04
2.655000000000000000e+03 4.158318924090840998e-04
2.660000000000000000e+03 -1.965116541727682719e-04
2.665000000000000000e+03 -4.353149381596546847e-04
2.670000000000000000e+03 1.463476920717696975e-04
2.675000000000000000e+03 4.583265065725551190e-04
2.680000000000000000e+03 -7.361923994893194067e-05
2.685000000000000000e+03 -4.796891137331346124e-04
2.690000000000000000e+03 -3.484515757013249432e-06
2.695000000000000000e+03 5.055745938567425980e-04
2.700000000000000000e+03 9.128346804671206476e-05
2.705000000000000000e+03 -4.880883303878992422e-04
2.710000000000000000e+03 -1.450797876460810864e-04
2.715000000000000000e+03 4.718352105552693306e-04
2.720000000000000000e+03 2.185084384780691636e-04
2.725000000000000000e+03 -4.397244382831484418e-04
2.730000000000000000e+03 -2.984992046275718072e-04
2.735000000000000000e+03 4.081051368093416569e-04
2.740000000000000000e+03 3.806880293791643690e-04
2.745000000000000000e+03 -3.489205263336429158e-04
2.750000000000000000e+03 -4.161498803723422363e-04
2.755000000000000000e+03 3.007487765144961915e-04
2.760000000000000000e+03 4.616584061559081040e-04
2.765000000000000000e+03 -2.259293267058073572e-04
2.770000000000000000e+03 -5.060241786962587371e-04
2.775000000000000000e+03 1.465000130846270878e-04
2.780000000000000000e+03 5.496538773720966234e-04
2.785000000000000000e+03 -5.717563185246580984e-05
2.790000000000000000e+03 -5.484843105111252915e-04
2.795000000000000000e+03 -3.505986705470719424e-06
2.800000000000000000e+03 5.508664045362277658e-04
2.805000000000000000e+03 9.107460606160484873e-05
2.810000000000000000e+03 -5.371019848460783933e-04
2.815000000000000000e+03 -1.846956145187760273e-04
2.820000000000000000e+03 5.211164697464594660e-04
2.825000000000000000e+03 2.767661364769311689e-04
2.830000000000000000e+03 -4.755625480288617232e-04
2.835000000000000000e+03 -3.259338312085528181e-04
2.840000000000000000e+03 4.379834756180700180e-04
2.845000000000000000e+03 3.926898005543994581e-04
2.850000000000000000e+03 -3.706473104608929326e-04
2.855000000000000000e+03 -4.584302778824663458e-04
2.860000000000000000e+03 2.988592271228095523e-04
2.865000000000000000e+03 5.191540438712914434e-04
2.870000000000000000e+03 -2.170085882829633924e-04
2.875000000000000000e+03 -5.358889382075671809e-04
2.880000000000000000e+03 1.574586313386976794e-04
2.885000000000000000e+03 5.601179836914879162e-04
2.890000000000000000e+03 -6.450585358881980502e-05
2.895000000000000000e+03 -5.683889026598969900e-04
2.900000000000000000e+03 -3.323314673689194311e-05
2.905000000000000000e+03 5.723132898088642648e-04
2.910000000000000000e+03 1.271037798397054179e-04
2.915000000000000000e+03 -5.455823156453563916e-04
2.920000000000000000e+03 -1.840680326976771263e-04
2.925000000000000000e+03 5.250140365373097157e-04
2.930000000000000000e+03 2.664388866170468964e-04
2.935000000000000000e+03 -4.729527619171432630e-04
2.940000000000000000e+03 -3.473333484179577505e-04
2.945000000000000000e+03 4.172808573662105413e-04
2.950000000000000000e+03 4.201047305187773345e-04
2.955000000000000000e+03 -3.509076330664080722e-04
2.960000000000000000e+03 -4.519623453704825727e-04
2.965000000000000000e+03 3.004305289518218185e-04
2.970000000000000000e+03 4.965951683191251968e-04
2.975000000000000000e+03 -2.115506593566196427e-04
2.980000000000000000e+03 -5.257919460680424368e-04
2.985000000000000000e+03 1.201524137714169479e-04
2.990000000000000000e+03 5.493304507486973737e-04
2.995000000000000000e+03 -3.375823483819874373e-05
3.000000000000000000e+03 -5.424150642830190966e-04
3.005000000000000000e+03 -2.314213936066413519e-05
3.010000000000000000e+03 5.414407508988082138e-04
3.015000000000000000e+03 1.126241095811406410e-04
3.020000000000000000e+03 -5.087520390429714490e-04
3.025000000000000000e+03 -1.992675189996160853e-04
3.030000000000000000e+03 4.741423046133557946e-04
3.035000000000000000e+03 2.757980757796921504e-04
3.040000000000000000e+03 -4.281639572715840092e-04
3.045000000000000000e+03 -3.164352332260959898e-04
3.050000000000000000e+03 3.924603763531119981e-04
3.055000000000000000e+03 3.758283550317570660e-04
3.060000000000000000e+03 -3.154501428850317113e-04
3.065000000000000000e+03 -4.202989526069250844e-04
3.070000000000000000e+03 2.393729133854975645e-04
3.075000000000000000e+03 4.585906847709553648e-04
3.080000000000000000e+03 -1.685777910969843299e-04
3.085000000000000000e+03 -4.680170370025916798e-04
3.090000000000000000e+03 1.193609549033284429e-04
3.095000000000000000e+03 4.847294504540443317e-04
3.100000000000000000e+03 -3.194087699893219113e-05
3.105000000000000000e+03 -4.708673285726892692e-04
3.110000000000000000e+03 -5.004679155958606756e-05
3.115000000000000000e+03 4.575619479705896595e-04
3.120000000000000000e+03 1.208358512233305150e-04
3.125000000000000000e+03 -4.324866804351607907e-04
3.130000000000000000e+03 -1.620910402543126094e-04
3.135000000000000000e+03 4.134432519113139036e-04
3.140000000000000000e+03 2.279182934112952556e-04
3.145000000000000000e+03 -3.525562826466998451e-04
3.150000000000000000e+03 -2.788479835655623107e-04
3.155000000000000000e+03 2.972345368662725282e-04
3.160000000000000000e+03 3.236408995278352869e-04
3.165000000000000000e+03 -2.468992306151753620e-04
3.170000000000000000e+03 -3.423609172117769023e-04
3.175000000000000000e+03 2.106151910782386692e-04
3.180000000000000000e+03 3.708757556680240342e-04
3.185000000000000000e+03 -1.327825097047958570e-04
3.190000000000000000e+03 -3.708885464187060624e-04
3.195000000000000000e+03 6.443263634530825687e-05
3.200000000000000000e+03 3.744159394097307356e-04
3.205000000000000000e+03 -7.707374092291868637e-06
3.210000000000000000e+03 -3.661341298635524218e-04
3.215000000000000000e+03 -2.641144523175998374e-05
3.220000000000000000e+03 3.612534013340068994e-04
3.225000000000000000e+03 8.984600903721764987e-05
3.230000000000000000e+03 -3.162711254071663898e-04
3.235000000000000000e+03 -1.374072227200146120e-04
3.240000000000000000e+03 2.823945563493228872e-04
3.245000000000000000e+03 1.791138423559461492e-04
3.250000000000000000e+03 -2.528017841027110717e-04
3.255000000000000000e+03 -1.983257818503716995e-04
3.260000000000000000e+03 2.308145700284388961e-04
3.265000000000000000e+03 2.303342107505640076e-04
3.270000000000000000e+03 -1.666171297607327382e-04
3.275000000000000000e+03 -2.362112765745611918e-04
3.280000000000000000e+03 1.174011275928520516e-04
3.285000000000000000e+03 2.485533805808480220e-04
3.290000000000000000e+03 -7.974657820415334422e-05
3.295000000000000000e+03 -2.493006135953269344e-04
3.300000000000000000e+03 5.797717123397773230e-05
3.305000000000000000e+03 2.522925874719053672e-04
3.310000000000000000e+03 -3.990457632773053724e-06
3.315000000000000000e+03 -2.187679188144919123e-04
3.320000000000000000e+03 -3.174344487491313028e-05
3.325000000000000000e+03 2.022513091340474335e-04
3.330000000000000000e+03 6.185829439762641072e-05
3.335000000000000000e+03 -1.889239836781128623e-04
3.340000000000000000e+03 -7.329272161882055461e-05
3.345000000000000000e+03 1.782167072694583346e-04
3.350000000000000000e+03 1.002475003805812124e-04
3.355000000000000000e+03 -1.273462368358062801e-04
3.360000000000000000e+03 -1.030204193712795646e-04
3.365000000000000000e+03 9.807764222501159110e-05
3.370000000000000000e+03 1.146671980255994634e-04
3.375000000000000000e+03 -7.985375538759937773e-05
3.380000000000000000e+03 -1.149176444379212644e-04
3.385000000000000000e+03 7.161430980908887415e-05
3.390000000000000000e+03 1.173110409069824070e-04
3.395000000000000000e+03 -3.059176596110027048e-05
3.400000000000000000e+03 -8.790042921687313900e-05
3.405000000000000000e+03 1.175438020875361014e-05
3.410000000000000000e+03 8.103160039469738227e-05
3.415000000000000000e+03 1.506286142970713950e-06
3.420000000000000000e+03 -7.573608876301583933e-05
3.425000000000000000e+03 4.019564629645015522e-07
3.430000000000000000e+03 6.957975990498451086e-05
3.435000000000000000e+03 1.495763962483881282e-05
3.440000000000000000e+03 -2.765497857923852938e-05
3.445000000000000000e+03 -7.019352182362373029e-06
3.450000000000000000e+03 1.443151507778203606e-05
3.455000000000000000e+03 9.388029150420688037e-06
3.460000000000000000e+03 -1.116627961551848283e-05
3.465000000000000000e+03 -2.056539191886996380e-07
3.470000000000000000e+03 1.315361256430912974e-05
3.475000000000000000e+03 -6.435900201620992742e-06
3.480000000000000000e+03 1.573354773290788140e-05
3.485000000000000000e+03 3.990908500898577893e-05
3.490000000000000000e+03 -1.715282789295361539e-05
3.495000000000000000e+03 -4.643580576999372235e-05
3.500000000000000000e+03 1.289278063671556930e-05
3.505000000000000000e+03 5.375006347834918301e-05
3.510000000000000000e+03 3.715058350215218067e-06
3.515000000000000000e+03 -6.411764420103196506e-05
3.520000000000000000e+03 -2.775933792514124588e-06
3.525000000000000000e+03 1.041998042886744348e-04
3.530000000000000000e+03 2.572024092476874640e-05
3.535000000000000000e+03 -1.088614497235905210e-04
3.540000000000000000e+03 -3.812004879380725920e-05
3.545000000000000000e+03 1.054642090699661516e-04
3.550000000000000000e+03 6.285797136751799478e-05
3.555000000000000000e+03 -1.003110901459343054e-04
3.560000000000000000e+03 -8.469525101795541931e-05
3.565000000000000000e+03 1.218844468718966514e-04
3.570000000000000000e+03 1.289812259848569301e-04
3.575000000000000000e+03 -1.099178619322110955e-04
3.580000000000000000e+03 -1.436690428397234640e-04
3.585000000000000000e+03 9.227183717262045027e-05
3.590000000000000000e+03 1.624726032740175861e-04
3.595000000000000000e+03 -6.425733064996750753e-05
3.600000000000000000e+03 -1.855834247754682329e-04
3.605000000000000000e+03 5.239714759320533043e-05
3.610000000000000000e+03 2.315912819266096744e-04
3.615000000000000000e+03 -1.455318696000176350e-05
3.620000000000000000e+03 -2.367479123771696259e-04
3.625000000000000000e+03 -1.365151991618404957e-05
3.630000000000000000e+03 2.368603365773076970e-04
3.635000000000000000e+03 5.571629884928410505e-05
3.640000000000000000e+03 -2.376233689284038431e-04
3.645000000000000000e+03 -9.495941485742065695e-05
3.650000000000000000e+03 2.592911805074934821e-04
3.655000000000000000e+03 1.535066045678497792e-04
3.660000000000000000e+03 -2.413812137609718802e-04
3.665000000000000000e+03 -1.819142885616817178e-04
3.670000000000000000e+03 2.182993263901441920e-04
3.675000000000000000e+03 2.188337805317524956e-04
3.680000000000000000e+03 -1.860693287148242915e-04
3.685000000000000000e+03 -2.607287149736452312e-04
3.690000000000000000e+03 1.670418295455647155e-04
3.695000000000000000e+03 3.188701630836323882e-04
3.700000000000000000e+03 -1.187536556408018017e-04
3.705000000000000000e+03 -3.327947469262505851e-04
3.710000000000000000e+03 7.838397798922966452e-05
3.715000000000000000e+03 3.460585210723329049e-04
3.720000000000000000e+03 -2.203162083620126846e-05
3.725000000000000000e+03 -3.615282448028441864e-04
3.730000000000000000e+03 -3.220729031763078064e-05
3.735000000000000000e+03 3.911968638886011845e-04
3.740000000000000000e+03 1.041559627870290109e-04
3.745000000000000000e+03 -3.762030905815683178e-04
3.750000000000000000e+03 -1.475540415257827213e-04
3.755000000000000000e+03 3.575282345541962929e-04
3.760000000000000000e+03 2.048011105651759178e-04
3.765000000000000000e+03 -3.304014158300649039e-04
3.770000000000000000e+03 -2.673627364371848267e-04
3.775000000000000000e+03 3.123648309173410968e-04
3.780000000000000000e+03 3.404674702146123690e-04
3.785000000000000000e+03 -2.612561362410050977e-04
3.790000000000000000e+03 -3.685542077372400030e-04
3.795000000000000000e+03 2.160807040424405083e-04
3.800000000000000000e+03 4.018076350266698766e-04
3.805000000000000000e+03 -1.525428868292036367e-04
3.810000000000000000e+03 -4.381891722295675915e-04
3.815000000000000000e+03 8.982687203705785634e-05
3.820000000000000000e+03 4.820330497518518736e-04
3.825000000000000000e+03 -9.514705805221033592e-06
3.830000000000000000e+03 -4.779130615293958394e-04
3.835000000000000000e+03 -4.563917372148823900e-05
3.840000000000000000e+03 4.730036328336741330e-04
3.845000000000000000e+03 1.205257927983175434e-04
3.850000000000000000e+03 -4.600793819416563730e-04
3.855000000000000000e+03 -2.008410848122093900e-04
3.860000000000000000e+03 4.515668948026040075e-04
3.865000000000000000e+03 2.874277126179373000e-04
3.870000000000000000e+03 -4.064274501599301689e-04
3.875000000000000000e+03 -3.308959308058310620e-04
3.880000000000000000e+03 3.656445342831072696e-04
3.885000000000000000e+03 3.865936974071978722e-04
3.890000000000000000e+03 -3.043105694812143201e-04
3.895000000000000000e+03 -4.458248257842977597e-04
3.900000000000000000e+03 2.421808794362585596e-04
3.905000000000000000e+03 5.064918232644346780e-04
3.910000000000000000e+03 -1.614794435596263286e-04
3.915000000000000000e+03 -5.182642559724647381e-04
3.920000000000000000e+03 1.013648706057346808e-04
3.925000000000000000e+03 5.337517310609922938e-04
3.930000000000000000e+03 -1.569904005683855626e-05
3.935000000000000000e+03 -5.415864080489386475e-04
3.940000000000000000e+03 -7.522186731123498753e-05
3.945000000000000000e+03 5.492366028766101091e-04
3.950000000000000000e+03 1.697059664984522636e-04
3.955000000000000000e+03 -5.177256807766776733e-04
3.960000000000000000e+03 -2.254219008141400871e-04
3.965000000000000000e+03 4.900495738819885851e-04
3.970000000000000000e+03 3.011389456946451004e-04
3.975000000000000000e+03 -4.402401842773935288e-04
3.980000000000000000e+03 -3.802546684752431045e-04
3.985000000000000000e+03 3.880812327262937213e-04
3.990000000000000000e+03 4.559787454520179348e-04
3.995000000000000000e+03 -3.158640672523630854e-04
4.000000000000000000e+03 -4.844960293122559146e-04
4.005000000000000000e+03 2.592988418229806645e-04
4.010000000000000000e+03 5.227326363102976743e-04
4.015000000000000000e+03 -1.721285951841523051e-04
4.020000000000000000e+03 -5.536346674616769714e-04
4.025000000000000000e+03 8.036419323678721299e-05
4.030000000000000000e+03 5.803827699428586563e-04
4.035000000000000000e+03 1.364323233311792007e-05
4.040000000000000000e+03 -5.670433885172510707e-04
4.045000000000000000e+03 -7.508438676353533005e-05
4.050000000000000000e+03 5.585248238158691675e-04
4.055000000000000000e+03 1.642263075491416267e-04
4.060000000000000000e+03 -5.271570683830620113e-04
4.065000000000000000e+03 -2.559334038107055403e-04
4.070000000000000000e+03 4.923475037477123475e-04
4.075000000000000000e+03 3.408021523777017320e-04
4.080000000000000000e+03 -4.360881980089815558e-04
4.085000000000000000e+03 -3.826405463734794551e-04
4.090000000000000000e+03 3.910304087432275801e-04
4.095000000000000000e+03 4.412224214749965170e-04
4.100000000000000000e+03 -3.117057578165239001e-04
4.105000000000000000e+03 -4.925995030861204287e-04
4.110000000000000000e+03 2.291943062476660084e-04
4.115000000000000000e+03 5.368002761834044173e-04
4.120000000000000000e+03 -1.447382525618947334e-04
4.125000000000000000e+03 -5.419044335914801648e-04
4.130000000000000000e+03 8.564216589482592985e-05
4.135000000000000000e+03 5.544409967234190887e-04
4.140000000000000000e+03 7.893900699310435907e-06
4.145000000000000000e+03 -5.443101539731247211e-04
4.150000000000000000e+03 -1.022121845707370203e-04
4.155000000000000000e+03 5.303763360696709447e-04
4.160000000000000000e+03 1.875421955426016568e-04
4.165000000000000000e+03 -4.941929496238700592e-04
4.170000000000000000e+03 -2.360216071914992240e-04
4.175000000000000000e+03 4.659420616019749372e-04
4.180000000000000000e+03 3.085045252841211853e-04
4.185000000000000000e+03 -4.015688070591016110e-04
4.190000000000000000e+03 -3.734234543937277285e-04
4.195000000000000000e+03 3.363642895146351053e-04
4.200000000000000000e+03 4.291470253846848084e-04
4.205000000000000000e+03 -2.689093189993475093e-04
4.210000000000000000e+03 -4.486679022212772673e-04
4.215000000000000000e+03 2.195434133232384503e-04
4.220000000000000000e+03 4.795819671092111562e-04
4.225000000000000000e+03 -1.307740941353036427e-04
4.230000000000000000e+03 -4.886912009380560981e-04
4.235000000000000000e+03 4.421036127340566003e-05
4.240000000000000000e+03 4.944114257788569892e-04
4.245000000000000000e+03 3.227057623496264004e-05
4.250000000000000000e+03 -4.779688344840246888e-04
4.255000000000000000e+03 -7.932828411410096261e-05
4.260000000000000000e+03 4.677583352353449392e-04
4.265000000000000000e+03 1.569472717450547897e-04
4.270000000000000000e+03 -4.214903161987213994e-04
4.275000000000000000e+03 -2.257598671638742815e-04
4.280000000000000000e+03 3.777192990227600509e-04
4.285000000000000000e+03 2.842057018646402936e-04
4.290000000000000000e+03 -3.311373089555981497e-04
4.295000000000000000e+03 -3.109164985132023464e-04
4.300000000000000000e+03 2.961530793765406139e-04
4.305000000000000000e+03 3.537077476214630354e-04
4.310000000000000000e+03 -2.191609241267795309e-04
4.315000000000000000e+03 -3.758024383219397296e-04
4.320000000000000000e+03 1.487071059518928868e-04
4.325000000000000000e+03 3.955011601571295629e-04
4.330000000000000000e+03 -8.864815612498333909e-05
4.335000000000000000e+03 -3.940582843335607385e-04
4.340000000000000000e+03 5.022017480289733967e-05
4.345000000000000000e+03 3.987129578461789600e-04
4.350000000000000000e+03 2.372196873393887676e-05
4.355000000000000000e+03 -3.690825839369627631e-04
4.360000000000000000e+03 -8.634882658927239189e-05
4.365000000000000000e+03 3.460206219658956673e-04
4.370000000000000000e+03 1.380300233877559024e-04
4.375000000000000000e+03 -3.195377539118778054e-04
4.380000000000000000e+03 -1.634416029587276882e-04
4.385000000000000000e+03 2.995225115972109209e-04
4.390000000000000000e+03 2.095183049208553926e-04
4.395000000000000000e+03 -2.374987559452112899e-04
4.400000000000000000e+03 -2.356765056674695513e-04
4.405000000000000000e+03 1.875983656418249250e-04
4.410000000000000000e+03 2.606477695488165704e-04
4.415000000000000000e+03 -1.478251276279164835e-04
4.420000000000000000e+03 -2.662376289555288319e-04
4.425000000000000000e+03 1.223568038491178091e-04
4.430000000000000000e+03 2.789909087494142712e-04
4.435000000000000000e+03 -5.872215422132050607e-05
4.440000000000000000e+03 -2.604294707531886648e-04
4.445000000000000000e+03 1.041624611049020262e-05
4.450000000000000000e+03 2.527767351477844650e-04
4.455000000000000000e+03 2.672676816052099914e-05
4.460000000000000000e+03 -2.410704621213611101e-04
4.465000000000000000e+03 -4.336599029972943597e-05
4.470000000000000000e+03 2.322882729877022228e-04
4.475000000000000000e+03 8.430013913648109352e-05
4.480000000000000000e+03 -1.839661488524951154e-04
4.485000000000000000e+03 -1.051703839820692288e-04
4.490000000000000000e+03 1.542131110518212445e-04
4.495000000000000000e+03 1.258774488919309654e-04
4.500000000000000000e+03 -1.338128104296657038e-04
4.505000000000000000e+03 -1.293206584386246295e-04
4.510000000000000000e+03 1.214755928572539695e-04
4.515000000000000000e+03 1.415854631180529202e-04
4.520000000000000000e+03 -7.098849994226018962e-05
4.525000000000000000e+03 -1.259809597454035490e-04
4.530000000000000000e+03 4.131317685270357242e-05
4.535000000000000000e+03 1.252727719214535721e-04
4.540000000000000000e+03 -2.276990103531451089e-05
4.545000000000000000e+03 -1.197133352042686498e-04
4.550000000000000000e+03 1.932392633528459640e-05
4.555000000000000000e+03 1.150000226492363311e-04
4.560000000000000000e+03 1.038813454208845973e-05
4.565000000000000000e+03 -7.518984361489262501e-05
4.570000000000000000e+03 -1.851133393845915982e-05
4.575000000000000000e+03 6.058852196658778713e-05
4.580000000000000000e+03 2.700334945935657232e-05
4.585000000000000000e+03 -5.398570180434338447e-05
4.590000000000000000e+03 -2.024785059394130471e-05
4.595000000000000000e+03 5.059952524286471273e-05
4.600000000000000000e+03 2.387913630843275823e-05
4.605000000000000000e+03 -1.173126367914576493e-05
4.610000000000000000e+03 -2.762419610766981767e-06
4.615000000000000000e+03 2.487031860375796358e-07
4.620000000000000000e+03 -4.415093512738033100e-07
4.625000000000000000e+03 4.305304070973690564e-07
4.630000000000000000e+03 9.714033940718798469e-06
4.635000000000000000e+03 9.417915248321685653e-06
4.640000000000000000e+03 -1.912082466656067934e-05
4.645000000000000000e+03 6.882197962327589950e-06
4.650000000000000000e+03 5.798151118150847157e-05
4.655000000000000000e+03 1.482957433821377476e-06
4.660000000000000000e+03 -6.562588204289641360e-05
4.665000000000000000e+03 -9.554992220056986833e-06
4.670000000000000000e+03 6.740078332689199690e-05
4.675000000000000000e+03 3.135665021976841128e-05
4.680000000000000000e+03 -6.940198437951901431e-05
4.685000000000000000e+03 -4.190346886179978288e-05
4.690000000000000000e+03 1.019641303541378452e-04
4.695000000000000000e+03 7.510441237574499269e-05
4.700000000000000000e+03 -1.001735956895080198e-04
4.705000000000000000e+03 -8.881230844862691304e-05
4.710000000000000000e+03 8.841937023440236206e-05
4.715000000000000000e+03 1.104902700116913987e-04
4.720000000000000000e+03 -6.965380942262936425e-05
4.725000000000000000e+03 -1.326569699505450515e-04
4.730000000000000000e+03 7.474187784975722256e-05
4.735000000000000000e+03 1.783502578543354298e-04
4.740000000000000000e+03 -5.073639301125622606e-05
4.745000000000000000e+03 -1.882689828087097210e-04
4.750000000000000000e+03 2.645712706259718326e-05
4.755000000000000000e+03 1.954709361748192223e-04
4.760000000000000000e+03 1.074707639866195045e-05
4.765000000000000000e+03 -2.051463179672932463e-04
4.770000000000000000e+03 -3.693064496098749698e-05
4.775000000000000000e+03 2.389195640182767519e-04
4.780000000000000000e+03 8.514187524405751779e-05
4.785000000000000000e+03 -2.318764866290284692e-04
4.790000000000000000e+03 -1.139201307666156825e-04
4.795000000000000000e+03 2.165537777063577802e-04
4.800000000000000000e+03 1.534040043590996938e-04
4.805000000000000000e+03 -1.967147777032293850e-04
4.810000000000000000e+03 -1.935430937776428100e-04
4.815000000000000000e+03 1.965191077208878264e-04
4.820000000000000000e+03 2.518730438749899100e-04
4.825000000000000000e+03 -1.620085936376647394e-04
4.830000000000000000e+03 -2.719589279859532045e-04
4.835000000000000000e+03 1.265052779929071863e-04
4.840000000000000000e+03 2.936990259077556175e-04
4.845000000000000000e+03 -7.819124084359674516e-05
4.850000000000000000e+03 -3.192615869361696340e-04
4.855000000000000000e+03 3.942250677010114644e-05
4.860000000000000000e+03 3.618116206387048941e-04
4.865000000000000000e+03 2.228373162761286671e-05
4.870000000000000000e+03 -3.585022935107625331e-04
4.875000000000000000e+03 -6.615224889674117532e-05
4.880000000000000000e+03 3.498090130559544544e-04
4.885000000000000000e+03 1.242304778072230082e-04
4.890000000000000000e+03 -3.382649352788866313e-04
4.895000000000000000e+03 -1.832457053030779430e-04
4.900000000000000000e+03 3.407992603327844377e-04
4.905000000000000000e+03 2.563639173466360026e-04
4.910000000000000000e+03 -3.038108512875065852e-04
4.915000000000000000e+03 -2.911958118319136579e-04
4.920000000000000000e+03 2.654620986073696117e-04
4.925000000000000000e+03 3.332885526743448179e-04
4.930000000000000000e+03 -2.139529143257414489e-04
4.935000000000000000e+03 -3.799254052947329202e-04
4.940000000000000000e+03 1.694154264403189734e-04
4.945000000000000000e+03 4.366937094904719489e-04
4.950000000000000000e+03 -9.980423352908470986e-05
4.955000000000000000e+03 -4.447394419542474351e-04
4.960000000000000000e+03 4.530503383995633022e-05
4.965000000000000000e+03 4.517850636549299720e-04
4.970000000000000000e+03 2.736479367252597956e-05
4.975000000000000000e+03 -4.570471145294612491e-04
4.980000000000000000e+03 -1.014813952068847007e-04
4.985000000000000000e+03 4.702132839252550845e-04
4.990000000000000000e+03 1.871741077732179154e-04
4.995000000000000000e+03 -4.395431235440205842e-04
5.000000000000000000e+03 -2.369412322724574868e-04
5.005000000000000000e+03 4.080589655087630435e-04
5.010000000000000000e+03 3.005596968539507845e-04
5.015000000000000000e+03 -3.629269211471723342e-04
5.020000000000000000e+03 -3.689797693723376138e-04
5.025000000000000000e+03 3.214786987470445874e-04
5.030000000000000000e+03 4.416589722356286394e-04
5.035000000000000000e+03 -2.521896444786524594e-04
5.040000000000000000e+03 -4.653963729102425896e-04
5.045000000000000000e+03 1.947964128472118577e-04
5.050000000000000000e+03 4.940567743742220680e-04
5.055000000000000000e+03 -1.153131892508329261e-04
5.060000000000000000e+03 -5.215686349893487858e-04
5.065000000000000000e+03 3.373433931102423009e-05
5.070000000000000000e+03 5.509696752404956823e-04
5.075000000000000000e+03 5.839894021343924174e-05
5.080000000000000000e+03 -5.338916927215305161e-04
5.085000000000000000e+03 -1.189832535098797508e-04
5.090000000000000000e+03 5.179360504451054319e-04
5.095000000000000000e+03 2.004578717244003417e-04
5.100000000000000000e+03 -4.880047530671132784e-04
5.105000000000000000e+03 -2.865451194258478206e-04
5.110000000000000000e+03 4.582823537987731162e-04
5.115000000000000000e+03 3.724327809812376486e-04
5.120000000000000000e+03 -3.980440045149802536e-04
5.125000000000000000e+03 -4.118960201455707328e-04
5.130000000000000000e+03 3.467525781064663198e-04
5.135000000000000000e+03 4.634736184284945571e-04
5.140000000000000000e+03 -2.700504102706014864e-04
5.145000000000000000e+03 -5.141418737847750810e-04
5.150000000000000000e+03 1.907177592760353523e-04
5.155000000000000000e+03 5.614701996478211731e-04
5.160000000000000000e+03 -1.006973269682049949e-04
5.165000000000000000e+03 -5.618779464357293897e-04
5.170000000000000000e+03 3.652373489107492373e-05
5.175000000000000000e+03 5.669700141580897136e-04
5.180000000000000000e+03 5.528862169686493780e-05
5.185000000000000000e+03 -5.580811107048894680e-04
5.190000000000000000e+03 -1.509528560171626043e-04
5.195000000000000000e+03 5.462684061869145426e-04
5.200000000000000000e+03 2.434694743009589235e-04
5.205000000000000000e+03 -5.020397351880939111e-04
5.210000000000000000e+03 -2.945218557849102296e-04
5.215000000000000000e+03 4.647889583913823101e-04
5.220000000000000000e+03 3.655427409407452323e-04
5.225000000000000000e+03 -3.998743511236349285e-04
5.230000000000000000e+03 -4.353843414658667356e-04
5.235000000000000000e+03 3.322361667796133624e-04
5.240000000000000000e+03 4.978107499397217651e-04
5.245000000000000000e+03 -2.531292046848210081e-04
5.250000000000000000e+03 -5.152742889118822923e-04
5.255000000000000000e+03 1.937163279556646325e-04
5.260000000000000000e+03 5.424912776293161097e-04
5.265000000000000000e+03 -1.009979573407669722e-04
5.270000000000000000e+03 -5.560146567253123348e-04
5.275000000000000000e+03 5.982862901188115775e-06
5.280000000000000000e+03 5.642098133146567027e-04
5.285000000000000000e+03 8.427387378500955509e-05
5.290000000000000000e+03 -5.393722341011760379e-04
5.295000000000000000e+03 -1.398354074201314237e-04
5.300000000000000000e+03 5.210174954670307142e-04
5.305000000000000000e+03 2.230310526939847818e-04
5.310000000000000000e+03 -4.740745034404684056e-04
5.315000000000000000e+03 -3.040259071551791852e-04
5.320000000000000000e+03 4.250344768681260112e-04
5.325000000000000000e+03 3.747668963038743375e-04
5.330000000000000000e+03 -3.636120048989681408e-04
5.335000000000000000e+03 -4.047393789592426097e-04
5.340000000000000000e+03 3.161700146264724543e-04
5.345000000000000000e+03 4.505455236087453413e-04
5.350000000000000000e+03 -2.315122925410667987e-04
5.355000000000000000e+03 -4.830065058028507378e-04
5.360000000000000000e+03 1.471366566479211460e-04
5.365000000000000000e+03 5.086125132489477656e-04
5.370000000000000000e+03 -6.811495898761737652e-05
5.375000000000000000e+03 -5.020988882543138280e-04
5.380000000000000000e+03 1.607589659304204622e-05
5.385000000000000000e+03 5.031880345176923145e-04
5.390000000000000000e+03 7.014169824708094136e-05
5.395000000000000000e+03 -4.760825172733287305e-04
5.400000000000000000e+03 -1.520754957749826145e-04
5.405000000000000000e+03 4.483296466464563486e-04
5.410000000000000000e+03 2.220145322871752800e-04
5.415000000000000000e+03 -4.075510504780176279e-04
5.420000000000000000e+03 -2.571230447716174009e-04
5.425000000000000000e+03 3.761973774155331148e-04
5.430000000000000000e+03 3.143649919148091610e-04
5.435000000000000000e+03 -3.058933005803559681e-04
5.440000000000000000e+03 -3.582742685227890251e-04
5.445000000000000000e+03 2.395901711242558261e-04
5.450000000000000000e+03 3.945843615151635236e-04
5.455000000000000000e+03 -1.785609877665264480e-04
5.460000000000000000e+03 -4.011685868693916032e-04
5.465000000000000000e+03 1.367911081543600731e-04
5.470000000000000000e+03 4.178348848122216035e-04
5.475000000000000000e+03 -5.624833014214244563e-05
5.480000000000000000e+03 -4.077271596116170899e-04
5.485000000000000000e+03 -1.659191931202707465e-05
5.490000000000000000e+03 3.991053240894158619e-04
5.495000000000000000e+03 7.655070555866144006e-05
5.500000000000000000e+03 -3.772994923251067286e-04
5.505000000000000000e+03 -1.086294279554097635e-04
5.510000000000000000e+03 3.619189573341335974e-04
5.515000000000000000e+03 1.684369050199505807e-04
5.520000000000000000e+03 -3.081125616791865942e-04
5.525000000000000000e+03 -2.141058143791502134e-04
5.530000000000000000e+03 2.630579343816947103e-04
5.535000000000000000e+03 2.519526705591176212e-04
5.540000000000000000e+03 -2.227777761226345426e-04
5.545000000000000000e+03 -2.636213562639424081e-04
5.550000000000000000e+03 1.948377774898180830e-04
5.555000000000000000e+03 2.886234333753078668e-04
5.560000000000000000e+03 -1.260493562655006471e-04
5.565000000000000000e+03 -2.887714990819598452e-04
5.570000000000000000e+03 6.982905549461358220e-05
5.575000000000000000e+03 2.928569059195813514e-04
5.580000000000000000e+03 -2.675066468054995239e-05
5.585000000000000000e+03 -2.840812939886039616e-04
5.590000000000000000e+03 4.410501880523454077e-06
5.595000000000000000e+03 2.803012486810898792e-04
5.600000000000000000e+03 4.968163340589604610e-05
5.605000000000000000e+03 -2.406095432080389339e-04
5.610000000000000000e+03 -8.756508552257210318e-05
5.615000000000000000e+03 2.150689369130351185e-04
5.620000000000000000e+03 1.176227653942789417e-04
5.625000000000000000e+03 -1.934966136295341536e-04
5.630000000000000000e+03 -1.256763499698328385e-04
5.635000000000000000e+03 1.786925297837892287e-04
5.640000000000000000e+03 1.503153234863441161e-04
5.645000000000000000e+03 -1.236944773071467539e-04
5.650000000000000000e+03 -1.518489654275019399e-04
5.655000000000000000e+03 8.741301320014248811e-05
5.660000000000000000e+03 1.595999188661941935e-04
5.665000000000000000e+03 -6.403307457931913535e-05
5.670000000000000000e+03 -1.550881679976825274e-04
5.675000000000000000e+03 5.479763891608298765e-05
5.680000000000000000e+03 1.553863330400140027e-04
5.685000000000000000e+03 -1.200614621470196358e-05
5.690000000000000000e+03 -1.236938679482573974e-04
5.695000000000000000e+03 -1.097850561747752875e-05
5.700000000000000000e+03 1.115810180337223573e-04
5.705000000000000000e+03 2.613062457460953565e-05
5.710000000000000000e+03 -1.022763427498084423e-04
5.715000000000000000e+03 -2.347940743479869500e-05
5.720000000000000000e+03 9.571437218863501292e-05
5.725000000000000000e+03 3.988972161436989941e-05
5.730000000000000000e+03 -5.216273711249767365e-05
5.735000000000000000e+03 -3.409892619691612999e-05
5.740000000000000000e+03 3.427374970598770178e-05
5.745000000000000000e+03 3.616253492321764971e-05
5.750000000000000000e+03 -2.852564292706300704e-05
5.755000000000000000e+03 -2.649761700875706880e-05
5.760000000000000000e+03 3.139032322563346951e-05
5.765000000000000000e+03 2.216173962080064357e-05
5.770000000000000000e+03 -1.430875461496055274e-06
5.775000000000000000e+03 9.635247531354947708e-06
5.780000000000000000e+03 -3.639434016832539772e-06
5.785000000000000000e+03 -1.712670026448028798e-05
5.790000000000000000e+03 8.069049596769777903e-07
5.795000000000000000e+03 2.350557854165870520e-05
5.800000000000000000e+03 1.612237498967206454e-05
5.805000000000000000e+03 -2.973653459576615829e-05
5.810000000000000000e+03 -1.291254539912726297e-05
5.815000000000000000e+03 6.774606167976814336e-05
5.820000000000000000e+03 3.235390748663400902e-05
5.825000000000000000e+03 -7.310596793502760612e-05
5.830000000000000000e+03 -4.326669609219852599e-05
5.835000000000000000e+03 6.776915299219094543e-05
5.840000000000000000e+03 6.579668751078585553e-05
5.845000000000000000e+03 -5.806814081420835040e-05
5.850000000000000000e+03 -8.236772182169566927e-05
5.855000000000000000e+03 7.798465177825513730e-05
5.860000000000000000e+03 1.221248147883578349e-04
5.865000000000000000e+03 -6.685269497423803242e-05
5.870000000000000000e+03 -1.342338016383609037e-04
5.875000000000000000e+03 4.781631369803912048e-05
5.880000000000000000e+03 1.477054709995503251e-04
5.885000000000000000e+03 -1.757670225196405776e-05
5.890000000000000000e+03 -1.625160141345439861e-04
5.895000000000000000e+03 6.796956201833920176e-06
5.900000000000000000e+03 2.027025924369603275e-04
5.905000000000000000e+03 2.863821134869145647e-05
5.910000000000000000e+03 -2.041026505761713093e-04
5.915000000000000000e+03 -5.591565408408403045e-05
5.920000000000000000e+03 1.971984384092382659e-04
5.925000000000000000e+03 9.536831351779707694e-05
5.930000000000000000e+03 -1.889389965824342919e-04
5.935000000000000000e+03 -1.286274914114056542e-04
5.940000000000000000e+03 2.050426534217321742e-04
5.945000000000000000e+03 1.817984005259822770e-04
5.950000000000000000e+03 -1.835860375618315887e-04
5.955000000000000000e+03 -2.058414190645095306e-04
5.960000000000000000e+03 1.546009742300595710e-04
5.965000000000000000e+03 2.346974710510196349e-04
5.970000000000000000e+03 -1.164246241599436820e-04
5.975000000000000000e+03 -2.656641128929371687e-04
5.980000000000000000e+03 9.523383754448062953e-05
5.985000000000000000e+03 3.153507754923635703e-04
5.990000000000000000e+03 -4.601370597392183355e-05
5.995000000000000000e+03 -3.218104367617357297e-04
6.000000000000000000e+03 3.721089163837466145e-06
6.005000000000000000e+03 3.235868323958240368e-04
6.010000000000000000e+03 5.200903793446898455e-05
6.015000000000000000e+03 -3.259865087700618389e-04
6.020000000000000000e+03 -1.020246662391795998e-04
6.025000000000000000e+03 3.461629384711066093e-04
6.030000000000000000e+03 1.701427821178762940e-04
6.035000000000000000e+03 -3.228194358842615330e-04
6.040000000000000000e+03 -2.096941922282993202e-04
6.045000000000000000e+03 2.931255627391205843e-04
6.050000000000000000e+03 2.585100579131607477e-04
6.055000000000000000e+03 -2.555116559435270207e-04
6.060000000000000000e+03 -3.098351314592724540e-04
6.065000000000000000e+03 2.308949306392055255e-04
6.070000000000000000e+03 3.738458432440890122e-04
6.075000000000000000e+03 -1.740440122112842732e-04
6.080000000000000000e+03 -3.925211416765988430e-04
6.085000000000000000e+03 1.224611041851257013e-04
6.090000000000000000e+03 4.115377964584406088e-04
6.095000000000000000e+03 -5.567387073653365067e-05
6.100000000000000000e+03 -4.323781387380561179e-04
6.105000000000000000e+03 -6.669375039251713442e-06
6.110000000000000000e+03 4.639440065323848644e-04
6.115000000000000000e+03 8.685923882948959460e-05
6.120000000000000000e+03 -4.474841586951634558e-04
6.125000000000000000e+03 -1.409231315422847068e-04
6.130000000000000000e+03 4.270887177815697508e-04
6.135000000000000000e+03 2.094787320080275191e-04
6.140000000000000000e+03 -3.995489054384723034e-04
6.145000000000000000e+03 -2.807784528239515407e-04
6.150000000000000000e+03 3.800429308131168284e-04
6.155000000000000000e+03 3.599896737599284492e-04
6.160000000000000000e+03 -3.240354448588756721e-04
6.165000000000000000e+03 -3.943984413099449818e-04
6.170000000000000000e+03 2.718074240491083222e-04
6.175000000000000000e+03 4.355234835385413984e-04
6.180000000000000000e+03 -2.024738894782501396e-04
6.185000000000000000e+03 -4.790873422810952337e-04
6.190000000000000000e+03 1.356869362254445701e-04
6.195000000000000000e+03 5.267022123775521626e-04
6.200000000000000000e+03 -5.003392835966205337e-05
6.205000000000000000e+03 -5.239643372270032934e-04
6.210000000000000000e+03 -1.333255884159719648e-05
6.215000000000000000e+03 5.212482714809959757e-04
6.220000000000000000e+03 9.671709768663750882e-05
6.225000000000000000e+03 -5.118959446592604877e-04
6.230000000000000000e+03 -1.829551630089843481e-04
6.235000000000000000e+03 5.053161506543198686e-04
6.240000000000000000e+03 2.738867437576117999e-04
6.245000000000000000e+03 -4.587284588088234969e-04
6.250000000000000000e+03 -3.231203887280487022e-04
6.255000000000000000e+03 4.152500580034501707e-04
6.260000000000000000e+03 3.864370717156944725e-04
6.265000000000000000e+03 -3.530469750874076079e-04
6.270000000000000000e+03 -4.522937920481191905e-04
6.275000000000000000e+03 2.912227291121008248e-04
6.280000000000000000e+03 5.165517169096021802e-04
6.285000000000000000e+03 -2.087768149202699178e-04
6.290000000000000000e+03 -5.307298848066690881e-04
6.295000000000000000e+03 1.441019058654559380e-04
6.300000000000000000e+03 5.504690162694696491e-04
6.305000000000000000e+03 -5.422256915541586174e-05
6.310000000000000000e+03 -5.639294646752324430e-04
6.315000000000000000e+03 -3.836576737436803831e-05
6.320000000000000000e+03 5.752591145881935913e-04
6.325000000000000000e+03 1.339333040019095357e-04
6.330000000000000000e+03 -5.445443918593781667e-04
6.335000000000000000e+03 -1.930384467418689524e-04
6.340000000000000000e+03 5.176220860663063427e-04
6.345000000000000000e+03 2.739336979920889534e-04
6.350000000000000000e+03 -4.709675815653941821e-04
6.355000000000000000e+03 -3.568860370089822483e-04
6.360000000000000000e+03 4.226966516736442667e-04
6.365000000000000000e+03 4.339641441972975563e-04
6.370000000000000000e+03 -3.519559801885586699e-04
6.375000000000000000e+03 -4.638864317894450702e-04
6.380000000000000000e+03 2.946273591947420347e-04
6.385000000000000000e+03 5.061777272702554275e-04
6.390000000000000000e+03 -2.079005132802212079e-04
6.395000000000000000e+03 -5.423542688300427451e-04
6.400000000000000000e+03 1.191075064662876605e-04
6.405000000000000000e+03 5.723394572416380492e-04
6.410000000000000000e+03 -2.785888611854461935e-05
6.415000000000000000e+03 -5.601792652409527413e-04
6.420000000000000000e+03 -3.355220451793180543e-05
6.425000000000000000e+03 5.541122827347193681e-04
6.430000000000000000e+03 1.239626306111663164e-04
6.435000000000000000e+03 -5.280606385845634928e-04
6.440000000000000000e+03 -2.151710242470140683e-04
6.445000000000000000e+03 4.989611303401245666e-04
6.450000000000000000e+03 2.976470227127479742e-04
6.455000000000000000e+03 -4.460437419944538601e-04
6.460000000000000000e+03 -3.382157245320669922e-04
6.465000000000000000e+03 4.031043713140874908e-04
6.470000000000000000e+03 3.985747202671227553e-04
6.475000000000000000e+03 -3.280783034711966706e-04
6.480000000000000000e+03 -4.525826590203729251e-04
6.485000000000000000e+03 2.523885485439763925e-04
6.490000000000000000e+03 4.974058998119268177e-04
6.495000000000000000e+03 -1.740127551050096616e-04
6.500000000000000000e+03 -5.020666722551128105e-04
6.505000000000000000e+03 1.183734475749937363e-04
6.510000000000000000e+03 5.166288794792596971e-04
6.515000000000000000e+03 -2.787953763944825270e-05
6.520000000000000000e+03 -5.116193862553087114e-04
6.525000000000000000e+03 -6.112513122128062195e-05
6.530000000000000000e+03 5.029069399782374033e-04
6.535000000000000000e+03 1.397723649491282392e-04
6.540000000000000000e+03 -4.699502337292857206e-04
6.545000000000000000e+03 -1.834359946558408131e-04
6.550000000000000000e+03 4.449898534184757175e-04
6.555000000000000000e+03 2.540364136274856884e-04
6.560000000000000000e+03 -3.870177444647577691e-04
6.565000000000000000e+03 -3.173168052889271170e-04
6.570000000000000000e+03 3.306984955904532079e-04
6.575000000000000000e+03 3.694536836282346433e-04
6.580000000000000000e+03 -2.711319061242987798e-04
6.585000000000000000e+03 -3.853072533032599208e-04
6.590000000000000000e+03 2.276324281438176183e-04
6.595000000000000000e+03 4.158869242898200510e-04
6.600000000000000000e+03 -1.454768525330480777e-04
6.605000000000000000e+03 -4.276557898001301741e-04
6.610000000000000000e+03 6.833400477665174395e-05
6.615000000000000000e+03 4.358116859523112068e-04
6.620000000000000000e+03 -2.227613789446664197e-06
6.625000000000000000e+03 -4.203989244564617354e-04
6.630000000000000000e+03 -3.663904290355562618e-05
6.635000000000000000e+03 4.126161457091882942e-04
6.640000000000000000e+03 1.083698367961534388e-04
6.645000000000000000e+03 -3.726068310401194138e-04
6.650000000000000000e+03 -1.707007558331157698e-04
6.655000000000000000e+03 3.374211340194148358e-04
6.660000000000000000e+03 2.207591404439562474e-04
6.665000000000000000e+03 -2.984029298269272800e-04
6.670000000000000000e+03 -2.398243892975752414e-04
6.675000000000000000e+03 2.699318277822646646e-04
6.680000000000000000e+03 2.786848116689775979e-04
6.685000000000000000e+03 -2.014665918849866050e-04
6.690000000000000000e+03 -2.993491233324694777e-04
6.695000000000000000e+03 1.428155229008008320e-04
6.700000000000000000e+03 3.169862073382874392e-04
6.705000000000000000e+03 -9.520308994106311813e-05
6.710000000000000000e+03 -3.127484749796654705e-04
6.715000000000000000e+03 6.716061764732731353e-05
6.720000000000000000e+03 3.171612508507960760e-04
6.725000000000000000e+03 -2.359475490398754578e-06
6.730000000000000000e+03 -2.914812691862336976e-04
6.735000000000000000e+03 -4.954591934477592635e-05
6.740000000000000000e+03 2.743343754085890277e-04
6.745000000000000000e+03 8.862608080788961034e-05
6.750000000000000000e+03 -2.528782316805128823e-04
6.755000000000000000e+03 -1.027312455528461935e-04
6.760000000000000000e+03 2.379898108732240363e-04
6.765000000000000000e+03 1.410616790728446649e-04
6.770000000000000000e+03 -1.842794146709701166e-04
6.775000000000000000e+03 -1.610920551247994957e-04
6.780000000000000000e+03 1.462391690252803108e-04
6.785000000000000000e+03 1.788115457241855875e-04
6.790000000000000000e+03 -1.187291732816643210e-04
6.795000000000000000e+03 -1.770501412782812497e-04
6.800000000000000000e+03 1.039474316032047404e-04
6.805000000000000000e+03 1.858063697184075304e-04
6.810000000000000000e+03 -5.108022778361398432e-05
6.815000000000000000e+03 -1.673379971490696820e-04
6.820000000000000000e+03 1.611833906809181769e-05
6.825000000000000000e+03 1.611302884958956000e-04
6.830000000000000000e+03 5.852905211889285342e-06
6.835000000000000000e+03 -1.501873539466612635e-04
6.840000000000000000e+03 -8.863405857314266258e-06
6.845000000000000000e+03 1.433950078248198039e-04
6.850000000000000000e+03 3.908048044132937822e-05
6.855000000000000000e+03 -1.011374591654122800e-04
6.860000000000000000e+03 -4.966300596417345242e-05
6.865000000000000000e+03 8.094532082841486532e-05
6.870000000000000000e+03 5.843527781088790651e-05
6.875000000000000000e+03 -7.028671256889974361e-05
6.880000000000000000e+03 -5.035320432627188905e-05
6.885000000000000000e+03 6.682075045913222924e-05
6.890000000000000000e+03 5.480228251639344608e-05
6.895000000000000000e+03 -2.667752250862081488e-05
6.900000000000000000e+03 -3.487222246295551499e-05
6.905000000000000000e+03 1.074879612489503878e-05
6.910000000000000000e+03 3.034806413045527102e-05
6.915000000000000000e+03 -7.640842554822834659e-06
6.920000000000000000e+03 -2.049685657373483255e-05
6.925000000000000000e+03 1.810220061555567933e-05
6.930000000000000000e+03 1.365261787198822368e-05
6.935000000000000000e+03 -4.080401850094916153e-07
6.940000000000000000e+03 2.376291140428727315e-05
6.945000000000000000e+03 5.210724607319458415e-06
6.950000000000000000e+03 -3.291700852892220767e-05
6.955000000000000000e+03 -1.174940897856710620e-05
6.960000000000000000e+03 3.414434461196770245e-05
6.965000000000000000e+03 3.276938485975648116e-05
6.970000000000000000e+03 -3.225427850683374495e-05
6.975000000000000000e+03 -3.978802256385493815e-05
6.980000000000000000e+03 6.312402492153537648e-05
6.985000000000000000e+03 6.910724674536243789e-05
6.990000000000000000e+03 -6.272283095278253465e-05
6.995000000000000000e+03 -8.098462422312075295e-05
7.000000000000000000e+03 5.011622079243735841e-05
7.005000000000000000e+03 9.924203869545566287e-05
7.010000000000000000e+03 -2.832433218192408305e-05
7.015000000000000000e+03 -1.148314934200937769e-04
7.020000000000000000e+03 3.334466150212746634e-05
7.025000000000000000e+03 1.554203685856962790e-04
7.030000000000000000e+03 -1.151704478458714783e-05
7.035000000000000000e+03 -1.625675235937453910e-04
7.040000000000000000e+03 -1.240396412627950716e-05
7.045000000000000000e+03 1.642275482087823227e-04
7.050000000000000000e+03 4.905166007572706353e-05
7.055000000000000000e+03 -1.655063097515934042e-04
7.060000000000000000e+03 -7.130667617519168271e-05
7.065000000000000000e+03 1.937000449644413419e-04
7.070000000000000000e+03 1.151077308552291679e-04
7.075000000000000000e+03 -1.836355352341497793e-04
7.080000000000000000e+03 -1.408635927160962250e-04
7.085000000000000000e+03 1.626809958049151787e-04
7.090000000000000000e+03 1.747686018070744747e-04
7.095000000000000000e+03 -1.358056634526047491e-04
7.100000000000000000e+03 -2.060405221452900034e-04
7.105000000000000000e+03 1.322092478830090350e-04
7.110000000000000000e+03 2.569696331327878005e-04
7.115000000000000000e+03 -9.633943447953129189e-05
7.120000000000000000e+03 -2.710147874044061943e-04
7.125000000000000000e+03 5.780412385220564937e-05
7.130000000000000000e+03 2.830818822768363017e-04
7.135000000000000000e+03 -7.532830419271936142e-06
7.140000000000000000e+03 -2.964481682223928756e-04
7.145000000000000000e+03 -2.931943087589644324e-05
7.150000000000000000e+03 3.297941885006187672e-04
7.155000000000000000e+03 8.851477204683583136e-05
7.160000000000000000e+03 -3.188901441795215165e-04
7.165000000000000000e+03 -1.305363678122699247e-04
7.170000000000000000e+03 2.994493158322978949e-04
7.175000000000000000e+03 1.832849490020104410e-04
7.180000000000000000e+03 -2.763411512112893013e-04
7.185000000000000000e+03 -2.335381745409964961e-04
7.190000000000000000e+03 2.712312091956652722e-04
7.195000000000000000e+03 2.991056655043115202e-04
7.200000000000000000e+03 -2.280728922642465454e-04
7.205000000000000000e+03 -3.265655458604671394e-04
7.210000000000000000e+03 1.818696197402120600e-04
7.215000000000000000e+03 3.567568207610705556e-04
7.220000000000000000e+03 -1.242475866050422558e-04
7.225000000000000000e+03 -3.891892000455837394e-04
7.230000000000000000e+03 7.771194267685041328e-05
7.235000000000000000e+03 4.345098277790010216e-04
7.240000000000000000e+03 -6.646259711278334466e-06
7.245000000000000000e+03 -4.314360451074618678e-04
7.250000000000000000e+03 -4.933475979229631130e-05
7.255000000000000000e+03 4.235337939772236744e-04
7.260000000000000000e+03 1.192845289999373658e-04
7.265000000000000000e+03 -4.134267355570142729e-04
7.270000000000000000e+03 -1.872111745689388471e-04
7.275000000000000000e+03 4.149876428975296083e-04
7.280000000000000000e+03 2.675816608165152485e-04
7.285000000000000000e+03 -3.732610046165297092e-04
7.290000000000000000e+03 -3.109864832562455337e-04
7.295000000000000000e+03 3.288214483920627118e-04
7.300000000000000000e+03 3.629430713283559934e-04
7.305000000000000000e+03 -2.728645424827078384e-04
7.310000000000000000e+03 -4.175912792722753157e-04
7.315000000000000000e+03 2.245891123996266890e-04
7.320000000000000000e+03 4.787250654510855725e-04
7.325000000000000000e+03 -1.487107102335867093e-04
7.330000000000000000e+03 -4.897841947478112461e-04
7.335000000000000000e+03 8.513050017259846797e-05
7.340000000000000000e+03 5.012430468813561767e-04
7.345000000000000000e+03 -4.048977045013611989e-06
7.350000000000000000e+03 -5.113825720092615755e-04
7.355000000000000000e+03 -7.583629517197259509e-05
7.360000000000000000e+03 5.266200051540159905e-04
7.365000000000000000e+03 1.668663600619426344e-04
7.370000000000000000e+03 -4.947285333040503863e-04
7.375000000000000000e+03 -2.242227663049207185e-04
7.380000000000000000e+03 4.616745268470613369e-04
7.385000000000000000e+03 2.966917526633477400e-04
7.390000000000000000e+03 -4.168934695395916639e-04
7.395000000000000000e+03 -3.719262342446941877e-04
7.400000000000000000e+03 3.758142924021493992e-04
7.405000000000000000e+03 4.485261052804983845e-04
7.410000000000000000e+03 -3.038852175163272106e-04
7.415000000000000000e+03 -4.761098516517864787e-04
7.420000000000000000e+03 2.414645816617918021e-04
7.425000000000000000e+03 5.107327267728435823e-04
7.430000000000000000e+03 -1.582266907771200473e-04
7.435000000000000000e+03 -5.444641483459969821e-04
7.440000000000000000e+03 7.518466535852180894e-05
7.445000000000000000e+03 5.772323248076930086e-04
7.450000000000000000e+03 1.902695024563215079e-05
7.455000000000000000e+03 -5.611015617241064046e-04
7.460000000000000000e+03 -8.445876919296601843e-05
7.465000000000000000e+03 5.469200062626774442e-04
7.470000000000000000e+03 1.716825646834569362e-04
7.475000000000000000e+03 -5.209217715124018523e-04
7.480000000000000000e+03 -2.613303336552494187e-04
7.485000000000000000e+03 4.946545875760235056e-04
7.490000000000000000e+03 3.487628832841038100e-04
7.495000000000000000e+03 -4.348652950441559816e-04
7.500000000000000000e+03 -3.908651191189064220e-04
7.505000000000000000e+03 3.825194013700305290e-04
7.510000000000000000e+03 4.476150013330481496e-04
7.515000000000000000e+03 -3.067578439535897429e-04
7.520000000000000000e+03 -5.034245686485527621e-04
7.525000000000000000e+03 2.303380748933494052e-04
7.530000000000000000e+03 5.532546335996058181e-04
7.535000000000000000e+03 -1.418803498083159842e-04
7.540000000000000000e+03 -5.548568760411124292e-04
7.545000000000000000e+03 7.649773345315493713e-05
7.550000000000000000e+03 5.631221901026757818e-04
7.555000000000000000e+03 1.671819671369164615e-05
7.560000000000000000e+03 -5.596749432924669459e-04
7.565000000000000000e+03 -1.114295540439237697e-04
7.570000000000000000e+03 5.525137555081146472e-04
7.575000000000000000e+03 2.018207460055048905e-04
7.580000000000000000e+03 -5.103605203886802397e-04
7.585000000000000000e+03 -2.527135637445847099e-04
7.590000000000000000e+03 4.749012129606544944e-04
7.595000000000000000e+03 3.260935982467318400e-04
7.600000000000000000e+03 -4.145038666505622806e-04
7.605000000000000000e+03 -3.978470712387258568e-04
7.610000000000000000e+03 3.530880601239854799e-04
7.615000000000000000e+03 4.598946276899066959e-04
7.620000000000000000e+03 -2.784824874321344037e-04
7.625000000000000000e+03 -4.768360064060788600e-04
7.630000000000000000e+03 2.213259399104488417e-04
7.635000000000000000e+03 5.064228845706586620e-04
7.640000000000000000e+03 -1.316590609780442906e-04
7.645000000000000000e+03 -5.244765589191881239e-04
7.650000000000000000e+03 4.225182803574631927e-05
7.655000000000000000e+03 5.362176017349560989e-04
7.660000000000000000e+03 4.192060880031543626e-05
7.665000000000000000e+03 -5.130913395338460503e-04
7.670000000000000000e+03 -9.380058092753452796e-05
7.675000000000000000e+03 4.975202225263892358e-04
7.680000000000000000e+03 1.753337512515221284e-04
7.685000000000000000e+03 -4.566878106893894796e-04
7.690000000000000000e+03 -2.536521073640053713e-04
7.695000000000000000e+03 4.152141633453790650e-04
7.700000000000000000e+03 3.197996045527568194e-04
7.705000000000000000e+03 -3.596132178431865243e-04
7.710000000000000000e+03 -3.460632959987695184e-04
7.715000000000000000e+03 3.167189338167259978e-04
7.720000000000000000e+03 3.915454830967923664e-04
7.725000000000000000e+03 -2.385414699925323247e-04
7.730000000000000000e+03 -4.254503680070099167e-04
7.735000000000000000e+03 1.634044017027593226e-04
7.740000000000000000e+03 4.513554357938290469e-04
7.745000000000000000e+03 -9.359910979014391839e-05
7.750000000000000000e+03 -4.442087195930227825e-04
7.755000000000000000e+03 4.843072957611413773e-05
7.760000000000000000e+03 4.469961104970983021e-04
7.765000000000000000e+03 3.199303951783055331e-05
7.770000000000000000e+03 -4.252500114865150364e-04
7.775000000000000000e+03 -1.064221807969644275e-04
7.780000000000000000e+03 4.040099513145660633e-04
7.785000000000000000e+03 1.672707522165491295e-04
7.790000000000000000e+03 -3.682528405957835832e-04
7.795000000000000000e+03 -1.949119896959158557e-04
7.800000000000000000e+03 3.418902267553429854e-04
7.805000000000000000e+03 2.480409275995052809e-04
7.810000000000000000e+03 -2.796192601129645814e-04
7.815000000000000000e+03 -2.889010030038179425e-04
7.820000000000000000e+03 2.242333091471859384e-04
7.825000000000000000e+03 3.208289040084783710e-04
7.830000000000000000e+03 -1.737942164291170427e-04
7.835000000000000000e+03 -3.230024090513726031e-04
7.840000000000000000e+03 1.407830560076246283e-04
7.845000000000000000e+03 3.385374340569895441e-04
7.850000000000000000e+03 -6.917899164942433983e-05
7.855000000000000000e+03 -3.309160875681510820e-04
7.860000000000000000e+03 7.738874400962273499e-06
7.865000000000000000e+03 3.255065691926579421e-04
7.870000000000000000e+03 3.950665188555863998e-05
7.875000000000000000e+03 -3.058513262272739776e-04
7.880000000000000000e+03 -6.085586473426133480e-05
7.885000000000000000e+03 2.938865837364094003e-04
7.890000000000000000e+03 1.127310532027388880e-04
7.895000000000000000e+03 -2.474352206058076068e-04
7.900000000000000000e+03 -1.505475390844863948e-04
7.905000000000000000e+03 2.125645145803190222e-04
7.910000000000000000e+03 1.789802147420207123e-04
7.915000000000000000e+03 -1.819884480022700808e-04
7.920000000000000000e+03 -1.819717213422328631e-04
7.925000000000000000e+03 1.627678503096702180e-04
7.930000000000000000e+03 2.020684803807758657e-04
7.935000000000000000e+03 -1.042655819515429908e-04
7.940000000000000000e+03 -2.004464387187727210e-04
7.945000000000000000e+03 6.146855147646224896e-05
7.950000000000000000e+03 2.029019813204974241e-04
7.955000000000000000e+03 -3.288749016493584701e-05
7.960000000000000000e+03 -1.919284604153044971e-04
7.965000000000000000e+03 2.308271663715358421e-05
7.970000000000000000e+03 1.883499276705345824e-04
7.975000000000000000e+03 2.027821203480002803e-05
7.980000000000000000e+03 -1.533208517627555987e-04
7.985000000000000000e+03 -4.634863200612078163e-05
7.990000000000000000e+03 1.349438681058849458e-04
7.995000000000000000e+03 6.280028548992291622e-05
8.000000000000000000e+03 -1.199937747902911031e-04
8.005000000000000000e+03 -5.852293595611359687e-05
8.010000000000000000e+03 1.118278779319345875e-04
8.015000000000000000e+03 7.458837102674194784e-05
8.020000000000000000e+03 -6.634317125219628701e-05
8.025000000000000000e+03 -6.977268269569470327e-05
8.030000000000000000e+03 4.315853903133154228e-05
8.035000000000000000e+03 7.059865279682254265e-05
8.040000000000000000e+03 -3.369749844385210334e-05
8.045000000000000000e+03 -5.905419557628680829e-05
8.050000000000000000e+03 3.674704417098949690e-05
8.055000000000000000e+03 5.553268776219023314e-05
8.060000000000000000e+03 -5.706684263997073098e-06
8.065000000000000000e+03 -2.451523337168517126e-05
8.070000000000000000e+03 -3.272042002411595199e-06
8.075000000000000000e+03 1.493970268005841209e-05
8.080000000000000000e+03 2.464319274447296176e-06
8.085000000000000000e+03 -7.597525480896274990e-06
8.090000000000000000e+03 1.458084675944361330e-05
8.095000000000000000e+03 3.987308653816974155e-06
8.100000000000000000e+03 -9.288685772345651440e-06
8.105000000000000000e+03 3.270696232053842931e-05
8.110000000000000000e+03 2.521729789522904918e-05
8.115000000000000000e+03 -4.007386331890998640e-05
8.120000000000000000e+03 -3.462578162991730610e-05
8.125000000000000000e+03 3.479242178266586319e-05
8.130000000000000000e+03 5.550078997281662725e-05
8.135000000000000000e+03 -2.202360636103061942e-05
8.140000000000000000e+03 -6.742006374031321364e-05
8.145000000000000000e+03 4.126160891660562470e-05
8.150000000000000000e+03 1.027967399371635797e-04
8.155000000000000000e+03 -3.237177552995953192e-05
8.160000000000000000e+03 -1.129165954342885596e-04
8.165000000000000000e+03 1.361815160327490899e-05
8.170000000000000000e+03 1.225482290117149665e-04
8.175000000000000000e+03 1.757655720289012316e-05
8.180000000000000000e+03 -1.302368445221341276e-04
8.185000000000000000e+03 -2.619422931741209530e-05
8.190000000000000000e+03 1.652046998225207468e-04
8.195000000000000000e+03 5.788408616214010252e-05
8.200000000000000000e+03 -1.642142647311600724e-04
8.205000000000000000e+03 -8.305591271269972711e-05
8.210000000000000000e+03 1.524330020568187680e-04
8.215000000000000000e+03 1.193047802755757406e-04
8.220000000000000000e+03 -1.368545668275565185e-04
8.225000000000000000e+03 -1.459539045575806570e-04
8.230000000000000000e+03 1.488471336842438165e-04
8.235000000000000000e+03 1.927420913820366004e-04
8.240000000000000000e+03 -1.259425726952609326e-04
8.245000000000000000e+03 -2.120029185657797079e-04
8.250000000000000000e+03 9.339211886276289703e-05
8.255000000000000000e+03 2.333211080082392723e-04
8.260000000000000000e+03 -5.126737242015786587e-05
8.265000000000000000e+03 -2.536206597849583041e-04
8.270000000000000000e+03 3.000184454191438831e-05
8.275000000000000000e+03 2.947263631779505327e-04
8.280000000000000000e+03 1.767574317879923123e-05
8.285000000000000000e+03 -2.945133996429292003e-04
8.290000000000000000e+03 -5.966588935804457137e-05
8.295000000000000000e+03 2.864182006678069503e-04
8.300000000000000000e+03 1.130548730731540345e-04
8.305000000000000000e+03 -2.770232342767863323e-04
8.310000000000000000e+03 -1.569311812857245698e-04
8.315000000000000000e+03 2.890140310803313776e-04
8.320000000000000000e+03 2.189432470158830433e-04
8.325000000000000000e+03 -2.594798066310803034e-04
8.330000000000000000e+03 -2.530213228436296803e-04
8.335000000000000000e+03 2.211642245363579977e-04
8.340000000000000000e+03 2.926528473084312248e-04
8.345000000000000000e+03 -1.752252527417803212e-04
8.350000000000000000e+03 -3.317309719280084768e-04
8.355000000000000000e+03 1.466047407088168675e-04
8.360000000000000000e+03 3.854027764589822006e-04
8.365000000000000000e+03 -8.714713755718224940e-05
8.370000000000000000e+03 -3.944089221398390521e-04
8.375000000000000000e+03 3.202050082815427299e-05
8.380000000000000000e+03 3.997279856152100561e-04
8.385000000000000000e+03 3.550137792287287131e-05
8.390000000000000000e+03 -4.053055794895652300e-04
8.395000000000000000e+03 -9.454116955805505745e-05
8.400000000000000000e+03 4.251665181009295510e-04
8.405000000000000000e+03 1.712790832985347208e-04
8.410000000000000000e+03 -3.979464924674052219e-04
8.415000000000000000e+03 -2.215418828327761611e-04
8.420000000000000000e+03 3.638743976330738534e-04
8.425000000000000000e+03 2.817458115362087511e-04
8.430000000000000000e+03 -3.234004913301260532e-04
8.435000000000000000e+03 -3.417084431182618935e-04
8.440000000000000000e+03 2.953222645515819647e-04
8.445000000000000000e+03 4.110816588760537495e-04
8.450000000000000000e+03 -2.315982097550649212e-04
8.455000000000000000e+03 -4.349246811693507951e-04
8.460000000000000000e+03 1.708288855914634279e-04
8.465000000000000000e+03 4.606384117537564468e-04
8.470000000000000000e+03 -9.624689887154372553e-05
8.475000000000000000e+03 -4.874785616660595928e-04
8.480000000000000000e+03 2.821997830675544570e-05
8.485000000000000000e+03 5.214802413011599899e-04
8.490000000000000000e+03 5.849648848639179562e-05
8.495000000000000000e+03 -5.047487553581878495e-04
8.500000000000000000e+03 -1.217378115626278678e-04
8.505000000000000000e+03 4.845226026549228531e-04
8.510000000000000000e+03 1.998828987552616688e-04
8.515000000000000000e+03 -4.586287417439394772e-04
8.520000000000000000e+03 -2.780890068906394534e-04
8.525000000000000000e+03 4.394800488781945287e-04
8.530000000000000000e+03 3.620134240107517531e-04
8.535000000000000000e+03 -3.803344167081757995e-04
8.540000000000000000e+03 -4.021378211544486395e-04
8.545000000000000000e+03 3.233610846161481095e-04
8.550000000000000000e+03 4.508632488472874176e-04
8.555000000000000000e+03 -2.511118977983508422e-04
8.560000000000000000e+03 -5.010500725185347516e-04
8.565000000000000000e+03 1.828782737340259583e-04
8.570000000000000000e+03 5.520384157093353658e-04
8.575000000000000000e+03 -9.399594647959369856e-05
8.580000000000000000e+03 -5.511251571056959312e-04
8.585000000000000000e+03 2.464957271465551645e-05
8.590000000000000000e+03 5.516700617640370088e-04
8.595000000000000000e+03 6.460494105409766421e-05
8.600000000000000000e+03 -5.469787474587208334e-04
8.605000000000000000e+03 -1.541734588722373973e-04
8.610000000000000000e+03 5.433761554708666864e-04
8.615000000000000000e+03 2.473544949619397378e-04
8.620000000000000000e+03 -4.966843982594942343e-04
8.625000000000000000e+03 -3.007953418066871979e-04
8.630000000000000000e+03 4.525558511871874043e-04
8.635000000000000000e+03 3.702457737918669564e-04
8.640000000000000000e+03 -3.920077467893927923e-04
8.645000000000000000e+03 -4.409818903195442835e-04
8.650000000000000000e+03 3.327644596411860481e-04
8.655000000000000000e+03 5.074405342161742881e-04
8.660000000000000000e+03 -2.505918248523007611e-04
8.665000000000000000e+03 -5.235445796566511566e-04
8.670000000000000000e+03 1.838526337878118382e-04
8.675000000000000000e+03 5.475093390766796629e-04
8.680000000000000000e+03 -9.278816796651884712e-05
8.685000000000000000e+03 -5.664206622153480832e-04
8.690000000000000000e+03 1.403638873508848772e-06
8.695000000000000000e+03 5.813825947710277555e-04
8.700000000000000000e+03 9.284922944810028152e-05
8.705000000000000000e+03 -5.520294541099569907e-04
8.710000000000000000e+03 -1.531483085134126840e-04
8.715000000000000000e+03 5.271883482550881192e-04
8.720000000000000000e+03 2.368031284463770994e-04
8.725000000000000000e+03 -4.853382876893928507e-04
8.730000000000000000e+03 -3.209406861190479431e-04
8.735000000000000000e+03 4.423836489096641986e-04
8.740000000000000000e+03 3.971989167658344986e-04
8.745000000000000000e+03 -3.745623851772025207e-04
8.750000000000000000e+03 -4.272128191664690882e-04
8.755000000000000000e+03 3.187043620106089930e-04
8.760000000000000000e+03 4.724392172167852025e-04
8.765000000000000000e+03 -2.352618839693410946e-04
8.770000000000000000e+03 -5.124409768077240824e-04
8.775000000000000000e+03 1.520219414039518228e-04
8.780000000000000000e+03 5.444709090999443274e-04
8.785000000000000000e+03 -6.572061795370769599e-05
8.790000000000000000e+03 -5.331369255232151685e-04
8.795000000000000000e+03 6.700834503543915198e-06
8.800000000000000000e+03 5.298745304195420043e-04
8.805000000000000000e+03 8.211210874707613886e-05
8.810000000000000000e+03 -5.095998276712693145e-04
8.815000000000000000e+03 -1.697593419033413173e-04
8.820000000000000000e+03 4.864729016308572693e-04
8.825000000000000000e+03 2.473132052946122377e-04
8.830000000000000000e+03 -4.374261554470637863e-04
8.835000000000000000e+03 -2.847847062905327895e-04
8.840000000000000000e+03 3.981406768684337045e-04
8.845000000000000000e+03 3.449752368983191272e-04
8.850000000000000000e+03 -3.295455009444705737e-04
8.855000000000000000e+03 -3.991657312983309101e-04
8.860000000000000000e+03 2.624540061073292333e-04
8.865000000000000000e+03 4.424985296716232299e-04
8.870000000000000000e+03 -1.916487649992366926e-04
8.875000000000000000e+03 -4.455636430382479778e-04
8.880000000000000000e+03 1.414902318328116579e-04
8.885000000000000000e+03 4.615346948275186444e-04
8.890000000000000000e+03 -5.678542370063395772e-05
8.895000000000000000e+03 -4.608827774269759004e-04
8.900000000000000000e+03 -2.402065333564203664e-05
8.905000000000000000e+03 4.564350472507504482e-04
8.910000000000000000e+03 9.364104054523517205e-05
8.915000000000000000e+03 -4.262159663921963261e-04
8.920000000000000000e+03 -1.306090738139088520e-04
8.925000000000000000e+03 4.051462537887005042e-04
8.930000000000000000e+03 1.970172958988964372e-04
8.935000000000000000e+03 -3.546706598766733408e-04
8.940000000000000000e+03 -2.557057928542377811e-04
8.945000000000000000e+03 3.078731619108779458e-04
8.950000000000000000e+03 3.016760745153421555e-04
8.955000000000000000e+03 -2.566547027552745861e-04
8.960000000000000000e+03 -3.122550927308521290e-04
8.965000000000000000e+03 2.203040487143902658e-04
8.970000000000000000e+03 3.411738480057610514e-04
8.975000000000000000e+03 -1.468872220789366255e-04
8.980000000000000000e+03 -3.538598606385314578e-04
8.985000000000000000e+03 8.133125172062594913e-05
8.990000000000000000e+03 3.625084665018729309e-04
8.995000000000000000e+03 -2.724376373451210161e-05
9.000000000000000000e+03 -3.467824586642579560e-04
9.005000000000000000e+03 -1.979168771334242532e-06
9.010000000000000000e+03 3.411127104877957356e-04
9.015000000000000000e+03 6.568080301405754642e-05
9.020000000000000000e+03 -3.073592851718742833e-04
9.025000000000000000e+03 -1.186658453628483160e-04
9.030000000000000000e+03 2.801872857341758958e-04
9.035000000000000000e+03 1.578626590633366075e-04
9.040000000000000000e+03 -2.480787065549345063e-04
9.045000000000000000e+03 -1.676978771145206531e-04
9.050000000000000000e+03 2.264626595130012868e-04
9.055000000000000000e+03 2.010329408614444679e-04
9.060000000000000000e+03 -1.677116918358022366e-04
9.065000000000000000e+03 -2.180082904351016452e-04
9.070000000000000000e+03 1.219454622770322315e-04
9.075000000000000000e+03 2.311228470450155093e-04
9.080000000000000000e+03 -8.737140136053027470e-05
9.085000000000000000e+03 -2.222855492212475457e-04
9.090000000000000000e+03 7.037190610190732602e-05
9.095000000000000000e+03 2.254960740880043648e-04
9.100000000000000000e+03 -1.622094085197941832e-05
9.105000000000000000e+03 -2.028757417583420164e-04
9.110000000000000000e+03 -2.274129302879158106e-05
9.115000000000000000e+03 1.900844885171345188e-04
9.120000000000000000e+03 4.740143110686800701e-05
9.125000000000000000e+03 -1.720813660258846043e-04
9.130000000000000000e+03 -4.912289750472858521e-05
9.135000000000000000e+03 1.617812847418475337e-04
9.140000000000000000e+03 7.834564294553122965e-05
9.145000000000000000e+03 -1.165772434211308190e-04
9.150000000000000000e+03 -9.003660460280491753e-05
9.155000000000000000e+03 9.029469199029843641e-05
9.160000000000000000e+03 9.811764130018611437e-05
9.165000000000000000e+03 -7.449021889852255852e-05
9.170000000000000000e+03 -8.726255659434730490e-05
9.175000000000000000e+03 7.010323326697554913e-05
9.180000000000000000e+03 9.085771551878434635e-05
9.185000000000000000e+03 -2.860697999576566636e-05
9.190000000000000000e+03 -7.112239056473543416e-05
9.195000000000000000e+03 8.185784485773454569e-06
9.200000000000000000e+03 6.427055234672537085e-05
9.205000000000000000e+03 -2.162198327332978172e-06
9.210000000000000000e+03 -5.202766638908174873e-05
9.215000000000000000e+03 1.298943234530049638e-05
9.220000000000000000e+03 4.611156264803243965e-05
9.225000000000000000e+03 5.804926316559466384e-06
9.230000000000000000e+03 -9.322108508004134389e-06
9.235000000000000000e+03 -4.460760010372372749e-06
9.240000000000000000e+03 -2.409301197596872310e-06
9.245000000000000000e+03 -4.433160234236798994e-07
9.250000000000000000e+03 4.846172448758888452e-06
9.255000000000000000e+03 2.120623484130217646e-05
9.260000000000000000e+03 -5.727808457428776658e-07
9.265000000000000000e+03 -2.544886400049329277e-05
9.270000000000000000e+03 3.069230262709753875e-05
9.275000000000000000e+03 5.101978763333911150e-05
9.280000000000000000e+03 -3.282636630144477035e-05
9.285000000000000000e+03 -6.139475862777369383e-05
9.290000000000000000e+03 2.089623706531611950e-05
9.295000000000000000e+03 7.752604224900610846e-05
9.300000000000000000e+03 2.676927284657436081e-06
9.305000000000000000e+03 -8.771958642405832524e-05
9.310000000000000000e+03 3.178623756097267900e-06
9.315000000000000000e+03 1.237237087303720323e-04
9.320000000000000000e+03 1.525548199083396237e-05
9.325000000000000000e+03 -1.291029681267145902e-04
9.330000000000000000e+03 -3.751111492225862670e-05
9.335000000000000000e+03 1.270074767371251717e-04
9.340000000000000000e+03 7.297249805623136733e-05
9.345000000000000000e+03 -1.214603622771541638e-04
9.350000000000000000e+03 -9.082445048021662952e-05
9.355000000000000000e+03 1.453393416100432574e-04
9.360000000000000000e+03 1.291414436208616597e-04
9.365000000000000000e+03 -1.339952793141062750e-04
9.370000000000000000e+03 -1.511072760837709318e-04
9.375000000000000000e+03 1.095145568641391602e-04
9.380000000000000000e+03 1.796984937903669394e-04
9.385000000000000000e+03 -7.744460232827511930e-05
9.390000000000000000e+03 -2.022847259068532395e-04
9.395000000000000000e+03 7.222334149039172618e-05
9.400000000000000000e+03 2.454831779272794172e-04
9.405000000000000000e+03 -3.727136879582153457e-05
9.410000000000000000e+03 -2.538232837616591071e-04
9.415000000000000000e+03 -1.977963703629243939e-06
9.420000000000000000e+03 2.573839982004716876e-04
9.425000000000000000e+03 5.251404932644279097e-05
9.430000000000000000e+03 -2.595360181443374221e-04
9.435000000000000000e+03 -8.576341694688254967e-05
9.440000000000000000e+03 2.846334591515889390e-04
9.445000000000000000e+03 1.401258738403011485e-04
9.450000000000000000e+03 -2.678294700475623152e-04
9.455000000000000000e+03 -1.783167054040193000e-04
9.460000000000000000e+03 2.396945989722005187e-04
9.465000000000000000e+03 2.247307051446567475e-04
9.470000000000000000e+03 -2.068622162463638458e-04
9.475000000000000000e+03 -2.651082000829624698e-04
9.480000000000000000e+03 1.962037014629343335e-04
9.485000000000000000e+03 3.216099790324598016e-04
9.490000000000000000e+03 -1.496889440061162856e-04
9.495000000000000000e+03 -3.409480274621109704e-04
9.500000000000000000e+03 9.848645054126841519e-05
9.505000000000000000e+03 3.592846880068701417e-04
9.510000000000000000e+03 -3.711362838875846966e-05
9.515000000000000000e+03 -3.773757435578008320e-04
9.520000000000000000e+03 -8.849892635735958374e-06
9.525000000000000000e+03 4.113348651854904867e-04
9.530000000000000000e+03 7.808482077002760612e-05
9.535000000000000000e+03 -3.981743012432661715e-04
9.540000000000000000e+03 -1.325548877324769163e-04
9.545000000000000000e+03 3.766903952770419466e-04
9.550000000000000000e+03 1.975982734708891912e-04
9.555000000000000000e+03 -3.524122971029466011e-04
9.560000000000000000e+03 -2.569548070945591473e-04
9.565000000000000000e+03 3.441428950260293370e-04
9.570000000000000000e+03 3.292741424998118691e-04
9.575000000000000000e+03 -2.940507099862766033e-04
9.580000000000000000e+03 -3.643585373701708325e-04
9.585000000000000000e+03 2.394155138301384421e-04
9.590000000000000000e+03 4.033539080000748804e-04
9.595000000000000000e+03 -1.750735629193575667e-04
9.600000000000000000e+03 -4.427033228786893542e-04
9.605000000000000000e+03 1.228708000415732675e-04
9.610000000000000000e+03 4.911655413405020517e-04
9.615000000000000000e+03 -4.410792487048700221e-05
9.620000000000000000e+03 -4.894888409608651268e-04
9.625000000000000000e+03 -2.214058360065665303e-05
9.630000000000000000e+03 4.839429153523641734e-04
9.635000000000000000e+03 1.018464033630988496e-04
9.640000000000000000e+03 -4.767534170992850226e-04
9.645000000000000000e+03 -1.767334288121480521e-04
9.650000000000000000e+03 4.787162134241252308e-04
9.655000000000000000e+03 2.630108681221897935e-04
9.660000000000000000e+03 -4.339558116385941987e-04
9.665000000000000000e+03 -3.141748248247453064e-04
9.670000000000000000e+03 3.858330221536196273e-04
9.675000000000000000e+03 3.750969854134797660e-04
9.680000000000000000e+03 -3.280855652560350538e-04
9.685000000000000000e+03 -4.366190283020906127e-04
9.690000000000000000e+03 2.782408423485357237e-04
9.695000000000000000e+03 5.015583195542425892e-04
9.700000000000000000e+03 -1.980787506275207487e-04
9.705000000000000000e+03 -5.159802639412982639e-04
9.710000000000000000e+03 1.279354083899500590e-04
9.715000000000000000e+03 5.324688479016670894e-04
9.720000000000000000e+03 -4.132852193457082070e-05
9.725000000000000000e+03 -5.479016709261357726e-04
9.730000000000000000e+03 -4.175956692474674914e-05
9.735000000000000000e+03 5.657670450685652053e-04
9.740000000000000000e+03 1.361391942082636663e-04
9.745000000000000000e+03 -5.338650910276350947e-04
9.750000000000000000e+03 -1.993319377843051458e-04
9.755000000000000000e+03 5.012319544324297764e-04
9.760000000000000000e+03 2.785924099382208795e-04
9.765000000000000000e+03 -4.589424150575575488e-04
9.770000000000000000e+03 -3.584029600599822124e-04
9.775000000000000000e+03 4.199439579869393294e-04
9.780000000000000000e+03 4.374202157091610873e-04
9.785000000000000000e+03 -3.471836664497791381e-04
9.790000000000000000e+03 -4.682533287151167218e-04
9.795000000000000000e+03 2.824018684068036020e-04
9.800000000000000000e+03 5.082993504605035334e-04
9.805000000000000000e+03 -1.985138668115597738e-04
9.810000000000000000e+03 -5.473892701806854551e-04
9.815000000000000000e+03 1.166882057491246247e-04
9.820000000000000000e+03 5.830133965104660181e-04
9.825000000000000000e+03 -2.261322094630083152e-05
9.830000000000000000e+03 -5.682121659438218488e-04
9.835000000000000000e+03 -4.533272510991194617e-05
9.840000000000000000e+03 5.569409922505839071e-04
9.845000000000000000e+03 1.354446220840047239e-04
9.850000000000000000e+03 -5.360271200452508761e-04
9.855000000000000000e+03 -2.256636767253781249e-04
9.860000000000000000e+03 5.140268061330257850e-04
9.865000000000000000e+03 3.124405936069161549e-04
9.870000000000000000e+03 -4.558613401450980194e-04
9.875000000000000000e+03 -3.557658386422460003e-04
9.880000000000000000e+03 4.047359583971567006e-04
9.885000000000000000e+03 4.160674906668935624e-04
9.890000000000000000e+03 -3.326432828604367672e-04
9.895000000000000000e+03 -4.749578623773226824e-04
9.900000000000000000e+03 2.613762462397367300e-04
9.905000000000000000e+03 5.257225584569713735e-04
9.910000000000000000e+03 -1.764206810273203339e-04
9.915000000000000000e+03 -5.279741211064663915e-04
9.920000000000000000e+03 1.122486565309184704e-04
9.925000000000000000e+03 5.394812416201012805e-04
9.930000000000000000e+03 -2.075469383065374972e-05
9.935000000000000000e+03 -5.413945657937194395e-04
9.940000000000000000e+03 -6.979747327840428320e-05
9.945000000000000000e+03 5.385537883799178726e-04
9.950000000000000000e+03 1.556104279581922223e-04
9.955000000000000000e+03 -4.987203356159942199e-04
9.960000000000000000e+03 -2.044559962262092808e-04
9.965000000000000000e+03 4.665147069231575030e-04
9.970000000000000000e+03 2.778281353658657981e-04
9.975000000000000000e+03 -4.124957045558154639e-04
9.980000000000000000e+03 -3.485844151874257623e-04
9.985000000000000000e+03 3.586353777596099405e-04
9.990000000000000000e+03 4.079092419277508636e-04
9.995000000000000000e+03 -2.897425587835201653e-04
1.000000000000000000e+04 -4.230145823145493216e-04
1.000500000000000000e+04 2.368470988982254017e-04
1.001000000000000000e+04 4.540313876750936639e-04
1.001500000000000000e+04 -1.530404603568865209e-04
1.002000000000000000e+04 -4.753459004114915791e-04
1.002500000000000000e+04 7.207301709878858437e-05
1.003000000000000000e+04 4.891867834415127968e-04
1.003500000000000000e+04 3.838883289531444189e-06
1.004000000000000000e+04 -4.670346989869495532e-04
1.004500000000000000e+04 -5.014698106861689985e-05
1.005000000000000000e+04 4.546956335948798187e-04
1.005500000000000000e+04 1.274107607530800804e-04
1.006000000000000000e+04 -4.206979328860210778e-04
1.006500000000000000e+04 -1.998368236530648353e-04
1.007000000000000000e+04 3.869550925007541513e-04
1.007500000000000000e+04 2.587526880737750458e-04
1.008000000000000000e+04 -3.373818428152207047e-04
1.008500000000000000e+04 -2.795953528882657506e-04
1.009000000000000000e+04 3.002469998644679118e-04
1.009500000000000000e+04 3.231154416815205260e-04
1.010000000000000000e+04 -2.305605403628430551e-04
1.010500000000000000e+04 -3.563233678008953412e-04
1.011000000000000000e+04 1.666122077171283114e-04
1.011500000000000000e+04 3.802685607830376944e-04
1.012000000000000000e+04 -1.074499938382905343e-04
1.012500000000000000e+04 -3.709805681074474534e-04
1.013000000000000000e+04 7.058198171248267585e-05
1.013500000000000000e+04 3.749660994994157199e-04
1.014000000000000000e+04 1.747428543722884896e-06
1.014500000000000000e+04 -3.581766611770112875e-04
1.015000000000000000e+04 -6.575482998633356191e-05
1.015500000000000000e+04 3.424596946340338686e-04
1.016000000000000000e+04 1.151472854111192318e-04
1.016500000000000000e+04 -3.109028178975704708e-04
1.017000000000000000e+04 -1.336915498445147993e-04
1.017500000000000000e+04 2.897927141049024685e-04
1.018000000000000000e+04 1.808456035509248218e-04
1.018500000000000000e+04 -2.365020867314778278e-04
1.019000000000000000e+04 -2.161538489046290075e-04
1.019500000000000000e+04 1.928002044261793507e-04
1.020000000000000000e+04 2.411369761695890401e-04
1.020500000000000000e+04 -1.533383755911541945e-04
1.021000000000000000e+04 -2.370404108085473569e-04
1.021500000000000000e+04 1.297234132031277378e-04
1.022000000000000000e+04 2.503038520817812236e-04
1.022500000000000000e+04 -6.860699818996131110e-05
1.023000000000000000e+04 -2.439166491617954723e-04
1.023500000000000000e+04 2.065883406442998378e-05
1.024000000000000000e+04 2.398701810190149823e-04
1.024500000000000000e+04 1.228776064178485328e-05
1.025000000000000000e+04 -2.207623321563016207e-04
1.025500000000000000e+04 -2.182252578668294912e-05
1.026000000000000000e+04 2.116287383551583459e-04
1.026500000000000000e+04 6.418858443360843098e-05
1.027000000000000000e+04 -1.724234838187262652e-04
1.027500000000000000e+04 -9.186521058584906738e-05
1.028000000000000000e+04 1.472981897788113706e-04
1.028500000000000000e+04 1.086116336867717783e-04
1.029000000000000000e+04 -1.257466260688488481e-04
1.029500000000000000e+04 -1.012389229873535883e-04
1.030000000000000000e+04 1.149840836128465139e-04
1.030500000000000000e+04 1.151133803024089429e-04
1.031000000000000000e+04 -6.733269985160768127e-05
1.031500000000000000e+04 -1.100863777814256790e-04
1.032000000000000000e+04 3.890075021740299502e-05
1.032500000000000000e+04 1.087102813510786866e-04
1.033000000000000000e+04 -2.530448557131785166e-05
1.033500000000000000e+04 -9.361055161447621672e-05
1.034000000000000000e+04 2.825698880867044680e-05
1.034500000000000000e+04 8.914067322789982317e-05
1.035000000000000000e+04 3.486729103088035751e-06
1.035500000000000000e+04 -5.787616070848926753e-05
1.036000000000000000e+04 -1.617629569217008556e-05
1.036500000000000000e+04 4.528169894992266787e-05
1.037000000000000000e+04 1.757284890750033238e-05
1.037500000000000000e+04 -3.545459983075855927e-05
1.038000000000000000e+04 5.582126543145312185e-08
1.038500000000000000e+04 3.292045656323303087e-05
1.039000000000000000e+04 6.431754297153754798e-06
1.039500000000000000e+04 3.437212586217683248e-06
1.040000000000000000e+04 6.216595508780909450e-06
1.040500000000000000e+04 -1.378135151889228440e-05
1.041000000000000000e+04 -1.427346305866653387e-05
1.041500000000000000e+04 9.982081328200018922e-06
1.042000000000000000e+04 3.454551870123122710e-05
1.042500000000000000e+04 4.628123120221168570e-06
1.043000000000000000e+04 -4.300780050040990617e-05
1.043500000000000000e+04 1.466183528644562600e-05
1.044000000000000000e+04 7.458854705667599880e-05
1.044500000000000000e+04 -9.097269741894938960e-06
1.045000000000000000e+04 -8.346854831884243254e-05
1.045500000000000000e+04 -7.957210078063442079e-06
1.046000000000000000e+04 9.070292729742909636e-05
1.046500000000000000e+04 3.941297711202504107e-05
1.047000000000000000e+04 -9.273295408422407957e-05
1.047500000000000000e+04 -4.555043704089604294e-05
1.048000000000000000e+04 1.236246610697450544e-04
1.048500000000000000e+04 7.248337467081682293e-05
1.049000000000000000e+04 -1.216883916864170968e-04
1.049500000000000000e+04 -9.453909770210942095e-05
1.050000000000000000e+04 1.069468221719609808e-04
1.050500000000000000e+04 1.275620155907601378e-04
1.051000000000000000e+04 -8.576113632902476421e-05
1.051500000000000000e+04 -1.477231055689861108e-04
1.052000000000000000e+04 9.510216811051888511e-05
1.052500000000000000e+04 1.877477097511279767e-04
1.053000000000000000e+04 -7.278932964854710399e-05
1.053500000000000000e+04 -2.022189741457896628e-04
1.054000000000000000e+04 3.905306476969587324e-05
1.054500000000000000e+04 2.167441454975628067e-04
1.055000000000000000e+04 5.331231913701887842e-06
1.055500000000000000e+04 -2.271172274115298886e-04
1.056000000000000000e+04 -2.522787086611505194e-05
1.056500000000000000e+04 2.603141041341777771e-04
1.057000000000000000e+04 6.913670645265659713e-05
1.057500000000000000e+04 -2.546998059514146511e-04
1.058000000000000000e+04 -1.086109441995357963e-04
1.058500000000000000e+04 2.384937513038946075e-04
1.059000000000000000e+04 1.584010750444761028e-04
1.059500000000000000e+04 -2.188763871948745611e-04
1.060000000000000000e+04 -1.949571599183373585e-04
1.060500000000000000e+04 2.242916717752232558e-04
1.061000000000000000e+04 2.492362282765286040e-04
1.061500000000000000e+04 -1.909974453087016303e-04
1.062000000000000000e+04 -2.767216985467583156e-04
1.062500000000000000e+04 1.468707863402798181e-04
1.063000000000000000e+04 3.067770063238800526e-04
1.063500000000000000e+04 -9.483882908227639970e-05
1.064000000000000000e+04 -3.331423249194267891e-04
1.064500000000000000e+04 6.440541334807593202e-05
1.065000000000000000e+04 3.761516180660731722e-04
1.065500000000000000e+04 -5.434586058716825834e-06
1.066000000000000000e+04 -3.760046717960393572e-04
1.066500000000000000e+04 -5.010346191773931961e-05
1.067000000000000000e+04 3.686148686431679929e-04
1.067500000000000000e+04 1.160354033910426927e-04
1.068000000000000000e+04 -3.597345278626534444e-04
1.068500000000000000e+04 -1.693869041618191939e-04
1.069000000000000000e+04 3.690228204354958994e-04
1.069500000000000000e+04 2.398387437298245013e-04
1.070000000000000000e+04 -3.332026205073023318e-04
1.070500000000000000e+04 -2.840220269042785951e-04
1.071000000000000000e+04 2.880362477922889441e-04
1.071500000000000000e+04 3.341983070737569532e-04
1.072000000000000000e+04 -2.367850240290691707e-04
1.072500000000000000e+04 -3.809500161137695153e-04
1.073000000000000000e+04 2.024977209461037290e-04
1.073500000000000000e+04 4.388856621357882255e-04
1.074000000000000000e+04 -1.344367899018662587e-04
1.074500000000000000e+04 -4.515579961820358418e-04
1.075000000000000000e+04 6.863914188975648646e-05
1.075500000000000000e+04 4.616453973226513447e-04
1.076000000000000000e+04 8.254503622247120302e-06
1.076500000000000000e+04 -4.713330204376645224e-04
1.077000000000000000e+04 -7.433112413795927448e-05
1.077500000000000000e+04 4.918591305488428760e-04
1.078000000000000000e+04 1.584246805339416177e-04
1.078500000000000000e+04 -4.624353503613783914e-04
1.079000000000000000e+04 -2.183750994420160184e-04
1.079500000000000000e+04 4.264293326194527932e-04
1.080000000000000000e+04 2.885030732805992119e-04
1.080500000000000000e+04 -3.854526607844222376e-04
1.081000000000000000e+04 -3.555274659865944849e-04
1.081500000000000000e+04 3.556485979010200562e-04
1.082000000000000000e+04 4.296099116939587300e-04
1.082500000000000000e+04 -2.869430057899431848e-04
1.083000000000000000e+04 -4.588405162457814390e-04
1.083500000000000000e+04 2.197083491762434929e-04
1.084000000000000000e+04 4.914178751961167111e-04
1.084500000000000000e+04 -1.403405824560507856e-04
1.085000000000000000e+04 -5.240904793543288594e-04
1.085500000000000000e+04 6.909930884801340431e-05
1.086000000000000000e+04 5.606817043857801122e-04
1.086500000000000000e+04 2.226554938638414458e-05
1.087000000000000000e+04 -5.447548903640704989e-04
1.087500000000000000e+04 -9.275065972280572711e-05
1.088000000000000000e+04 5.265489632308204644e-04
1.088500000000000000e+04 1.779669304758739457e-04
1.089000000000000000e+04 -5.040042436781414208e-04
1.089500000000000000e+04 -2.605223705100769482e-04
1.090000000000000000e+04 4.864246741696388464e-04
1.090500000000000000e+04 3.476035085464141122e-04
1.091000000000000000e+04 -4.257875255362547672e-04
1.091500000000000000e+04 -3.926741494687326127e-04
1.092000000000000000e+04 3.667882958791599305e-04
1.092500000000000000e+04 4.479730203690825618e-04
1.093000000000000000e+04 -2.946397292712677461e-04
1.093500000000000000e+04 -5.033843443661071941e-04
1.094000000000000000e+04 2.273995746327593269e-04
1.094500000000000000e+04 5.568804031867997505e-04
1.095000000000000000e+04 -1.373489426851037245e-04
1.095500000000000000e+04 -5.579680396067846979e-04
1.096000000000000000e+04 6.446224449868837893e-05
1.096500000000000000e+04 5.626260150380555346e-04
1.097000000000000000e+04 2.751920047039535527e-05
1.097500000000000000e+04 -5.632294128160007275e-04
1.098000000000000000e+04 -1.172835993602614900e-04
1.098500000000000000e+04 5.629034981882690813e-04
1.099000000000000000e+04 2.105336841349601882e-04
1.099500000000000000e+04 -5.170694150382433487e-04
1.100000000000000000e+04 -2.665972299389506202e-04
1.100500000000000000e+04 4.744664252518520633e-04
1.101000000000000000e+04 3.401132464084398910e-04
1.101500000000000000e+04 -4.180128605201704150e-04
1.102000000000000000e+04 -4.132557409662151017e-04
1.102500000000000000e+04 3.632314812792624206e-04
1.103000000000000000e+04 4.800998294094379931e-04
1.103500000000000000e+04 -2.830811997000870018e-04
1.104000000000000000e+04 -4.973514118823433791e-04
1.104500000000000000e+04 2.167062218569704526e-04
1.105000000000000000e+04 5.252370209152149938e-04
1.105500000000000000e+04 -1.276489519309973342e-04
1.106000000000000000e+04 -5.489972668538757638e-04
1.106500000000000000e+04 4.062359971401938494e-05
1.107000000000000000e+04 5.668058019990799721e-04
1.107500000000000000e+04 4.996748515025369513e-05
1.108000000000000000e+04 -5.388342183186809213e-04
1.108500000000000000e+04 -1.094426963140339524e-04
1.109000000000000000e+04 5.173118032021559436e-04
1.109500000000000000e+04 1.931477678118270703e-04
1.110000000000000000e+04 -4.816862194910039811e-04
1.110500000000000000e+04 -2.753342239783321006e-04
1.111000000000000000e+04 4.449544936833344563e-04
1.111500000000000000e+04 3.483308548017047821e-04
1.112000000000000000e+04 -3.810686896671375582e-04
1.112500000000000000e+04 -3.769055493492783852e-04
1.113000000000000000e+04 3.286032071232689055e-04
1.113500000000000000e+04 4.237284117568765936e-04
1.114000000000000000e+04 -2.511067045669180642e-04
1.114500000000000000e+04 -4.658414739724619060e-04
1.115000000000000000e+04 1.760189370734379776e-04
1.115500000000000000e+04 4.981431434573341645e-04
1.116000000000000000e+04 -9.666494090170528464e-05
1.116500000000000000e+04 -4.867088919616349534e-04
1.117000000000000000e+04 4.200478292210786820e-05
1.117500000000000000e+04 4.863974339255170039e-04
1.118000000000000000e+04 4.240540728027817230e-05
1.118500000000000000e+04 -4.721031316884904375e-04
1.119000000000000000e+04 -1.232621853842638887e-04
1.119500000000000000e+04 4.546909074868540532e-04
1.120000000000000000e+04 1.933247182504711510e-04
1.120500000000000000e+04 -4.095677143174186415e-04
1.121000000000000000e+04 -2.258152948956531226e-04
1.121500000000000000e+04 3.750035961439205788e-04
1.122000000000000000e+04 2.838312068690490857e-04
1.122500000000000000e+04 -3.145276352542114768e-04
1.123000000000000000e+04 -3.357599600880205142e-04
1.123500000000000000e+04 2.576184521575528128e-04
1.124000000000000000e+04 3.751974640344857151e-04
1.124500000000000000e+04 -1.956054183353473014e-04
1.125000000000000000e+04 -3.750435519462559327e-04
1.125500000000000000e+04 1.523932147611517767e-04
1.126000000000000000e+04 3.915989318102427357e-04
1.126500000000000000e+04 -7.582753996093348665e-05
1.127000000000000000e+04 -3.943823616429997054e-04
1.127500000000000000e+04 5.947270979890758139e-06
1.128000000000000000e+04 3.928671568379067344e-04
1.128500000000000000e+04 5.249834556712743521e-05
1.129000000000000000e+04 -3.645027708176977032e-04
1.129500000000000000e+04 -8.102199490838418879e-05
1.130000000000000000e+04 3.474240711072849224e-04
1.130500000000000000e+04 1.410738805201043080e-04
1.131000000000000000e+04 -3.049594355178313174e-04
1.131500000000000000e+04 -1.925412419881712396e-04
1.132000000000000000e+04 2.680243234961242099e-04
1.132500000000000000e+04 2.298400291609092915e-04
1.133000000000000000e+04 -2.253662348060499394e-04
1.133500000000000000e+04 -2.332638289157014789e-04
1.134000000000000000e+04 1.968263629314392308e-04
1.134500000000000000e+04 2.590811404065870003e-04
1.135000000000000000e+04 -1.336247659327614357e-04
1.135500000000000000e+04 -2.709851423213462856e-04
1.136000000000000000e+04 8.140080211352582738e-05
1.136500000000000000e+04 2.780763962332143016e-04
1.137000000000000000e+04 -4.060282485249954468e-05
1.137500000000000000e+04 -2.605004722641580538e-04
1.138000000000000000e+04 2.219191068953104413e-05
1.138500000000000000e+04 2.562276475489033722e-04
1.139000000000000000e+04 3.167478945594797633e-05
1.139500000000000000e+04 -2.281532083440673494e-04
1.140000000000000000e+04 -7.307623081774695809e-05
1.140500000000000000e+04 2.081520885231474393e-04
1.141000000000000000e+04 9.938461348989538219e-05
1.141500000000000000e+04 -1.821902892707391326e-04
1.142000000000000000e+04 -9.836831781634147200e-05
1.142500000000000000e+04 1.672214484733934895e-04
1.143000000000000000e+04 1.246111754793158689e-04
1.143500000000000000e+04 -1.186039245241318958e-04
1.144000000000000000e+04 -1.359358384768092297e-04
1.144500000000000000e+04 8.623479289322896670e-05
1.145000000000000000e+04 1.422999857726384317e-04
1.145500000000000000e+04 -6.484830391744937997e-05
1.146000000000000000e+04 -1.271414103475433470e-04
1.146500000000000000e+04 5.919731871576088472e-05
1.147000000000000000e+04 1.279884166786500748e-04
1.147500000000000000e+04 -1.675600617265668189e-05
1.148000000000000000e+04 -1.070950577799920984e-04
1.148500000000000000e+04 -7.885566999015574158e-06
1.149000000000000000e+04 9.696889581738785005e-05
1.149500000000000000e+04 1.705592270045530246e-05
1.150000000000000000e+04 -8.097596790452198307e-05
1.150500000000000000e+04 -5.491641956856342912e-06
1.151000000000000000e+04 7.437730741487516822e-05
1.151500000000000000e+04 2.440329185420944000e-05
1.152000000000000000e+04 -3.713097535835536641e-05
1.152500000000000000e+04 -2.608047259357472160e-05
1.153000000000000000e+04 2.192311275441152047e-05
1.153500000000000000e+04 2.270914339736553766e-05
1.154000000000000000e+04 -1.688498994002529457e-05
1.154500000000000000e+04 -1.392358799200895615e-06
1.155000000000000000e+04 2.229631924454173286e-05
1.155500000000000000e+04 -1.290244747371280116e-06
1.156000000000000000e+04 7.677480627444823483e-06
1.156500000000000000e+04 2.388359071750452545e-05
1.157000000000000000e+04 -1.328874538459283647e-05
1.157500000000000000e+04 -3.338833492717717844e-05
1.158000000000000000e+04 3.510892201940938518e-06
1.158500000000000000e+04 4.856901654807865105e-05
1.159000000000000000e+04 2.105403454702509377e-05
1.159500000000000000e+04 -5.477488461071280739e-05
1.160000000000000000e+04 -1.416469536652865064e-05
1.160500000000000000e+04 8.728127748025808362e-05
1.161000000000000000e+04 2.837375648865270310e-05
1.161500000000000000e+04 -9.211551297912118482e-05
1.162000000000000000e+04 -4.785714380599837909e-05
1.162500000000000000e+04 8.805329925049446634e-05
1.163000000000000000e+04 8.184241475433441291e-05
1.163500000000000000e+04 -7.731777802222751343e-05
1.164000000000000000e+04 -9.537550760022419673e-05
1.164500000000000000e+04 9.806975704699109398e-05
1.165000000000000000e+04 1.279057864764103806e-04
1.165500000000000000e+04 -8.721705383169500367e-05
1.166000000000000000e+04 -1.458667014141511826e-04
1.166500000000000000e+04 6.158379070428912281e-05
1.167000000000000000e+04 1.695555407284220792e-04
1.167500000000000000e+04 -2.602739197886654726e-05
1.168000000000000000e+04 -1.840400607091672463e-04
1.168500000000000000e+04 2.041456739021846233e-05
1.169000000000000000e+04 2.199718510957661410e-04
1.169500000000000000e+04 1.161538223030686724e-05
1.170000000000000000e+04 -2.235093173931522513e-04
1.170500000000000000e+04 -4.930062098069138018e-05
1.171000000000000000e+04 2.200936063242880404e-04
1.171500000000000000e+04 9.863384646840643816e-05
1.172000000000000000e+04 -2.124174109837317567e-04
1.172500000000000000e+04 -1.270733530318397721e-04
1.173000000000000000e+04 2.304407244385635225e-04
1.173500000000000000e+04 1.750034258828112943e-04
1.174000000000000000e+04 -2.097400330019792496e-04
1.174500000000000000e+04 -2.080116147559833673e-04
1.175000000000000000e+04 1.756010404771833470e-04
1.175500000000000000e+04 2.473661211476648738e-04
1.176000000000000000e+04 -1.351650829900419195e-04
1.176500000000000000e+04 -2.771961530465833347e-04
1.177000000000000000e+04 1.207988898067693543e-04
1.177500000000000000e+04 3.239908259282703491e-04
1.178000000000000000e+04 -7.370188376943455138e-05
1.178500000000000000e+04 -3.352489969187755713e-04
1.179000000000000000e+04 2.059660531121193164e-05
1.179500000000000000e+04 3.424123009582586406e-04
1.180000000000000000e+04 4.212971214535523494e-05
1.180500000000000000e+04 -3.466871985854616967e-04
1.181000000000000000e+04 -8.519348317451699360e-05
1.181500000000000000e+04 3.698372227976783944e-04
1.182000000000000000e+04 1.498063592181770633e-04
1.182500000000000000e+04 -3.481717076099723369e-04
1.183000000000000000e+04 -2.003046054818863884e-04
1.183500000000000000e+04 3.154383416283528018e-04
1.184000000000000000e+04 2.585132962821313531e-04
1.184500000000000000e+04 -2.788831693584035011e-04
1.185000000000000000e+04 -3.072414406005518467e-04
1.185500000000000000e+04 2.626396476583421624e-04
1.186000000000000000e+04 3.695504306793599160e-04
1.186500000000000000e+04 -2.071177125227700497e-04
1.187000000000000000e+04 -3.951998044222850720e-04
1.187500000000000000e+04 1.456195156936025020e-04
1.188000000000000000e+04 4.206901034580389420e-04
1.188500000000000000e+04 -7.570885569749573113e-05
1.189000000000000000e+04 -4.439885040992054446e-04
1.189500000000000000e+04 2.257484825366965479e-05
1.190000000000000000e+04 4.792472351873726432e-04
1.190500000000000000e+04 5.550054224439229854e-05
1.191000000000000000e+04 -4.654534554860904178e-04
1.191500000000000000e+04 -1.211852148381763823e-04
1.192000000000000000e+04 4.442751279188319373e-04
1.192500000000000000e+04 1.966407246150199926e-04
1.193000000000000000e+04 -4.208193590159167241e-04
1.193500000000000000e+04 -2.632869318527142409e-04
1.194000000000000000e+04 4.107765888460462628e-04
1.194500000000000000e+04 3.416512561062765387e-04
1.195000000000000000e+04 -3.555860000282670685e-04
1.195500000000000000e+04 -3.843731256486003847e-04
1.196000000000000000e+04 2.952950646385692885e-04
1.196500000000000000e+04 4.319114187110096497e-04
1.197000000000000000e+04 -2.271762641490942484e-04
1.197500000000000000e+04 -4.775762944733145032e-04
1.198000000000000000e+04 1.716144565699083998e-04
1.198500000000000000e+04 5.290458473304186261e-04
1.199000000000000000e+04 -8.695700228094306789e-05
1.199500000000000000e+04 -5.296704907581571914e-04
1.200000000000000000e+04 1.253337888254055905e-05
1.200500000000000000e+04 5.280544563617907200e-04
1.201000000000000000e+04 7.413769051186739646e-05
1.201500000000000000e+04 -5.250086334832601911e-04
1.202000000000000000e+04 -1.533287547208137241e-04
1.202500000000000000e+04 5.281985449858220012e-04
1.203000000000000000e+04 2.439354988854904559e-04
1.203500000000000000e+04 -4.819272289231834650e-04
1.204000000000000000e+04 -3.018337474002863495e-04
1.204500000000000000e+04 4.327203582992950092e-04
1.205000000000000000e+04 3.702586686676621929e-04
1.205500000000000000e+04 -3.759116815627982101e-04
1.206000000000000000e+04 -4.369110222924693621e-04
1.206500000000000000e+04 3.266593433319760534e-04
1.207000000000000000e+04 5.045593847086088466e-04
1.207500000000000000e+04 -2.441689586995943856e-04
1.208000000000000000e+04 -5.222642083409952118e-04
1.208500000000000000e+04 1.699623572764321364e-04
1.209000000000000000e+04 5.442238899653505839e-04
1.209500000000000000e+04 -8.104216653201304756e-05
1.210000000000000000e+04 -5.650597520186625370e-04
1.210500000000000000e+04 -2.190759826146590078e-06
1.211000000000000000e+04 5.854776693342938739e-04
1.211500000000000000e+04 9.778300842234919851e-05
1.212000000000000000e+04 -5.543537944313011757e-04
1.212500000000000000e+04 -1.649802584869855960e-04
1.213000000000000000e+04 5.240338728451220552e-04
1.213500000000000000e+04 2.485977964391172172e-04
1.214000000000000000e+04 -4.861973989957068154e-04
1.214500000000000000e+04 -3.303216630232376689e-04
1.215000000000000000e+04 4.507916550956406307e-04
1.215500000000000000e+04 4.098176278304995943e-04
1.216000000000000000e+04 -3.788172804206097356e-04
1.216500000000000000e+04 -4.428321848062104194e-04
1.217000000000000000e+04 3.140456551634524538e-04
1.217500000000000000e+04 4.875211608624887855e-04
1.218000000000000000e+04 -2.325443335370947005e-04
1.218500000000000000e+04 -5.308765354449857714e-04
1.219000000000000000e+04 1.548328336671755598e-04
1.219500000000000000e+04 5.682673226354911442e-04
1.220000000000000000e+04 -6.312184970040455440e-05
1.220500000000000000e+04 -5.546293732256454357e-04
1.221000000000000000e+04 -5.123706850967380058e-06
1.221500000000000000e+04 5.471030018188115501e-04
1.222000000000000000e+04 9.517748237090198414e-05
1.222500000000000000e+04 -5.320880426752878966e-04
1.223000000000000000e+04 -1.828397378413477417e-04
1.223500000000000000e+04 5.148549422741918605e-04
1.224000000000000000e+04 2.665372029580328800e-04
1.224500000000000000e+04 -4.591966254003479768e-04
1.225000000000000000e+04 -3.092799579687305236e-04
1.225500000000000000e+04 4.110493842923196740e-04
1.226000000000000000e+04 3.713270767539782993e-04
1.226500000000000000e+04 -3.449268237445727811e-04
1.227000000000000000e+04 -4.312021397880791114e-04
1.227500000000000000e+04 2.810034206918421407e-04
1.228000000000000000e+04 4.809525804699657536e-04
1.228500000000000000e+04 -2.013693257349729194e-04
1.229000000000000000e+04 -4.827697719474973782e-04
1.229500000000000000e+04 1.405026489098578453e-04
1.230000000000000000e+04 4.972040244008567745e-04
1.230500000000000000e+04 -5.361437871096949061e-05
1.231000000000000000e+04 -5.040325726821310616e-04
1.231500000000000000e+04 -2.976353406083540067e-05
1.232000000000000000e+04 5.048781993228919048e-04
1.232500000000000000e+04 1.085943764285920976e-04
1.233000000000000000e+04 -4.673233999753230016e-04
1.233500000000000000e+04 -1.532823605930954227e-04
1.234000000000000000e+04 4.392025304442043762e-04
1.234500000000000000e+04 2.242400652353904210e-04
1.235000000000000000e+04 -3.927402528038552530e-04
1.235500000000000000e+04 -2.913371617300076068e-04
1.236000000000000000e+04 3.475211826412606176e-04
1.236500000000000000e+04 3.455236326026335579e-04
1.237000000000000000e+04 -2.853608201187574295e-04
1.237500000000000000e+04 -3.570753276200553175e-04
1.238000000000000000e+04 2.382545556785485845e-04
1.238500000000000000e+04 3.882434739737879821e-04
1.239000000000000000e+04 -1.625845232564974985e-04
1.239500000000000000e+04 -4.112907452579059797e-04
1.240000000000000000e+04 9.239357765792433714e-05
1.240500000000000000e+04 4.256192502841841846e-04
1.241000000000000000e+04 -2.660436718419366577e-05
1.241500000000000000e+04 -4.035426492799643267e-04
1.242000000000000000e+04 -1.221528948231527956e-05
1.242500000000000000e+04 3.942777161716990992e-04
1.243000000000000000e+04 8.274636840633129006e-05
1.243500000000000000e+04 -3.670468076292692839e-04
1.244000000000000000e+04 -1.466204673073970180e-04
1.244500000000000000e+04 3.408665573480860848e-04
1.245000000000000000e+04 1.959602660305801206e-04
1.245500000000000000e+04 -2.973642349906159901e-04
1.246000000000000000e+04 -2.094842300701748683e-04
1.246500000000000000e+04 2.666757278269234763e-04
1.247000000000000000e+04 2.492070246807425718e-04
1.247500000000000000e+04 -2.067687546990683452e-04
1.248000000000000000e+04 -2.795265398571729018e-04
1.248500000000000000e+04 1.552510881888254318e-04
1.249000000000000000e+04 2.993261106842547170e-04
1.249500000000000000e+04 -1.076525363520174788e-04
1.250000000000000000e+04 -2.864490172023683627e-04
1.250500000000000000e+04 8.037551016422534703e-05
1.251000000000000000e+04 2.906861342026426120e-04
1.251500000000000000e+04 -1.814073477427218043e-05
1.252000000000000000e+04 -2.777036140522878252e-04
1.252500000000000000e+04 -3.334933132639585968e-05
1.253000000000000000e+04 2.662288061583553212e-04
1.253500000000000000e+04 6.956016374666195942e-05
1.254000000000000000e+04 -2.380268934315834227e-04
1.254500000000000000e+04 -7.743529780585996203e-05
1.255000000000000000e+04 2.219858957403882853e-04
1.255500000000000000e+04 1.167404081006546257e-04
1.256000000000000000e+04 -1.778496753923787131e-04
1.256500000000000000e+04 -1.441981578748891370e-04
1.257000000000000000e+04 1.458134531963265303e-04
1.257500000000000000e+04 1.600344257074572747e-04
1.258000000000000000e+04 -1.171377441234466041e-04
1.258500000000000000e+04 -1.481414658875684226e-04
1.259000000000000000e+04 1.033326475388890518e-04
1.259500000000000000e+04 1.578046215810340351e-04
1.260000000000000000e+04 -5.387687387424713864e-05
1.260500000000000000e+04 -1.508251706001091739e-04
1.261000000000000000e+04 2.053258621804200047e-05
1.261500000000000000e+04 1.461493360191015267e-04
1.262000000000000000e+04 -2.575068725839820538e-06
1.262500000000000000e+04 -1.261881735088838340e-04
1.263000000000000000e+04 5.676704587275191707e-06
1.263500000000000000e+04 1.190564832005108059e-04
1.264000000000000000e+04 2.575652574725863740e-05
1.264500000000000000e+04 -8.630781346578281069e-05
1.265000000000000000e+04 -4.144408295418610749e-05
1.265500000000000000e+04 6.977649261260195925e-05
1.266000000000000000e+04 4.485767463608454647e-05
1.266500000000000000e+04 -5.605465375473644459e-05
1.267000000000000000e+04 -2.602739932294641353e-05
1.267500000000000000e+04 5.328601544540327519e-05
1.268000000000000000e+04 3.246900398651581275e-05
1.268500000000000000e+04 -1.670961390270333624e-05
1.269000000000000000e+04 -2.207591706660460927e-05
1.269500000000000000e+04 2.595754164664976295e-06
1.270000000000000000e+04 1.472874093352431281e-05
1.270500000000000000e+04 -3.462833910226260382e-06
1.271000000000000000e+04 5.958026459291776501e-06
1.271500000000000000e+04 1.901419715077519527e-05
1.272000000000000000e+04 -1.237694736409798340e-05
1.272500000000000000e+04 4.716037934002385879e-07
1.273000000000000000e+04 4.124841988367664453e-05
1.273500000000000000e+04 1.197317054107815208e-06
1.274000000000000000e+04 -4.995442315926244858e-05
1.274500000000000000e+04 -1.550373090430852982e-05
1.275000000000000000e+04 5.649300562894849550e-05
1.275500000000000000e+04 4.672562432982837956e-05
1.276000000000000000e+04 -5.448449254315504729e-05
1.276500000000000000e+04 -5.045142139229208828e-05
1.277000000000000000e+04 8.229716975373506393e-05
1.277500000000000000e+04 7.248434758288656472e-05
1.278000000000000000e+04 -8.089548190592197739e-05
1.278500000000000000e+04 -9.112169664065351306e-05
1.279000000000000000e+04 6.545634983507211643e-05
1.279500000000000000e+04 1.211097569595322957e-04
1.280000000000000000e+04 -4.039423220685869448e-05
1.280500000000000000e+04 -1.353026402477822403e-04
1.281000000000000000e+04 4.816874305500416076e-05
1.281500000000000000e+04 1.688900190895900610e-04
1.282000000000000000e+04 -2.814139685340823256e-05
1.282500000000000000e+04 -1.791540233922817905e-04
1.283000000000000000e+04 -4.605689429503450434e-06
1.283500000000000000e+04 1.882219245376167110e-04
1.284000000000000000e+04 4.964984945235575092e-05
1.284500000000000000e+04 -1.899433013095836278e-04
1.285000000000000000e+04 -6.698888052439607517e-05
1.285500000000000000e+04 2.160607691818137435e-04
1.286000000000000000e+04 1.056555777926818269e-04
1.286500000000000000e+04 -2.065952419284002018e-04
1.287000000000000000e+04 -1.411461537600189114e-04
1.287500000000000000e+04 1.847352631893663772e-04
1.288000000000000000e+04 1.863990969208987854e-04
1.288500000000000000e+04 -1.569013345603313507e-04
1.289000000000000000e+04 -2.148861686195973047e-04
1.289500000000000000e+04 1.572915374904915360e-04
1.290000000000000000e+04 2.605667865830292324e-04
1.290500000000000000e+04 -1.226032213868635855e-04
1.291000000000000000e+04 -2.810690928789966506e-04
1.291500000000000000e+04 7.555378869559222009e-05
1.292000000000000000e+04 3.019625190570844435e-04
1.292500000000000000e+04 -1.980890422715263403e-05
1.293000000000000000e+04 -3.159595784069451035e-04
1.293500000000000000e+04 -1.023283210706349125e-05
1.294000000000000000e+04 3.483842260976340813e-04
1.294500000000000000e+04 6.608410676465493701e-05
1.295000000000000000e+04 -3.400686045166380930e-04
1.295500000000000000e+04 -1.195033313267792154e-04
1.296000000000000000e+04 3.219460992321468429e-04
1.296500000000000000e+04 1.817897734896122214e-04
1.297000000000000000e+04 -3.002365817047131019e-04
1.297500000000000000e+04 -2.273745176846999803e-04
1.298000000000000000e+04 3.003604307120144525e-04
1.298500000000000000e+04 2.893425043706653456e-04
1.299000000000000000e+04 -2.583511554824769168e-04
1.299500000000000000e+04 -3.258629464380073974e-04
1.300000000000000000e+04 2.050784621567614593e-04
1.300500000000000000e+04 3.651889028164699265e-04
1.301000000000000000e+04 -1.456511466608175290e-04
1.301500000000000000e+04 -3.977801162668709984e-04
1.302000000000000000e+04 1.078737750294405160e-04
1.302500000000000000e+04 4.431998045423723629e-04
1.303000000000000000e+04 -3.880551540721728366e-05
1.303500000000000000e+04 -4.446335189790713029e-04
1.304000000000000000e+04 -2.882805958242984666e-05
1.304500000000000000e+04 4.400226935095098929e-04
1.305000000000000000e+04 1.051873888249111054e-04
1.305500000000000000e+04 -4.332305301491790571e-04
1.306000000000000000e+04 -1.661718701364932457e-04
1.306500000000000000e+04 4.409670538495954182e-04
1.307000000000000000e+04 2.443036879302698462e-04
1.307500000000000000e+04 -4.006668481161523832e-04
1.308000000000000000e+04 -2.982915887672445469e-04
1.308500000000000000e+04 3.513046174310604716e-04
1.309000000000000000e+04 3.583466177039410037e-04
1.309500000000000000e+04 -2.974183655643186479e-04
1.310000000000000000e+04 -4.118954554963336436e-04
1.310500000000000000e+04 2.595604918340115486e-04
1.311000000000000000e+04 4.737856932918285192e-04
1.311500000000000000e+04 -1.846838170964788773e-04
1.312000000000000000e+04 -4.907897394808723081e-04
1.312500000000000000e+04 1.104471411615975290e-04
1.313000000000000000e+04 5.067779634965880993e-04
1.313500000000000000e+04 -2.703881005881783240e-05
1.314000000000000000e+04 -5.212976068130143262e-04
1.314500000000000000e+04 -4.352951264364860357e-05
1.315000000000000000e+04 5.430554151988332924e-04
1.315500000000000000e+04 1.333766397189081819e-04
1.316000000000000000e+04 -5.128472357828619621e-04
1.316500000000000000e+04 -2.016406021346169345e-04
1.317000000000000000e+04 4.771989984631886143e-04
1.317500000000000000e+04 2.798512962972265691e-04
1.318000000000000000e+04 -4.379766242608103852e-04
1.318500000000000000e+04 -3.520306382789739749e-04
1.319000000000000000e+04 4.083030886471250651e-04
1.319500000000000000e+04 4.296010357144739627e-04
1.320000000000000000e+04 -3.365198397592653479e-04
1.320500000000000000e+04 -4.638180288406821856e-04
1.321000000000000000e+04 2.653354532514984603e-04
1.321500000000000000e+04 5.031585853251158190e-04
1.322000000000000000e+04 -1.842528235660791677e-04
1.322500000000000000e+04 -5.412538876396583935e-04
1.323000000000000000e+04 1.125832214270487236e-04
1.323500000000000000e+04 5.801170611122875419e-04
1.324000000000000000e+04 -1.866796948255848172e-05
1.324500000000000000e+04 -5.656244125351822614e-04
1.325000000000000000e+04 -5.690993080440060413e-05
1.325500000000000000e+04 5.508678419637045090e-04
1.326000000000000000e+04 1.464847172111344786e-04
1.326500000000000000e+04 -5.330010912180450141e-04
1.327000000000000000e+04 -2.307267948441242480e-04
1.327500000000000000e+04 5.181338250448619051e-04
1.328000000000000000e+04 3.189942422968815219e-04
1.328500000000000000e+04 -4.575334135833558072e-04
1.329000000000000000e+04 -3.675972708314238541e-04
1.329500000000000000e+04 3.987565206463553492e-04
1.330000000000000000e+04 4.281272898617363818e-04
1.330500000000000000e+04 -3.293946044230093616e-04
1.331000000000000000e+04 -4.872137690694662722e-04
1.331500000000000000e+04 2.656237405733323552e-04
1.332000000000000000e+04 5.419516896793814646e-04
1.332500000000000000e+04 -1.765175700473785541e-04
1.333000000000000000e+04 -5.446954317905428706e-04
1.333500000000000000e+04 1.025457367412108730e-04
1.334000000000000000e+04 5.537406636230139028e-04
1.334500000000000000e+04 -1.091088125575227991e-05
1.335000000000000000e+04 -5.597364280757441456e-04
1.335500000000000000e+04 -7.611030914487236824e-05
1.336000000000000000e+04 5.628066049943251502e-04
1.336500000000000000e+04 1.670930175206254611e-04
1.337000000000000000e+04 -5.186091381067803058e-04
1.337500000000000000e+04 -2.236560949239241097e-04
1.338000000000000000e+04 4.790442138466070106e-04
1.338500000000000000e+04 2.989269608283510495e-04
1.339000000000000000e+04 -4.284636981906004075e-04
1.339500000000000000e+04 -3.720561578450247604e-04
1.340000000000000000e+04 3.798055091951402489e-04
1.340500000000000000e+04 4.372694297684544978e-04
1.341000000000000000e+04 -3.033208128012724572e-04
1.341500000000000000e+04 -4.544276438033992955e-04
1.342000000000000000e+04 2.395457926527747136e-04
1.342500000000000000e+04 4.853362205562034037e-04
1.343000000000000000e+04 -1.553388907075088437e-04
1.343500000000000000e+04 -5.127893053645768721e-04
1.344000000000000000e+04 7.531930197435132853e-05
1.344500000000000000e+04 5.324784816526285545e-04
1.345000000000000000e+04 9.411922875410049194e-06
1.345500000000000000e+04 -5.057619238428125510e-04
1.346000000000000000e+04 -6.569934744219317559e-05
1.346500000000000000e+04 4.880654505056675305e-04
1.347000000000000000e+04 1.466599484968341544e-04
1.347500000000000000e+04 -4.592163050354481561e-04
1.348000000000000000e+04 -2.240869713203013942e-04
1.348500000000000000e+04 4.292248425387818205e-04
1.349000000000000000e+04 2.914720024694205866e-04
1.349500000000000000e+04 -3.700938514548431503e-04
1.350000000000000000e+04 -3.167855771388966611e-04
1.350500000000000000e+04 3.225956346956705971e-04
1.351000000000000000e+04 3.633924465278382844e-04
1.351500000000000000e+04 -2.531329978097328847e-04
1.352000000000000000e+04 -4.054694867229976163e-04
1.352500000000000000e+04 1.880315107634768039e-04
1.353000000000000000e+04 4.362037305914819225e-04
1.353500000000000000e+04 -1.171942117811095794e-04
1.354000000000000000e+04 -4.237388818806312927e-04
1.354500000000000000e+04 6.898834555596156874e-05
1.355000000000000000e+04 4.258736495412039245e-04
1.355500000000000000e+04 8.311745133389244360e-06
1.356000000000000000e+04 -4.168465994862819725e-04
1.356500000000000000e+04 -7.975878674364201301e-05
1.357000000000000000e+04 4.044541800497137457e-04
1.357500000000000000e+04 1.401780134683140819e-04
1.358000000000000000e+04 -3.631227804297253582e-04
1.358500000000000000e+04 -1.657507610664510345e-04
1.359000000000000000e+04 3.339470783966520372e-04
1.359500000000000000e+04 2.193266012395085314e-04
1.360000000000000000e+04 -2.825917668734760765e-04
1.360500000000000000e+04 -2.663381033227378678e-04
1.361000000000000000e+04 2.365444587857848792e-04
1.361500000000000000e+04 2.996076755082782402e-04
1.362000000000000000e+04 -1.839210284109058196e-04
1.362500000000000000e+04 -2.948303642633656133e-04
1.363000000000000000e+04 1.490611792209513677e-04
1.363500000000000000e+04 3.107074585498950680e-04
1.364000000000000000e+04 -8.274093875521476875e-05
1.364500000000000000e+04 -3.151951045185361262e-04
1.365000000000000000e+04 2.568287048883251806e-05
1.365500000000000000e+04 3.149225290528619896e-04
1.366000000000000000e+04 2.014294918788432919e-05
1.366500000000000000e+04 -2.874653416961559481e-04
1.367000000000000000e+04 -3.866330757212305651e-05
1.367500000000000000e+04 2.741462870006434798e-04
1.368000000000000000e+04 9.018363341231330950e-05
1.368500000000000000e+04 -2.395467555002424038e-04
1.369000000000000000e+04 -1.318527729639770967e-04
1.369500000000000000e+04 2.119228489912686122e-04
1.370000000000000000e+04 1.583341883356744948e-04
1.370500000000000000e+04 -1.773495804373014255e-04
1.371000000000000000e+04 -1.531933856013103850e-04
1.371500000000000000e+04 1.571177260533785183e-04
1.372000000000000000e+04 1.743322276970097630e-04
1.372500000000000000e+04 -1.053066053929745046e-04
1.373000000000000000e+04 -1.831744126204127774e-04
1.373500000000000000e+04 6.722866717668224195e-05
1.374000000000000000e+04 1.864786167460081722e-04
1.374500000000000000e+04 -4.010716549841084771e-05
1.375000000000000000e+04 -1.656533742930551623e-04
1.375500000000000000e+04 3.329949190143122997e-05
1.376000000000000000e+04 1.619071304236646594e-04
1.376500000000000000e+04 9.130356367471069410e-06
1.377000000000000000e+04 -1.384345583633883180e-04
1.377500000000000000e+04 -3.699926477660986720e-05
1.378000000000000000e+04 1.240363376265920517e-04
1.378500000000000000e+04 4.893968882226252127e-05
1.379000000000000000e+04 -1.028462990715429325e-04
1.379500000000000000e+04 -3.614062811351705925e-05
1.380000000000000000e+04 9.414958390683128878e-05
1.380500000000000000e+04 5.391130096005496575e-05
1.381000000000000000e+04 -5.583838901904339500e-05
1.381500000000000000e+04 -5.733259374130700097e-05
1.382000000000000000e+04 3.650163974052140321e-05
1.382500000000000000e+04 5.476060735500547878e-05
1.383000000000000000e+04 -2.753385321547955971e-05
1.383500000000000000e+04 -3.192847628217614336e-05
1.384000000000000000e+04 3.307403417919457198e-05
1.384500000000000000e+04 2.933921013351564110e-05
1.385000000000000000e+04 -3.070443131551133144e-06
1.385500000000000000e+04 -8.595812815975717940e-06
1.386000000000000000e+04 -6.311634851613231690e-06
1.386500000000000000e+04 -9.941003769256211160e-07
1.387000000000000000e+04 -4.397341732029676537e-07
1.387500000000000000e+04 1.684188175946087408e-05
1.388000000000000000e+04 2.537579519385192459e-05
1.388500000000000000e+04 -2.070327678384793483e-05
1.389000000000000000e+04 -1.751749087766076642e-05
1.389500000000000000e+04 5.062770582161395960e-05
1.390000000000000000e+04 2.753640348203230926e-05
1.390500000000000000e+04 -5.611246138368392446e-05
1.391000000000000000e+04 -4.393319870052300274e-05
1.391500000000000000e+04 5.212234485814129753e-05
1.392000000000000000e+04 7.651118418937328017e-05
1.392500000000000000e+04 -3.793785487296124471e-05
1.393000000000000000e+04 -8.625460212155154334e-05
1.393500000000000000e+04 5.658188046346936410e-05
1.394000000000000000e+04 1.132489244908289129e-04
1.394500000000000000e+04 -4.757880841680146860e-05
1.395000000000000000e+04 -1.275085538184801432e-04
1.395500000000000000e+04 2.274030761130545910e-05
1.396000000000000000e+04 1.474347413227748932e-04
1.396500000000000000e+04 1.465513439887481238e-05
1.397000000000000000e+04 -1.550300062599197859e-04
1.397500000000000000e+04 -1.952341652901092446e-05
1.398000000000000000e+04 1.843000077597411264e-04
1.398500000000000000e+04 4.732807475121455479e-05
1.399000000000000000e+04 -1.841426642201146873e-04
1.399500000000000000e+04 -8.193788479898453901e-05
1.400000000000000000e+04 1.758580938470052631e-04
1.400500000000000000e+04 1.290122109751442193e-04
1.401000000000000000e+04 -1.602258704896114690e-04
1.401500000000000000e+04 -1.519185128105594699e-04
1.402000000000000000e+04 1.725142409361382233e-04
1.402500000000000000e+04 1.924159996731190578e-04
1.403000000000000000e+04 -1.498452762165827139e-04
1.403500000000000000e+04 -2.194627537195240703e-04
1.404000000000000000e+04 1.122588883951276264e-04
1.404500000000000000e+04 2.519071369807554593e-04
1.405000000000000000e+04 -6.649924159652384828e-05
1.405500000000000000e+04 -2.714176466885867209e-04
1.406000000000000000e+04 5.045270642116038239e-05
1.406500000000000000e+04 3.082433215718811937e-04
1.407000000000000000e+04 -5.178178055453284119e-06
1.407500000000000000e+04 -3.118335864915011105e-04
1.408000000000000000e+04 -4.729951627077309627e-05
1.408500000000000000e+04 3.093386763041115479e-04
1.409000000000000000e+04 1.092877193579475711e-04
1.409500000000000000e+04 -3.011463510828326934e-04
1.410000000000000000e+04 -1.474827643097049307e-04
1.410500000000000000e+04 3.145265405190833530e-04
1.411000000000000000e+04 2.051560043990974995e-04
1.411500000000000000e+04 -2.862166873112818345e-04
1.412000000000000000e+04 -2.496820604997459863e-04
1.412500000000000000e+04 2.447657644724109171e-04
1.413000000000000000e+04 2.999667404375429649e-04
1.413500000000000000e+04 -1.982474462220841049e-04
1.414000000000000000e+04 -3.370021505601928226e-04
1.414500000000000000e+04 1.764040714834008640e-04
1.415000000000000000e+04 3.878258860046397802e-04
1.415500000000000000e+04 -1.184490338662477820e-04
1.416000000000000000e+04 -4.033309520245100368e-04
1.416500000000000000e+04 5.317796118600624452e-05
1.417000000000000000e+04 4.157198327996233659e-04
1.417500000000000000e+04 1.956501481360125631e-05
1.418000000000000000e+04 -4.232480275786250769e-04
1.418500000000000000e+04 -7.073928107118408325e-05
1.419000000000000000e+04 4.454873827964577794e-04
1.419500000000000000e+04 1.447554160108121624e-04
1.420000000000000000e+04 -4.207547516083257793e-04
1.420500000000000000e+04 -2.068426017470537657e-04
1.421000000000000000e+04 3.858031306361601933e-04
1.421500000000000000e+04 2.757978292237367023e-04
1.422000000000000000e+04 -3.477807889730469499e-04
1.422500000000000000e+04 -3.318609316320192079e-04
1.423000000000000000e+04 3.278149980299596765e-04
1.423500000000000000e+04 3.995830567356302042e-04
1.424000000000000000e+04 -2.651309682106597356e-04
1.424500000000000000e+04 -4.319005098460144553e-04
1.425000000000000000e+04 1.956970876316767836e-04
1.425500000000000000e+04 4.650974825260280137e-04
1.426000000000000000e+04 -1.199958316580499411e-04
1.426500000000000000e+04 -4.938241476701553129e-04
1.427000000000000000e+04 6.197421995787641630e-05
1.427500000000000000e+04 5.308084958713781562e-04
1.428000000000000000e+04 2.328311435438466570e-05
1.428500000000000000e+04 -5.177000383323093931e-04
1.429000000000000000e+04 -9.838743472706942491e-05
1.429500000000000000e+04 4.986645200507647214e-04
1.430000000000000000e+04 1.820956275852148997e-04
1.430500000000000000e+04 -4.776965986310617693e-04
1.431000000000000000e+04 -2.540986392707203089e-04
1.431500000000000000e+04 4.674312107069132660e-04
1.432000000000000000e+04 3.372322551377653251e-04
1.432500000000000000e+04 -4.090409874661314333e-04
1.433000000000000000e+04 -3.868159135932880324e-04
1.433500000000000000e+04 3.455871867990971424e-04
1.434000000000000000e+04 4.421676355391568206e-04
1.434500000000000000e+04 -2.764618650470818530e-04
1.435000000000000000e+04 -4.932501162477131518e-04
1.435500000000000000e+04 2.199326460424979213e-04
1.436000000000000000e+04 5.472749245635481633e-04
1.436500000000000000e+04 -1.314666870285743894e-04
1.437000000000000000e+04 -5.506626621574590118e-04
1.437500000000000000e+04 5.137186724543165041e-05
1.438000000000000000e+04 5.538179103842488489e-04
1.438500000000000000e+04 3.936465059363991988e-05
1.439000000000000000e+04 -5.555419357020086046e-04
1.439500000000000000e+04 -1.203230503709523024e-04
1.440000000000000000e+04 5.607544458145063016e-04
1.440500000000000000e+04 2.133030022282903339e-04
1.441000000000000000e+04 -5.144306111724421563e-04
1.441500000000000000e+04 -2.761457110082807817e-04
1.442000000000000000e+04 4.662074755856774515e-04
1.442500000000000000e+04 3.501402638863982254e-04
1.443000000000000000e+04 -4.125475440689679711e-04
1.443500000000000000e+04 -4.199727705987901382e-04
1.444000000000000000e+04 3.658585739719108455e-04
1.444500000000000000e+04 4.889761604600276592e-04
1.445000000000000000e+04 -2.830582452300763573e-04
1.445500000000000000e+04 -5.094238687993710461e-04
1.446000000000000000e+04 2.074803991626164384e-04
1.446500000000000000e+04 5.364802078495242536e-04
1.447000000000000000e+04 -1.193377689385507714e-04
1.447500000000000000e+04 -5.620857060292466052e-04
1.448000000000000000e+04 3.860939767688164828e-05
1.448500000000000000e+04 5.848344128352500398e-04
1.449000000000000000e+04 5.596401643668269136e-05
1.449500000000000000e+04 -5.551541770817109258e-04
1.450000000000000000e+04 -1.247208475348372998e-04
1.450500000000000000e+04 5.283486864423850207e-04
1.451000000000000000e+04 2.099100361133942856e-04
1.451500000000000000e+04 -4.961435522104717900e-04
1.452000000000000000e+04 -2.908744083238790426e-04
1.452500000000000000e+04 4.654273249804005827e-04
1.453000000000000000e+04 3.688251084239270970e-04
1.453500000000000000e+04 -3.957180936019106003e-04
1.454000000000000000e+04 -4.026003963999701682e-04
1.454500000000000000e+04 3.332942751580773508e-04
1.455000000000000000e+04 4.504074400288337904e-04
1.455500000000000000e+04 -2.568684315811194151e-04
1.456000000000000000e+04 -4.962019950837245549e-04
1.456500000000000000e+04 1.854864133550761392e-04
1.457000000000000000e+04 5.341142579685288381e-04
1.457500000000000000e+04 -9.814600309126410706e-05
1.458000000000000000e+04 -5.213913420200023355e-04
1.458500000000000000e+04 3.219718820195099576e-05
1.459000000000000000e+04 5.177258497966906112e-04
1.459500000000000000e+04 5.469716313860484026e-05
1.460000000000000000e+04 -5.085150534429684404e-04
1.460500000000000000e+04 -1.369212834456067472e-04
1.461000000000000000e+04 4.960126674940674996e-04
1.461500000000000000e+04 2.152769967255966743e-04
1.462000000000000000e+04 -4.434827953146458805e-04
1.462500000000000000e+04 -2.554837118104659097e-04
1.463000000000000000e+04 3.998672785502805911e-04
1.463500000000000000e+04 3.169330442555587271e-04
1.464000000000000000e+04 -3.415106950349097270e-04
1.464500000000000000e+04 -3.751139085102103655e-04
1.465000000000000000e+04 2.862467654812267284e-04
1.465500000000000000e+04 4.218400802581222372e-04
1.466000000000000000e+04 -2.132571375425661576e-04
1.466500000000000000e+04 -4.221975833207030704e-04
1.467000000000000000e+04 1.579245959406558330e-04
1.467500000000000000e+04 4.386458347719684406e-04
1.468000000000000000e+04 -7.847186048731455530e-05
1.468500000000000000e+04 -4.490694655784475053e-04
1.469000000000000000e+04 4.783874918431729220e-06
1.469500000000000000e+04 4.524403251223229694e-04
1.470000000000000000e+04 6.508316481255727861e-05
1.470500000000000000e+04 -4.168471105691223550e-04
1.471000000000000000e+04 -1.036055201007915174e-04
1.471500000000000000e+04 3.933679934687411817e-04
1.472000000000000000e+04 1.694997584725077121e-04
1.472500000000000000e+04 -3.550956454189261907e-04
1.473000000000000000e+04 -2.299396905014312290e-04
1.473500000000000000e+04 3.186699049944653208e-04
1.474000000000000000e+04 2.766763834556592661e-04
1.474500000000000000e+04 -2.635908614767995799e-04
1.475000000000000000e+04 -2.832242092435417074e-04
1.475500000000000000e+04 2.237326557585201628e-04
1.476000000000000000e+04 3.129126897801201633e-04
1.476500000000000000e+04 -1.582642010761629641e-04
1.477000000000000000e+04 -3.354715238975860669e-04
1.477500000000000000e+04 1.005057142916406475e-04
1.478000000000000000e+04 3.482851278402211465e-04
1.478500000000000000e+04 -4.607275855423964659e-05
1.479000000000000000e+04 -3.252072004983451317e-04
1.479500000000000000e+04 1.632266554695651595e-05
1.480000000000000000e+04 3.186305312329070329e-04
1.480500000000000000e+04 4.508179218246189881e-05
1.481000000000000000e+04 -2.976489818448417243e-04
1.481500000000000000e+04 -9.768744483025035437e-05
1.482000000000000000e+04 2.780299838289307618e-04
1.482500000000000000e+04 1.353903627979822924e-04
1.483000000000000000e+04 -2.399333250239646192e-04
1.483500000000000000e+04 -1.401900184216736624e-04
1.484000000000000000e+04 2.161950289188859756e-04
1.484500000000000000e+04 1.742480220787693981e-04
1.485000000000000000e+04 -1.670863532238146105e-04
1.485500000000000000e+04 -1.990785662320843259e-04
1.486000000000000000e+04 1.285035072826641437e-04
1.486500000000000000e+04 2.123831600578206648e-04
1.487000000000000000e+04 -9.266528664612844527e-05
1.487500000000000000e+04 -1.944706613332530527e-04
1.488000000000000000e+04 7.577730908396728576e-05
1.488500000000000000e+04 1.979304579872969284e-04
1.489000000000000000e+04 -2.530907288864512610e-05
1.489500000000000000e+04 -1.873703515722883615e-04
1.490000000000000000e+04 -1.175431529867935649e-05
1.490500000000000000e+04 1.782736714943262404e-04
1.491000000000000000e+04 3.347179649532086197e-05
1.491500000000000000e+04 -1.519740081881626372e-04
1.492000000000000000e+04 -2.977601199357581449e-05
1.492500000000000000e+04 1.406282860923199556e-04
1.493000000000000000e+04 5.964991426251406838e-05
1.493500000000000000e+04 -1.056106700601928239e-04
1.494000000000000000e+04 -7.687097292721652142e-05
1.494500000000000000e+04 8.457724592801437618e-05
1.495000000000000000e+04 8.145011711940224454e-05
1.495500000000000000e+04 -6.581882369733451428e-05
1.496000000000000000e+04 -6.044463652827771090e-05
1.496500000000000000e+04 6.170380757709466291e-05
1.497000000000000000e+04 6.529581029993927928e-05
1.497500000000000000e+04 -2.460048085177417147e-05
1.498000000000000000e+04 -5.595098166443634194e-05
1.498500000000000000e+04 6.635637220763933470e-06
1.499000000000000000e+04 4.842506742196029925e-05
1.499500000000000000e+04 -3.914822797082943782e-06
1.500000000000000000e+04 -2.581108432373297750e-05
1.500500000000000000e+04 1.972809673908378954e-05
1.501000000000000000e+04 1.974582940403959736e-05
1.501500000000000000e+04 -1.013469387692472524e-07
1.502000000000000000e+04 7.382314255968375675e-06
1.502500000000000000e+04 -1.949957709659736360e-06
1.503000000000000000e+04 -1.688090346046849718e-05
1.503500000000000000e+04 -9.308629294750398215e-06
1.504000000000000000e+04 2.446149487882047399e-05
1.504500000000000000e+04 4.030425744063569597e-05
1.505000000000000000e+04 -2.014767087731035832e-05
1.505500000000000000e+04 -4.219750273630287378e-05
1.506000000000000000e+04 4.592917478646833259e-05
1.506500000000000000e+04 5.956720250833697736e-05
1.507000000000000000e+04 -4.613413815423129618e-05
1.507500000000000000e+04 -7.486329867667851422e-05
1.508000000000000000e+04 3.166871149981735124e-05
1.508500000000000000e+04 1.027359951191685977e-04
1.509000000000000000e+04 -4.363527448880374981e-06
1.509500000000000000e+04 -1.121342840783903490e-04
1.510000000000000000e+04 1.164125935381767910e-05
1.510500000000000000e+04 1.398066826057611095e-04
1.511000000000000000e+04 4.962379635264242988e-06
1.511500000000000000e+04 -1.465958092539202653e-04
1.512000000000000000e+04 -3.519520388429454963e-05
1.512500000000000000e+04 1.518891811490398827e-04
1.513000000000000000e+04 7.978013791210774414e-05
1.513500000000000000e+04 -1.466830490322991812e-04
1.514000000000000000e+04 -9.392290805899208069e-05
1.514500000000000000e+04 1.669405996223702273e-04
1.515000000000000000e+04 1.263019598177105224e-04
1.515500000000000000e+04 -1.551533281644490079e-04
1.516000000000000000e+04 -1.567087121815618296e-04
1.516500000000000000e+04 1.298192339065989086e-04
1.517000000000000000e+04 1.972918737404340543e-04
1.517500000000000000e+04 -9.590017149237291467e-05
1.518000000000000000e+04 -2.178524154205106679e-04
1.518500000000000000e+04 9.308641097856119677e-05
1.519000000000000000e+04 2.544875061933028412e-04
1.519500000000000000e+04 -5.915390283952682085e-05
1.520000000000000000e+04 -2.679308039349244819e-04
1.520500000000000000e+04 1.168012371557974909e-05
1.521000000000000000e+04 2.806566194148479225e-04
1.521500000000000000e+04 4.569568824320360053e-05
1.522000000000000000e+04 -2.833509552154101635e-04
1.522500000000000000e+04 -7.356259399852056171e-05
1.523000000000000000e+04 3.059540004005685131e-04
1.523500000000000000e+04 1.239741491938499852e-04
1.524000000000000000e+04 -2.908143489790538500e-04
1.524500000000000000e+04 -1.729406499811782629e-04
1.525000000000000000e+04 2.640021438796732014e-04
1.525500000000000000e+04 2.302224714724501980e-04
1.526000000000000000e+04 -2.314651869997878136e-04
1.526500000000000000e+04 -2.669049742239138260e-04
1.527000000000000000e+04 2.244184049419078780e-04
1.527500000000000000e+04 3.186845096531545451e-04
1.528000000000000000e+04 -1.788305752675287835e-04
1.528500000000000000e+04 -3.462977238818537866e-04
1.529000000000000000e+04 1.204090611331745913e-04
1.529500000000000000e+04 3.746201192829808871e-04
1.530000000000000000e+04 -5.540156782704938479e-05
1.530500000000000000e+04 -3.929557911794005396e-04
1.531000000000000000e+04 1.668659553966964101e-05
1.531500000000000000e+04 4.256396716156666269e-04
1.532000000000000000e+04 5.012430986546753697e-05
1.532500000000000000e+04 -4.164126064760565057e-04
1.533000000000000000e+04 -1.162953383316436362e-04
1.533500000000000000e+04 3.983872988212610764e-04
1.534000000000000000e+04 1.896891437262344926e-04
1.534500000000000000e+04 -3.763496812861298309e-04
1.535000000000000000e+04 -2.432477272752636504e-04
1.535500000000000000e+04 3.728269051103560061e-04
1.536000000000000000e+04 3.124852022023261048e-04
1.536500000000000000e+04 -3.240640484336723757e-04
1.537000000000000000e+04 -3.580459965381964501e-04
1.537500000000000000e+04 2.641144969501482676e-04
1.538000000000000000e+04 4.065568985685395916e-04
1.538500000000000000e+04 -1.998093393119779670e-04
1.539000000000000000e+04 -4.451479720504313703e-04
1.539500000000000000e+04 1.566417886705359218e-04
1.540000000000000000e+04 4.933562267445117545e-04
1.540500000000000000e+04 -7.923125183795733562e-05
1.541000000000000000e+04 -4.975746895367122100e-04
1.541500000000000000e+04 1.727084565763028210e-06
1.542000000000000000e+04 4.970539100915430473e-04
1.542500000000000000e+04 8.266174406437954087e-05
1.543000000000000000e+04 -4.934058616717566619e-04
1.543500000000000000e+04 -1.494057055045550011e-04
1.544000000000000000e+04 5.008658342830767281e-04
1.544500000000000000e+04 2.339214877210789626e-04
1.545000000000000000e+04 -4.579992663780549258e-04
1.545500000000000000e+04 -2.965505912237963453e-04
1.546000000000000000e+04 4.068689800410640444e-04
1.546500000000000000e+04 3.651274238085160887e-04
1.547000000000000000e+04 -3.527271764781673112e-04
1.547500000000000000e+04 -4.241656207391709499e-04
1.548000000000000000e+04 3.132639829294343371e-04
1.548500000000000000e+04 4.894965888185580025e-04
1.549000000000000000e+04 -2.336750718846880364e-04
1.549500000000000000e+04 -5.110998472664274751e-04
1.550000000000000000e+04 1.538186281052569707e-04
1.550500000000000000e+04 5.332046283684974391e-04
1.551000000000000000e+04 -6.687504883675325770e-05
1.551500000000000000e+04 -5.525199565628468494e-04
1.552000000000000000e+04 -5.835643610371130121e-06
1.552500000000000000e+04 5.760018653757966595e-04
1.553000000000000000e+04 9.950228269494023486e-05
1.553500000000000000e+04 -5.463818713381974213e-04
1.554000000000000000e+04 -1.739343617096517243e-04
1.554500000000000000e+04 5.129243219723168606e-04
1.555000000000000000e+04 2.577673352509187148e-04
1.555500000000000000e+04 -4.771435556889886613e-04
1.556000000000000000e+04 -3.328456233013000749e-04
1.556500000000000000e+04 4.490751544182182897e-04
1.557000000000000000e+04 4.125101597615102203e-04
1.557500000000000000e+04 -3.761558833529413375e-04
1.558000000000000000e+04 -4.509461353752311280e-04
1.558500000000000000e+04 3.038725151502397475e-04
1.559000000000000000e+04 4.960316634364746700e-04
1.559500000000000000e+04 -2.240622686848827707e-04
1.560000000000000000e+04 -5.382828440026668623e-04
1.560500000000000000e+04 1.542959185322871900e-04
1.561000000000000000e+04 5.789120085018915765e-04
1.561500000000000000e+04 -5.997641185495841839e-05
1.562000000000000000e+04 -5.663588295094734671e-04
1.562500000000000000e+04 -1.798139475730726273e-05
1.563000000000000000e+04 5.558855853221790662e-04
1.563500000000000000e+04 1.087735284893933714e-04
1.564000000000000000e+04 -5.432821593047691038e-04
1.564500000000000000e+04 -1.918772798944148210e-04
1.565000000000000000e+04 5.317093296341172037e-04
1.565500000000000000e+04 2.793191428667754169e-04
1.566000000000000000e+04 -4.724673718262224959e-04
1.566500000000000000e+04 -3.298217155069742518e-04
1.567000000000000000e+04 4.162444379498823812e-04
1.567500000000000000e+04 3.934814871491721798e-04
1.568000000000000000e+04 -3.520847898690657282e-04
1.568500000000000000e+04 -4.538943094445451170e-04
1.569000000000000000e+04 2.935789894047069405e-04
1.569500000000000000e+04 5.084132864245366349e-04
1.570000000000000000e+04 -2.072786232416052189e-04
1.570500000000000000e+04 -5.123706811534990040e-04
1.571000000000000000e+04 1.349673005154520113e-04
1.571500000000000000e+04 5.254807706153135759e-04
1.572000000000000000e+04 -4.692535319784968590e-05
1.572500000000000000e+04 -5.361912900417573112e-04
1.573000000000000000e+04 -3.449239042219506965e-05
1.573500000000000000e+04 5.421558294324398336e-04
1.574000000000000000e+04 1.210208035878767999e-04
1.574500000000000000e+04 -5.000132013034126310e-04
1.575000000000000000e+04 -1.759693857573999497e-04
1.575500000000000000e+04 4.648922390646202120e-04
1.576000000000000000e+04 2.502138608851651276e-04
1.576500000000000000e+04 -4.215866964037651653e-04
1.577000000000000000e+04 -3.203030095535876567e-04
1.577500000000000000e+04 3.799032075393986557e-04
1.578000000000000000e+04 3.817673103830907357e-04
1.578500000000000000e+04 -3.082305371251192251e-04
1.579000000000000000e+04 -3.976193456141067129e-04
1.579500000000000000e+04 2.493132160761156891e-04
1.580000000000000000e+04 4.301966839540679005e-04
1.580500000000000000e+04 -1.727211734988436847e-04
1.581000000000000000e+04 -4.595319736077264515e-04
1.581500000000000000e+04 1.020443903934135335e-04
1.582000000000000000e+04 4.795932593212876970e-04
1.582500000000000000e+04 -2.503035443169462850e-05
1.583000000000000000e+04 -4.536116272799469297e-04
1.583500000000000000e+04 -2.596735219986914020e-05
1.584000000000000000e+04 4.400542974992511982e-04
1.584500000000000000e+04 1.012770658539033440e-04
1.585000000000000000e+04 -4.181720858914899589e-04
1.585500000000000000e+04 -1.708059788062652894e-04
1.586000000000000000e+04 3.946388821438234816e-04
1.586500000000000000e+04 2.302821898182569804e-04
1.587000000000000000e+04 -3.404501400155368249e-04
1.587500000000000000e+04 -2.507314134448482583e-04
1.588000000000000000e+04 2.993117953145901940e-04
1.588500000000000000e+04 2.951072131590885437e-04
1.589000000000000000e+04 -2.397102166569186092e-04
1.589500000000000000e+04 -3.345952027227996786e-04
1.590000000000000000e+04 1.859633344503185224e-04
1.590500000000000000e+04 3.615830431508865205e-04
1.591000000000000000e+04 -1.247421263696159494e-04
1.591500000000000000e+04 -3.468491246835837013e-04
1.592000000000000000e+04 8.460942391096297542e-05
1.592500000000000000e+04 3.507587904446075053e-04
1.593000000000000000e+04 -1.688446263542375445e-05
1.593500000000000000e+04 -3.460684730537983843e-04
1.594000000000000000e+04 -4.249707374805172929e-05
1.594500000000000000e+04 3.373680771890239980e-04
1.595000000000000000e+04 9.133238419844924463e-05
1.595500000000000000e+04 -2.990680270990678257e-04
1.596000000000000000e+04 -1.084697681100833447e-04
1.596500000000000000e+04 2.756659947665233566e-04
1.597000000000000000e+04 1.554477759709361247e-04
1.597500000000000000e+04 -2.341044894838050579e-04
1.598000000000000000e+04 -1.948046169697694363e-04
1.598500000000000000e+04 1.990986366861363318e-04
1.599000000000000000e+04 2.195747231525593140e-04
1.599500000000000000e+04 -1.559730536200586485e-04
1.600000000000000000e+04 -2.086319349765669822e-04
1.600500000000000000e+04 1.302769386701261624e-04
1.601000000000000000e+04 2.225223110109154348e-04
1.601500000000000000e+04 -7.578828438114897353e-05
1.602000000000000000e+04 -2.270134155860348811e-04
1.602500000000000000e+04 3.324198853750610704e-05
1.603000000000000000e+04 2.259630058125004966e-04
1.603500000000000000e+04 -1.167956652792471706e-06
1.604000000000000000e+04 -1.979721975435302613e-04
1.604500000000000000e+04 -6.359539854875278738e-06
1.605000000000000000e+04 1.879155649973640043e-04
1.605500000000000000e+04 4.757672328618947925e-05
1.606000000000000000e+04 -1.607668182938729951e-04
1.606500000000000000e+04 -7.711849845858220602e-05
1.607000000000000000e+04 1.415092617876239983e-04
1.607500000000000000e+04 9.087014289733051327e-05
1.608000000000000000e+04 -1.141670980961470295e-04
1.608500000000000000e+04 -7.581850593170756441e-05
1.609000000000000000e+04 1.021559248617235694e-04
1.609500000000000000e+04 9.082225153077653232e-05
1.610000000000000000e+04 -6.223885410660306614e-05
1.610500000000000000e+04 -9.465194053956010628e-05
1.611000000000000000e+04 3.877357686422322198e-05
1.611500000000000000e+04 9.199385636051410191e-05
1.612000000000000000e+04 -2.540398596919809181e-05
1.612500000000000000e+04 -6.625677885956283335e-05
1.613000000000000000e+04 3.037413221228558459e-05
1.613500000000000000e+04 6.201106815736825810e-05
1.614000000000000000e+04 -3.641793733579206255e-07
1.614500000000000000e+04 -4.196165278614303224e-05
1.615000000000000000e+04 -1.253823837905133027e-05
1.615500000000000000e+04 3.143485546419419051e-05
1.616000000000000000e+04 9.098287565222178740e-06
1.616500000000000000e+04 -1.349068167448080351e-05
1.617000000000000000e+04 1.618148775498394422e-05
1.617500000000000000e+04 1.024831969761970664e-05
1.618000000000000000e+04 -7.991715881062158220e-06
1.618500000000000000e+04 1.826290327280604851e-05
1.619000000000000000e+04 1.411461185972754568e-05
1.619500000000000000e+04 -2.529255927693147278e-05
1.620000000000000000e+04 -2.736045657660460370e-05
1.620500000000000000e+04 2.279920562711228136e-05
1.621000000000000000e+04 5.921493298114476685e-05
1.621500000000000000e+04 -6.757757708298417563e-06
1.622000000000000000e+04 -6.631212370125587449e-05
1.622500000000000000e+04 2.430417890040289066e-05
1.623000000000000000e+04 8.835822294166023312e-05
1.623500000000000000e+04 -1.815405956196912567e-05
1.624000000000000000e+04 -9.939902946270586328e-05
1.624500000000000000e+04 -4.363999851180103395e-06
1.625000000000000000e+04 1.168176661975126046e-04
1.625500000000000000e+04 4.243769847788909379e-05
1.626000000000000000e+04 -1.191057057028588941e-04
1.626500000000000000e+04 -4.602390210616949187e-05
1.627000000000000000e+04 1.429036685429482660e-04
1.627500000000000000e+04 6.860839468630222713e-05
1.628000000000000000e+04 -1.402725310287042057e-04
1.628500000000000000e+04 -9.883092685926520124e-05
1.629000000000000000e+04 1.289520265261826393e-04
1.629500000000000000e+04 1.432281129909630671e-04
1.630000000000000000e+04 -1.073399675617878619e-04
1.630500000000000000e+04 -1.606707081850269967e-04
1.631000000000000000e+04 1.155071204921924807e-04
1.631500000000000000e+04 1.932622650546453943e-04
1.632000000000000000e+04 -9.276173463907471327e-05
1.632500000000000000e+04 -2.139260837675576669e-04
1.633000000000000000e+04 5.417073690862678242e-05
1.633500000000000000e+04 2.399472198513040574e-04
1.634000000000000000e+04 -5.145781233259825593e-06
1.634500000000000000e+04 -2.499444349490456837e-04
1.635000000000000000e+04 -1.100747589541548531e-05
1.635500000000000000e+04 2.773824262245539233e-04
1.636000000000000000e+04 5.225540860715929798e-05
1.636500000000000000e+04 -2.742124426616657012e-04
1.637000000000000000e+04 -1.015709630225742607e-04
1.637500000000000000e+04 2.636520941408254139e-04
1.638000000000000000e+04 1.612059871028129394e-04
1.638500000000000000e+04 -2.447057449388874407e-04
1.639000000000000000e+04 -1.933476612593486191e-04
1.639500000000000000e+04 2.499286455797332905e-04
1.640000000000000000e+04 2.423166686549251187e-04
1.640500000000000000e+04 -2.171693322573932773e-04
1.641000000000000000e+04 -2.792516523535105663e-04
1.641500000000000000e+04 1.697976397790637256e-04
1.642000000000000000e+04 3.209409026401961761e-04
1.642500000000000000e+04 -1.157702308370023563e-04
1.643000000000000000e+04 -3.458633695447182500e-04
1.643500000000000000e+04 9.051417329411859196e-05
1.644000000000000000e+04 3.846830895896159210e-04
1.644500000000000000e+04 -3.314913051037424022e-05
1.645000000000000000e+04 -3.900954674067253283e-04
1.645500000000000000e+04 -3.248144050084638703e-05
1.646000000000000000e+04 3.901457693065087952e-04
1.646500000000000000e+04 1.054768076366579274e-04
1.647000000000000000e+04 -3.827353237567081702e-04
1.647500000000000000e+04 -1.523997143195176011e-04
1.648000000000000000e+04 3.929429655280809014e-04
1.648500000000000000e+04 2.193969845770033531e-04
1.649000000000000000e+04 -3.591160591072021331e-04
1.649500000000000000e+04 -2.750962083521652293e-04
1.650000000000000000e+04 3.128790167602205552e-04
1.650500000000000000e+04 3.356348301819349345e-04
1.651000000000000000e+04 -2.625008023395368614e-04
1.651500000000000000e+04 -3.793129776901339061e-04
1.652000000000000000e+04 2.348194165728926250e-04
1.652500000000000000e+04 4.345475873880735905e-04
1.653000000000000000e+04 -1.678807277849522837e-04
1.653500000000000000e+04 -4.553524960966546012e-04
1.654000000000000000e+04 9.301657506714339175e-05
1.654500000000000000e+04 4.737585430878911322e-04
1.655000000000000000e+04 -1.277807880666621861e-05
1.655500000000000000e+04 -4.850672555473101969e-04
1.656000000000000000e+04 -4.473524537586998399e-05
1.656500000000000000e+04 5.074460383301414084e-04
1.657000000000000000e+04 1.268412924459101133e-04
1.657500000000000000e+04 -4.815472518358265819e-04
1.658000000000000000e+04 -1.990042426418933068e-04
1.658500000000000000e+04 4.466720316238005379e-04
1.659000000000000000e+04 2.768285653352031434e-04
1.659500000000000000e+04 -4.091401993303633616e-04
1.660000000000000000e+04 -3.386368756581561350e-04
1.660500000000000000e+04 3.870372753007909135e-04
1.661000000000000000e+04 4.112265410366592092e-04
1.661500000000000000e+04 -3.193204664435277899e-04
1.662000000000000000e+04 -4.502398202058515439e-04
1.662500000000000000e+04 2.449580147773748346e-04
1.663000000000000000e+04 4.907787199888508567e-04
1.663500000000000000e+04 -1.663894626234073242e-04
1.664000000000000000e+04 -5.243708393764377361e-04
1.664500000000000000e+04 1.056283911237988342e-04
1.665000000000000000e+04 5.633270257881544578e-04
1.665500000000000000e+04 -1.511814258450632542e-05
1.666000000000000000e+04 -5.521297732413513182e-04
1.666500000000000000e+04 -6.698092704014168577e-05
1.667000000000000000e+04 5.367652761562704058e-04
1.667500000000000000e+04 1.561137292165919643e-04
1.668000000000000000e+04 -5.194632666796389396e-04
1.668500000000000000e+04 -2.310477323396210056e-04
1.669000000000000000e+04 5.100308425818638391e-04
1.669500000000000000e+04 3.175268361108843536e-04
1.670000000000000000e+04 -4.503014499079788843e-04
1.670500000000000000e+04 -3.729333439362080612e-04
1.671000000000000000e+04 3.865348858880630033e-04
1.671500000000000000e+04 4.345236708946808202e-04
1.672000000000000000e+04 -3.191459484309885387e-04
1.672500000000000000e+04 -4.893079603885300104e-04
1.673000000000000000e+04 2.636820864033377187e-04
1.673500000000000000e+04 5.451592844564412876e-04
1.674000000000000000e+04 -1.735028945361713395e-04
1.674500000000000000e+04 -5.515705546146355007e-04
1.675000000000000000e+04 9.060711452304696511e-05
1.675500000000000000e+04 5.599053678859707917e-04
1.676000000000000000e+04 8.975217547181393242e-07
1.676500000000000000e+04 -5.664537011384733088e-04
1.677000000000000000e+04 -8.077831777521355078e-05
1.677500000000000000e+04 5.738617704430662783e-04
1.678000000000000000e+04 1.741218838000278813e-04
1.678500000000000000e+04 -5.286343013081241157e-04
1.679000000000000000e+04 -2.400289897819529175e-04
1.679500000000000000e+04 4.835445635532903278e-04
1.680000000000000000e+04 3.170417037805066938e-04
1.680500000000000000e+04 -4.350463698206481940e-04
1.681000000000000000e+04 -3.874026288094149263e-04
1.681500000000000000e+04 3.923496661889811030e-04
1.682000000000000000e+04 4.561470186937354788e-04
1.682500000000000000e+04 -3.110047239458309416e-04
1.683000000000000000e+04 -4.786021871601581494e-04
1.683500000000000000e+04 2.368136243976336924e-04
1.684000000000000000e+04 5.099563586063632402e-04
1.684500000000000000e+04 -1.526177013767064075e-04
1.685000000000000000e+04 -5.391800784680872774e-04
1.685500000000000000e+04 7.711688151293272903e-05
1.686000000000000000e+04 5.634184387934851540e-04
1.686500000000000000e+04 1.429794260241812352e-05
1.687000000000000000e+04 -5.353728044139755308e-04
1.687500000000000000e+04 -8.231868079174565708e-05
1.688000000000000000e+04 5.131638105973835608e-04
1.688500000000000000e+04 1.660171520280449853e-04
1.689000000000000000e+04 -4.874927854884120127e-04
1.689500000000000000e+04 -2.430842869582013608e-04
1.690000000000000000e+04 4.619368196050312810e-04
1.690500000000000000e+04 3.173212529239232533e-04
1.691000000000000000e+04 -3.955220938998303877e-04
1.691500000000000000e+04 -3.503526290139980697e-04
1.692000000000000000e+04 3.375797901867118680e-04
1.692500000000000000e+04 3.994698157928657759e-04
1.693000000000000000e+04 -2.687030919730983188e-04
1.693500000000000000e+04 -4.455498909776107542e-04
1.694000000000000000e+04 2.057193075412181999e-04
1.694500000000000000e+04 4.822628822901242184e-04
1.695000000000000000e+04 -1.245267383577326411e-04
1.695500000000000000e+04 -4.696994404553263085e-04
1.696000000000000000e+04 6.307524130058620349e-05
1.696500000000000000e+04 4.698024146237398139e-04
1.697000000000000000e+04 1.767001015324342467e-05
1.697500000000000000e+04 -4.660706624165168364e-04
1.698000000000000000e+04 -9.141038565051311823e-05
1.698500000000000000e+04 4.576897157938422775e-04
1.699000000000000000e+04 1.621884853611795104e-04
1.699500000000000000e+04 -4.083773795688224145e-04
1.700000000000000000e+04 -1.980004975104549675e-04
1.700500000000000000e+04 3.704617393165260115e-04
1.701000000000000000e+04 2.564655412036531733e-04
1.701500000000000000e+04 -3.212497842053177216e-04
1.702000000000000000e+04 -3.102389958161560503e-04
1.702500000000000000e+04 2.756695588359431032e-04
1.703000000000000000e+04 3.517160402166723504e-04
1.703500000000000000e+04 -2.103452506988954466e-04
1.704000000000000000e+04 -3.491729903355739336e-04
1.704500000000000000e+04 1.621910248791162430e-04
1.705000000000000000e+04 3.665414937337458496e-04
1.705500000000000000e+04 -9.253369757614753814e-05
1.706000000000000000e+04 -3.791784624928521558e-04
1.706500000000000000e+04 3.091969599394935617e-05
1.707000000000000000e+04 3.835377449712872250e-04
1.707500000000000000e+04 2.819461105395767872e-05
1.708000000000000000e+04 -3.491080446419262155e-04
1.708500000000000000e+04 -5.882811802381922647e-05
1.709000000000000000e+04 3.303844888051418434e-04
1.709500000000000000e+04 1.172447973661929475e-04
1.710000000000000000e+04 -3.004476032835654291e-04
1.710500000000000000e+04 -1.683311554872327065e-04
1.711000000000000000e+04 2.726480853554511777e-04
1.711500000000000000e+04 2.054154433750735509e-04
1.712000000000000000e+04 -2.247293697273361316e-04
1.712500000000000000e+04 -2.052720004922265081e-04
1.713000000000000000e+04 1.929138850197222629e-04
1.713500000000000000e+04 2.317874024671765919e-04
1.714000000000000000e+04 -1.389832796044135907e-04
1.714500000000000000e+04 -2.518339724855427498e-04
1.715000000000000000e+04 9.495553549027554974e-05
1.715500000000000000e+04 2.610674786517322085e-04
1.716000000000000000e+04 -5.281742873064974967e-05
1.716500000000000000e+04 -2.356011886214923906e-04
1.717000000000000000e+04 3.329290661703405659e-05
1.717500000000000000e+04 2.309523903277916344e-04
1.718000000000000000e+04 1.707294569253555415e-05
1.718500000000000000e+04 -2.152832779630184661e-04
1.719000000000000000e+04 -5.630321261671596047e-05
1.719500000000000000e+04 2.010059948329596133e-04
1.720000000000000000e+04 8.073276761150875182e-05
1.720500000000000000e+04 -1.675282262461093709e-04
1.721000000000000000e+04 -7.537392373923953071e-05
1.721500000000000000e+04 1.506373307104017054e-04
1.722000000000000000e+04 1.019941680509072959e-04
1.722500000000000000e+04 -1.125017434992238023e-04
1.723000000000000000e+04 -1.192239167157710221e-04
1.723500000000000000e+04 8.689043692936703920e-05
1.724000000000000000e+04 1.239919808702219040e-04
1.724500000000000000e+04 -6.271799547562119501e-05
1.725000000000000000e+04 -9.953475467586142100e-05
1.725500000000000000e+04 5.654972653572984956e-05
1.726000000000000000e+04 1.009788277504763515e-04
1.726500000000000000e+04 -1.888330699747829323e-05
1.727000000000000000e+04 -9.121661976878066432e-05
1.727500000000000000e+04 -2.667982525178730880e-06
1.728000000000000000e+04 8.262286465122307998e-05
1.728500000000000000e+04 9.242291455728132002e-06
1.729000000000000000e+04 -5.689419757158570003e-05
1.729500000000000000e+04 6.776988055474557041e-06
1.730000000000000000e+04 4.945247196212109792e-05
1.730500000000000000e+04 1.231268559350468046e-05
1.731000000000000000e+04 -2.271094181786831727e-05
1.731500000000000000e+04 -1.765492614795051012e-05
1.732000000000000000e+04 1.157273959618374371e-05
1.732500000000000000e+04 9.527424781669193763e-06
1.733000000000000000e+04 -1.693189996560426295e-06
1.733500000000000000e+04 2.170683462467251756e-05
1.734000000000000000e+04 6.760984806239550538e-06
1.734500000000000000e+04 -2.288194409238676340e-05
1.735000000000000000e+04 1.796095987903796942e-05
1.735500000000000000e+04 3.636744958283613481e-05
1.736000000000000000e+04 -2.066954226074728257e-05
1.736500000000000000e+04 -4.871457803426128594e-05
1.737000000000000000e+04 8.676969352300872767e-06
1.737500000000000000e+04 7.537049402161051731e-05
1.738000000000000000e+04 1.967645571025307825e-05
1.738500000000000000e+04 -8.144005210599458775e-05
1.739000000000000000e+04 -1.244062001346938290e-05
1.739500000000000000e+04 1.044252601857834718e-04
1.740000000000000000e+04 2.477266690316708224e-05
1.740500000000000000e+04 -1.087598523545535759e-04
1.741000000000000000e+04 -5.111956187043771197e-05
1.741500000000000000e+04 1.118389594439021432e-04
1.742000000000000000e+04 9.457325636065345347e-05
1.742500000000000000e+04 -1.015479165157018960e-04
1.743000000000000000e+04 -1.055209275464990458e-04
1.743500000000000000e+04 1.173718010764900798e-04
1.744000000000000000e+04 1.312489019040046737e-04
1.744500000000000000e+04 -1.048968714484810376e-04
1.745000000000000000e+04 -1.559760139111098388e-04
1.745500000000000000e+04 7.843089323758587297e-05
1.746000000000000000e+04 1.919526560574043197e-04
1.746500000000000000e+04 -4.045504006338697286e-05
1.747000000000000000e+04 -2.051834178718077168e-04
1.747500000000000000e+04 3.582001242547143118e-05
1.748000000000000000e+04 2.332504541368516098e-04
1.748500000000000000e+04 -4.619671398040506607e-06
1.749000000000000000e+04 -2.401978032664859241e-04
1.749500000000000000e+04 -4.072021199604659538e-05
1.750000000000000000e+04 2.459745213598353900e-04
1.750500000000000000e+04 9.790657086520667611e-05
1.751000000000000000e+04 -2.388426374395099638e-04
1.751500000000000000e+04 -1.223789548779862782e-04
1.752000000000000000e+04 2.528834897504590165e-04
1.752500000000000000e+04 1.656738735457140873e-04
1.753000000000000000e+04 -2.326792008244486093e-04
1.753500000000000000e+04 -2.083779252687099448e-04
1.754000000000000000e+04 1.997591066395977154e-04
1.754500000000000000e+04 2.595673225840642142e-04
1.755000000000000000e+04 -1.587073875824291064e-04
1.755500000000000000e+04 -2.866830224953992399e-04
1.756000000000000000e+04 1.463327586654989342e-04
1.756500000000000000e+04 3.275519956287482643e-04
1.757000000000000000e+04 -9.982827424654907482e-05
1.757500000000000000e+04 -3.458672949961072679e-04
1.758000000000000000e+04 3.959345256386778147e-05
1.758500000000000000e+04 3.635119607539181639e-04
1.759000000000000000e+04 2.833380639340150748e-05
1.759500000000000000e+04 -3.681101016014835174e-04
1.760000000000000000e+04 -6.576255324879239864e-05
1.760500000000000000e+04 3.885483374078950881e-04
1.761000000000000000e+04 1.274858585348611403e-04
1.761500000000000000e+04 -3.699061895192128015e-04
1.762000000000000000e+04 -1.892705007403915703e-04
1.762500000000000000e+04 3.406197619585991476e-04
1.763000000000000000e+04 2.574582349681053166e-04
1.763500000000000000e+04 -3.052817529851086387e-04
1.764000000000000000e+04 -3.015835254949394083e-04
1.764500000000000000e+04 2.921976109053333812e-04
1.765000000000000000e+04 3.598433265956584937e-04
1.765500000000000000e+04 -2.376951566301638698e-04
1.766000000000000000e+04 -3.954000541882945466e-04
1.766500000000000000e+04 1.706534299845855016e-04
1.767000000000000000e+04 4.314827778817993524e-04
1.767500000000000000e+04 -9.887927485348483377e-05
1.768000000000000000e+04 -4.543012180860034116e-04
1.768500000000000000e+04 5.315083671858099497e-05
1.769000000000000000e+04 4.881201497189281550e-04
1.769500000000000000e+04 2.326352905893797323e-05
1.770000000000000000e+04 -4.797857252926867374e-04
1.770500000000000000e+04 -1.003987778230221878e-04
1.771000000000000000e+04 4.639122883179712495e-04
1.771500000000000000e+04 1.826906119691103160e-04
1.772000000000000000e+04 -4.430887140361184913e-04
1.772500000000000000e+04 -2.425067348276322809e-04
1.773000000000000000e+04 4.372202956379133928e-04
1.773500000000000000e+04 3.184173307531067447e-04
1.774000000000000000e+04 -3.838351598072082789e-04
1.774500000000000000e+04 -3.727384376674416845e-04
1.775000000000000000e+04 3.202013574706140289e-04
1.775500000000000000e+04 4.295860447238760002e-04
1.776000000000000000e+04 -2.537294118927796048e-04
1.776500000000000000e+04 -4.732745562728982234e-04
1.777000000000000000e+04 2.071349227789549320e-04
1.777500000000000000e+04 5.243205763425547302e-04
1.778000000000000000e+04 -1.233377008598802245e-04
1.778500000000000000e+04 -5.322984763505718940e-04
1.779000000000000000e+04 3.855519493102107853e-05
1.779500000000000000e+04 5.369977310201249623e-04
1.780000000000000000e+04 5.088863196443114192e-05
1.780500000000000000e+04 -5.372057965268178283e-04
1.781000000000000000e+04 -1.209504658188666735e-04
1.781500000000000000e+04 5.451381058966191890e-04
1.782000000000000000e+04 2.103680838003012818e-04
1.782500000000000000e+04 -5.014492742684004741e-04
1.783000000000000000e+04 -2.802725574844777191e-04
1.783500000000000000e+04 4.511825501102935854e-04
1.784000000000000000e+04 3.553729071403608874e-04
1.784500000000000000e+04 -3.991358374475169378e-04
1.785000000000000000e+04 -4.179526510117321787e-04
1.785500000000000000e+04 3.598428312887597537e-04
1.786000000000000000e+04 4.858197234393019722e-04
1.786500000000000000e+04 -2.776198362205257119e-04
1.787000000000000000e+04 -5.119260003283796889e-04
1.787500000000000000e+04 1.950299111327523816e-04
1.788000000000000000e+04 5.400625358637041115e-04
1.788500000000000000e+04 -1.077676067404354681e-04
1.789000000000000000e+04 -5.637777463220348863e-04
1.789500000000000000e+04 3.563875889555199073e-05
1.790000000000000000e+04 5.888687644801746807e-04
1.790500000000000000e+04 5.980757395007104185e-05
1.791000000000000000e+04 -5.607709021742336881e-04
1.791500000000000000e+04 -1.382455470961515328e-04
1.792000000000000000e+04 5.312585119476213955e-04
1.792500000000000000e+04 2.248606026366502296e-04
1.793000000000000000e+04 -5.004034640125723564e-04
1.793500000000000000e+04 -3.001142963509078232e-04
1.794000000000000000e+04 4.750672518850332002e-04
1.794500000000000000e+04 3.801483264985861628e-04
1.795000000000000000e+04 -4.027137310897855173e-04
1.795500000000000000e+04 -4.216670373859714616e-04
1.796000000000000000e+04 3.319412809781491528e-04
1.796500000000000000e+04 4.711889852351673646e-04
1.797000000000000000e+04 -2.562627220639660127e-04
1.797500000000000000e+04 -5.160831508881787676e-04
1.798000000000000000e+04 1.908687044629089761e-04
1.798500000000000000e+04 5.574189802720293024e-04
1.799000000000000000e+04 -9.827080338043847445e-05
1.799500000000000000e+04 -5.467239030100116449e-04
1.800000000000000000e+04 2.042101766588181195e-05
1.800500000000000000e+04 5.411011773184272976e-04
1.801000000000000000e+04 6.842149308508357485e-05
1.801500000000000000e+04 -5.340705461377686768e-04
1.802000000000000000e+04 -1.473648726470752678e-04
1.802500000000000000e+04 5.259641289506954663e-04
1.803000000000000000e+04 2.317975234660781317e-04
1.803500000000000000e+04 -4.690206182900183104e-04
1.804000000000000000e+04 -2.823079609997571266e-04
1.804500000000000000e+04 4.171946740194598375e-04
1.805000000000000000e+04 3.468387757235904265e-04
1.805500000000000000e+04 -3.602107350372659388e-04
1.806000000000000000e+04 -4.062142059939745473e-04
1.806500000000000000e+04 3.086858927340875038e-04
1.807000000000000000e+04 4.586910462801823264e-04
1.807500000000000000e+04 -2.269184626255962497e-04
1.808000000000000000e+04 -4.628255864384573531e-04
1.808500000000000000e+04 1.585530795267143676e-04
1.809000000000000000e+04 4.793476298997320141e-04
1.809500000000000000e+04 -7.700095706886646123e-05
1.810000000000000000e+04 -4.938748845130020619e-04
1.810500000000000000e+04 3.936127671257095249e-06
1.811000000000000000e+04 5.018859902089604919e-04
1.811500000000000000e+04 7.598783302585088455e-05
1.812000000000000000e+04 -4.618069898300291285e-04
1.812500000000000000e+04 -1.271318428244560053e-04
1.813000000000000000e+04 4.319138321715710422e-04
1.813500000000000000e+04 1.976276132991282763e-04
1.814000000000000000e+04 -3.966423007180223167e-04
1.814500000000000000e+04 -2.619415886641367143e-04
1.815000000000000000e+04 3.625653805540662009e-04
1.815500000000000000e+04 3.174719740956365600e-04
1.816000000000000000e+04 -2.966689497212145806e-04
1.816500000000000000e+04 -3.303296362584963301e-04
1.817000000000000000e+04 2.442413415850694966e-04
1.817500000000000000e+04 3.629496968931604181e-04
1.818000000000000000e+04 -1.773595380020087273e-04
1.818500000000000000e+04 -3.923118252831327992e-04
1.819000000000000000e+04 1.179756029611335314e-04
1.819500000000000000e+04 4.110820104462710781e-04
1.820000000000000000e+04 -5.030478613539780488e-05
1.820500000000000000e+04 -3.850025785717610958e-04
1.821000000000000000e+04 6.578152147873817107e-06
1.821500000000000000e+04 3.752834146280297368e-04
1.822000000000000000e+04 6.047082083109898883e-05
1.822500000000000000e+04 -3.598630802663243286e-04
1.823000000000000000e+04 -1.195728978748826114e-04
1.823500000000000000e+04 3.422603927311415454e-04
1.824000000000000000e+04 1.691166843125107623e-04
1.824500000000000000e+04 -2.930713524384583003e-04
1.825000000000000000e+04 -1.828246630304663015e-04
1.825500000000000000e+04 2.590124500846577825e-04
1.826000000000000000e+04 2.228290671405968378e-04
1.826500000000000000e+04 -2.102290594663654079e-04
1.827000000000000000e+04 -2.573864680168185697e-04
1.827500000000000000e+04 1.686342244383554859e-04
1.828000000000000000e+04 2.785792775292467529e-04
1.828500000000000000e+04 -1.177758588661973220e-04
1.829000000000000000e+04 -2.602248066165343968e-04
1.829500000000000000e+04 8.706449944973712076e-05
1.830000000000000000e+04 2.647658520363576230e-04
1.830500000000000000e+04 -3.089148389019582934e-05
1.831000000000000000e+04 -2.628806540605033528e-04
1.831500000000000000e+04 -1.463872014205569806e-05
1.832000000000000000e+04 2.563912558989310249e-04
1.832500000000000000e+04 5.053542210021511500e-05
1.833000000000000000e+04 -2.203888052079545033e-04
1.833500000000000000e+04 -5.767167160733038822e-05
1.834000000000000000e+04 2.025647763170755318e-04
1.834500000000000000e+04 9.594656469200416819e-05
1.835000000000000000e+04 -1.705527324099866116e-04
1.835500000000000000e+04 -1.253980912183625968e-04
1.836000000000000000e+04 1.461439385993225045e-04
1.836500000000000000e+04 1.397858048012844167e-04
1.837000000000000000e+04 -1.122618691723753368e-04
1.837500000000000000e+04 -1.212766852806814122e-04
1.838000000000000000e+04 9.621310979696895654e-05
1.838500000000000000e+04 1.316360851561622033e-04
1.839000000000000000e+04 -5.456268528888817357e-05
1.839500000000000000e+04 -1.340357875452681893e-04
1.840000000000000000e+04 2.720690323351383444e-05
1.840500000000000000e+04 1.302167533470747736e-04
1.841000000000000000e+04 -9.213804979962963112e-06
1.841500000000000000e+04 -1.005122640507280355e-04
1.842000000000000000e+04 1.352827948179792550e-05
1.842500000000000000e+04 9.285832186624245078e-05
1.843000000000000000e+04 1.581282651026239499e-05
1.843500000000000000e+04 -7.193367582487585662e-05
1.844000000000000000e+04 -3.161060555982141417e-05
1.844500000000000000e+04 5.955787197562022119e-05
1.845000000000000000e+04 3.144768896115686174e-05
1.845500000000000000e+04 -3.833889363524608141e-05
1.846000000000000000e+04 -5.526988505879525023e-06
1.846500000000000000e+04 3.418942940985227464e-05
1.847000000000000000e+04 1.297168424816047152e-05
1.847500000000000000e+04 -6.127002813867091421e-06
1.848000000000000000e+04 -9.705370956506922497e-06
1.848500000000000000e+04 -3.255024038485253234e-06
1.849000000000000000e+04 -8.418396273591257667e-07
1.849500000000000000e+04 3.677509300218098922e-06
1.850000000000000000e+04 3.263275907388351086e-05
1.850500000000000000e+04 1.299962104187491092e-05
1.851000000000000000e+04 -3.846703062614805060e-05
1.851500000000000000e+04 3.870219036938244671e-06
1.852000000000000000e+04 5.686091911875909631e-05
1.852500000000000000e+04 -1.201337290842123967e-06
1.853000000000000000e+04 -6.559380491238338870e-05
1.853500000000000000e+04 -1.772956580094574709e-05
1.854000000000000000e+04 8.187112927687262970e-05
1.854500000000000000e+04 5.562191395809073607e-05
1.855000000000000000e+04 -8.059164672625822778e-05
1.855500000000000000e+04 -5.785609533320854779e-05
1.856000000000000000e+04 1.001939798973124833e-04
1.856500000000000000e+04 7.504850350999300781e-05
1.857000000000000000e+04 -9.646446325418685903e-05
1.857500000000000000e+04 -1.002695780992423030e-04
1.858000000000000000e+04 8.427495468876989226e-05
1.858500000000000000e+04 1.417531266445033928e-04
1.859000000000000000e+04 -5.866782506458631237e-05
1.859500000000000000e+04 -1.541786770256313986e-04
1.860000000000000000e+04 6.395796329527174027e-05
1.860500000000000000e+04 1.792848047100211795e-04
1.861000000000000000e+04 -4.280376444719697363e-05
1.861500000000000000e+04 -1.938620615612232363e-04
1.862000000000000000e+04 5.603562802684665597e-06
1.862500000000000000e+04 2.143787378592242000e-04
1.863000000000000000e+04 4.474307495541171830e-05
1.863500000000000000e+04 -2.161565418980771738e-04
1.864000000000000000e+04 -5.975675657637722634e-05
1.864500000000000000e+04 2.351649876982527486e-04
1.865000000000000000e+04 9.548571348764258197e-05
1.865500000000000000e+04 -2.265491223583322223e-04
1.866000000000000000e+04 -1.398008154710592870e-04
1.866500000000000000e+04 2.102049181050224765e-04
1.867000000000000000e+04 1.957103216934231830e-04
1.867500000000000000e+04 -1.826625147742165739e-04
1.868000000000000000e+04 -2.209802124149718577e-04
1.868500000000000000e+04 1.812841767154688177e-04
1.869000000000000000e+04 2.603916176248812593e-04
1.869500000000000000e+04 -1.462937857044436217e-04
1.870000000000000000e+04 -2.889743863015498322e-04
1.870500000000000000e+04 9.606149155806943652e-05
1.871000000000000000e+04 3.220328712087919937e-04
1.871500000000000000e+04 -3.717192567322753684e-05
1.872000000000000000e+04 -3.351308646928115461e-04
1.872500000000000000e+04 1.063861613357469074e-05
1.873000000000000000e+04 3.620124295376290330e-04
1.873500000000000000e+04 4.354633782793994508e-05
1.874000000000000000e+04 -3.579707529913108408e-04
1.874500000000000000e+04 -1.066443924116722254e-04
1.875000000000000000e+04 3.474178753052736129e-04
1.875500000000000000e+04 1.774650390751455944e-04
1.876000000000000000e+04 -3.267427249488219303e-04
1.876500000000000000e+04 -2.180455619274718291e-04
1.877000000000000000e+04 3.261725846641732565e-04
1.877500000000000000e+04 2.758043720372856805e-04
1.878000000000000000e+04 -2.853843550626619066e-04
1.878500000000000000e+04 -3.231402224610586071e-04
1.879000000000000000e+04 2.309448227372894191e-04
1.879500000000000000e+04 3.740238844747437912e-04
1.880000000000000000e+04 -1.709673242379974043e-04
1.880500000000000000e+04 -4.042834460258075066e-04
1.881000000000000000e+04 1.380691661166532247e-04
1.881500000000000000e+04 4.458355996918180169e-04
1.882000000000000000e+04 -7.006542460772106819e-05
1.882500000000000000e+04 -4.546519792195558452e-04
1.883000000000000000e+04 -6.739116578035918629e-06
1.883500000000000000e+04 4.589296852095408100e-04
1.884000000000000000e+04 8.841829385081793869e-05
1.884500000000000000e+04 -4.534559516069666348e-04
1.885000000000000000e+04 -1.423714330462734511e-04
1.885500000000000000e+04 4.616252906675910833e-04
1.886000000000000000e+04 2.179805031836416144e-04
1.886500000000000000e+04 -4.243660856024847588e-04
1.887000000000000000e+04 -2.841816995694258752e-04
1.887500000000000000e+04 3.760932094070465318e-04
1.888000000000000000e+04 3.537545961192405737e-04
1.888500000000000000e+04 -3.242095487431937871e-04
1.889000000000000000e+04 -4.030179192202654236e-04
1.889500000000000000e+04 2.925050681884350202e-04
1.890000000000000000e+04 4.625438403502776926e-04
1.890500000000000000e+04 -2.186050345406968527e-04
1.891000000000000000e+04 -4.892471403021396437e-04
1.891500000000000000e+04 1.367938363422344431e-04
1.892000000000000000e+04 5.142999428745933599e-04
1.892500000000000000e+04 -5.195560135338206137e-05
1.893000000000000000e+04 -5.296893341973804526e-04
1.893500000000000000e+04 -9.573895823986862551e-06
1.894000000000000000e+04 5.527651946240729180e-04
1.894500000000000000e+04 9.817074073808429110e-05
1.895000000000000000e+04 -5.272715940328481397e-04
1.895500000000000000e+04 -1.786599112633457454e-04
1.896000000000000000e+04 4.946647757257750843e-04
1.896500000000000000e+04 2.630713153355456282e-04
1.897000000000000000e+04 -4.594595643199077587e-04
1.897500000000000000e+04 -3.286374352439440263e-04
1.898000000000000000e+04 4.367897193512349733e-04
1.898500000000000000e+04 4.050348963096386226e-04
1.899000000000000000e+04 -3.661255464693545449e-04
1.899500000000000000e+04 -4.501801575352010871e-04
1.900000000000000000e+04 2.896017075821399694e-04
1.900500000000000000e+04 4.974222060433827362e-04
1.901000000000000000e+04 -2.110883797049990871e-04
1.901500000000000000e+04 -5.351109673848805258e-04
1.902000000000000000e+04 1.500770389317603287e-04
1.902500000000000000e+04 5.757426237170301360e-04
1.903000000000000000e+04 -5.643034270313696644e-05
1.903500000000000000e+04 -5.671184230092974309e-04
1.904000000000000000e+04 -3.019387589809105382e-05
1.904500000000000000e+04 5.565891654366744712e-04
1.905000000000000000e+04 1.217785333618602643e-04
1.905500000000000000e+04 -5.438194887651593866e-04
1.906000000000000000e+04 -1.970333499620008073e-04
1.906500000000000000e+04 5.361074861624934773e-04
1.907000000000000000e+04 2.850358786641494124e-04
1.907500000000000000e+04 -4.766846343437881688e-04
1.908000000000000000e+04 -3.446413229033334891e-04
1.908500000000000000e+04 4.149237997037768708e-04
1.909000000000000000e+04 4.106373064125490259e-04
1.909500000000000000e+04 -3.516378461213093233e-04
1.910000000000000000e+04 -4.673418311765339820e-04
1.910500000000000000e+04 2.993692318073859081e-04
1.911000000000000000e+04 5.238310578246007862e-04
1.911500000000000000e+04 -2.096184293067660106e-04
1.912000000000000000e+04 -5.328598685253111344e-04
1.912500000000000000e+04 1.265950913325077358e-04
1.913000000000000000e+04 5.462742602068316891e-04
1.913500000000000000e+04 -3.743652660178525463e-05
1.914000000000000000e+04 -5.573133184136265560e-04
1.914500000000000000e+04 -3.862173272705044305e-05
1.915000000000000000e+04 5.668562400800090635e-04
1.915500000000000000e+04 1.301347370124260620e-04
1.916000000000000000e+04 -5.235657209169492171e-04
1.916500000000000000e+04 -1.967711794300087914e-04
1.917000000000000000e+04 4.830237045672214195e-04
1.917500000000000000e+04 2.741222384418427293e-04
1.918000000000000000e+04 -4.410234311426551829e-04
1.918500000000000000e+04 -3.425343671892803620e-04
1.919000000000000000e+04 4.036316409668655198e-04
1.919500000000000000e+04 4.091561909133655580e-04
1.920000000000000000e+04 -3.254292202812633541e-04
1.920500000000000000e+04 -4.322576138202254069e-04
1.921000000000000000e+04 2.549588530749400685e-04
1.921500000000000000e+04 4.665973206549101407e-04
1.922000000000000000e+04 -1.773720726093811493e-04
1.922500000000000000e+04 -4.979570665907778575e-04
1.923000000000000000e+04 1.094294316152875902e-04
1.923500000000000000e+04 5.226598344438695498e-04
1.924000000000000000e+04 -2.324314722555689787e-05
1.924500000000000000e+04 -4.961493955770514578e-04
1.925000000000000000e+04 -4.149655700328254486e-05
1.925500000000000000e+04 4.788150547952833846e-04
1.926000000000000000e+04 1.207124242375378324e-04
1.926500000000000000e+04 -4.597368425959775053e-04
1.927000000000000000e+04 -1.912119257576655365e-04
1.927500000000000000e+04 4.395654036631512960e-04
1.928000000000000000e+04 2.596166322244929212e-04
1.928500000000000000e+04 -3.773411387932674652e-04
1.929000000000000000e+04 -2.899346982542049911e-04
1.929500000000000000e+04 3.254403624857936882e-04
1.930000000000000000e+04 3.381621133862397748e-04
1.930500000000000000e+04 -2.658326046329344576e-04
1.931000000000000000e+04 -3.822197847757369564e-04
1.931500000000000000e+04 2.126900855240014532e-04
1.932000000000000000e+04 4.159883893865301292e-04
1.932500000000000000e+04 -1.391239181827515399e-04
1.933000000000000000e+04 -4.026702151453873915e-04
1.933500000000000000e+04 8.440059100058894031e-05
1.934000000000000000e+04 4.057300690655646076e-04
1.934500000000000000e+04 -1.251880903442671471e-05
1.935000000000000000e+04 -4.063001385349032852e-04
1.935500000000000000e+04 -5.043906094939068561e-05
1.936000000000000000e+04 4.011682180222724686e-04
1.936500000000000000e+04 1.117790076418322370e-04
1.937000000000000000e+04 -3.550730048820389668e-04
1.937500000000000000e+04 -1.411059161904655199e-04
1.938000000000000000e+04 3.234237561024229509e-04
1.938500000000000000e+04 1.940124317810185443e-04
1.939000000000000000e+04 -2.838649702151854184e-04
1.939500000000000000e+04 -2.407616231078701322e-04
1.940000000000000000e+04 2.482478248849431172e-04
1.940500000000000000e+04 2.749736126678095768e-04
1.941000000000000000e+04 -1.911668768521527823e-04
1.941500000000000000e+04 -2.681473525199951752e-04
1.942000000000000000e+04 1.516928782146964236e-04
1.942500000000000000e+04 2.848432396171733357e-04
1.943000000000000000e+04 -9.376967901171404584e-05
1.943500000000000000e+04 -2.976003983283651076e-04
1.944000000000000000e+04 4.566822224509319586e-05
1.944500000000000000e+04 3.012436418717897983e-04
1.945000000000000000e+04 1.558908748809626688e-06
1.945500000000000000e+04 -2.672328231920353221e-04
1.946000000000000000e+04 -2.259117037272359346e-05
1.946500000000000000e+04 2.528852046222853180e-04
1.947000000000000000e+04 7.115237106448760727e-05
1.947500000000000000e+04 -2.305975699103883871e-04
1.948000000000000000e+04 -1.105459187593285647e-04
1.948500000000000000e+04 2.105362136163103145e-04
1.949000000000000000e+04 1.362308448929529789e-04
1.949500000000000000e+04 -1.693894575639824857e-04
1.950000000000000000e+04 -1.280167882204073760e-04
1.950500000000000000e+04 1.461881653155030711e-04
1.951000000000000000e+04 1.494721730417379699e-04
1.951500000000000000e+04 -1.046714637179298467e-04
1.952000000000000000e+04 -1.645184149005237946e-04
1.952500000000000000e+04 7.466324836458132887e-05
1.953000000000000000e+04 1.681127710931253788e-04
1.953500000000000000e+04 -4.493317497074768698e-05
1.954000000000000000e+04 -1.391352934463826736e-04
1.954500000000000000e+04 3.658732857962711011e-05
1.955000000000000000e+04 1.353855825438700410e-04
1.955500000000000000e+04 1.042453187850089559e-06
1.956000000000000000e+04 -1.234408145981531161e-04
1.956500000000000000e+04 -2.535093702002423432e-05
1.957000000000000000e+04 1.127275867526656534e-04
1.957500000000000000e+04 3.551889782560994734e-05
1.958000000000000000e+04 -8.271184389763515030e-05
1.958500000000000000e+04 -1.909531937445060472e-05
1.959000000000000000e+04 7.236926888640237213e-05
1.959500000000000000e+04 3.663337013148540406e-05
1.960000000000000000e+04 -4.500756483792487045e-05
1.960500000000000000e+04 -4.397683761922221301e-05
1.961000000000000000e+04 3.149279705707588829e-05
1.961500000000000000e+04 3.836792968935034585e-05
1.962000000000000000e+04 -1.803951086427719942e-05
1.962500000000000000e+04 -6.346039777556617191e-06
1.963000000000000000e+04 2.262053770330382877e-05
1.963500000000000000e+04 4.559388854190830949e-06
1.964000000000000000e+04 1.507041663664488848e-06
1.964500000000000000e+04 6.401156039591883010e-06
1.965000000000000000e+04 -7.111784290097692344e-06
1.965500000000000000e+04 -1.666205147114504162e-05
1.966000000000000000e+04 -1.376883149769570586e-06
1.966500000000000000e+04 4.333185593816002586e-05
1.967000000000000000e+04 2.981193614498933343e-05
1.967500000000000000e+04 -4.773790915845962414e-05
1.968000000000000000e+04 -2.246291603785269467e-05
1.968500000000000000e+04 6.722299434703824851e-05
1.969000000000000000e+04 3.055015929301287976e-05
1.969500000000000000e+04 -7.023440633107619975e-05
1.970000000000000000e+04 -5.248133882975480912e-05
1.970500000000000000e+04 7.300632748005804365e-05
1.971000000000000000e+04 9.439413317164063039e-05
1.971500000000000000e+04 -5.955274036117289645e-05
1.972000000000000000e+04 -1.024955073665815555e-04
1.972500000000000000e+04 7.213088041215972299e-05
1.973000000000000000e+04 1.219538577463568952e-04
1.973500000000000000e+04 -6.030625625966495179e-05
1.974000000000000000e+04 -1.410877308780112695e-04
1.974500000000000000e+04 3.479420642610551735e-05
1.975000000000000000e+04 1.731283417267061092e-04
1.975500000000000000e+04 5.261494559994336848e-06
1.976000000000000000e+04 -1.801820613978864533e-04
1.976500000000000000e+04 -1.044399872345821772e-05
1.977000000000000000e+04 2.004155241374106498e-04
1.977500000000000000e+04 3.763326458547615186e-05
1.978000000000000000e+04 -2.017556848435892228e-04
1.978500000000000000e+04 -7.907874442543411488e-05
1.979000000000000000e+04 2.024728171854463818e-04
1.979500000000000000e+04 1.345436198958977858e-04
1.980000000000000000e+04 -1.874947543313855945e-04
1.980500000000000000e+04 -1.547282541400658710e-04
1.981000000000000000e+04 1.943300943971509756e-04
1.981500000000000000e+04 1.899711075017253097e-04
1.982000000000000000e+04 -1.708168178537179487e-04
1.982500000000000000e+04 -2.253401563010045902e-04
1.983000000000000000e+04 1.344219812768238142e-04
1.983500000000000000e+04 2.700908647524291801e-04
1.984000000000000000e+04 -8.739626043580423084e-05
1.984500000000000000e+04 -2.877593030435135761e-04
1.985000000000000000e+04 7.172964079005191050e-05
1.985500000000000000e+04 3.174597057651262159e-04
1.986000000000000000e+04 -2.660839722911768852e-05
1.986500000000000000e+04 -3.265415697148918157e-04
1.987000000000000000e+04 -3.268659838188780033e-05
1.987500000000000000e+04 3.347400402334190644e-04
1.988000000000000000e+04 1.010389169386593773e-04
1.988500000000000000e+04 -3.269848346526570463e-04
1.989000000000000000e+04 -1.351112055690211573e-04
1.989500000000000000e+04 3.360822017170230478e-04
1.990000000000000000e+04 1.894751209799368544e-04
1.990500000000000000e+04 -3.095581877927439541e-04
1.991000000000000000e+04 -2.445644395508327551e-04
1.991500000000000000e+04 2.715380861198419312e-04
1.992000000000000000e+04 3.060054716771999921e-04
1.992500000000000000e+04 -2.253769886612126086e-04
1.993000000000000000e+04 -3.395276050874280289e-04
1.993500000000000000e+04 2.049620151037851053e-04
1.994000000000000000e+04 3.852528296746258129e-04
1.994500000000000000e+04 -1.475026060046613673e-04
1.995000000000000000e+04 -4.096732510889309438e-04
1.995500000000000000e+04 7.661010713654997075e-05
1.996000000000000000e+04 4.334283648096325602e-04
1.996500000000000000e+04 -3.772468966310855863e-07
1.997000000000000000e+04 -4.407468252462467162e-04
1.997500000000000000e+04 -4.503568603113977193e-05
1.998000000000000000e+04 4.601036638370984192e-04
1.998500000000000000e+04 1.171531500276502369e-04
1.999000000000000000e+04 -4.399434418155329833e-04
1.999500000000000000e+04 -1.906221467404084719e-04
2.000000000000000000e+04 4.105012975494584529e-04
